employee_id,project_id,role_in_project,start_date,end_date,task_count,performance_score,project_success_score,manager_feedback_score
E00001,P00007,Coordinator,2025-02-01,2025-02-17,1,5.8,5.4,7.1
E00001,P00020,Coordinator,2024-06-16,2024-09-03,2,8.6,9.1,8.5
E00001,P00100,Coordinator,2024-06-03,2024-06-10,1,7.2,7.9,7.8
E00001,P00154,Coordinator,2024-12-14,2024-12-21,1,6.6,7.4,7.5
E00001,P00157,Coordinator,2023-12-17,2024-01-02,1,6.3,7.5,7.4
E00001,P00196,Coordinator,2025-10-16,2025-10-20,1,6.4,6.6,7.4
E00001,P00257,Coordinator,2023-05-02,2023-05-16,1,6.4,6.6,7.4
E00001,P00285,Coordinator,2023-04-12,2023-04-21,1,6.6,7.6,7.5
E00001,P00340,Coordinator,2024-07-20,2024-07-30,1,5.5,5.0,7.0
E00001,P00376,Coordinator,2026-02-18,2026-02-23,1,7.2,7.4,7.8
E00001,P00377,Coordinator,2024-03-19,2024-03-21,1,5.5,5.0,7.0
E00001,P00413,Coordinator,2023-06-18,2023-06-21,1,6.3,6.9,7.4
E00001,P00482,Coordinator,2023-09-19,2023-09-24,1,6.6,6.3,7.5
E00001,P00553,Coordinator,2025-02-04,2025-02-08,1,8.0,8.6,8.2
E00001,P00611,Coordinator,2024-05-23,2024-06-06,1,7.5,8.8,8.0
E00001,P00628,Coordinator,2023-11-15,2023-11-26,1,6.8,7.2,7.6
E00001,P00684,Coordinator,2024-05-03,2024-05-14,1,7.0,7.0,7.7
E00001,P00698,Coordinator,2024-09-20,2024-10-04,1,7.1,8.2,7.8
E00001,P00700,Coordinator,2024-07-12,2024-07-23,1,6.2,7.2,7.3
E00001,P00740,Coordinator,2026-03-05,2026-04-01,1,5.5,5.0,7.0
E00001,P00785,Coordinator,2025-07-25,2025-07-30,1,8.4,9.7,8.4
E00001,P00875,Coordinator,2025-05-17,2025-05-19,1,8.4,9.7,8.4
E00002,P00058,Contributor,2025-06-13,2025-07-07,1,6.0,5.9,6.9
E00002,P00629,Contributor,2026-02-16,2026-03-03,1,6.0,7.1,6.9
E00002,P00645,Contributor,2025-08-29,2025-09-11,1,5.7,5.2,6.8
E00002,P00816,Contributor,2025-11-18,2025-12-02,1,5.5,5.0,6.6
E00003,P00068,Contributor,2026-03-18,2026-04-15,1,6.7,7.7,7.6
E00003,P00083,Contributor,2023-09-19,2023-09-23,1,5.5,5.0,7.0
E00003,P00113,Contributor,2024-01-18,2024-01-26,1,8.0,9.3,8.3
E00003,P00134,Contributor,2026-03-28,2026-04-21,1,7.2,8.5,7.9
E00003,P00153,Contributor,2024-12-12,2024-12-27,1,6.8,8.1,7.7
E00003,P00247,Contributor,2025-10-22,2025-11-02,1,7.7,9.0,8.2
E00003,P00272,Contributor,2025-10-22,2025-11-02,1,5.5,5.0,7.0
E00003,P00297,Contributor,2025-06-25,2025-06-29,1,6.3,7.6,7.4
E00003,P00301,Contributor,2023-05-17,2023-05-23,1,7.1,8.4,7.8
E00003,P00345,Contributor,2023-11-23,2023-12-06,1,5.6,5.8,7.1
E00003,P00359,Contributor,2026-01-08,2026-01-19,1,7.0,7.0,7.8
E00003,P00383,Contributor,2024-02-07,2024-02-09,1,6.8,8.2,7.7
E00003,P00452,Contributor,2024-01-08,2024-01-20,1,5.5,5.0,7.0
E00003,P00523,Contributor,2025-12-28,2025-12-31,1,5.5,5.0,7.0
E00003,P00632,Contributor,2026-03-16,2026-03-03,1,6.0,7.4,7.3
E00003,P00680,Contributor,2025-01-13,2025-01-20,1,5.5,5.0,7.0
E00003,P00696,Contributor,2025-10-01,2025-10-06,1,7.1,8.1,7.8
E00003,P00723,Contributor,2023-02-19,2023-03-16,2,6.4,6.2,7.5
E00003,P00736,Contributor,2025-09-25,2025-09-29,1,5.7,5.2,7.2
E00003,P00749,Contributor,2026-03-22,2026-03-25,1,7.2,6.2,7.9
E00003,P00759,Contributor,2026-03-25,2026-04-03,1,6.1,7.2,7.4
E00003,P00770,Contributor,2024-11-26,2024-12-09,1,6.9,8.2,7.8
E00003,P00823,Contributor,2025-03-15,2025-03-24,1,8.0,9.3,8.3
E00003,P00839,Contributor,2026-01-20,2026-01-28,1,7.0,7.8,7.8
E00004,P00076,Project Team Member,2025-11-14,2025-11-27,1,6.3,6.4,7.8
E00004,P00105,Project Team Member,2024-01-09,2024-03-19,2,7.6,8.2,8.5
E00004,P00113,Project Team Member,2024-11-02,2024-11-12,1,7.2,8.4,8.3
E00004,P00115,Project Team Member,2024-12-28,2025-01-05,1,8.0,9.3,8.7
E00004,P00171,Project Team Member,2024-06-26,2024-07-07,1,6.3,6.2,7.8
E00004,P00227,Project Team Member,2026-03-07,2026-03-22,1,5.6,5.2,7.5
E00004,P00521,Project Team Member,2023-09-02,2023-09-06,1,8.0,9.3,8.7
E00004,P00723,Project Team Member,2023-07-29,2023-08-13,1,6.5,7.5,8.0
E00004,P00746,Project Team Member,2025-12-23,2026-01-20,1,5.5,5.0,7.4
E00004,P00750,Project Team Member,2026-01-06,2026-01-20,1,6.2,7.1,7.8
E00004,P00763,Project Team Member,2026-03-20,2026-04-01,1,6.8,7.2,8.1
E00004,P00860,Project Team Member,2026-02-09,2026-02-18,1,7.7,8.3,8.6
E00005,P00006,Project Team Member,2024-10-02,2024-10-06,1,5.5,5.7,6.6
E00005,P00007,Project Team Member,2024-12-06,2024-12-19,1,5.5,5.0,6.6
E00005,P00011,Project Team Member,2024-07-02,2024-07-13,1,7.2,6.2,7.5
E00005,P00016,Project Team Member,2024-10-31,2024-11-12,1,6.6,6.8,7.2
E00005,P00020,Project Team Member,2024-08-31,2024-09-11,1,5.5,5.0,6.6
E00005,P00078,Project Team Member,2024-05-02,2024-05-31,1,7.0,8.4,7.4
E00005,P00081,Project Team Member,2025-02-04,2025-02-14,1,8.5,9.1,8.2
E00005,P00128,Project Team Member,2023-08-25,2023-09-04,1,5.5,5.0,6.6
E00005,P00143,Project Team Member,2025-01-11,2025-01-16,1,5.5,5.3,6.6
E00005,P00151,Project Team Member,2025-12-30,2026-01-05,1,7.8,9.2,7.8
E00005,P00164,Project Team Member,2024-03-21,2024-04-05,1,5.5,5.1,6.6
E00005,P00189,Project Team Member,2025-02-08,2025-02-18,1,5.5,5.0,6.6
E00005,P00220,Project Team Member,2023-09-30,2023-10-25,1,6.3,6.4,7.0
E00005,P00238,Project Team Member,2024-03-05,2024-04-03,1,7.0,7.1,7.4
E00005,P00245,Project Team Member,2025-08-01,2025-08-18,2,7.2,7.8,7.5
E00005,P00269,Project Team Member,2023-12-30,2024-01-24,1,7.2,7.9,7.5
E00005,P00294,Project Team Member,2024-07-26,2024-08-01,1,5.7,6.3,6.8
E00005,P00299,Project Team Member,2025-02-11,2025-02-15,1,9.5,9.7,8.6
E00005,P00316,Project Team Member,2023-06-20,2023-07-08,1,7.5,8.4,7.6
E00005,P00318,Project Team Member,2024-03-07,2024-03-14,1,6.7,7.3,7.2
E00005,P00323,Project Team Member,2025-10-05,2025-10-07,1,5.5,5.0,6.6
E00005,P00328,Project Team Member,2025-02-03,2025-02-11,1,6.6,8.0,7.2
E00005,P00338,Project Team Member,2023-11-22,2023-11-29,1,7.3,8.6,7.6
E00005,P00374,Project Team Member,2025-08-27,2025-09-10,1,7.3,7.3,7.6
E00005,P00394,Project Team Member,2024-05-13,2024-05-20,1,7.2,8.5,7.5
E00005,P00396,Project Team Member,2025-10-23,2025-10-26,1,8.0,9.3,7.9
E00005,P00399,Project Team Member,2023-11-10,2023-11-13,1,7.6,8.9,7.7
E00005,P00433,Project Team Member,2025-02-12,2025-02-15,1,5.5,5.5,6.6
E00005,P00434,Project Team Member,2025-04-10,2025-04-14,1,7.0,8.2,7.4
E00005,P00516,Project Team Member,2024-10-06,2024-10-21,1,7.4,8.3,7.6
E00005,P00627,Project Team Member,2024-07-29,2024-08-13,1,5.5,5.0,6.6
E00005,P00643,Project Team Member,2025-07-15,2025-08-06,1,9.7,9.7,8.8
E00005,P00657,Project Team Member,2026-02-05,2026-02-18,1,6.7,8.1,7.2
E00005,P00825,Project Team Member,2026-04-12,2026-04-20,1,8.0,9.4,7.9
E00005,P00826,Project Team Member,2025-05-20,2025-05-24,1,7.0,8.3,7.4
E00005,P00867,Project Team Member,2024-01-09,2024-02-04,1,5.5,5.0,6.6
E00005,P00873,Project Team Member,2024-11-20,2024-12-04,1,5.5,5.0,6.6
E00005,P00888,Project Team Member,2026-03-18,2026-03-28,1,5.5,5.0,6.6
E00006,P00010,Project Team Member,2023-10-12,2023-11-14,2,6.8,6.3,7.3
E00006,P00015,Project Team Member,2026-02-14,2026-02-23,1,6.6,7.9,7.2
E00006,P00058,Project Team Member,2025-05-12,2025-05-25,1,6.6,7.5,7.2
E00006,P00060,Project Team Member,2025-03-11,2025-03-22,1,7.0,7.7,7.4
E00006,P00065,Project Team Member,2024-10-29,2024-10-31,1,9.1,9.7,8.4
E00006,P00074,Project Team Member,2026-02-08,2026-02-20,1,6.8,8.1,7.3
E00006,P00091,Project Team Member,2026-01-01,2026-01-03,1,7.2,8.6,7.5
E00006,P00103,Project Team Member,2024-06-02,2024-06-13,1,7.2,6.2,7.5
E00006,P00110,Project Team Member,2024-01-13,2024-01-24,1,7.2,8.2,7.5
E00006,P00130,Project Team Member,2025-12-27,2026-01-05,1,8.4,9.7,8.1
E00006,P00148,Project Team Member,2024-04-19,2024-04-25,1,8.0,9.3,7.9
E00006,P00182,Project Team Member,2023-12-12,2023-12-27,1,5.5,5.1,6.6
E00006,P00190,Project Team Member,2023-06-25,2023-07-09,1,5.5,5.0,6.6
E00006,P00200,Project Team Member,2025-03-24,2025-03-28,1,6.6,7.9,7.2
E00006,P00202,Project Team Member,2024-05-16,2024-10-10,2,7.3,7.7,7.6
E00006,P00227,Project Team Member,2026-03-13,2026-04-07,1,7.0,8.3,7.4
E00006,P00239,Project Team Member,2024-05-19,2024-06-02,1,7.4,8.3,7.6
E00006,P00246,Project Team Member,2025-09-10,2025-09-22,1,5.5,5.0,6.6
E00006,P00254,Project Team Member,2024-02-06,2024-02-13,1,5.5,5.0,6.6
E00006,P00261,Project Team Member,2024-10-08,2024-10-12,1,6.9,6.5,7.4
E00006,P00266,Project Team Member,2023-06-15,2023-06-20,1,5.5,5.0,6.6
E00006,P00272,Project Team Member,2025-10-28,2025-11-16,1,7.5,8.6,7.6
E00006,P00274,Project Team Member,2024-08-24,2024-12-30,2,6.7,7.4,7.2
E00006,P00285,Project Team Member,2023-03-09,2023-03-13,1,7.2,6.2,7.5
E00006,P00310,Project Team Member,2023-06-19,2023-06-22,1,7.0,8.1,7.4
E00006,P00314,Project Team Member,2025-08-11,2025-08-19,1,5.5,5.0,6.6
E00006,P00327,Project Team Member,2025-11-11,2025-11-22,1,8.0,9.4,7.9
E00006,P00338,Project Team Member,2023-10-12,2023-10-16,1,8.7,8.9,8.2
E00006,P00351,Project Team Member,2025-05-17,2025-05-22,1,7.6,8.7,7.7
E00006,P00376,Project Team Member,2025-10-19,2025-11-01,1,8.0,9.3,7.9
E00006,P00430,Project Team Member,2025-11-16,2025-11-20,1,6.7,7.0,7.2
E00006,P00433,Project Team Member,2024-12-09,2024-12-17,1,6.5,6.2,7.2
E00006,P00447,Project Team Member,2023-07-04,2023-07-27,1,7.0,6.4,7.4
E00006,P00451,Project Team Member,2025-12-29,2025-12-31,1,6.6,6.4,7.2
E00006,P00479,Project Team Member,2025-07-05,2025-07-10,1,5.5,5.0,6.6
E00006,P00499,Project Team Member,2025-03-24,2025-04-01,1,7.0,8.2,7.4
E00006,P00526,Project Team Member,2025-09-06,2025-09-18,1,7.1,8.4,7.4
E00006,P00542,Project Team Member,2023-09-24,2023-10-11,1,8.0,9.3,7.9
E00006,P00566,Project Team Member,2024-11-08,2024-11-12,1,7.0,8.3,7.4
E00006,P00583,Project Team Member,2026-03-22,2026-03-26,1,5.5,5.0,6.6
E00006,P00587,Project Team Member,2024-01-11,2024-01-15,1,7.4,8.5,7.6
E00006,P00588,Project Team Member,2026-03-24,2026-04-03,1,6.4,7.0,7.1
E00006,P00590,Project Team Member,2026-02-08,2026-02-14,1,7.5,8.5,7.6
E00006,P00594,Project Team Member,2024-08-06,2024-08-08,1,7.1,7.8,7.4
E00006,P00596,Project Team Member,2024-09-29,2024-10-10,1,6.2,5.5,7.0
E00006,P00602,Project Team Member,2024-04-28,2024-05-09,1,7.3,8.6,7.6
E00006,P00627,Project Team Member,2023-10-29,2023-11-02,1,8.2,9.2,8.0
E00006,P00651,Project Team Member,2026-01-21,2026-02-16,2,7.7,7.8,7.8
E00006,P00666,Project Team Member,2023-12-14,2023-12-22,1,7.5,6.9,7.6
E00006,P00682,Project Team Member,2024-03-14,2024-03-23,1,7.8,9.0,7.8
E00006,P00699,Project Team Member,2025-01-05,2025-01-15,1,7.5,8.8,7.6
E00006,P00719,Project Team Member,2025-09-26,2025-10-13,1,5.5,5.0,6.6
E00006,P00737,Project Team Member,2024-08-22,2024-08-26,1,5.5,5.0,6.6
E00006,P00781,Project Team Member,2024-12-08,2024-12-10,1,6.0,5.8,6.9
E00006,P00784,Project Team Member,2025-09-15,2025-10-05,1,6.6,8.0,7.2
E00006,P00786,Project Team Member,2026-02-24,2026-03-08,1,8.5,9.1,8.2
E00006,P00790,Project Team Member,2025-07-10,2025-07-17,1,8.7,8.9,8.2
E00006,P00801,Project Team Member,2024-09-03,2024-09-11,1,5.5,5.0,6.6
E00006,P00821,Project Team Member,2023-12-13,2023-12-27,1,6.9,7.9,7.4
E00006,P00827,Project Team Member,2025-01-19,2025-02-03,1,7.6,8.6,7.7
E00006,P00833,Project Team Member,2025-08-04,2025-08-18,1,7.8,9.1,7.8
E00006,P00835,Project Team Member,2024-08-30,2024-09-06,1,6.4,7.7,7.1
E00006,P00836,Project Team Member,2025-10-08,2025-10-11,1,7.4,8.4,7.6
E00006,P00837,Project Team Member,2024-03-22,2024-03-27,1,6.5,5.5,7.2
E00006,P00838,Project Team Member,2024-08-27,2024-09-05,1,5.9,5.0,6.8
E00006,P00865,Project Team Member,2023-03-05,2023-03-09,1,5.5,5.0,6.6
E00006,P00874,Project Team Member,2024-01-27,2024-01-29,1,5.5,5.0,6.6
E00006,P00882,Project Team Member,2023-12-05,2023-12-15,1,7.2,6.2,7.5
E00006,P00894,Project Team Member,2025-10-05,2025-10-07,1,8.0,9.4,7.9
E00006,P00897,Project Team Member,2024-12-30,2025-01-10,1,5.5,5.0,6.6
E00007,P00009,Contributor,2024-02-11,2024-02-17,1,7.4,8.6,8.4
E00007,P00014,Contributor,2024-04-20,2025-02-20,2,7.2,7.1,8.3
E00007,P00052,Contributor,2023-08-23,2023-08-31,1,5.5,5.0,7.4
E00007,P00062,Contributor,2025-04-22,2025-05-03,1,5.9,5.2,7.6
E00007,P00068,Contributor,2026-03-20,2026-03-28,1,8.4,9.7,8.9
E00007,P00084,Contributor,2023-05-09,2023-05-14,1,5.5,6.1,7.4
E00007,P00116,Contributor,2025-03-23,2025-04-02,1,5.5,5.0,7.4
E00007,P00122,Contributor,2025-03-26,2025-04-04,1,7.9,7.9,8.6
E00007,P00162,Contributor,2026-01-22,2026-01-30,1,8.0,9.3,8.7
E00007,P00166,Contributor,2024-03-11,2024-03-15,1,5.9,5.7,7.6
E00007,P00227,Contributor,2026-03-14,2026-03-27,1,5.5,5.0,7.4
E00007,P00233,Contributor,2025-12-25,2025-12-30,1,7.4,8.6,8.4
E00007,P00272,Contributor,2025-05-19,2025-05-24,1,6.1,6.4,7.8
E00007,P00340,Contributor,2024-06-05,2024-06-11,1,6.8,8.1,8.1
E00007,P00350,Contributor,2026-02-05,2026-02-13,1,5.9,5.2,7.6
E00007,P00352,Contributor,2023-08-13,2023-08-24,1,5.5,5.3,7.4
E00007,P00366,Contributor,2024-01-24,2024-02-05,1,6.3,6.5,7.8
E00007,P00431,Contributor,2025-12-29,2025-12-31,1,6.8,7.7,8.1
E00007,P00459,Contributor,2025-03-20,2025-03-23,1,7.9,8.9,8.6
E00007,P00464,Contributor,2026-04-10,2026-02-27,1,7.5,8.7,8.4
E00007,P00486,Contributor,2023-03-16,2023-03-27,1,6.6,6.0,8.0
E00007,P00499,Contributor,2025-11-01,2025-11-12,1,5.5,5.0,7.4
E00007,P00508,Contributor,2024-02-21,2024-02-28,1,5.8,6.2,7.6
E00007,P00523,Contributor,2025-10-21,2025-11-02,1,6.4,6.9,7.9
E00007,P00558,Contributor,2023-08-24,2023-09-02,1,7.2,8.2,8.3
E00007,P00628,Contributor,2023-10-05,2023-10-16,1,7.0,7.0,8.2
E00007,P00694,Contributor,2024-04-09,2024-04-23,1,6.7,6.6,8.0
E00007,P00696,Contributor,2025-09-05,2025-09-20,1,7.2,6.2,8.3
E00007,P00736,Contributor,2025-06-24,2025-06-27,1,7.1,8.4,8.2
E00007,P00840,Contributor,2023-07-04,2023-07-06,1,7.6,8.9,8.5
E00007,P00846,Contributor,2023-06-20,2023-07-18,1,5.5,5.0,7.4
E00007,P00870,Contributor,2023-07-16,2023-07-20,1,8.0,9.3,8.7
E00007,P00890,Contributor,2024-03-25,2024-04-04,1,7.0,7.8,8.2
E00008,P00002,Project Team Member,2025-08-24,2025-09-03,1,5.5,5.0,7.0
E00008,P00005,Project Team Member,2023-11-22,2023-11-27,1,7.5,8.3,8.0
E00008,P00007,Project Team Member,2025-02-15,2025-02-26,1,7.2,8.2,7.9
E00008,P00010,Project Team Member,2023-10-04,2023-10-11,1,7.6,8.8,8.1
E00008,P00023,Project Team Member,2024-07-24,2024-08-22,1,7.5,8.5,8.0
E00008,P00038,Project Team Member,2024-11-12,2024-11-27,1,5.5,5.0,7.0
E00008,P00050,Project Team Member,2025-11-22,2025-12-03,1,7.0,8.3,7.8
E00008,P00064,Project Team Member,2025-09-01,2025-09-11,1,6.7,6.9,7.6
E00008,P00067,Project Team Member,2025-09-09,2025-09-18,1,9.0,9.7,8.8
E00008,P00071,Project Team Member,2023-11-08,2023-11-17,1,5.5,5.0,7.0
E00008,P00074,Project Team Member,2026-02-02,2026-02-06,1,7.4,8.3,8.0
E00008,P00098,Project Team Member,2024-10-27,2024-11-09,1,6.0,6.3,7.3
E00008,P00100,Project Team Member,2024-06-03,2024-06-23,1,5.5,5.6,7.0
E00008,P00190,Project Team Member,2023-07-24,2023-08-02,1,5.6,5.5,7.1
E00008,P00203,Project Team Member,2024-11-20,2024-11-30,1,5.9,6.3,7.2
E00008,P00215,Project Team Member,2025-09-11,2025-09-25,1,8.0,9.4,8.3
E00008,P00220,Project Team Member,2023-09-14,2023-09-28,1,5.5,5.0,7.0
E00008,P00258,Project Team Member,2024-02-21,2024-02-26,1,6.9,7.6,7.8
E00008,P00287,Project Team Member,2025-06-30,2025-07-10,1,6.8,8.2,7.7
E00008,P00304,Project Team Member,2025-08-23,2025-08-27,1,8.3,8.8,8.4
E00008,P00319,Project Team Member,2024-07-21,2024-07-26,1,7.4,8.2,8.0
E00008,P00324,Project Team Member,2024-09-17,2024-09-27,1,7.0,8.1,7.8
E00008,P00325,Project Team Member,2026-04-15,2026-04-25,1,6.5,5.5,7.6
E00008,P00376,Project Team Member,2025-12-02,2025-12-13,1,5.5,5.4,7.0
E00008,P00378,Project Team Member,2025-01-13,2025-01-24,1,6.7,6.4,7.6
E00008,P00392,Project Team Member,2023-10-03,2023-10-14,1,6.4,6.5,7.5
E00008,P00498,Project Team Member,2026-02-02,2026-02-04,1,8.0,9.3,8.3
E00008,P00516,Project Team Member,2025-05-12,2025-05-27,1,6.4,6.4,7.5
E00008,P00535,Project Team Member,2026-04-19,2026-04-26,1,7.8,9.2,8.2
E00008,P00557,Project Team Member,2026-03-18,2026-03-18,1,6.3,6.4,7.4
E00008,P00567,Project Team Member,2024-08-14,2024-08-19,1,6.2,7.2,7.4
E00008,P00579,Project Team Member,2024-06-08,2024-06-14,1,7.9,9.2,8.2
E00008,P00623,Project Team Member,2024-03-01,2024-03-24,1,6.0,5.8,7.3
E00008,P00629,Project Team Member,2026-02-04,2026-02-14,1,5.5,5.0,7.0
E00008,P00634,Project Team Member,2025-04-11,2025-04-18,1,8.1,8.7,8.4
E00008,P00639,Project Team Member,2024-05-04,2024-05-12,1,7.8,9.0,8.2
E00008,P00660,Project Team Member,2024-01-07,2024-01-22,1,6.8,7.2,7.7
E00008,P00671,Project Team Member,2023-11-10,2023-11-21,1,6.1,6.0,7.4
E00008,P00683,Project Team Member,2025-05-23,2025-05-27,1,5.5,5.0,7.0
E00008,P00717,Project Team Member,2025-06-20,2025-07-09,1,7.0,7.5,7.8
E00008,P00746,Project Team Member,2025-12-27,2026-01-06,1,5.5,5.0,7.0
E00008,P00811,Project Team Member,2024-08-04,2024-08-15,1,7.4,8.7,8.0
E00008,P00856,Project Team Member,2025-03-01,2025-03-07,1,5.8,5.0,7.2
E00008,P00871,Project Team Member,2024-10-27,2024-10-31,1,5.5,5.0,7.0
E00008,P00877,Project Team Member,2024-04-20,2024-04-27,1,7.2,6.2,7.9
E00008,P00890,Project Team Member,2024-08-05,2024-08-12,1,7.7,8.9,8.2
E00008,P00900,Project Team Member,2026-01-19,2026-02-17,2,6.3,6.5,7.4
E00009,P00027,Coordinator,2025-11-04,2025-11-28,1,5.5,5.0,6.6
E00009,P00042,Coordinator,2024-08-25,2024-09-04,1,6.3,7.1,7.0
E00009,P00048,Coordinator,2025-10-29,2025-11-09,1,6.6,6.8,7.1
E00009,P00070,Coordinator,2023-05-30,2023-06-02,1,7.8,9.1,7.7
E00009,P00072,Coordinator,2025-11-25,2025-12-03,1,7.4,7.0,7.5
E00009,P00098,Coordinator,2024-11-06,2024-11-09,1,5.5,5.0,6.6
E00009,P00126,Coordinator,2025-08-12,2025-08-23,1,6.1,5.9,6.8
E00009,P00140,Coordinator,2025-04-22,2025-04-30,1,6.3,7.6,7.0
E00009,P00183,Coordinator,2023-10-31,2023-11-26,1,8.7,9.7,8.1
E00009,P00211,Coordinator,2025-07-26,2025-08-09,1,8.4,9.7,8.0
E00009,P00265,Coordinator,2025-08-12,2025-08-14,1,7.2,8.5,7.4
E00009,P00266,Coordinator,2023-05-29,2023-06-02,1,8.4,9.7,8.0
E00009,P00267,Coordinator,2024-12-27,2025-01-20,1,6.6,5.6,7.1
E00009,P00282,Coordinator,2023-11-11,2023-11-19,1,5.5,5.0,6.6
E00009,P00307,Coordinator,2025-02-15,2025-02-26,1,8.4,9.7,8.0
E00009,P00337,Coordinator,2023-08-10,2023-08-23,1,5.7,6.0,6.6
E00009,P00407,Coordinator,2024-11-29,2024-12-13,1,5.9,6.3,6.8
E00009,P00427,Coordinator,2024-12-17,2025-01-01,1,7.3,8.5,7.4
E00009,P00433,Coordinator,2025-03-01,2025-03-03,1,7.3,8.6,7.4
E00009,P00446,Coordinator,2025-03-22,2025-03-25,1,6.2,6.9,6.9
E00009,P00470,Coordinator,2023-11-30,2023-12-07,1,7.0,8.2,7.3
E00009,P00471,Coordinator,2023-05-07,2023-05-13,1,7.8,9.2,7.7
E00009,P00490,Coordinator,2025-07-28,2025-08-01,1,6.0,5.7,6.8
E00009,P00507,Coordinator,2025-05-04,2025-05-12,1,5.5,5.0,6.6
E00009,P00575,Coordinator,2024-11-06,2024-11-20,1,8.0,9.4,7.8
E00009,P00588,Coordinator,2026-03-24,2026-04-05,2,6.3,6.3,7.0
E00009,P00602,Coordinator,2024-03-25,2024-04-12,1,5.5,5.0,6.6
E00009,P00623,Coordinator,2024-01-04,2024-01-11,1,6.8,7.8,7.2
E00009,P00636,Coordinator,2024-01-25,2024-02-06,1,5.5,5.0,6.6
E00009,P00637,Coordinator,2024-02-02,2024-06-11,2,7.4,8.1,7.5
E00009,P00651,Coordinator,2025-11-15,2025-11-25,1,6.9,7.7,7.2
E00009,P00652,Coordinator,2024-08-08,2024-08-29,1,5.7,5.5,6.6
E00009,P00656,Coordinator,2025-04-13,2025-07-28,2,6.7,6.1,7.2
E00009,P00664,Coordinator,2024-06-23,2024-07-06,1,6.8,7.7,7.2
E00009,P00697,Coordinator,2025-07-03,2025-07-15,1,5.5,5.0,6.6
E00009,P00704,Coordinator,2025-02-25,2025-03-11,1,9.4,9.7,8.5
E00009,P00710,Coordinator,2025-08-06,2025-08-18,1,5.5,5.0,6.6
E00009,P00712,Coordinator,2026-03-16,2026-03-29,1,5.5,5.0,6.6
E00009,P00716,Coordinator,2024-02-29,2024-03-05,1,5.6,5.2,6.6
E00009,P00721,Coordinator,2026-03-10,2026-03-11,1,7.7,9.0,7.6
E00009,P00723,Coordinator,2023-04-08,2023-04-19,1,5.5,5.0,6.6
E00009,P00749,Coordinator,2026-03-22,2026-04-03,1,6.2,6.2,6.9
E00009,P00757,Coordinator,2025-07-09,2025-07-12,1,7.4,7.8,7.5
E00009,P00772,Coordinator,2024-01-04,2024-01-07,1,8.0,9.3,7.8
E00009,P00801,Coordinator,2024-03-31,2024-04-06,1,5.5,5.0,6.6
E00009,P00804,Coordinator,2024-02-14,2024-02-27,1,6.5,7.9,7.0
E00009,P00817,Coordinator,2025-12-22,2026-01-04,1,5.5,5.0,6.6
E00009,P00826,Coordinator,2025-02-19,2025-02-28,1,7.0,7.7,7.3
E00009,P00837,Coordinator,2024-01-28,2024-02-16,1,5.5,5.0,6.6
E00009,P00857,Coordinator,2025-10-23,2025-10-28,1,6.0,5.8,6.8
E00009,P00858,Coordinator,2025-05-21,2025-06-05,1,5.5,5.3,6.6
E00009,P00880,Coordinator,2025-11-18,2025-11-27,1,7.6,8.6,7.6
E00010,P00051,Project Team Member,2024-09-29,2024-10-08,1,6.2,7.6,7.3
E00010,P00060,Project Team Member,2025-06-09,2025-06-11,1,8.0,9.2,8.2
E00010,P00132,Project Team Member,2023-08-09,2023-08-17,1,7.6,8.5,8.0
E00010,P00156,Project Team Member,2023-09-08,2023-10-28,2,8.1,8.7,8.2
E00010,P00197,Project Team Member,2026-03-18,2026-03-19,1,7.6,8.6,8.0
E00010,P00210,Project Team Member,2024-09-14,2024-09-25,1,5.9,5.0,7.2
E00010,P00234,Project Team Member,2024-09-09,2024-09-14,1,6.4,6.4,7.4
E00010,P00249,Project Team Member,2023-11-29,2023-12-04,1,5.6,5.0,7.0
E00010,P00286,Project Team Member,2025-06-08,2025-06-15,1,7.0,8.3,7.7
E00010,P00371,Project Team Member,2025-04-19,2025-05-19,1,7.0,8.3,7.7
E00010,P00378,Project Team Member,2024-05-05,2024-05-13,1,6.7,6.4,7.6
E00010,P00396,Project Team Member,2025-09-17,2025-09-24,1,8.6,9.6,8.5
E00010,P00485,Project Team Member,2024-01-16,2024-01-27,1,5.5,5.0,7.0
E00010,P00581,Project Team Member,2023-12-18,2023-12-22,1,6.7,6.9,7.6
E00010,P00606,Project Team Member,2024-03-02,2024-03-15,1,5.5,5.0,7.0
E00010,P00637,Project Team Member,2024-02-29,2024-03-03,1,5.5,5.7,7.0
E00010,P00663,Project Team Member,2025-03-01,2025-03-06,1,6.6,7.5,7.5
E00010,P00734,Project Team Member,2024-05-08,2024-05-10,1,5.5,5.0,7.0
E00011,P00072,Contributor,2025-11-01,2025-11-04,1,6.9,7.4,7.2
E00011,P00078,Contributor,2024-06-28,2024-07-14,1,7.4,8.3,7.5
E00011,P00080,Contributor,2026-02-06,2026-02-13,1,5.5,5.0,6.6
E00011,P00093,Contributor,2024-06-16,2024-06-24,1,7.6,8.7,7.6
E00011,P00111,Contributor,2023-09-15,2023-10-08,1,5.5,5.0,6.6
E00011,P00146,Contributor,2025-06-10,2025-06-20,1,6.9,7.8,7.2
E00011,P00196,Contributor,2025-10-26,2025-11-01,1,5.5,5.0,6.6
E00011,P00238,Contributor,2024-03-31,2024-04-04,1,5.9,5.2,6.8
E00011,P00242,Contributor,2023-11-19,2023-11-24,1,5.5,5.0,6.6
E00011,P00265,Contributor,2025-06-11,2025-07-10,1,8.2,9.1,7.9
E00011,P00282,Contributor,2023-10-05,2023-10-20,1,5.5,5.0,6.6
E00011,P00310,Contributor,2023-02-12,2023-02-20,1,6.7,6.9,7.2
E00011,P00363,Contributor,2026-03-07,2026-02-23,1,5.5,5.0,6.6
E00011,P00370,Contributor,2025-02-03,2025-02-05,1,6.2,7.1,6.9
E00011,P00449,Contributor,2025-12-11,2025-12-26,1,7.2,7.4,7.4
E00011,P00480,Contributor,2024-03-17,2024-03-28,1,5.5,5.0,6.6
E00011,P00492,Contributor,2024-07-25,2024-07-28,1,5.7,6.7,6.6
E00011,P00509,Contributor,2026-03-30,2026-02-28,1,7.7,8.8,7.6
E00011,P00553,Contributor,2024-08-19,2024-08-27,1,8.1,9.3,7.8
E00011,P00562,Contributor,2026-04-12,2026-04-27,1,5.5,5.2,6.6
E00011,P00567,Contributor,2023-11-22,2023-12-14,1,6.3,7.6,7.0
E00011,P00575,Contributor,2025-01-03,2025-01-07,1,5.5,5.0,6.6
E00011,P00576,Contributor,2025-03-29,2025-06-12,2,6.0,5.8,6.8
E00011,P00591,Contributor,2023-07-21,2023-07-24,1,6.2,6.4,6.9
E00011,P00629,Contributor,2026-01-22,2026-02-01,1,6.2,6.3,6.9
E00011,P00633,Contributor,2026-03-20,2026-04-01,1,6.5,6.7,7.0
E00011,P00653,Contributor,2026-03-12,2026-03-21,1,7.2,8.3,7.4
E00011,P00684,Contributor,2024-11-19,2024-11-21,1,5.6,5.6,6.6
E00011,P00689,Contributor,2026-02-05,2026-02-07,1,6.7,8.0,7.2
E00011,P00731,Contributor,2023-12-24,2025-01-05,2,7.5,8.3,7.6
E00011,P00779,Contributor,2023-08-20,2023-08-30,1,7.3,8.6,7.4
E00011,P00836,Contributor,2026-03-09,2026-03-22,1,8.4,8.7,8.0
E00011,P00847,Contributor,2023-09-09,2023-09-14,1,5.5,5.2,6.6
E00011,P00890,Contributor,2024-01-30,2024-02-09,1,5.8,6.8,6.7
E00012,P00076,Coordinator,2026-03-02,2026-03-07,1,5.5,5.0,6.6
E00012,P00108,Coordinator,2025-06-11,2025-06-25,1,6.1,6.0,6.8
E00012,P00112,Coordinator,2025-11-25,2025-11-30,1,7.1,8.5,7.4
E00012,P00124,Coordinator,2026-02-03,2026-02-16,1,6.8,8.1,7.2
E00012,P00161,Coordinator,2025-08-06,2025-08-16,1,5.5,5.0,6.6
E00012,P00196,Coordinator,2025-07-06,2025-07-08,1,8.0,9.3,7.8
E00012,P00201,Coordinator,2025-02-07,2025-02-10,1,5.5,5.0,6.6
E00012,P00203,Coordinator,2024-12-26,2024-12-28,1,8.2,9.4,7.9
E00012,P00204,Coordinator,2025-10-07,2025-10-27,1,8.4,8.9,8.0
E00012,P00231,Coordinator,2025-06-20,2025-07-01,1,7.0,8.3,7.3
E00012,P00261,Coordinator,2024-12-16,2025-01-12,1,5.5,5.0,6.6
E00012,P00285,Coordinator,2023-08-01,2023-08-12,1,6.6,7.5,7.1
E00012,P00306,Coordinator,2025-08-29,2025-09-05,1,5.5,5.0,6.6
E00012,P00347,Coordinator,2025-08-31,2025-09-05,1,6.5,7.4,7.0
E00012,P00363,Coordinator,2026-03-07,2026-02-23,1,6.1,7.4,6.8
E00012,P00377,Coordinator,2024-03-17,2024-03-19,1,9.7,9.7,8.6
E00012,P00388,Coordinator,2023-06-30,2023-07-04,1,6.7,6.3,7.2
E00012,P00389,Coordinator,2025-04-13,2025-04-26,1,6.9,7.5,7.2
E00012,P00469,Coordinator,2024-02-17,2024-02-24,1,5.9,5.4,6.8
E00012,P00501,Coordinator,2025-03-12,2025-03-28,1,6.6,7.9,7.1
E00012,P00533,Coordinator,2025-04-14,2025-04-29,1,6.9,6.8,7.2
E00012,P00586,Coordinator,2026-03-08,2026-03-13,1,7.3,8.7,7.4
E00012,P00632,Coordinator,2026-03-16,2026-03-03,1,7.2,8.4,7.4
E00012,P00669,Coordinator,2024-08-23,2024-09-05,1,5.7,5.8,6.6
E00012,P00699,Coordinator,2024-04-22,2024-05-21,1,5.6,5.4,6.6
E00012,P00725,Coordinator,2026-04-13,2026-04-21,1,8.8,9.6,8.2
E00012,P00812,Coordinator,2023-04-07,2023-04-14,1,6.1,5.5,6.8
E00013,P00017,Coordinator,2023-10-24,2023-11-06,1,6.1,6.6,7.2
E00013,P00020,Coordinator,2024-02-15,2024-02-23,1,7.7,8.4,8.0
E00013,P00024,Coordinator,2023-11-12,2023-11-21,1,5.5,5.0,6.8
E00013,P00089,Coordinator,2026-03-03,2026-03-10,1,5.5,5.0,6.8
E00013,P00095,Coordinator,2025-10-20,2025-10-31,1,7.0,6.0,7.6
E00013,P00100,Coordinator,2023-11-29,2023-12-01,1,7.4,8.4,7.8
E00013,P00105,Coordinator,2024-05-07,2024-05-13,1,6.7,7.5,7.4
E00013,P00111,Coordinator,2024-03-02,2024-03-15,1,7.2,8.1,7.7
E00013,P00138,Coordinator,2025-04-03,2025-04-10,1,6.9,8.2,7.6
E00013,P00139,Coordinator,2025-04-20,2025-04-28,1,8.3,8.2,8.2
E00013,P00145,Coordinator,2026-04-06,2026-03-14,1,7.2,6.2,7.7
E00013,P00172,Coordinator,2025-06-03,2025-06-12,1,5.5,5.0,6.8
E00013,P00190,Coordinator,2023-07-17,2023-07-22,1,6.8,8.2,7.5
E00013,P00196,Coordinator,2025-11-14,2025-11-18,1,5.8,5.0,7.0
E00013,P00197,Coordinator,2026-02-10,2026-02-14,1,7.3,8.6,7.8
E00013,P00215,Coordinator,2025-09-17,2025-09-25,1,7.3,8.6,7.8
E00013,P00230,Coordinator,2025-09-05,2025-09-10,1,6.1,6.1,7.2
E00013,P00232,Coordinator,2023-09-03,2023-09-09,1,8.3,9.5,8.2
E00013,P00238,Coordinator,2024-03-14,2024-03-28,1,5.5,5.0,6.8
E00013,P00252,Coordinator,2025-04-27,2025-04-30,1,5.5,5.0,6.8
E00013,P00282,Coordinator,2023-09-01,2023-09-12,1,5.5,5.0,6.8
E00013,P00309,Coordinator,2026-03-03,2026-03-18,1,6.9,8.2,7.6
E00013,P00311,Coordinator,2024-06-07,2024-06-09,1,6.4,7.3,7.3
E00013,P00321,Coordinator,2024-04-07,2024-04-09,1,6.5,6.7,7.4
E00013,P00358,Coordinator,2025-01-05,2025-01-08,1,5.5,5.0,6.8
E00013,P00374,Coordinator,2025-11-11,2025-11-22,1,5.5,5.0,6.8
E00013,P00397,Coordinator,2023-05-26,2023-06-06,1,9.7,9.7,9.0
E00013,P00406,Coordinator,2024-04-15,2024-04-24,1,5.8,5.0,7.0
E00013,P00421,Coordinator,2024-01-29,2024-02-03,1,6.4,7.0,7.3
E00013,P00429,Coordinator,2026-01-07,2026-01-11,1,5.5,5.0,6.8
E00013,P00432,Coordinator,2024-08-07,2024-08-20,1,5.5,5.3,6.8
E00013,P00471,Coordinator,2023-12-12,2023-12-15,1,8.3,9.4,8.2
E00013,P00488,Coordinator,2023-04-26,2023-04-29,1,7.4,8.2,7.8
E00013,P00518,Coordinator,2023-08-22,2023-08-28,1,8.4,8.3,8.3
E00013,P00530,Coordinator,2026-01-09,2026-01-13,1,6.4,7.0,7.3
E00013,P00538,Coordinator,2025-08-05,2025-08-18,1,5.5,5.3,6.8
E00013,P00567,Coordinator,2024-10-11,2024-10-18,1,5.5,5.0,6.8
E00013,P00602,Coordinator,2024-03-08,2024-03-11,1,6.8,8.1,7.5
E00013,P00627,Coordinator,2025-01-09,2025-01-16,1,6.8,8.1,7.5
E00013,P00631,Coordinator,2024-09-26,2024-10-11,1,8.1,7.9,8.1
E00013,P00650,Coordinator,2024-11-24,2024-12-05,1,5.5,5.0,6.8
E00013,P00681,Coordinator,2026-02-25,2026-03-17,1,8.0,9.3,8.1
E00013,P00687,Coordinator,2025-01-21,2025-01-30,1,5.5,5.0,6.8
E00013,P00706,Coordinator,2024-02-17,2024-03-02,1,7.3,8.6,7.8
E00013,P00784,Coordinator,2025-09-10,2025-10-07,2,7.7,8.4,8.0
E00013,P00800,Coordinator,2025-11-08,2025-11-26,1,7.6,8.9,7.9
E00013,P00804,Coordinator,2024-03-28,2024-04-10,1,7.5,8.0,7.8
E00013,P00812,Coordinator,2023-02-18,2023-03-05,1,8.0,9.3,8.1
E00013,P00818,Coordinator,2023-11-04,2023-11-07,1,7.5,8.3,7.8
E00013,P00829,Coordinator,2023-12-11,2024-01-08,1,7.1,8.4,7.6
E00013,P00850,Coordinator,2026-01-21,2026-01-23,1,6.7,7.0,7.4
E00013,P00858,Coordinator,2025-08-31,2025-09-15,1,7.2,8.4,7.7
E00013,P00868,Coordinator,2025-06-07,2025-06-20,1,6.1,6.7,7.2
E00014,P00005,Contributor,2024-03-09,2024-03-12,1,9.3,9.7,7.8
E00014,P00023,Contributor,2024-01-21,2024-01-24,1,5.7,5.0,6.0
E00014,P00087,Contributor,2025-11-07,2025-11-13,1,9.0,9.7,7.6
E00014,P00089,Contributor,2025-12-11,2025-12-18,1,7.5,8.8,6.8
E00014,P00124,Contributor,2026-02-15,2026-02-25,1,5.5,5.0,5.8
E00014,P00136,Contributor,2024-06-27,2024-07-01,1,5.5,5.0,5.8
E00014,P00151,Contributor,2026-03-12,2026-04-10,1,5.8,5.5,6.0
E00014,P00188,Contributor,2025-12-31,2026-01-24,1,5.5,5.0,5.8
E00014,P00199,Contributor,2025-08-13,2025-08-21,1,6.0,6.8,6.1
E00014,P00212,Contributor,2025-02-07,2025-02-22,1,7.6,7.7,6.9
E00014,P00230,Contributor,2025-06-24,2025-07-08,1,8.9,9.7,7.6
E00014,P00240,Contributor,2023-10-14,2023-10-20,1,6.5,7.8,6.4
E00014,P00306,Contributor,2025-07-28,2025-08-19,1,6.0,6.3,6.1
E00014,P00318,Contributor,2023-09-14,2023-09-19,1,5.5,5.0,5.8
E00014,P00370,Contributor,2025-06-23,2025-06-30,1,7.2,7.8,6.7
E00014,P00374,Contributor,2025-09-13,2025-09-25,1,7.2,8.5,6.7
E00014,P00388,Contributor,2023-07-12,2023-07-16,1,6.2,6.6,6.2
E00014,P00401,Contributor,2023-09-06,2023-09-12,1,7.4,8.7,6.8
E00014,P00405,Contributor,2025-06-17,2025-06-24,1,7.5,8.3,6.8
E00014,P00415,Contributor,2024-05-10,2024-05-28,1,8.0,9.4,7.1
E00014,P00459,Contributor,2025-01-21,2025-01-26,1,5.5,5.0,5.8
E00014,P00474,Contributor,2025-12-30,2026-01-24,1,8.1,8.4,7.2
E00014,P00487,Contributor,2023-02-13,2023-03-10,1,7.2,6.2,6.7
E00014,P00499,Contributor,2025-03-28,2025-04-02,1,7.2,6.2,6.7
E00014,P00513,Contributor,2025-11-04,2025-11-19,1,8.8,9.4,7.5
E00014,P00587,Contributor,2024-02-04,2024-02-17,1,7.7,8.4,7.0
E00014,P00591,Contributor,2023-12-03,2023-12-05,1,6.3,6.3,6.2
E00014,P00612,Contributor,2023-05-27,2023-05-31,1,9.7,9.7,8.0
E00014,P00653,Contributor,2026-02-25,2026-03-06,1,5.5,5.0,5.8
E00014,P00664,Contributor,2025-03-30,2025-04-22,1,6.1,5.6,6.2
E00014,P00684,Contributor,2024-09-10,2024-09-13,1,7.6,7.1,6.9
E00014,P00727,Contributor,2024-03-03,2024-03-14,1,5.5,5.0,5.8
E00014,P00741,Contributor,2025-04-15,2025-04-18,1,7.3,8.7,6.8
E00014,P00793,Contributor,2025-12-13,2026-01-13,2,8.0,8.6,7.1
E00014,P00805,Contributor,2025-03-16,2025-03-20,1,6.9,8.2,6.6
E00014,P00806,Contributor,2025-10-13,2025-11-03,1,5.9,5.2,6.1
E00014,P00825,Contributor,2026-04-12,2026-04-24,1,7.6,8.5,6.9
E00014,P00829,Contributor,2023-10-08,2023-10-20,1,7.2,8.5,6.7
E00014,P00838,Contributor,2024-09-06,2024-09-15,1,6.7,8.0,6.4
E00014,P00839,Contributor,2025-11-12,2025-11-14,1,5.9,5.2,6.1
E00014,P00858,Contributor,2025-08-25,2025-09-03,1,6.6,6.8,6.4
E00014,P00873,Contributor,2025-08-21,2025-08-26,1,8.3,9.5,7.2
E00015,P00008,Project Team Member,2025-02-11,2025-02-15,1,5.5,5.1,6.0
E00015,P00027,Project Team Member,2025-12-31,2026-01-05,1,6.8,7.8,6.6
E00015,P00033,Project Team Member,2024-06-24,2024-07-14,1,7.0,7.7,6.7
E00015,P00052,Project Team Member,2024-03-30,2024-04-29,1,7.1,8.4,6.8
E00015,P00059,Project Team Member,2023-11-17,2023-11-27,1,8.5,9.2,7.4
E00015,P00066,Project Team Member,2024-10-17,2024-10-25,1,8.4,9.7,7.4
E00015,P00088,Project Team Member,2024-10-05,2024-10-16,1,5.5,5.0,6.0
E00015,P00103,Project Team Member,2024-06-05,2024-06-14,1,5.6,5.0,6.0
E00015,P00140,Project Team Member,2024-10-04,2024-10-08,1,5.5,5.0,6.0
E00015,P00144,Project Team Member,2024-09-20,2024-09-28,1,7.8,9.0,7.1
E00015,P00160,Project Team Member,2024-04-11,2024-04-20,1,5.8,5.3,6.1
E00015,P00168,Project Team Member,2023-02-12,2023-02-17,1,7.1,8.1,6.8
E00015,P00176,Project Team Member,2025-03-24,2025-04-15,1,7.9,8.5,7.2
E00015,P00204,Project Team Member,2026-02-12,2026-02-16,1,5.5,5.0,6.0
E00015,P00205,Project Team Member,2025-04-04,2025-04-11,1,5.9,5.6,6.2
E00015,P00215,Project Team Member,2025-12-21,2026-01-01,1,5.5,5.0,6.0
E00015,P00220,Project Team Member,2023-08-04,2023-08-15,1,6.0,6.9,6.2
E00015,P00233,Project Team Member,2026-01-18,2026-01-23,1,6.4,7.1,6.4
E00015,P00244,Project Team Member,2026-04-11,2026-03-02,1,8.0,9.4,7.2
E00015,P00248,Project Team Member,2026-01-21,2026-01-24,1,6.4,7.0,6.4
E00015,P00252,Project Team Member,2025-06-10,2025-06-12,1,6.0,6.9,6.2
E00015,P00263,Project Team Member,2024-04-09,2024-04-18,1,7.5,8.4,7.0
E00015,P00287,Project Team Member,2025-10-21,2025-11-01,1,8.0,8.9,7.2
E00015,P00347,Project Team Member,2026-03-09,2026-04-03,1,7.5,8.3,7.0
E00015,P00403,Project Team Member,2024-05-05,2024-05-12,1,7.4,7.4,6.9
E00015,P00412,Project Team Member,2025-07-22,2025-07-26,1,7.7,8.7,7.0
E00015,P00421,Project Team Member,2023-11-16,2023-11-21,1,5.5,5.0,6.0
E00015,P00458,Project Team Member,2026-03-02,2026-03-18,2,6.5,6.6,6.4
E00015,P00460,Project Team Member,2025-05-14,2025-05-17,1,8.3,9.3,7.4
E00015,P00461,Project Team Member,2023-05-21,2023-06-03,1,5.5,5.0,6.0
E00015,P00462,Project Team Member,2025-07-01,2025-07-08,1,8.0,9.4,7.2
E00015,P00479,Project Team Member,2025-07-23,2025-07-29,1,7.5,8.5,7.0
E00015,P00513,Project Team Member,2025-09-29,2025-10-12,1,7.0,7.4,6.7
E00015,P00514,Project Team Member,2024-09-27,2024-10-27,1,5.7,5.8,6.1
E00015,P00521,Project Team Member,2023-06-29,2023-07-06,1,6.6,7.0,6.5
E00015,P00537,Project Team Member,2024-07-14,2024-07-20,1,7.8,9.0,7.1
E00015,P00553,Project Team Member,2024-09-07,2025-06-12,2,7.5,7.3,7.0
E00015,P00559,Project Team Member,2025-07-02,2025-07-08,1,7.1,6.1,6.8
E00015,P00609,Project Team Member,2023-11-15,2023-11-29,1,7.3,8.5,6.8
E00015,P00613,Project Team Member,2026-03-30,2026-04-15,1,5.5,5.0,6.0
E00015,P00644,Project Team Member,2025-02-06,2025-02-08,1,6.1,5.9,6.2
E00015,P00654,Project Team Member,2026-03-09,2026-03-17,1,5.5,5.0,6.0
E00015,P00687,Project Team Member,2025-04-12,2025-04-28,1,9.1,9.7,7.8
E00015,P00696,Project Team Member,2025-08-01,2025-08-07,1,8.0,9.3,7.2
E00015,P00719,Project Team Member,2025-10-18,2025-10-28,1,5.5,5.0,6.0
E00015,P00726,Project Team Member,2024-07-17,2024-07-31,1,6.6,6.4,6.5
E00015,P00745,Project Team Member,2025-12-17,2025-12-31,1,6.6,6.8,6.5
E00015,P00761,Project Team Member,2026-01-28,2026-02-02,1,8.8,9.3,7.6
E00015,P00772,Project Team Member,2024-09-16,2024-09-19,1,7.4,8.6,6.9
E00015,P00773,Project Team Member,2025-04-06,2025-04-14,1,7.5,8.4,7.0
E00015,P00787,Project Team Member,2026-04-03,2026-04-06,1,7.6,8.6,7.0
E00015,P00788,Project Team Member,2024-09-13,2024-09-26,1,9.0,9.5,7.7
E00015,P00801,Project Team Member,2024-09-20,2024-09-27,1,6.2,6.2,6.3
E00015,P00807,Project Team Member,2024-02-10,2024-02-21,1,6.8,8.1,6.6
E00015,P00813,Project Team Member,2024-09-18,2024-10-13,1,6.4,6.6,6.4
E00015,P00830,Project Team Member,2025-12-13,2026-01-05,2,6.3,5.9,6.4
E00015,P00832,Project Team Member,2025-10-10,2025-10-21,1,7.2,8.1,6.8
E00015,P00836,Project Team Member,2025-11-18,2025-11-26,1,7.5,8.8,7.0
E00015,P00842,Project Team Member,2024-02-22,2024-03-03,1,5.8,5.0,6.1
E00015,P00858,Project Team Member,2025-10-16,2025-10-21,1,5.5,5.0,6.0
E00015,P00860,Project Team Member,2025-12-03,2025-12-11,1,6.9,8.1,6.6
E00015,P00871,Project Team Member,2025-04-02,2025-04-15,1,5.6,5.0,6.0
E00015,P00877,Project Team Member,2023-12-31,2024-01-15,1,5.9,5.6,6.2
E00015,P00894,Project Team Member,2025-07-10,2025-08-01,1,6.1,6.8,6.2
E00015,P00898,Project Team Member,2024-05-05,2024-05-19,1,5.5,5.0,6.0
E00016,P00017,Contributor,2023-08-04,2023-08-08,1,6.6,6.3,7.0
E00016,P00027,Contributor,2026-02-14,2026-02-23,1,7.7,7.1,7.6
E00016,P00049,Contributor,2024-11-07,2024-11-22,1,5.8,5.8,6.6
E00016,P00084,Contributor,2024-02-02,2024-02-11,1,6.4,6.1,6.9
E00016,P00087,Contributor,2025-08-28,2025-09-04,1,6.2,6.0,6.8
E00016,P00114,Contributor,2023-11-11,2023-11-17,1,5.5,5.0,6.4
E00016,P00131,Contributor,2026-01-05,2026-01-11,1,5.5,5.6,6.4
E00016,P00155,Contributor,2023-03-18,2023-03-23,1,5.5,5.0,6.4
E00016,P00238,Contributor,2024-03-21,2024-03-25,1,8.0,9.3,7.7
E00016,P00281,Contributor,2023-08-17,2023-08-28,1,5.5,5.0,6.4
E00016,P00294,Contributor,2025-03-24,2025-04-01,1,5.5,5.0,6.4
E00016,P00297,Contributor,2024-12-22,2024-12-26,1,8.0,9.3,7.7
E00016,P00316,Contributor,2023-06-19,2023-07-04,1,5.5,5.0,6.4
E00016,P00353,Contributor,2024-08-30,2024-09-01,1,5.5,5.0,6.4
E00016,P00364,Contributor,2025-08-07,2025-08-17,1,5.5,5.0,6.4
E00016,P00373,Contributor,2025-10-23,2025-10-26,1,8.1,9.1,7.8
E00016,P00378,Contributor,2025-07-22,2025-07-27,1,7.9,8.6,7.6
E00016,P00403,Contributor,2024-10-25,2024-11-18,1,9.5,9.7,8.4
E00016,P00405,Contributor,2025-05-31,2025-06-18,1,6.3,6.6,6.8
E00016,P00429,Contributor,2025-05-18,2025-06-08,2,6.1,5.8,6.8
E00016,P00451,Contributor,2025-04-05,2025-05-01,1,5.8,5.5,6.6
E00016,P00465,Contributor,2025-04-30,2025-05-03,1,6.2,6.2,6.8
E00016,P00490,Contributor,2025-09-29,2025-10-03,1,6.2,5.2,6.8
E00016,P00509,Contributor,2026-03-30,2026-02-28,1,7.0,7.7,7.2
E00016,P00512,Contributor,2024-05-29,2024-06-24,1,6.9,7.8,7.2
E00016,P00526,Contributor,2025-07-02,2025-07-06,1,9.7,9.7,8.6
E00016,P00586,Contributor,2026-03-04,2026-03-18,1,7.1,8.1,7.2
E00016,P00629,Contributor,2026-02-10,2026-03-11,1,8.4,9.7,7.9
E00016,P00633,Contributor,2026-03-24,2026-03-26,1,6.1,6.0,6.8
E00016,P00651,Contributor,2025-12-16,2026-01-12,1,9.4,9.7,8.4
E00016,P00665,Contributor,2025-06-17,2025-07-01,1,5.8,5.4,6.6
E00016,P00668,Contributor,2025-11-04,2025-11-19,1,6.6,7.9,7.0
E00016,P00702,Contributor,2024-07-20,2024-08-03,1,6.2,7.2,6.8
E00016,P00722,Contributor,2024-03-22,2024-04-03,1,5.8,5.5,6.6
E00016,P00744,Contributor,2024-04-03,2024-04-06,1,8.0,9.3,7.7
E00016,P00750,Contributor,2026-01-13,2026-01-20,1,7.2,6.2,7.3
E00016,P00766,Contributor,2024-09-03,2024-09-27,1,5.6,5.0,6.5
E00016,P00786,Contributor,2025-08-05,2025-08-10,1,6.6,6.7,7.0
E00016,P00794,Contributor,2024-12-30,2025-01-03,1,8.0,9.3,7.7
E00016,P00827,Contributor,2024-07-02,2024-07-10,1,7.7,7.5,7.6
E00016,P00850,Contributor,2025-12-11,2025-12-22,1,9.5,9.7,8.4
E00016,P00885,Contributor,2024-09-08,2024-09-11,1,5.5,5.0,6.4
E00017,P00032,Contributor,2024-08-21,2024-09-17,1,6.5,6.5,6.8
E00017,P00073,Contributor,2024-01-08,2024-01-20,1,6.3,6.6,6.6
E00017,P00083,Contributor,2024-03-03,2024-03-07,1,6.2,6.9,6.6
E00017,P00174,Contributor,2026-04-26,2026-05-11,1,8.0,9.3,7.5
E00017,P00216,Contributor,2025-03-15,2025-03-20,1,6.3,7.6,6.6
E00017,P00241,Contributor,2024-11-09,2024-11-14,1,7.4,8.2,7.2
E00017,P00263,Contributor,2024-02-29,2024-03-14,1,7.3,8.6,7.2
E00017,P00283,Contributor,2026-04-22,2026-05-07,1,5.9,5.2,6.4
E00017,P00502,Contributor,2025-05-06,2025-05-21,1,7.2,6.2,7.1
E00017,P00523,Contributor,2025-08-31,2025-09-06,1,5.8,6.2,6.4
E00017,P00585,Contributor,2025-09-19,2025-09-23,1,5.8,6.8,6.4
E00017,P00760,Contributor,2023-03-05,2023-03-18,1,5.5,5.0,6.2
E00018,P00002,Project Team Member,2026-01-09,2026-01-19,1,6.7,7.8,7.4
E00018,P00003,Project Team Member,2026-02-16,2026-03-01,1,5.5,5.0,6.8
E00018,P00030,Project Team Member,2023-11-26,2023-12-07,1,5.5,5.0,6.8
E00018,P00043,Project Team Member,2024-02-17,2024-02-22,1,9.0,9.7,8.6
E00018,P00091,Project Team Member,2026-01-30,2026-03-02,2,7.8,8.3,8.0
E00018,P00104,Project Team Member,2023-08-27,2023-08-29,1,6.2,7.3,7.2
E00018,P00127,Project Team Member,2025-06-22,2025-07-04,1,5.5,5.0,6.8
E00018,P00149,Project Team Member,2023-09-26,2023-10-09,1,5.5,5.0,6.8
E00018,P00154,Project Team Member,2024-06-24,2024-07-06,1,6.1,5.1,7.2
E00018,P00180,Project Team Member,2025-08-31,2025-09-07,1,7.9,8.3,8.0
E00018,P00181,Project Team Member,2025-11-02,2025-11-04,1,5.5,5.0,6.8
E00018,P00210,Project Team Member,2024-01-06,2024-01-09,1,5.8,6.0,7.0
E00018,P00241,Project Team Member,2025-01-12,2025-01-27,1,5.5,5.0,6.8
E00018,P00262,Project Team Member,2024-08-06,2024-08-16,1,7.6,8.9,7.9
E00018,P00295,Project Team Member,2025-04-21,2025-04-28,1,7.6,8.7,7.9
E00018,P00304,Project Team Member,2025-08-28,2025-08-30,1,7.2,8.0,7.7
E00018,P00327,Project Team Member,2025-12-07,2025-12-17,1,6.5,7.4,7.4
E00018,P00328,Project Team Member,2025-04-19,2025-05-04,1,5.7,5.4,7.0
E00018,P00356,Project Team Member,2025-04-27,2025-05-11,1,6.4,7.0,7.3
E00018,P00389,Project Team Member,2025-04-24,2025-04-30,1,6.8,8.1,7.5
E00018,P00410,Project Team Member,2024-04-23,2024-04-25,1,8.4,8.4,8.3
E00018,P00416,Project Team Member,2025-03-21,2025-04-19,1,7.1,7.3,7.6
E00018,P00430,Project Team Member,2025-03-19,2025-04-03,1,7.4,8.6,7.8
E00018,P00478,Project Team Member,2025-01-28,2025-02-07,1,6.6,6.5,7.4
E00018,P00501,Project Team Member,2025-03-19,2025-03-24,1,9.7,9.7,9.0
E00018,P00502,Project Team Member,2025-05-19,2025-06-02,1,7.4,7.1,7.8
E00018,P00513,Project Team Member,2025-11-05,2025-11-23,1,6.4,6.1,7.3
E00018,P00605,Project Team Member,2025-06-30,2025-07-04,1,6.3,7.2,7.2
E00018,P00610,Project Team Member,2024-03-15,2024-03-28,1,8.7,9.7,8.4
E00018,P00624,Project Team Member,2025-01-25,2025-02-04,1,6.1,7.1,7.2
E00018,P00630,Project Team Member,2025-01-31,2025-02-13,1,7.0,8.2,7.6
E00018,P00633,Project Team Member,2026-03-24,2026-04-07,1,6.2,6.2,7.2
E00018,P00661,Project Team Member,2023-08-14,2023-08-17,1,6.8,7.6,7.5
E00018,P00669,Project Team Member,2024-07-05,2024-07-29,1,6.1,7.1,7.2
E00018,P00673,Project Team Member,2023-11-21,2023-11-28,1,6.1,6.9,7.2
E00018,P00694,Project Team Member,2023-12-26,2024-01-09,1,8.3,9.3,8.2
E00018,P00702,Project Team Member,2024-06-17,2024-07-06,1,7.2,7.0,7.7
E00018,P00752,Project Team Member,2025-04-08,2025-04-10,1,7.3,8.6,7.8
E00018,P00832,Project Team Member,2025-10-23,2025-11-05,1,6.6,6.8,7.4
E00018,P00834,Project Team Member,2024-02-06,2024-02-08,1,7.6,8.1,7.9
E00018,P00864,Project Team Member,2024-01-24,2024-03-18,2,6.6,6.4,7.4
E00018,P00866,Project Team Member,2024-07-13,2024-07-20,1,7.2,8.5,7.7
E00018,P00871,Project Team Member,2024-12-10,2024-12-16,1,5.5,5.0,6.8
E00018,P00884,Project Team Member,2023-08-18,2023-09-03,1,6.6,8.0,7.4
E00019,P00003,Project Team Member,2026-02-24,2026-03-24,1,5.5,5.0,6.4
E00019,P00010,Project Team Member,2023-11-20,2023-12-03,1,6.1,5.1,6.6
E00019,P00021,Project Team Member,2025-10-30,2025-11-03,1,5.5,5.0,6.4
E00019,P00030,Project Team Member,2023-07-05,2023-07-07,1,5.5,5.0,6.4
E00019,P00077,Project Team Member,2024-01-21,2024-01-24,1,5.5,5.0,6.4
E00019,P00079,Project Team Member,2023-11-14,2023-11-28,1,9.4,9.7,8.3
E00019,P00088,Project Team Member,2025-04-10,2025-04-13,1,9.0,9.7,8.1
E00019,P00098,Project Team Member,2024-11-18,2024-12-07,1,5.5,5.0,6.4
E00019,P00120,Project Team Member,2025-02-25,2025-03-07,1,7.9,8.7,7.6
E00019,P00126,Project Team Member,2025-12-27,2026-01-02,1,6.2,5.9,6.7
E00019,P00143,Project Team Member,2025-07-25,2025-07-27,1,6.9,7.4,7.0
E00019,P00146,Project Team Member,2024-09-03,2024-09-09,1,6.5,7.7,6.8
E00019,P00149,Project Team Member,2023-06-26,2023-07-02,1,6.3,6.4,6.8
E00019,P00180,Project Team Member,2025-07-12,2025-07-18,1,7.0,8.1,7.1
E00019,P00191,Project Team Member,2025-09-04,2025-09-10,1,5.5,5.0,6.4
E00019,P00201,Project Team Member,2025-02-15,2025-02-23,1,8.6,9.6,7.9
E00019,P00213,Project Team Member,2023-05-18,2023-05-28,1,5.5,5.0,6.4
E00019,P00225,Project Team Member,2026-02-07,2026-02-19,1,6.5,7.8,6.8
E00019,P00226,Project Team Member,2025-01-20,2025-02-14,1,8.6,9.3,7.9
E00019,P00236,Project Team Member,2025-06-03,2025-06-16,1,7.8,9.1,7.5
E00019,P00238,Project Team Member,2024-04-06,2024-04-26,1,9.2,9.7,8.2
E00019,P00240,Project Team Member,2023-09-25,2023-10-04,1,5.6,5.5,6.4
E00019,P00241,Project Team Member,2024-12-31,2025-01-04,1,5.5,5.0,6.4
E00019,P00250,Project Team Member,2023-10-13,2023-10-19,1,5.5,5.0,6.4
E00019,P00255,Project Team Member,2024-02-19,2024-02-21,1,8.5,9.1,7.8
E00019,P00287,Project Team Member,2025-10-19,2025-10-30,1,7.4,7.1,7.3
E00019,P00324,Project Team Member,2024-10-15,2024-10-18,1,8.0,9.3,7.6
E00019,P00327,Project Team Member,2026-02-24,2026-03-05,1,7.2,7.0,7.2
E00019,P00329,Project Team Member,2023-12-14,2024-01-08,1,7.6,8.8,7.4
E00019,P00340,Project Team Member,2024-11-16,2024-11-22,1,5.5,5.2,6.4
E00019,P00348,Project Team Member,2025-04-07,2025-04-12,1,5.9,5.0,6.6
E00019,P00371,Project Team Member,2025-05-16,2025-05-25,1,7.2,7.0,7.2
E00019,P00382,Project Team Member,2023-11-07,2023-11-18,1,6.8,7.3,7.0
E00019,P00384,Project Team Member,2025-10-25,2025-11-09,1,5.5,5.0,6.4
E00019,P00386,Project Team Member,2023-12-29,2023-12-31,1,6.6,8.0,6.9
E00019,P00398,Project Team Member,2025-10-25,2025-11-04,1,7.2,6.2,7.2
E00019,P00420,Project Team Member,2024-02-12,2024-02-24,1,5.5,5.0,6.4
E00019,P00426,Project Team Member,2023-09-08,2023-09-18,1,5.5,5.0,6.4
E00019,P00472,Project Team Member,2025-03-30,2025-04-09,1,5.9,6.1,6.6
E00019,P00482,Project Team Member,2023-02-19,2023-03-05,1,6.5,7.8,6.8
E00019,P00497,Project Team Member,2023-12-03,2023-12-06,1,5.5,5.0,6.4
E00019,P00518,Project Team Member,2023-04-17,2023-04-22,1,7.8,8.2,7.5
E00019,P00553,Project Team Member,2025-05-05,2025-05-20,1,8.0,9.3,7.6
E00019,P00561,Project Team Member,2023-12-27,2024-01-06,1,7.5,7.3,7.4
E00019,P00562,Project Team Member,2026-04-12,2026-04-23,1,6.7,5.7,7.0
E00019,P00573,Project Team Member,2023-08-25,2023-09-08,1,5.5,5.0,6.4
E00019,P00604,Project Team Member,2024-06-14,2024-06-18,1,6.1,6.7,6.6
E00019,P00631,Project Team Member,2024-03-02,2024-03-16,1,8.0,9.3,7.6
E00019,P00637,Project Team Member,2025-02-09,2025-02-13,1,5.6,5.9,6.4
E00019,P00680,Project Team Member,2025-05-31,2025-06-16,1,6.7,7.1,7.0
E00019,P00692,Project Team Member,2024-08-08,2024-08-19,1,7.3,7.6,7.2
E00019,P00694,Project Team Member,2023-11-28,2023-12-02,1,5.5,5.0,6.4
E00019,P00789,Project Team Member,2026-04-30,2026-05-05,1,5.5,5.0,6.4
E00019,P00797,Project Team Member,2024-03-09,2024-03-21,1,6.5,5.5,6.8
E00019,P00799,Project Team Member,2024-10-20,2024-10-29,1,7.9,7.8,7.6
E00019,P00811,Project Team Member,2024-08-27,2024-08-31,1,6.2,7.1,6.7
E00019,P00813,Project Team Member,2023-11-18,2023-12-06,2,7.6,7.8,7.4
E00019,P00833,Project Team Member,2025-01-25,2025-02-09,1,7.0,8.3,7.1
E00019,P00852,Project Team Member,2025-08-09,2025-08-19,1,5.9,5.2,6.6
E00019,P00862,Project Team Member,2026-02-12,2026-02-23,1,5.5,5.0,6.4
E00019,P00871,Project Team Member,2025-04-05,2025-07-25,2,8.6,9.0,7.9
E00020,P00006,Contributor,2024-08-25,2024-09-05,1,9.7,9.7,8.2
E00020,P00013,Contributor,2023-11-09,2023-12-01,2,7.7,7.2,7.2
E00020,P00018,Contributor,2025-03-24,2025-04-19,1,6.2,6.2,6.5
E00020,P00020,Contributor,2024-08-01,2024-08-14,1,6.2,7.3,6.5
E00020,P00032,Contributor,2025-02-18,2025-03-04,1,5.5,5.1,6.2
E00020,P00035,Contributor,2026-01-06,2026-02-05,2,7.1,7.6,7.0
E00020,P00037,Contributor,2025-11-18,2025-11-29,1,6.0,6.8,6.4
E00020,P00058,Contributor,2025-07-11,2025-08-01,1,8.4,9.7,7.6
E00020,P00091,Contributor,2025-12-19,2026-01-02,1,6.5,6.7,6.6
E00020,P00118,Contributor,2025-03-21,2025-03-31,1,7.7,8.8,7.2
E00020,P00120,Contributor,2024-10-09,2024-11-05,2,5.9,5.4,6.4
E00020,P00170,Contributor,2025-10-09,2025-10-11,1,5.5,5.0,6.2
E00020,P00175,Contributor,2023-06-25,2023-07-06,1,6.4,6.9,6.6
E00020,P00186,Contributor,2026-03-11,2026-03-19,1,8.2,8.8,7.5
E00020,P00210,Contributor,2024-01-12,2024-01-18,1,6.3,6.3,6.6
E00020,P00236,Contributor,2025-02-04,2025-02-19,1,5.9,6.7,6.4
E00020,P00239,Contributor,2024-06-24,2024-07-03,1,9.0,9.5,7.9
E00020,P00245,Contributor,2025-08-31,2025-09-12,1,7.2,6.2,7.0
E00020,P00274,Contributor,2024-06-22,2024-07-01,1,6.1,5.8,6.4
E00020,P00359,Contributor,2026-02-04,2026-02-15,1,8.3,9.3,7.6
E00020,P00424,Contributor,2024-02-23,2024-03-09,1,5.5,5.0,6.2
E00020,P00477,Contributor,2025-12-14,2025-12-25,1,8.1,8.7,7.4
E00020,P00483,Contributor,2024-10-11,2025-02-22,2,7.4,8.2,7.1
E00020,P00572,Contributor,2023-11-19,2023-11-23,1,8.4,9.7,7.6
E00020,P00591,Contributor,2023-06-25,2023-06-27,1,5.5,5.0,6.2
E00020,P00617,Contributor,2025-07-16,2025-07-27,1,6.2,6.4,6.5
E00020,P00670,Contributor,2025-05-07,2025-05-23,1,5.5,5.4,6.2
E00020,P00683,Contributor,2025-05-25,2025-05-27,1,8.6,8.8,7.7
E00020,P00784,Contributor,2025-10-05,2025-10-13,1,8.5,9.3,7.6
E00020,P00789,Contributor,2026-04-30,2026-05-30,1,7.8,8.9,7.3
E00020,P00824,Contributor,2023-08-31,2023-09-09,1,6.7,8.0,6.8
E00020,P00828,Contributor,2025-08-17,2025-08-28,1,5.5,5.0,6.2
E00020,P00869,Contributor,2025-02-07,2025-02-15,1,5.6,5.1,6.2
E00020,P00879,Contributor,2024-03-25,2024-04-08,1,5.5,5.0,6.2
E00021,P00043,Project Team Member,2023-10-27,2023-10-30,1,5.5,5.0,7.4
E00021,P00066,Project Team Member,2024-02-27,2024-03-09,1,6.5,7.8,8.0
E00021,P00104,Project Team Member,2023-08-07,2023-08-13,1,6.8,7.9,8.1
E00021,P00176,Project Team Member,2024-09-01,2024-09-11,1,7.3,8.7,8.4
E00021,P00178,Project Team Member,2026-04-14,2026-04-26,1,7.2,6.2,8.3
E00021,P00179,Project Team Member,2026-03-21,2026-04-10,1,6.5,7.8,8.0
E00021,P00209,Project Team Member,2025-12-25,2026-01-01,1,5.5,5.8,7.4
E00021,P00263,Project Team Member,2024-02-27,2024-03-05,1,6.6,7.7,8.0
E00021,P00266,Project Team Member,2023-06-06,2023-06-11,1,5.5,5.0,7.4
E00021,P00274,Project Team Member,2025-04-05,2025-04-09,1,5.5,5.1,7.4
E00021,P00340,Project Team Member,2024-12-01,2024-12-14,1,6.4,7.0,7.9
E00021,P00408,Project Team Member,2023-07-14,2023-08-09,1,5.5,5.0,7.4
E00021,P00414,Project Team Member,2026-03-05,2026-03-17,1,5.5,5.0,7.4
E00021,P00416,Project Team Member,2025-03-09,2025-03-15,1,6.0,5.8,7.7
E00021,P00504,Project Team Member,2023-03-27,2023-04-07,1,6.0,6.1,7.7
E00021,P00512,Project Team Member,2024-06-17,2024-06-29,1,8.2,8.9,8.8
E00021,P00516,Project Team Member,2025-03-12,2025-03-15,1,7.5,8.4,8.4
E00021,P00519,Project Team Member,2026-01-03,2026-01-14,1,8.4,9.4,8.9
E00021,P00529,Project Team Member,2023-03-09,2023-03-14,1,6.3,6.4,7.8
E00021,P00576,Project Team Member,2025-04-04,2025-04-11,1,5.5,5.0,7.4
E00021,P00577,Project Team Member,2025-07-14,2025-07-25,1,7.1,8.4,8.2
E00021,P00625,Project Team Member,2025-06-01,2025-06-07,1,5.9,6.9,7.6
E00021,P00633,Project Team Member,2026-03-23,2026-03-31,1,6.8,7.8,8.1
E00021,P00643,Project Team Member,2025-08-10,2025-08-15,1,5.5,5.0,7.4
E00021,P00658,Project Team Member,2025-10-17,2025-10-30,1,8.4,9.7,8.9
E00021,P00667,Project Team Member,2024-02-05,2024-02-18,1,5.5,5.0,7.4
E00021,P00674,Project Team Member,2024-05-27,2024-06-05,1,5.5,5.0,7.4
E00021,P00702,Project Team Member,2024-06-10,2024-06-20,1,5.5,5.0,7.4
E00021,P00712,Project Team Member,2026-03-16,2026-03-29,1,5.5,5.0,7.4
E00021,P00739,Project Team Member,2025-10-16,2025-10-26,1,6.8,8.1,8.1
E00021,P00752,Project Team Member,2025-06-22,2025-07-04,1,7.8,7.4,8.6
E00021,P00758,Project Team Member,2024-04-05,2024-04-07,1,8.3,8.2,8.9
E00021,P00790,Project Team Member,2025-12-12,2026-01-04,1,6.2,7.5,7.8
E00021,P00793,Project Team Member,2026-01-02,2026-01-04,1,8.0,9.3,8.7
E00021,P00815,Project Team Member,2025-05-19,2025-05-23,1,6.8,8.2,8.1
E00021,P00826,Project Team Member,2025-06-09,2025-06-13,1,5.5,5.0,7.4
E00021,P00827,Project Team Member,2024-11-24,2024-12-08,1,7.2,8.4,8.3
E00021,P00831,Project Team Member,2025-11-02,2025-11-12,1,5.5,5.0,7.4
E00021,P00833,Project Team Member,2025-03-08,2025-03-15,1,6.4,7.7,7.9
E00021,P00837,Project Team Member,2024-01-22,2024-02-04,1,5.5,5.0,7.4
E00021,P00846,Project Team Member,2023-08-25,2023-09-05,1,6.2,6.2,7.8
E00021,P00887,Project Team Member,2023-11-05,2023-11-09,1,7.1,8.3,8.2
E00022,P00075,Project Team Member,2026-04-27,2026-05-12,1,5.8,6.7,6.8
E00022,P00107,Project Team Member,2026-04-16,2026-04-26,1,6.8,7.3,7.3
E00022,P00166,Project Team Member,2023-12-03,2023-12-17,1,8.1,8.0,8.0
E00022,P00395,Project Team Member,2026-02-03,2026-02-11,1,9.7,9.7,8.8
E00022,P00430,Project Team Member,2025-05-04,2025-05-08,1,8.4,9.4,8.1
E00022,P00483,Project Team Member,2025-01-27,2025-02-05,1,6.2,6.1,7.0
E00022,P00503,Project Team Member,2023-07-27,2023-07-29,1,5.5,5.0,6.6
E00022,P00545,Project Team Member,2024-07-14,2024-08-13,1,6.3,6.3,7.0
E00022,P00642,Project Team Member,2025-05-13,2025-05-15,1,6.7,8.0,7.2
E00022,P00732,Project Team Member,2026-04-12,2026-04-27,1,6.8,6.3,7.3
E00022,P00740,Project Team Member,2026-01-10,2026-01-15,1,7.9,8.7,7.8
E00022,P00855,Project Team Member,2025-09-08,2025-09-17,1,7.5,8.4,7.6
E00022,P00869,Project Team Member,2025-01-30,2025-02-06,1,5.5,5.0,6.6
E00022,P00870,Project Team Member,2023-06-23,2023-07-01,1,7.4,8.2,7.6
E00023,P00034,Specialist,2024-03-26,2024-03-28,1,7.3,8.6,7.6
E00023,P00097,Specialist,2026-01-17,2026-01-20,1,7.3,8.6,7.6
E00023,P00184,Specialist,2024-11-29,2024-12-09,1,6.9,5.9,7.4
E00023,P00188,Specialist,2025-08-30,2025-09-12,1,5.7,6.3,6.8
E00023,P00245,Specialist,2025-09-03,2025-09-30,1,6.2,7.0,7.1
E00023,P00269,Specialist,2023-11-09,2023-11-11,1,8.0,9.2,8.0
E00023,P00540,Specialist,2024-05-27,2024-06-07,1,5.5,5.0,6.8
E00023,P00563,Specialist,2023-08-24,2023-08-27,1,6.7,6.7,7.4
E00023,P00614,Specialist,2026-03-11,2026-03-18,1,5.5,5.0,6.8
E00023,P00651,Specialist,2025-10-20,2025-10-31,1,7.7,8.2,7.8
E00023,P00713,Specialist,2024-06-23,2024-07-06,1,6.9,7.4,7.4
E00023,P00722,Specialist,2024-07-04,2024-07-30,1,6.6,7.2,7.3
E00023,P00771,Specialist,2024-06-28,2024-07-11,1,7.8,9.1,7.9
E00023,P00791,Specialist,2025-08-02,2025-08-15,1,7.1,7.9,7.6
E00023,P00812,Specialist,2024-05-05,2024-05-08,1,9.3,9.7,8.6
E00023,P00879,Specialist,2024-08-02,2024-08-09,1,7.7,8.7,7.8
E00024,P00012,Contributor,2026-01-07,2026-01-16,1,5.5,5.0,6.2
E00024,P00016,Contributor,2024-12-17,2024-12-19,1,6.2,7.2,6.5
E00024,P00050,Contributor,2025-09-20,2025-09-26,1,5.5,5.5,6.2
E00024,P00083,Contributor,2024-05-16,2024-05-22,1,6.4,7.0,6.6
E00024,P00090,Contributor,2025-10-12,2025-10-17,1,5.5,5.0,6.2
E00024,P00121,Contributor,2024-04-14,2024-04-21,1,7.2,8.2,7.0
E00024,P00123,Contributor,2025-02-17,2025-02-21,1,7.0,8.3,6.9
E00024,P00132,Contributor,2024-01-04,2024-01-08,1,5.6,5.5,6.2
E00024,P00149,Contributor,2023-10-08,2023-10-22,1,5.5,5.0,6.2
E00024,P00152,Contributor,2026-03-09,2026-03-15,1,5.5,5.0,6.2
E00024,P00164,Contributor,2024-03-25,2024-04-02,1,7.4,8.2,7.1
E00024,P00232,Contributor,2023-09-28,2023-10-18,1,7.1,8.1,7.0
E00024,P00239,Contributor,2025-01-11,2025-01-13,1,6.6,6.8,6.7
E00024,P00301,Contributor,2023-10-14,2023-10-17,1,5.7,5.3,6.2
E00024,P00311,Contributor,2024-07-11,2024-07-22,1,7.3,8.2,7.0
E00024,P00348,Contributor,2025-09-02,2025-09-08,1,6.0,6.9,6.4
E00024,P00460,Contributor,2026-02-07,2026-02-20,1,5.6,5.0,6.2
E00024,P00545,Contributor,2024-03-22,2024-04-01,1,6.5,5.5,6.6
E00024,P00569,Contributor,2024-12-22,2024-12-28,1,5.5,5.0,6.2
E00024,P00577,Contributor,2025-05-26,2025-06-04,1,5.6,5.9,6.2
E00024,P00585,Contributor,2025-04-06,2025-04-13,1,6.6,8.0,6.7
E00024,P00678,Contributor,2025-09-18,2025-09-26,1,7.8,9.2,7.3
E00024,P00713,Contributor,2024-05-26,2024-06-08,1,7.6,8.9,7.2
E00024,P00719,Contributor,2026-02-06,2026-02-19,1,5.5,5.4,6.2
E00024,P00753,Contributor,2023-06-26,2023-07-09,1,5.5,5.0,6.2
E00024,P00761,Contributor,2025-11-17,2025-11-29,1,6.5,7.8,6.6
E00024,P00775,Contributor,2023-07-25,2023-08-14,1,6.9,7.4,6.8
E00024,P00777,Contributor,2025-06-15,2025-07-13,1,5.5,5.2,6.2
E00024,P00784,Contributor,2025-12-09,2025-12-24,1,7.0,7.7,6.9
E00024,P00829,Contributor,2023-10-11,2023-10-13,1,5.5,5.5,6.2
E00024,P00883,Contributor,2025-12-25,2026-01-12,1,7.4,8.3,7.1
E00024,P00899,Contributor,2023-10-30,2023-11-06,1,8.0,9.3,7.4
E00025,P00034,Project Team Member,2024-05-14,2024-06-05,1,5.5,5.0,6.6
E00025,P00044,Project Team Member,2024-04-23,2024-04-30,1,9.3,9.7,8.4
E00025,P00050,Project Team Member,2026-01-20,2026-02-02,1,7.3,8.7,7.4
E00025,P00071,Project Team Member,2023-09-05,2023-10-02,1,5.5,5.0,6.6
E00025,P00112,Project Team Member,2026-01-11,2026-02-01,1,7.6,9.0,7.6
E00025,P00161,Project Team Member,2025-07-12,2025-07-22,1,7.8,9.1,7.7
E00025,P00167,Project Team Member,2025-09-05,2025-09-08,1,7.9,8.8,7.8
E00025,P00198,Project Team Member,2024-03-18,2024-03-22,1,8.0,8.7,7.8
E00025,P00209,Project Team Member,2025-07-21,2025-08-04,1,6.0,5.7,6.8
E00025,P00215,Project Team Member,2026-01-26,2026-02-23,1,7.0,8.2,7.3
E00025,P00240,Project Team Member,2023-06-03,2023-06-18,1,8.0,9.4,7.8
E00025,P00264,Project Team Member,2026-02-12,2026-02-26,1,7.9,9.2,7.8
E00025,P00273,Project Team Member,2026-01-02,2026-01-08,1,5.9,6.1,6.8
E00025,P00309,Project Team Member,2026-03-17,2026-03-30,1,6.5,6.7,7.0
E00025,P00312,Project Team Member,2024-11-07,2024-11-12,1,6.5,5.5,7.0
E00025,P00319,Project Team Member,2025-07-05,2025-07-17,1,7.3,8.7,7.4
E00025,P00322,Project Team Member,2025-03-27,2025-04-09,1,5.5,5.0,6.6
E00025,P00337,Project Team Member,2023-09-08,2023-09-20,1,6.1,5.8,6.8
E00025,P00353,Project Team Member,2025-04-06,2025-04-20,1,6.1,7.2,6.8
E00025,P00365,Project Team Member,2025-02-21,2025-03-07,1,6.5,5.5,7.0
E00025,P00370,Project Team Member,2024-08-02,2024-08-16,1,5.5,5.0,6.6
E00025,P00375,Project Team Member,2025-11-06,2025-11-24,1,5.5,5.0,6.6
E00025,P00381,Project Team Member,2025-05-22,2025-05-30,1,5.5,5.0,6.6
E00025,P00383,Project Team Member,2023-09-19,2023-09-29,1,6.0,6.9,6.8
E00025,P00389,Project Team Member,2025-02-15,2025-02-17,1,7.1,8.4,7.4
E00025,P00395,Project Team Member,2026-03-20,2026-03-24,1,9.7,9.7,8.6
E00025,P00404,Project Team Member,2025-10-08,2025-10-15,1,7.5,8.4,7.6
E00025,P00412,Project Team Member,2024-09-16,2024-10-02,1,6.0,6.1,6.8
E00025,P00441,Project Team Member,2026-01-29,2026-02-04,1,7.1,7.9,7.4
E00025,P00463,Project Team Member,2026-04-28,2026-02-19,1,7.2,6.2,7.4
E00025,P00473,Project Team Member,2026-03-02,2026-03-15,1,7.9,9.1,7.8
E00025,P00486,Project Team Member,2023-02-23,2023-02-28,1,5.5,5.0,6.6
E00025,P00499,Project Team Member,2025-10-21,2025-11-03,1,5.5,5.0,6.6
E00025,P00523,Project Team Member,2025-10-22,2025-11-02,1,8.0,9.3,7.8
E00025,P00531,Project Team Member,2024-05-22,2024-08-01,2,6.8,6.9,7.2
E00025,P00539,Project Team Member,2024-07-07,2024-07-21,1,6.3,7.2,7.0
E00025,P00543,Project Team Member,2023-04-05,2023-04-29,1,8.2,8.8,7.9
E00025,P00548,Project Team Member,2023-07-07,2023-07-13,1,6.2,5.2,6.9
E00025,P00553,Project Team Member,2024-10-08,2024-10-13,1,6.4,7.3,7.0
E00025,P00562,Project Team Member,2026-04-12,2026-04-18,1,5.5,5.0,6.6
E00025,P00573,Project Team Member,2024-01-28,2024-02-12,1,7.6,8.2,7.6
E00025,P00575,Project Team Member,2024-10-09,2024-10-23,1,7.5,8.8,7.6
E00025,P00578,Project Team Member,2026-03-21,2026-03-25,1,5.5,5.7,6.6
E00025,P00621,Project Team Member,2024-10-18,2024-10-22,1,5.5,5.0,6.6
E00025,P00627,Project Team Member,2024-10-07,2024-10-14,1,5.5,5.0,6.6
E00025,P00694,Project Team Member,2024-02-26,2024-03-05,1,6.7,8.0,7.2
E00025,P00697,Project Team Member,2025-05-09,2025-05-21,1,7.2,7.8,7.4
E00025,P00734,Project Team Member,2023-12-08,2023-12-18,1,5.5,5.0,6.6
E00025,P00747,Project Team Member,2023-09-18,2023-10-02,1,5.5,5.0,6.6
E00025,P00759,Project Team Member,2026-03-07,2026-03-25,1,6.0,6.7,6.8
E00025,P00761,Project Team Member,2025-12-10,2025-12-14,1,6.6,6.4,7.1
E00025,P00762,Project Team Member,2025-10-23,2025-11-06,1,6.6,6.8,7.1
E00025,P00771,Project Team Member,2024-11-04,2024-11-06,1,5.8,5.4,6.7
E00025,P00773,Project Team Member,2025-05-24,2025-06-03,1,6.7,7.0,7.2
E00025,P00785,Project Team Member,2025-07-15,2025-07-28,1,7.5,6.8,7.6
E00025,P00810,Project Team Member,2025-09-28,2025-10-08,1,7.8,9.0,7.7
E00025,P00816,Project Team Member,2026-01-03,2026-01-22,2,6.0,5.1,6.8
E00025,P00830,Project Team Member,2025-12-26,2026-01-02,1,5.8,6.4,6.7
E00026,P00021,Project Team Member,2026-01-31,2026-02-08,1,7.1,6.6,7.6
E00026,P00061,Project Team Member,2023-03-03,2023-03-05,1,9.7,9.7,8.8
E00026,P00062,Project Team Member,2025-04-22,2025-06-11,2,6.7,6.9,7.4
E00026,P00102,Project Team Member,2024-06-22,2024-07-18,1,5.9,5.8,7.0
E00026,P00107,Project Team Member,2026-04-16,2026-04-20,1,6.9,8.3,7.4
E00026,P00232,Project Team Member,2023-09-08,2023-09-14,1,8.0,9.3,8.0
E00026,P00249,Project Team Member,2023-12-11,2023-12-26,1,5.7,5.5,6.8
E00026,P00331,Project Team Member,2024-10-28,2024-11-12,1,5.5,5.3,6.8
E00026,P00345,Project Team Member,2023-10-21,2023-10-29,1,7.6,7.8,7.8
E00026,P00457,Project Team Member,2025-10-05,2025-10-14,1,5.5,5.0,6.8
E00026,P00470,Project Team Member,2023-04-24,2023-05-07,1,8.0,9.4,8.0
E00026,P00489,Project Team Member,2024-09-23,2024-10-05,1,7.5,8.7,7.8
E00026,P00503,Project Team Member,2024-01-16,2024-01-20,1,6.4,6.6,7.2
E00026,P00533,Project Team Member,2025-06-15,2025-06-20,1,7.6,7.0,7.8
E00026,P00553,Project Team Member,2025-05-17,2025-05-26,1,9.6,9.7,8.8
E00026,P00574,Project Team Member,2024-12-18,2024-12-31,1,7.5,8.3,7.8
E00026,P00578,Project Team Member,2026-03-23,2026-03-26,1,6.4,6.6,7.2
E00026,P00676,Project Team Member,2026-03-05,2026-02-18,1,7.2,8.0,7.6
E00026,P00689,Project Team Member,2026-03-03,2026-03-14,1,8.1,8.9,8.0
E00026,P00711,Project Team Member,2025-03-03,2025-03-10,1,6.5,7.1,7.2
E00026,P00767,Project Team Member,2024-09-16,2024-09-18,1,5.8,6.0,6.9
E00026,P00777,Project Team Member,2025-01-02,2025-01-12,1,5.5,5.2,6.8
E00026,P00844,Project Team Member,2025-06-29,2025-07-04,1,7.9,9.1,8.0
E00026,P00857,Project Team Member,2024-12-19,2025-01-04,1,6.1,5.5,7.0
E00026,P00863,Project Team Member,2025-07-23,2025-08-04,1,7.2,7.9,7.6
E00026,P00877,Project Team Member,2023-12-21,2024-01-04,1,7.4,7.5,7.7
E00026,P00880,Project Team Member,2025-12-04,2025-12-09,1,6.9,7.9,7.4
E00027,P00040,Contributor,2023-10-09,2023-10-22,1,6.3,6.3,6.6
E00027,P00056,Contributor,2026-03-20,2026-03-20,1,7.2,8.5,7.1
E00027,P00092,Contributor,2026-04-26,2026-05-06,1,7.5,7.2,7.2
E00027,P00108,Contributor,2025-03-10,2025-03-24,1,6.0,5.0,6.5
E00027,P00239,Contributor,2025-06-19,2025-06-25,1,7.5,8.5,7.2
E00027,P00290,Contributor,2025-04-01,2025-04-12,1,6.0,5.9,6.5
E00027,P00329,Contributor,2024-02-13,2024-02-21,1,9.0,9.5,8.0
E00027,P00348,Contributor,2025-11-03,2025-11-19,1,7.3,8.2,7.2
E00027,P00367,Contributor,2025-07-29,2025-08-02,1,6.2,7.2,6.6
E00027,P00408,Contributor,2023-08-29,2023-09-04,1,7.3,8.7,7.2
E00027,P00423,Contributor,2026-02-05,2026-02-12,1,6.7,8.0,6.8
E00027,P00578,Contributor,2026-03-05,2026-04-02,1,7.8,9.1,7.4
E00027,P00591,Contributor,2023-07-30,2023-08-01,1,6.0,5.8,6.5
E00027,P00632,Contributor,2026-03-16,2026-03-03,1,5.9,5.8,6.4
E00027,P00645,Contributor,2025-10-16,2025-10-28,1,5.5,5.0,6.2
E00027,P00651,Contributor,2025-11-25,2025-12-04,1,5.5,5.0,6.2
E00027,P00670,Contributor,2024-09-23,2024-10-23,1,5.5,5.0,6.2
E00027,P00688,Contributor,2023-02-24,2023-03-08,1,5.8,5.5,6.4
E00027,P00736,Contributor,2025-12-03,2025-12-22,1,8.7,9.7,7.8
E00027,P00791,Contributor,2025-12-17,2025-12-23,1,6.3,6.8,6.6
E00028,P00032,Contributor,2024-11-15,2024-12-04,1,5.5,5.0,7.0
E00028,P00041,Contributor,2026-02-12,2026-02-24,1,9.4,9.7,8.9
E00028,P00055,Contributor,2026-02-12,2026-02-19,1,5.5,5.0,7.0
E00028,P00056,Contributor,2026-03-14,2026-03-20,1,7.3,8.0,7.8
E00028,P00072,Contributor,2026-01-13,2026-01-20,1,6.1,7.4,7.2
E00028,P00098,Contributor,2025-01-09,2025-01-15,1,6.0,6.3,7.2
E00028,P00110,Contributor,2024-03-02,2024-03-21,1,6.1,7.0,7.2
E00028,P00127,Contributor,2025-01-05,2025-01-15,1,5.5,5.0,7.0
E00028,P00132,Contributor,2023-06-26,2024-02-02,2,7.4,7.3,7.9
E00028,P00137,Contributor,2024-07-20,2024-07-25,1,7.3,8.6,7.8
E00028,P00170,Contributor,2025-10-07,2025-10-18,1,5.5,5.7,7.0
E00028,P00174,Contributor,2026-04-26,2026-05-08,1,5.5,5.0,7.0
E00028,P00175,Contributor,2023-06-07,2023-06-09,1,7.0,7.6,7.7
E00028,P00183,Contributor,2024-01-07,2024-01-19,1,7.9,9.2,8.2
E00028,P00212,Contributor,2025-09-02,2025-09-09,1,6.4,7.5,7.4
E00028,P00217,Contributor,2024-08-25,2024-09-03,1,6.7,7.8,7.6
E00028,P00249,Contributor,2023-12-02,2023-12-10,1,7.1,7.8,7.8
E00028,P00253,Contributor,2024-10-17,2024-10-30,1,5.5,5.1,7.0
E00028,P00259,Contributor,2025-03-01,2025-03-07,1,7.0,8.3,7.7
E00028,P00279,Contributor,2025-10-22,2025-11-04,1,5.5,5.0,7.0
E00028,P00284,Contributor,2025-02-28,2025-03-15,1,9.4,9.7,8.9
E00028,P00286,Contributor,2025-08-23,2025-09-07,1,5.5,5.0,7.0
E00028,P00341,Contributor,2023-03-02,2023-03-10,1,5.5,5.0,7.0
E00028,P00349,Contributor,2023-06-27,2023-07-08,1,5.5,5.8,7.0
E00028,P00366,Contributor,2023-10-06,2023-10-15,1,8.0,9.3,8.2
E00028,P00392,Contributor,2023-10-09,2023-10-18,1,5.5,5.0,7.0
E00028,P00399,Contributor,2023-11-06,2023-11-10,1,5.5,5.0,7.0
E00028,P00416,Contributor,2024-10-22,2024-11-01,1,5.5,5.0,7.0
E00028,P00433,Contributor,2024-12-12,2024-12-14,1,5.6,5.1,7.0
E00028,P00441,Contributor,2026-02-23,2026-03-04,1,5.5,5.0,7.0
E00028,P00446,Contributor,2025-06-10,2025-06-17,1,6.7,7.9,7.6
E00028,P00452,Contributor,2023-12-12,2023-12-20,1,8.2,9.5,8.3
E00028,P00467,Contributor,2025-03-16,2025-03-30,1,5.5,5.0,7.0
E00028,P00483,Contributor,2024-12-05,2024-12-16,1,8.4,9.7,8.4
E00028,P00504,Contributor,2023-02-17,2023-02-23,1,8.2,8.3,8.3
E00028,P00521,Contributor,2023-09-04,2023-09-19,1,5.5,5.1,7.0
E00028,P00526,Contributor,2025-11-26,2025-12-05,1,6.6,7.1,7.5
E00028,P00529,Contributor,2023-10-09,2023-10-16,1,7.7,8.8,8.0
E00028,P00557,Contributor,2026-01-30,2026-02-13,1,6.3,7.4,7.4
E00028,P00560,Contributor,2024-12-16,2024-12-28,1,5.9,5.2,7.2
E00028,P00561,Contributor,2024-04-14,2024-04-17,1,7.5,8.7,8.0
E00028,P00567,Contributor,2025-02-21,2025-03-05,1,8.8,9.3,8.6
E00028,P00579,Contributor,2024-01-29,2024-02-01,1,5.5,5.0,7.0
E00028,P00594,Contributor,2024-02-02,2024-02-11,1,7.3,8.6,7.8
E00028,P00608,Contributor,2025-06-07,2025-06-09,1,7.7,9.0,8.0
E00028,P00610,Contributor,2024-01-14,2024-04-04,2,6.9,6.5,7.6
E00028,P00615,Contributor,2024-10-28,2024-11-02,1,9.0,9.7,8.7
E00028,P00639,Contributor,2023-11-27,2023-12-02,1,6.0,6.9,7.2
E00028,P00656,Contributor,2025-04-10,2025-04-19,1,6.9,7.3,7.6
E00028,P00690,Contributor,2025-01-13,2025-01-16,1,8.6,9.0,8.5
E00028,P00732,Contributor,2026-04-12,2026-04-26,1,8.0,9.3,8.2
E00028,P00738,Contributor,2024-03-21,2024-03-31,1,5.5,5.0,7.0
E00028,P00742,Contributor,2024-03-24,2024-04-02,1,7.3,8.4,7.8
E00028,P00743,Contributor,2023-09-30,2023-10-08,1,7.2,8.1,7.8
E00028,P00808,Contributor,2024-08-30,2024-09-06,1,5.5,5.0,7.0
E00028,P00811,Contributor,2024-06-05,2024-06-19,1,7.8,9.2,8.1
E00028,P00834,Contributor,2024-02-06,2024-02-25,1,5.5,5.0,7.0
E00028,P00861,Contributor,2025-12-03,2025-12-13,1,7.1,8.5,7.8
E00028,P00889,Contributor,2025-01-30,2025-02-11,1,6.1,6.8,7.2
E00029,P00010,Project Team Member,2023-09-25,2023-09-30,1,6.2,6.6,6.8
E00029,P00055,Project Team Member,2026-02-16,2026-03-08,1,5.5,5.0,6.4
E00029,P00059,Project Team Member,2024-02-15,2024-02-21,1,5.5,5.5,6.4
E00029,P00063,Project Team Member,2026-03-20,2026-03-28,1,5.9,5.6,6.6
E00029,P00072,Project Team Member,2025-12-11,2025-12-25,1,6.0,5.8,6.7
E00029,P00077,Project Team Member,2024-04-08,2024-04-13,1,6.2,6.1,6.8
E00029,P00078,Project Team Member,2024-07-29,2024-08-12,1,5.5,5.5,6.4
E00029,P00100,Project Team Member,2023-12-25,2024-01-06,1,5.5,5.0,6.4
E00029,P00118,Project Team Member,2025-08-25,2025-08-30,1,8.3,9.0,7.8
E00029,P00165,Project Team Member,2023-03-29,2023-04-02,1,8.4,9.6,7.9
E00029,P00167,Project Team Member,2025-03-24,2025-05-15,2,6.5,6.7,7.0
E00029,P00192,Project Team Member,2023-12-18,2023-12-26,1,6.8,7.8,7.1
E00029,P00250,Project Team Member,2023-08-07,2023-08-18,1,6.2,6.3,6.8
E00029,P00258,Project Team Member,2024-08-09,2024-08-18,1,8.4,9.1,7.9
E00029,P00265,Project Team Member,2025-08-13,2025-08-22,1,7.3,8.0,7.4
E00029,P00277,Project Team Member,2026-01-30,2026-02-11,1,5.5,5.0,6.4
E00029,P00312,Project Team Member,2024-10-29,2024-11-06,1,6.0,7.0,6.7
E00029,P00313,Project Team Member,2025-04-29,2025-05-13,1,5.5,5.0,6.4
E00029,P00322,Project Team Member,2025-01-29,2025-02-09,1,7.5,8.5,7.4
E00029,P00358,Project Team Member,2025-08-06,2025-08-10,1,5.5,5.0,6.4
E00029,P00373,Project Team Member,2025-11-30,2025-12-04,1,8.0,9.0,7.7
E00029,P00384,Project Team Member,2025-05-09,2025-05-12,1,5.5,5.0,6.4
E00029,P00452,Project Team Member,2023-09-09,2023-09-13,1,5.5,5.0,6.4
E00029,P00499,Project Team Member,2025-08-10,2025-10-16,2,7.2,7.0,7.3
E00029,P00511,Project Team Member,2025-06-03,2025-06-26,1,8.2,9.1,7.8
E00029,P00515,Project Team Member,2025-01-04,2025-01-10,1,5.5,5.0,6.4
E00029,P00519,Project Team Member,2026-02-05,2026-02-09,1,8.2,8.1,7.8
E00029,P00541,Project Team Member,2024-08-20,2024-08-31,1,6.7,7.0,7.0
E00029,P00552,Project Team Member,2025-10-25,2025-11-05,1,5.9,5.7,6.6
E00029,P00573,Project Team Member,2024-01-02,2024-01-20,2,6.6,5.9,7.0
E00029,P00601,Project Team Member,2024-05-20,2024-05-24,1,6.7,5.7,7.0
E00029,P00603,Project Team Member,2024-02-08,2024-02-22,1,7.5,8.3,7.4
E00029,P00627,Project Team Member,2023-11-27,2023-11-29,1,5.5,5.0,6.4
E00029,P00634,Project Team Member,2024-09-11,2024-09-14,1,7.7,8.9,7.6
E00029,P00642,Project Team Member,2025-04-15,2025-04-21,1,6.5,7.8,7.0
E00029,P00678,Project Team Member,2025-05-05,2025-05-15,1,7.5,7.8,7.4
E00029,P00692,Project Team Member,2024-07-29,2024-08-05,1,7.9,9.2,7.6
E00029,P00699,Project Team Member,2024-04-07,2024-04-10,1,7.4,8.7,7.4
E00029,P00742,Project Team Member,2024-05-26,2024-06-29,2,7.1,6.9,7.2
E00029,P00759,Project Team Member,2026-03-09,2026-03-16,1,5.5,5.0,6.4
E00029,P00780,Project Team Member,2026-03-15,2026-04-10,1,8.3,9.4,7.8
E00029,P00817,Project Team Member,2025-08-20,2025-08-27,1,7.3,8.6,7.4
E00029,P00855,Project Team Member,2026-02-17,2026-02-25,1,6.3,5.3,6.8
E00029,P00858,Project Team Member,2025-05-08,2025-05-18,1,5.5,5.0,6.4
E00029,P00876,Project Team Member,2025-07-24,2025-08-02,1,6.4,7.7,6.9
E00029,P00894,Project Team Member,2025-07-04,2025-07-13,1,8.4,9.1,7.9
E00030,P00038,Project Team Member,2025-01-02,2025-01-06,1,5.5,5.0,6.6
E00030,P00068,Project Team Member,2026-02-28,2026-03-06,1,5.5,5.0,6.6
E00030,P00107,Project Team Member,2026-04-16,2026-05-08,1,7.0,7.2,7.4
E00030,P00115,Project Team Member,2025-12-22,2026-01-03,1,6.1,6.4,7.0
E00030,P00163,Project Team Member,2024-07-26,2024-08-22,1,6.9,8.2,7.4
E00030,P00177,Project Team Member,2024-01-27,2024-01-30,1,7.2,7.9,7.5
E00030,P00194,Project Team Member,2025-11-14,2025-11-27,1,6.3,6.4,7.0
E00030,P00222,Project Team Member,2023-11-24,2023-11-28,1,5.5,5.0,6.6
E00030,P00256,Project Team Member,2025-11-23,2025-12-07,1,5.9,5.2,6.8
E00030,P00267,Project Team Member,2025-09-29,2025-10-09,1,5.5,5.0,6.6
E00030,P00272,Project Team Member,2025-07-02,2025-07-16,1,5.5,5.0,6.6
E00030,P00345,Project Team Member,2024-01-29,2024-02-04,1,6.2,5.2,7.0
E00030,P00373,Project Team Member,2025-10-23,2025-11-05,1,6.4,7.5,7.1
E00030,P00404,Project Team Member,2026-01-06,2026-01-10,1,6.4,6.5,7.1
E00030,P00422,Project Team Member,2024-12-31,2025-01-08,1,6.4,7.4,7.1
E00030,P00507,Project Team Member,2025-07-10,2025-07-19,1,5.5,5.0,6.6
E00030,P00546,Project Team Member,2024-07-03,2024-07-13,1,6.5,7.8,7.2
E00030,P00564,Project Team Member,2025-04-12,2025-09-14,2,7.9,8.3,7.8
E00030,P00572,Project Team Member,2023-10-02,2023-10-10,1,5.5,5.0,6.6
E00030,P00579,Project Team Member,2024-03-07,2024-03-19,1,5.9,5.2,6.8
E00030,P00591,Project Team Member,2023-11-11,2023-11-26,1,6.2,7.5,7.0
E00030,P00629,Project Team Member,2026-03-17,2026-03-17,1,7.4,8.7,7.6
E00030,P00728,Project Team Member,2024-04-26,2024-04-29,1,5.5,5.0,6.6
E00030,P00741,Project Team Member,2025-09-07,2025-09-16,1,7.2,7.5,7.5
E00030,P00856,Project Team Member,2025-06-27,2025-07-03,1,5.6,5.2,6.7
E00030,P00866,Project Team Member,2024-07-12,2024-11-18,2,6.6,6.2,7.2
E00030,P00883,Project Team Member,2026-02-01,2026-02-14,1,8.1,8.1,8.0
E00031,P00010,Contributor,2023-12-14,2023-12-14,1,5.6,5.9,6.5
E00031,P00011,Contributor,2024-04-23,2024-04-26,1,6.8,7.5,7.1
E00031,P00019,Contributor,2026-04-13,2026-04-19,1,6.6,6.8,7.0
E00031,P00031,Contributor,2023-09-18,2023-09-23,1,6.1,6.9,6.8
E00031,P00033,Contributor,2025-02-21,2025-02-23,1,8.0,9.4,7.7
E00031,P00044,Contributor,2025-02-24,2025-03-03,1,5.7,5.0,6.6
E00031,P00055,Contributor,2026-02-12,2026-02-21,1,6.4,5.4,6.9
E00031,P00058,Contributor,2025-06-15,2025-07-06,2,5.5,5.0,6.4
E00031,P00063,Contributor,2026-03-21,2026-04-02,1,6.8,6.3,7.1
E00031,P00107,Contributor,2026-04-16,2026-04-22,1,7.5,8.4,7.4
E00031,P00129,Contributor,2026-04-10,2026-04-19,1,6.2,7.1,6.8
E00031,P00147,Contributor,2024-01-10,2024-01-14,1,6.6,7.7,7.0
E00031,P00150,Contributor,2023-03-31,2023-04-09,1,5.8,6.6,6.6
E00031,P00161,Contributor,2025-09-18,2025-09-30,1,8.2,8.1,7.8
E00031,P00165,Contributor,2024-04-15,2024-04-25,1,7.1,7.8,7.2
E00031,P00169,Contributor,2024-02-02,2024-02-12,1,7.3,8.6,7.4
E00031,P00180,Contributor,2025-05-15,2025-05-27,1,6.1,6.9,6.8
E00031,P00205,Contributor,2025-05-30,2025-06-07,1,7.2,7.4,7.3
E00031,P00208,Contributor,2024-12-21,2025-01-03,1,7.7,9.1,7.6
E00031,P00227,Contributor,2026-03-05,2026-04-01,1,7.0,8.3,7.2
E00031,P00232,Contributor,2023-09-22,2023-10-25,2,8.4,7.6,7.9
E00031,P00268,Contributor,2024-05-10,2024-05-22,1,5.9,6.4,6.6
E00031,P00307,Contributor,2024-08-24,2024-09-08,1,5.5,5.0,6.4
E00031,P00313,Contributor,2025-07-04,2025-07-18,1,7.0,7.5,7.2
E00031,P00328,Contributor,2024-09-28,2024-10-05,1,5.9,6.1,6.6
E00031,P00335,Contributor,2024-06-15,2024-06-22,1,5.5,5.0,6.4
E00031,P00345,Contributor,2024-01-31,2024-02-13,1,8.2,8.4,7.8
E00031,P00389,Contributor,2025-04-09,2025-04-21,1,6.4,6.5,6.9
E00031,P00392,Contributor,2023-09-23,2023-10-07,1,5.5,5.0,6.4
E00031,P00439,Contributor,2024-03-29,2024-04-13,1,7.5,8.3,7.4
E00031,P00446,Contributor,2025-09-06,2025-09-09,1,8.0,9.3,7.7
E00031,P00453,Contributor,2026-01-12,2026-01-18,1,7.3,8.6,7.4
E00031,P00454,Contributor,2024-01-16,2024-01-21,1,5.8,6.6,6.6
E00031,P00463,Contributor,2026-04-28,2026-02-19,1,6.4,6.6,6.9
E00031,P00480,Contributor,2023-12-26,2024-01-06,1,5.7,5.5,6.6
E00031,P00491,Contributor,2024-09-22,2024-10-06,1,6.4,7.7,6.9
E00031,P00517,Contributor,2024-05-17,2024-06-03,2,8.2,8.8,7.8
E00031,P00527,Contributor,2025-04-08,2025-04-16,1,7.4,7.6,7.4
E00031,P00532,Contributor,2025-10-25,2025-10-31,1,5.5,5.0,6.4
E00031,P00546,Contributor,2024-12-13,2024-12-25,1,7.1,8.4,7.2
E00031,P00547,Contributor,2023-10-25,2023-10-28,1,5.9,5.8,6.6
E00031,P00581,Contributor,2023-04-30,2023-05-08,1,6.9,8.2,7.2
E00031,P00601,Contributor,2024-04-27,2024-05-05,1,7.9,8.9,7.6
E00031,P00608,Contributor,2026-03-18,2026-03-20,1,7.4,8.5,7.4
E00031,P00628,Contributor,2023-11-11,2024-01-09,2,6.4,6.6,6.9
E00031,P00646,Contributor,2024-05-28,2024-06-11,1,6.4,7.4,6.9
E00031,P00652,Contributor,2024-10-08,2024-10-17,1,5.5,5.0,6.4
E00031,P00671,Contributor,2023-06-06,2023-06-19,1,6.1,6.0,6.8
E00031,P00677,Contributor,2025-06-17,2025-06-19,1,6.6,7.9,7.0
E00031,P00703,Contributor,2025-04-03,2025-04-11,1,6.4,7.8,6.9
E00031,P00706,Contributor,2024-03-29,2024-04-05,1,7.1,7.7,7.2
E00031,P00722,Contributor,2024-09-14,2024-09-18,1,6.2,6.7,6.8
E00031,P00730,Contributor,2026-01-27,2026-02-11,1,6.9,7.8,7.2
E00031,P00736,Contributor,2026-01-10,2026-01-24,1,6.8,7.8,7.1
E00031,P00763,Contributor,2025-08-31,2025-09-07,1,6.7,7.6,7.0
E00031,P00780,Contributor,2026-02-18,2026-03-08,1,6.8,7.8,7.1
E00031,P00789,Contributor,2026-04-30,2026-05-12,1,7.9,9.2,7.6
E00031,P00792,Contributor,2023-11-02,2023-11-15,1,7.4,6.9,7.4
E00031,P00818,Contributor,2023-09-27,2023-10-18,1,6.2,7.3,6.8
E00031,P00826,Contributor,2025-05-17,2025-05-26,1,5.5,5.0,6.4
E00031,P00873,Contributor,2025-03-18,2025-03-29,1,5.5,5.0,6.4
E00031,P00876,Contributor,2026-01-23,2026-02-07,1,5.5,5.6,6.4
E00032,P00050,Contributor,2026-02-01,2026-02-04,1,7.9,7.9,8.8
E00032,P00105,Contributor,2024-04-23,2024-04-25,1,9.2,9.7,9.4
E00032,P00116,Contributor,2025-03-21,2025-04-10,1,7.0,8.3,8.3
E00032,P00137,Contributor,2025-06-09,2025-06-16,1,6.8,8.2,8.2
E00032,P00170,Contributor,2025-08-02,2025-08-08,1,6.2,6.1,7.9
E00032,P00174,Contributor,2026-04-26,2026-05-02,1,5.7,5.2,7.6
E00032,P00270,Contributor,2025-01-14,2025-01-22,1,6.7,8.0,8.2
E00032,P00335,Contributor,2024-09-16,2024-09-19,1,7.7,9.0,8.6
E00032,P00341,Contributor,2023-02-20,2023-02-24,1,5.7,5.6,7.6
E00032,P00384,Contributor,2025-04-10,2025-04-14,1,5.5,6.1,7.6
E00032,P00430,Contributor,2026-02-05,2026-02-11,1,8.3,9.4,9.0
E00032,P00457,Contributor,2025-10-06,2025-10-22,1,6.2,7.1,7.9
E00032,P00472,Contributor,2024-12-21,2024-12-24,1,6.1,6.1,7.8
E00032,P00515,Contributor,2024-11-19,2024-12-02,1,5.5,5.0,7.6
E00032,P00632,Contributor,2026-03-16,2026-03-03,1,5.5,5.0,7.6
E00032,P00635,Contributor,2023-10-17,2023-10-18,1,6.6,8.0,8.1
E00032,P00669,Contributor,2024-09-06,2024-09-21,1,7.5,8.8,8.6
E00032,P00713,Contributor,2024-09-07,2024-09-19,1,5.6,6.1,7.6
E00032,P00828,Contributor,2025-10-28,2025-12-28,2,5.5,5.0,7.6
E00033,P00027,Contributor,2025-12-12,2025-12-15,1,9.7,9.7,8.8
E00033,P00050,Contributor,2025-12-06,2025-12-18,1,7.3,7.8,7.6
E00033,P00075,Contributor,2026-04-27,2026-05-04,1,5.5,5.0,6.8
E00033,P00079,Contributor,2024-03-04,2024-03-07,1,7.3,8.6,7.6
E00033,P00089,Contributor,2025-01-12,2025-01-25,1,7.0,7.6,7.5
E00033,P00108,Contributor,2025-02-27,2025-03-06,1,6.6,6.6,7.3
E00033,P00113,Contributor,2024-08-06,2024-08-21,1,5.5,5.0,6.8
E00033,P00131,Contributor,2025-11-05,2025-11-17,1,8.0,9.3,8.0
E00033,P00149,Contributor,2023-11-19,2023-11-22,1,5.9,7.3,7.0
E00033,P00151,Contributor,2025-11-21,2025-12-01,1,5.7,6.0,6.8
E00033,P00218,Contributor,2026-01-06,2026-01-16,1,7.4,7.7,7.7
E00033,P00227,Contributor,2026-03-10,2026-03-17,1,6.8,8.2,7.4
E00033,P00298,Contributor,2025-05-23,2025-05-30,1,5.5,5.0,6.8
E00033,P00311,Contributor,2024-02-08,2024-02-23,1,7.6,7.9,7.8
E00033,P00366,Contributor,2023-09-20,2023-11-23,2,8.3,8.9,8.2
E00033,P00375,Contributor,2026-03-17,2026-03-28,1,7.6,8.9,7.8
E00033,P00439,Contributor,2024-04-04,2024-04-09,1,7.6,8.6,7.8
E00033,P00515,Contributor,2024-11-21,2024-11-23,1,8.9,9.7,8.4
E00033,P00522,Contributor,2025-10-31,2025-11-10,1,7.3,8.6,7.6
E00033,P00545,Contributor,2024-08-19,2024-08-24,1,6.4,7.8,7.2
E00033,P00558,Contributor,2023-10-26,2023-10-29,1,5.5,5.0,6.8
E00033,P00595,Contributor,2025-12-12,2025-12-17,1,6.5,7.4,7.2
E00033,P00657,Contributor,2026-02-08,2026-02-12,1,7.7,9.1,7.8
E00033,P00741,Contributor,2026-02-16,2026-03-03,1,5.5,5.0,6.8
E00033,P00750,Contributor,2025-11-19,2026-01-17,2,5.7,5.0,6.8
E00033,P00759,Contributor,2026-03-07,2026-03-13,1,7.1,8.0,7.6
E00033,P00760,Contributor,2023-04-24,2023-04-30,1,6.5,6.7,7.2
E00033,P00777,Contributor,2025-03-07,2025-03-18,1,8.3,8.2,8.2
E00033,P00780,Contributor,2026-01-16,2026-01-24,1,7.3,8.2,7.6
E00033,P00783,Contributor,2023-09-30,2023-10-10,1,7.7,9.0,7.8
E00033,P00791,Contributor,2025-10-10,2025-10-16,1,6.8,7.8,7.4
E00033,P00824,Contributor,2023-06-21,2023-06-28,1,7.8,8.6,7.9
E00034,P00006,Project Team Member,2024-06-25,2024-07-07,1,7.4,8.2,7.2
E00034,P00090,Project Team Member,2026-02-19,2026-03-03,1,5.5,5.0,6.2
E00034,P00095,Project Team Member,2025-01-26,2025-02-10,1,5.9,6.6,6.4
E00034,P00097,Project Team Member,2025-10-15,2025-10-28,2,6.6,6.7,6.8
E00034,P00102,Project Team Member,2024-03-06,2024-03-20,1,6.2,6.5,6.6
E00034,P00118,Project Team Member,2025-04-13,2025-04-20,1,7.2,6.2,7.1
E00034,P00128,Project Team Member,2024-02-15,2024-02-19,1,7.9,9.1,7.4
E00034,P00135,Project Team Member,2024-04-04,2024-04-23,1,6.6,6.8,6.8
E00034,P00149,Project Team Member,2023-07-22,2023-08-02,1,5.5,5.0,6.2
E00034,P00188,Project Team Member,2025-12-11,2025-12-23,1,7.4,8.7,7.2
E00034,P00207,Project Team Member,2024-07-29,2024-08-04,1,7.2,8.5,7.1
E00034,P00240,Project Team Member,2023-07-17,2023-07-21,1,7.6,9.0,7.3
E00034,P00248,Project Team Member,2026-01-24,2026-02-04,1,7.3,8.6,7.2
E00034,P00267,Project Team Member,2025-03-02,2025-03-05,1,5.5,5.9,6.2
E00034,P00297,Project Team Member,2025-03-14,2025-03-19,1,5.5,5.0,6.2
E00034,P00378,Project Team Member,2024-07-24,2024-08-12,1,6.6,7.7,6.8
E00034,P00385,Project Team Member,2024-01-11,2024-01-15,1,6.0,6.4,6.5
E00034,P00408,Project Team Member,2023-07-31,2023-08-13,1,5.8,6.3,6.4
E00034,P00482,Project Team Member,2023-04-16,2023-04-22,1,7.3,8.5,7.2
E00034,P00512,Project Team Member,2024-06-08,2024-09-06,2,8.0,8.5,7.5
E00034,P00584,Project Team Member,2024-03-09,2024-03-17,1,8.3,9.3,7.6
E00034,P00614,Project Team Member,2026-03-11,2026-03-14,1,9.3,9.7,8.2
E00034,P00625,Project Team Member,2025-12-25,2026-01-07,1,5.5,5.0,6.2
E00034,P00672,Project Team Member,2025-12-30,2025-12-31,1,7.5,7.1,7.2
E00034,P00679,Project Team Member,2026-03-21,2026-02-28,2,5.5,5.0,6.2
E00034,P00719,Project Team Member,2026-02-20,2026-02-22,1,7.7,9.0,7.4
E00034,P00727,Project Team Member,2024-11-03,2024-11-10,1,7.0,8.2,7.0
E00034,P00799,Project Team Member,2024-08-11,2024-08-22,1,7.0,7.5,7.0
E00034,P00812,Project Team Member,2023-09-10,2023-09-25,1,6.9,5.9,7.0
E00034,P00816,Project Team Member,2026-02-15,2026-03-01,1,8.4,9.7,7.7
E00034,P00860,Project Team Member,2025-05-10,2025-05-18,1,5.6,5.9,6.3
E00035,P00031,Contributor,2023-07-09,2023-07-11,1,6.6,5.6,7.7
E00035,P00035,Contributor,2025-11-22,2025-11-26,1,7.5,8.4,8.2
E00035,P00108,Contributor,2024-11-20,2024-12-19,1,8.8,9.0,8.8
E00035,P00162,Contributor,2025-12-21,2025-12-29,1,9.3,9.7,9.0
E00035,P00174,Contributor,2026-04-26,2026-04-28,1,6.5,5.5,7.6
E00035,P00236,Contributor,2025-07-05,2025-07-20,1,6.3,6.3,7.6
E00035,P00275,Contributor,2026-01-14,2026-01-27,1,8.4,9.6,8.6
E00035,P00415,Contributor,2024-11-17,2024-11-21,1,5.5,5.0,7.2
E00035,P00453,Contributor,2025-09-19,2025-09-26,1,5.5,5.3,7.2
E00035,P00475,Contributor,2024-06-05,2024-06-17,1,5.6,5.4,7.2
E00035,P00513,Contributor,2025-12-27,2026-01-06,1,7.5,8.0,8.2
E00035,P00591,Contributor,2023-09-04,2023-09-12,1,5.5,5.0,7.2
E00035,P00619,Contributor,2024-10-30,2024-11-06,1,6.0,6.0,7.4
E00035,P00706,Contributor,2023-11-20,2023-12-02,1,7.2,7.9,8.0
E00035,P00759,Contributor,2026-03-10,2026-03-20,1,5.8,5.1,7.3
E00035,P00762,Contributor,2025-11-15,2025-12-15,1,7.2,8.0,8.0
E00035,P00774,Contributor,2025-02-16,2025-03-01,1,8.3,9.5,8.6
E00035,P00829,Contributor,2023-11-30,2024-01-08,2,7.0,7.4,7.9
E00035,P00850,Contributor,2025-06-22,2025-07-03,1,7.2,6.7,8.0
E00035,P00856,Contributor,2025-01-15,2025-01-29,1,5.5,5.0,7.2
E00036,P00015,Contributor,2026-03-17,2026-03-29,1,5.5,5.0,6.2
E00036,P00020,Contributor,2024-09-05,2024-09-18,1,7.0,7.6,7.0
E00036,P00071,Contributor,2023-08-04,2023-08-11,1,7.2,8.3,7.1
E00036,P00133,Contributor,2025-05-26,2025-05-28,1,5.6,5.9,6.3
E00036,P00180,Contributor,2025-10-01,2025-10-09,1,8.6,8.7,7.8
E00036,P00222,Contributor,2023-08-02,2023-08-17,1,5.5,5.0,6.2
E00036,P00274,Contributor,2024-04-21,2024-05-06,1,5.5,5.3,6.2
E00036,P00335,Contributor,2024-12-10,2024-12-14,1,5.5,5.0,6.2
E00036,P00477,Contributor,2025-11-20,2025-12-05,1,6.2,6.2,6.6
E00036,P00513,Contributor,2025-07-07,2025-07-25,1,8.0,9.3,7.5
E00036,P00536,Contributor,2023-09-27,2023-10-05,1,9.2,9.7,8.1
E00036,P00614,Contributor,2026-02-28,2026-03-19,1,7.1,8.2,7.0
E00036,P00787,Contributor,2026-04-03,2026-04-16,1,6.8,7.7,6.9
E00036,P00806,Contributor,2025-10-16,2025-10-20,1,7.6,8.0,7.3
E00037,P00035,Project Team Member,2025-11-26,2025-12-04,1,5.5,5.0,6.8
E00037,P00036,Project Team Member,2023-12-26,2024-01-22,1,6.7,8.0,7.4
E00037,P00078,Project Team Member,2024-05-24,2024-06-13,1,7.5,8.8,7.8
E00037,P00191,Project Team Member,2025-09-13,2025-09-26,1,5.7,6.3,7.0
E00037,P00220,Project Team Member,2023-03-26,2023-03-31,1,6.2,6.2,7.2
E00037,P00239,Project Team Member,2024-07-05,2024-07-14,1,5.5,5.0,6.8
E00037,P00248,Project Team Member,2026-02-07,2026-02-09,1,6.8,6.2,7.5
E00037,P00259,Project Team Member,2025-04-30,2025-05-15,1,5.5,5.0,6.8
E00037,P00295,Project Team Member,2024-07-25,2024-07-29,1,5.5,5.0,6.8
E00037,P00314,Project Team Member,2025-07-29,2025-08-08,1,5.7,5.2,7.0
E00037,P00320,Project Team Member,2025-05-15,2025-05-28,1,6.8,7.9,7.5
E00037,P00340,Project Team Member,2024-06-18,2024-06-24,1,7.2,6.2,7.7
E00037,P00360,Project Team Member,2025-02-23,2025-07-07,2,5.8,5.6,7.0
E00037,P00370,Project Team Member,2025-01-20,2025-02-02,1,7.3,8.6,7.8
E00037,P00392,Project Team Member,2023-08-28,2023-09-13,1,5.5,5.2,6.8
E00037,P00553,Project Team Member,2024-09-22,2024-09-30,1,6.4,6.5,7.3
E00037,P00573,Project Team Member,2024-05-22,2024-05-31,1,6.1,5.9,7.2
E00037,P00605,Project Team Member,2025-07-08,2025-07-16,1,6.0,7.2,7.1
E00037,P00621,Project Team Member,2023-12-28,2024-01-10,1,8.6,8.8,8.4
E00037,P00627,Project Team Member,2024-05-19,2024-05-27,1,6.8,7.7,7.5
E00037,P00633,Project Team Member,2026-03-25,2026-03-29,1,7.3,8.5,7.8
E00037,P00661,Project Team Member,2023-09-05,2023-09-17,1,9.2,9.7,8.7
E00037,P00669,Project Team Member,2024-04-01,2024-04-08,1,5.5,5.0,6.8
E00037,P00790,Project Team Member,2025-07-17,2025-07-28,1,6.1,5.9,7.2
E00037,P00864,Project Team Member,2024-02-01,2024-02-28,3,7.2,6.2,7.7
E00037,P00867,Project Team Member,2024-02-03,2024-03-01,1,5.9,5.2,7.0
E00037,P00893,Project Team Member,2026-02-18,2026-03-01,1,6.5,6.6,7.4
E00038,P00147,Project Team Member,2024-10-13,2024-10-18,1,7.6,8.8,6.9
E00038,P00166,Project Team Member,2023-11-06,2023-11-18,1,5.6,5.0,5.9
E00038,P00206,Project Team Member,2026-01-21,2026-01-31,1,5.5,5.0,5.8
E00038,P00224,Project Team Member,2023-12-25,2024-07-30,2,6.7,7.1,6.4
E00038,P00273,Project Team Member,2026-01-06,2026-01-08,1,8.2,9.2,7.2
E00038,P00342,Project Team Member,2026-03-20,2026-04-03,1,5.5,5.0,5.8
E00038,P00642,Project Team Member,2025-01-29,2025-02-01,1,7.7,8.7,7.0
E00038,P00644,Project Team Member,2025-07-09,2025-07-16,1,8.0,9.3,7.1
E00038,P00678,Project Team Member,2025-05-17,2025-05-20,1,6.2,7.3,6.2
E00038,P00716,Project Team Member,2023-11-11,2023-11-20,1,6.8,7.2,6.5
E00038,P00869,Project Team Member,2025-01-21,2025-01-31,1,6.6,7.6,6.4
E00038,P00880,Project Team Member,2026-02-23,2026-03-06,1,9.2,9.7,7.7
E00039,P00003,Project Team Member,2026-03-10,2026-03-21,1,9.5,9.7,8.2
E00039,P00030,Project Team Member,2024-05-09,2024-05-22,1,7.4,8.2,7.1
E00039,P00033,Project Team Member,2024-09-09,2024-09-16,1,6.1,6.1,6.4
E00039,P00057,Project Team Member,2023-06-17,2023-06-19,1,6.1,7.1,6.4
E00039,P00066,Project Team Member,2024-01-31,2024-02-05,1,5.9,5.9,6.4
E00039,P00071,Project Team Member,2023-09-20,2023-09-23,1,5.8,5.6,6.3
E00039,P00073,Project Team Member,2023-12-29,2024-01-07,1,5.5,5.0,6.2
E00039,P00088,Project Team Member,2024-09-16,2024-09-23,1,6.8,6.7,6.8
E00039,P00091,Project Team Member,2025-12-19,2025-12-27,1,6.5,6.8,6.6
E00039,P00119,Project Team Member,2024-12-08,2024-12-18,1,8.0,9.3,7.4
E00039,P00124,Project Team Member,2025-12-30,2026-01-07,1,5.5,5.0,6.2
E00039,P00128,Project Team Member,2023-08-21,2024-04-07,2,6.6,6.4,6.7
E00039,P00130,Project Team Member,2025-10-30,2025-11-09,1,5.5,5.0,6.2
E00039,P00167,Project Team Member,2025-02-21,2025-02-26,1,5.5,5.0,6.2
E00039,P00192,Project Team Member,2024-02-08,2024-02-10,1,6.5,7.8,6.6
E00039,P00193,Project Team Member,2024-11-19,2024-12-02,1,8.8,9.6,7.8
E00039,P00207,Project Team Member,2024-07-18,2024-07-21,1,8.3,8.1,7.6
E00039,P00243,Project Team Member,2025-09-28,2025-10-03,1,5.5,5.0,6.2
E00039,P00250,Project Team Member,2023-12-06,2023-12-14,1,5.5,5.0,6.2
E00039,P00252,Project Team Member,2025-12-03,2025-12-05,1,5.9,6.6,6.4
E00039,P00254,Project Team Member,2023-11-05,2023-11-19,1,6.8,8.1,6.8
E00039,P00280,Project Team Member,2025-01-25,2025-02-07,1,5.5,5.0,6.2
E00039,P00297,Project Team Member,2025-04-16,2025-05-16,1,6.9,8.3,6.8
E00039,P00299,Project Team Member,2025-07-11,2025-07-20,1,9.4,9.7,8.1
E00039,P00303,Project Team Member,2023-09-25,2023-10-01,1,7.4,8.6,7.1
E00039,P00315,Project Team Member,2026-01-08,2026-01-19,1,7.6,8.7,7.2
E00039,P00337,Project Team Member,2023-07-03,2023-07-10,1,7.6,8.8,7.2
E00039,P00358,Project Team Member,2025-03-26,2025-03-28,1,7.2,6.2,7.0
E00039,P00382,Project Team Member,2023-08-12,2023-08-22,1,5.5,5.0,6.2
E00039,P00399,Project Team Member,2024-01-28,2024-02-07,1,5.9,5.2,6.4
E00039,P00418,Project Team Member,2023-04-16,2023-04-30,1,7.7,8.7,7.2
E00039,P00463,Project Team Member,2026-04-28,2026-02-19,1,5.5,5.0,6.2
E00039,P00491,Project Team Member,2024-06-18,2024-07-03,1,6.9,8.0,6.8
E00039,P00511,Project Team Member,2025-10-04,2025-10-30,1,6.7,7.2,6.8
E00039,P00541,Project Team Member,2025-01-08,2025-01-11,1,5.5,5.0,6.2
E00039,P00564,Project Team Member,2026-01-26,2026-02-02,1,8.1,8.7,7.4
E00039,P00566,Project Team Member,2025-08-05,2025-08-09,1,5.5,5.0,6.2
E00039,P00583,Project Team Member,2026-03-18,2026-04-14,1,8.4,9.7,7.6
E00039,P00594,Project Team Member,2024-08-16,2024-08-21,1,7.1,7.7,7.0
E00039,P00599,Project Team Member,2024-01-30,2024-02-05,1,6.6,7.3,6.7
E00039,P00601,Project Team Member,2025-01-14,2025-01-19,1,6.3,7.7,6.6
E00039,P00610,Project Team Member,2024-04-01,2024-04-12,1,7.3,8.6,7.0
E00039,P00614,Project Team Member,2026-03-16,2026-03-23,1,7.6,8.6,7.2
E00039,P00658,Project Team Member,2025-11-16,2025-11-30,1,5.5,5.0,6.2
E00039,P00667,Project Team Member,2023-12-31,2024-01-08,1,9.1,9.7,8.0
E00039,P00721,Project Team Member,2026-03-06,2026-03-11,1,5.5,5.0,6.2
E00039,P00731,Project Team Member,2024-09-06,2024-09-11,1,7.9,9.2,7.4
E00039,P00732,Project Team Member,2026-04-12,2026-04-23,1,6.0,6.1,6.4
E00039,P00749,Project Team Member,2026-03-24,2026-03-26,1,5.5,5.0,6.2
E00039,P00789,Project Team Member,2026-04-30,2026-05-15,1,6.1,7.1,6.4
E00039,P00815,Project Team Member,2025-09-20,2025-09-23,1,6.1,5.9,6.4
E00039,P00824,Project Team Member,2023-05-30,2023-06-13,1,6.6,6.3,6.7
E00039,P00855,Project Team Member,2025-07-02,2025-07-16,1,5.8,5.5,6.3
E00040,P00035,Project Team Member,2026-01-30,2026-02-01,1,5.5,5.0,6.8
E00040,P00045,Project Team Member,2023-12-07,2023-12-12,1,5.5,5.0,6.8
E00040,P00125,Project Team Member,2025-05-26,2025-06-10,1,5.5,5.0,6.8
E00040,P00180,Project Team Member,2025-09-14,2025-09-16,1,5.5,5.0,6.8
E00040,P00239,Project Team Member,2025-01-08,2025-01-20,1,6.0,5.8,7.1
E00040,P00331,Project Team Member,2024-12-12,2024-12-25,2,8.2,8.9,8.2
E00040,P00381,Project Team Member,2025-04-06,2025-04-16,1,6.8,8.1,7.5
E00040,P00426,Project Team Member,2023-08-15,2023-08-18,1,6.8,7.9,7.5
E00040,P00463,Project Team Member,2026-04-28,2026-02-19,1,7.4,7.3,7.8
E00040,P00478,Project Team Member,2024-04-19,2024-04-28,1,6.1,7.1,7.2
E00040,P00513,Project Team Member,2025-07-21,2025-07-24,1,5.5,5.0,6.8
E00040,P00548,Project Team Member,2023-08-02,2023-08-16,1,7.4,8.3,7.8
E00040,P00662,Project Team Member,2025-04-08,2025-04-23,1,6.7,7.0,7.4
E00040,P00728,Project Team Member,2024-06-16,2024-07-01,1,5.6,5.8,6.9
E00040,P00862,Project Team Member,2026-01-20,2026-01-23,1,7.9,7.9,8.0
E00040,P00863,Project Team Member,2025-08-01,2025-08-05,1,6.8,8.0,7.5
E00041,P00030,Project Team Member,2023-11-16,2023-12-03,1,8.5,9.1,8.6
E00041,P00048,Project Team Member,2025-12-06,2025-12-21,1,5.5,5.4,7.0
E00041,P00057,Project Team Member,2023-03-07,2023-03-11,1,6.8,6.5,7.7
E00041,P00064,Project Team Member,2025-08-19,2026-02-09,2,7.1,6.9,7.8
E00041,P00067,Project Team Member,2025-09-11,2025-09-21,1,8.0,9.3,8.3
E00041,P00089,Project Team Member,2025-11-21,2025-12-03,1,5.8,5.5,7.2
E00041,P00228,Project Team Member,2023-07-20,2023-08-10,2,6.9,7.0,7.8
E00041,P00239,Project Team Member,2024-07-23,2024-08-08,1,7.7,8.9,8.2
E00041,P00244,Project Team Member,2026-04-11,2026-03-02,1,7.8,9.0,8.2
E00041,P00268,Project Team Member,2024-01-17,2024-01-26,1,5.5,5.0,7.0
E00041,P00269,Project Team Member,2023-11-08,2023-11-23,1,6.4,7.6,7.5
E00041,P00401,Project Team Member,2023-04-03,2023-04-14,1,5.5,5.0,7.0
E00041,P00426,Project Team Member,2023-09-02,2023-09-04,1,8.2,8.0,8.4
E00041,P00477,Project Team Member,2026-02-10,2026-02-18,1,6.4,7.3,7.5
E00041,P00495,Project Team Member,2025-10-07,2025-10-14,1,7.1,7.8,7.8
E00041,P00604,Project Team Member,2024-05-31,2024-06-04,1,5.5,5.6,7.0
E00041,P00622,Project Team Member,2024-07-23,2024-07-29,1,5.5,5.0,7.0
E00041,P00676,Project Team Member,2026-03-05,2026-02-18,1,5.8,5.4,7.2
E00041,P00721,Project Team Member,2026-02-25,2026-03-03,1,7.4,8.6,8.0
E00041,P00758,Project Team Member,2024-02-13,2024-02-15,1,5.5,5.0,7.0
E00041,P00788,Project Team Member,2024-07-08,2024-07-28,1,6.3,7.7,7.4
E00041,P00856,Project Team Member,2024-11-15,2024-11-30,1,6.2,6.7,7.4
E00042,P00022,Project Team Member,2024-10-12,2024-10-22,1,6.3,7.6,7.2
E00042,P00029,Project Team Member,2025-10-22,2025-10-24,1,5.5,5.0,6.8
E00042,P00045,Project Team Member,2023-07-16,2023-07-30,1,5.5,5.0,6.8
E00042,P00049,Project Team Member,2024-11-08,2024-11-17,1,5.9,5.9,7.0
E00042,P00066,Project Team Member,2024-01-21,2024-01-25,1,5.5,5.0,6.8
E00042,P00069,Project Team Member,2024-08-04,2024-08-26,1,6.4,7.3,7.3
E00042,P00086,Project Team Member,2024-09-27,2024-10-02,1,5.5,5.0,6.8
E00042,P00121,Project Team Member,2024-01-17,2024-01-31,1,5.8,6.1,7.0
E00042,P00139,Project Team Member,2025-02-07,2025-02-19,1,9.4,9.7,8.8
E00042,P00142,Project Team Member,2025-09-03,2025-09-13,1,6.9,8.0,7.6
E00042,P00179,Project Team Member,2026-03-06,2026-03-11,1,6.5,6.6,7.4
E00042,P00222,Project Team Member,2023-07-04,2023-07-12,1,7.6,8.6,7.9
E00042,P00227,Project Team Member,2026-03-09,2026-03-21,1,6.4,6.5,7.3
E00042,P00234,Project Team Member,2024-07-08,2024-07-21,1,6.7,7.8,7.4
E00042,P00245,Project Team Member,2025-11-14,2025-11-19,1,5.5,5.0,6.8
E00042,P00272,Project Team Member,2025-08-01,2025-08-27,1,8.0,9.4,8.1
E00042,P00274,Project Team Member,2025-02-11,2025-02-13,1,5.9,6.4,7.0
E00042,P00303,Project Team Member,2024-03-17,2024-04-01,1,5.5,5.0,6.8
E00042,P00316,Project Team Member,2023-06-11,2023-06-16,1,7.4,8.2,7.8
E00042,P00317,Project Team Member,2024-01-08,2024-02-01,2,6.6,5.9,7.4
E00042,P00328,Project Team Member,2024-09-19,2024-10-04,1,7.9,9.2,8.0
E00042,P00331,Project Team Member,2024-11-14,2024-11-18,1,8.3,9.3,8.2
E00042,P00340,Project Team Member,2024-11-13,2024-11-19,1,6.8,8.1,7.5
E00042,P00355,Project Team Member,2023-11-22,2023-12-16,2,7.6,7.3,7.9
E00042,P00407,Project Team Member,2025-01-29,2025-02-01,1,6.0,7.4,7.1
E00042,P00418,Project Team Member,2023-01-14,2023-01-29,1,5.5,5.0,6.8
E00042,P00419,Project Team Member,2024-07-06,2024-07-08,1,7.6,8.5,7.9
E00042,P00448,Project Team Member,2025-09-12,2025-09-19,1,7.9,9.2,8.0
E00042,P00451,Project Team Member,2025-05-06,2025-05-21,1,9.1,9.6,8.6
E00042,P00454,Project Team Member,2024-09-27,2024-09-30,1,6.5,7.8,7.4
E00042,P00455,Project Team Member,2025-02-02,2025-02-26,1,6.2,6.1,7.2
E00042,P00458,Project Team Member,2026-03-01,2026-03-08,1,6.8,7.1,7.5
E00042,P00476,Project Team Member,2024-03-03,2024-03-07,1,5.5,5.0,6.8
E00042,P00538,Project Team Member,2025-07-21,2025-08-17,1,7.4,7.9,7.8
E00042,P00541,Project Team Member,2024-09-02,2024-09-04,1,7.6,8.5,7.9
E00042,P00542,Project Team Member,2023-10-31,2023-11-05,1,7.7,8.4,8.0
E00042,P00544,Project Team Member,2025-12-04,2025-12-08,1,5.5,5.0,6.8
E00042,P00641,Project Team Member,2024-01-15,2024-01-19,1,6.7,5.7,7.4
E00042,P00655,Project Team Member,2026-02-15,2026-02-24,1,8.2,9.4,8.2
E00042,P00663,Project Team Member,2025-04-08,2025-04-21,1,6.0,6.9,7.1
E00042,P00669,Project Team Member,2024-09-26,2024-10-11,1,6.5,7.6,7.4
E00042,P00672,Project Team Member,2025-11-20,2025-11-26,1,5.5,5.0,6.8
E00042,P00677,Project Team Member,2025-06-19,2025-09-01,2,7.4,7.4,7.8
E00042,P00687,Project Team Member,2024-06-23,2024-06-26,1,5.5,5.0,6.8
E00042,P00688,Project Team Member,2023-07-01,2023-07-12,1,9.7,9.7,9.0
E00042,P00727,Project Team Member,2024-05-18,2024-06-04,1,9.2,9.7,8.7
E00042,P00772,Project Team Member,2024-05-31,2024-06-03,1,6.0,5.9,7.1
E00042,P00776,Project Team Member,2024-05-17,2024-06-01,1,6.0,6.6,7.1
E00042,P00804,Project Team Member,2024-06-30,2024-07-20,1,5.5,5.0,6.8
E00042,P00812,Project Team Member,2024-02-07,2024-02-15,1,6.9,7.6,7.6
E00042,P00818,Project Team Member,2023-11-11,2023-11-14,1,5.6,5.3,6.9
E00042,P00844,Project Team Member,2025-12-10,2025-12-19,1,7.6,8.6,7.9
E00042,P00866,Project Team Member,2024-10-02,2024-10-29,1,7.4,8.3,7.8
E00042,P00891,Project Team Member,2023-07-18,2023-07-29,1,5.5,5.7,6.8
E00042,P00898,Project Team Member,2024-04-06,2024-04-08,1,6.8,5.8,7.5
E00043,P00200,Contributor,2025-04-01,2025-04-05,1,6.8,7.4,7.3
E00043,P00263,Contributor,2024-02-19,2024-03-03,1,6.6,6.9,7.2
E00043,P00792,Contributor,2023-11-26,2023-12-10,1,9.3,9.7,8.6
E00043,P00824,Contributor,2023-07-31,2023-08-09,1,7.6,9.0,7.7
E00044,P00037,Contributor,2026-02-27,2026-03-01,1,5.5,5.0,6.6
E00044,P00108,Contributor,2025-09-07,2025-09-13,1,7.6,8.5,7.7
E00044,P00127,Contributor,2025-08-07,2025-08-24,1,5.9,6.8,6.8
E00044,P00148,Contributor,2024-10-24,2024-11-05,1,5.5,5.2,6.6
E00044,P00234,Contributor,2024-06-28,2024-07-03,1,7.1,7.8,7.4
E00044,P00265,Contributor,2025-07-26,2025-08-10,1,7.2,8.0,7.5
E00044,P00282,Contributor,2023-06-21,2023-07-01,1,6.8,7.5,7.3
E00044,P00283,Contributor,2026-04-22,2026-04-27,1,5.5,5.0,6.6
E00044,P00285,Contributor,2023-03-11,2023-06-23,2,6.3,6.2,7.0
E00044,P00334,Contributor,2025-10-01,2025-10-09,1,8.0,7.6,7.9
E00044,P00415,Contributor,2024-09-07,2024-09-20,1,5.6,5.8,6.7
E00044,P00456,Contributor,2025-07-18,2025-07-28,1,8.0,9.3,7.9
E00044,P00536,Contributor,2023-05-20,2023-05-31,1,5.5,5.0,6.6
E00044,P00550,Contributor,2024-01-27,2024-02-02,1,8.0,9.3,7.9
E00044,P00591,Contributor,2023-11-12,2023-11-27,1,5.9,6.2,6.8
E00044,P00621,Contributor,2023-12-13,2024-01-05,1,7.7,9.0,7.8
E00044,P00631,Contributor,2024-09-13,2024-10-12,1,7.8,9.1,7.8
E00044,P00638,Contributor,2026-03-16,2026-03-31,1,8.4,9.7,8.1
E00044,P00742,Contributor,2024-03-06,2024-03-14,1,5.5,5.0,6.6
E00044,P00777,Contributor,2025-02-18,2025-02-21,1,6.4,7.0,7.1
E00044,P00892,Contributor,2025-06-14,2025-06-23,1,7.5,8.5,7.6
E00045,P00008,Contributor,2025-03-23,2025-03-27,1,6.4,7.0,6.5
E00045,P00035,Contributor,2026-01-07,2026-01-16,1,7.2,8.5,6.9
E00045,P00083,Contributor,2023-07-23,2023-07-31,1,5.5,5.0,6.0
E00045,P00105,Contributor,2024-04-19,2024-04-29,1,5.5,5.0,6.0
E00045,P00107,Contributor,2026-04-16,2026-04-21,1,5.5,5.0,6.0
E00045,P00161,Contributor,2025-05-14,2025-05-23,1,5.5,5.0,6.0
E00045,P00231,Contributor,2025-06-19,2025-06-24,1,7.8,9.2,7.2
E00045,P00236,Contributor,2025-01-24,2025-01-28,1,7.5,8.0,7.0
E00045,P00238,Contributor,2024-02-08,2024-02-11,1,5.5,5.0,6.0
E00045,P00271,Contributor,2024-06-17,2024-06-29,1,5.5,5.0,6.0
E00045,P00318,Contributor,2023-08-10,2024-04-07,2,9.1,9.7,7.8
E00045,P00372,Contributor,2025-12-30,2026-01-03,1,5.5,5.0,6.0
E00045,P00472,Contributor,2025-03-20,2025-04-15,1,8.3,8.5,7.4
E00045,P00512,Contributor,2024-04-23,2024-04-25,1,6.3,6.7,6.4
E00045,P00534,Contributor,2024-04-07,2024-05-04,1,5.7,5.0,6.2
E00045,P00617,Contributor,2025-11-07,2025-11-18,1,7.3,8.7,7.0
E00045,P00623,Contributor,2024-01-30,2024-03-30,2,6.3,5.7,6.4
E00045,P00656,Contributor,2026-03-20,2026-04-04,1,5.5,5.0,6.0
E00045,P00698,Contributor,2024-08-20,2024-09-02,1,7.1,6.7,6.8
E00045,P00720,Contributor,2025-04-08,2025-04-16,1,6.8,8.1,6.7
E00045,P00722,Contributor,2024-09-19,2024-09-29,1,7.2,7.9,6.9
E00045,P00773,Contributor,2025-12-31,2026-01-13,1,8.0,9.3,7.3
E00045,P00780,Contributor,2026-02-23,2026-03-12,1,5.5,5.0,6.0
E00045,P00853,Contributor,2025-08-20,2025-09-10,1,5.5,5.0,6.0
E00045,P00880,Contributor,2026-01-03,2026-01-08,1,6.5,5.5,6.6
E00045,P00881,Contributor,2023-12-18,2024-01-02,1,7.1,7.7,6.8
E00045,P00890,Contributor,2024-07-16,2024-08-08,1,7.6,8.5,7.1
E00046,P00006,Project Team Member,2024-07-24,2024-08-02,1,7.4,8.3,7.4
E00046,P00009,Project Team Member,2023-12-09,2023-12-11,1,5.5,5.0,6.4
E00046,P00016,Project Team Member,2024-11-11,2024-11-20,1,7.3,8.6,7.4
E00046,P00045,Project Team Member,2024-01-08,2024-01-09,1,6.8,8.1,7.1
E00046,P00046,Project Team Member,2025-03-01,2025-03-09,1,8.1,9.1,7.8
E00046,P00066,Project Team Member,2024-07-06,2024-07-19,1,8.0,8.2,7.7
E00046,P00067,Project Team Member,2025-08-24,2025-09-05,1,9.7,9.7,8.6
E00046,P00080,Project Team Member,2026-01-28,2026-02-05,1,5.5,5.2,6.4
E00046,P00091,Project Team Member,2025-12-24,2025-12-31,1,5.6,5.9,6.5
E00046,P00104,Project Team Member,2023-12-11,2023-12-21,1,7.6,9.0,7.5
E00046,P00118,Project Team Member,2025-03-29,2025-03-31,1,8.9,9.4,8.2
E00046,P00126,Project Team Member,2025-07-16,2025-07-25,1,6.2,7.2,6.8
E00046,P00150,Project Team Member,2023-09-17,2023-09-24,1,5.7,6.1,6.6
E00046,P00152,Project Team Member,2026-01-29,2026-02-26,1,5.9,5.2,6.6
E00046,P00225,Project Team Member,2026-02-19,2026-03-05,1,6.6,6.3,7.0
E00046,P00226,Project Team Member,2025-10-17,2025-10-20,1,5.9,5.2,6.6
E00046,P00243,Project Team Member,2025-10-02,2025-10-10,1,7.4,8.4,7.4
E00046,P00246,Project Team Member,2025-09-25,2025-10-06,1,7.2,8.0,7.3
E00046,P00262,Project Team Member,2024-07-12,2024-07-24,1,9.7,9.7,8.6
E00046,P00265,Project Team Member,2025-01-22,2025-02-04,1,7.1,8.2,7.2
E00046,P00268,Project Team Member,2024-07-19,2024-08-02,1,8.0,9.3,7.7
E00046,P00288,Project Team Member,2024-06-03,2024-06-11,1,7.3,8.6,7.4
E00046,P00290,Project Team Member,2024-05-05,2024-05-31,1,6.5,7.5,7.0
E00046,P00305,Project Team Member,2024-09-10,2024-09-14,1,6.6,7.5,7.0
E00046,P00321,Project Team Member,2023-10-20,2023-11-03,1,5.5,5.0,6.4
E00046,P00326,Project Team Member,2026-04-21,2026-04-23,1,8.0,9.3,7.7
E00046,P00388,Project Team Member,2023-08-27,2023-09-15,1,5.5,5.0,6.4
E00046,P00392,Project Team Member,2023-09-05,2023-09-26,2,7.6,7.8,7.5
E00046,P00402,Project Team Member,2026-03-24,2026-04-17,1,7.7,9.0,7.6
E00046,P00424,Project Team Member,2024-04-18,2024-04-22,1,6.9,7.9,7.2
E00046,P00426,Project Team Member,2023-08-06,2023-11-07,2,7.3,8.0,7.4
E00046,P00431,Project Team Member,2025-12-14,2026-01-11,1,8.4,9.7,7.9
E00046,P00436,Project Team Member,2024-01-26,2024-02-07,1,6.9,8.2,7.2
E00046,P00440,Project Team Member,2023-09-22,2023-09-28,1,5.5,5.0,6.4
E00046,P00443,Project Team Member,2023-04-04,2023-04-30,1,5.5,5.0,6.4
E00046,P00458,Project Team Member,2026-02-28,2026-03-15,1,5.5,5.0,6.4
E00046,P00490,Project Team Member,2025-07-10,2025-07-19,1,7.5,8.9,7.4
E00046,P00517,Project Team Member,2024-02-06,2024-02-18,1,6.5,7.8,7.0
E00046,P00543,Project Team Member,2023-03-23,2023-04-19,1,5.8,5.6,6.6
E00046,P00544,Project Team Member,2025-01-09,2025-01-11,1,5.5,5.0,6.4
E00046,P00546,Project Team Member,2024-05-30,2024-06-01,1,7.0,7.5,7.2
E00046,P00547,Project Team Member,2024-08-17,2024-08-23,1,7.0,8.3,7.2
E00046,P00573,Project Team Member,2023-11-11,2023-11-22,1,5.5,5.0,6.4
E00046,P00587,Project Team Member,2024-02-29,2024-03-03,1,9.7,9.7,8.6
E00046,P00591,Project Team Member,2023-10-11,2023-10-23,1,8.0,9.3,7.7
E00046,P00628,Project Team Member,2024-02-27,2024-03-13,1,8.8,9.0,8.1
E00046,P00636,Project Team Member,2023-12-10,2024-01-08,1,5.5,6.1,6.4
E00046,P00641,Project Team Member,2023-08-27,2023-09-07,1,7.9,9.2,7.6
E00046,P00646,Project Team Member,2024-07-19,2024-07-23,1,8.4,8.9,7.9
E00046,P00648,Project Team Member,2026-01-11,2026-01-13,1,6.8,7.5,7.1
E00046,P00659,Project Team Member,2023-04-11,2023-04-22,1,7.4,8.6,7.4
E00046,P00667,Project Team Member,2024-01-08,2024-01-21,1,7.8,8.5,7.6
E00046,P00707,Project Team Member,2024-06-08,2024-06-12,1,7.8,8.9,7.6
E00046,P00728,Project Team Member,2024-02-22,2024-03-07,1,9.4,9.7,8.4
E00046,P00754,Project Team Member,2025-06-10,2025-06-22,1,6.8,8.1,7.1
E00046,P00791,Project Team Member,2025-09-07,2025-09-17,1,7.5,8.8,7.4
E00046,P00796,Project Team Member,2025-10-03,2025-10-12,1,6.5,7.6,7.0
E00046,P00803,Project Team Member,2026-03-19,2026-02-25,1,7.6,7.3,7.5
E00046,P00817,Project Team Member,2026-01-25,2026-01-30,1,5.8,5.8,6.6
E00046,P00820,Project Team Member,2023-06-19,2023-07-07,2,6.1,5.9,6.8
E00046,P00822,Project Team Member,2025-05-11,2025-05-16,1,6.1,6.9,6.8
E00046,P00852,Project Team Member,2025-06-17,2025-06-30,1,6.6,8.0,7.0
E00046,P00871,Project Team Member,2024-10-09,2024-10-24,1,8.0,9.3,7.7
E00046,P00876,Project Team Member,2025-09-03,2025-09-10,1,8.7,9.4,8.0
E00047,P00007,Project Team Member,2024-11-24,2024-11-26,1,5.5,5.0,6.6
E00047,P00011,Project Team Member,2024-06-16,2024-06-23,1,8.4,9.7,8.0
E00047,P00039,Project Team Member,2023-03-21,2023-03-28,1,9.0,9.7,8.3
E00047,P00080,Project Team Member,2026-02-19,2026-03-03,1,6.4,6.9,7.0
E00047,P00190,Project Team Member,2023-02-08,2023-02-14,1,7.3,8.6,7.4
E00047,P00210,Project Team Member,2024-03-06,2024-03-15,2,9.2,9.7,8.4
E00047,P00260,Project Team Member,2025-11-05,2025-11-07,1,6.5,6.6,7.0
E00047,P00264,Project Team Member,2026-02-23,2026-03-10,1,6.9,7.4,7.2
E00047,P00299,Project Team Member,2025-07-01,2025-07-31,1,7.6,8.7,7.6
E00047,P00300,Project Team Member,2023-08-14,2023-08-20,1,6.0,5.6,6.8
E00047,P00351,Project Team Member,2025-03-04,2025-03-13,1,7.3,7.6,7.4
E00047,P00365,Project Team Member,2025-01-29,2025-02-04,1,5.8,6.9,6.7
E00047,P00368,Project Team Member,2026-01-25,2026-02-09,1,7.8,7.8,7.7
E00047,P00426,Project Team Member,2023-08-02,2023-08-14,1,7.8,9.1,7.7
E00047,P00484,Project Team Member,2024-03-19,2024-03-24,1,8.4,9.7,8.0
E00047,P00495,Project Team Member,2025-07-30,2025-08-10,1,9.6,9.7,8.6
E00047,P00541,Project Team Member,2025-04-14,2025-04-28,1,5.5,5.0,6.6
E00047,P00544,Project Team Member,2025-05-08,2025-05-15,1,7.2,7.6,7.4
E00047,P00549,Project Team Member,2025-11-01,2025-11-11,1,5.5,5.0,6.6
E00047,P00555,Project Team Member,2024-04-08,2024-04-19,1,5.8,6.7,6.7
E00047,P00564,Project Team Member,2025-09-20,2025-10-01,1,5.5,5.0,6.6
E00047,P00577,Project Team Member,2026-02-26,2026-03-09,1,5.6,5.0,6.6
E00047,P00580,Project Team Member,2025-07-25,2025-07-27,1,5.9,6.5,6.8
E00047,P00613,Project Team Member,2026-03-30,2026-04-09,1,8.4,9.4,8.0
E00047,P00647,Project Team Member,2025-06-05,2025-06-09,1,9.7,9.7,8.6
E00047,P00658,Project Team Member,2025-11-08,2025-11-21,1,5.5,5.0,6.6
E00047,P00679,Project Team Member,2026-03-21,2026-02-28,1,5.5,5.0,6.6
E00047,P00712,Project Team Member,2026-03-13,2026-03-18,1,7.9,9.2,7.8
E00047,P00730,Project Team Member,2026-01-08,2026-01-23,1,7.7,8.7,7.6
E00047,P00743,Project Team Member,2024-02-25,2024-02-28,1,6.5,7.8,7.0
E00047,P00745,Project Team Member,2026-01-05,2026-01-14,1,7.0,8.1,7.3
E00047,P00826,Project Team Member,2025-03-07,2025-03-19,1,8.4,8.4,8.0
E00047,P00828,Project Team Member,2025-07-28,2025-08-07,1,5.5,5.0,6.6
E00047,P00852,Project Team Member,2025-08-17,2025-08-23,1,8.1,9.2,7.8
E00047,P00858,Project Team Member,2025-10-13,2025-10-17,1,8.4,9.7,8.0
E00047,P00895,Project Team Member,2026-03-22,2026-03-25,1,8.0,9.3,7.8
E00048,P00003,Project Team Member,2026-03-20,2026-03-31,1,5.9,5.5,7.4
E00048,P00025,Project Team Member,2024-10-27,2024-11-11,1,6.2,6.5,7.6
E00048,P00110,Project Team Member,2024-05-31,2024-06-05,1,5.5,5.3,7.2
E00048,P00128,Project Team Member,2023-08-03,2023-08-07,1,5.5,5.0,7.2
E00048,P00139,Project Team Member,2025-05-18,2025-05-20,1,5.9,5.2,7.4
E00048,P00348,Project Team Member,2025-08-17,2025-08-27,1,5.5,5.0,7.2
E00048,P00349,Project Team Member,2023-04-06,2023-04-08,1,6.6,7.1,7.8
E00048,P00369,Project Team Member,2023-12-03,2023-12-09,1,6.4,6.4,7.7
E00048,P00420,Project Team Member,2024-10-14,2024-10-22,1,5.5,5.0,7.2
E00048,P00474,Project Team Member,2026-01-29,2026-02-06,1,7.5,7.9,8.2
E00048,P00520,Project Team Member,2024-03-12,2024-03-21,1,7.5,8.8,8.2
E00048,P00544,Project Team Member,2025-04-01,2025-11-20,2,6.0,5.1,7.5
E00048,P00614,Project Team Member,2026-03-21,2026-04-07,2,5.7,5.6,7.4
E00048,P00627,Project Team Member,2024-03-08,2024-04-06,1,6.5,7.5,7.8
E00048,P00674,Project Team Member,2024-03-23,2024-04-20,1,6.6,8.0,7.8
E00048,P00687,Project Team Member,2024-12-17,2024-12-25,1,9.7,9.7,9.4
E00048,P00705,Project Team Member,2024-11-06,2024-11-20,1,8.0,8.9,8.5
E00048,P00758,Project Team Member,2023-06-10,2023-06-16,1,7.4,8.4,8.2
E00048,P00769,Project Team Member,2025-11-28,2025-12-02,1,8.7,8.9,8.8
E00048,P00801,Project Team Member,2024-04-07,2024-04-15,1,7.6,8.9,8.3
E00048,P00812,Project Team Member,2024-04-23,2024-05-06,1,6.0,5.7,7.5
E00048,P00815,Project Team Member,2025-04-05,2025-04-12,1,6.0,7.1,7.5
E00048,P00816,Project Team Member,2025-11-02,2025-11-14,1,6.4,6.4,7.7
E00048,P00826,Project Team Member,2025-06-29,2025-07-24,1,5.5,5.0,7.2
E00048,P00838,Project Team Member,2024-12-10,2024-12-24,1,8.1,9.0,8.6
E00048,P00866,Project Team Member,2024-11-13,2024-11-16,1,6.5,6.7,7.8
E00048,P00898,Project Team Member,2024-09-16,2024-09-21,1,5.5,5.5,7.2
E00049,P00067,Project Team Member,2025-07-12,2025-07-26,1,8.1,7.9,8.2
E00049,P00071,Project Team Member,2023-08-17,2023-08-30,1,7.6,8.5,8.0
E00049,P00139,Project Team Member,2025-03-30,2025-04-02,1,8.6,8.8,8.5
E00049,P00141,Project Team Member,2025-11-10,2025-11-18,1,5.5,5.0,7.0
E00049,P00156,Project Team Member,2024-02-10,2024-02-22,1,6.7,7.7,7.6
E00049,P00160,Project Team Member,2023-07-05,2023-07-19,1,7.1,8.1,7.8
E00049,P00162,Project Team Member,2025-07-21,2025-07-24,1,6.4,7.2,7.4
E00049,P00190,Project Team Member,2023-06-13,2023-06-21,1,8.6,8.6,8.5
E00049,P00200,Project Team Member,2025-02-17,2025-02-21,1,6.0,5.0,7.2
E00049,P00212,Project Team Member,2025-02-11,2025-02-23,1,8.1,9.0,8.2
E00049,P00221,Project Team Member,2025-10-26,2025-11-11,1,5.8,5.9,7.1
E00049,P00222,Project Team Member,2023-05-16,2023-05-30,1,7.2,8.3,7.8
E00049,P00262,Project Team Member,2024-12-11,2024-12-19,1,5.9,5.2,7.2
E00049,P00286,Project Team Member,2025-10-06,2025-10-12,1,7.1,7.9,7.8
E00049,P00320,Project Team Member,2025-01-11,2025-01-22,1,8.0,9.4,8.2
E00049,P00326,Project Team Member,2026-04-21,2026-04-23,1,5.5,5.0,7.0
E00049,P00328,Project Team Member,2025-03-12,2025-04-07,1,8.0,9.3,8.2
E00049,P00374,Project Team Member,2025-12-11,2025-12-20,1,7.7,9.0,8.0
E00049,P00384,Project Team Member,2025-02-19,2025-10-03,2,6.7,6.9,7.6
E00049,P00389,Project Team Member,2025-03-23,2025-03-28,1,8.0,8.9,8.2
E00049,P00392,Project Team Member,2023-09-07,2023-09-16,1,5.5,5.0,7.0
E00049,P00403,Project Team Member,2024-09-29,2024-10-07,1,5.5,5.5,7.0
E00049,P00446,Project Team Member,2025-04-11,2025-04-21,1,5.5,5.0,7.0
E00049,P00472,Project Team Member,2024-11-17,2024-12-01,1,5.5,5.0,7.0
E00049,P00542,Project Team Member,2023-06-26,2023-07-11,1,5.5,5.1,7.0
E00049,P00553,Project Team Member,2024-11-08,2024-11-23,1,7.6,8.9,8.0
E00049,P00557,Project Team Member,2026-02-20,2026-03-18,2,8.6,9.1,8.5
E00049,P00594,Project Team Member,2024-04-30,2024-05-13,1,9.7,9.7,9.0
E00049,P00657,Project Team Member,2026-03-12,2026-03-31,1,6.0,5.8,7.2
E00049,P00698,Project Team Member,2024-10-12,2024-10-15,1,6.5,5.5,7.4
E00049,P00712,Project Team Member,2026-03-14,2026-04-07,1,5.9,5.2,7.2
E00049,P00720,Project Team Member,2024-08-17,2024-09-13,1,5.5,5.0,7.0
E00049,P00743,Project Team Member,2023-12-12,2024-01-05,1,7.2,6.2,7.8
E00049,P00747,Project Team Member,2023-12-17,2023-12-23,1,6.5,5.5,7.4
E00049,P00796,Project Team Member,2025-11-17,2025-11-22,1,6.8,7.5,7.6
E00049,P00819,Project Team Member,2025-10-20,2025-10-26,1,5.5,5.0,7.0
E00049,P00886,Project Team Member,2026-04-05,2026-03-05,1,6.7,7.4,7.6
E00049,P00888,Project Team Member,2026-02-18,2026-03-11,2,8.1,8.7,8.2
E00049,P00891,Project Team Member,2024-01-25,2024-01-27,1,7.5,8.7,8.0
E00050,P00012,Project Team Member,2025-07-06,2025-07-14,1,6.1,5.4,6.2
E00050,P00020,Project Team Member,2024-09-06,2024-10-05,1,5.9,5.2,6.2
E00050,P00051,Project Team Member,2024-12-08,2024-12-14,1,6.3,6.4,6.4
E00050,P00073,Project Team Member,2024-03-03,2024-03-07,1,8.0,9.3,7.2
E00050,P00075,Project Team Member,2026-04-27,2026-05-03,1,7.4,8.2,6.9
E00050,P00089,Project Team Member,2024-12-04,2024-12-10,1,9.2,9.7,7.8
E00050,P00092,Project Team Member,2026-04-26,2026-05-09,1,5.5,5.6,6.0
E00050,P00104,Project Team Member,2024-05-06,2024-05-14,1,6.5,7.0,6.4
E00050,P00120,Project Team Member,2024-08-20,2024-08-27,1,6.4,6.6,6.4
E00050,P00124,Project Team Member,2025-09-11,2025-09-17,1,5.8,5.7,6.1
E00050,P00180,Project Team Member,2025-06-01,2025-06-07,1,6.3,5.8,6.4
E00050,P00183,Project Team Member,2023-08-31,2023-09-04,1,9.6,9.7,8.0
E00050,P00188,Project Team Member,2025-09-28,2025-10-10,1,8.0,8.0,7.2
E00050,P00190,Project Team Member,2024-01-11,2024-01-14,1,7.1,7.8,6.8
E00050,P00196,Project Team Member,2025-05-13,2025-05-22,1,5.5,5.0,6.0
E00050,P00205,Project Team Member,2024-08-26,2024-08-29,1,5.9,5.2,6.2
E00050,P00211,Project Team Member,2025-03-03,2025-03-07,1,6.8,7.6,6.6
E00050,P00222,Project Team Member,2023-10-03,2023-10-10,1,5.5,5.2,6.0
E00050,P00238,Project Team Member,2024-04-21,2024-04-26,1,7.1,7.7,6.8
E00050,P00248,Project Team Member,2026-01-29,2026-02-28,2,6.7,5.6,6.6
E00050,P00262,Project Team Member,2024-10-31,2024-11-11,1,8.0,8.9,7.2
E00050,P00272,Project Team Member,2025-05-15,2025-05-30,1,7.4,8.3,6.9
E00050,P00276,Project Team Member,2025-05-19,2025-05-29,1,8.0,9.3,7.2
E00050,P00282,Project Team Member,2023-03-14,2023-03-24,1,7.7,8.7,7.0
E00050,P00287,Project Team Member,2026-03-11,2026-03-16,1,5.5,5.0,6.0
E00050,P00293,Project Team Member,2024-04-21,2024-05-04,1,7.3,8.0,6.8
E00050,P00315,Project Team Member,2026-03-10,2026-03-13,1,7.3,8.6,6.8
E00050,P00324,Project Team Member,2024-10-03,2024-10-12,1,5.5,5.0,6.0
E00050,P00360,Project Team Member,2025-01-06,2025-01-09,1,6.7,6.7,6.6
E00050,P00376,Project Team Member,2025-09-18,2025-10-18,1,5.5,5.0,6.0
E00050,P00382,Project Team Member,2023-07-26,2023-08-06,1,5.5,5.0,6.0
E00050,P00401,Project Team Member,2023-05-03,2023-05-05,1,5.5,5.0,6.0
E00050,P00404,Project Team Member,2025-10-08,2025-10-18,1,6.4,6.5,6.4
E00050,P00410,Project Team Member,2024-08-02,2024-08-04,1,5.5,5.0,6.0
E00050,P00427,Project Team Member,2025-01-29,2025-02-10,1,6.6,6.8,6.5
E00050,P00442,Project Team Member,2024-10-10,2024-10-27,2,6.7,6.5,6.6
E00050,P00449,Project Team Member,2026-01-01,2026-01-30,1,5.5,5.0,6.0
E00050,P00482,Project Team Member,2023-12-24,2024-01-06,1,8.0,9.4,7.2
E00050,P00486,Project Team Member,2023-03-20,2023-04-03,1,5.5,5.0,6.0
E00050,P00493,Project Team Member,2023-09-19,2023-09-25,1,7.3,8.5,6.8
E00050,P00509,Project Team Member,2026-03-30,2026-02-28,1,5.7,5.6,6.1
E00050,P00547,Project Team Member,2023-11-11,2023-11-21,1,6.7,7.6,6.6
E00050,P00557,Project Team Member,2026-01-22,2026-02-12,1,7.2,6.2,6.8
E00050,P00626,Project Team Member,2025-12-22,2025-12-26,1,5.9,5.2,6.2
E00050,P00631,Project Team Member,2024-02-20,2024-03-05,1,5.9,5.7,6.2
E00050,P00640,Project Team Member,2024-08-13,2024-08-16,1,6.4,7.8,6.4
E00050,P00641,Project Team Member,2023-08-08,2023-08-20,1,6.4,7.5,6.4
E00050,P00644,Project Team Member,2024-12-18,2024-12-28,1,5.5,5.0,6.0
E00050,P00692,Project Team Member,2025-03-24,2025-03-30,1,5.5,5.0,6.0
E00050,P00700,Project Team Member,2024-12-06,2024-12-08,1,6.4,6.6,6.4
E00050,P00706,Project Team Member,2023-11-26,2023-12-05,1,5.5,5.4,6.0
E00050,P00714,Project Team Member,2024-12-26,2025-01-01,1,6.3,7.6,6.4
E00050,P00729,Project Team Member,2023-01-27,2023-02-10,1,6.9,7.9,6.6
E00050,P00733,Project Team Member,2024-04-12,2024-05-01,1,5.5,5.0,6.0
E00050,P00740,Project Team Member,2026-02-16,2026-02-27,1,5.9,6.8,6.2
E00050,P00763,Project Team Member,2025-11-05,2025-11-11,1,6.1,6.1,6.2
E00050,P00765,Project Team Member,2024-11-23,2024-11-26,1,6.4,5.4,6.4
E00050,P00787,Project Team Member,2026-04-03,2026-04-19,1,7.0,6.0,6.7
E00050,P00794,Project Team Member,2024-10-07,2024-10-15,1,8.6,8.7,7.5
E00050,P00798,Project Team Member,2023-07-30,2023-08-03,1,5.5,5.3,6.0
E00050,P00816,Project Team Member,2026-02-15,2026-02-25,1,8.0,9.3,7.2
E00050,P00845,Project Team Member,2026-04-26,2026-04-28,1,6.4,7.7,6.4
E00050,P00876,Project Team Member,2025-09-17,2025-09-21,1,6.8,7.7,6.6
E00050,P00884,Project Team Member,2023-10-27,2023-11-04,1,6.0,6.2,6.2
E00051,P00026,Coordinator,2023-07-03,2023-07-13,1,5.6,5.4,6.9
E00051,P00063,Coordinator,2026-03-22,2026-04-11,1,5.5,5.0,6.8
E00051,P00071,Coordinator,2023-09-01,2023-09-08,1,5.8,6.7,7.0
E00051,P00079,Coordinator,2023-11-14,2023-11-17,1,5.9,6.5,7.0
E00051,P00085,Coordinator,2023-07-30,2023-08-11,1,6.7,8.0,7.4
E00051,P00093,Coordinator,2024-11-23,2024-11-26,1,6.1,5.9,7.2
E00051,P00109,Coordinator,2023-07-15,2023-07-28,1,8.9,9.3,8.6
E00051,P00213,Coordinator,2023-05-28,2023-06-01,1,5.8,5.4,7.0
E00051,P00231,Coordinator,2025-01-18,2025-01-20,1,5.5,5.0,6.8
E00051,P00234,Coordinator,2024-09-24,2024-10-02,1,8.0,9.3,8.1
E00051,P00240,Coordinator,2023-10-16,2023-10-23,1,6.0,7.0,7.1
E00051,P00255,Coordinator,2024-10-19,2024-11-08,1,8.4,9.7,8.3
E00051,P00293,Coordinator,2024-02-14,2024-04-16,2,8.0,8.8,8.1
E00051,P00338,Coordinator,2023-12-25,2024-01-18,1,5.5,5.9,6.8
E00051,P00341,Coordinator,2023-06-27,2023-07-08,1,5.5,5.0,6.8
E00051,P00354,Coordinator,2025-01-10,2025-02-06,1,5.5,5.0,6.8
E00051,P00388,Coordinator,2023-04-12,2023-04-19,1,5.5,5.0,6.8
E00051,P00442,Coordinator,2024-07-17,2024-07-28,1,8.4,9.7,8.3
E00051,P00508,Coordinator,2024-03-09,2024-03-24,1,6.0,5.8,7.1
E00051,P00530,Coordinator,2025-09-04,2025-10-03,1,6.1,5.9,7.2
E00051,P00536,Coordinator,2023-12-25,2023-12-31,1,6.8,7.5,7.5
E00051,P00537,Coordinator,2024-02-16,2024-02-28,1,8.1,9.4,8.1
E00051,P00540,Coordinator,2025-03-20,2025-03-28,1,7.3,8.7,7.8
E00051,P00543,Coordinator,2023-03-11,2023-04-02,1,6.9,7.5,7.6
E00051,P00557,Coordinator,2026-02-19,2026-02-26,1,6.8,7.9,7.5
E00051,P00560,Coordinator,2024-11-17,2024-11-28,1,7.7,8.3,8.0
E00051,P00612,Coordinator,2023-10-11,2023-10-16,1,5.5,5.0,6.8
E00051,P00647,Coordinator,2025-01-22,2025-01-26,1,5.5,5.0,6.8
E00051,P00669,Coordinator,2024-07-07,2024-07-13,1,8.0,9.3,8.1
E00051,P00685,Coordinator,2026-03-13,2026-03-28,1,5.6,5.8,6.9
E00051,P00751,Coordinator,2024-10-04,2024-10-06,1,5.5,5.0,6.8
E00051,P00763,Coordinator,2026-01-17,2026-01-24,1,5.5,5.0,6.8
E00051,P00794,Coordinator,2024-11-27,2024-12-11,1,5.5,5.8,6.8
E00051,P00840,Coordinator,2024-10-17,2024-10-21,1,6.4,6.5,7.3
E00051,P00858,Coordinator,2025-07-28,2025-08-19,1,5.5,5.0,6.8
E00051,P00864,Coordinator,2024-05-26,2024-06-10,1,6.1,6.2,7.2
E00052,P00043,Contributor,2023-06-25,2023-07-10,1,7.0,7.9,7.3
E00052,P00044,Contributor,2024-12-15,2024-12-22,1,7.0,6.6,7.3
E00052,P00116,Contributor,2025-04-15,2025-04-22,1,7.3,8.6,7.4
E00052,P00304,Contributor,2025-07-15,2025-07-26,1,7.7,8.7,7.6
E00052,P00383,Contributor,2024-02-13,2024-02-15,1,6.8,7.4,7.2
E00052,P00415,Contributor,2024-04-23,2024-05-21,1,8.3,8.2,8.0
E00052,P00423,Contributor,2026-03-02,2026-03-06,1,6.3,6.2,7.0
E00052,P00446,Contributor,2025-06-21,2025-06-27,1,5.7,6.1,6.6
E00052,P00487,Contributor,2023-02-14,2023-02-18,1,6.8,7.8,7.2
E00052,P00502,Contributor,2025-07-28,2025-08-04,1,9.5,9.7,8.6
E00052,P00512,Contributor,2024-06-15,2024-06-22,1,6.6,7.9,7.1
E00052,P00560,Contributor,2024-12-22,2025-01-03,1,6.2,5.2,6.9
E00052,P00620,Contributor,2024-07-17,2024-07-31,1,6.4,7.3,7.0
E00052,P00647,Contributor,2025-01-11,2025-01-25,1,7.0,8.3,7.3
E00052,P00672,Contributor,2025-12-02,2025-12-17,1,7.5,8.3,7.6
E00052,P00760,Contributor,2023-02-27,2023-03-10,1,7.7,8.8,7.6
E00052,P00767,Contributor,2023-12-09,2023-12-15,1,5.5,5.0,6.6
E00052,P00780,Contributor,2026-01-22,2026-02-01,1,5.5,5.0,6.6
E00052,P00861,Contributor,2025-12-01,2025-12-10,1,5.5,5.5,6.6
E00052,P00881,Contributor,2023-12-17,2023-12-21,1,7.4,8.8,7.5
E00052,P00883,Contributor,2026-01-01,2026-01-03,1,5.5,5.0,6.6
E00052,P00900,Contributor,2026-03-15,2026-03-24,1,6.1,5.7,6.8
E00053,P00003,Project Team Member,2026-03-07,2026-03-20,1,7.9,9.1,7.6
E00053,P00008,Project Team Member,2024-12-12,2024-12-16,1,9.7,9.7,8.6
E00053,P00014,Project Team Member,2024-03-25,2024-03-30,1,9.3,9.7,8.4
E00053,P00017,Project Team Member,2024-03-18,2024-04-07,1,7.2,8.5,7.3
E00053,P00028,Project Team Member,2024-12-03,2024-12-16,1,6.7,7.0,7.0
E00053,P00031,Project Team Member,2023-03-12,2023-03-21,1,8.0,9.3,7.7
E00053,P00036,Project Team Member,2023-11-16,2023-11-21,1,8.2,8.0,7.8
E00053,P00046,Project Team Member,2025-05-20,2025-05-31,1,5.5,5.0,6.4
E00053,P00047,Project Team Member,2024-11-13,2024-11-28,1,5.5,5.0,6.4
E00053,P00049,Project Team Member,2024-10-22,2024-11-03,1,5.5,5.0,6.4
E00053,P00050,Project Team Member,2026-03-07,2026-03-16,1,7.7,8.0,7.6
E00053,P00072,Project Team Member,2025-10-19,2025-10-25,1,7.1,7.8,7.2
E00053,P00086,Project Team Member,2025-03-02,2025-03-17,1,7.0,8.2,7.2
E00053,P00103,Project Team Member,2024-10-22,2024-10-30,1,8.9,9.4,8.2
E00053,P00127,Project Team Member,2025-03-21,2025-04-02,1,6.5,7.4,7.0
E00053,P00139,Project Team Member,2025-06-02,2025-06-04,1,7.4,8.3,7.4
E00053,P00179,Project Team Member,2026-03-06,2026-03-09,1,8.0,9.3,7.7
E00053,P00197,Project Team Member,2026-02-15,2026-02-24,1,5.5,5.0,6.4
E00053,P00212,Project Team Member,2025-04-11,2025-04-26,1,5.6,5.0,6.5
E00053,P00218,Project Team Member,2026-02-23,2026-03-08,1,7.2,6.7,7.3
E00053,P00219,Project Team Member,2024-05-20,2024-06-11,1,8.8,9.7,8.1
E00053,P00233,Project Team Member,2025-11-03,2025-11-25,1,7.1,8.0,7.2
E00053,P00234,Project Team Member,2024-11-20,2024-11-25,1,7.5,8.4,7.4
E00053,P00261,Project Team Member,2024-07-01,2024-07-06,1,8.1,8.3,7.8
E00053,P00292,Project Team Member,2023-11-06,2024-07-25,2,7.3,7.7,7.4
E00053,P00293,Project Team Member,2024-04-11,2024-04-23,1,6.8,7.8,7.1
E00053,P00310,Project Team Member,2023-05-10,2023-05-22,1,5.8,5.8,6.6
E00053,P00315,Project Team Member,2026-01-15,2026-01-19,1,6.1,5.9,6.8
E00053,P00346,Project Team Member,2026-01-08,2026-01-16,1,7.7,7.2,7.6
E00053,P00354,Project Team Member,2025-02-20,2025-02-22,1,6.8,8.1,7.1
E00053,P00369,Project Team Member,2024-02-17,2024-02-21,1,6.7,8.0,7.0
E00053,P00373,Project Team Member,2025-11-20,2025-12-04,1,5.9,5.2,6.6
E00053,P00380,Project Team Member,2023-11-28,2023-11-29,1,7.1,8.5,7.2
E00053,P00404,Project Team Member,2025-06-12,2025-06-21,1,5.5,5.1,6.4
E00053,P00418,Project Team Member,2023-04-03,2023-04-07,1,7.1,8.4,7.2
E00053,P00426,Project Team Member,2023-10-15,2023-10-19,1,8.4,9.7,7.9
E00053,P00427,Project Team Member,2025-07-22,2025-08-04,1,7.1,7.8,7.2
E00053,P00460,Project Team Member,2025-10-04,2025-10-17,1,5.8,5.5,6.6
E00053,P00464,Project Team Member,2026-04-10,2026-02-27,1,5.8,5.5,6.6
E00053,P00548,Project Team Member,2023-10-16,2023-10-24,1,6.7,8.0,7.0
E00053,P00563,Project Team Member,2023-10-12,2023-10-19,1,6.8,7.1,7.1
E00053,P00586,Project Team Member,2026-01-06,2026-01-13,1,6.0,5.9,6.7
E00053,P00615,Project Team Member,2024-09-27,2024-10-01,1,5.5,5.0,6.4
E00053,P00627,Project Team Member,2024-09-03,2024-09-15,1,5.5,5.0,6.4
E00053,P00635,Project Team Member,2023-05-20,2023-05-23,1,5.7,5.3,6.6
E00053,P00706,Project Team Member,2024-04-26,2024-05-09,1,8.8,9.7,8.1
E00053,P00716,Project Team Member,2023-09-12,2023-09-25,1,7.1,7.9,7.2
E00053,P00747,Project Team Member,2023-11-12,2023-11-26,1,5.5,5.3,6.4
E00053,P00748,Project Team Member,2026-01-25,2026-01-31,1,7.9,9.2,7.6
E00053,P00757,Project Team Member,2025-10-28,2025-11-05,1,6.8,7.3,7.1
E00053,P00767,Project Team Member,2024-12-19,2024-12-22,1,5.5,5.0,6.4
E00053,P00772,Project Team Member,2024-05-11,2024-05-25,1,6.2,7.2,6.8
E00053,P00830,Project Team Member,2025-12-18,2025-12-31,1,5.5,5.0,6.4
E00053,P00851,Project Team Member,2023-09-24,2023-10-10,2,7.3,6.4,7.4
E00053,P00858,Project Team Member,2025-06-14,2025-06-24,1,5.5,5.0,6.4
E00053,P00866,Project Team Member,2024-06-26,2024-06-30,1,7.2,8.1,7.3
E00053,P00873,Project Team Member,2025-03-12,2025-03-22,1,5.5,5.0,6.4
E00053,P00874,Project Team Member,2024-01-25,2024-01-28,1,5.5,5.0,6.4
E00053,P00894,Project Team Member,2025-10-14,2025-10-19,1,5.5,5.0,6.4
E00054,P00030,Project Team Member,2023-10-25,2023-10-29,1,5.5,5.0,7.0
E00054,P00078,Project Team Member,2024-08-01,2024-08-07,1,5.5,5.0,7.0
E00054,P00092,Project Team Member,2026-04-26,2026-05-10,1,5.8,5.0,7.2
E00054,P00118,Project Team Member,2025-06-13,2025-06-24,1,8.8,9.7,8.7
E00054,P00123,Project Team Member,2024-07-13,2024-07-29,1,8.0,9.3,8.3
E00054,P00127,Project Team Member,2025-05-11,2025-05-23,1,5.5,5.0,7.0
E00054,P00135,Project Team Member,2024-03-13,2024-03-24,1,6.9,6.9,7.8
E00054,P00142,Project Team Member,2025-01-06,2025-02-05,1,6.8,7.7,7.7
E00054,P00217,Project Team Member,2024-12-31,2025-01-07,1,7.2,6.2,7.9
E00054,P00219,Project Team Member,2023-11-28,2023-12-13,1,8.4,9.7,8.5
E00054,P00220,Project Team Member,2023-08-21,2023-09-02,1,5.5,5.0,7.0
E00054,P00263,Project Team Member,2024-03-16,2024-03-18,1,5.5,5.0,7.0
E00054,P00288,Project Team Member,2024-11-19,2024-11-27,1,6.7,8.0,7.6
E00054,P00304,Project Team Member,2025-04-07,2025-04-19,1,6.9,7.3,7.8
E00054,P00316,Project Team Member,2023-07-03,2023-07-09,1,6.9,8.0,7.8
E00054,P00332,Project Team Member,2025-10-28,2025-11-12,1,6.5,7.8,7.6
E00054,P00348,Project Team Member,2025-01-09,2025-01-20,1,5.9,5.2,7.2
E00054,P00371,Project Team Member,2025-03-29,2025-04-11,1,6.9,8.1,7.8
E00054,P00373,Project Team Member,2025-08-14,2025-08-20,1,5.5,5.0,7.0
E00054,P00380,Project Team Member,2023-09-02,2023-09-14,1,6.3,6.2,7.4
E00054,P00385,Project Team Member,2024-03-27,2024-04-09,1,5.5,5.0,7.0
E00054,P00389,Project Team Member,2025-04-23,2025-04-25,1,6.9,8.2,7.8
E00054,P00425,Project Team Member,2026-01-18,2026-01-20,1,6.8,7.8,7.7
E00054,P00454,Project Team Member,2024-03-09,2024-03-11,1,7.8,7.3,8.2
E00054,P00460,Project Team Member,2026-02-21,2026-02-23,1,9.1,9.7,8.8
E00054,P00462,Project Team Member,2025-06-16,2025-06-30,1,5.9,5.9,7.2
E00054,P00494,Project Team Member,2024-03-30,2024-04-03,1,8.7,8.9,8.6
E00054,P00525,Project Team Member,2026-01-12,2026-01-22,1,8.1,9.3,8.4
E00054,P00541,Project Team Member,2025-04-06,2025-04-19,1,6.0,6.9,7.3
E00054,P00553,Project Team Member,2024-11-08,2024-11-16,1,5.5,5.0,7.0
E00054,P00558,Project Team Member,2023-08-10,2023-08-14,1,5.5,5.0,7.0
E00054,P00567,Project Team Member,2023-10-20,2023-10-31,1,8.4,9.7,8.5
E00054,P00604,Project Team Member,2023-11-09,2023-11-18,1,7.4,6.8,8.0
E00054,P00655,Project Team Member,2026-03-08,2026-03-16,1,5.8,6.9,7.2
E00054,P00669,Project Team Member,2024-08-08,2024-08-22,1,6.4,5.4,7.5
E00054,P00672,Project Team Member,2025-10-30,2025-11-14,1,5.5,5.0,7.0
E00054,P00681,Project Team Member,2026-03-09,2026-03-25,1,7.4,8.6,8.0
E00054,P00682,Project Team Member,2023-09-29,2023-10-06,1,5.5,5.0,7.0
E00054,P00710,Project Team Member,2025-08-05,2025-08-20,1,7.7,7.1,8.2
E00054,P00724,Project Team Member,2025-12-04,2025-12-06,1,9.6,9.7,9.1
E00054,P00729,Project Team Member,2023-02-06,2023-02-20,1,8.0,9.4,8.3
E00054,P00732,Project Team Member,2026-04-12,2026-04-16,1,6.5,5.5,7.6
E00054,P00735,Project Team Member,2024-01-30,2024-02-14,1,6.2,5.6,7.4
E00054,P00742,Project Team Member,2024-03-01,2024-03-12,1,7.1,7.7,7.8
E00054,P00747,Project Team Member,2023-12-11,2023-12-20,1,6.2,5.9,7.4
E00054,P00754,Project Team Member,2026-03-11,2026-04-06,1,6.6,7.3,7.6
E00054,P00786,Project Team Member,2025-11-08,2025-11-20,1,5.5,5.0,7.0
E00054,P00807,Project Team Member,2023-08-24,2023-09-06,1,8.9,9.3,8.8
E00054,P00817,Project Team Member,2025-09-14,2025-09-24,1,6.6,7.9,7.6
E00054,P00829,Project Team Member,2023-10-25,2023-10-27,1,7.4,7.3,8.0
E00054,P00834,Project Team Member,2024-04-22,2024-05-03,1,5.9,5.5,7.2
E00054,P00837,Project Team Member,2023-12-27,2024-01-06,1,6.9,8.3,7.8
E00054,P00838,Project Team Member,2024-07-31,2024-08-10,1,8.3,8.9,8.4
E00054,P00842,Project Team Member,2024-03-31,2024-04-05,1,6.5,6.7,7.6
E00054,P00843,Project Team Member,2026-01-04,2026-01-10,1,8.0,9.3,8.3
E00054,P00846,Project Team Member,2023-05-28,2023-06-04,1,6.0,6.7,7.3
E00054,P00865,Project Team Member,2023-01-12,2023-01-17,1,5.5,5.0,7.0
E00054,P00867,Project Team Member,2024-07-25,2024-08-06,1,7.6,8.7,8.1
E00055,P00042,Project Team Member,2023-12-27,2024-01-01,1,7.2,6.2,8.1
E00055,P00061,Project Team Member,2023-05-26,2023-06-24,1,5.5,5.0,7.2
E00055,P00111,Project Team Member,2024-01-18,2024-01-31,1,6.2,6.2,7.6
E00055,P00119,Project Team Member,2024-12-17,2024-12-23,1,5.5,5.0,7.2
E00055,P00131,Project Team Member,2025-12-05,2025-12-16,1,5.5,5.0,7.2
E00055,P00187,Project Team Member,2025-12-17,2025-12-25,1,9.2,9.7,9.1
E00055,P00216,Project Team Member,2025-01-17,2025-01-24,1,5.5,5.0,7.2
E00055,P00279,Project Team Member,2025-04-18,2025-05-14,1,7.4,8.8,8.2
E00055,P00338,Project Team Member,2024-01-23,2024-02-06,1,7.4,8.8,8.2
E00055,P00477,Project Team Member,2026-01-24,2026-02-02,1,6.9,8.3,8.0
E00055,P00495,Project Team Member,2025-07-02,2025-07-11,1,5.5,5.0,7.2
E00055,P00533,Project Team Member,2026-03-25,2026-03-29,1,6.3,5.3,7.6
E00055,P00560,Project Team Member,2024-12-18,2025-02-08,2,6.4,5.2,7.7
E00055,P00713,Project Team Member,2024-03-27,2024-04-08,1,5.5,5.0,7.2
E00055,P00716,Project Team Member,2024-05-17,2024-05-22,1,8.5,9.5,8.8
E00055,P00723,Project Team Member,2023-04-09,2023-05-09,1,6.7,7.9,7.8
E00055,P00732,Project Team Member,2026-04-12,2026-04-22,1,6.3,6.5,7.6
E00055,P00737,Project Team Member,2024-09-06,2024-09-09,1,5.8,6.5,7.4
E00055,P00820,Project Team Member,2024-05-22,2024-05-23,1,6.5,7.5,7.8
E00055,P00843,Project Team Member,2025-03-19,2025-03-22,1,6.8,7.7,7.9
E00056,P00007,Specialist,2024-09-30,2024-10-07,1,5.9,5.5,7.4
E00056,P00023,Specialist,2024-10-17,2024-10-28,1,5.5,5.0,7.2
E00056,P00026,Specialist,2023-08-16,2023-08-25,1,5.6,5.4,7.2
E00056,P00036,Specialist,2024-01-01,2024-01-15,1,7.9,9.2,8.4
E00056,P00130,Specialist,2026-03-01,2026-03-08,1,7.3,8.2,8.0
E00056,P00146,Specialist,2024-11-27,2024-12-01,1,5.5,5.0,7.2
E00056,P00175,Specialist,2023-10-01,2023-10-04,1,6.1,7.4,7.4
E00056,P00238,Specialist,2023-12-10,2024-01-01,1,8.2,8.4,8.5
E00056,P00240,Specialist,2023-08-19,2023-08-29,1,5.6,5.6,7.2
E00056,P00254,Specialist,2024-02-21,2024-02-24,1,6.2,7.6,7.5
E00056,P00274,Specialist,2024-04-21,2024-08-30,2,6.9,6.8,7.8
E00056,P00314,Specialist,2025-06-20,2025-07-03,1,8.0,9.4,8.4
E00056,P00315,Specialist,2026-03-17,2026-03-19,1,6.0,5.8,7.4
E00056,P00358,Specialist,2024-09-24,2024-10-05,1,7.1,8.3,8.0
E00056,P00379,Specialist,2023-10-21,2023-10-28,1,8.8,9.0,8.8
E00056,P00470,Specialist,2024-01-18,2024-01-23,1,6.1,5.1,7.4
E00056,P00476,Specialist,2024-05-24,2024-06-08,1,8.1,8.7,8.4
E00056,P00527,Specialist,2024-07-28,2025-04-05,2,7.3,7.1,8.0
E00056,P00552,Specialist,2025-10-19,2025-11-01,1,8.5,9.1,8.6
E00056,P00561,Specialist,2024-02-07,2024-02-14,1,5.5,5.3,7.2
E00056,P00571,Specialist,2024-06-01,2024-06-11,1,6.5,6.7,7.6
E00056,P00694,Specialist,2023-08-05,2023-08-12,1,5.5,5.0,7.2
E00056,P00711,Specialist,2024-11-29,2024-12-18,1,8.2,9.2,8.5
E00056,P00718,Specialist,2025-10-02,2025-12-22,2,6.9,7.1,7.8
E00056,P00747,Specialist,2024-01-10,2024-01-11,1,5.5,5.0,7.2
E00056,P00812,Specialist,2023-06-19,2023-06-26,1,5.5,5.0,7.2
E00056,P00833,Specialist,2025-04-09,2025-04-24,1,8.0,9.3,8.4
E00056,P00842,Specialist,2024-03-06,2024-03-10,1,5.8,5.9,7.3
E00056,P00873,Specialist,2025-08-22,2025-08-29,1,5.7,5.0,7.2
E00056,P00883,Specialist,2026-02-24,2026-03-11,1,5.5,5.0,7.2
E00056,P00891,Specialist,2023-09-06,2023-09-08,1,6.2,7.1,7.5
E00057,P00037,Project Team Member,2025-12-04,2025-12-17,1,5.8,5.0,6.5
E00057,P00132,Project Team Member,2023-09-09,2023-09-15,1,8.0,9.3,7.6
E00057,P00149,Project Team Member,2023-12-07,2023-12-14,1,7.3,8.6,7.2
E00057,P00188,Project Team Member,2026-01-18,2026-01-31,1,5.5,5.1,6.4
E00057,P00197,Project Team Member,2026-02-05,2026-02-08,1,7.0,8.0,7.1
E00057,P00279,Project Team Member,2025-11-30,2025-12-15,1,5.5,5.0,6.4
E00057,P00286,Project Team Member,2025-11-12,2025-11-16,1,8.0,9.3,7.6
E00057,P00289,Project Team Member,2025-12-25,2026-01-09,1,7.9,9.2,7.6
E00057,P00331,Project Team Member,2024-10-02,2024-10-17,1,5.5,5.0,6.4
E00057,P00369,Project Team Member,2024-03-10,2024-03-18,1,5.5,5.0,6.4
E00057,P00373,Project Team Member,2025-08-24,2025-08-27,1,7.3,8.3,7.2
E00057,P00396,Project Team Member,2025-12-22,2025-12-27,1,6.5,5.5,6.8
E00057,P00415,Project Team Member,2024-10-24,2024-10-28,1,5.5,5.0,6.4
E00057,P00453,Project Team Member,2026-02-21,2026-03-01,1,6.8,7.8,7.0
E00057,P00467,Project Team Member,2025-01-19,2025-01-30,1,5.9,6.4,6.6
E00057,P00472,Project Team Member,2024-12-10,2024-12-15,1,5.5,5.6,6.4
E00057,P00487,Project Team Member,2023-08-25,2023-09-05,1,5.5,5.0,6.4
E00057,P00494,Project Team Member,2024-03-25,2024-03-27,1,5.5,5.0,6.4
E00057,P00529,Project Team Member,2023-08-14,2023-08-18,1,5.7,6.6,6.4
E00057,P00569,Project Team Member,2025-01-02,2025-01-11,1,6.1,6.3,6.6
E00057,P00571,Project Team Member,2024-05-14,2024-05-23,1,6.6,5.6,6.9
E00057,P00630,Project Team Member,2025-05-07,2025-05-13,1,5.9,5.6,6.6
E00057,P00637,Project Team Member,2024-02-22,2024-05-29,2,7.2,7.9,7.2
E00057,P00679,Project Team Member,2026-03-21,2026-02-28,1,6.3,7.3,6.8
E00057,P00681,Project Team Member,2026-01-09,2026-01-15,1,7.6,8.9,7.4
E00057,P00695,Project Team Member,2023-07-07,2023-08-20,2,7.3,8.0,7.2
E00057,P00707,Project Team Member,2024-06-11,2024-06-22,1,5.5,5.0,6.4
E00057,P00771,Project Team Member,2024-11-20,2024-11-26,1,5.5,5.0,6.4
E00057,P00802,Project Team Member,2024-08-15,2024-08-20,1,8.1,9.0,7.6
E00057,P00872,Project Team Member,2023-04-30,2023-05-04,1,7.1,8.5,7.2
E00058,P00017,Project Team Member,2024-05-18,2024-06-11,1,5.7,5.7,6.8
E00058,P00029,Project Team Member,2025-08-22,2025-08-30,1,7.2,8.3,7.5
E00058,P00060,Project Team Member,2025-04-03,2025-04-14,1,6.6,7.0,7.2
E00058,P00097,Project Team Member,2025-11-10,2025-11-16,1,6.9,7.3,7.4
E00058,P00126,Project Team Member,2026-02-27,2026-03-04,1,7.1,7.7,7.4
E00058,P00167,Project Team Member,2025-08-08,2025-08-10,1,6.0,7.3,6.9
E00058,P00304,Project Team Member,2025-03-31,2025-04-07,1,9.4,9.7,8.6
E00058,P00323,Project Team Member,2025-11-03,2025-11-12,1,7.4,8.6,7.6
E00058,P00335,Project Team Member,2024-03-08,2024-03-21,1,7.7,9.1,7.8
E00058,P00343,Project Team Member,2024-05-23,2024-06-03,1,8.8,9.1,8.3
E00058,P00380,Project Team Member,2023-09-29,2023-10-02,1,7.4,6.7,7.6
E00058,P00414,Project Team Member,2026-01-14,2026-01-21,1,8.7,9.1,8.2
E00058,P00494,Project Team Member,2024-07-12,2024-07-19,1,6.9,7.4,7.4
E00058,P00495,Project Team Member,2025-09-29,2025-10-08,1,8.4,8.3,8.1
E00058,P00544,Project Team Member,2025-10-25,2025-11-17,1,7.7,7.4,7.8
E00058,P00609,Project Team Member,2023-02-07,2023-02-18,1,6.6,7.9,7.2
E00058,P00627,Project Team Member,2024-03-03,2024-03-11,1,9.1,9.7,8.4
E00058,P00672,Project Team Member,2025-11-12,2025-12-31,2,7.5,8.0,7.6
E00058,P00687,Project Team Member,2024-09-18,2024-09-27,1,5.9,5.5,6.8
E00058,P00720,Project Team Member,2025-01-06,2025-01-18,1,6.0,6.7,6.9
E00058,P00735,Project Team Member,2024-01-05,2024-01-14,1,5.5,5.0,6.6
E00058,P00739,Project Team Member,2025-11-04,2025-11-12,1,6.8,8.2,7.3
E00058,P00743,Project Team Member,2023-10-02,2023-10-14,1,6.4,7.4,7.1
E00058,P00752,Project Team Member,2025-03-17,2025-03-20,1,5.5,5.0,6.6
E00058,P00772,Project Team Member,2024-07-27,2024-08-03,1,7.8,8.9,7.8
E00058,P00834,Project Team Member,2024-05-10,2024-05-10,1,5.5,5.0,6.6
E00059,P00194,Project Team Member,2025-05-25,2025-05-27,1,5.5,5.0,6.8
E00059,P00216,Project Team Member,2024-10-04,2024-10-10,1,5.5,5.0,6.8
E00059,P00273,Project Team Member,2026-02-09,2026-02-13,1,5.5,5.0,6.8
E00059,P00454,Project Team Member,2024-03-01,2024-03-12,1,6.2,6.8,7.2
E00059,P00618,Project Team Member,2023-10-14,2023-10-26,1,6.6,6.4,7.4
E00059,P00652,Project Team Member,2024-07-31,2024-08-04,1,5.5,5.0,6.8
E00060,P00009,Contributor,2023-10-30,2023-11-07,1,7.0,7.8,7.9
E00060,P00026,Contributor,2023-07-28,2023-08-05,1,6.7,7.5,7.8
E00060,P00041,Contributor,2025-08-11,2025-08-18,1,5.5,5.0,7.2
E00060,P00042,Contributor,2024-08-03,2024-08-21,1,7.5,8.7,8.2
E00060,P00115,Contributor,2025-11-02,2025-11-14,1,7.4,8.4,8.1
E00060,P00191,Contributor,2025-07-31,2025-08-15,1,5.5,5.2,7.2
E00060,P00327,Contributor,2026-01-03,2026-01-17,1,5.5,5.0,7.2
E00060,P00367,Contributor,2025-02-14,2025-02-25,1,7.0,7.6,7.9
E00060,P00411,Contributor,2024-02-18,2024-02-22,1,6.1,6.5,7.4
E00060,P00414,Contributor,2026-02-14,2026-02-19,1,5.5,5.0,7.2
E00060,P00455,Contributor,2025-02-15,2025-02-24,1,5.7,5.2,7.2
E00060,P00507,Contributor,2025-07-22,2025-08-14,1,6.5,7.5,7.6
E00060,P00522,Contributor,2026-01-17,2026-01-30,1,7.8,8.4,8.3
E00060,P00554,Contributor,2024-12-12,2024-12-18,1,7.9,7.5,8.4
E00060,P00585,Contributor,2025-07-04,2025-07-16,1,7.7,8.8,8.2
E00060,P00598,Contributor,2023-06-09,2023-06-20,1,5.5,5.0,7.2
E00060,P00600,Contributor,2025-04-17,2025-05-02,1,7.2,6.2,8.0
E00060,P00607,Contributor,2026-03-02,2026-03-17,1,5.5,5.0,7.2
E00060,P00612,Contributor,2023-08-27,2023-09-05,1,6.0,5.9,7.4
E00060,P00618,Contributor,2024-06-12,2024-06-20,1,7.1,8.5,8.0
E00060,P00633,Contributor,2026-03-22,2026-03-30,1,5.6,6.1,7.2
E00060,P00696,Contributor,2025-08-23,2025-08-26,1,5.5,5.0,7.2
E00060,P00710,Contributor,2026-01-12,2026-01-14,1,6.4,7.2,7.6
E00060,P00756,Contributor,2024-05-17,2024-05-25,1,7.6,8.7,8.2
E00060,P00796,Contributor,2025-07-20,2025-08-01,1,9.0,9.7,8.9
E00060,P00816,Contributor,2026-02-01,2026-02-10,1,6.6,7.1,7.7
E00060,P00819,Contributor,2026-02-04,2026-02-14,1,6.7,8.0,7.8
E00060,P00840,Contributor,2023-09-15,2023-09-22,1,5.5,5.0,7.2
E00060,P00849,Contributor,2024-12-13,2024-12-17,1,8.1,8.7,8.4
E00060,P00850,Contributor,2025-04-08,2025-04-16,1,8.4,9.7,8.6
E00060,P00870,Contributor,2023-09-13,2023-09-15,1,5.5,5.0,7.2
E00060,P00887,Contributor,2023-05-23,2023-06-04,1,7.4,8.7,8.1
E00061,P00138,Contributor,2025-01-30,2025-02-08,1,6.7,6.9,7.2
E00061,P00151,Contributor,2025-11-09,2025-11-11,1,5.8,6.5,6.7
E00061,P00173,Contributor,2025-10-22,2025-11-01,1,7.3,7.6,7.4
E00061,P00192,Contributor,2024-02-07,2024-02-20,1,6.2,7.0,6.9
E00061,P00215,Contributor,2026-01-24,2026-01-26,1,5.8,5.0,6.7
E00061,P00257,Contributor,2023-04-18,2023-04-24,1,7.2,6.2,7.4
E00061,P00318,Contributor,2023-12-13,2023-12-17,1,8.0,8.2,7.8
E00061,P00366,Contributor,2023-05-06,2023-05-20,1,5.5,5.0,6.6
E00061,P00472,Contributor,2025-03-13,2025-03-18,1,5.5,5.0,6.6
E00061,P00522,Contributor,2026-01-09,2026-01-19,1,9.0,9.6,8.3
E00061,P00553,Contributor,2025-03-19,2025-03-22,1,6.3,6.3,7.0
E00061,P00562,Contributor,2026-04-12,2026-05-02,2,8.3,7.2,8.0
E00061,P00645,Contributor,2025-04-12,2025-05-05,1,6.8,8.1,7.2
E00061,P00684,Contributor,2024-01-31,2024-03-01,1,5.5,5.0,6.6
E00061,P00737,Contributor,2024-11-16,2024-12-11,1,7.6,8.8,7.6
E00061,P00749,Contributor,2026-03-21,2026-04-04,1,8.0,9.3,7.8
E00061,P00881,Contributor,2023-08-18,2023-08-25,1,6.0,6.5,6.8
E00062,P00037,Specialist,2025-12-05,2025-12-14,1,8.3,9.5,8.0
E00062,P00071,Specialist,2023-11-12,2023-11-23,1,5.5,5.0,6.6
E00062,P00079,Specialist,2024-04-29,2024-05-06,1,5.5,5.2,6.6
E00062,P00095,Specialist,2025-05-07,2025-05-18,1,7.9,8.7,7.8
E00062,P00136,Specialist,2024-10-22,2024-10-24,1,7.4,8.8,7.6
E00062,P00158,Specialist,2025-10-04,2025-11-22,2,6.6,6.8,7.2
E00062,P00203,Specialist,2024-12-24,2025-01-07,2,7.3,7.9,7.6
E00062,P00216,Specialist,2024-11-02,2024-11-14,1,6.6,7.7,7.2
E00062,P00231,Specialist,2025-02-16,2025-02-27,1,5.5,5.2,6.6
E00062,P00282,Specialist,2023-10-23,2023-10-27,1,5.5,5.0,6.6
E00062,P00338,Specialist,2024-01-16,2024-02-04,1,5.6,5.0,6.7
E00062,P00355,Specialist,2023-07-29,2023-08-02,1,6.9,8.0,7.4
E00062,P00369,Specialist,2024-01-09,2024-03-13,2,7.1,6.3,7.4
E00062,P00384,Specialist,2025-07-22,2025-08-04,1,6.4,6.7,7.1
E00062,P00388,Specialist,2023-05-25,2023-05-28,1,7.0,8.2,7.4
E00062,P00391,Specialist,2024-01-31,2024-02-21,1,6.1,6.3,7.0
E00062,P00408,Specialist,2023-08-15,2023-08-24,1,5.5,6.0,6.6
E00062,P00438,Specialist,2025-06-23,2025-07-02,1,5.5,5.0,6.6
E00062,P00440,Specialist,2023-06-28,2023-06-30,1,6.0,5.8,6.9
E00062,P00449,Specialist,2026-03-11,2026-03-20,1,5.5,5.2,6.6
E00062,P00450,Specialist,2024-12-20,2024-12-24,1,6.7,7.7,7.2
E00062,P00464,Specialist,2026-04-10,2026-02-27,1,5.5,5.0,6.6
E00062,P00486,Specialist,2023-06-19,2023-06-21,1,6.7,7.1,7.2
E00062,P00549,Specialist,2025-07-22,2025-08-01,1,7.0,7.5,7.4
E00062,P00595,Specialist,2026-02-02,2026-02-16,1,5.9,5.2,6.8
E00062,P00600,Specialist,2025-05-27,2025-06-08,1,7.2,6.2,7.5
E00062,P00639,Specialist,2023-12-03,2023-12-31,1,6.5,7.6,7.2
E00062,P00684,Specialist,2024-06-28,2024-07-02,1,5.5,5.0,6.6
E00062,P00698,Specialist,2025-02-04,2025-02-11,1,6.7,7.0,7.2
E00062,P00716,Specialist,2023-07-13,2023-08-10,1,5.5,5.0,6.6
E00062,P00732,Specialist,2026-04-12,2026-04-22,1,8.2,9.3,8.0
E00062,P00750,Specialist,2025-10-14,2025-10-16,1,8.0,9.3,7.9
E00062,P00755,Specialist,2025-09-06,2025-09-17,1,9.0,9.7,8.4
E00062,P00756,Specialist,2024-06-20,2024-07-13,1,8.0,9.3,7.9
E00062,P00774,Specialist,2025-11-27,2025-12-07,1,5.5,5.0,6.6
E00062,P00796,Specialist,2025-06-07,2025-06-17,1,6.0,6.9,6.9
E00062,P00838,Specialist,2024-08-12,2024-08-26,1,6.7,8.0,7.2
E00062,P00850,Specialist,2026-02-21,2026-03-06,1,8.7,9.7,8.2
E00062,P00880,Specialist,2025-11-01,2025-11-03,1,6.5,6.6,7.2
E00062,P00890,Specialist,2024-07-16,2024-07-28,1,7.2,6.8,7.5
E00063,P00037,Project Team Member,2025-09-22,2025-09-25,1,5.7,5.0,6.4
E00063,P00055,Project Team Member,2026-03-05,2026-04-03,2,6.4,5.8,6.7
E00063,P00091,Project Team Member,2025-12-05,2026-01-01,1,6.8,7.4,6.9
E00063,P00116,Project Team Member,2024-11-02,2024-11-23,1,5.5,5.0,6.2
E00063,P00267,Project Team Member,2025-04-11,2025-04-24,1,6.7,5.7,6.8
E00063,P00488,Project Team Member,2023-05-01,2023-05-11,1,5.5,5.0,6.2
E00063,P00505,Project Team Member,2023-12-29,2024-01-21,1,5.5,5.0,6.2
E00063,P00620,Project Team Member,2024-07-12,2024-07-17,1,5.5,5.0,6.2
E00063,P00625,Project Team Member,2026-02-17,2026-03-02,1,5.9,6.5,6.4
E00063,P00645,Project Team Member,2024-11-14,2024-11-16,1,7.1,8.4,7.0
E00063,P00713,Project Team Member,2023-12-20,2024-01-04,1,7.0,7.0,7.0
E00063,P00825,Project Team Member,2026-04-12,2026-04-18,1,6.7,7.8,6.8
E00064,P00009,Contributor,2023-05-28,2023-05-31,1,6.5,7.1,6.8
E00064,P00013,Contributor,2023-05-28,2023-07-09,2,7.1,7.9,7.0
E00064,P00050,Contributor,2025-09-01,2025-09-04,1,7.3,8.7,7.2
E00064,P00105,Contributor,2024-04-07,2024-04-21,1,5.9,5.1,6.4
E00064,P00162,Contributor,2025-06-18,2025-06-21,1,6.2,6.7,6.6
E00064,P00203,Contributor,2024-02-22,2024-03-14,1,7.8,9.1,7.4
E00064,P00215,Contributor,2025-09-12,2025-11-29,2,7.2,7.1,7.1
E00064,P00221,Contributor,2026-01-10,2026-01-24,1,5.5,5.0,6.2
E00064,P00227,Contributor,2026-02-27,2026-03-01,1,6.3,7.3,6.6
E00064,P00262,Contributor,2024-05-29,2024-06-06,1,5.5,5.0,6.2
E00064,P00298,Contributor,2025-04-14,2025-04-28,1,7.6,8.9,7.3
E00064,P00306,Contributor,2025-06-30,2025-07-10,1,5.5,5.7,6.2
E00064,P00345,Contributor,2024-02-03,2024-02-13,1,6.5,6.4,6.8
E00064,P00364,Contributor,2025-09-09,2025-09-24,1,5.5,5.0,6.2
E00064,P00383,Contributor,2024-02-24,2024-02-26,1,8.0,9.3,7.5
E00064,P00391,Contributor,2024-01-03,2024-01-15,1,5.5,5.0,6.2
E00064,P00395,Contributor,2025-11-21,2025-12-01,1,7.1,7.7,7.0
E00064,P00398,Contributor,2025-10-14,2025-11-11,1,7.1,8.4,7.0
E00064,P00405,Contributor,2025-07-20,2025-07-31,2,7.3,6.8,7.2
E00064,P00440,Contributor,2023-06-28,2023-07-21,1,7.2,6.2,7.1
E00064,P00481,Contributor,2024-04-02,2024-04-07,1,6.7,7.7,6.8
E00064,P00488,Contributor,2024-02-07,2024-02-19,1,7.3,8.5,7.2
E00064,P00489,Contributor,2024-11-08,2024-11-20,1,7.2,8.5,7.1
E00064,P00522,Contributor,2025-09-24,2025-09-27,1,7.4,8.5,7.2
E00064,P00554,Contributor,2025-02-25,2025-03-08,1,7.1,7.9,7.0
E00064,P00560,Contributor,2025-01-11,2025-01-20,1,5.7,6.0,6.4
E00064,P00581,Contributor,2023-09-17,2023-09-25,1,6.4,6.6,6.7
E00064,P00591,Contributor,2023-08-26,2023-09-06,1,5.9,5.6,6.4
E00064,P00597,Contributor,2023-11-05,2023-11-09,1,5.5,5.4,6.2
E00064,P00633,Contributor,2026-03-24,2026-04-04,1,5.5,5.0,6.2
E00064,P00649,Contributor,2024-02-13,2024-02-22,1,5.5,5.0,6.2
E00064,P00712,Contributor,2026-03-13,2026-03-17,1,5.5,5.0,6.2
E00064,P00730,Contributor,2026-03-04,2026-03-15,1,5.9,5.9,6.4
E00064,P00805,Contributor,2025-05-16,2025-05-25,1,8.0,9.3,7.5
E00064,P00809,Contributor,2025-04-06,2025-04-17,1,7.7,9.0,7.4
E00064,P00850,Contributor,2025-06-16,2025-07-01,1,5.5,5.0,6.2
E00064,P00870,Contributor,2023-06-12,2023-06-17,1,6.2,6.7,6.6
E00064,P00873,Contributor,2025-04-04,2025-10-04,2,7.3,7.2,7.2
E00064,P00875,Contributor,2024-12-03,2024-12-09,1,6.8,7.9,6.9
E00064,P00880,Contributor,2026-01-29,2026-02-28,1,6.0,7.4,6.5
E00064,P00883,Contributor,2025-12-17,2025-12-19,1,6.7,6.6,6.8
E00065,P00032,Contributor,2024-12-08,2024-12-23,1,7.0,7.5,7.9
E00065,P00037,Contributor,2026-01-13,2026-01-17,1,5.5,5.0,7.2
E00065,P00073,Contributor,2024-03-30,2024-04-10,1,5.5,5.0,7.2
E00065,P00136,Contributor,2024-12-03,2024-12-31,1,8.2,8.5,8.5
E00065,P00283,Contributor,2026-04-22,2026-05-02,1,6.3,5.8,7.6
E00065,P00375,Contributor,2025-07-09,2025-07-16,1,5.5,5.0,7.2
E00065,P00383,Contributor,2023-10-27,2023-11-14,1,5.5,5.0,7.2
E00065,P00404,Contributor,2025-07-27,2025-08-11,1,5.5,5.0,7.2
E00065,P00415,Contributor,2024-04-04,2024-04-12,1,6.4,6.4,7.6
E00065,P00472,Contributor,2025-02-07,2025-02-19,1,5.5,5.0,7.2
E00065,P00577,Contributor,2025-12-28,2026-01-07,1,5.5,5.0,7.2
E00065,P00645,Contributor,2025-06-11,2025-07-09,1,8.0,9.4,8.4
E00065,P00805,Contributor,2025-11-30,2025-12-05,1,6.0,6.6,7.4
E00065,P00839,Contributor,2025-09-02,2025-09-17,1,5.5,5.5,7.2
E00066,P00032,Project Team Member,2025-03-16,2025-03-18,1,6.0,5.9,7.6
E00066,P00076,Project Team Member,2026-01-31,2026-02-06,1,5.5,5.0,7.4
E00066,P00200,Project Team Member,2025-05-02,2025-05-11,1,5.5,5.0,7.4
E00066,P00286,Project Team Member,2025-06-09,2025-06-22,1,6.9,5.9,8.0
E00066,P00366,Project Team Member,2024-02-18,2024-02-25,1,8.0,8.9,8.6
E00066,P00534,Project Team Member,2024-09-29,2024-10-08,1,5.5,5.0,7.4
E00066,P00642,Project Team Member,2025-03-08,2025-03-17,1,7.0,8.3,8.1
E00067,P00011,Project Team Member,2024-06-17,2024-06-27,1,6.4,7.8,7.2
E00067,P00016,Project Team Member,2024-11-01,2024-11-07,1,5.5,5.0,6.8
E00067,P00021,Project Team Member,2025-09-20,2025-09-30,1,6.2,6.1,7.1
E00067,P00023,Project Team Member,2024-11-24,2024-12-12,1,6.4,6.4,7.2
E00067,P00025,Project Team Member,2025-03-18,2025-03-24,1,9.7,9.7,8.8
E00067,P00030,Project Team Member,2024-01-10,2024-01-13,1,5.5,5.0,6.8
E00067,P00126,Project Team Member,2025-07-29,2025-10-11,2,7.7,7.7,7.8
E00067,P00127,Project Team Member,2025-09-01,2025-09-16,1,5.5,5.1,6.8
E00067,P00132,Project Team Member,2023-07-19,2023-07-26,1,5.5,5.0,6.8
E00067,P00168,Project Team Member,2023-02-25,2023-03-04,1,5.5,5.0,6.8
E00067,P00178,Project Team Member,2026-04-14,2026-04-16,1,7.4,8.2,7.7
E00067,P00211,Project Team Member,2025-04-15,2025-06-10,2,8.0,7.8,8.0
E00067,P00226,Project Team Member,2024-10-21,2025-02-07,2,6.6,5.8,7.3
E00067,P00229,Project Team Member,2026-03-17,2026-03-29,1,8.0,9.3,8.0
E00067,P00249,Project Team Member,2023-06-13,2023-06-28,1,5.5,5.0,6.8
E00067,P00292,Project Team Member,2024-03-15,2024-03-22,1,6.3,6.3,7.2
E00067,P00327,Project Team Member,2025-11-22,2025-12-04,1,5.9,5.6,7.0
E00067,P00331,Project Team Member,2025-02-17,2025-02-24,1,7.4,8.7,7.7
E00067,P00363,Project Team Member,2026-03-07,2026-02-23,1,5.5,5.0,6.8
E00067,P00407,Project Team Member,2025-07-31,2025-08-05,1,9.7,9.7,8.8
E00067,P00462,Project Team Member,2026-01-09,2026-01-22,1,7.2,7.9,7.6
E00067,P00543,Project Team Member,2023-04-21,2023-04-23,1,6.1,6.4,7.0
E00067,P00548,Project Team Member,2023-09-26,2023-10-08,1,5.8,6.4,6.9
E00067,P00576,Project Team Member,2025-06-08,2025-06-21,1,5.5,5.0,6.8
E00067,P00637,Project Team Member,2024-08-27,2024-09-08,1,8.1,7.9,8.0
E00067,P00638,Project Team Member,2026-03-17,2026-03-28,1,5.5,5.0,6.8
E00067,P00686,Project Team Member,2024-12-18,2025-01-02,1,5.7,5.0,6.8
E00067,P00689,Project Team Member,2026-01-28,2026-02-04,1,7.5,7.7,7.8
E00067,P00724,Project Team Member,2026-01-25,2026-02-02,1,7.3,8.3,7.6
E00067,P00728,Project Team Member,2024-03-07,2024-04-06,1,8.5,9.5,8.2
E00067,P00895,Project Team Member,2026-03-18,2026-03-29,1,8.0,9.4,8.0
E00068,P00011,Contributor,2024-06-01,2024-06-03,1,8.4,9.7,8.7
E00068,P00032,Contributor,2025-02-23,2025-03-04,1,5.5,5.0,7.2
E00068,P00090,Contributor,2025-12-29,2026-01-04,1,7.0,6.0,8.0
E00068,P00250,Contributor,2024-06-12,2024-06-16,1,7.0,8.1,8.0
E00068,P00289,Contributor,2026-03-24,2026-03-31,1,7.1,8.4,8.0
E00068,P00332,Contributor,2025-09-08,2025-09-22,1,8.2,9.1,8.6
E00068,P00367,Contributor,2025-03-04,2025-03-07,1,6.3,6.2,7.6
E00068,P00444,Contributor,2025-01-26,2025-02-02,1,6.0,5.9,7.5
E00068,P00503,Contributor,2024-05-11,2024-05-13,1,5.9,5.2,7.4
E00068,P00545,Contributor,2024-11-08,2024-11-20,1,6.7,7.0,7.8
E00068,P00562,Contributor,2026-04-12,2026-04-14,1,6.1,5.7,7.6
E00068,P00580,Contributor,2025-04-20,2025-05-01,1,5.7,5.5,7.4
E00068,P00651,Contributor,2026-02-03,2026-02-19,1,6.4,7.4,7.7
E00068,P00706,Contributor,2023-08-20,2023-08-22,1,6.7,7.1,7.8
E00068,P00748,Contributor,2026-03-21,2026-03-27,1,5.5,5.0,7.2
E00068,P00798,Contributor,2023-03-22,2023-04-03,1,7.7,8.9,8.4
E00068,P00806,Contributor,2026-02-22,2026-02-27,1,7.2,8.1,8.1
E00069,P00009,Project Team Member,2024-02-04,2024-02-24,1,6.8,7.0,7.6
E00069,P00017,Project Team Member,2024-10-28,2024-10-30,1,6.3,6.3,7.4
E00069,P00034,Project Team Member,2023-11-24,2023-12-08,1,5.5,5.0,7.0
E00069,P00059,Project Team Member,2023-10-24,2023-12-19,2,7.5,7.9,8.0
E00069,P00083,Project Team Member,2024-04-21,2024-04-25,1,5.5,5.0,7.0
E00069,P00086,Project Team Member,2024-12-31,2025-01-22,1,6.5,7.8,7.4
E00069,P00101,Project Team Member,2025-07-24,2025-08-03,1,5.5,5.0,7.0
E00069,P00110,Project Team Member,2024-03-29,2024-04-07,1,6.0,6.3,7.2
E00069,P00121,Project Team Member,2024-04-23,2024-05-04,1,7.0,7.7,7.7
E00069,P00136,Project Team Member,2024-10-11,2024-10-18,1,6.7,7.6,7.6
E00069,P00137,Project Team Member,2025-06-20,2025-06-27,1,8.8,9.7,8.6
E00069,P00143,Project Team Member,2024-12-21,2024-12-29,1,6.4,6.6,7.4
E00069,P00150,Project Team Member,2023-11-15,2023-11-29,1,6.1,5.9,7.2
E00069,P00160,Project Team Member,2024-07-04,2024-07-17,1,7.2,8.4,7.8
E00069,P00191,Project Team Member,2025-08-24,2025-08-27,1,5.5,5.4,7.0
E00069,P00194,Project Team Member,2025-08-26,2025-09-10,1,5.5,5.0,7.0
E00069,P00216,Project Team Member,2024-12-23,2025-01-02,1,9.1,9.6,8.8
E00069,P00219,Project Team Member,2024-09-30,2024-10-21,1,8.7,9.7,8.6
E00069,P00220,Project Team Member,2023-08-12,2023-08-30,1,5.5,5.0,7.0
E00069,P00253,Project Team Member,2024-12-01,2024-12-10,1,5.9,6.3,7.2
E00069,P00254,Project Team Member,2024-01-28,2024-02-03,1,7.4,8.8,7.9
E00069,P00259,Project Team Member,2025-01-02,2025-01-15,1,5.5,5.0,7.0
E00069,P00274,Project Team Member,2025-02-14,2025-02-19,1,5.5,5.1,7.0
E00069,P00278,Project Team Member,2023-11-26,2023-12-02,1,5.5,5.6,7.0
E00069,P00309,Project Team Member,2026-03-21,2026-03-28,1,6.0,5.7,7.2
E00069,P00321,Project Team Member,2023-10-30,2023-11-07,1,8.0,9.3,8.2
E00069,P00336,Project Team Member,2024-12-23,2024-12-30,1,5.5,5.3,7.0
E00069,P00338,Project Team Member,2024-03-02,2024-03-12,1,7.9,7.5,8.2
E00069,P00350,Project Team Member,2025-10-31,2025-11-03,1,6.7,7.9,7.6
E00069,P00371,Project Team Member,2025-03-05,2025-03-15,1,5.5,5.0,7.0
E00069,P00383,Project Team Member,2024-02-25,2024-02-26,1,8.0,8.8,8.2
E00069,P00389,Project Team Member,2025-03-26,2025-04-08,1,5.5,5.0,7.0
E00069,P00395,Project Team Member,2026-01-29,2026-01-31,1,7.1,8.4,7.8
E00069,P00397,Project Team Member,2023-07-05,2023-07-31,1,5.7,6.0,7.0
E00069,P00412,Project Team Member,2025-03-19,2025-03-28,1,5.5,5.0,7.0
E00069,P00420,Project Team Member,2024-11-25,2024-12-09,1,5.5,5.0,7.0
E00069,P00427,Project Team Member,2025-09-08,2025-10-05,1,8.0,9.4,8.2
E00069,P00459,Project Team Member,2025-02-26,2025-05-11,2,6.1,5.8,7.2
E00069,P00482,Project Team Member,2023-09-23,2023-10-06,1,6.4,6.6,7.4
E00069,P00507,Project Team Member,2025-07-11,2025-07-16,1,5.5,5.0,7.0
E00069,P00508,Project Team Member,2024-11-18,2024-12-05,1,5.5,5.0,7.0
E00069,P00511,Project Team Member,2025-07-11,2025-08-09,1,7.6,8.7,8.0
E00069,P00534,Project Team Member,2024-01-28,2024-02-07,1,8.7,8.9,8.6
E00069,P00536,Project Team Member,2024-06-28,2024-06-30,1,6.1,7.1,7.2
E00069,P00540,Project Team Member,2024-06-09,2025-01-15,2,8.6,8.3,8.5
E00069,P00570,Project Team Member,2025-10-30,2025-11-14,1,7.4,8.6,7.9
E00069,P00583,Project Team Member,2026-03-22,2026-04-03,1,5.5,5.0,7.0
E00069,P00596,Project Team Member,2024-10-30,2024-11-05,1,5.5,5.0,7.0
E00069,P00601,Project Team Member,2024-01-11,2025-03-05,2,5.7,5.0,7.0
E00069,P00609,Project Team Member,2023-02-05,2023-02-13,1,5.5,5.0,7.0
E00069,P00627,Project Team Member,2024-07-25,2024-08-08,1,5.5,5.0,7.0
E00069,P00630,Project Team Member,2024-09-18,2024-09-25,1,7.2,6.5,7.8
E00069,P00663,Project Team Member,2025-03-02,2025-03-10,1,7.4,6.5,7.9
E00069,P00700,Project Team Member,2024-06-07,2024-06-22,1,6.2,5.6,7.3
E00069,P00701,Project Team Member,2025-01-14,2025-01-22,1,6.4,6.0,7.4
E00069,P00709,Project Team Member,2023-12-31,2024-01-05,1,5.5,5.1,7.0
E00069,P00742,Project Team Member,2024-01-26,2024-02-08,1,7.3,7.9,7.8
E00069,P00794,Project Team Member,2024-10-16,2024-10-20,1,6.4,6.6,7.4
E00069,P00808,Project Team Member,2025-01-18,2025-01-24,1,7.2,8.1,7.8
E00069,P00819,Project Team Member,2025-09-20,2026-02-21,2,5.5,5.0,7.0
E00069,P00824,Project Team Member,2023-06-06,2023-06-19,1,7.9,8.0,8.2
E00069,P00833,Project Team Member,2024-12-28,2025-01-02,1,7.8,8.6,8.1
E00069,P00834,Project Team Member,2024-01-11,2024-01-20,1,7.3,8.6,7.8
E00069,P00836,Project Team Member,2025-11-19,2025-11-26,1,6.0,7.4,7.2
E00069,P00840,Project Team Member,2024-10-03,2024-10-06,1,8.9,9.6,8.6
E00069,P00862,Project Team Member,2025-12-14,2025-12-27,1,7.2,8.0,7.8
E00069,P00883,Project Team Member,2025-12-04,2025-12-22,1,7.8,8.6,8.1
E00070,P00006,Coordinator,2024-07-20,2024-08-07,1,6.9,7.7,7.2
E00070,P00010,Coordinator,2023-09-12,2023-09-19,1,6.8,7.4,7.1
E00070,P00033,Coordinator,2025-03-10,2025-03-25,1,7.3,8.5,7.4
E00070,P00036,Coordinator,2023-12-22,2023-12-24,1,5.5,5.6,6.4
E00070,P00046,Coordinator,2025-05-06,2025-05-10,1,5.5,5.0,6.4
E00070,P00059,Coordinator,2024-01-10,2024-01-25,1,6.8,6.5,7.1
E00070,P00063,Coordinator,2026-03-25,2026-03-29,1,6.1,6.5,6.8
E00070,P00079,Coordinator,2023-10-28,2023-12-12,2,6.9,7.5,7.2
E00070,P00109,Coordinator,2023-07-29,2023-07-31,1,5.5,5.0,6.4
E00070,P00138,Coordinator,2024-08-10,2024-08-20,1,6.4,6.6,6.9
E00070,P00155,Coordinator,2023-04-03,2023-04-14,1,6.8,5.8,7.1
E00070,P00218,Coordinator,2026-02-26,2026-03-07,1,7.0,7.6,7.2
E00070,P00225,Coordinator,2026-02-05,2026-02-18,1,8.0,9.3,7.7
E00070,P00265,Coordinator,2025-09-11,2025-09-29,1,5.5,5.0,6.4
E00070,P00287,Coordinator,2025-08-29,2025-09-08,1,6.8,8.1,7.1
E00070,P00290,Coordinator,2024-06-16,2024-06-23,1,6.3,6.3,6.8
E00070,P00291,Coordinator,2024-03-22,2024-03-25,1,5.5,5.0,6.4
E00070,P00295,Coordinator,2025-03-29,2025-04-10,1,7.4,8.5,7.4
E00070,P00323,Coordinator,2025-11-26,2025-11-30,1,5.5,5.0,6.4
E00070,P00335,Coordinator,2024-09-26,2024-10-03,1,5.5,5.0,6.4
E00070,P00343,Coordinator,2024-02-15,2024-02-18,1,5.5,5.0,6.4
E00070,P00369,Coordinator,2024-05-04,2024-05-06,1,6.6,7.7,7.0
E00070,P00389,Coordinator,2025-02-18,2025-02-20,1,5.6,5.2,6.5
E00070,P00396,Coordinator,2026-01-19,2026-01-26,1,5.6,5.7,6.5
E00070,P00406,Coordinator,2024-05-07,2024-05-16,1,5.5,5.7,6.4
E00070,P00409,Coordinator,2023-12-19,2023-12-21,1,5.9,5.0,6.6
E00070,P00412,Coordinator,2025-09-28,2025-10-04,1,6.1,6.6,6.8
E00070,P00418,Coordinator,2023-06-18,2023-06-23,1,5.5,5.0,6.4
E00070,P00451,Coordinator,2025-07-11,2025-12-18,2,7.4,7.8,7.4
E00070,P00453,Coordinator,2025-12-03,2025-12-11,1,6.9,8.1,7.2
E00070,P00473,Coordinator,2026-03-11,2026-04-05,1,7.0,7.6,7.2
E00070,P00498,Coordinator,2026-01-28,2026-02-02,1,5.5,5.0,6.4
E00070,P00502,Coordinator,2025-03-22,2025-04-02,1,6.0,6.6,6.7
E00070,P00509,Coordinator,2026-03-30,2026-02-28,1,5.6,5.0,6.5
E00070,P00535,Coordinator,2026-04-19,2026-04-26,1,6.8,8.2,7.1
E00070,P00548,Coordinator,2023-09-29,2023-10-05,1,6.9,7.4,7.2
E00070,P00584,Coordinator,2024-05-16,2024-05-28,1,5.5,5.0,6.4
E00070,P00635,Coordinator,2023-05-03,2023-05-09,1,7.0,8.0,7.2
E00070,P00682,Coordinator,2023-12-31,2024-01-14,1,7.0,8.0,7.2
E00070,P00687,Coordinator,2024-04-08,2024-04-20,1,8.9,9.7,8.2
E00070,P00694,Coordinator,2023-09-05,2023-09-16,1,7.0,8.2,7.2
E00070,P00698,Coordinator,2025-03-10,2025-03-22,1,5.5,5.0,6.4
E00070,P00778,Coordinator,2024-12-07,2024-12-17,1,5.5,5.0,6.4
E00070,P00829,Coordinator,2023-12-01,2023-12-09,1,8.6,8.7,8.0
E00070,P00845,Coordinator,2026-04-26,2026-05-07,1,5.5,5.0,6.4
E00070,P00850,Coordinator,2025-04-21,2025-05-01,1,6.1,6.6,6.8
E00070,P00855,Coordinator,2026-01-22,2026-01-29,1,7.2,8.6,7.3
E00070,P00860,Coordinator,2026-01-22,2026-02-18,1,5.5,5.0,6.4
E00070,P00870,Coordinator,2023-05-11,2023-05-26,1,8.4,9.7,7.9
E00070,P00873,Coordinator,2026-01-02,2026-01-16,1,6.9,8.3,7.2
E00070,P00878,Coordinator,2026-02-03,2026-02-07,1,5.8,6.5,6.6
E00070,P00886,Coordinator,2026-04-05,2026-03-05,1,7.1,7.8,7.2
E00070,P00894,Coordinator,2025-03-05,2025-03-16,1,8.3,9.3,7.8
E00071,P00005,Project Team Member,2024-07-12,2024-07-21,1,7.1,8.5,7.8
E00071,P00008,Project Team Member,2024-06-14,2024-07-04,1,6.9,7.8,7.6
E00071,P00028,Project Team Member,2025-05-14,2025-05-19,1,7.2,8.2,7.8
E00071,P00032,Project Team Member,2025-03-15,2025-04-11,1,8.0,9.3,8.2
E00071,P00034,Project Team Member,2024-05-23,2024-05-30,1,5.5,6.1,7.0
E00071,P00040,Project Team Member,2023-09-13,2023-09-18,1,5.9,5.5,7.2
E00071,P00042,Project Team Member,2024-01-03,2024-01-20,1,5.6,5.4,7.0
E00071,P00054,Project Team Member,2023-05-21,2023-05-25,1,5.5,5.0,7.0
E00071,P00057,Project Team Member,2023-05-08,2023-05-15,1,7.4,8.7,7.9
E00071,P00098,Project Team Member,2025-01-27,2025-02-01,1,6.8,7.6,7.6
E00071,P00136,Project Team Member,2024-11-12,2024-11-17,1,6.0,5.0,7.2
E00071,P00148,Project Team Member,2024-03-27,2024-04-09,1,6.4,7.5,7.4
E00071,P00154,Project Team Member,2024-10-25,2024-11-03,1,6.4,7.7,7.4
E00071,P00180,Project Team Member,2025-06-23,2025-08-13,2,6.7,6.2,7.6
E00071,P00187,Project Team Member,2026-03-02,2026-03-08,1,8.4,9.7,8.4
E00071,P00203,Project Team Member,2024-05-17,2024-05-31,1,9.1,9.6,8.8
E00071,P00218,Project Team Member,2025-12-11,2025-12-21,1,6.7,7.3,7.6
E00071,P00227,Project Team Member,2026-02-27,2026-03-14,1,8.5,9.5,8.4
E00071,P00234,Project Team Member,2024-08-23,2024-09-04,1,7.6,9.0,8.0
E00071,P00241,Project Team Member,2024-12-19,2025-01-14,1,6.3,7.3,7.4
E00071,P00250,Project Team Member,2023-10-12,2023-10-25,1,6.3,7.3,7.4
E00071,P00254,Project Team Member,2023-07-20,2023-08-04,1,6.0,5.0,7.2
E00071,P00266,Project Team Member,2023-03-20,2023-03-22,1,7.6,7.6,8.0
E00071,P00272,Project Team Member,2025-06-20,2025-06-24,1,8.9,9.2,8.6
E00071,P00284,Project Team Member,2025-03-03,2025-03-13,1,7.8,9.0,8.1
E00071,P00291,Project Team Member,2024-08-13,2024-08-21,1,5.5,5.0,7.0
E00071,P00294,Project Team Member,2024-02-10,2024-02-14,1,6.5,5.5,7.4
E00071,P00299,Project Team Member,2025-10-05,2025-10-11,1,8.0,9.4,8.2
E00071,P00320,Project Team Member,2024-12-16,2024-12-26,1,5.8,5.3,7.1
E00071,P00328,Project Team Member,2025-06-28,2025-06-30,1,5.9,5.0,7.2
E00071,P00374,Project Team Member,2025-08-29,2025-09-04,1,6.9,7.9,7.6
E00071,P00383,Project Team Member,2023-12-08,2023-12-15,1,7.6,9.0,8.0
E00071,P00392,Project Team Member,2023-09-09,2023-09-18,1,6.6,8.0,7.5
E00071,P00424,Project Team Member,2024-02-02,2024-02-24,1,6.2,5.2,7.3
E00071,P00426,Project Team Member,2023-06-20,2023-07-05,1,5.5,5.0,7.0
E00071,P00432,Project Team Member,2024-08-09,2024-08-18,1,8.4,9.7,8.4
E00071,P00437,Project Team Member,2024-12-11,2024-12-18,1,5.5,5.0,7.0
E00071,P00458,Project Team Member,2026-02-12,2026-02-26,1,7.6,8.4,8.0
E00071,P00479,Project Team Member,2025-06-22,2025-07-05,1,7.7,8.8,8.0
E00071,P00481,Project Team Member,2023-08-24,2023-09-03,1,6.3,6.3,7.4
E00071,P00491,Project Team Member,2024-10-02,2024-10-04,1,7.7,8.6,8.0
E00071,P00523,Project Team Member,2025-10-31,2025-11-11,1,8.6,8.6,8.5
E00071,P00545,Project Team Member,2024-12-06,2025-01-04,1,7.1,7.9,7.8
E00071,P00557,Project Team Member,2026-02-10,2026-02-16,1,5.5,5.0,7.0
E00071,P00571,Project Team Member,2024-05-01,2024-05-12,1,7.2,8.4,7.8
E00071,P00587,Project Team Member,2024-01-16,2024-01-24,1,5.5,5.0,7.0
E00071,P00604,Project Team Member,2023-11-06,2023-11-18,1,7.2,8.1,7.8
E00071,P00605,Project Team Member,2025-12-28,2026-01-07,1,8.5,9.5,8.4
E00071,P00611,Project Team Member,2024-05-08,2024-05-11,1,9.0,9.5,8.7
E00071,P00626,Project Team Member,2026-02-05,2026-02-18,1,8.9,9.3,8.6
E00071,P00641,Project Team Member,2024-05-10,2024-05-25,1,6.8,7.7,7.6
E00071,P00657,Project Team Member,2026-02-02,2026-02-11,1,8.1,9.2,8.2
E00071,P00659,Project Team Member,2023-10-01,2023-10-06,1,6.1,7.0,7.2
E00071,P00667,Project Team Member,2024-02-04,2024-02-11,1,7.0,7.8,7.7
E00071,P00730,Project Team Member,2025-12-28,2025-12-31,1,6.6,7.8,7.5
E00071,P00737,Project Team Member,2024-12-07,2024-12-13,1,6.6,6.9,7.5
E00071,P00742,Project Team Member,2024-05-29,2024-06-05,1,6.2,6.1,7.3
E00071,P00750,Project Team Member,2026-02-19,2026-02-28,1,5.5,5.0,7.0
E00071,P00755,Project Team Member,2026-02-06,2026-02-14,1,5.5,5.0,7.0
E00071,P00776,Project Team Member,2024-04-25,2024-05-04,1,9.7,9.7,9.0
E00071,P00777,Project Team Member,2025-05-12,2025-05-20,1,6.0,6.8,7.2
E00071,P00782,Project Team Member,2026-01-11,2026-01-18,1,8.0,9.0,8.2
E00071,P00795,Project Team Member,2024-10-21,2024-10-31,1,6.6,7.0,7.5
E00071,P00808,Project Team Member,2024-09-23,2024-10-04,1,7.0,8.3,7.7
E00071,P00826,Project Team Member,2025-05-08,2025-05-20,1,5.5,5.0,7.0
E00071,P00836,Project Team Member,2025-09-23,2025-10-18,1,6.2,6.7,7.3
E00071,P00870,Project Team Member,2023-05-31,2023-06-05,1,7.9,8.8,8.2
E00072,P00004,Project Team Member,2024-05-14,2024-05-29,1,7.5,8.8,8.4
E00072,P00015,Project Team Member,2026-02-08,2026-02-16,1,6.2,7.1,7.8
E00072,P00023,Project Team Member,2024-11-02,2024-11-13,1,5.5,5.0,7.4
E00072,P00032,Project Team Member,2024-07-04,2024-07-11,1,5.9,5.2,7.6
E00072,P00036,Project Team Member,2024-01-27,2024-02-01,1,6.8,5.8,8.1
E00072,P00155,Project Team Member,2023-12-24,2024-01-05,1,9.2,9.7,9.3
E00072,P00181,Project Team Member,2025-12-22,2025-12-29,1,6.1,6.4,7.8
E00072,P00211,Project Team Member,2025-10-24,2025-10-27,1,5.5,5.0,7.4
E00072,P00223,Project Team Member,2025-02-24,2025-03-04,1,5.5,5.0,7.4
E00072,P00234,Project Team Member,2024-10-14,2024-10-16,1,7.2,8.2,8.3
E00072,P00237,Project Team Member,2025-06-22,2025-07-05,1,5.5,5.0,7.4
E00072,P00249,Project Team Member,2023-11-06,2023-11-27,1,7.4,8.5,8.4
E00072,P00302,Project Team Member,2025-01-12,2025-01-23,1,7.5,8.4,8.4
E00072,P00350,Project Team Member,2025-09-15,2025-09-30,1,5.5,5.6,7.4
E00072,P00373,Project Team Member,2025-07-29,2025-08-02,1,7.3,7.9,8.4
E00072,P00393,Project Team Member,2026-01-20,2026-01-30,1,6.1,5.1,7.8
E00072,P00417,Project Team Member,2024-11-22,2024-11-24,1,5.5,5.0,7.4
E00072,P00421,Project Team Member,2024-04-05,2024-04-06,1,5.5,5.1,7.4
E00072,P00521,Project Team Member,2023-11-17,2023-12-01,1,5.5,5.8,7.4
E00072,P00554,Project Team Member,2025-02-17,2025-02-25,1,5.5,5.0,7.4
E00072,P00555,Project Team Member,2023-09-23,2023-09-30,1,5.5,5.0,7.4
E00072,P00650,Project Team Member,2024-10-03,2024-10-07,1,6.6,8.0,8.0
E00072,P00671,Project Team Member,2023-07-25,2023-07-28,1,6.8,8.1,8.1
E00072,P00674,Project Team Member,2024-07-12,2024-07-14,1,7.0,8.2,8.2
E00072,P00677,Project Team Member,2025-04-06,2025-04-18,1,9.7,9.7,9.6
E00072,P00688,Project Team Member,2023-05-07,2023-05-14,1,6.5,5.5,8.0
E00072,P00717,Project Team Member,2025-11-16,2025-11-22,1,5.5,5.0,7.4
E00072,P00731,Project Team Member,2024-03-23,2024-04-05,1,7.8,7.3,8.6
E00072,P00762,Project Team Member,2025-12-18,2025-12-22,1,7.3,8.6,8.4
E00072,P00767,Project Team Member,2023-12-29,2024-01-04,1,6.6,7.7,8.0
E00072,P00885,Project Team Member,2024-12-21,2024-12-24,1,6.4,6.0,7.9
E00072,P00886,Project Team Member,2026-04-05,2026-03-05,1,5.7,6.2,7.6
E00073,P00114,Project Team Member,2024-02-21,2024-02-28,1,6.6,7.9,7.3
E00073,P00123,Project Team Member,2025-06-25,2025-07-02,1,7.5,8.4,7.8
E00073,P00134,Project Team Member,2026-03-28,2026-03-31,1,6.0,6.2,7.0
E00073,P00137,Project Team Member,2025-01-06,2025-01-12,1,5.5,5.3,6.8
E00073,P00171,Project Team Member,2024-03-08,2024-03-19,1,5.8,5.7,6.9
E00073,P00230,Project Team Member,2025-05-14,2025-05-28,1,6.3,6.4,7.2
E00073,P00250,Project Team Member,2024-08-30,2024-09-12,1,7.2,6.2,7.6
E00073,P00394,Project Team Member,2023-05-03,2023-05-15,1,5.6,6.0,6.8
E00073,P00418,Project Team Member,2023-01-30,2023-02-08,1,7.1,7.7,7.6
E00073,P00443,Project Team Member,2024-01-29,2024-02-02,1,6.6,8.0,7.3
E00073,P00458,Project Team Member,2026-02-10,2026-02-24,1,7.0,8.4,7.5
E00073,P00505,Project Team Member,2024-01-04,2024-01-12,1,6.2,7.1,7.1
E00073,P00522,Project Team Member,2026-01-14,2026-02-09,1,5.5,5.0,6.8
E00073,P00559,Project Team Member,2025-12-23,2025-12-31,1,5.6,6.3,6.8
E00073,P00589,Project Team Member,2026-04-01,2026-03-14,1,7.2,6.2,7.6
E00073,P00601,Project Team Member,2024-10-14,2024-10-19,1,8.0,9.3,8.0
E00073,P00623,Project Team Member,2024-01-13,2024-01-19,1,5.5,5.0,6.8
E00073,P00635,Project Team Member,2023-09-15,2023-09-26,1,7.1,8.4,7.6
E00073,P00717,Project Team Member,2026-02-15,2026-02-24,1,7.1,8.0,7.6
E00073,P00762,Project Team Member,2025-01-23,2025-01-26,1,7.2,6.2,7.6
E00073,P00828,Project Team Member,2025-10-11,2025-10-25,1,7.5,8.8,7.8
E00073,P00869,Project Team Member,2025-04-06,2025-04-20,1,5.5,5.0,6.8
E00073,P00898,Project Team Member,2024-04-15,2024-04-28,1,5.8,6.0,6.9
E00073,P00899,Project Team Member,2024-07-14,2024-07-20,1,6.9,8.2,7.4
E00074,P00017,Project Team Member,2024-03-27,2024-04-02,1,5.5,5.0,7.4
E00074,P00020,Project Team Member,2024-08-13,2024-08-22,1,7.8,8.9,8.6
E00074,P00024,Project Team Member,2023-08-21,2023-09-04,1,9.7,9.7,9.6
E00074,P00060,Project Team Member,2025-09-13,2025-09-28,1,7.2,8.4,8.3
E00074,P00122,Project Team Member,2025-03-25,2025-04-06,1,5.5,5.0,7.4
E00074,P00126,Project Team Member,2026-02-27,2026-03-08,1,5.7,5.1,7.6
E00074,P00142,Project Team Member,2025-05-18,2025-05-30,1,7.9,8.2,8.6
E00074,P00143,Project Team Member,2024-12-27,2025-01-05,1,5.5,5.4,7.4
E00074,P00144,Project Team Member,2023-12-13,2023-12-25,1,6.8,7.3,8.1
E00074,P00197,Project Team Member,2026-01-14,2026-01-23,1,8.2,9.3,8.8
E00074,P00236,Project Team Member,2025-01-07,2025-01-17,1,6.2,6.1,7.8
E00074,P00256,Project Team Member,2025-07-15,2025-07-18,1,6.9,6.5,8.2
E00074,P00401,Project Team Member,2023-07-11,2023-07-22,1,5.5,5.0,7.4
E00074,P00402,Project Team Member,2026-03-24,2026-04-08,2,8.0,8.1,8.7
E00074,P00417,Project Team Member,2024-11-04,2024-11-08,1,7.2,7.9,8.3
E00074,P00446,Project Team Member,2025-03-14,2025-03-16,1,7.0,8.1,8.2
E00074,P00453,Project Team Member,2025-12-13,2025-12-27,1,5.9,5.2,7.6
E00074,P00482,Project Team Member,2023-05-14,2023-05-22,1,9.7,9.7,9.6
E00074,P00490,Project Team Member,2025-08-17,2025-09-08,1,5.5,5.0,7.4
E00074,P00520,Project Team Member,2024-02-16,2024-02-25,1,5.5,5.0,7.4
E00074,P00524,Project Team Member,2023-11-13,2023-11-26,1,5.9,5.2,7.6
E00074,P00525,Project Team Member,2026-01-04,2026-01-16,1,5.5,5.0,7.4
E00074,P00582,Project Team Member,2024-05-23,2024-05-30,1,5.5,5.0,7.4
E00074,P00602,Project Team Member,2024-06-12,2024-06-19,1,5.5,5.1,7.4
E00074,P00688,Project Team Member,2023-06-08,2023-06-22,1,6.5,7.3,8.0
E00074,P00729,Project Team Member,2023-04-05,2023-04-26,1,8.0,9.4,8.7
E00074,P00808,Project Team Member,2024-04-22,2024-05-01,1,7.6,7.3,8.5
E00074,P00812,Project Team Member,2023-02-19,2023-02-28,1,8.0,9.0,8.7
E00074,P00894,Project Team Member,2025-07-28,2025-08-05,1,5.8,5.0,7.6
E00075,P00021,Project Team Member,2026-01-20,2026-01-22,1,7.8,9.0,6.7
E00075,P00031,Project Team Member,2023-06-30,2023-07-09,1,6.1,6.2,5.8
E00075,P00070,Project Team Member,2023-10-19,2023-10-22,1,7.3,8.3,6.4
E00075,P00083,Project Team Member,2024-01-21,2024-02-03,1,7.0,7.8,6.3
E00075,P00086,Project Team Member,2025-01-17,2025-02-01,1,6.0,5.8,5.8
E00075,P00089,Project Team Member,2025-04-25,2025-05-07,1,5.7,6.1,5.6
E00075,P00090,Project Team Member,2026-02-06,2026-02-17,1,6.1,6.5,5.8
E00075,P00125,Project Team Member,2025-08-24,2025-08-28,1,6.8,5.8,6.2
E00075,P00127,Project Team Member,2025-07-10,2025-07-15,1,8.0,9.3,6.8
E00075,P00130,Project Team Member,2026-03-08,2026-04-02,1,8.2,9.5,6.9
E00075,P00131,Project Team Member,2025-11-30,2025-12-06,1,6.6,6.9,6.1
E00075,P00135,Project Team Member,2024-01-31,2024-02-11,1,7.1,7.3,6.4
E00075,P00141,Project Team Member,2025-11-05,2025-11-14,1,8.0,9.4,6.8
E00075,P00179,Project Team Member,2026-03-13,2026-03-26,1,6.9,8.1,6.2
E00075,P00183,Project Team Member,2024-03-23,2024-04-02,1,8.4,9.7,7.0
E00075,P00185,Project Team Member,2026-03-05,2026-03-22,1,9.5,9.7,7.6
E00075,P00238,Project Team Member,2024-03-26,2024-04-08,1,7.5,8.3,6.6
E00075,P00248,Project Team Member,2026-02-09,2026-03-02,2,5.9,5.9,5.8
E00075,P00268,Project Team Member,2024-02-07,2024-02-21,1,7.7,8.8,6.6
E00075,P00274,Project Team Member,2024-07-12,2024-07-21,1,5.6,5.9,5.6
E00075,P00280,Project Team Member,2025-02-08,2025-02-16,1,5.9,6.3,5.8
E00075,P00286,Project Team Member,2026-01-06,2026-01-10,1,6.5,7.3,6.0
E00075,P00288,Project Team Member,2024-06-15,2024-06-19,1,5.5,5.6,5.6
E00075,P00293,Project Team Member,2024-11-30,2024-12-11,1,9.3,9.7,7.4
E00075,P00328,Project Team Member,2025-04-27,2025-05-01,1,7.0,7.1,6.3
E00075,P00337,Project Team Member,2023-07-27,2023-08-06,1,6.0,6.3,5.8
E00075,P00344,Project Team Member,2023-10-23,2023-12-19,2,7.7,8.3,6.6
E00075,P00351,Project Team Member,2025-03-09,2025-03-21,1,5.5,5.0,5.6
E00075,P00352,Project Team Member,2023-04-16,2023-04-22,1,6.9,7.8,6.2
E00075,P00358,Project Team Member,2025-02-05,2025-02-11,1,6.3,6.4,5.9
E00075,P00378,Project Team Member,2025-08-06,2025-08-24,1,6.7,7.7,6.2
E00075,P00388,Project Team Member,2023-07-24,2023-08-26,2,5.5,5.0,5.6
E00075,P00421,Project Team Member,2024-02-13,2024-02-19,1,5.5,5.0,5.6
E00075,P00431,Project Team Member,2025-10-17,2025-10-28,1,6.8,7.9,6.2
E00075,P00445,Project Team Member,2025-08-22,2025-09-03,1,5.8,5.6,5.7
E00075,P00450,Project Team Member,2025-03-19,2025-03-21,1,6.8,8.1,6.2
E00075,P00452,Project Team Member,2024-02-25,2024-03-03,1,7.7,8.4,6.6
E00075,P00477,Project Team Member,2026-03-07,2026-03-17,1,6.5,7.5,6.0
E00075,P00503,Project Team Member,2023-10-22,2023-11-02,1,5.5,5.0,5.6
E00075,P00547,Project Team Member,2024-04-15,2024-04-22,1,6.2,7.4,5.9
E00075,P00570,Project Team Member,2025-10-31,2025-11-11,1,8.8,9.1,7.2
E00075,P00571,Project Team Member,2024-04-25,2024-05-09,1,9.0,9.7,7.3
E00075,P00579,Project Team Member,2024-03-07,2024-03-12,1,7.9,9.2,6.8
E00075,P00593,Project Team Member,2024-10-19,2024-11-16,1,7.9,8.3,6.8
E00075,P00600,Project Team Member,2025-08-19,2025-08-30,1,7.0,7.7,6.3
E00075,P00634,Project Team Member,2025-04-08,2025-04-16,1,5.5,5.0,5.6
E00075,P00652,Project Team Member,2024-08-04,2024-08-16,1,6.8,7.3,6.2
E00075,P00664,Project Team Member,2025-06-11,2025-06-25,1,6.6,7.6,6.1
E00075,P00675,Project Team Member,2024-07-27,2024-07-30,1,7.6,8.9,6.6
E00075,P00676,Project Team Member,2026-03-05,2026-02-18,1,6.4,7.0,6.0
E00075,P00689,Project Team Member,2026-02-13,2026-03-10,1,8.2,8.7,6.9
E00075,P00693,Project Team Member,2025-05-15,2025-06-03,1,6.9,7.4,6.2
E00075,P00718,Project Team Member,2025-08-02,2025-08-15,1,7.3,8.4,6.4
E00075,P00768,Project Team Member,2024-02-27,2024-03-03,1,7.6,8.9,6.6
E00075,P00770,Project Team Member,2024-10-07,2024-10-25,1,7.8,9.0,6.7
E00075,P00775,Project Team Member,2023-07-12,2023-07-23,1,5.5,5.0,5.6
E00075,P00776,Project Team Member,2024-07-17,2024-07-24,1,6.5,5.5,6.0
E00075,P00786,Project Team Member,2026-01-22,2026-02-03,1,5.9,5.2,5.8
E00075,P00789,Project Team Member,2026-04-30,2026-05-06,1,5.5,5.0,5.6
E00075,P00799,Project Team Member,2024-09-04,2024-10-01,1,7.4,8.6,6.5
E00075,P00813,Project Team Member,2024-01-19,2024-02-02,1,7.3,8.6,6.4
E00075,P00832,Project Team Member,2026-01-31,2026-02-08,1,9.1,9.7,7.4
E00075,P00836,Project Team Member,2025-05-17,2025-05-29,1,5.5,5.0,5.6
E00075,P00892,Project Team Member,2025-10-12,2026-02-16,2,7.6,8.4,6.6
E00075,P00898,Project Team Member,2024-10-27,2024-10-31,1,6.4,7.3,6.0
E00076,P00016,Project Team Member,2025-01-17,2025-01-27,1,5.5,5.0,7.2
E00076,P00028,Project Team Member,2024-07-07,2024-07-28,1,6.6,5.6,7.7
E00076,P00104,Project Team Member,2023-09-24,2023-10-15,1,5.9,5.9,7.4
E00076,P00213,Project Team Member,2023-06-06,2023-06-19,1,7.8,8.7,8.3
E00076,P00221,Project Team Member,2026-01-09,2026-02-07,1,6.3,6.8,7.6
E00076,P00229,Project Team Member,2026-03-03,2026-03-08,1,5.5,5.6,7.2
E00076,P00243,Project Team Member,2025-10-21,2025-10-31,1,6.8,6.5,7.8
E00076,P00255,Project Team Member,2024-03-04,2024-04-03,1,6.8,7.6,7.8
E00076,P00280,Project Team Member,2025-03-29,2025-04-13,1,7.8,9.0,8.3
E00076,P00282,Project Team Member,2023-09-04,2023-09-13,1,7.6,8.9,8.2
E00076,P00295,Project Team Member,2025-02-24,2025-03-06,1,7.1,8.4,8.0
E00076,P00318,Project Team Member,2024-03-27,2024-04-08,1,5.9,6.5,7.4
E00076,P00336,Project Team Member,2025-05-02,2025-05-07,1,6.6,6.9,7.7
E00076,P00371,Project Team Member,2025-04-06,2025-05-03,1,7.1,8.3,8.0
E00076,P00394,Project Team Member,2024-02-22,2024-03-02,1,8.0,7.7,8.4
E00076,P00420,Project Team Member,2024-01-14,2024-07-26,2,7.0,6.7,7.9
E00076,P00424,Project Team Member,2024-02-25,2024-03-04,1,6.6,7.4,7.7
E00076,P00433,Project Team Member,2025-01-05,2025-01-13,1,5.5,5.0,7.2
E00076,P00453,Project Team Member,2026-01-19,2026-01-21,1,7.3,8.2,8.0
E00076,P00487,Project Team Member,2023-02-20,2023-03-01,1,6.6,5.6,7.7
E00076,P00499,Project Team Member,2025-03-07,2025-03-09,1,5.5,5.6,7.2
E00076,P00525,Project Team Member,2026-02-19,2026-03-16,2,7.6,7.7,8.2
E00076,P00542,Project Team Member,2023-07-01,2023-07-09,1,6.5,6.7,7.6
E00076,P00553,Project Team Member,2025-02-03,2025-02-11,1,7.1,8.1,8.0
E00076,P00580,Project Team Member,2025-10-14,2025-10-19,1,7.4,8.3,8.1
E00076,P00598,Project Team Member,2024-09-28,2024-10-27,1,7.7,9.0,8.2
E00076,P00600,Project Team Member,2025-04-20,2025-04-30,1,8.0,9.3,8.4
E00076,P00609,Project Team Member,2023-07-09,2023-07-22,1,6.4,6.5,7.6
E00076,P00635,Project Team Member,2023-05-05,2023-05-07,1,7.2,8.5,8.0
E00076,P00639,Project Team Member,2024-05-17,2024-05-24,1,5.5,5.0,7.2
E00076,P00648,Project Team Member,2025-07-22,2025-08-02,1,9.3,9.7,9.0
E00076,P00679,Project Team Member,2026-03-21,2026-02-28,1,5.5,5.6,7.2
E00076,P00696,Project Team Member,2025-09-18,2025-10-16,1,7.0,7.9,7.9
E00076,P00737,Project Team Member,2024-10-13,2024-10-29,1,6.8,8.1,7.8
E00076,P00774,Project Team Member,2025-02-06,2025-02-12,1,5.9,5.2,7.4
E00076,P00779,Project Team Member,2023-07-10,2023-07-24,1,6.3,6.2,7.6
E00076,P00815,Project Team Member,2025-05-01,2025-05-03,1,6.3,6.3,7.6
E00076,P00832,Project Team Member,2025-10-14,2025-11-25,2,8.4,9.2,8.6
E00076,P00887,Project Team Member,2023-09-21,2023-09-28,1,6.2,7.3,7.5
E00077,P00002,Contributor,2025-07-15,2025-07-25,1,6.4,7.0,7.2
E00077,P00008,Contributor,2024-10-19,2024-10-31,1,6.4,7.3,7.2
E00077,P00013,Contributor,2023-08-11,2023-08-25,1,9.0,9.4,8.5
E00077,P00104,Contributor,2023-11-27,2023-12-06,1,6.0,6.9,7.0
E00077,P00174,Contributor,2026-04-26,2026-05-09,3,7.5,7.4,7.8
E00077,P00190,Contributor,2024-02-17,2024-02-29,1,5.5,5.0,6.8
E00077,P00191,Contributor,2025-09-30,2025-10-07,1,8.0,9.3,8.0
E00077,P00236,Contributor,2025-01-31,2025-02-03,1,5.5,6.1,6.8
E00077,P00241,Contributor,2025-04-08,2025-04-08,1,6.9,7.2,7.4
E00077,P00251,Contributor,2026-03-12,2026-04-06,1,8.1,8.7,8.0
E00077,P00288,Contributor,2024-07-19,2024-08-03,1,5.5,5.0,6.8
E00077,P00295,Contributor,2024-08-13,2024-08-21,1,6.9,7.5,7.4
E00077,P00324,Contributor,2024-11-08,2024-11-20,1,7.0,8.0,7.5
E00077,P00341,Contributor,2023-04-23,2023-05-07,1,6.0,6.4,7.0
E00077,P00359,Contributor,2025-10-24,2025-11-08,1,7.4,8.2,7.7
E00077,P00361,Contributor,2025-06-18,2025-06-25,1,6.8,7.3,7.4
E00077,P00365,Contributor,2025-06-13,2025-06-27,1,5.5,5.0,6.8
E00077,P00367,Contributor,2025-05-14,2025-05-24,1,5.5,5.0,6.8
E00077,P00381,Contributor,2025-12-19,2026-01-13,1,7.2,6.2,7.6
E00077,P00393,Contributor,2026-02-01,2026-02-27,1,7.0,8.3,7.5
E00077,P00408,Contributor,2023-11-12,2023-11-13,1,5.9,5.2,7.0
E00077,P00412,Contributor,2025-02-08,2025-02-22,1,7.2,7.5,7.6
E00077,P00424,Contributor,2024-03-17,2024-03-25,1,5.9,5.6,7.0
E00077,P00437,Contributor,2024-04-02,2024-04-14,1,6.1,6.0,7.0
E00077,P00474,Contributor,2026-03-17,2026-03-23,1,6.9,6.4,7.4
E00077,P00489,Contributor,2024-06-18,2024-06-30,1,5.5,5.0,6.8
E00077,P00490,Contributor,2025-10-01,2025-10-09,1,6.7,8.0,7.4
E00077,P00496,Contributor,2024-05-13,2024-06-06,1,5.5,5.0,6.8
E00077,P00502,Contributor,2025-04-10,2025-04-20,1,6.3,7.3,7.2
E00077,P00508,Contributor,2024-06-05,2024-06-11,1,5.5,5.0,6.8
E00077,P00511,Contributor,2026-02-19,2026-02-25,1,7.6,8.3,7.8
E00077,P00517,Contributor,2024-04-12,2024-04-22,1,7.8,7.4,7.9
E00077,P00547,Contributor,2024-08-25,2024-08-27,1,6.3,6.4,7.2
E00077,P00565,Contributor,2024-09-12,2024-10-12,1,6.5,5.5,7.2
E00077,P00566,Contributor,2025-12-11,2025-12-25,1,6.3,7.5,7.2
E00077,P00577,Contributor,2025-06-10,2025-06-18,1,6.9,7.8,7.4
E00077,P00595,Contributor,2026-02-18,2026-02-20,1,7.0,8.2,7.5
E00077,P00614,Contributor,2026-03-11,2026-03-24,1,5.5,5.0,6.8
E00077,P00624,Contributor,2025-02-06,2025-02-08,1,7.3,8.2,7.6
E00077,P00671,Contributor,2023-06-22,2023-06-25,1,5.5,5.0,6.8
E00077,P00692,Contributor,2025-02-14,2025-02-25,1,6.3,6.9,7.2
E00077,P00694,Contributor,2024-02-18,2024-02-20,1,5.5,5.0,6.8
E00077,P00703,Contributor,2025-10-09,2025-10-15,1,5.5,5.3,6.8
E00077,P00707,Contributor,2024-07-03,2024-07-03,1,6.7,8.0,7.4
E00077,P00710,Contributor,2025-12-28,2026-01-08,1,6.3,7.7,7.2
E00077,P00722,Contributor,2023-12-29,2024-01-01,1,6.4,7.2,7.2
E00077,P00742,Contributor,2024-01-30,2024-02-03,1,8.0,9.3,8.0
E00077,P00756,Contributor,2024-09-04,2024-09-06,1,5.5,5.0,6.8
E00077,P00778,Contributor,2024-11-20,2024-11-26,1,7.0,8.2,7.5
E00077,P00802,Contributor,2024-07-23,2024-07-27,1,7.1,7.8,7.6
E00077,P00822,Contributor,2025-04-20,2025-04-24,1,5.5,5.0,6.8
E00077,P00825,Contributor,2026-04-12,2026-04-27,1,5.5,5.0,6.8
E00077,P00827,Contributor,2025-03-29,2025-04-12,1,6.7,8.0,7.4
E00077,P00831,Contributor,2026-01-17,2026-01-29,1,7.2,7.9,7.6
E00077,P00838,Contributor,2024-12-09,2024-12-18,1,5.5,5.0,6.8
E00077,P00852,Contributor,2025-11-17,2025-11-27,1,6.8,7.3,7.4
E00077,P00855,Contributor,2025-07-07,2025-07-19,1,7.6,8.7,7.8
E00077,P00860,Contributor,2025-06-28,2025-07-13,1,5.7,5.3,6.8
E00077,P00874,Contributor,2024-02-28,2024-03-04,1,6.9,7.9,7.4
E00078,P00016,Project Team Member,2025-02-08,2025-02-22,1,6.4,6.2,7.1
E00078,P00043,Project Team Member,2024-02-21,2024-02-22,1,5.5,5.0,6.6
E00078,P00105,Project Team Member,2024-04-22,2024-05-06,1,7.2,8.0,7.5
E00078,P00110,Project Team Member,2023-12-18,2023-12-26,1,5.7,5.8,6.8
E00078,P00135,Project Team Member,2024-06-17,2024-06-30,1,6.3,7.7,7.0
E00078,P00148,Project Team Member,2023-10-23,2024-10-11,2,8.4,7.7,8.1
E00078,P00161,Project Team Member,2025-10-26,2025-11-03,1,8.4,9.7,8.1
E00078,P00167,Project Team Member,2025-04-28,2025-05-02,1,7.6,8.4,7.7
E00078,P00183,Project Team Member,2023-10-27,2023-11-05,1,6.5,6.6,7.2
E00078,P00187,Project Team Member,2026-01-10,2026-01-18,1,8.0,9.3,7.9
E00078,P00191,Project Team Member,2025-09-27,2025-10-24,1,6.2,6.1,7.0
E00078,P00192,Project Team Member,2024-06-20,2024-06-23,1,8.2,9.2,8.0
E00078,P00232,Project Team Member,2023-10-20,2023-10-27,1,7.4,8.1,7.6
E00078,P00260,Project Team Member,2025-08-20,2025-09-02,1,6.2,5.2,7.0
E00078,P00265,Project Team Member,2025-06-30,2025-07-07,1,7.1,6.1,7.4
E00078,P00268,Project Team Member,2024-07-26,2024-08-01,1,6.9,7.8,7.4
E00078,P00304,Project Team Member,2025-08-18,2025-08-24,1,7.0,7.9,7.4
E00078,P00320,Project Team Member,2025-08-18,2025-08-30,1,5.5,5.0,6.6
E00078,P00340,Project Team Member,2025-01-10,2025-01-13,1,7.3,8.6,7.6
E00078,P00346,Project Team Member,2026-02-25,2026-02-28,1,7.4,8.4,7.6
E00078,P00348,Project Team Member,2025-06-02,2025-06-16,1,5.5,5.0,6.6
E00078,P00358,Project Team Member,2025-03-08,2025-03-10,1,5.5,5.0,6.6
E00078,P00370,Project Team Member,2024-06-04,2024-06-17,1,6.5,7.3,7.2
E00078,P00383,Project Team Member,2023-08-21,2023-08-28,1,7.7,8.1,7.8
E00078,P00403,Project Team Member,2024-05-30,2024-06-12,1,5.5,5.0,6.6
E00078,P00416,Project Team Member,2025-02-14,2025-02-17,1,5.5,5.8,6.6
E00078,P00419,Project Team Member,2023-10-19,2023-10-21,1,7.8,8.9,7.8
E00078,P00421,Project Team Member,2024-04-04,2024-04-06,1,5.5,5.0,6.6
E00078,P00448,Project Team Member,2025-01-13,2025-04-06,2,7.0,6.7,7.4
E00078,P00458,Project Team Member,2026-03-09,2026-03-23,1,7.7,8.7,7.8
E00078,P00492,Project Team Member,2024-05-26,2024-06-08,1,6.9,5.9,7.4
E00078,P00497,Project Team Member,2024-07-11,2024-07-15,1,7.7,9.0,7.8
E00078,P00501,Project Team Member,2025-03-18,2025-03-30,1,5.5,5.0,6.6
E00078,P00502,Project Team Member,2025-05-22,2025-06-03,1,5.5,5.0,6.6
E00078,P00514,Project Team Member,2024-12-01,2024-12-14,1,8.3,9.0,8.0
E00078,P00543,Project Team Member,2023-06-09,2023-06-13,1,6.9,7.4,7.4
E00078,P00551,Project Team Member,2024-01-18,2024-01-26,1,5.5,5.0,6.6
E00078,P00561,Project Team Member,2024-04-03,2024-04-16,1,5.6,5.5,6.7
E00078,P00590,Project Team Member,2025-12-16,2025-12-25,1,5.5,5.0,6.6
E00078,P00594,Project Team Member,2024-06-12,2024-06-27,1,5.9,5.8,6.8
E00078,P00599,Project Team Member,2024-03-23,2024-04-04,1,7.9,9.2,7.8
E00078,P00628,Project Team Member,2024-07-10,2024-07-25,1,5.8,5.8,6.8
E00078,P00632,Project Team Member,2026-03-16,2026-03-03,1,8.0,8.5,7.9
E00078,P00636,Project Team Member,2023-10-10,2023-10-25,1,6.7,7.6,7.2
E00078,P00656,Project Team Member,2025-03-27,2025-03-30,1,6.6,7.8,7.2
E00078,P00664,Project Team Member,2024-10-03,2024-10-08,1,6.6,6.8,7.2
E00078,P00667,Project Team Member,2024-02-29,2024-03-11,1,6.2,6.9,7.0
E00078,P00669,Project Team Member,2024-04-16,2024-05-04,1,6.9,8.3,7.4
E00078,P00672,Project Team Member,2025-11-12,2025-11-19,1,8.1,7.9,8.0
E00078,P00695,Project Team Member,2023-02-09,2023-02-17,1,8.3,9.3,8.0
E00078,P00704,Project Team Member,2025-02-26,2025-03-07,1,6.5,7.8,7.2
E00078,P00719,Project Team Member,2026-02-20,2026-02-22,1,8.0,9.3,7.9
E00078,P00720,Project Team Member,2025-06-14,2025-06-24,1,8.0,7.7,7.9
E00078,P00763,Project Team Member,2026-01-31,2026-02-10,1,5.9,5.4,6.8
E00078,P00778,Project Team Member,2024-08-18,2024-08-23,1,6.3,6.3,7.0
E00078,P00794,Project Team Member,2024-10-03,2024-10-20,1,7.4,8.2,7.6
E00078,P00846,Project Team Member,2023-07-09,2023-07-20,1,6.5,7.4,7.2
E00078,P00863,Project Team Member,2025-09-19,2025-10-03,1,6.7,7.2,7.2
E00078,P00865,Project Team Member,2023-06-25,2023-06-26,1,6.6,7.8,7.2
E00078,P00866,Project Team Member,2024-10-28,2024-11-10,1,7.4,8.7,7.6
E00078,P00874,Project Team Member,2023-08-12,2023-08-19,1,8.0,8.5,7.9
E00078,P00886,Project Team Member,2026-04-05,2026-03-05,1,6.8,8.1,7.3
E00078,P00893,Project Team Member,2026-02-15,2026-02-17,1,5.5,5.0,6.6
E00078,P00894,Project Team Member,2025-08-05,2025-08-17,1,8.1,9.1,8.0
E00079,P00047,Specialist,2025-04-04,2025-04-16,1,5.7,5.7,6.8
E00079,P00071,Specialist,2023-06-17,2023-06-28,1,6.5,7.8,7.2
E00079,P00184,Specialist,2024-06-30,2024-07-10,1,5.5,5.0,6.8
E00079,P00191,Specialist,2025-07-05,2025-07-20,1,6.7,6.9,7.4
E00079,P00219,Specialist,2023-11-25,2023-12-19,1,9.5,9.7,8.8
E00079,P00222,Specialist,2023-04-26,2023-05-11,1,7.8,9.0,7.9
E00079,P00223,Specialist,2025-03-08,2025-03-27,1,5.5,5.0,6.8
E00079,P00232,Specialist,2023-10-11,2023-10-13,1,7.2,7.8,7.6
E00079,P00238,Specialist,2024-04-15,2024-04-26,1,5.5,5.0,6.8
E00079,P00242,Specialist,2024-09-29,2024-10-07,1,5.9,5.6,7.0
E00079,P00245,Specialist,2025-11-11,2025-11-16,1,7.9,9.2,8.0
E00079,P00250,Specialist,2023-09-01,2023-09-09,1,6.8,8.0,7.4
E00079,P00254,Specialist,2023-09-23,2023-09-27,1,7.8,8.6,7.9
E00079,P00259,Specialist,2025-03-02,2025-03-12,1,7.1,8.4,7.6
E00079,P00260,Specialist,2025-07-05,2025-07-16,1,5.5,5.0,6.8
E00079,P00271,Specialist,2024-08-21,2024-09-01,1,5.5,5.0,6.8
E00079,P00279,Specialist,2025-09-07,2025-09-19,1,6.4,6.6,7.2
E00079,P00288,Specialist,2024-10-26,2024-10-28,1,6.9,7.3,7.4
E00079,P00299,Specialist,2024-12-31,2025-01-09,1,5.5,5.0,6.8
E00079,P00307,Specialist,2024-12-09,2024-12-21,1,9.7,9.7,8.8
E00079,P00316,Specialist,2023-04-28,2023-05-13,1,6.0,5.7,7.0
E00079,P00319,Specialist,2024-10-23,2024-11-01,1,5.5,5.2,6.8
E00079,P00351,Specialist,2025-06-13,2025-06-16,1,5.9,6.0,7.0
E00079,P00374,Specialist,2026-03-07,2026-03-11,1,7.6,7.0,7.8
E00079,P00407,Specialist,2025-02-17,2025-02-24,1,6.2,5.5,7.1
E00079,P00418,Specialist,2023-06-22,2023-07-04,1,6.6,7.4,7.3
E00079,P00421,Specialist,2023-10-22,2023-10-25,1,8.1,9.1,8.0
E00079,P00434,Specialist,2024-08-23,2024-09-07,1,5.5,5.0,6.8
E00079,P00447,Specialist,2023-07-01,2023-07-25,1,7.6,8.6,7.8
E00079,P00462,Specialist,2025-04-22,2025-05-21,2,6.2,5.8,7.1
E00079,P00463,Specialist,2026-04-28,2026-02-19,2,6.9,7.2,7.4
E00079,P00477,Specialist,2025-11-27,2025-12-01,1,6.9,7.3,7.4
E00079,P00478,Specialist,2025-02-07,2025-02-08,1,7.6,8.7,7.8
E00079,P00490,Specialist,2025-09-05,2025-09-18,1,5.9,6.6,7.0
E00079,P00499,Specialist,2025-03-03,2025-03-17,1,7.7,8.2,7.8
E00079,P00508,Specialist,2024-03-28,2024-04-04,1,6.8,8.2,7.4
E00079,P00517,Specialist,2024-06-17,2024-06-24,1,5.5,5.0,6.8
E00079,P00520,Specialist,2023-10-14,2023-10-24,1,7.9,8.0,8.0
E00079,P00522,Specialist,2025-10-10,2025-11-05,1,9.7,9.7,8.8
E00079,P00534,Specialist,2024-08-24,2024-09-02,1,5.5,5.0,6.8
E00079,P00547,Specialist,2024-01-01,2024-01-11,1,6.4,7.7,7.2
E00079,P00551,Specialist,2023-08-31,2023-09-04,1,5.5,5.0,6.8
E00079,P00570,Specialist,2025-09-28,2025-10-02,1,5.5,5.0,6.8
E00079,P00582,Specialist,2024-04-25,2024-05-09,1,5.5,5.0,6.8
E00079,P00602,Specialist,2024-03-26,2024-03-29,1,5.5,5.0,6.8
E00079,P00633,Specialist,2026-03-21,2026-04-02,1,8.8,9.2,8.4
E00079,P00663,Specialist,2025-08-12,2025-08-19,1,5.5,5.0,6.8
E00079,P00664,Specialist,2025-01-08,2025-01-16,1,6.6,7.5,7.3
E00079,P00714,Specialist,2024-12-17,2024-12-28,1,7.7,9.0,7.8
E00079,P00723,Specialist,2023-06-26,2023-07-03,1,5.5,5.0,6.8
E00079,P00728,Specialist,2024-06-02,2024-06-04,1,5.5,5.0,6.8
E00079,P00738,Specialist,2024-01-16,2024-01-20,1,8.1,9.1,8.0
E00079,P00772,Specialist,2023-12-16,2023-12-25,1,7.2,7.9,7.6
E00079,P00778,Specialist,2024-07-07,2024-07-12,1,7.3,8.7,7.6
E00079,P00789,Specialist,2026-04-30,2026-05-05,1,6.4,6.6,7.2
E00079,P00813,Specialist,2023-12-19,2023-12-23,1,6.2,6.5,7.1
E00079,P00814,Specialist,2024-11-25,2024-12-07,1,8.6,9.6,8.3
E00079,P00826,Specialist,2025-04-09,2025-04-13,1,6.5,6.6,7.2
E00079,P00827,Specialist,2024-09-08,2024-09-30,1,7.3,7.8,7.6
E00079,P00828,Specialist,2025-08-31,2025-09-13,1,8.0,9.3,8.0
E00079,P00854,Specialist,2025-11-22,2025-12-02,1,6.9,7.3,7.4
E00079,P00857,Specialist,2024-10-02,2025-04-17,2,8.3,9.0,8.2
E00079,P00873,Specialist,2025-11-21,2025-11-28,1,7.6,8.9,7.8
E00079,P00875,Specialist,2024-09-10,2024-09-13,1,5.9,5.2,7.0
E00080,P00024,Coordinator,2023-09-27,2023-10-03,1,7.7,8.8,7.0
E00080,P00046,Coordinator,2025-05-02,2025-05-06,1,5.5,5.0,5.8
E00080,P00049,Coordinator,2024-05-23,2024-05-25,1,9.1,9.7,7.6
E00080,P00079,Coordinator,2023-10-16,2023-10-27,1,5.5,5.0,5.8
E00080,P00097,Coordinator,2025-09-19,2025-10-02,1,7.6,8.7,6.9
E00080,P00099,Coordinator,2025-03-14,2025-09-08,2,5.5,5.0,5.8
E00080,P00106,Coordinator,2025-08-04,2025-08-14,1,7.2,6.2,6.7
E00080,P00145,Coordinator,2026-04-06,2026-03-14,1,7.4,8.8,6.8
E00080,P00168,Coordinator,2023-02-08,2023-02-19,1,8.8,9.1,7.5
E00080,P00172,Coordinator,2025-03-05,2025-03-10,1,5.5,5.4,5.8
E00080,P00181,Coordinator,2025-11-08,2025-11-25,1,7.5,8.8,6.8
E00080,P00190,Coordinator,2023-09-28,2023-10-07,1,7.0,8.2,6.6
E00080,P00197,Coordinator,2026-02-27,2026-03-01,1,8.0,7.5,7.1
E00080,P00216,Coordinator,2024-10-17,2024-10-26,1,5.5,5.0,5.8
E00080,P00294,Coordinator,2024-08-26,2024-09-04,1,8.0,9.3,7.1
E00080,P00332,Coordinator,2025-11-05,2025-11-10,1,8.4,8.8,7.3
E00080,P00344,Coordinator,2023-11-25,2023-11-29,1,6.6,7.5,6.4
E00080,P00377,Coordinator,2025-01-17,2025-01-25,1,6.7,8.0,6.4
E00080,P00450,Coordinator,2025-04-14,2025-04-20,1,5.9,6.6,6.1
E00080,P00462,Coordinator,2025-10-15,2025-10-27,1,7.6,8.6,6.9
E00080,P00470,Coordinator,2024-02-17,2024-03-01,1,7.2,6.2,6.7
E00080,P00523,Coordinator,2025-09-22,2025-10-07,1,7.3,8.7,6.8
E00080,P00588,Coordinator,2026-03-25,2026-04-03,1,5.5,5.0,5.8
E00080,P00624,Coordinator,2025-04-14,2025-04-24,1,5.9,5.9,6.1
E00080,P00628,Coordinator,2024-06-18,2024-08-01,2,6.6,5.1,6.4
E00080,P00669,Coordinator,2024-07-28,2024-08-11,1,5.9,5.2,6.1
E00080,P00675,Coordinator,2024-01-24,2024-02-07,1,6.8,7.3,6.5
E00080,P00689,Coordinator,2026-01-22,2026-01-30,1,5.5,5.0,5.8
E00080,P00692,Coordinator,2024-05-31,2024-06-14,1,7.9,9.2,7.0
E00080,P00737,Coordinator,2024-10-14,2024-11-06,1,9.5,9.7,7.8
E00080,P00747,Coordinator,2023-08-25,2023-09-07,1,5.5,5.1,5.8
E00080,P00755,Coordinator,2025-11-14,2025-11-24,1,6.9,6.7,6.6
E00080,P00790,Coordinator,2025-11-26,2025-12-15,2,7.4,7.4,6.8
E00080,P00840,Coordinator,2023-08-06,2023-08-28,1,7.1,7.8,6.6
E00080,P00863,Coordinator,2025-08-29,2025-09-02,1,6.3,6.8,6.2
E00081,P00002,Contributor,2025-05-10,2025-05-20,1,6.9,7.4,7.4
E00081,P00018,Contributor,2025-05-03,2025-05-12,1,6.3,6.2,7.0
E00081,P00024,Contributor,2023-12-02,2023-12-10,1,8.1,9.1,8.0
E00081,P00046,Contributor,2025-03-26,2025-04-01,1,7.4,7.1,7.6
E00081,P00070,Contributor,2023-10-05,2023-10-13,1,7.6,7.0,7.7
E00081,P00100,Contributor,2024-03-02,2024-03-04,1,7.4,8.4,7.6
E00081,P00133,Contributor,2024-11-14,2024-11-21,1,5.6,5.1,6.7
E00081,P00143,Contributor,2025-12-24,2025-12-30,1,7.8,7.6,7.8
E00081,P00164,Contributor,2024-03-22,2024-04-01,1,6.3,5.9,7.0
E00081,P00178,Contributor,2026-04-14,2026-04-28,1,6.3,5.3,7.0
E00081,P00182,Contributor,2024-01-11,2024-01-15,1,8.6,9.2,8.2
E00081,P00192,Contributor,2023-09-21,2023-09-24,1,7.3,8.3,7.6
E00081,P00194,Contributor,2025-11-10,2025-11-25,1,6.6,7.0,7.2
E00081,P00199,Contributor,2025-10-11,2025-10-22,1,8.1,9.2,8.0
E00081,P00238,Contributor,2024-04-14,2024-04-24,1,5.5,5.0,6.6
E00081,P00260,Contributor,2025-07-18,2025-08-08,1,6.5,7.4,7.2
E00081,P00268,Contributor,2024-01-10,2024-01-20,1,6.6,7.4,7.2
E00081,P00316,Contributor,2023-07-04,2023-07-24,1,6.8,7.8,7.3
E00081,P00409,Contributor,2024-01-20,2024-01-23,1,6.6,7.7,7.2
E00081,P00426,Contributor,2023-08-01,2023-08-07,1,5.5,5.0,6.6
E00081,P00490,Contributor,2025-09-30,2025-10-08,1,6.1,6.1,7.0
E00081,P00526,Contributor,2026-02-03,2026-02-10,1,7.2,8.2,7.5
E00081,P00548,Contributor,2023-09-12,2023-10-23,2,6.4,6.1,7.1
E00081,P00564,Contributor,2025-05-03,2025-05-14,1,7.2,6.2,7.5
E00081,P00567,Contributor,2024-01-14,2024-01-27,1,7.3,7.2,7.6
E00081,P00578,Contributor,2026-03-13,2026-04-05,1,6.3,5.8,7.0
E00081,P00598,Contributor,2024-08-14,2024-08-16,1,7.7,8.8,7.8
E00081,P00624,Contributor,2025-01-11,2025-01-18,1,7.5,8.7,7.6
E00081,P00628,Contributor,2024-06-23,2024-07-07,1,6.6,7.9,7.2
E00081,P00630,Contributor,2024-09-26,2025-05-09,2,5.9,5.1,6.8
E00081,P00649,Contributor,2024-02-17,2024-02-27,1,6.2,6.8,7.0
E00081,P00652,Contributor,2024-10-02,2024-10-17,1,7.4,8.2,7.6
E00081,P00694,Contributor,2023-12-11,2023-12-15,1,5.5,5.0,6.6
E00081,P00696,Contributor,2025-11-23,2025-11-27,1,6.6,7.5,7.2
E00081,P00703,Contributor,2025-04-10,2025-07-22,2,8.1,8.6,8.0
E00081,P00728,Contributor,2024-05-27,2024-06-06,1,8.6,8.8,8.2
E00081,P00730,Contributor,2026-01-11,2026-01-23,1,6.9,7.7,7.4
E00081,P00749,Contributor,2026-03-25,2026-03-29,1,7.1,7.7,7.4
E00081,P00774,Contributor,2025-04-30,2025-05-15,1,6.8,7.6,7.3
E00081,P00807,Contributor,2023-05-17,2023-05-25,1,6.1,6.4,7.0
E00081,P00824,Contributor,2023-07-23,2023-07-28,1,6.3,7.6,7.0
E00081,P00840,Contributor,2024-05-22,2024-05-24,1,7.1,8.1,7.4
E00081,P00856,Contributor,2025-04-07,2025-04-15,1,5.5,5.0,6.6
E00081,P00879,Contributor,2024-06-24,2024-07-06,1,6.7,5.8,7.2
E00081,P00881,Contributor,2023-06-04,2023-06-10,1,7.5,8.5,7.6
E00082,P00032,Project Team Member,2025-05-15,2025-05-26,1,5.5,5.3,7.0
E00082,P00069,Project Team Member,2023-12-28,2024-01-07,1,5.5,5.0,7.0
E00082,P00153,Project Team Member,2025-05-11,2025-05-14,1,5.5,5.0,7.0
E00082,P00163,Project Team Member,2025-02-25,2025-02-28,1,5.5,5.5,7.0
E00082,P00183,Project Team Member,2023-11-27,2023-12-02,1,7.5,8.5,8.0
E00082,P00202,Project Team Member,2024-06-30,2024-07-05,1,6.7,8.0,7.6
E00082,P00454,Project Team Member,2024-05-16,2024-05-26,1,9.7,9.7,9.0
E00082,P00521,Project Team Member,2023-08-20,2023-09-04,1,7.6,8.6,8.0
E00082,P00608,Project Team Member,2026-01-23,2026-01-25,1,8.0,9.4,8.2
E00082,P00753,Project Team Member,2023-06-07,2023-06-09,1,8.4,9.7,8.4
E00082,P00825,Project Team Member,2026-04-12,2026-04-26,1,5.9,5.2,7.2
E00082,P00859,Project Team Member,2026-04-06,2026-03-13,1,8.3,9.3,8.4
E00083,P00003,Project Team Member,2026-01-30,2026-02-01,1,6.9,6.9,8.2
E00083,P00011,Project Team Member,2024-04-22,2024-04-29,1,7.6,8.8,8.5
E00083,P00019,Project Team Member,2026-04-13,2026-04-15,1,8.0,9.3,8.7
E00083,P00024,Project Team Member,2023-12-28,2024-01-01,1,6.4,7.7,7.9
E00083,P00038,Project Team Member,2025-01-12,2025-01-25,1,5.5,5.0,7.4
E00083,P00052,Project Team Member,2024-01-21,2024-01-29,1,7.9,9.2,8.6
E00083,P00072,Project Team Member,2026-03-03,2026-03-10,1,7.2,6.2,8.3
E00083,P00075,Project Team Member,2026-04-27,2026-05-04,1,8.2,8.0,8.8
E00083,P00095,Project Team Member,2025-02-06,2025-02-19,1,5.5,5.0,7.4
E00083,P00101,Project Team Member,2025-08-23,2025-08-31,1,6.6,6.3,8.0
E00083,P00122,Project Team Member,2025-05-19,2025-05-21,1,6.8,7.7,8.1
E00083,P00134,Project Team Member,2026-03-28,2026-03-31,1,5.5,5.0,7.4
E00083,P00158,Project Team Member,2025-07-24,2025-08-23,1,5.5,5.0,7.4
E00083,P00170,Project Team Member,2025-07-22,2025-07-29,1,7.8,9.2,8.6
E00083,P00212,Project Team Member,2025-09-26,2025-10-09,1,5.5,5.0,7.4
E00083,P00216,Project Team Member,2024-12-20,2024-12-29,1,8.0,9.3,8.7
E00083,P00227,Project Team Member,2026-03-18,2026-03-26,1,6.0,5.0,7.7
E00083,P00246,Project Team Member,2025-10-30,2025-11-03,1,9.4,9.7,9.4
E00083,P00282,Project Team Member,2023-05-02,2023-05-05,1,8.5,9.0,9.0
E00083,P00305,Project Team Member,2025-04-28,2025-05-08,1,5.7,6.3,7.6
E00083,P00316,Project Team Member,2023-07-09,2023-07-14,1,5.5,5.0,7.4
E00083,P00318,Project Team Member,2024-06-16,2024-06-20,1,7.9,9.2,8.6
E00083,P00322,Project Team Member,2025-02-04,2025-02-09,1,8.6,8.8,9.0
E00083,P00355,Project Team Member,2024-02-25,2024-03-05,1,8.5,9.5,9.0
E00083,P00356,Project Team Member,2025-06-09,2025-07-04,1,8.0,9.0,8.7
E00083,P00359,Project Team Member,2026-03-20,2026-04-04,1,5.5,5.0,7.4
E00083,P00377,Project Team Member,2024-11-27,2024-12-01,1,6.2,6.1,7.8
E00083,P00386,Project Team Member,2023-11-09,2023-11-24,1,7.2,8.1,8.3
E00083,P00405,Project Team Member,2025-08-03,2025-08-10,1,5.5,5.0,7.4
E00083,P00406,Project Team Member,2024-11-26,2024-12-15,1,5.5,5.0,7.4
E00083,P00433,Project Team Member,2024-10-14,2024-10-19,1,7.3,8.6,8.4
E00083,P00443,Project Team Member,2023-10-16,2023-10-21,1,5.5,5.0,7.4
E00083,P00488,Project Team Member,2023-05-24,2023-06-01,1,5.5,6.4,7.4
E00083,P00501,Project Team Member,2025-03-25,2025-04-07,1,5.7,6.1,7.6
E00083,P00508,Project Team Member,2024-09-27,2024-10-09,1,5.5,5.0,7.4
E00083,P00517,Project Team Member,2024-07-24,2024-07-27,1,5.5,5.0,7.4
E00083,P00518,Project Team Member,2023-07-14,2023-07-22,1,7.4,8.3,8.4
E00083,P00522,Project Team Member,2025-08-14,2025-08-23,1,6.3,6.3,7.8
E00083,P00563,Project Team Member,2023-09-05,2023-09-14,1,7.7,8.8,8.6
E00083,P00584,Project Team Member,2024-08-05,2024-08-15,1,7.7,8.3,8.6
E00083,P00594,Project Team Member,2024-02-17,2024-02-22,1,6.2,6.2,7.8
E00083,P00601,Project Team Member,2024-01-23,2024-02-22,1,5.7,5.4,7.6
E00083,P00602,Project Team Member,2024-01-25,2024-02-14,1,7.9,8.0,8.6
E00083,P00609,Project Team Member,2023-06-06,2023-06-20,1,6.0,5.9,7.7
E00083,P00613,Project Team Member,2026-03-30,2026-04-14,1,5.5,5.1,7.4
E00083,P00633,Project Team Member,2026-03-18,2026-03-23,1,8.0,9.3,8.7
E00083,P00639,Project Team Member,2024-02-07,2024-02-16,1,6.5,6.8,8.0
E00083,P00640,Project Team Member,2024-01-26,2024-02-15,1,6.7,6.5,8.0
E00083,P00663,Project Team Member,2025-10-11,2025-11-08,1,5.5,5.2,7.4
E00083,P00671,Project Team Member,2023-08-31,2023-09-14,1,7.0,8.3,8.2
E00083,P00677,Project Team Member,2025-04-15,2025-04-29,1,7.9,7.9,8.6
E00083,P00684,Project Team Member,2024-11-12,2024-11-17,1,5.5,5.0,7.4
E00083,P00686,Project Team Member,2025-04-11,2025-04-17,1,6.6,6.6,8.0
E00083,P00704,Project Team Member,2025-05-24,2025-05-30,1,5.9,5.5,7.6
E00083,P00712,Project Team Member,2026-03-19,2026-03-23,1,5.5,5.0,7.4
E00083,P00787,Project Team Member,2026-04-03,2026-04-08,1,7.6,8.9,8.5
E00083,P00789,Project Team Member,2026-04-30,2026-05-15,1,6.5,7.5,8.0
E00083,P00800,Project Team Member,2025-11-06,2025-11-10,1,6.4,5.4,7.9
E00083,P00806,Project Team Member,2025-12-21,2025-12-30,1,6.0,6.4,7.7
E00083,P00808,Project Team Member,2024-10-02,2024-10-12,1,6.3,7.3,7.8
E00083,P00814,Project Team Member,2024-10-12,2024-10-25,1,7.4,8.8,8.4
E00083,P00815,Project Team Member,2025-04-29,2025-05-10,1,8.7,8.9,9.0
E00083,P00829,Project Team Member,2023-12-19,2024-01-03,1,6.2,6.8,7.8
E00083,P00858,Project Team Member,2025-09-05,2025-09-07,1,7.4,7.0,8.4
E00083,P00887,Project Team Member,2024-06-14,2024-06-24,1,6.6,7.7,8.0
E00083,P00893,Project Team Member,2026-03-19,2026-03-26,1,8.7,9.3,9.0
E00084,P00016,Contributor,2025-02-16,2025-02-25,1,6.7,6.8,7.2
E00084,P00049,Contributor,2024-12-05,2024-12-07,1,5.5,5.0,6.6
E00084,P00050,Contributor,2025-10-28,2025-11-09,1,6.9,8.3,7.2
E00084,P00059,Contributor,2023-10-19,2023-10-24,1,7.6,8.8,7.6
E00084,P00087,Contributor,2025-08-29,2025-09-02,1,6.4,6.8,7.0
E00084,P00115,Contributor,2026-03-23,2026-04-02,1,6.5,6.6,7.0
E00084,P00120,Contributor,2024-10-30,2024-11-03,1,7.4,7.9,7.5
E00084,P00131,Contributor,2026-02-26,2026-03-10,1,7.2,6.2,7.4
E00084,P00149,Contributor,2023-09-10,2023-09-18,1,7.1,7.3,7.4
E00084,P00152,Contributor,2026-01-09,2026-01-13,1,5.5,5.0,6.6
E00084,P00170,Contributor,2025-12-04,2025-12-11,1,5.5,5.0,6.6
E00084,P00172,Contributor,2025-04-03,2025-09-21,2,6.0,5.3,6.8
E00084,P00175,Contributor,2023-06-30,2023-07-15,1,7.4,8.3,7.5
E00084,P00178,Contributor,2026-04-14,2026-05-14,1,7.7,8.8,7.6
E00084,P00182,Contributor,2024-01-17,2024-01-30,1,8.7,9.7,8.1
E00084,P00185,Contributor,2026-03-03,2026-03-09,1,5.5,5.0,6.6
E00084,P00196,Contributor,2025-06-18,2025-06-22,1,7.3,8.6,7.4
E00084,P00207,Contributor,2024-06-16,2024-06-20,1,7.3,7.9,7.4
E00084,P00219,Contributor,2024-06-23,2024-06-27,1,6.8,7.6,7.2
E00084,P00256,Contributor,2025-03-22,2025-04-02,1,6.9,8.2,7.2
E00084,P00296,Contributor,2024-11-23,2024-12-06,1,6.7,7.9,7.2
E00084,P00299,Contributor,2025-07-17,2025-07-23,1,6.9,7.7,7.2
E00084,P00312,Contributor,2024-08-31,2024-09-09,1,6.1,6.0,6.8
E00084,P00327,Contributor,2026-02-23,2026-03-20,1,5.5,5.0,6.6
E00084,P00349,Contributor,2023-03-27,2023-08-29,2,7.2,7.7,7.4
E00084,P00359,Contributor,2026-01-13,2026-01-23,1,5.5,5.0,6.6
E00084,P00360,Contributor,2025-04-28,2025-05-08,1,7.6,9.0,7.6
E00084,P00367,Contributor,2025-03-01,2025-03-14,1,5.6,5.0,6.6
E00084,P00375,Contributor,2025-11-06,2025-11-12,1,7.6,8.6,7.6
E00084,P00381,Contributor,2026-01-09,2026-01-11,1,6.8,8.1,7.2
E00084,P00392,Contributor,2023-09-20,2023-10-18,2,6.1,5.7,6.8
E00084,P00420,Contributor,2024-11-27,2024-12-10,1,7.7,8.9,7.6
E00084,P00424,Contributor,2024-05-16,2024-05-28,1,7.1,7.8,7.4
E00084,P00425,Contributor,2026-02-19,2026-03-01,1,6.1,6.7,6.8
E00084,P00432,Contributor,2024-07-26,2024-07-31,1,5.5,5.0,6.6
E00084,P00438,Contributor,2025-06-01,2025-06-13,1,5.5,5.0,6.6
E00084,P00464,Contributor,2026-04-10,2026-02-27,1,8.0,9.4,7.8
E00084,P00500,Contributor,2024-05-05,2024-05-18,1,6.8,8.1,7.2
E00084,P00519,Contributor,2025-11-03,2025-11-06,1,5.8,5.0,6.7
E00084,P00542,Contributor,2023-12-19,2023-12-31,1,5.5,5.0,6.6
E00084,P00608,Contributor,2026-01-01,2026-01-13,1,5.7,5.0,6.6
E00084,P00610,Contributor,2023-12-27,2024-01-15,1,6.9,5.9,7.2
E00084,P00617,Contributor,2025-08-09,2025-08-14,1,6.7,6.1,7.2
E00084,P00626,Contributor,2025-10-13,2025-10-19,1,6.6,8.0,7.1
E00084,P00628,Contributor,2024-08-19,2024-09-03,1,7.9,9.2,7.8
E00084,P00629,Contributor,2025-12-30,2026-01-07,1,5.5,5.0,6.6
E00084,P00734,Contributor,2024-03-09,2024-03-19,1,6.9,7.7,7.2
E00084,P00753,Contributor,2023-06-17,2023-06-21,1,8.2,9.2,7.9
E00084,P00770,Contributor,2024-09-23,2024-09-27,1,6.9,8.1,7.2
E00084,P00812,Contributor,2023-12-13,2023-12-21,1,5.5,6.4,6.6
E00084,P00817,Contributor,2025-09-29,2025-12-25,2,5.6,5.1,6.6
E00084,P00821,Contributor,2023-11-26,2023-12-23,1,7.7,8.7,7.6
E00084,P00835,Contributor,2024-07-31,2024-08-11,1,5.5,5.0,6.6
E00084,P00840,Contributor,2023-09-06,2023-09-16,1,6.0,7.4,6.8
E00084,P00861,Contributor,2025-11-19,2025-11-21,1,5.8,6.4,6.7
E00084,P00878,Contributor,2025-12-17,2025-12-20,1,6.6,6.8,7.1
E00084,P00882,Contributor,2023-06-22,2023-06-29,1,7.0,8.3,7.3
E00084,P00883,Contributor,2026-02-23,2026-03-01,1,5.5,5.2,6.6
E00084,P00890,Contributor,2024-06-03,2024-06-12,1,5.5,5.0,6.6
E00084,P00893,Contributor,2025-12-25,2025-12-31,1,6.4,7.3,7.0
E00085,P00056,Project Team Member,2026-01-30,2026-02-13,1,5.5,5.0,6.4
E00085,P00112,Project Team Member,2025-06-21,2025-06-30,1,6.8,5.8,7.0
E00085,P00119,Project Team Member,2024-08-28,2024-09-07,1,7.4,8.7,7.3
E00085,P00183,Project Team Member,2023-08-22,2023-09-04,1,5.8,6.7,6.5
E00085,P00194,Project Team Member,2026-02-28,2026-03-11,1,5.9,6.4,6.6
E00085,P00350,Project Team Member,2026-02-02,2026-02-23,1,5.5,5.4,6.4
E00085,P00392,Project Team Member,2023-07-16,2023-07-27,1,6.8,7.1,7.0
E00085,P00723,Project Team Member,2023-05-31,2023-06-08,1,7.3,8.7,7.2
E00085,P00846,Project Team Member,2023-07-21,2023-07-29,1,7.3,8.7,7.2
E00086,P00056,Project Team Member,2025-11-08,2025-11-16,1,5.5,5.0,6.6
E00086,P00153,Project Team Member,2025-05-26,2025-06-04,1,7.2,8.4,7.4
E00086,P00272,Project Team Member,2025-08-30,2025-09-13,1,6.2,6.0,6.9
E00086,P00353,Project Team Member,2025-01-22,2025-01-26,1,6.2,5.2,6.9
E00086,P00454,Project Team Member,2024-01-27,2024-02-10,1,5.5,5.0,6.6
E00086,P00498,Project Team Member,2025-12-27,2026-01-01,1,5.9,6.2,6.8
E00086,P00508,Project Team Member,2024-05-04,2024-05-10,1,8.0,9.3,7.8
E00086,P00618,Project Team Member,2023-11-08,2023-12-04,1,7.7,9.1,7.6
E00086,P00632,Project Team Member,2026-03-16,2026-03-03,1,5.5,5.0,6.6
E00086,P00678,Project Team Member,2025-06-22,2025-12-22,2,6.1,5.6,6.8
E00086,P00696,Project Team Member,2025-08-16,2025-11-05,2,7.5,8.1,7.6
E00086,P00723,Project Team Member,2023-09-13,2023-09-24,1,5.5,5.0,6.6
E00086,P00899,Project Team Member,2024-06-14,2024-06-16,1,7.0,8.0,7.3
E00087,P00002,Coordinator,2025-08-09,2025-08-19,1,6.9,8.2,7.8
E00087,P00027,Coordinator,2026-01-27,2026-02-11,1,7.4,8.5,8.1
E00087,P00047,Coordinator,2024-12-28,2025-01-05,1,5.5,5.0,7.2
E00087,P00070,Coordinator,2023-06-20,2023-06-28,1,5.5,5.0,7.2
E00087,P00071,Coordinator,2023-09-15,2023-09-17,1,9.3,9.7,9.0
E00087,P00093,Coordinator,2024-06-25,2024-07-04,1,6.0,6.1,7.4
E00087,P00103,Coordinator,2024-09-20,2024-10-04,1,5.9,5.2,7.4
E00087,P00117,Coordinator,2026-02-24,2026-02-26,1,6.8,7.2,7.8
E00087,P00159,Coordinator,2025-10-11,2025-10-18,1,7.2,8.2,8.0
E00087,P00164,Coordinator,2024-03-29,2024-04-26,1,6.5,7.1,7.6
E00087,P00278,Coordinator,2024-05-08,2024-06-05,1,7.8,8.8,8.3
E00087,P00316,Coordinator,2023-06-27,2023-07-11,1,7.3,8.1,8.0
E00087,P00348,Coordinator,2025-04-08,2025-04-10,1,7.0,7.5,7.9
E00087,P00395,Coordinator,2025-12-29,2026-01-24,1,6.1,5.9,7.4
E00087,P00406,Coordinator,2024-12-16,2025-02-01,2,7.3,7.1,8.0
E00087,P00411,Coordinator,2024-03-13,2024-03-20,1,7.8,8.9,8.3
E00087,P00412,Coordinator,2025-09-18,2025-09-22,1,5.5,5.0,7.2
E00087,P00413,Coordinator,2023-10-09,2023-10-22,1,7.1,8.5,8.0
E00087,P00420,Coordinator,2024-05-02,2024-08-18,2,6.5,5.7,7.6
E00087,P00480,Coordinator,2024-02-20,2024-03-13,1,7.0,7.5,7.9
E00087,P00541,Coordinator,2025-07-06,2025-07-20,1,6.8,7.6,7.8
E00087,P00550,Coordinator,2024-05-19,2024-06-01,1,7.7,8.2,8.2
E00087,P00563,Coordinator,2023-09-25,2023-10-08,1,5.5,5.2,7.2
E00087,P00567,Coordinator,2024-10-04,2024-10-12,1,7.1,8.2,8.0
E00087,P00657,Coordinator,2026-02-19,2026-02-23,1,6.0,6.4,7.4
E00087,P00702,Coordinator,2024-08-12,2024-08-17,1,5.5,5.0,7.2
E00087,P00769,Coordinator,2025-10-02,2025-10-16,1,8.0,9.3,8.4
E00087,P00791,Coordinator,2025-09-07,2025-09-15,1,6.6,7.9,7.7
E00087,P00810,Coordinator,2026-01-13,2026-01-19,1,8.0,9.3,8.4
E00087,P00830,Coordinator,2025-12-14,2025-12-23,1,5.5,5.0,7.2
E00087,P00841,Coordinator,2023-09-11,2023-09-20,1,6.0,5.7,7.4
E00088,P00084,Project Team Member,2024-01-19,2024-02-02,1,7.9,9.1,8.0
E00088,P00209,Project Team Member,2025-10-27,2025-11-01,1,5.5,5.6,6.8
E00088,P00269,Project Team Member,2024-02-15,2024-02-20,1,7.3,8.3,7.8
E00088,P00298,Project Team Member,2025-05-13,2025-05-23,1,9.7,9.7,9.0
E00088,P00491,Project Team Member,2024-07-24,2024-07-31,1,8.0,9.3,8.1
E00088,P00508,Project Team Member,2024-04-04,2024-04-07,1,7.8,8.5,8.0
E00088,P00589,Project Team Member,2026-04-01,2026-03-14,1,6.3,6.8,7.2
E00088,P00734,Project Team Member,2024-04-23,2024-05-03,1,6.4,6.5,7.3
E00088,P00820,Project Team Member,2023-11-14,2023-11-25,1,6.1,7.4,7.2
E00088,P00899,Project Team Member,2024-06-18,2024-06-27,1,6.0,5.6,7.1
E00089,P00028,Contributor,2025-05-01,2025-05-15,1,6.2,7.2,6.9
E00089,P00068,Contributor,2026-03-04,2026-03-27,1,7.8,9.1,7.7
E00089,P00091,Contributor,2026-02-21,2026-03-01,1,5.5,5.0,6.6
E00089,P00149,Contributor,2023-11-14,2023-11-20,1,6.9,8.0,7.2
E00089,P00159,Contributor,2025-06-24,2025-07-22,1,6.5,6.7,7.0
E00089,P00160,Contributor,2023-08-03,2023-08-07,1,6.5,5.5,7.0
E00089,P00170,Contributor,2025-08-19,2025-09-01,1,8.0,9.3,7.8
E00089,P00172,Contributor,2025-07-26,2025-07-28,1,7.3,8.3,7.4
E00089,P00188,Contributor,2026-01-13,2026-01-16,1,7.0,7.9,7.3
E00089,P00199,Contributor,2025-06-09,2025-06-14,1,5.5,5.0,6.6
E00089,P00210,Contributor,2023-10-28,2023-11-01,1,5.5,5.0,6.6
E00089,P00213,Contributor,2023-04-13,2023-04-26,1,6.9,8.2,7.2
E00089,P00247,Contributor,2025-12-26,2026-01-10,1,5.5,5.0,6.6
E00089,P00265,Contributor,2025-03-17,2025-03-21,1,6.4,7.7,7.0
E00089,P00287,Contributor,2025-09-13,2025-09-24,1,6.8,6.8,7.2
E00089,P00296,Contributor,2024-12-03,2024-12-12,1,5.5,5.0,6.6
E00089,P00297,Contributor,2024-11-25,2024-11-27,1,6.8,7.2,7.2
E00089,P00319,Contributor,2025-03-17,2025-03-24,1,5.5,5.0,6.6
E00089,P00325,Contributor,2026-04-15,2026-04-20,1,5.5,5.0,6.6
E00089,P00326,Contributor,2026-04-21,2026-04-24,1,7.2,8.0,7.4
E00089,P00349,Contributor,2023-05-28,2023-06-03,1,7.6,7.9,7.6
E00089,P00351,Contributor,2025-02-10,2025-02-12,1,6.8,7.8,7.2
E00089,P00354,Contributor,2025-02-18,2025-02-27,1,9.6,9.7,8.6
E00089,P00377,Contributor,2025-01-13,2025-01-24,1,7.4,8.8,7.5
E00089,P00378,Contributor,2024-12-04,2024-12-07,1,7.0,8.4,7.3
E00089,P00399,Contributor,2024-10-03,2024-10-13,1,7.8,7.7,7.7
E00089,P00403,Contributor,2024-08-30,2024-09-08,1,5.5,5.0,6.6
E00089,P00457,Contributor,2025-07-09,2025-07-22,1,5.5,5.5,6.6
E00089,P00502,Contributor,2025-03-15,2025-03-20,1,7.8,7.2,7.7
E00089,P00512,Contributor,2024-08-26,2024-09-06,1,8.0,8.8,7.8
E00089,P00522,Contributor,2026-03-03,2026-03-24,1,5.5,5.3,6.6
E00089,P00532,Contributor,2025-11-06,2025-11-13,1,8.7,8.9,8.1
E00089,P00559,Contributor,2025-08-31,2025-09-17,1,6.0,5.8,6.8
E00089,P00562,Contributor,2026-04-12,2026-04-19,1,5.5,5.0,6.6
E00089,P00568,Contributor,2024-08-20,2024-09-03,1,7.2,6.2,7.4
E00089,P00575,Contributor,2024-09-15,2024-09-29,1,5.5,5.0,6.6
E00089,P00585,Contributor,2025-09-02,2025-09-11,1,6.5,7.7,7.0
E00089,P00587,Contributor,2024-02-08,2024-03-03,2,6.3,6.2,7.0
E00089,P00591,Contributor,2023-11-12,2023-11-16,1,5.6,5.6,6.6
E00089,P00595,Contributor,2026-01-29,2026-02-09,1,8.4,9.7,8.0
E00089,P00606,Contributor,2023-02-10,2023-02-21,1,6.0,7.3,6.8
E00089,P00636,Contributor,2023-10-10,2023-10-24,1,9.5,9.7,8.6
E00089,P00649,Contributor,2024-01-21,2024-01-29,1,5.5,5.0,6.6
E00089,P00661,Contributor,2023-07-25,2023-08-07,1,5.8,5.0,6.7
E00089,P00664,Contributor,2025-05-18,2025-05-24,1,6.9,8.3,7.2
E00089,P00677,Contributor,2025-01-30,2025-02-27,1,7.6,8.9,7.6
E00089,P00683,Contributor,2024-10-14,2024-10-19,1,5.5,5.0,6.6
E00089,P00702,Contributor,2024-06-27,2024-07-06,1,7.2,6.2,7.4
E00089,P00730,Contributor,2026-02-18,2026-02-25,1,5.5,5.0,6.6
E00089,P00734,Contributor,2024-02-24,2024-03-09,1,6.0,6.8,6.8
E00089,P00779,Contributor,2023-05-03,2023-05-17,1,7.8,8.9,7.7
E00089,P00789,Contributor,2026-04-30,2026-05-14,1,5.5,5.0,6.6
E00089,P00794,Contributor,2024-09-28,2024-10-14,2,7.2,8.1,7.4
E00089,P00795,Contributor,2024-09-13,2024-09-16,1,6.5,7.2,7.0
E00089,P00811,Contributor,2024-03-21,2024-03-29,1,5.5,5.0,6.6
E00089,P00828,Contributor,2025-06-14,2025-06-27,1,5.9,5.9,6.8
E00089,P00867,Contributor,2024-06-19,2024-07-13,1,6.7,8.0,7.2
E00089,P00884,Contributor,2023-03-01,2023-03-30,1,6.0,7.0,6.8
E00090,P00028,Project Team Member,2024-05-19,2024-05-24,1,7.8,9.1,8.1
E00090,P00078,Project Team Member,2024-09-03,2024-09-29,1,9.7,9.7,9.0
E00090,P00143,Project Team Member,2025-07-13,2025-11-13,2,5.6,5.6,7.0
E00090,P00178,Project Team Member,2026-04-14,2026-04-20,1,9.7,9.7,9.0
E00090,P00190,Project Team Member,2023-03-17,2023-04-07,1,5.9,5.2,7.2
E00090,P00220,Project Team Member,2023-06-13,2023-06-25,1,5.5,5.0,7.0
E00090,P00229,Project Team Member,2026-02-27,2026-03-08,1,5.5,5.6,7.0
E00090,P00256,Project Team Member,2025-05-27,2025-06-02,1,7.4,8.2,7.9
E00090,P00264,Project Team Member,2026-02-25,2026-03-10,1,9.0,9.7,8.7
E00090,P00320,Project Team Member,2025-07-24,2025-08-07,1,7.6,8.9,8.0
E00090,P00358,Project Team Member,2025-01-11,2025-01-18,1,7.6,8.1,8.0
E00090,P00434,Project Team Member,2024-11-11,2024-11-25,1,5.7,6.0,7.0
E00090,P00492,Project Team Member,2024-06-03,2024-06-16,1,5.5,5.0,7.0
E00090,P00513,Project Team Member,2025-03-24,2025-03-28,1,7.9,9.1,8.2
E00090,P00524,Project Team Member,2023-10-09,2023-10-22,1,5.5,5.0,7.0
E00090,P00553,Project Team Member,2024-10-23,2024-11-08,1,6.1,6.0,7.2
E00090,P00559,Project Team Member,2025-11-13,2025-11-23,1,6.9,8.1,7.6
E00090,P00630,Project Team Member,2025-01-22,2025-01-24,1,8.3,8.9,8.4
E00090,P00710,Project Team Member,2025-12-03,2025-12-12,1,9.7,9.7,9.0
E00090,P00788,Project Team Member,2024-08-06,2024-08-16,1,5.5,5.6,7.0
E00090,P00799,Project Team Member,2024-07-05,2024-07-24,1,5.5,5.0,7.0
E00090,P00898,Project Team Member,2024-04-24,2024-05-01,1,7.3,8.7,7.8
E00091,P00008,Project Team Member,2025-07-10,2025-07-19,1,7.2,8.4,7.6
E00091,P00009,Project Team Member,2023-10-23,2023-10-31,1,6.0,5.8,7.0
E00091,P00014,Project Team Member,2024-09-03,2024-09-07,1,6.0,5.7,7.0
E00091,P00018,Project Team Member,2025-04-04,2025-04-25,1,7.5,8.4,7.8
E00091,P00028,Project Team Member,2024-08-02,2024-08-14,1,8.0,9.4,8.0
E00091,P00029,Project Team Member,2025-12-29,2025-12-31,1,5.5,5.0,6.8
E00091,P00074,Project Team Member,2026-02-09,2026-02-16,1,8.7,9.7,8.4
E00091,P00081,Project Team Member,2025-02-12,2025-02-27,1,8.0,8.8,8.0
E00091,P00084,Project Team Member,2023-09-23,2024-01-17,2,6.6,6.6,7.3
E00091,P00118,Project Team Member,2025-07-18,2025-07-31,1,8.4,9.7,8.2
E00091,P00155,Project Team Member,2023-08-16,2023-08-18,1,7.2,7.9,7.6
E00091,P00156,Project Team Member,2024-03-02,2024-03-13,1,7.2,8.5,7.6
E00091,P00157,Project Team Member,2024-01-25,2024-01-27,1,7.1,7.7,7.6
E00091,P00158,Project Team Member,2025-11-22,2025-11-26,1,6.4,7.3,7.2
E00091,P00180,Project Team Member,2025-04-16,2025-04-29,1,7.3,8.1,7.6
E00091,P00192,Project Team Member,2024-04-27,2024-05-07,1,6.3,5.8,7.2
E00091,P00215,Project Team Member,2025-11-21,2025-11-26,1,5.5,5.0,6.8
E00091,P00216,Project Team Member,2024-09-09,2024-09-11,1,5.5,5.1,6.8
E00091,P00232,Project Team Member,2023-10-24,2023-10-27,1,9.0,9.7,8.5
E00091,P00255,Project Team Member,2024-02-27,2024-03-08,1,8.4,9.7,8.2
E00091,P00271,Project Team Member,2024-05-30,2024-06-08,1,7.4,8.6,7.7
E00091,P00276,Project Team Member,2024-11-02,2024-11-09,1,7.5,8.9,7.8
E00091,P00286,Project Team Member,2025-08-15,2025-08-30,1,5.5,5.0,6.8
E00091,P00296,Project Team Member,2025-01-29,2025-02-02,1,5.9,5.6,7.0
E00091,P00325,Project Team Member,2026-04-15,2026-04-23,1,6.8,8.1,7.4
E00091,P00338,Project Team Member,2024-01-21,2024-01-24,1,6.8,7.1,7.4
E00091,P00339,Project Team Member,2025-08-05,2025-08-19,1,5.5,5.0,6.8
E00091,P00350,Project Team Member,2025-03-06,2025-03-14,1,8.2,9.4,8.1
E00091,P00355,Project Team Member,2023-09-13,2023-09-17,1,5.7,6.2,6.8
E00091,P00359,Project Team Member,2025-10-12,2025-10-15,1,9.2,9.7,8.6
E00091,P00394,Project Team Member,2024-03-10,2024-03-19,1,8.0,9.3,8.0
E00091,P00398,Project Team Member,2025-11-29,2025-12-07,1,5.7,6.2,6.8
E00091,P00404,Project Team Member,2025-12-22,2026-01-03,1,6.3,7.0,7.2
E00091,P00434,Project Team Member,2024-05-11,2024-05-25,1,5.5,5.0,6.8
E00091,P00455,Project Team Member,2025-03-26,2025-04-01,1,6.2,6.1,7.1
E00091,P00478,Project Team Member,2024-04-07,2024-04-19,1,7.1,7.7,7.6
E00091,P00486,Project Team Member,2023-03-10,2023-03-21,1,5.5,5.0,6.8
E00091,P00512,Project Team Member,2024-04-06,2024-04-09,1,7.6,8.6,7.8
E00091,P00514,Project Team Member,2024-11-22,2024-12-05,1,6.0,5.7,7.0
E00091,P00516,Project Team Member,2025-07-16,2025-07-18,1,7.1,8.2,7.6
E00091,P00517,Project Team Member,2024-07-30,2024-08-11,1,7.2,8.0,7.6
E00091,P00522,Project Team Member,2025-09-20,2026-03-13,2,8.3,8.9,8.2
E00091,P00535,Project Team Member,2026-04-19,2026-04-25,1,6.6,7.9,7.3
E00091,P00536,Project Team Member,2024-06-15,2024-06-23,1,8.5,9.5,8.2
E00091,P00539,Project Team Member,2024-06-07,2024-06-16,1,7.5,8.3,7.8
E00091,P00541,Project Team Member,2025-03-16,2025-04-11,1,5.5,5.2,6.8
E00091,P00552,Project Team Member,2025-12-29,2026-01-07,1,7.9,8.3,8.0
E00091,P00558,Project Team Member,2023-08-25,2023-09-04,1,5.8,6.3,6.9
E00091,P00562,Project Team Member,2026-04-12,2026-04-26,1,5.5,5.0,6.8
E00091,P00594,Project Team Member,2024-09-19,2024-09-29,1,6.1,7.3,7.0
E00091,P00598,Project Team Member,2023-12-19,2024-01-12,1,6.2,6.0,7.1
E00091,P00599,Project Team Member,2024-07-14,2024-07-24,1,7.4,8.3,7.7
E00091,P00608,Project Team Member,2025-05-03,2025-05-21,1,7.5,8.3,7.8
E00091,P00651,Project Team Member,2025-12-21,2025-12-28,1,6.3,6.0,7.2
E00091,P00652,Project Team Member,2024-06-08,2024-06-16,1,7.8,8.6,7.9
E00091,P00665,Project Team Member,2025-03-30,2025-07-31,2,7.2,7.1,7.6
E00091,P00710,Project Team Member,2025-10-25,2025-10-27,1,5.5,5.0,6.8
E00091,P00723,Project Team Member,2023-02-19,2023-03-03,1,7.4,8.5,7.7
E00091,P00725,Project Team Member,2026-04-13,2026-04-21,1,7.2,7.9,7.6
E00091,P00775,Project Team Member,2023-07-15,2023-07-24,1,5.7,6.4,6.8
E00091,P00808,Project Team Member,2024-11-12,2024-11-19,1,6.8,8.1,7.4
E00091,P00811,Project Team Member,2024-08-29,2024-09-03,1,5.6,5.0,6.8
E00091,P00815,Project Team Member,2025-04-30,2025-09-03,2,5.9,5.0,7.0
E00091,P00816,Project Team Member,2026-01-31,2026-02-03,1,7.0,7.9,7.5
E00091,P00838,Project Team Member,2024-11-16,2024-11-22,1,9.1,9.7,8.6
E00091,P00845,Project Team Member,2026-04-26,2026-05-01,1,5.5,5.0,6.8
E00091,P00861,Project Team Member,2026-01-16,2026-01-27,1,8.6,9.5,8.3
E00091,P00864,Project Team Member,2024-03-30,2024-04-06,1,5.5,5.0,6.8
E00091,P00875,Project Team Member,2024-12-10,2024-12-16,1,5.7,5.5,6.8
E00091,P00890,Project Team Member,2024-07-20,2024-08-08,1,8.4,9.2,8.2
E00092,P00035,Contributor,2025-12-04,2025-12-11,1,6.4,7.8,7.6
E00092,P00037,Contributor,2025-10-04,2025-10-15,1,7.5,7.5,8.2
E00092,P00084,Contributor,2023-05-28,2023-05-30,1,8.8,9.4,8.8
E00092,P00134,Contributor,2026-03-28,2026-04-13,1,5.9,5.2,7.4
E00092,P00170,Contributor,2025-07-31,2025-08-03,1,6.6,6.7,7.7
E00092,P00186,Contributor,2026-03-21,2026-03-27,1,6.6,7.5,7.7
E00092,P00236,Contributor,2025-01-23,2025-02-06,1,7.4,7.9,8.1
E00092,P00318,Contributor,2023-12-19,2023-12-22,1,6.7,7.7,7.8
E00092,P00328,Contributor,2024-10-26,2024-11-01,1,7.6,7.2,8.2
E00092,P00481,Contributor,2023-05-07,2023-05-12,1,6.0,5.7,7.4
E00092,P00503,Contributor,2024-03-24,2024-04-07,1,7.6,8.6,8.2
E00092,P00545,Contributor,2024-11-17,2024-12-01,1,5.5,5.0,7.2
E00092,P00551,Contributor,2023-07-20,2023-07-31,1,7.8,9.2,8.3
E00092,P00572,Contributor,2023-11-10,2023-11-16,1,5.5,5.3,7.2
E00092,P00614,Contributor,2026-03-15,2026-03-20,1,6.7,7.9,7.8
E00092,P00670,Contributor,2025-05-06,2025-05-09,1,6.8,6.7,7.8
E00092,P00672,Contributor,2025-11-15,2025-11-21,1,5.9,7.3,7.4
E00092,P00698,Contributor,2024-12-31,2025-01-06,1,6.4,6.5,7.6
E00092,P00702,Contributor,2024-10-31,2024-11-24,1,5.5,5.0,7.2
E00092,P00712,Contributor,2026-03-19,2026-03-31,1,7.0,6.4,7.9
E00092,P00760,Contributor,2023-05-25,2023-06-12,1,7.2,7.9,8.0
E00092,P00824,Contributor,2023-06-07,2023-06-21,1,6.3,7.7,7.6
E00092,P00839,Contributor,2026-01-22,2026-01-30,1,6.0,5.6,7.4
E00092,P00850,Contributor,2026-03-24,2026-03-27,1,5.9,7.2,7.4
E00092,P00873,Contributor,2024-11-19,2024-11-21,1,6.2,6.2,7.5
E00093,P00083,Contributor,2024-04-07,2024-04-22,1,8.0,9.3,7.7
E00093,P00122,Contributor,2025-04-08,2025-04-19,1,7.3,8.5,7.4
E00093,P00161,Contributor,2025-10-13,2025-10-19,1,5.5,5.0,6.4
E00093,P00171,Contributor,2024-07-28,2024-08-25,1,8.0,9.3,7.7
E00093,P00246,Contributor,2025-08-26,2025-08-29,1,5.9,6.6,6.6
E00093,P00282,Contributor,2023-05-08,2023-05-11,1,5.5,5.0,6.4
E00093,P00312,Contributor,2024-09-12,2024-09-14,1,6.8,6.8,7.1
E00093,P00383,Contributor,2023-11-27,2023-12-08,1,5.5,5.0,6.4
E00093,P00386,Contributor,2023-09-23,2023-10-11,1,7.2,6.2,7.3
E00093,P00450,Contributor,2025-04-10,2025-04-20,1,9.3,9.7,8.4
E00093,P00469,Contributor,2023-09-21,2023-10-21,2,6.0,5.6,6.7
E00093,P00488,Contributor,2023-03-09,2023-03-30,1,6.4,6.5,6.9
E00093,P00534,Contributor,2024-01-10,2024-01-13,1,5.5,5.0,6.4
E00093,P00545,Contributor,2024-08-07,2024-08-10,1,6.8,8.2,7.1
E00093,P00563,Contributor,2023-10-27,2023-11-07,1,7.2,8.2,7.3
E00093,P00616,Contributor,2024-12-15,2024-12-31,1,7.4,8.7,7.4
E00093,P00623,Contributor,2024-01-16,2024-01-21,1,8.0,9.3,7.7
E00093,P00708,Contributor,2026-03-05,2026-03-31,1,8.2,8.3,7.8
E00093,P00730,Contributor,2026-02-12,2026-02-24,1,6.2,7.0,6.8
E00093,P00750,Contributor,2026-03-09,2026-03-11,1,7.8,9.0,7.6
E00093,P00759,Contributor,2026-03-18,2026-03-21,1,6.4,7.6,6.9
E00093,P00845,Contributor,2026-04-26,2026-04-28,1,6.6,6.9,7.0
E00094,P00023,Contributor,2024-05-04,2024-05-18,1,7.4,7.9,7.6
E00094,P00028,Contributor,2025-02-25,2025-03-03,1,7.6,8.6,7.7
E00094,P00031,Contributor,2023-08-02,2023-08-17,1,5.5,5.0,6.6
E00094,P00077,Contributor,2024-01-17,2024-01-25,1,7.1,8.2,7.4
E00094,P00118,Contributor,2025-05-08,2025-05-10,1,7.1,8.3,7.4
E00094,P00145,Contributor,2026-04-06,2026-03-14,1,5.5,5.0,6.6
E00094,P00164,Contributor,2024-02-14,2024-02-19,1,6.7,8.0,7.2
E00094,P00167,Contributor,2025-04-26,2025-04-28,1,7.3,8.7,7.6
E00094,P00170,Contributor,2025-09-18,2025-09-21,1,5.5,5.0,6.6
E00094,P00176,Contributor,2024-10-07,2024-10-09,1,7.8,9.2,7.8
E00094,P00212,Contributor,2025-09-17,2025-10-02,1,6.0,5.7,6.9
E00094,P00233,Contributor,2025-11-12,2025-11-26,1,6.7,7.8,7.2
E00094,P00234,Contributor,2024-08-13,2024-08-25,1,5.5,5.1,6.6
E00094,P00266,Contributor,2023-03-04,2023-03-16,1,6.4,7.4,7.1
E00094,P00307,Contributor,2024-04-05,2024-04-09,1,7.3,7.6,7.6
E00094,P00313,Contributor,2025-06-05,2025-06-14,1,5.5,5.0,6.6
E00094,P00318,Contributor,2024-05-26,2024-05-30,1,7.8,9.0,7.8
E00094,P00343,Contributor,2024-02-21,2024-03-01,1,7.8,9.2,7.8
E00094,P00347,Contributor,2025-05-28,2025-06-09,1,7.9,8.8,7.8
E00094,P00382,Contributor,2023-06-11,2023-06-21,1,6.5,6.8,7.2
E00094,P00394,Contributor,2023-05-10,2023-05-19,1,6.8,6.7,7.3
E00094,P00410,Contributor,2024-05-05,2024-06-03,1,5.5,5.0,6.6
E00094,P00411,Contributor,2024-03-23,2024-03-25,1,6.0,5.7,6.9
E00094,P00450,Contributor,2025-04-05,2025-04-20,1,5.5,5.0,6.6
E00094,P00459,Contributor,2025-03-07,2025-04-23,2,5.5,5.0,6.6
E00094,P00486,Contributor,2023-03-24,2023-04-05,1,5.5,5.0,6.6
E00094,P00495,Contributor,2025-09-19,2025-09-29,1,7.4,6.6,7.6
E00094,P00503,Contributor,2023-09-10,2023-09-17,1,8.1,7.9,8.0
E00094,P00513,Contributor,2025-05-24,2025-05-26,1,5.5,5.2,6.6
E00094,P00540,Contributor,2024-12-22,2025-01-06,1,6.5,7.1,7.2
E00094,P00572,Contributor,2024-01-16,2024-01-18,1,8.0,9.3,7.9
E00094,P00581,Contributor,2023-04-19,2023-05-15,1,5.8,5.9,6.8
E00094,P00614,Contributor,2026-03-21,2026-03-27,1,5.7,5.8,6.8
E00094,P00619,Contributor,2024-07-22,2024-07-24,1,6.6,7.1,7.2
E00094,P00627,Contributor,2024-08-02,2024-08-14,1,5.7,6.0,6.8
E00094,P00710,Contributor,2026-01-10,2026-01-22,1,6.8,7.7,7.3
E00094,P00730,Contributor,2025-12-25,2026-01-04,1,5.5,5.8,6.6
E00094,P00766,Contributor,2024-07-22,2024-08-05,1,5.5,6.3,6.6
E00094,P00820,Contributor,2024-01-02,2024-01-05,1,5.5,5.4,6.6
E00094,P00830,Contributor,2025-12-28,2026-01-01,1,5.5,5.1,6.6
E00094,P00846,Contributor,2023-08-27,2023-09-08,1,6.2,7.2,7.0
E00094,P00898,Contributor,2024-08-19,2024-09-04,1,5.9,5.4,6.8
E00095,P00003,Coordinator,2026-02-07,2026-02-10,1,5.5,5.0,6.6
E00095,P00020,Coordinator,2024-05-04,2024-05-11,1,7.0,8.0,7.3
E00095,P00025,Coordinator,2025-03-13,2025-03-28,1,7.3,8.6,7.4
E00095,P00032,Coordinator,2025-03-21,2025-03-29,1,8.0,9.3,7.8
E00095,P00051,Coordinator,2024-08-18,2024-08-28,1,7.5,8.6,7.6
E00095,P00080,Coordinator,2026-01-30,2026-02-13,1,7.6,7.1,7.6
E00095,P00090,Coordinator,2025-11-22,2025-12-01,1,7.1,8.3,7.4
E00095,P00092,Coordinator,2026-04-26,2026-05-01,1,8.2,9.2,7.9
E00095,P00117,Coordinator,2026-02-22,2026-03-09,1,6.9,6.9,7.2
E00095,P00151,Coordinator,2025-12-24,2026-01-02,1,8.0,9.3,7.8
E00095,P00161,Coordinator,2025-12-26,2025-12-31,1,8.0,9.0,7.8
E00095,P00172,Coordinator,2025-07-22,2025-08-09,1,8.2,9.4,7.9
E00095,P00220,Coordinator,2023-04-17,2023-04-27,1,7.4,8.3,7.5
E00095,P00229,Coordinator,2026-02-03,2026-02-06,1,8.7,9.2,8.1
E00095,P00243,Coordinator,2025-03-05,2025-03-16,1,6.7,8.1,7.2
E00095,P00292,Coordinator,2023-09-21,2023-10-03,1,6.4,7.7,7.0
E00095,P00296,Coordinator,2024-10-29,2024-11-12,1,8.7,9.7,8.1
E00095,P00305,Coordinator,2024-09-01,2024-09-04,1,7.5,8.4,7.6
E00095,P00319,Coordinator,2025-01-12,2025-01-27,1,7.5,8.8,7.6
E00095,P00325,Coordinator,2026-04-15,2026-04-28,1,6.4,7.4,7.0
E00095,P00327,Coordinator,2025-11-04,2025-11-10,1,8.1,9.0,7.8
E00095,P00328,Coordinator,2025-03-10,2025-03-18,1,9.7,9.7,8.6
E00095,P00357,Coordinator,2023-05-20,2023-05-23,1,6.0,7.3,6.8
E00095,P00359,Coordinator,2026-03-18,2026-03-22,1,6.8,6.7,7.2
E00095,P00374,Coordinator,2026-01-28,2026-02-08,1,5.9,5.2,6.8
E00095,P00385,Coordinator,2024-02-25,2024-03-11,1,5.5,5.0,6.6
E00095,P00403,Coordinator,2024-04-04,2024-04-17,1,7.1,8.2,7.4
E00095,P00412,Coordinator,2025-05-26,2025-06-05,1,8.7,9.7,8.1
E00095,P00444,Coordinator,2024-10-10,2024-10-21,1,6.8,7.3,7.2
E00095,P00458,Coordinator,2026-03-02,2026-03-07,1,7.9,9.2,7.8
E00095,P00470,Coordinator,2023-12-11,2023-12-19,1,5.8,5.5,6.7
E00095,P00471,Coordinator,2023-12-03,2023-12-15,1,5.5,5.0,6.6
E00095,P00506,Coordinator,2023-08-24,2023-09-06,1,7.3,8.0,7.4
E00095,P00509,Coordinator,2026-03-30,2026-02-28,1,8.7,9.7,8.1
E00095,P00535,Coordinator,2026-04-19,2026-04-27,1,7.0,7.6,7.3
E00095,P00543,Coordinator,2023-04-16,2023-05-13,1,5.5,5.2,6.6
E00095,P00545,Coordinator,2025-01-01,2025-01-04,1,7.3,8.1,7.4
E00095,P00604,Coordinator,2023-07-12,2023-07-17,1,6.5,7.4,7.0
E00095,P00634,Coordinator,2025-04-14,2025-04-21,1,7.1,8.4,7.4
E00095,P00637,Coordinator,2024-10-01,2024-10-11,1,7.1,8.5,7.4
E00095,P00683,Coordinator,2025-01-03,2025-01-13,1,9.7,9.7,8.6
E00095,P00694,Coordinator,2023-11-13,2023-11-20,1,6.4,7.2,7.0
E00095,P00739,Coordinator,2025-11-01,2025-11-16,1,8.6,9.5,8.1
E00095,P00743,Coordinator,2023-09-09,2023-09-21,1,8.0,9.3,7.8
E00095,P00780,Coordinator,2026-02-19,2026-03-06,1,5.5,5.0,6.6
E00095,P00800,Coordinator,2026-03-10,2026-03-13,1,8.0,8.5,7.8
E00095,P00828,Coordinator,2025-12-28,2026-01-12,1,5.8,5.5,6.7
E00095,P00866,Coordinator,2024-12-06,2024-12-15,1,6.1,5.9,6.8
E00095,P00872,Coordinator,2023-07-19,2023-07-22,1,6.2,6.1,6.9
E00095,P00873,Coordinator,2025-11-07,2025-12-01,1,8.7,9.2,8.1
E00095,P00875,Coordinator,2024-12-24,2024-12-29,1,5.5,5.0,6.6
E00095,P00891,Coordinator,2024-01-29,2024-02-08,1,5.5,5.0,6.6
E00096,P00010,Project Team Member,2023-12-09,2023-12-14,1,7.8,9.0,7.2
E00096,P00012,Project Team Member,2025-06-05,2025-06-15,1,5.5,5.0,6.0
E00096,P00021,Project Team Member,2026-01-26,2026-01-30,1,5.5,5.0,6.0
E00096,P00035,Project Team Member,2025-07-03,2025-07-13,1,7.8,8.2,7.2
E00096,P00075,Project Team Member,2026-04-27,2026-05-02,1,7.5,8.8,7.0
E00096,P00092,Project Team Member,2026-04-26,2026-04-28,1,7.3,8.6,7.0
E00096,P00113,Project Team Member,2023-12-19,2023-12-31,1,8.0,9.2,7.3
E00096,P00123,Project Team Member,2025-04-28,2025-05-01,1,8.2,8.7,7.4
E00096,P00127,Project Team Member,2025-06-17,2025-06-27,1,5.5,5.0,6.0
E00096,P00148,Project Team Member,2024-04-02,2024-04-04,1,7.6,8.6,7.1
E00096,P00161,Project Team Member,2025-11-20,2025-11-24,1,5.5,5.0,6.0
E00096,P00168,Project Team Member,2023-02-24,2023-02-26,1,5.6,6.0,6.1
E00096,P00198,Project Team Member,2024-12-10,2024-12-24,1,5.7,5.0,6.2
E00096,P00220,Project Team Member,2023-09-17,2023-09-29,1,9.2,9.7,7.9
E00096,P00242,Project Team Member,2023-10-28,2023-10-31,1,6.3,7.2,6.4
E00096,P00253,Project Team Member,2025-01-09,2025-01-12,1,6.2,7.1,6.4
E00096,P00260,Project Team Member,2025-09-15,2025-10-14,1,6.8,8.0,6.7
E00096,P00263,Project Team Member,2024-02-16,2024-02-19,1,5.5,5.0,6.0
E00096,P00280,Project Team Member,2025-03-16,2025-03-19,1,8.3,9.4,7.4
E00096,P00313,Project Team Member,2025-06-28,2025-07-09,1,5.5,5.0,6.0
E00096,P00324,Project Team Member,2024-09-24,2024-10-02,1,5.5,5.0,6.0
E00096,P00338,Project Team Member,2023-10-27,2023-11-06,1,6.7,7.0,6.6
E00096,P00354,Project Team Member,2025-04-07,2025-04-09,1,5.9,6.3,6.2
E00096,P00357,Project Team Member,2023-02-19,2023-02-27,1,5.5,5.0,6.0
E00096,P00361,Project Team Member,2025-03-09,2025-03-19,1,6.9,8.2,6.8
E00096,P00384,Project Team Member,2025-07-10,2025-07-14,1,7.0,6.7,6.8
E00096,P00389,Project Team Member,2025-04-26,2025-05-02,1,5.5,5.0,6.0
E00096,P00398,Project Team Member,2025-10-20,2025-10-28,1,9.2,9.7,7.9
E00096,P00404,Project Team Member,2025-07-06,2025-07-21,1,6.4,6.6,6.5
E00096,P00407,Project Team Member,2025-07-08,2025-07-31,1,6.1,6.9,6.4
E00096,P00428,Project Team Member,2025-08-02,2025-08-07,1,5.5,5.0,6.0
E00096,P00464,Project Team Member,2026-04-10,2026-02-27,1,7.9,8.7,7.2
E00096,P00487,Project Team Member,2023-07-16,2023-07-28,1,6.7,8.0,6.6
E00096,P00491,Project Team Member,2024-05-31,2024-06-12,1,7.6,7.4,7.1
E00096,P00501,Project Team Member,2025-03-28,2025-04-07,1,6.5,7.7,6.6
E00096,P00518,Project Team Member,2023-06-20,2023-06-29,1,8.0,9.3,7.3
E00096,P00567,Project Team Member,2025-03-06,2025-03-08,1,6.9,7.9,6.8
E00096,P00594,Project Team Member,2024-04-29,2024-05-08,1,6.3,7.3,6.4
E00096,P00595,Project Team Member,2026-01-26,2026-02-09,1,6.4,6.0,6.5
E00096,P00604,Project Team Member,2023-11-29,2023-12-02,1,8.0,9.3,7.3
E00096,P00622,Project Team Member,2024-10-23,2024-10-26,1,7.9,9.2,7.2
E00096,P00630,Project Team Member,2025-05-22,2025-05-31,1,7.7,8.8,7.2
E00096,P00659,Project Team Member,2023-03-14,2023-03-25,1,7.4,8.5,7.0
E00096,P00706,Project Team Member,2023-10-17,2023-11-06,1,5.5,5.0,6.0
E00096,P00711,Project Team Member,2024-11-17,2024-11-26,1,6.3,7.4,6.4
E00096,P00726,Project Team Member,2024-06-24,2024-06-30,1,7.2,6.2,6.9
E00096,P00727,Project Team Member,2024-02-12,2024-03-03,1,7.4,7.9,7.0
E00096,P00771,Project Team Member,2024-03-02,2024-03-10,1,6.4,7.8,6.5
E00096,P00772,Project Team Member,2024-08-28,2024-09-09,1,7.1,7.7,6.8
E00096,P00824,Project Team Member,2023-06-26,2023-07-11,1,6.0,5.8,6.3
E00096,P00826,Project Team Member,2025-02-15,2025-02-26,1,7.4,8.7,7.0
E00096,P00830,Project Team Member,2025-12-11,2025-12-19,1,5.5,5.0,6.0
E00096,P00838,Project Team Member,2024-11-23,2024-11-27,1,5.5,5.0,6.0
E00096,P00855,Project Team Member,2026-03-03,2026-03-17,1,6.1,6.3,6.4
E00096,P00858,Project Team Member,2025-07-09,2025-07-11,1,6.7,7.7,6.6
E00096,P00873,Project Team Member,2025-12-11,2025-12-26,1,6.4,7.1,6.5
E00097,P00016,Specialist,2025-02-12,2025-02-27,1,7.1,6.1,7.6
E00097,P00031,Specialist,2023-05-04,2023-06-02,1,7.0,8.4,7.6
E00097,P00063,Specialist,2026-03-20,2026-03-24,1,6.4,6.4,7.3
E00097,P00070,Specialist,2023-10-17,2023-10-29,1,5.9,5.2,7.0
E00097,P00080,Specialist,2026-03-16,2026-04-12,1,9.1,9.6,8.6
E00097,P00087,Specialist,2026-01-14,2026-01-21,1,6.2,6.7,7.2
E00097,P00097,Specialist,2025-12-14,2025-12-20,1,6.5,7.4,7.4
E00097,P00129,Specialist,2026-04-10,2026-04-20,1,7.4,8.7,7.8
E00097,P00160,Specialist,2023-11-25,2023-12-04,1,6.8,8.1,7.5
E00097,P00172,Specialist,2025-08-17,2025-08-30,1,8.0,9.3,8.1
E00097,P00238,Specialist,2023-12-21,2024-01-16,1,7.4,8.7,7.8
E00097,P00241,Specialist,2025-01-09,2025-02-08,1,5.5,5.0,6.8
E00097,P00294,Specialist,2025-01-21,2025-01-28,1,5.5,5.0,6.8
E00097,P00315,Specialist,2026-03-16,2026-03-29,1,7.1,8.4,7.6
E00097,P00351,Specialist,2025-02-10,2025-02-18,1,5.5,5.0,6.8
E00097,P00352,Specialist,2023-05-24,2023-05-31,1,5.5,5.0,6.8
E00097,P00359,Specialist,2025-11-29,2025-12-14,1,6.8,6.8,7.5
E00097,P00392,Specialist,2023-07-18,2023-07-27,1,8.2,9.2,8.2
E00097,P00425,Specialist,2026-03-13,2026-03-25,1,5.5,5.0,6.8
E00097,P00430,Specialist,2024-12-12,2024-12-26,1,7.4,8.2,7.8
E00097,P00437,Specialist,2024-07-23,2024-08-04,1,7.2,8.3,7.7
E00097,P00470,Specialist,2023-10-04,2023-10-11,1,5.5,5.0,6.8
E00097,P00500,Specialist,2023-11-01,2023-11-05,1,7.2,7.9,7.7
E00097,P00519,Specialist,2026-03-06,2026-03-21,1,7.4,8.4,7.8
E00097,P00557,Specialist,2026-02-05,2026-02-08,1,5.5,5.0,6.8
E00097,P00564,Specialist,2025-11-17,2025-11-27,1,5.5,5.0,6.8
E00097,P00614,Specialist,2026-03-09,2026-03-16,1,6.6,7.6,7.4
E00097,P00683,Specialist,2025-03-19,2025-04-17,1,7.8,9.1,8.0
E00097,P00721,Specialist,2026-03-07,2026-03-10,1,5.5,5.0,6.8
E00097,P00738,Specialist,2024-02-01,2024-02-13,1,5.5,5.0,6.8
E00097,P00743,Specialist,2024-01-21,2024-01-26,1,7.5,8.8,7.8
E00097,P00755,Specialist,2026-02-09,2026-02-14,1,6.5,6.6,7.4
E00097,P00795,Specialist,2024-06-08,2024-06-29,1,7.3,7.6,7.8
E00098,P00039,Contributor,2023-04-08,2023-04-15,1,7.7,9.1,8.0
E00098,P00200,Contributor,2024-12-15,2025-01-14,1,5.5,5.0,6.8
E00098,P00326,Contributor,2026-04-21,2026-05-04,1,6.8,7.2,7.5
E00098,P00361,Contributor,2024-11-10,2024-12-10,1,6.8,6.8,7.5
E00098,P00362,Contributor,2024-02-13,2024-02-25,1,5.8,5.8,7.0
E00098,P00375,Contributor,2025-07-02,2025-08-01,1,5.5,5.0,6.8
E00098,P00453,Contributor,2025-08-05,2025-08-08,1,5.5,5.0,6.8
E00098,P00502,Contributor,2025-07-17,2025-07-29,1,5.5,5.0,6.8
E00098,P00532,Contributor,2025-07-25,2025-08-01,1,6.8,7.7,7.5
E00098,P00577,Contributor,2025-10-08,2025-11-01,1,5.9,6.1,7.0
E00098,P00634,Contributor,2024-09-11,2024-09-15,1,5.5,5.0,6.8
E00098,P00649,Contributor,2024-03-30,2024-04-22,1,6.5,5.9,7.4
E00098,P00672,Contributor,2025-12-13,2025-12-17,1,5.8,5.0,7.0
E00098,P00688,Contributor,2023-05-22,2023-06-05,1,6.4,5.9,7.3
E00098,P00728,Contributor,2024-03-12,2024-03-23,1,5.5,5.0,6.8
E00098,P00828,Contributor,2025-12-30,2026-01-07,1,7.8,9.2,8.0
E00098,P00838,Contributor,2024-08-04,2024-08-25,1,9.3,9.7,8.8
E00098,P00849,Contributor,2024-12-30,2025-01-09,1,5.5,5.0,6.8
E00099,P00056,Project Team Member,2026-02-02,2026-02-13,1,7.4,8.6,7.7
E00099,P00153,Project Team Member,2024-12-13,2024-12-19,1,6.1,5.9,7.0
E00099,P00158,Project Team Member,2025-10-08,2025-10-11,1,7.2,8.2,7.6
E00099,P00202,Project Team Member,2024-02-10,2024-02-16,1,5.5,5.0,6.8
E00099,P00216,Project Team Member,2024-12-22,2024-12-25,1,7.3,8.6,7.6
E00099,P00272,Project Team Member,2026-01-18,2026-01-21,1,8.3,8.9,8.2
E00099,P00278,Project Team Member,2024-01-26,2024-02-05,1,6.3,6.3,7.2
E00099,P00345,Project Team Member,2023-09-26,2024-02-29,2,6.8,5.9,7.4
E00099,P00400,Project Team Member,2024-02-07,2024-02-11,1,7.1,8.0,7.6
E00099,P00423,Project Team Member,2026-02-25,2026-03-03,1,6.8,7.2,7.4
E00099,P00585,Project Team Member,2025-07-17,2025-08-01,1,5.5,5.0,6.8
E00099,P00617,Project Team Member,2025-11-14,2025-11-25,1,5.5,5.0,6.8
E00099,P00644,Project Team Member,2025-07-09,2025-07-12,1,6.8,8.1,7.4
E00099,P00764,Project Team Member,2024-08-02,2024-08-14,1,5.5,5.0,6.8
E00100,P00014,Project Team Member,2024-04-17,2024-04-21,1,5.5,5.0,6.6
E00100,P00084,Project Team Member,2023-04-14,2023-04-28,1,5.9,5.7,6.8
E00100,P00090,Project Team Member,2026-02-09,2026-02-15,1,6.4,7.0,7.1
E00100,P00177,Project Team Member,2024-02-04,2024-02-15,1,6.0,5.7,6.9
E00100,P00277,Project Team Member,2025-11-11,2025-11-18,1,9.0,9.4,8.4
E00100,P00361,Project Team Member,2024-07-23,2024-08-07,1,5.5,5.0,6.6
E00100,P00399,Project Team Member,2024-04-06,2024-04-16,1,7.0,7.9,7.4
E00100,P00418,Project Team Member,2023-02-27,2023-03-11,1,6.6,7.7,7.2
E00100,P00492,Project Team Member,2024-05-13,2024-05-20,1,5.9,6.6,6.8
E00100,P00496,Project Team Member,2024-06-10,2024-06-18,1,6.4,6.1,7.1
E00100,P00520,Project Team Member,2024-04-27,2024-05-10,1,7.3,8.7,7.6
E00100,P00635,Project Team Member,2023-05-04,2023-05-14,1,5.5,5.6,6.6
E00100,P00650,Project Team Member,2024-08-16,2024-08-27,1,7.5,7.3,7.6
E00100,P00665,Project Team Member,2025-11-21,2025-11-28,1,7.3,8.6,7.6
E00100,P00730,Project Team Member,2026-03-07,2026-03-09,1,5.5,5.0,6.6
E00100,P00769,Project Team Member,2025-10-01,2025-10-07,1,6.6,6.9,7.2
E00100,P00853,Project Team Member,2025-11-24,2025-12-06,1,7.3,8.6,7.6
E00100,P00859,Project Team Member,2026-04-06,2026-03-13,1,7.0,7.7,7.4
E00100,P00866,Project Team Member,2024-07-05,2024-07-19,1,6.6,7.4,7.2
E00101,P00008,Project Team Member,2024-08-22,2024-08-29,1,8.2,9.2,7.5
E00101,P00041,Project Team Member,2025-09-08,2025-09-12,1,5.9,5.2,6.4
E00101,P00042,Project Team Member,2024-01-20,2024-01-30,1,5.5,5.5,6.2
E00101,P00048,Project Team Member,2025-07-27,2025-07-30,1,7.0,8.3,6.9
E00101,P00088,Project Team Member,2025-02-02,2025-02-06,1,5.5,5.4,6.2
E00101,P00120,Project Team Member,2025-01-13,2025-01-21,1,5.6,5.5,6.2
E00101,P00124,Project Team Member,2025-10-04,2025-10-15,1,7.0,7.2,6.9
E00101,P00129,Project Team Member,2026-04-10,2026-04-20,1,5.5,5.0,6.2
E00101,P00191,Project Team Member,2025-09-18,2025-10-10,2,6.7,6.7,6.8
E00101,P00231,Project Team Member,2025-04-14,2025-04-20,1,6.2,6.2,6.5
E00101,P00246,Project Team Member,2025-10-14,2025-10-29,1,6.4,7.7,6.6
E00101,P00294,Project Team Member,2024-10-07,2024-10-16,1,7.7,8.8,7.2
E00101,P00295,Project Team Member,2024-10-25,2024-10-30,1,6.4,5.4,6.6
E00101,P00326,Project Team Member,2026-04-21,2026-04-30,1,6.1,6.4,6.4
E00101,P00336,Project Team Member,2025-03-27,2025-04-05,1,7.3,8.6,7.0
E00101,P00346,Project Team Member,2026-02-22,2026-02-24,1,5.9,6.9,6.4
E00101,P00373,Project Team Member,2025-08-01,2025-08-09,1,7.6,7.5,7.2
E00101,P00382,Project Team Member,2024-03-18,2024-03-31,1,8.0,8.6,7.4
E00101,P00383,Project Team Member,2023-11-25,2023-12-09,1,6.2,6.6,6.5
E00101,P00404,Project Team Member,2025-04-26,2025-05-02,1,5.5,5.0,6.2
E00101,P00413,Project Team Member,2023-08-24,2023-09-05,1,5.8,5.9,6.3
E00101,P00426,Project Team Member,2023-12-14,2023-12-17,1,9.2,9.7,8.0
E00101,P00449,Project Team Member,2026-03-06,2026-03-14,1,8.0,9.3,7.4
E00101,P00467,Project Team Member,2025-03-11,2025-03-14,1,6.8,7.6,6.8
E00101,P00470,Project Team Member,2023-04-15,2023-05-08,1,5.5,5.0,6.2
E00101,P00481,Project Team Member,2023-11-15,2023-11-18,1,7.1,7.7,7.0
E00101,P00487,Project Team Member,2023-08-25,2023-09-01,1,5.5,5.0,6.2
E00101,P00524,Project Team Member,2023-12-15,2023-12-25,1,7.3,8.4,7.0
E00101,P00525,Project Team Member,2026-03-21,2026-04-05,1,5.5,5.8,6.2
E00101,P00546,Project Team Member,2024-04-18,2024-04-28,1,6.7,7.6,6.8
E00101,P00547,Project Team Member,2023-07-06,2023-07-16,1,7.2,6.2,7.0
E00101,P00580,Project Team Member,2025-08-02,2025-08-24,1,6.8,8.2,6.8
E00101,P00589,Project Team Member,2026-04-01,2026-03-14,1,8.0,9.3,7.4
E00101,P00598,Project Team Member,2023-07-27,2023-08-11,1,7.6,7.0,7.2
E00101,P00610,Project Team Member,2023-11-23,2023-11-28,1,6.7,6.9,6.8
E00101,P00612,Project Team Member,2023-09-22,2023-09-24,1,5.5,5.0,6.2
E00101,P00628,Project Team Member,2024-04-27,2024-05-08,1,6.1,5.9,6.4
E00101,P00657,Project Team Member,2026-02-28,2026-03-15,1,7.0,7.8,6.9
E00101,P00687,Project Team Member,2024-05-08,2024-05-13,1,6.6,6.8,6.7
E00101,P00720,Project Team Member,2024-12-01,2024-12-09,1,5.5,5.0,6.2
E00101,P00755,Project Team Member,2025-12-28,2026-01-04,1,7.7,9.1,7.2
E00101,P00838,Project Team Member,2024-07-26,2024-08-20,1,7.5,8.1,7.2
E00101,P00882,Project Team Member,2023-06-07,2023-06-09,1,7.2,8.2,7.0
E00101,P00897,Project Team Member,2024-10-18,2024-11-07,1,5.5,6.1,6.2
E00101,P00899,Project Team Member,2024-03-22,2024-03-24,1,5.5,5.0,6.2
E00102,P00199,Contributor,2026-03-11,2026-03-14,1,7.4,8.8,7.5
E00102,P00237,Contributor,2025-02-16,2025-03-02,1,7.0,8.2,7.3
E00102,P00246,Contributor,2025-12-01,2025-12-09,1,5.5,5.0,6.6
E00102,P00265,Contributor,2025-09-19,2025-09-27,1,6.7,7.3,7.2
E00102,P00535,Contributor,2026-04-19,2026-04-22,1,5.5,5.0,6.6
E00102,P00711,Contributor,2024-11-10,2024-11-17,1,5.5,5.0,6.6
E00102,P00849,Contributor,2024-12-07,2024-12-18,1,5.5,5.0,6.6
E00102,P00883,Contributor,2026-02-27,2026-03-13,1,5.5,5.5,6.6
E00103,P00023,Coordinator,2024-07-12,2024-09-09,2,7.5,7.8,7.6
E00103,P00040,Coordinator,2023-10-01,2023-10-08,1,8.0,9.0,7.8
E00103,P00042,Coordinator,2024-07-12,2024-07-23,1,8.0,9.3,7.8
E00103,P00052,Coordinator,2023-10-02,2024-06-16,2,6.8,6.6,7.2
E00103,P00062,Coordinator,2025-07-03,2025-07-15,1,9.4,9.7,8.5
E00103,P00078,Coordinator,2024-10-21,2024-11-04,1,8.3,9.0,8.0
E00103,P00087,Coordinator,2025-10-09,2025-11-02,1,7.9,9.2,7.8
E00103,P00099,Coordinator,2024-11-06,2024-11-13,1,5.5,5.0,6.6
E00103,P00109,Coordinator,2023-03-18,2023-03-30,1,5.5,5.0,6.6
E00103,P00121,Coordinator,2023-11-08,2023-11-13,1,6.2,7.1,6.9
E00103,P00144,Coordinator,2023-12-22,2024-01-03,1,6.3,6.5,7.0
E00103,P00160,Coordinator,2023-07-28,2023-08-07,1,6.4,7.2,7.0
E00103,P00178,Coordinator,2026-04-14,2026-04-20,1,7.4,8.7,7.5
E00103,P00179,Coordinator,2026-03-04,2026-03-07,1,5.5,5.0,6.6
E00103,P00197,Coordinator,2026-01-25,2026-01-28,1,6.7,5.7,7.2
E00103,P00213,Coordinator,2023-04-03,2023-04-10,1,5.5,5.0,6.6
E00103,P00217,Coordinator,2025-08-26,2025-09-03,1,5.5,5.0,6.6
E00103,P00241,Coordinator,2024-10-24,2024-11-05,1,8.1,9.1,7.8
E00103,P00242,Coordinator,2024-06-12,2024-06-19,1,6.6,7.5,7.1
E00103,P00243,Coordinator,2025-09-25,2025-10-06,1,6.8,7.5,7.2
E00103,P00245,Coordinator,2026-01-16,2026-01-27,1,6.4,6.4,7.0
E00103,P00247,Coordinator,2026-01-31,2026-02-06,1,8.0,9.3,7.8
E00103,P00257,Coordinator,2023-02-20,2023-03-07,1,6.7,7.0,7.2
E00103,P00265,Coordinator,2025-04-30,2025-05-15,1,7.9,9.1,7.8
E00103,P00284,Coordinator,2025-03-30,2025-04-03,1,5.5,5.0,6.6
E00103,P00314,Coordinator,2025-06-21,2025-09-02,2,7.6,8.4,7.6
E00103,P00325,Coordinator,2026-04-15,2026-04-22,1,9.6,9.7,8.6
E00103,P00366,Coordinator,2023-08-26,2023-09-09,1,5.5,5.1,6.6
E00103,P00372,Coordinator,2026-01-16,2026-01-28,1,6.9,7.9,7.2
E00103,P00386,Coordinator,2023-10-11,2023-10-23,1,5.5,5.0,6.6
E00103,P00390,Coordinator,2025-05-11,2025-05-13,1,6.8,8.2,7.2
E00103,P00407,Coordinator,2025-04-30,2025-05-10,1,6.4,6.6,7.0
E00103,P00411,Coordinator,2024-04-14,2024-04-19,1,5.5,5.0,6.6
E00103,P00417,Coordinator,2024-12-17,2024-12-23,1,8.0,9.3,7.8
E00103,P00447,Coordinator,2023-07-08,2023-07-21,1,7.2,8.2,7.4
E00103,P00457,Coordinator,2025-10-19,2025-11-02,1,5.6,5.2,6.6
E00103,P00462,Coordinator,2025-10-22,2025-11-02,1,8.3,8.4,8.0
E00103,P00482,Coordinator,2023-09-02,2023-09-07,1,5.5,5.0,6.6
E00103,P00491,Coordinator,2024-09-08,2024-09-14,1,5.5,5.0,6.6
E00103,P00500,Coordinator,2024-02-23,2024-03-03,1,9.7,9.7,8.6
E00103,P00501,Coordinator,2025-03-16,2025-04-09,3,7.3,6.8,7.4
E00103,P00538,Coordinator,2025-10-18,2025-11-02,1,7.3,8.1,7.4
E00103,P00540,Coordinator,2024-11-27,2024-12-06,1,5.5,5.0,6.6
E00103,P00547,Coordinator,2024-08-18,2024-08-27,1,7.4,8.3,7.5
E00103,P00549,Coordinator,2025-04-28,2025-05-05,1,5.9,5.2,6.8
E00103,P00570,Coordinator,2025-09-27,2025-10-11,1,8.4,9.7,8.0
E00103,P00595,Coordinator,2025-12-18,2025-12-26,1,5.5,5.0,6.6
E00103,P00617,Coordinator,2025-08-18,2025-09-02,1,5.8,6.2,6.7
E00103,P00672,Coordinator,2025-11-29,2025-12-12,1,7.6,8.6,7.6
E00103,P00675,Coordinator,2023-12-25,2024-01-01,1,6.5,7.4,7.0
E00103,P00686,Coordinator,2025-01-09,2025-01-18,1,6.2,6.6,6.9
E00103,P00705,Coordinator,2025-01-31,2025-02-15,1,5.5,5.0,6.6
E00103,P00706,Coordinator,2023-11-25,2023-11-30,1,6.6,7.4,7.1
E00103,P00709,Coordinator,2024-02-29,2024-03-08,1,7.1,7.6,7.4
E00103,P00739,Coordinator,2026-01-19,2026-02-12,1,6.8,8.1,7.2
E00103,P00742,Coordinator,2024-04-28,2024-05-09,1,9.0,9.7,8.3
E00103,P00748,Coordinator,2026-03-15,2026-03-24,1,6.5,5.5,7.0
E00103,P00799,Coordinator,2024-06-16,2024-06-26,1,9.7,9.7,8.6
E00103,P00824,Coordinator,2023-05-29,2023-06-09,1,6.6,6.9,7.1
E00103,P00830,Coordinator,2025-12-16,2025-12-18,1,7.8,8.6,7.7
E00103,P00851,Coordinator,2023-07-15,2023-08-05,1,7.6,7.0,7.6
E00103,P00866,Coordinator,2024-05-31,2024-06-12,1,7.8,8.4,7.7
E00103,P00879,Coordinator,2024-11-12,2024-11-26,1,7.6,9.0,7.6
E00104,P00129,Contributor,2026-04-10,2026-04-13,1,7.3,8.1,7.2
E00104,P00199,Contributor,2025-10-28,2025-11-03,1,6.4,6.4,6.8
E00104,P00645,Contributor,2025-09-20,2025-09-30,1,8.3,9.0,7.8
E00105,P00001,Contributor,2025-02-26,2025-03-10,1,6.8,8.1,7.3
E00105,P00047,Contributor,2024-12-27,2024-12-30,1,8.8,9.4,8.3
E00105,P00057,Contributor,2023-05-19,2023-05-25,1,6.8,7.6,7.3
E00105,P00058,Contributor,2025-11-16,2025-11-17,1,5.8,5.0,6.8
E00105,P00076,Contributor,2026-03-05,2026-03-21,1,5.8,5.7,6.8
E00105,P00092,Contributor,2026-04-26,2026-05-03,1,7.4,8.8,7.6
E00105,P00095,Contributor,2025-09-21,2025-09-26,1,7.3,8.2,7.6
E00105,P00101,Contributor,2025-04-04,2025-04-16,1,6.1,6.0,7.0
E00105,P00116,Contributor,2025-01-20,2025-01-22,1,6.9,7.3,7.4
E00105,P00120,Contributor,2025-02-15,2025-02-19,1,8.0,9.3,7.9
E00105,P00129,Contributor,2026-04-10,2026-04-12,1,6.3,6.4,7.0
E00105,P00136,Contributor,2024-07-05,2024-07-12,1,6.6,7.5,7.2
E00105,P00145,Contributor,2026-04-06,2026-03-14,1,7.2,8.4,7.5
E00105,P00192,Contributor,2024-03-14,2024-03-26,1,5.5,5.0,6.6
E00105,P00200,Contributor,2025-02-21,2025-05-11,2,8.0,8.8,7.9
E00105,P00224,Contributor,2024-10-02,2024-10-19,1,6.1,5.8,7.0
E00105,P00225,Contributor,2026-02-15,2026-02-22,1,8.2,8.3,8.0
E00105,P00245,Contributor,2025-10-22,2025-10-31,1,7.2,6.2,7.5
E00105,P00334,Contributor,2025-08-01,2025-08-14,1,7.6,8.9,7.7
E00105,P00337,Contributor,2023-08-29,2023-09-13,1,6.6,5.6,7.2
E00105,P00348,Contributor,2025-04-12,2025-04-19,1,6.8,7.3,7.3
E00105,P00351,Contributor,2025-04-11,2025-04-14,1,5.5,5.0,6.6
E00105,P00373,Contributor,2025-04-26,2025-05-10,1,6.9,8.2,7.4
E00105,P00454,Contributor,2024-03-07,2024-03-21,1,6.7,7.3,7.2
E00105,P00526,Contributor,2025-05-11,2025-06-09,1,5.5,5.2,6.6
E00105,P00528,Contributor,2024-01-23,2024-01-29,1,8.3,9.6,8.0
E00105,P00546,Contributor,2024-09-30,2024-10-08,1,7.5,8.8,7.6
E00105,P00599,Contributor,2024-06-05,2024-06-17,1,5.5,5.0,6.6
E00105,P00608,Contributor,2025-11-13,2025-11-23,1,6.6,7.9,7.2
E00105,P00624,Contributor,2025-03-19,2025-03-26,1,5.8,5.0,6.8
E00105,P00631,Contributor,2024-05-06,2024-05-16,1,7.4,8.2,7.6
E00105,P00658,Contributor,2025-12-19,2025-12-26,1,5.9,6.7,6.8
E00105,P00660,Contributor,2024-04-08,2024-04-12,1,6.9,7.3,7.4
E00105,P00664,Contributor,2024-12-21,2024-12-27,1,7.2,8.5,7.5
E00105,P00682,Contributor,2023-07-09,2023-07-16,1,5.5,6.0,6.6
E00105,P00708,Contributor,2026-03-11,2026-03-24,1,6.1,5.9,7.0
E00105,P00713,Contributor,2024-08-29,2024-08-31,1,6.4,7.3,7.1
E00105,P00747,Contributor,2023-10-16,2023-11-06,1,5.5,5.1,6.6
E00105,P00780,Contributor,2026-01-15,2026-01-26,1,5.5,5.0,6.6
E00105,P00798,Contributor,2023-07-08,2023-07-12,1,7.0,7.5,7.4
E00105,P00803,Contributor,2026-03-19,2026-02-25,1,6.6,7.9,7.2
E00105,P00850,Contributor,2025-05-19,2025-05-29,1,6.6,6.3,7.2
E00105,P00876,Contributor,2025-08-02,2025-08-04,1,8.2,8.0,8.0
E00105,P00890,Contributor,2024-06-01,2024-06-16,1,5.5,5.0,6.6
E00105,P00892,Contributor,2025-06-05,2025-06-15,1,5.5,5.0,6.6
E00106,P00015,Contributor,2025-11-11,2025-11-25,1,7.9,8.8,8.2
E00106,P00067,Contributor,2025-06-12,2025-06-18,1,6.4,7.6,7.4
E00106,P00092,Contributor,2026-04-26,2026-05-09,1,6.4,7.5,7.4
E00106,P00148,Contributor,2024-12-16,2024-12-27,1,6.9,8.3,7.6
E00106,P00189,Contributor,2024-09-04,2024-09-18,1,7.5,8.2,8.0
E00106,P00219,Contributor,2024-11-15,2024-11-21,1,5.5,5.0,7.0
E00106,P00222,Contributor,2023-07-25,2023-08-04,1,6.4,7.7,7.4
E00106,P00225,Contributor,2026-02-15,2026-04-03,2,6.0,5.0,7.2
E00106,P00238,Contributor,2024-03-05,2024-03-15,1,6.1,7.4,7.2
E00106,P00252,Contributor,2025-05-05,2025-05-20,1,5.8,5.9,7.1
E00106,P00277,Contributor,2025-09-15,2026-01-08,2,6.9,6.5,7.6
E00106,P00283,Contributor,2026-04-22,2026-04-24,1,8.0,9.3,8.2
E00106,P00335,Contributor,2024-10-05,2024-10-22,1,5.5,5.0,7.0
E00106,P00368,Contributor,2026-02-08,2026-02-14,1,6.5,5.5,7.4
E00106,P00383,Contributor,2023-09-13,2023-09-16,1,5.5,5.0,7.0
E00106,P00459,Contributor,2025-03-24,2025-03-31,1,5.5,5.0,7.0
E00106,P00486,Contributor,2023-03-10,2023-03-23,1,7.5,8.1,8.0
E00106,P00572,Contributor,2023-11-23,2023-12-07,1,7.0,7.9,7.7
E00106,P00594,Contributor,2024-03-01,2024-03-16,1,5.5,5.0,7.0
E00106,P00600,Contributor,2025-06-30,2025-07-10,1,6.0,5.6,7.2
E00106,P00605,Contributor,2025-10-17,2025-10-30,1,7.3,8.5,7.8
E00106,P00633,Contributor,2026-03-22,2026-03-27,1,5.5,5.0,7.0
E00106,P00673,Contributor,2024-03-03,2024-03-07,1,7.2,8.4,7.8
E00106,P00687,Contributor,2024-06-13,2024-06-27,1,5.9,5.7,7.2
E00106,P00724,Contributor,2025-10-05,2025-10-16,1,9.4,9.7,8.9
E00106,P00743,Contributor,2023-12-27,2024-01-06,1,7.4,6.9,7.9
E00106,P00777,Contributor,2025-03-05,2025-03-17,1,6.6,7.8,7.5
E00106,P00846,Contributor,2023-08-28,2023-08-30,1,7.8,9.1,8.1
E00106,P00858,Contributor,2025-10-11,2025-11-20,2,6.4,5.7,7.4
E00106,P00884,Contributor,2023-08-09,2023-08-17,1,8.1,9.4,8.2
E00106,P00892,Contributor,2025-08-05,2025-08-16,1,5.5,5.0,7.0
E00107,P00020,Contributor,2024-04-28,2024-05-01,1,6.4,7.2,8.0
E00107,P00056,Contributor,2026-03-09,2026-03-20,1,6.7,7.8,8.2
E00107,P00095,Contributor,2025-01-26,2025-01-28,1,6.2,6.2,7.9
E00107,P00163,Contributor,2024-11-17,2024-11-30,1,7.2,8.5,8.4
E00107,P00188,Contributor,2026-03-02,2026-03-14,1,5.5,5.0,7.6
E00107,P00193,Contributor,2024-05-02,2024-05-31,1,9.0,9.7,9.3
E00107,P00216,Contributor,2024-12-20,2024-12-29,1,6.5,6.7,8.0
E00107,P00231,Contributor,2025-04-17,2025-05-01,1,5.5,5.0,7.6
E00107,P00240,Contributor,2023-06-19,2023-08-26,2,7.2,7.0,8.4
E00107,P00245,Contributor,2025-12-09,2025-12-23,1,7.2,6.2,8.4
E00107,P00318,Contributor,2024-02-09,2024-02-18,1,7.5,8.5,8.6
E00107,P00369,Contributor,2024-04-20,2024-05-03,1,6.1,6.7,7.8
E00107,P00554,Contributor,2024-09-05,2024-09-19,1,6.4,6.2,8.0
E00107,P00624,Contributor,2025-02-15,2025-03-03,1,7.3,7.6,8.4
E00107,P00668,Contributor,2025-11-14,2025-11-21,1,6.5,5.5,8.0
E00107,P00759,Contributor,2026-03-21,2026-03-25,1,8.8,9.0,9.2
E00107,P00815,Contributor,2025-07-29,2025-08-05,1,6.3,7.6,8.0
E00107,P00846,Contributor,2023-09-04,2023-09-06,1,7.4,8.5,8.5
E00107,P00859,Contributor,2026-04-06,2026-03-13,1,6.5,6.7,8.0
E00107,P00883,Contributor,2026-01-13,2026-02-02,1,8.4,9.7,9.0
E00108,P00037,Contributor,2026-02-03,2026-02-07,1,6.4,6.4,7.3
E00108,P00263,Contributor,2024-04-09,2024-04-11,1,7.6,6.9,7.9
E00108,P00286,Contributor,2026-02-12,2026-02-25,1,7.3,8.6,7.8
E00108,P00472,Contributor,2024-12-16,2024-12-21,1,6.9,8.1,7.6
E00108,P00680,Contributor,2024-03-30,2024-04-09,1,9.7,9.7,9.0
E00108,P00711,Contributor,2024-12-19,2024-12-29,1,6.0,5.0,7.1
E00108,P00792,Contributor,2023-08-23,2023-09-13,1,5.5,5.0,6.8
E00108,P00839,Contributor,2025-11-29,2026-03-25,2,7.7,8.0,8.0
E00109,P00024,Project Team Member,2024-02-02,2024-02-10,1,5.5,5.7,6.8
E00109,P00033,Project Team Member,2024-05-15,2024-05-21,1,8.0,7.9,8.1
E00109,P00035,Project Team Member,2025-08-15,2025-08-20,1,5.5,5.0,6.8
E00109,P00069,Project Team Member,2024-03-02,2024-03-08,1,6.4,6.0,7.3
E00109,P00080,Project Team Member,2026-03-12,2026-03-18,1,6.4,7.3,7.3
E00109,P00084,Project Team Member,2023-02-28,2023-03-06,1,7.8,9.1,8.0
E00109,P00095,Project Team Member,2025-03-03,2025-03-18,1,6.5,7.8,7.4
E00109,P00096,Project Team Member,2025-04-21,2025-04-27,1,8.0,9.4,8.1
E00109,P00102,Project Team Member,2024-05-21,2024-06-02,1,6.5,7.4,7.4
E00109,P00105,Project Team Member,2024-01-18,2024-04-17,2,6.3,6.2,7.2
E00109,P00148,Project Team Member,2023-11-04,2023-11-06,1,6.9,8.3,7.6
E00109,P00149,Project Team Member,2023-04-25,2023-04-28,1,7.0,7.6,7.6
E00109,P00182,Project Team Member,2024-03-12,2024-04-08,1,5.5,5.0,6.8
E00109,P00186,Project Team Member,2026-03-08,2026-03-23,1,6.0,5.8,7.1
E00109,P00207,Project Team Member,2024-07-08,2024-07-29,1,6.3,6.5,7.2
E00109,P00210,Project Team Member,2024-02-14,2024-02-18,1,7.1,7.3,7.6
E00109,P00213,Project Team Member,2023-05-22,2023-06-02,1,7.3,8.6,7.8
E00109,P00221,Project Team Member,2025-10-17,2025-10-27,1,6.3,6.5,7.2
E00109,P00225,Project Team Member,2026-02-06,2026-02-13,1,8.2,9.2,8.2
E00109,P00247,Project Team Member,2025-09-07,2025-09-20,1,7.1,7.7,7.6
E00109,P00249,Project Team Member,2023-09-07,2023-09-22,1,7.0,6.5,7.6
E00109,P00252,Project Team Member,2025-11-06,2025-11-29,1,7.3,8.1,7.8
E00109,P00274,Project Team Member,2025-05-20,2025-05-24,1,7.0,8.3,7.6
E00109,P00292,Project Team Member,2024-05-30,2024-06-24,1,5.8,6.1,7.0
E00109,P00311,Project Team Member,2023-08-27,2023-09-08,1,6.1,6.4,7.2
E00109,P00323,Project Team Member,2025-10-20,2025-10-29,1,5.5,5.0,6.8
E00109,P00327,Project Team Member,2026-01-18,2026-01-24,1,8.1,7.9,8.1
E00109,P00352,Project Team Member,2024-01-10,2024-01-16,1,5.5,5.1,6.8
E00109,P00363,Project Team Member,2026-03-07,2026-02-23,1,5.9,5.2,7.0
E00109,P00370,Project Team Member,2025-04-16,2025-05-07,1,7.6,8.1,7.9
E00109,P00372,Project Team Member,2026-02-01,2026-02-08,1,6.9,7.9,7.6
E00109,P00394,Project Team Member,2024-08-28,2024-09-09,1,5.9,5.6,7.0
E00109,P00404,Project Team Member,2025-08-25,2025-09-04,1,5.9,6.1,7.0
E00109,P00408,Project Team Member,2023-06-14,2023-06-19,1,6.7,7.0,7.4
E00109,P00414,Project Team Member,2026-03-13,2026-03-22,1,5.6,5.9,6.9
E00109,P00420,Project Team Member,2024-03-12,2024-03-20,1,6.5,6.7,7.4
E00109,P00425,Project Team Member,2026-01-27,2026-02-03,1,7.7,9.1,8.0
E00109,P00441,Project Team Member,2026-02-26,2026-03-03,1,7.9,8.5,8.0
E00109,P00447,Project Team Member,2023-11-10,2023-11-17,1,8.3,8.2,8.2
E00109,P00461,Project Team Member,2023-07-09,2023-07-20,1,5.5,5.0,6.8
E00109,P00489,Project Team Member,2024-08-05,2024-08-14,1,7.6,8.5,7.9
E00109,P00490,Project Team Member,2025-09-07,2025-09-17,1,6.3,6.5,7.2
E00109,P00496,Project Team Member,2023-12-11,2023-12-22,1,5.5,5.0,6.8
E00109,P00551,Project Team Member,2023-07-06,2023-07-15,1,5.5,5.0,6.8
E00109,P00592,Project Team Member,2024-12-22,2024-12-29,1,6.5,6.6,7.4
E00109,P00636,Project Team Member,2024-02-07,2024-02-15,1,7.6,6.9,7.9
E00109,P00639,Project Team Member,2024-04-06,2024-04-19,1,6.5,6.6,7.4
E00109,P00640,Project Team Member,2024-05-15,2024-05-25,1,7.0,7.0,7.6
E00109,P00660,Project Team Member,2024-11-02,2024-11-15,1,8.7,9.5,8.4
E00109,P00695,Project Team Member,2023-04-28,2023-05-02,1,8.0,9.3,8.1
E00109,P00723,Project Team Member,2023-08-13,2023-08-18,1,6.8,7.3,7.5
E00109,P00766,Project Team Member,2024-08-11,2024-08-19,1,5.9,5.7,7.0
E00109,P00799,Project Team Member,2024-07-09,2024-09-23,2,6.4,5.9,7.3
E00109,P00805,Project Team Member,2025-03-12,2025-03-24,1,6.3,7.0,7.2
E00109,P00811,Project Team Member,2024-04-16,2024-05-14,2,8.0,8.5,8.1
E00109,P00815,Project Team Member,2025-03-18,2025-04-05,1,6.8,7.5,7.5
E00109,P00821,Project Team Member,2023-12-01,2023-12-11,1,6.9,7.9,7.6
E00109,P00833,Project Team Member,2025-08-17,2025-08-22,1,7.2,7.6,7.7
E00109,P00851,Project Team Member,2023-07-02,2023-07-15,1,7.4,7.3,7.8
E00109,P00854,Project Team Member,2025-06-20,2025-07-04,1,5.5,5.0,6.8
E00109,P00860,Project Team Member,2025-10-05,2025-10-09,1,7.1,8.2,7.6
E00109,P00865,Project Team Member,2023-02-02,2023-02-14,1,5.5,5.0,6.8
E00109,P00886,Project Team Member,2026-04-05,2026-03-05,1,8.6,9.6,8.4
E00109,P00892,Project Team Member,2025-11-05,2025-11-14,1,6.1,5.9,7.2
E00109,P00896,Project Team Member,2024-06-20,2024-06-23,1,9.7,9.7,9.0
E00110,P00020,Contributor,2024-10-11,2024-10-11,1,6.6,8.0,7.3
E00110,P00028,Contributor,2024-05-03,2024-05-19,1,6.9,7.9,7.4
E00110,P00036,Contributor,2023-11-21,2023-12-05,1,8.0,9.3,8.0
E00110,P00045,Contributor,2023-07-08,2023-07-27,1,7.6,8.4,7.8
E00110,P00087,Contributor,2025-10-31,2025-11-06,1,6.0,6.8,7.0
E00110,P00129,Contributor,2026-04-10,2026-04-14,1,5.8,6.8,6.9
E00110,P00145,Contributor,2026-04-06,2026-03-14,1,5.5,5.0,6.8
E00110,P00210,Contributor,2023-10-17,2023-11-03,1,6.2,7.2,7.1
E00110,P00214,Contributor,2025-07-17,2025-07-20,1,5.5,5.0,6.8
E00110,P00220,Contributor,2023-06-30,2023-07-05,1,6.1,6.6,7.0
E00110,P00228,Contributor,2023-06-19,2023-06-30,1,8.0,8.7,8.0
E00110,P00236,Contributor,2025-06-01,2025-06-06,1,6.1,6.2,7.0
E00110,P00287,Contributor,2025-08-11,2025-08-16,1,5.9,6.2,7.0
E00110,P00296,Contributor,2024-10-18,2024-10-31,1,5.5,5.0,6.8
E00110,P00326,Contributor,2026-04-21,2026-04-29,1,8.3,8.8,8.2
E00110,P00337,Contributor,2023-05-30,2023-06-04,1,7.7,9.1,7.8
E00110,P00339,Contributor,2025-10-12,2025-11-02,1,7.3,8.6,7.6
E00110,P00342,Contributor,2026-03-18,2026-03-21,1,9.7,9.7,8.8
E00110,P00381,Contributor,2025-02-12,2025-02-24,1,6.7,7.4,7.4
E00110,P00393,Contributor,2026-01-20,2026-01-23,1,5.5,5.0,6.8
E00110,P00395,Contributor,2026-01-14,2026-01-24,1,7.0,8.3,7.5
E00110,P00476,Contributor,2024-04-10,2024-04-12,1,6.4,6.7,7.2
E00110,P00487,Contributor,2023-07-16,2023-07-27,1,6.9,8.2,7.4
E00110,P00510,Contributor,2026-03-12,2026-03-20,1,7.3,8.2,7.6
E00110,P00521,Contributor,2023-07-07,2023-07-17,1,7.9,9.2,8.0
E00110,P00533,Contributor,2025-08-07,2025-08-22,1,6.6,8.0,7.3
E00110,P00543,Contributor,2023-05-05,2023-05-08,1,7.8,7.4,7.9
E00110,P00553,Contributor,2024-12-25,2024-12-27,1,5.5,5.0,6.8
E00110,P00559,Contributor,2025-08-26,2025-09-08,1,7.2,6.2,7.6
E00110,P00566,Contributor,2025-10-31,2025-11-04,1,6.8,5.8,7.4
E00110,P00596,Contributor,2024-08-28,2024-09-05,1,6.5,5.5,7.2
E00110,P00604,Contributor,2023-09-27,2023-10-01,1,8.4,9.7,8.2
E00110,P00629,Contributor,2025-12-15,2025-12-22,1,6.5,5.5,7.2
E00110,P00641,Contributor,2024-02-24,2024-03-07,1,7.6,8.6,7.8
E00110,P00661,Contributor,2023-06-06,2023-06-15,1,6.4,5.4,7.2
E00110,P00689,Contributor,2026-01-14,2026-03-05,2,7.6,8.1,7.8
E00110,P00736,Contributor,2026-02-20,2026-02-28,1,6.5,5.6,7.2
E00110,P00744,Contributor,2025-02-27,2025-03-09,1,6.2,5.6,7.1
E00110,P00760,Contributor,2023-06-06,2023-06-28,1,8.0,9.4,8.0
E00110,P00767,Contributor,2023-12-13,2023-12-21,1,7.1,7.9,7.6
E00110,P00806,Contributor,2025-10-30,2025-11-12,1,6.0,6.2,7.0
E00110,P00834,Contributor,2024-01-20,2024-01-24,1,5.5,5.4,6.8
E00110,P00837,Contributor,2024-04-27,2024-05-08,1,9.2,9.7,8.6
E00110,P00874,Contributor,2023-10-24,2023-11-09,1,5.6,6.5,6.8
E00110,P00885,Contributor,2024-12-31,2025-01-11,1,7.1,8.5,7.6
E00111,P00092,Contributor,2026-04-26,2026-05-05,1,6.2,5.7,6.2
E00111,P00101,Contributor,2025-06-28,2025-07-04,1,8.1,7.8,7.2
E00111,P00116,Contributor,2025-04-22,2025-04-24,1,5.5,5.3,5.8
E00111,P00129,Contributor,2026-04-10,2026-04-17,1,7.8,9.1,7.0
E00111,P00466,Contributor,2026-01-16,2026-02-09,1,5.5,5.0,5.8
E00111,P00713,Contributor,2024-08-12,2024-09-07,1,7.4,7.5,6.8
E00112,P00017,Project Team Member,2023-07-20,2024-05-31,2,6.0,5.6,7.0
E00112,P00025,Project Team Member,2025-01-29,2025-02-11,1,8.0,8.5,8.0
E00112,P00045,Project Team Member,2023-07-03,2023-07-16,1,5.5,5.0,6.8
E00112,P00051,Project Team Member,2024-07-10,2024-07-24,1,8.0,9.3,8.0
E00112,P00111,Project Team Member,2023-12-01,2023-12-07,1,6.1,6.6,7.0
E00112,P00117,Project Team Member,2026-01-14,2026-01-17,1,6.9,8.2,7.4
E00112,P00122,Project Team Member,2025-04-03,2025-04-08,1,7.2,8.4,7.6
E00112,P00127,Project Team Member,2025-08-20,2025-08-30,1,6.5,7.7,7.2
E00112,P00129,Project Team Member,2026-04-10,2026-04-24,1,5.5,5.0,6.8
E00112,P00132,Project Team Member,2023-12-10,2023-12-24,1,7.9,9.2,8.0
E00112,P00146,Project Team Member,2025-02-26,2025-02-28,1,7.3,8.4,7.6
E00112,P00155,Project Team Member,2023-06-27,2023-07-08,1,5.6,5.0,6.8
E00112,P00174,Project Team Member,2026-04-26,2026-05-01,1,8.7,8.9,8.4
E00112,P00211,Project Team Member,2025-07-30,2025-08-08,1,8.8,9.2,8.4
E00112,P00232,Project Team Member,2023-10-08,2023-10-22,1,6.1,7.1,7.0
E00112,P00273,Project Team Member,2026-03-14,2026-03-24,1,7.3,8.1,7.6
E00112,P00309,Project Team Member,2026-03-11,2026-03-25,1,6.5,6.7,7.2
E00112,P00316,Project Team Member,2023-07-03,2023-07-18,1,5.9,6.8,7.0
E00112,P00326,Project Team Member,2026-04-21,2026-04-23,1,5.5,5.6,6.8
E00112,P00333,Project Team Member,2026-03-06,2026-03-08,1,5.5,5.0,6.8
E00112,P00356,Project Team Member,2025-02-25,2025-03-07,1,8.3,8.9,8.2
E00112,P00357,Project Team Member,2023-04-04,2023-07-03,2,6.5,7.1,7.2
E00112,P00365,Project Team Member,2025-06-28,2025-07-17,1,7.5,8.3,7.8
E00112,P00371,Project Team Member,2025-07-04,2025-07-06,1,8.4,9.7,8.2
E00112,P00426,Project Team Member,2023-10-22,2023-11-04,1,8.5,8.6,8.2
E00112,P00481,Project Team Member,2023-11-06,2023-11-12,1,5.8,5.0,6.9
E00112,P00495,Project Team Member,2025-07-24,2025-08-03,1,5.9,5.5,7.0
E00112,P00505,Project Team Member,2024-03-19,2024-04-03,1,7.8,9.1,7.9
E00112,P00512,Project Team Member,2024-08-08,2024-08-17,1,6.5,7.4,7.2
E00112,P00517,Project Team Member,2024-03-29,2024-04-11,1,8.0,9.3,8.0
E00112,P00526,Project Team Member,2026-02-07,2026-02-24,1,7.7,9.0,7.8
E00112,P00532,Project Team Member,2025-09-25,2025-10-01,1,6.5,6.8,7.2
E00112,P00547,Project Team Member,2023-07-25,2023-08-09,1,9.7,9.7,8.8
E00112,P00557,Project Team Member,2026-03-14,2026-03-18,1,6.8,8.2,7.4
E00112,P00565,Project Team Member,2024-07-04,2024-07-10,1,7.4,8.6,7.7
E00112,P00579,Project Team Member,2024-08-17,2024-08-30,1,7.5,8.7,7.8
E00112,P00609,Project Team Member,2023-03-19,2023-04-01,1,6.8,7.9,7.4
E00112,P00612,Project Team Member,2023-12-02,2023-12-08,1,5.5,5.0,6.8
E00112,P00647,Project Team Member,2025-03-18,2025-03-30,1,7.3,8.5,7.6
E00112,P00656,Project Team Member,2026-01-16,2026-02-03,1,5.5,5.0,6.8
E00112,P00676,Project Team Member,2026-03-05,2026-02-18,1,9.0,9.7,8.5
E00112,P00727,Project Team Member,2024-10-25,2024-10-27,1,6.5,7.9,7.2
E00112,P00789,Project Team Member,2026-04-30,2026-05-03,1,8.5,8.5,8.2
E00112,P00826,Project Team Member,2025-01-30,2025-02-02,1,6.9,8.3,7.4
E00112,P00838,Project Team Member,2024-12-02,2024-12-10,1,6.4,7.4,7.2
E00112,P00840,Project Team Member,2023-06-21,2023-07-01,1,8.0,9.3,8.0
E00112,P00866,Project Team Member,2024-09-12,2024-09-24,1,5.5,5.0,6.8
E00113,P00007,Project Team Member,2025-07-07,2025-07-20,1,7.1,7.5,7.6
E00113,P00053,Project Team Member,2025-01-07,2025-01-13,1,7.3,8.2,7.6
E00113,P00067,Project Team Member,2025-04-22,2025-04-29,1,7.0,7.9,7.5
E00113,P00081,Project Team Member,2024-03-02,2024-03-04,1,8.9,9.6,8.4
E00113,P00087,Project Team Member,2025-07-14,2025-12-10,2,5.5,5.0,6.8
E00113,P00100,Project Team Member,2024-08-20,2024-09-03,1,7.0,7.6,7.5
E00113,P00109,Project Team Member,2023-02-07,2023-07-29,2,8.4,9.2,8.2
E00113,P00138,Project Team Member,2024-10-01,2024-10-06,1,5.9,5.8,7.0
E00113,P00141,Project Team Member,2026-03-16,2026-03-24,1,6.9,7.8,7.4
E00113,P00156,Project Team Member,2023-12-18,2023-12-23,1,9.7,9.7,8.8
E00113,P00161,Project Team Member,2026-02-16,2026-02-27,1,6.7,8.1,7.4
E00113,P00212,Project Team Member,2025-05-26,2025-06-10,1,5.5,5.0,6.8
E00113,P00213,Project Team Member,2023-06-21,2023-06-26,1,6.5,5.5,7.2
E00113,P00220,Project Team Member,2023-07-18,2023-07-30,1,6.3,7.6,7.2
E00113,P00242,Project Team Member,2023-12-06,2023-12-09,1,9.0,9.7,8.5
E00113,P00290,Project Team Member,2025-02-08,2025-02-17,1,6.6,7.5,7.3
E00113,P00324,Project Team Member,2024-09-22,2024-10-05,1,6.8,7.3,7.4
E00113,P00363,Project Team Member,2026-03-07,2026-02-23,1,8.3,9.4,8.2
E00113,P00372,Project Team Member,2026-01-26,2026-02-08,1,7.7,8.7,7.8
E00113,P00391,Project Team Member,2023-12-12,2023-12-26,1,8.0,9.4,8.0
E00113,P00405,Project Team Member,2025-06-02,2025-06-08,1,8.2,8.0,8.1
E00113,P00434,Project Team Member,2025-03-18,2025-03-28,1,6.1,6.0,7.0
E00113,P00469,Project Team Member,2024-05-01,2024-05-07,1,8.0,8.7,8.0
E00113,P00495,Project Team Member,2026-01-05,2026-01-07,1,8.0,9.4,8.0
E00113,P00513,Project Team Member,2026-01-09,2026-01-21,1,5.5,5.0,6.8
E00113,P00534,Project Team Member,2024-02-23,2024-11-22,2,6.4,6.4,7.2
E00113,P00535,Project Team Member,2026-04-19,2026-04-28,1,5.5,5.3,6.8
E00113,P00537,Project Team Member,2024-01-07,2024-01-09,1,6.9,7.3,7.4
E00113,P00553,Project Team Member,2025-04-05,2025-04-17,1,6.9,8.2,7.4
E00113,P00569,Project Team Member,2025-01-27,2025-02-02,1,6.7,7.6,7.4
E00113,P00605,Project Team Member,2025-03-23,2025-04-06,1,7.0,7.5,7.5
E00113,P00657,Project Team Member,2026-02-27,2026-03-10,1,8.0,8.7,8.0
E00113,P00699,Project Team Member,2024-09-05,2024-09-18,1,6.4,6.9,7.2
E00113,P00752,Project Team Member,2025-08-27,2025-09-08,1,9.5,9.7,8.8
E00113,P00868,Project Team Member,2025-07-07,2025-07-21,1,8.0,8.2,8.0
E00113,P00887,Project Team Member,2024-06-30,2024-07-03,1,9.1,9.7,8.6
E00113,P00892,Project Team Member,2025-09-28,2025-10-06,1,5.5,5.0,6.8
E00114,P00061,Coordinator,2023-02-24,2023-03-02,1,5.5,5.0,7.8
E00114,P00100,Coordinator,2024-06-06,2024-06-14,1,5.7,5.3,7.8
E00114,P00138,Coordinator,2024-09-29,2024-10-05,1,5.5,5.0,7.8
E00114,P00179,Coordinator,2026-03-20,2026-04-18,1,6.0,6.2,8.0
E00114,P00182,Coordinator,2023-09-04,2023-09-11,1,5.5,5.0,7.8
E00114,P00240,Coordinator,2023-06-03,2023-06-18,1,5.9,5.8,8.0
E00114,P00269,Coordinator,2024-01-11,2024-01-26,1,5.5,5.0,7.8
E00114,P00270,Coordinator,2025-01-23,2025-01-29,1,9.7,9.7,9.8
E00114,P00274,Coordinator,2024-10-09,2024-10-14,1,5.9,6.4,8.0
E00114,P00285,Coordinator,2023-06-14,2023-06-21,1,5.5,5.0,7.8
E00114,P00307,Coordinator,2024-06-11,2024-06-26,1,7.6,9.0,8.8
E00114,P00310,Coordinator,2023-03-12,2023-03-14,1,7.2,6.2,8.6
E00114,P00320,Coordinator,2024-11-17,2024-11-21,1,6.5,6.2,8.2
E00114,P00357,Coordinator,2023-07-06,2023-07-08,1,5.5,5.0,7.8
E00114,P00389,Coordinator,2025-04-10,2025-04-12,1,5.5,5.0,7.8
E00114,P00531,Coordinator,2024-03-13,2024-03-25,1,7.1,7.8,8.6
E00114,P00589,Coordinator,2026-04-01,2026-03-14,1,5.5,5.5,7.8
E00114,P00605,Coordinator,2025-12-01,2025-12-11,1,6.4,7.2,8.2
E00114,P00624,Coordinator,2025-01-16,2025-02-09,2,6.5,6.4,8.2
E00114,P00672,Coordinator,2025-12-27,2025-12-31,1,6.1,6.0,8.0
E00114,P00675,Coordinator,2023-12-10,2023-12-16,1,5.8,5.5,7.9
E00114,P00697,Coordinator,2025-05-26,2025-06-08,1,6.7,7.5,8.4
E00114,P00710,Coordinator,2026-01-06,2026-01-08,1,5.5,5.0,7.8
E00114,P00734,Coordinator,2024-02-18,2024-02-26,1,8.0,9.3,9.0
E00114,P00756,Coordinator,2024-02-12,2024-02-19,1,6.9,8.2,8.4
E00114,P00821,Coordinator,2024-03-06,2024-03-08,1,7.0,8.3,8.5
E00114,P00847,Coordinator,2023-07-28,2023-08-09,1,6.2,7.0,8.1
E00114,P00855,Coordinator,2025-07-15,2025-07-29,1,8.0,9.2,9.0
E00114,P00887,Coordinator,2023-06-06,2023-06-21,1,7.0,8.3,8.5
E00115,P00025,Project Team Member,2025-04-17,2025-04-19,1,8.8,9.2,8.3
E00115,P00049,Project Team Member,2024-09-27,2024-10-10,1,5.5,5.0,6.6
E00115,P00060,Project Team Member,2025-03-31,2025-04-06,1,8.7,9.4,8.2
E00115,P00089,Project Team Member,2025-11-18,2025-12-11,1,5.9,5.6,6.8
E00115,P00119,Project Team Member,2024-08-26,2024-09-10,1,7.3,6.8,7.6
E00115,P00127,Project Team Member,2025-06-23,2025-07-07,1,9.6,9.7,8.7
E00115,P00136,Project Team Member,2024-11-21,2024-12-03,1,5.5,5.0,6.6
E00115,P00163,Project Team Member,2025-02-03,2025-02-14,1,7.9,8.9,7.8
E00115,P00211,Project Team Member,2025-04-09,2025-04-24,1,6.5,7.6,7.2
E00115,P00326,Project Team Member,2026-04-21,2026-04-30,1,8.1,9.1,8.0
E00115,P00337,Project Team Member,2023-09-15,2023-09-20,1,7.3,8.6,7.6
E00115,P00347,Project Team Member,2025-08-23,2025-08-26,1,7.2,6.7,7.5
E00115,P00405,Project Team Member,2025-06-14,2025-07-15,2,6.4,6.2,7.1
E00115,P00406,Project Team Member,2024-02-24,2024-03-07,1,7.8,7.3,7.8
E00115,P00499,Project Team Member,2025-03-23,2025-04-04,1,6.5,7.5,7.2
E00115,P00536,Project Team Member,2024-05-03,2024-05-15,1,7.2,6.2,7.5
E00115,P00544,Project Team Member,2025-01-29,2025-02-12,1,6.5,6.8,7.2
E00115,P00551,Project Team Member,2024-01-18,2024-01-21,1,6.2,6.7,7.0
E00115,P00563,Project Team Member,2023-10-06,2023-11-05,1,6.2,6.9,7.0
E00115,P00573,Project Team Member,2024-07-04,2024-07-12,1,9.0,9.7,8.4
E00115,P00630,Project Team Member,2025-05-15,2025-05-19,1,6.3,6.5,7.0
E00115,P00682,Project Team Member,2024-07-27,2024-08-06,1,8.0,9.3,7.9
E00115,P00703,Project Team Member,2025-04-06,2025-04-10,1,5.8,5.0,6.8
E00115,P00706,Project Team Member,2024-03-05,2024-03-12,1,6.3,6.2,7.0
E00115,P00707,Project Team Member,2024-01-03,2024-01-05,1,5.8,6.0,6.8
E00115,P00761,Project Team Member,2025-12-08,2025-12-15,1,7.8,8.7,7.8
E00115,P00852,Project Team Member,2025-06-11,2025-06-21,1,5.8,5.5,6.8
E00116,P00028,Contributor,2024-12-05,2024-12-12,1,5.9,6.0,7.0
E00116,P00044,Contributor,2024-04-25,2024-05-04,1,6.1,6.0,7.2
E00116,P00069,Contributor,2024-01-30,2024-07-16,2,6.8,7.1,7.5
E00116,P00100,Contributor,2024-09-27,2024-10-06,1,7.1,7.8,7.6
E00116,P00117,Contributor,2026-01-04,2026-01-09,1,6.9,7.9,7.6
E00116,P00157,Contributor,2024-04-18,2024-04-24,1,7.4,8.3,7.8
E00116,P00185,Contributor,2026-02-27,2026-03-03,1,5.8,5.6,7.0
E00116,P00220,Contributor,2023-06-05,2023-06-17,1,6.2,6.2,7.2
E00116,P00233,Contributor,2025-11-30,2025-12-10,1,7.7,8.7,8.0
E00116,P00236,Contributor,2025-05-05,2025-05-13,1,5.5,5.0,6.8
E00116,P00266,Contributor,2023-03-20,2023-03-31,1,5.5,5.0,6.8
E00116,P00281,Contributor,2023-09-20,2023-10-05,1,6.8,8.1,7.5
E00116,P00296,Contributor,2024-12-07,2024-12-09,1,5.5,5.0,6.8
E00116,P00318,Contributor,2024-02-25,2024-03-09,1,8.0,9.4,8.1
E00116,P00324,Contributor,2024-11-07,2024-11-09,1,6.5,7.5,7.4
E00116,P00343,Contributor,2024-03-10,2024-03-12,1,5.6,5.4,6.9
E00116,P00351,Contributor,2024-11-17,2024-11-19,1,7.6,9.0,7.9
E00116,P00352,Contributor,2023-09-22,2023-10-21,1,8.0,9.3,8.1
E00116,P00399,Contributor,2024-03-14,2024-03-24,1,7.9,9.2,8.0
E00116,P00472,Contributor,2025-03-19,2025-03-23,1,8.2,9.4,8.2
E00116,P00520,Contributor,2024-06-07,2024-06-18,1,7.7,9.0,8.0
E00116,P00542,Contributor,2023-04-28,2023-05-15,1,6.8,6.2,7.5
E00116,P00606,Contributor,2023-03-13,2023-03-26,1,8.4,9.7,8.3
E00116,P00653,Contributor,2026-02-22,2026-03-09,1,7.8,8.7,8.0
E00116,P00684,Contributor,2024-02-25,2024-10-05,2,9.5,9.5,8.8
E00116,P00694,Contributor,2024-04-14,2024-04-23,1,7.8,9.1,8.0
E00116,P00792,Contributor,2023-11-16,2023-11-24,1,7.4,8.3,7.8
E00116,P00794,Contributor,2024-10-05,2024-10-13,1,9.0,9.7,8.6
E00116,P00795,Contributor,2024-05-19,2024-05-25,1,7.2,8.5,7.7
E00116,P00812,Contributor,2023-10-30,2023-11-02,1,7.3,8.4,7.8
E00116,P00838,Contributor,2024-09-30,2024-10-04,1,5.5,5.0,6.8
E00116,P00897,Contributor,2024-11-30,2024-12-06,1,6.7,8.1,7.4
E00117,P00003,Project Team Member,2026-02-03,2026-02-18,1,7.5,8.3,7.8
E00117,P00005,Project Team Member,2024-04-17,2024-04-22,1,7.6,8.3,7.8
E00117,P00024,Project Team Member,2023-08-22,2023-08-31,1,6.9,5.9,7.4
E00117,P00028,Project Team Member,2024-07-23,2024-08-07,1,6.7,7.0,7.4
E00117,P00034,Project Team Member,2024-03-28,2024-04-02,1,5.5,5.0,6.8
E00117,P00048,Project Team Member,2025-12-05,2025-12-20,1,5.5,5.0,6.8
E00117,P00049,Project Team Member,2024-06-02,2024-07-14,2,5.5,5.0,6.8
E00117,P00057,Project Team Member,2023-06-03,2023-06-18,1,5.5,5.0,6.8
E00117,P00090,Project Team Member,2026-03-07,2026-03-23,1,8.4,9.4,8.2
E00117,P00104,Project Team Member,2023-09-14,2023-09-20,1,6.7,7.6,7.4
E00117,P00141,Project Team Member,2025-12-01,2025-12-14,1,6.6,7.8,7.3
E00117,P00191,Project Team Member,2025-08-15,2025-08-21,1,5.5,5.0,6.8
E00117,P00193,Project Team Member,2024-10-03,2024-10-17,1,9.7,9.7,8.8
E00117,P00252,Project Team Member,2025-09-05,2025-09-10,1,5.5,5.0,6.8
E00117,P00270,Project Team Member,2024-11-15,2024-11-22,1,5.5,5.2,6.8
E00117,P00303,Project Team Member,2023-09-01,2023-09-17,1,7.2,8.5,7.6
E00117,P00307,Project Team Member,2024-12-23,2024-12-30,1,7.2,7.9,7.6
E00117,P00331,Project Team Member,2024-10-24,2024-11-02,1,5.5,5.0,6.8
E00117,P00344,Project Team Member,2023-11-20,2023-12-09,1,6.6,7.5,7.3
E00117,P00450,Project Team Member,2025-03-19,2025-03-21,1,6.3,6.4,7.2
E00117,P00459,Project Team Member,2025-04-26,2025-05-18,1,5.8,5.4,6.9
E00117,P00461,Project Team Member,2023-05-31,2023-06-09,1,5.5,5.0,6.8
E00117,P00481,Project Team Member,2023-11-13,2023-11-25,1,7.3,8.6,7.6
E00117,P00551,Project Team Member,2024-01-07,2024-01-15,1,5.5,5.5,6.8
E00117,P00576,Project Team Member,2025-03-08,2025-03-17,1,5.5,5.6,6.8
E00117,P00638,Project Team Member,2026-03-20,2026-03-30,1,7.1,7.2,7.6
E00117,P00686,Project Team Member,2025-02-26,2025-03-09,1,6.3,6.9,7.2
E00117,P00703,Project Team Member,2025-04-17,2025-04-20,1,5.5,5.0,6.8
E00117,P00707,Project Team Member,2024-01-13,2024-01-25,1,8.0,9.4,8.0
E00117,P00798,Project Team Member,2023-05-18,2023-05-29,1,5.5,5.0,6.8
E00117,P00801,Project Team Member,2024-06-15,2024-06-28,1,5.5,5.0,6.8
E00117,P00896,Project Team Member,2024-08-08,2024-08-11,1,8.4,9.7,8.2
E00118,P00004,Coordinator,2024-05-22,2024-05-29,1,7.5,7.9,7.2
E00118,P00012,Coordinator,2025-07-16,2025-07-24,1,5.5,5.0,6.2
E00118,P00042,Coordinator,2023-11-29,2023-12-15,1,7.9,9.2,7.4
E00118,P00110,Coordinator,2024-03-12,2024-03-15,1,7.0,7.1,7.0
E00118,P00116,Coordinator,2025-03-31,2025-04-06,1,7.7,8.3,7.4
E00118,P00141,Coordinator,2026-03-03,2026-03-18,1,8.2,9.2,7.6
E00118,P00163,Coordinator,2024-11-27,2024-12-05,1,6.8,8.1,6.9
E00118,P00178,Coordinator,2026-04-14,2026-04-18,1,7.4,8.2,7.2
E00118,P00197,Coordinator,2026-02-20,2026-02-22,1,6.7,6.5,6.8
E00118,P00213,Coordinator,2023-04-02,2023-04-15,1,5.5,5.2,6.2
E00118,P00256,Coordinator,2025-05-24,2025-06-09,1,8.0,9.3,7.5
E00118,P00257,Coordinator,2023-09-11,2023-10-01,1,5.5,5.0,6.2
E00118,P00259,Coordinator,2025-01-01,2025-01-11,1,6.0,6.4,6.5
E00118,P00260,Coordinator,2026-01-01,2026-01-05,1,8.0,9.3,7.5
E00118,P00268,Coordinator,2024-06-09,2024-06-22,1,7.1,8.4,7.0
E00118,P00273,Coordinator,2026-02-18,2026-02-20,1,5.5,5.0,6.2
E00118,P00282,Coordinator,2023-08-27,2023-09-14,1,6.4,7.1,6.7
E00118,P00285,Coordinator,2023-07-04,2023-07-23,1,7.1,8.0,7.0
E00118,P00304,Coordinator,2025-05-17,2025-05-20,1,5.5,5.0,6.2
E00118,P00309,Coordinator,2026-03-11,2026-04-03,2,6.9,6.5,7.0
E00118,P00312,Coordinator,2024-11-28,2024-12-02,1,8.3,9.5,7.6
E00118,P00324,Coordinator,2024-09-02,2024-09-10,1,6.8,7.2,6.9
E00118,P00345,Coordinator,2024-01-08,2024-01-15,1,6.3,6.7,6.6
E00118,P00346,Coordinator,2026-02-16,2026-02-22,1,5.8,5.8,6.4
E00118,P00349,Coordinator,2023-06-13,2023-07-06,1,7.7,8.9,7.4
E00118,P00357,Coordinator,2023-04-10,2023-04-14,1,7.8,9.0,7.4
E00118,P00381,Coordinator,2026-01-28,2026-01-30,1,7.5,8.4,7.2
E00118,P00386,Coordinator,2023-12-10,2023-12-21,1,7.6,8.8,7.3
E00118,P00406,Coordinator,2025-02-16,2025-02-20,1,7.3,8.7,7.2
E00118,P00414,Coordinator,2026-02-21,2026-03-14,1,7.8,7.5,7.4
E00118,P00417,Coordinator,2024-10-09,2024-10-20,1,5.5,5.0,6.2
E00118,P00429,Coordinator,2025-08-07,2025-08-09,1,7.4,8.4,7.2
E00118,P00450,Coordinator,2024-10-26,2024-11-09,1,7.1,8.4,7.0
E00118,P00501,Coordinator,2025-02-14,2025-02-16,1,5.5,5.0,6.2
E00118,P00511,Coordinator,2026-01-28,2026-02-02,1,6.4,7.7,6.7
E00118,P00533,Coordinator,2025-05-16,2025-05-20,1,6.6,7.1,6.8
E00118,P00552,Coordinator,2026-03-21,2026-04-15,1,6.6,6.8,6.8
E00118,P00556,Coordinator,2024-06-11,2024-06-19,1,6.3,7.1,6.6
E00118,P00561,Coordinator,2024-03-17,2024-03-25,1,6.1,6.3,6.6
E00118,P00571,Coordinator,2024-01-12,2024-02-03,2,8.8,8.4,7.9
E00118,P00602,Coordinator,2024-08-16,2024-09-03,1,6.3,6.9,6.6
E00118,P00615,Coordinator,2024-10-28,2024-10-30,1,6.4,6.5,6.7
E00118,P00621,Coordinator,2024-03-10,2024-03-24,1,7.4,8.2,7.2
E00118,P00623,Coordinator,2023-12-19,2024-01-01,1,5.5,5.0,6.2
E00118,P00644,Coordinator,2025-08-21,2025-09-04,1,5.5,5.0,6.2
E00118,P00684,Coordinator,2024-10-18,2024-10-21,1,5.8,5.0,6.4
E00118,P00686,Coordinator,2025-01-16,2025-05-02,2,7.8,8.6,7.4
E00118,P00773,Coordinator,2025-10-26,2025-11-03,1,5.5,5.0,6.2
E00118,P00776,Coordinator,2024-06-15,2024-06-20,1,5.8,5.4,6.4
E00118,P00778,Coordinator,2024-07-11,2024-08-01,1,6.9,7.8,7.0
E00118,P00785,Coordinator,2025-04-18,2025-04-22,1,5.5,5.0,6.2
E00118,P00800,Coordinator,2026-03-20,2026-03-22,1,7.9,9.2,7.4
E00118,P00803,Coordinator,2026-03-19,2026-02-25,1,6.1,6.8,6.6
E00118,P00814,Coordinator,2024-11-10,2024-11-19,1,7.6,8.6,7.3
E00118,P00815,Coordinator,2025-09-10,2025-09-25,1,7.2,6.2,7.1
E00118,P00823,Coordinator,2024-09-22,2024-09-26,1,6.2,6.7,6.6
E00118,P00839,Coordinator,2025-12-30,2026-01-26,1,5.5,5.0,6.2
E00118,P00845,Coordinator,2026-04-26,2026-05-07,1,5.5,5.0,6.2
E00118,P00875,Coordinator,2025-05-14,2025-05-25,1,5.5,5.0,6.2
E00118,P00890,Coordinator,2024-05-05,2024-05-07,1,7.3,7.7,7.2
E00118,P00900,Coordinator,2025-12-28,2026-01-07,1,8.0,9.3,7.5
E00119,P00005,Coordinator,2024-01-11,2024-01-19,1,5.5,5.1,7.2
E00119,P00020,Coordinator,2024-03-22,2024-04-02,1,6.9,7.7,8.0
E00119,P00042,Coordinator,2024-06-09,2024-06-22,1,7.6,8.7,8.3
E00119,P00069,Coordinator,2024-08-08,2024-08-19,1,7.2,6.2,8.1
E00119,P00080,Coordinator,2026-01-09,2026-01-18,1,7.3,8.2,8.2
E00119,P00088,Coordinator,2025-02-10,2025-02-17,1,5.5,5.0,7.2
E00119,P00093,Coordinator,2024-10-06,2024-10-12,1,5.9,5.2,7.4
E00119,P00105,Coordinator,2024-05-12,2024-05-14,1,5.5,5.6,7.2
E00119,P00123,Coordinator,2025-03-06,2025-03-27,1,7.8,8.9,8.4
E00119,P00134,Coordinator,2026-03-28,2026-04-14,1,6.5,7.5,7.8
E00119,P00139,Coordinator,2025-03-15,2025-03-18,1,5.5,5.0,7.2
E00119,P00142,Coordinator,2024-11-02,2024-11-16,1,7.5,8.8,8.2
E00119,P00161,Coordinator,2025-09-03,2026-01-15,2,7.7,7.5,8.4
E00119,P00183,Coordinator,2024-03-10,2024-03-28,1,5.7,5.3,7.4
E00119,P00192,Coordinator,2024-07-03,2024-07-17,1,6.5,6.6,7.8
E00119,P00267,Coordinator,2024-11-13,2024-11-26,1,5.5,5.0,7.2
E00119,P00272,Coordinator,2026-01-27,2026-02-07,1,6.5,6.7,7.8
E00119,P00302,Coordinator,2024-05-19,2024-05-28,1,6.0,6.1,7.5
E00119,P00380,Coordinator,2023-08-31,2023-09-07,1,6.0,6.2,7.5
E00119,P00392,Coordinator,2023-10-13,2023-10-18,1,7.9,9.3,8.4
E00119,P00395,Coordinator,2025-11-28,2025-12-05,1,5.5,5.0,7.2
E00119,P00407,Coordinator,2024-11-10,2024-11-16,1,5.9,5.2,7.4
E00119,P00423,Coordinator,2026-03-01,2026-03-08,1,7.5,8.8,8.2
E00119,P00428,Coordinator,2025-03-03,2025-03-16,1,8.0,9.3,8.5
E00119,P00460,Coordinator,2025-07-20,2025-08-02,1,7.1,8.5,8.0
E00119,P00461,Coordinator,2023-07-04,2023-07-17,1,7.9,8.8,8.4
E00119,P00506,Coordinator,2023-07-12,2023-08-04,1,7.0,8.0,8.0
E00119,P00507,Coordinator,2025-05-24,2025-06-02,1,5.5,5.0,7.2
E00119,P00513,Coordinator,2025-08-25,2025-09-09,1,7.0,8.1,8.0
E00119,P00526,Coordinator,2025-03-27,2025-12-27,3,7.4,6.9,8.2
E00119,P00534,Coordinator,2024-12-03,2024-12-11,1,7.8,9.1,8.4
E00119,P00542,Coordinator,2023-06-22,2023-07-05,1,6.3,7.6,7.6
E00119,P00566,Coordinator,2025-04-06,2025-04-15,1,9.7,9.7,9.4
E00119,P00589,Coordinator,2026-04-01,2026-03-14,1,8.7,9.7,8.8
E00119,P00598,Coordinator,2023-06-30,2023-07-09,1,8.0,9.4,8.5
E00119,P00641,Coordinator,2024-08-08,2024-08-20,1,5.7,6.2,7.4
E00119,P00651,Coordinator,2025-10-27,2025-11-08,1,8.0,9.4,8.5
E00119,P00660,Coordinator,2024-11-04,2024-11-18,1,7.6,8.5,8.3
E00119,P00669,Coordinator,2024-06-27,2024-07-10,1,6.1,6.5,7.6
E00119,P00676,Coordinator,2026-03-05,2026-02-18,1,8.0,9.3,8.5
E00119,P00753,Coordinator,2023-07-10,2023-07-21,1,7.7,8.5,8.4
E00119,P00833,Coordinator,2025-09-27,2025-10-07,1,8.3,9.3,8.6
E00119,P00874,Coordinator,2023-08-25,2023-09-08,1,6.2,5.2,7.6
E00119,P00894,Coordinator,2025-09-13,2025-09-23,1,7.1,7.6,8.0
E00120,P00016,Project Team Member,2024-10-13,2024-10-23,1,6.1,6.5,7.4
E00120,P00047,Project Team Member,2025-06-18,2025-07-01,1,7.0,7.7,7.8
E00120,P00061,Project Team Member,2023-01-25,2023-02-06,1,5.5,5.0,7.0
E00120,P00097,Project Team Member,2025-06-24,2025-07-18,1,5.5,5.0,7.0
E00120,P00178,Project Team Member,2026-04-14,2026-04-19,1,9.0,9.7,8.8
E00120,P00198,Project Team Member,2024-02-03,2024-02-08,1,7.3,8.6,8.0
E00120,P00254,Project Team Member,2023-09-04,2023-09-18,1,5.5,5.0,7.0
E00120,P00268,Project Team Member,2024-03-05,2024-03-20,1,6.5,7.5,7.6
E00120,P00269,Project Team Member,2024-04-07,2024-04-19,1,5.5,5.0,7.0
E00120,P00302,Project Team Member,2024-08-20,2024-09-04,1,7.7,8.7,8.2
E00120,P00305,Project Team Member,2025-03-21,2025-04-17,1,7.2,8.5,7.9
E00120,P00306,Project Team Member,2025-10-06,2026-02-20,2,7.7,7.9,8.2
E00120,P00319,Project Team Member,2024-07-02,2024-07-06,1,8.1,9.1,8.4
E00120,P00329,Project Team Member,2024-02-13,2024-02-23,1,7.1,8.4,7.8
E00120,P00373,Project Team Member,2025-05-19,2025-05-30,1,8.4,9.7,8.5
E00120,P00411,Project Team Member,2023-10-20,2023-11-01,1,7.9,8.7,8.2
E00120,P00432,Project Team Member,2024-09-01,2024-09-04,1,6.6,7.7,7.6
E00120,P00460,Project Team Member,2025-10-06,2025-11-01,1,7.2,8.4,7.9
E00120,P00511,Project Team Member,2025-05-25,2025-06-08,1,5.5,5.0,7.0
E00120,P00529,Project Team Member,2023-04-14,2023-04-29,1,6.0,5.0,7.3
E00120,P00613,Project Team Member,2026-03-30,2026-04-09,1,8.0,7.8,8.3
E00120,P00656,Project Team Member,2025-04-26,2025-05-03,1,9.4,9.7,9.0
E00120,P00674,Project Team Member,2024-05-05,2024-05-08,1,6.0,6.1,7.3
E00120,P00703,Project Team Member,2025-09-18,2025-10-07,1,5.8,6.1,7.2
E00120,P00711,Project Team Member,2024-10-25,2024-10-29,1,5.5,5.0,7.0
E00120,P00727,Project Team Member,2024-12-05,2024-12-08,1,5.5,5.0,7.0
E00120,P00742,Project Team Member,2024-06-26,2024-06-29,1,6.3,5.8,7.4
E00120,P00747,Project Team Member,2023-08-12,2023-08-18,1,5.9,5.0,7.2
E00120,P00818,Project Team Member,2023-07-09,2023-07-15,1,7.3,8.6,8.0
E00120,P00824,Project Team Member,2023-06-14,2023-06-29,1,7.6,8.2,8.1
E00120,P00834,Project Team Member,2024-01-29,2024-02-11,1,7.4,8.8,8.0
E00120,P00844,Project Team Member,2025-03-08,2025-03-13,1,9.7,9.7,9.1
E00120,P00858,Project Team Member,2025-07-27,2025-07-29,1,5.5,5.0,7.0
E00121,P00003,Project Team Member,2026-03-24,2026-04-05,1,9.7,9.7,9.2
E00121,P00017,Project Team Member,2023-07-25,2023-08-02,1,7.2,8.4,8.0
E00121,P00042,Project Team Member,2024-06-18,2024-06-21,1,5.5,5.0,7.2
E00121,P00072,Project Team Member,2026-03-22,2026-03-30,1,7.4,8.3,8.1
E00121,P00079,Project Team Member,2024-02-15,2024-02-21,1,7.6,8.9,8.2
E00121,P00098,Project Team Member,2025-02-03,2025-02-14,1,9.1,9.7,9.0
E00121,P00099,Project Team Member,2025-03-09,2025-03-22,1,5.5,5.0,7.2
E00121,P00107,Project Team Member,2026-04-16,2026-04-26,1,5.5,5.0,7.2
E00121,P00112,Project Team Member,2026-02-10,2026-02-14,1,5.5,5.9,7.2
E00121,P00114,Project Team Member,2023-09-24,2023-10-03,1,7.4,8.7,8.1
E00121,P00133,Project Team Member,2025-05-24,2025-05-30,1,7.8,9.1,8.3
E00121,P00140,Project Team Member,2024-12-02,2024-12-10,1,6.1,6.6,7.4
E00121,P00155,Project Team Member,2023-07-21,2023-08-16,1,7.0,7.5,7.9
E00121,P00176,Project Team Member,2024-07-08,2024-07-12,1,8.4,9.4,8.6
E00121,P00192,Project Team Member,2023-11-09,2023-11-12,1,7.1,7.7,8.0
E00121,P00193,Project Team Member,2024-09-29,2024-10-07,1,7.8,8.7,8.3
E00121,P00198,Project Team Member,2024-02-08,2024-02-23,1,6.2,6.2,7.5
E00121,P00207,Project Team Member,2024-08-14,2024-08-20,1,5.5,5.0,7.2
E00121,P00212,Project Team Member,2025-07-20,2025-07-28,1,5.5,5.0,7.2
E00121,P00245,Project Team Member,2025-12-08,2025-12-14,1,5.5,5.0,7.2
E00121,P00253,Project Team Member,2024-11-02,2024-11-09,1,7.2,8.6,8.0
E00121,P00255,Project Team Member,2024-10-06,2024-10-21,1,8.0,9.3,8.4
E00121,P00260,Project Team Member,2025-07-29,2025-08-11,1,6.7,5.7,7.8
E00121,P00267,Project Team Member,2025-03-13,2025-03-16,1,7.3,8.1,8.0
E00121,P00309,Project Team Member,2026-02-22,2026-03-09,1,8.4,9.0,8.6
E00121,P00312,Project Team Member,2024-06-16,2024-06-24,1,6.4,6.5,7.6
E00121,P00316,Project Team Member,2023-04-15,2023-04-28,1,6.0,5.7,7.4
E00121,P00321,Project Team Member,2024-01-02,2024-01-09,1,5.5,5.0,7.2
E00121,P00375,Project Team Member,2026-01-01,2026-01-18,1,5.5,5.1,7.2
E00121,P00386,Project Team Member,2023-11-23,2023-11-30,1,9.2,9.7,9.0
E00121,P00397,Project Team Member,2023-09-03,2023-09-13,1,6.0,6.4,7.4
E00121,P00404,Project Team Member,2025-12-23,2026-01-06,1,7.5,8.4,8.2
E00121,P00407,Project Team Member,2024-11-14,2024-11-28,1,5.9,5.2,7.4
E00121,P00417,Project Team Member,2024-12-31,2025-01-03,1,6.2,5.7,7.5
E00121,P00422,Project Team Member,2025-02-03,2025-02-12,1,6.0,6.5,7.4
E00121,P00489,Project Team Member,2024-08-16,2024-08-30,1,7.8,9.0,8.3
E00121,P00496,Project Team Member,2024-07-18,2024-07-22,1,5.5,5.0,7.2
E00121,P00516,Project Team Member,2024-06-10,2024-06-21,1,5.5,5.1,7.2
E00121,P00538,Project Team Member,2025-07-11,2025-08-03,1,7.0,7.7,7.9
E00121,P00547,Project Team Member,2023-12-10,2023-12-12,1,6.4,6.7,7.6
E00121,P00557,Project Team Member,2026-01-26,2026-02-08,1,5.7,6.4,7.2
E00121,P00561,Project Team Member,2024-02-09,2024-02-11,1,5.5,5.0,7.2
E00121,P00562,Project Team Member,2026-04-12,2026-04-19,1,5.5,5.0,7.2
E00121,P00563,Project Team Member,2023-11-16,2023-11-27,1,9.6,9.7,9.2
E00121,P00578,Project Team Member,2026-03-04,2026-03-16,1,7.1,7.7,8.0
E00121,P00585,Project Team Member,2025-05-07,2025-05-17,1,9.7,9.7,9.2
E00121,P00589,Project Team Member,2026-04-01,2026-03-14,1,5.7,5.9,7.2
E00121,P00598,Project Team Member,2023-08-02,2023-08-13,1,5.5,5.0,7.2
E00121,P00611,Project Team Member,2024-07-14,2024-07-24,1,6.8,7.3,7.8
E00121,P00636,Project Team Member,2023-11-02,2023-11-08,1,5.7,5.8,7.2
E00121,P00688,Project Team Member,2023-05-25,2023-06-03,1,7.2,6.4,8.0
E00121,P00723,Project Team Member,2023-03-17,2023-04-04,1,6.9,7.6,7.8
E00121,P00747,Project Team Member,2023-10-25,2023-11-13,1,5.5,5.0,7.2
E00121,P00798,Project Team Member,2023-09-02,2023-09-05,1,6.5,7.9,7.6
E00121,P00846,Project Team Member,2023-06-20,2023-09-06,2,8.1,8.6,8.4
E00121,P00856,Project Team Member,2024-12-26,2025-01-09,1,6.2,6.0,7.5
E00121,P00859,Project Team Member,2026-04-06,2026-03-13,1,7.6,7.0,8.2
E00121,P00879,Project Team Member,2024-08-02,2024-08-05,1,5.6,5.8,7.2
E00121,P00885,Project Team Member,2024-08-25,2024-09-09,1,5.9,5.9,7.4
E00122,P00026,Coordinator,2023-07-30,2023-08-01,1,6.9,7.1,7.0
E00122,P00046,Coordinator,2025-02-03,2025-02-19,1,5.7,6.6,6.4
E00122,P00047,Coordinator,2025-07-19,2025-07-21,1,6.3,5.3,6.8
E00122,P00054,Coordinator,2023-01-18,2023-01-24,1,5.5,5.1,6.4
E00122,P00057,Coordinator,2023-02-27,2023-03-02,1,6.7,5.7,7.0
E00122,P00070,Coordinator,2023-06-23,2023-07-07,1,8.6,8.8,7.9
E00122,P00079,Coordinator,2023-09-28,2023-10-10,1,7.5,8.9,7.4
E00122,P00089,Coordinator,2025-03-06,2025-03-20,1,9.0,9.7,8.1
E00122,P00110,Coordinator,2024-03-30,2024-04-25,1,7.8,8.4,7.5
E00122,P00117,Coordinator,2025-12-30,2026-01-03,1,5.5,5.0,6.4
E00122,P00134,Coordinator,2026-03-28,2026-04-04,1,5.5,5.0,6.4
E00122,P00137,Coordinator,2024-12-15,2024-12-24,1,5.6,5.9,6.4
E00122,P00145,Coordinator,2026-04-06,2026-03-14,1,7.6,9.0,7.4
E00122,P00158,Coordinator,2025-09-15,2025-09-21,1,6.4,6.4,6.8
E00122,P00159,Coordinator,2025-06-23,2025-06-28,1,6.3,6.3,6.8
E00122,P00184,Coordinator,2024-10-27,2024-11-04,1,9.4,9.7,8.3
E00122,P00201,Coordinator,2025-04-30,2025-05-14,1,8.1,8.6,7.6
E00122,P00233,Coordinator,2026-02-11,2026-02-20,1,5.6,5.0,6.4
E00122,P00255,Coordinator,2024-04-15,2024-04-22,1,9.4,9.7,8.3
E00122,P00256,Coordinator,2025-10-28,2025-11-07,1,5.5,5.0,6.4
E00122,P00270,Coordinator,2024-11-03,2024-11-23,1,6.6,7.9,6.9
E00122,P00272,Coordinator,2025-08-03,2025-08-15,1,5.5,5.4,6.4
E00122,P00286,Coordinator,2026-01-15,2026-02-10,1,5.5,5.0,6.4
E00122,P00289,Coordinator,2025-05-19,2025-05-23,1,5.5,5.0,6.4
E00122,P00316,Coordinator,2023-05-23,2023-05-30,1,7.0,8.3,7.1
E00122,P00333,Coordinator,2026-02-16,2026-03-03,1,7.7,7.3,7.4
E00122,P00345,Coordinator,2024-01-02,2024-01-14,1,5.5,5.0,6.4
E00122,P00366,Coordinator,2023-11-26,2023-12-05,1,8.0,9.3,7.6
E00122,P00370,Coordinator,2024-09-25,2025-01-14,2,7.2,7.0,7.2
E00122,P00373,Coordinator,2025-05-16,2025-05-22,1,5.5,5.0,6.4
E00122,P00380,Coordinator,2023-09-12,2023-11-28,2,6.4,5.7,6.8
E00122,P00385,Coordinator,2023-12-04,2023-12-14,1,7.4,8.3,7.3
E00122,P00390,Coordinator,2025-07-18,2025-08-07,1,5.5,5.0,6.4
E00122,P00392,Coordinator,2023-07-31,2023-08-05,1,5.7,5.4,6.4
E00122,P00412,Coordinator,2025-03-01,2025-03-07,1,7.4,8.3,7.3
E00122,P00417,Coordinator,2025-03-11,2025-03-15,1,6.9,7.8,7.0
E00122,P00470,Coordinator,2023-05-04,2023-05-11,1,5.5,5.5,6.4
E00122,P00473,Coordinator,2025-10-23,2025-11-07,1,5.7,5.7,6.4
E00122,P00475,Coordinator,2024-08-15,2024-08-28,1,5.6,5.9,6.4
E00122,P00481,Coordinator,2023-10-30,2023-11-11,1,6.9,7.7,7.0
E00122,P00501,Coordinator,2025-01-31,2025-02-09,1,6.6,8.0,6.9
E00122,P00522,Coordinator,2026-01-22,2026-02-12,1,5.5,5.4,6.4
E00122,P00546,Coordinator,2024-07-22,2024-08-20,1,6.5,7.0,6.8
E00122,P00621,Coordinator,2023-12-18,2023-12-31,1,6.5,7.3,6.8
E00122,P00623,Coordinator,2024-02-05,2024-02-15,1,5.7,5.2,6.4
E00122,P00648,Coordinator,2025-10-11,2025-11-10,1,5.5,5.0,6.4
E00122,P00654,Coordinator,2026-03-16,2026-03-30,1,7.3,8.0,7.2
E00122,P00656,Coordinator,2026-01-14,2026-01-21,1,6.9,8.2,7.0
E00122,P00661,Coordinator,2023-05-23,2023-05-28,1,6.3,7.3,6.8
E00122,P00684,Coordinator,2024-05-26,2024-06-10,1,9.1,9.6,8.2
E00122,P00726,Coordinator,2025-03-24,2025-03-27,1,5.5,6.4,6.4
E00122,P00738,Coordinator,2024-03-16,2024-03-30,1,5.5,5.0,6.4
E00122,P00742,Coordinator,2024-05-05,2024-05-17,1,5.5,5.0,6.4
E00122,P00763,Coordinator,2025-08-28,2025-09-06,1,7.0,8.3,7.1
E00122,P00765,Coordinator,2025-06-21,2025-06-28,1,5.5,5.0,6.4
E00122,P00805,Coordinator,2025-11-10,2025-11-22,1,7.6,7.6,7.4
E00122,P00826,Coordinator,2025-06-12,2025-06-22,1,6.4,7.4,6.8
E00122,P00838,Coordinator,2024-09-29,2024-10-04,1,5.7,5.4,6.4
E00122,P00866,Coordinator,2024-12-20,2024-12-22,1,5.5,5.0,6.4
E00122,P00869,Coordinator,2024-12-06,2024-12-13,1,5.5,5.0,6.4
E00123,P00017,Project Team Member,2024-04-25,2024-05-05,1,7.1,7.9,8.1
E00123,P00144,Project Team Member,2024-04-27,2024-05-07,1,6.1,5.6,7.6
E00123,P00181,Project Team Member,2026-01-25,2026-02-07,1,6.6,7.5,7.9
E00123,P00277,Project Team Member,2025-08-06,2025-08-15,1,6.3,6.3,7.8
E00123,P00292,Project Team Member,2024-07-07,2024-07-18,1,9.3,9.7,9.2
E00123,P00321,Project Team Member,2024-01-04,2024-01-25,1,7.5,8.9,8.4
E00123,P00354,Project Team Member,2025-07-30,2025-08-25,1,6.7,7.6,8.0
E00123,P00371,Project Team Member,2025-04-08,2025-04-23,1,7.0,7.2,8.1
E00123,P00385,Project Team Member,2023-11-05,2023-11-11,1,5.6,5.3,7.4
E00123,P00392,Project Team Member,2023-07-30,2023-08-05,1,5.5,5.0,7.4
E00123,P00402,Project Team Member,2026-03-20,2026-03-26,1,6.4,6.4,7.8
E00123,P00432,Project Team Member,2024-09-25,2024-09-30,1,7.3,8.6,8.2
E00123,P00460,Project Team Member,2026-02-05,2026-02-13,1,6.7,6.2,8.0
E00123,P00499,Project Team Member,2025-03-06,2025-03-11,1,7.2,7.9,8.2
E00123,P00520,Project Team Member,2023-12-06,2023-12-19,1,5.5,5.0,7.4
E00123,P00524,Project Team Member,2024-05-09,2024-05-14,1,8.0,9.3,8.6
E00123,P00546,Project Team Member,2024-08-10,2024-11-27,2,5.5,5.0,7.4
E00123,P00549,Project Team Member,2025-08-08,2025-08-18,1,7.3,6.9,8.2
E00123,P00557,Project Team Member,2026-02-07,2026-02-18,1,5.9,5.2,7.6
E00123,P00572,Project Team Member,2023-12-24,2024-01-11,1,7.4,8.8,8.3
E00123,P00609,Project Team Member,2023-09-14,2023-09-16,1,6.5,6.2,7.8
E00123,P00624,Project Team Member,2025-04-26,2025-05-02,1,6.3,7.2,7.8
E00123,P00674,Project Team Member,2024-06-10,2024-06-20,1,7.6,6.9,8.4
E00123,P00682,Project Team Member,2023-09-21,2023-09-23,1,8.6,9.6,8.9
E00123,P00733,Project Team Member,2023-12-25,2024-03-20,2,7.4,7.5,8.3
E00123,P00743,Project Team Member,2023-11-27,2023-12-05,1,7.3,8.2,8.2
E00123,P00790,Project Team Member,2025-10-26,2025-11-08,1,6.9,7.3,8.0
E00123,P00798,Project Team Member,2023-07-26,2023-08-06,1,7.2,7.5,8.2
E00123,P00821,Project Team Member,2024-01-31,2024-02-11,1,6.9,7.4,8.0
E00123,P00827,Project Team Member,2024-05-17,2024-05-20,1,7.7,8.4,8.4
E00123,P00831,Project Team Member,2025-10-16,2025-10-28,1,6.2,7.0,7.7
E00123,P00842,Project Team Member,2024-11-02,2024-11-07,1,7.5,8.9,8.4
E00123,P00854,Project Team Member,2025-10-22,2025-11-12,1,5.6,5.8,7.4
E00124,P00008,Project Team Member,2025-06-08,2025-06-15,1,8.4,9.7,7.6
E00124,P00011,Project Team Member,2024-05-24,2024-06-03,1,6.2,6.5,6.5
E00124,P00090,Project Team Member,2026-02-11,2026-02-13,1,6.1,6.5,6.4
E00124,P00150,Project Team Member,2023-12-23,2023-12-31,1,6.5,5.5,6.6
E00124,P00180,Project Team Member,2025-04-19,2025-04-28,1,5.5,5.0,6.2
E00124,P00190,Project Team Member,2023-03-30,2023-04-22,1,6.9,7.5,6.8
E00124,P00237,Project Team Member,2025-04-07,2025-04-20,1,7.8,9.1,7.3
E00124,P00256,Project Team Member,2025-07-21,2025-07-29,1,9.7,9.7,8.2
E00124,P00266,Project Team Member,2023-02-25,2023-03-08,1,7.6,8.6,7.2
E00124,P00292,Project Team Member,2024-04-21,2024-04-25,1,6.4,5.7,6.6
E00124,P00306,Project Team Member,2025-11-04,2025-11-08,1,7.5,8.4,7.2
E00124,P00391,Project Team Member,2023-11-27,2023-12-24,1,5.5,5.0,6.2
E00124,P00394,Project Team Member,2024-08-21,2024-08-25,1,6.0,5.7,6.4
E00124,P00423,Project Team Member,2026-02-07,2026-02-09,1,6.9,7.0,6.8
E00124,P00456,Project Team Member,2024-11-03,2024-11-08,1,5.5,5.0,6.2
E00124,P00462,Project Team Member,2025-07-08,2025-07-13,1,5.5,5.0,6.2
E00124,P00481,Project Team Member,2023-11-23,2023-11-30,1,5.5,5.0,6.2
E00124,P00490,Project Team Member,2025-07-17,2025-07-26,1,5.5,5.2,6.2
E00124,P00492,Project Team Member,2024-08-07,2024-08-09,1,6.8,7.9,6.8
E00124,P00504,Project Team Member,2023-03-31,2023-04-09,1,5.6,6.5,6.2
E00124,P00526,Project Team Member,2026-01-21,2026-01-30,1,8.0,9.3,7.4
E00124,P00536,Project Team Member,2024-08-06,2024-08-07,1,7.9,9.2,7.4
E00124,P00540,Project Team Member,2025-02-09,2025-02-14,1,5.8,5.7,6.3
E00124,P00582,Project Team Member,2024-04-08,2024-04-15,1,7.1,6.1,7.0
E00124,P00604,Project Team Member,2023-10-24,2023-11-03,1,5.5,5.0,6.2
E00124,P00610,Project Team Member,2023-12-19,2024-01-01,1,9.1,9.7,8.0
E00124,P00613,Project Team Member,2026-03-30,2026-04-01,1,5.5,5.0,6.2
E00124,P00655,Project Team Member,2026-02-11,2026-02-15,1,7.4,8.3,7.1
E00124,P00658,Project Team Member,2025-11-21,2025-12-02,1,8.0,9.3,7.4
E00124,P00672,Project Team Member,2025-10-28,2025-10-30,1,8.2,9.5,7.5
E00124,P00677,Project Team Member,2025-01-13,2025-01-27,1,6.8,8.2,6.8
E00124,P00683,Project Team Member,2024-12-24,2025-01-01,1,5.8,5.4,6.3
E00124,P00695,Project Team Member,2023-08-28,2023-09-06,1,5.5,5.0,6.2
E00124,P00702,Project Team Member,2024-11-11,2024-11-19,1,6.5,6.6,6.6
E00124,P00748,Project Team Member,2026-02-22,2026-03-02,1,7.3,8.7,7.0
E00124,P00775,Project Team Member,2023-07-16,2023-07-31,1,7.8,7.3,7.3
E00124,P00803,Project Team Member,2026-03-19,2026-02-25,1,5.9,6.2,6.4
E00124,P00828,Project Team Member,2025-12-23,2026-01-03,1,7.3,8.7,7.0
E00124,P00836,Project Team Member,2026-03-23,2026-04-12,1,7.9,9.2,7.4
E00124,P00886,Project Team Member,2026-04-05,2026-03-05,1,6.5,6.6,6.6
E00125,P00026,Coordinator,2023-10-17,2023-10-22,1,5.5,5.0,7.0
E00125,P00070,Coordinator,2023-08-15,2023-08-21,1,5.5,5.2,7.0
E00125,P00075,Coordinator,2026-04-27,2026-05-02,1,7.9,9.2,8.2
E00125,P00103,Coordinator,2024-05-04,2024-05-31,1,6.2,6.6,7.4
E00125,P00105,Coordinator,2024-04-04,2024-04-09,1,5.9,5.6,7.2
E00125,P00122,Coordinator,2025-05-06,2025-05-18,1,6.2,7.3,7.4
E00125,P00172,Coordinator,2025-08-23,2025-09-06,1,5.8,5.0,7.2
E00125,P00190,Coordinator,2023-08-19,2023-08-23,1,5.5,5.0,7.0
E00125,P00222,Coordinator,2023-04-20,2023-04-27,1,5.5,5.0,7.0
E00125,P00316,Coordinator,2023-07-22,2023-07-24,1,8.0,9.3,8.3
E00125,P00339,Coordinator,2026-01-22,2026-02-01,1,5.6,5.1,7.1
E00125,P00341,Coordinator,2023-06-17,2023-06-30,1,8.1,7.8,8.4
E00125,P00365,Coordinator,2025-06-05,2025-06-25,1,7.0,8.4,7.8
E00125,P00374,Coordinator,2026-02-13,2026-02-27,1,6.1,6.0,7.4
E00125,P00413,Coordinator,2023-11-22,2023-12-06,1,6.9,7.0,7.8
E00125,P00421,Coordinator,2023-10-08,2023-10-12,1,7.6,9.0,8.1
E00125,P00469,Coordinator,2024-03-30,2024-04-14,1,9.3,9.7,9.0
E00125,P00471,Coordinator,2023-05-13,2023-06-04,2,6.6,5.8,7.6
E00125,P00474,Coordinator,2026-03-17,2026-03-30,1,5.5,5.0,7.0
E00125,P00499,Coordinator,2025-10-26,2025-11-10,1,7.1,8.4,7.8
E00125,P00561,Coordinator,2024-02-01,2024-02-04,1,6.2,7.1,7.4
E00125,P00588,Coordinator,2026-03-24,2026-04-01,1,5.5,5.7,7.0
E00125,P00589,Coordinator,2026-04-01,2026-03-14,1,8.6,9.5,8.6
E00125,P00597,Coordinator,2023-12-19,2023-12-23,1,5.5,6.1,7.0
E00125,P00732,Coordinator,2026-04-12,2026-04-26,1,5.5,5.0,7.0
E00125,P00749,Coordinator,2026-03-22,2026-03-31,1,5.5,5.3,7.0
E00125,P00758,Coordinator,2023-07-24,2023-07-29,1,6.7,7.3,7.6
E00125,P00766,Coordinator,2024-08-25,2024-08-30,1,5.5,5.0,7.0
E00125,P00794,Coordinator,2025-04-05,2025-05-04,1,5.7,5.3,7.2
E00125,P00800,Coordinator,2026-02-16,2026-03-01,1,6.2,6.2,7.4
E00125,P00823,Coordinator,2024-12-27,2025-01-09,1,7.8,7.8,8.2
E00125,P00858,Coordinator,2025-08-15,2025-08-21,1,7.7,8.5,8.2
E00125,P00880,Coordinator,2026-03-19,2026-03-28,1,5.5,5.0,7.0
E00125,P00898,Coordinator,2024-06-14,2024-06-19,1,5.5,5.0,7.0
E00126,P00063,Project Team Member,2026-03-22,2026-04-10,1,5.5,5.0,7.8
E00126,P00078,Project Team Member,2024-07-29,2024-08-11,1,5.9,5.6,8.0
E00126,P00081,Project Team Member,2024-10-17,2024-10-30,1,8.6,8.7,9.3
E00126,P00086,Project Team Member,2025-05-31,2025-06-12,1,5.5,5.0,7.8
E00126,P00121,Project Team Member,2024-05-22,2024-06-04,1,6.7,7.0,8.4
E00126,P00153,Project Team Member,2024-07-07,2024-07-17,1,7.0,8.0,8.5
E00126,P00169,Project Team Member,2023-04-04,2023-04-15,1,7.8,9.1,8.9
E00126,P00184,Project Team Member,2025-01-05,2025-01-09,1,6.7,7.7,8.4
E00126,P00188,Project Team Member,2025-12-07,2025-12-09,1,7.1,6.1,8.6
E00126,P00194,Project Team Member,2025-05-01,2025-05-04,1,8.3,9.0,9.2
E00126,P00229,Project Team Member,2026-03-13,2026-03-20,1,8.5,8.6,9.2
E00126,P00242,Project Team Member,2024-09-09,2024-09-20,1,7.2,8.2,8.6
E00126,P00254,Project Team Member,2024-03-27,2024-04-02,1,6.6,7.9,8.3
E00126,P00260,Project Team Member,2025-11-24,2025-12-02,1,6.7,8.1,8.4
E00126,P00294,Project Team Member,2024-03-08,2024-03-18,1,7.0,6.0,8.5
E00126,P00311,Project Team Member,2024-05-20,2024-05-25,1,5.5,5.0,7.8
E00126,P00375,Project Team Member,2025-05-11,2025-05-24,1,7.7,8.8,8.8
E00126,P00379,Project Team Member,2023-09-13,2023-10-13,1,7.1,8.4,8.6
E00126,P00389,Project Team Member,2025-03-12,2025-03-16,1,5.5,5.0,7.8
E00126,P00391,Project Team Member,2024-04-04,2024-04-11,1,7.2,6.2,8.6
E00126,P00411,Project Team Member,2024-02-26,2024-02-28,1,6.4,6.9,8.2
E00126,P00427,Project Team Member,2025-06-24,2025-07-06,1,7.5,8.5,8.8
E00126,P00437,Project Team Member,2024-06-04,2024-07-02,1,5.8,5.0,7.9
E00126,P00439,Project Team Member,2024-03-05,2024-03-28,1,6.3,6.3,8.2
E00126,P00446,Project Team Member,2025-06-19,2025-07-03,1,6.3,7.0,8.2
E00126,P00461,Project Team Member,2023-04-09,2023-04-14,1,7.9,9.2,9.0
E00126,P00541,Project Team Member,2024-05-27,2024-06-06,1,7.9,9.2,9.0
E00126,P00558,Project Team Member,2023-10-08,2023-10-19,1,6.9,8.2,8.4
E00126,P00599,Project Team Member,2024-03-11,2024-03-21,1,6.5,5.5,8.2
E00126,P00618,Project Team Member,2023-05-16,2023-06-02,1,5.6,5.9,7.8
E00126,P00646,Project Team Member,2024-07-14,2024-07-29,1,7.7,8.8,8.8
E00126,P00650,Project Team Member,2024-10-15,2024-10-17,1,6.2,7.3,8.1
E00126,P00671,Project Team Member,2023-11-09,2023-11-18,1,7.3,8.5,8.6
E00126,P00693,Project Team Member,2025-03-26,2025-04-01,1,7.2,8.4,8.6
E00126,P00706,Project Team Member,2023-10-12,2023-10-20,1,5.9,5.7,8.0
E00126,P00717,Project Team Member,2025-11-14,2025-12-11,1,8.0,9.3,9.0
E00126,P00726,Project Team Member,2024-05-25,2024-06-01,1,6.5,5.5,8.2
E00126,P00729,Project Team Member,2023-05-03,2023-05-06,1,6.4,7.0,8.2
E00126,P00750,Project Team Member,2025-12-13,2025-12-23,1,5.9,5.2,8.0
E00126,P00753,Project Team Member,2023-05-25,2023-06-04,1,5.5,5.0,7.8
E00126,P00768,Project Team Member,2023-11-17,2023-11-24,1,6.7,7.6,8.4
E00126,P00772,Project Team Member,2024-04-06,2024-04-16,1,6.8,7.3,8.4
E00126,P00782,Project Team Member,2025-10-23,2025-11-04,1,8.0,9.3,9.0
E00126,P00804,Project Team Member,2024-06-02,2024-06-20,1,5.6,6.0,7.8
E00126,P00817,Project Team Member,2025-08-22,2025-09-13,1,6.6,8.0,8.3
E00126,P00819,Project Team Member,2025-12-19,2025-12-24,1,5.5,5.0,7.8
E00126,P00822,Project Team Member,2025-04-28,2025-05-04,1,6.5,6.8,8.2
E00126,P00824,Project Team Member,2023-09-15,2023-09-22,1,7.8,8.1,8.9
E00126,P00838,Project Team Member,2025-01-14,2025-01-22,1,7.0,8.0,8.5
E00126,P00846,Project Team Member,2023-07-28,2023-08-06,1,5.5,5.0,7.8
E00126,P00866,Project Team Member,2024-06-05,2024-06-18,1,7.4,7.9,8.7
E00127,P00005,Contributor,2024-02-18,2024-03-03,1,6.6,7.2,6.9
E00127,P00008,Contributor,2025-02-12,2025-02-16,1,7.8,9.1,7.5
E00127,P00013,Contributor,2023-06-16,2023-09-29,2,7.0,7.4,7.1
E00127,P00037,Contributor,2025-09-22,2025-09-25,1,5.5,5.0,6.4
E00127,P00062,Contributor,2025-04-29,2025-05-05,1,6.7,7.0,7.0
E00127,P00069,Contributor,2024-03-07,2024-03-11,1,5.5,5.0,6.4
E00127,P00089,Contributor,2024-11-11,2024-11-22,1,7.3,8.3,7.2
E00127,P00112,Contributor,2025-09-07,2025-09-21,1,8.0,9.3,7.6
E00127,P00115,Contributor,2025-07-09,2025-07-17,1,7.0,7.5,7.1
E00127,P00118,Contributor,2025-04-27,2025-05-06,1,8.0,9.3,7.6
E00127,P00139,Contributor,2025-06-13,2025-06-24,1,7.1,7.7,7.2
E00127,P00153,Contributor,2024-08-16,2024-09-07,1,7.5,8.5,7.4
E00127,P00192,Contributor,2024-04-06,2024-04-17,1,8.0,8.6,7.6
E00127,P00200,Contributor,2024-12-05,2025-03-07,2,5.5,5.0,6.4
E00127,P00301,Contributor,2023-09-26,2023-10-10,1,5.5,5.0,6.4
E00127,P00306,Contributor,2025-12-23,2026-01-04,1,7.6,8.9,7.4
E00127,P00311,Contributor,2023-10-14,2023-12-31,2,6.9,6.8,7.0
E00127,P00335,Contributor,2024-11-14,2024-11-22,1,9.6,9.7,8.4
E00127,P00374,Contributor,2025-11-03,2025-11-17,1,5.5,5.0,6.4
E00127,P00378,Contributor,2025-08-02,2025-08-07,1,7.6,8.9,7.4
E00127,P00398,Contributor,2026-03-03,2026-03-17,1,5.5,5.2,6.4
E00127,P00408,Contributor,2023-08-10,2023-08-22,1,7.0,7.5,7.1
E00127,P00409,Contributor,2023-06-29,2023-07-02,1,6.6,7.4,6.9
E00127,P00459,Contributor,2025-03-12,2025-03-25,1,6.6,6.8,6.9
E00127,P00467,Contributor,2025-04-18,2025-04-20,1,6.7,7.0,7.0
E00127,P00469,Contributor,2024-02-06,2024-02-13,1,8.8,9.5,8.0
E00127,P00489,Contributor,2025-04-27,2025-04-28,1,7.0,8.1,7.1
E00127,P00527,Contributor,2025-04-23,2025-05-03,1,6.1,6.0,6.6
E00127,P00528,Contributor,2024-04-15,2024-04-29,1,5.5,5.0,6.4
E00127,P00541,Contributor,2025-01-07,2025-01-30,1,5.5,5.0,6.4
E00127,P00553,Contributor,2024-12-30,2025-01-08,1,5.5,5.0,6.4
E00127,P00574,Contributor,2025-03-08,2025-03-10,1,8.5,9.2,7.8
E00127,P00581,Contributor,2024-02-05,2024-02-07,1,9.3,9.7,8.2
E00127,P00591,Contributor,2023-06-24,2023-07-01,1,5.5,5.7,6.4
E00127,P00601,Contributor,2024-11-05,2024-11-12,1,8.0,9.3,7.6
E00127,P00642,Contributor,2025-01-24,2025-01-29,1,8.2,9.2,7.7
E00127,P00657,Contributor,2026-03-16,2026-03-28,1,5.9,5.2,6.6
E00127,P00683,Contributor,2024-11-16,2024-11-30,1,5.5,5.0,6.4
E00127,P00712,Contributor,2026-03-23,2026-03-26,1,8.6,8.8,7.9
E00127,P00725,Contributor,2026-04-13,2026-04-24,1,6.0,5.7,6.6
E00127,P00785,Contributor,2025-09-30,2025-10-12,1,6.6,7.5,6.9
E00127,P00796,Contributor,2025-08-15,2025-09-05,1,7.9,9.2,7.6
E00127,P00823,Contributor,2024-12-10,2024-12-24,1,5.5,5.7,6.4
E00127,P00830,Contributor,2025-12-24,2025-12-31,1,7.5,8.3,7.4
E00127,P00853,Contributor,2026-03-15,2026-03-16,1,7.9,8.1,7.6
E00127,P00856,Contributor,2025-12-13,2025-12-22,1,7.1,8.3,7.2
E00127,P00857,Contributor,2025-04-24,2025-05-02,1,8.0,8.8,7.6
E00127,P00871,Contributor,2024-12-16,2024-12-30,1,9.4,9.7,8.3
E00128,P00033,Project Team Member,2025-06-16,2025-07-12,1,7.6,8.0,7.5
E00128,P00083,Project Team Member,2023-11-24,2023-11-26,1,5.5,5.0,6.4
E00128,P00095,Project Team Member,2025-03-28,2025-04-01,1,8.9,9.2,8.2
E00128,P00131,Project Team Member,2026-01-24,2026-02-03,1,9.2,9.7,8.3
E00128,P00173,Project Team Member,2025-11-19,2025-11-23,1,8.4,8.5,7.9
E00128,P00175,Project Team Member,2023-10-24,2023-10-30,1,6.6,7.7,7.0
E00128,P00194,Project Team Member,2025-07-20,2025-07-27,1,6.6,7.9,7.0
E00128,P00211,Project Team Member,2025-06-06,2025-06-16,1,7.8,8.7,7.6
E00128,P00219,Project Team Member,2023-12-10,2023-12-14,1,7.4,8.2,7.4
E00128,P00251,Project Team Member,2026-02-25,2026-03-11,1,6.6,6.9,7.0
E00128,P00255,Project Team Member,2025-01-15,2025-01-22,1,5.9,6.6,6.6
E00128,P00266,Project Team Member,2023-03-11,2023-03-21,1,5.5,5.0,6.4
E00128,P00292,Project Team Member,2024-07-21,2024-08-01,1,5.5,5.0,6.4
E00128,P00293,Project Team Member,2024-11-20,2024-12-09,1,5.5,5.0,6.4
E00128,P00306,Project Team Member,2025-10-28,2025-11-12,1,6.5,7.8,7.0
E00128,P00313,Project Team Member,2025-04-30,2025-05-16,1,5.5,5.0,6.4
E00128,P00316,Project Team Member,2023-04-22,2023-04-29,1,5.5,5.0,6.4
E00128,P00331,Project Team Member,2024-10-11,2024-10-16,1,9.3,9.7,8.4
E00128,P00356,Project Team Member,2024-12-02,2024-12-14,1,5.7,6.5,6.6
E00128,P00370,Project Team Member,2024-10-27,2024-11-07,1,6.3,7.5,6.8
E00128,P00384,Project Team Member,2025-09-05,2025-09-19,1,8.5,9.4,8.0
E00128,P00392,Project Team Member,2023-08-07,2023-08-21,1,5.5,5.0,6.4
E00128,P00412,Project Team Member,2024-08-19,2024-08-25,1,5.5,5.0,6.4
E00128,P00419,Project Team Member,2024-05-07,2024-05-09,1,5.5,5.0,6.4
E00128,P00420,Project Team Member,2024-09-11,2024-09-22,1,7.2,6.2,7.3
E00128,P00456,Project Team Member,2025-05-27,2025-06-05,1,5.5,5.0,6.4
E00128,P00459,Project Team Member,2025-04-07,2025-04-09,1,5.5,5.0,6.4
E00128,P00482,Project Team Member,2023-09-28,2023-10-12,1,6.4,6.6,6.9
E00128,P00504,Project Team Member,2023-04-13,2023-05-06,1,6.8,8.2,7.1
E00128,P00510,Project Team Member,2026-03-24,2026-03-27,1,5.5,5.2,6.4
E00128,P00519,Project Team Member,2026-03-19,2026-03-27,1,6.0,5.0,6.7
E00128,P00542,Project Team Member,2023-06-10,2023-06-12,1,6.9,7.8,7.2
E00128,P00545,Project Team Member,2024-05-23,2024-05-27,1,8.2,9.3,7.8
E00128,P00546,Project Team Member,2025-01-08,2025-01-19,1,6.6,7.0,7.0
E00128,P00549,Project Team Member,2025-12-09,2025-12-16,1,5.9,5.6,6.6
E00128,P00626,Project Team Member,2025-11-06,2025-11-09,1,8.6,9.6,8.0
E00128,P00644,Project Team Member,2025-10-01,2025-10-14,1,6.4,6.6,6.9
E00128,P00646,Project Team Member,2024-06-22,2024-06-27,1,5.5,5.0,6.4
E00128,P00660,Project Team Member,2023-08-13,2023-08-21,1,5.5,5.0,6.4
E00128,P00727,Project Team Member,2024-02-03,2024-02-16,1,6.6,7.5,7.0
E00128,P00779,Project Team Member,2023-09-02,2023-09-04,1,8.1,8.7,7.8
E00128,P00794,Project Team Member,2025-04-19,2025-05-02,1,6.3,6.2,6.8
E00128,P00795,Project Team Member,2024-10-05,2024-10-14,1,7.0,8.4,7.2
E00128,P00797,Project Team Member,2024-07-10,2024-07-18,1,6.0,5.8,6.7
E00128,P00824,Project Team Member,2023-07-09,2023-08-06,1,7.9,8.9,7.6
E00128,P00832,Project Team Member,2025-07-23,2025-07-25,1,7.0,7.6,7.2
E00128,P00837,Project Team Member,2024-01-18,2024-01-28,1,8.2,9.0,7.8
E00128,P00870,Project Team Member,2023-06-20,2023-06-29,1,5.5,5.0,6.4
E00128,P00895,Project Team Member,2026-03-21,2026-03-30,1,7.5,8.4,7.4
E00128,P00896,Project Team Member,2024-04-17,2024-05-01,1,6.7,7.8,7.0
E00129,P00014,Project Team Member,2024-03-28,2024-04-06,1,5.5,5.0,6.8
E00129,P00017,Project Team Member,2023-07-17,2023-07-20,1,5.5,5.0,6.8
E00129,P00030,Project Team Member,2024-05-09,2024-05-25,1,6.4,5.8,7.2
E00129,P00036,Project Team Member,2023-12-08,2023-12-12,1,6.1,7.4,7.0
E00129,P00060,Project Team Member,2025-01-17,2025-01-31,1,8.0,9.4,8.0
E00129,P00079,Project Team Member,2023-10-04,2023-10-06,1,7.1,8.0,7.6
E00129,P00080,Project Team Member,2026-02-12,2026-02-15,1,7.5,8.5,7.8
E00129,P00109,Project Team Member,2023-07-27,2023-08-05,1,6.1,7.0,7.0
E00129,P00155,Project Team Member,2023-07-24,2023-08-07,1,7.4,8.6,7.7
E00129,P00167,Project Team Member,2025-06-22,2025-07-05,1,8.7,8.9,8.4
E00129,P00179,Project Team Member,2026-03-19,2026-04-09,1,7.4,8.4,7.7
E00129,P00197,Project Team Member,2026-02-09,2026-02-15,1,6.6,6.7,7.3
E00129,P00225,Project Team Member,2026-02-16,2026-02-28,1,8.8,9.0,8.4
E00129,P00239,Project Team Member,2025-04-29,2025-05-13,1,6.5,7.3,7.2
E00129,P00249,Project Team Member,2023-10-08,2023-10-15,1,6.7,7.7,7.4
E00129,P00252,Project Team Member,2025-10-06,2025-10-11,1,5.8,5.8,6.9
E00129,P00287,Project Team Member,2025-07-22,2025-07-28,1,6.5,7.8,7.2
E00129,P00288,Project Team Member,2024-12-20,2024-12-26,1,5.5,5.0,6.8
E00129,P00291,Project Team Member,2024-08-22,2024-08-24,1,7.8,9.0,7.9
E00129,P00305,Project Team Member,2025-05-21,2025-06-07,2,6.7,6.4,7.4
E00129,P00313,Project Team Member,2025-04-13,2025-04-15,1,7.5,8.0,7.8
E00129,P00326,Project Team Member,2026-04-21,2026-04-28,1,9.1,9.6,8.6
E00129,P00328,Project Team Member,2025-09-19,2025-09-28,1,8.0,9.3,8.0
E00129,P00329,Project Team Member,2023-12-07,2023-12-19,1,7.9,9.2,8.0
E00129,P00371,Project Team Member,2025-06-04,2025-06-11,1,7.5,8.5,7.8
E00129,P00373,Project Team Member,2025-10-26,2025-11-06,1,7.3,8.6,7.6
E00129,P00385,Project Team Member,2024-01-29,2024-02-08,1,5.5,5.0,6.8
E00129,P00464,Project Team Member,2026-04-10,2026-02-27,1,7.3,8.1,7.6
E00129,P00492,Project Team Member,2024-10-06,2024-10-10,1,5.7,6.2,6.8
E00129,P00494,Project Team Member,2024-03-10,2024-03-13,1,5.5,5.0,6.8
E00129,P00497,Project Team Member,2024-06-06,2024-06-15,1,6.2,6.5,7.1
E00129,P00525,Project Team Member,2026-02-14,2026-02-16,1,5.5,5.0,6.8
E00129,P00527,Project Team Member,2025-02-11,2025-02-26,1,6.0,5.9,7.0
E00129,P00542,Project Team Member,2023-12-09,2023-12-17,1,5.5,5.0,6.8
E00129,P00550,Project Team Member,2024-01-06,2024-01-12,1,9.1,9.7,8.6
E00129,P00571,Project Team Member,2023-11-29,2023-12-15,1,7.5,7.1,7.8
E00129,P00594,Project Team Member,2024-03-28,2024-04-05,1,8.5,8.9,8.2
E00129,P00596,Project Team Member,2024-08-21,2024-09-03,1,7.2,7.9,7.6
E00129,P00630,Project Team Member,2025-05-25,2025-05-31,1,5.5,5.0,6.8
E00129,P00631,Project Team Member,2024-01-26,2024-02-07,1,7.2,6.2,7.6
E00129,P00655,Project Team Member,2026-02-09,2026-02-14,1,9.5,9.7,8.8
E00129,P00661,Project Team Member,2023-06-12,2023-06-20,1,7.1,7.2,7.6
E00129,P00675,Project Team Member,2023-11-30,2023-12-13,1,5.5,5.0,6.8
E00129,P00677,Project Team Member,2025-01-29,2025-02-22,1,5.5,5.0,6.8
E00129,P00707,Project Team Member,2024-04-08,2024-04-19,1,6.5,6.7,7.2
E00129,P00734,Project Team Member,2024-05-25,2024-06-07,1,5.5,5.0,6.8
E00129,P00742,Project Team Member,2024-03-09,2024-03-11,1,6.4,7.6,7.2
E00129,P00776,Project Team Member,2024-06-18,2024-06-28,1,6.0,6.6,7.0
E00129,P00799,Project Team Member,2024-06-19,2024-06-25,1,8.0,9.3,8.0
E00129,P00831,Project Team Member,2025-12-07,2026-01-04,1,7.2,7.5,7.6
E00129,P00864,Project Team Member,2024-04-20,2024-05-05,1,8.0,9.3,8.0
E00129,P00878,Project Team Member,2025-12-13,2025-12-20,1,5.5,5.0,6.8
E00130,P00001,Coordinator,2025-04-22,2025-04-27,1,5.5,5.0,6.6
E00130,P00086,Coordinator,2025-06-02,2025-06-15,1,5.5,5.0,6.6
E00130,P00101,Coordinator,2025-04-23,2025-04-26,1,8.0,9.3,7.8
E00130,P00103,Coordinator,2024-10-10,2024-10-17,1,6.9,7.9,7.2
E00130,P00122,Coordinator,2025-03-25,2025-03-29,1,5.5,5.0,6.6
E00130,P00130,Coordinator,2025-11-26,2025-12-02,1,5.5,5.0,6.6
E00130,P00137,Coordinator,2024-10-07,2024-10-16,1,6.5,7.3,7.0
E00130,P00175,Coordinator,2023-09-27,2023-10-11,1,8.0,9.3,7.8
E00130,P00213,Coordinator,2023-04-13,2023-04-19,1,6.8,7.2,7.2
E00130,P00218,Coordinator,2026-01-10,2026-01-13,1,7.3,8.2,7.4
E00130,P00232,Coordinator,2023-10-18,2023-10-27,1,5.5,5.0,6.6
E00130,P00260,Coordinator,2025-12-20,2025-12-29,1,5.9,5.2,6.8
E00130,P00309,Coordinator,2026-02-23,2026-02-25,1,5.9,6.8,6.8
E00130,P00325,Coordinator,2026-04-15,2026-04-30,1,6.8,7.9,7.2
E00130,P00326,Coordinator,2026-04-21,2026-05-02,1,6.3,6.9,7.0
E00130,P00327,Coordinator,2025-12-31,2026-01-08,1,5.5,5.0,6.6
E00130,P00340,Coordinator,2024-04-25,2024-04-28,1,7.9,7.9,7.8
E00130,P00353,Coordinator,2024-09-20,2024-10-02,1,8.0,9.3,7.8
E00130,P00376,Coordinator,2025-12-12,2025-12-14,1,7.4,8.4,7.5
E00130,P00399,Coordinator,2024-01-17,2024-01-27,1,7.0,7.5,7.3
E00130,P00402,Coordinator,2026-03-24,2026-04-02,1,7.5,8.9,7.6
E00130,P00403,Coordinator,2024-07-16,2024-07-29,1,6.1,6.1,6.8
E00130,P00417,Coordinator,2024-12-16,2024-12-31,1,5.9,7.0,6.8
E00130,P00460,Coordinator,2025-12-13,2025-12-24,1,5.8,5.0,6.7
E00130,P00573,Coordinator,2023-09-20,2023-09-25,1,5.5,5.0,6.6
E00130,P00601,Coordinator,2025-02-18,2025-02-28,1,6.5,7.8,7.0
E00130,P00639,Coordinator,2024-03-25,2024-03-31,1,9.7,9.7,8.6
E00130,P00659,Coordinator,2023-07-23,2023-10-22,2,7.0,6.6,7.3
E00130,P00663,Coordinator,2024-11-04,2024-11-12,1,7.0,7.5,7.3
E00130,P00688,Coordinator,2023-03-16,2023-03-31,1,6.9,7.5,7.2
E00130,P00697,Coordinator,2026-02-15,2026-03-01,1,5.5,5.0,6.6
E00130,P00707,Coordinator,2024-03-23,2024-04-07,1,6.8,6.8,7.2
E00130,P00718,Coordinator,2025-07-16,2025-07-20,1,9.2,9.7,8.4
E00130,P00730,Coordinator,2026-03-02,2026-03-17,1,7.0,8.1,7.3
E00130,P00733,Coordinator,2024-05-06,2024-05-07,1,7.0,7.0,7.3
E00130,P00753,Coordinator,2023-06-01,2023-06-03,1,6.8,8.2,7.2
E00130,P00804,Coordinator,2024-07-22,2024-07-25,1,5.5,5.0,6.6
E00130,P00813,Coordinator,2024-01-16,2024-01-20,1,6.9,6.4,7.2
E00130,P00846,Coordinator,2023-06-07,2023-06-16,1,7.5,8.0,7.6
E00130,P00850,Coordinator,2025-06-30,2025-07-14,1,8.4,9.4,8.0
E00130,P00866,Coordinator,2024-08-01,2024-08-25,1,6.1,6.2,6.8
E00131,P00002,Project Team Member,2025-12-28,2025-12-31,1,5.8,5.0,6.2
E00131,P00010,Project Team Member,2023-11-17,2023-12-10,1,7.6,8.5,7.1
E00131,P00012,Project Team Member,2025-11-19,2025-11-22,1,7.6,8.1,7.1
E00131,P00014,Project Team Member,2024-03-31,2024-04-05,1,8.4,9.7,7.5
E00131,P00059,Project Team Member,2024-02-05,2024-02-19,1,5.5,5.0,6.0
E00131,P00118,Project Team Member,2025-03-15,2025-03-29,1,8.0,9.0,7.3
E00131,P00123,Project Team Member,2024-09-25,2024-10-05,1,5.5,5.0,6.0
E00131,P00127,Project Team Member,2025-03-17,2025-03-30,1,9.0,9.4,7.8
E00131,P00131,Project Team Member,2026-03-07,2026-03-13,1,7.1,8.0,6.8
E00131,P00142,Project Team Member,2024-06-12,2024-06-18,1,8.0,9.3,7.3
E00131,P00149,Project Team Member,2023-09-19,2023-09-23,1,5.9,7.3,6.2
E00131,P00155,Project Team Member,2023-05-14,2023-05-17,1,5.5,5.0,6.0
E00131,P00208,Project Team Member,2024-10-25,2024-11-07,1,5.5,5.0,6.0
E00131,P00211,Project Team Member,2025-03-25,2025-04-02,1,5.5,5.0,6.0
E00131,P00215,Project Team Member,2025-09-23,2025-10-03,1,6.1,6.5,6.4
E00131,P00236,Project Team Member,2025-04-25,2025-05-08,1,7.8,7.2,7.2
E00131,P00245,Project Team Member,2025-11-27,2025-12-03,1,5.5,5.0,6.0
E00131,P00250,Project Team Member,2024-07-27,2024-08-08,1,5.5,5.0,6.0
E00131,P00284,Project Team Member,2025-04-17,2025-05-01,1,5.5,5.1,6.0
E00131,P00294,Project Team Member,2024-06-11,2024-06-23,1,7.6,8.7,7.1
E00131,P00299,Project Team Member,2025-06-22,2025-07-06,1,5.5,5.0,6.0
E00131,P00311,Project Team Member,2024-01-26,2024-01-29,1,6.5,6.2,6.6
E00131,P00347,Project Team Member,2026-02-21,2026-02-24,1,7.3,8.5,7.0
E00131,P00348,Project Team Member,2025-11-26,2025-11-30,1,8.6,9.6,7.6
E00131,P00349,Project Team Member,2023-06-29,2023-07-04,1,6.1,6.0,6.4
E00131,P00360,Project Team Member,2025-02-14,2025-02-24,1,5.5,5.0,6.0
E00131,P00404,Project Team Member,2025-07-19,2025-07-24,1,5.5,5.0,6.0
E00131,P00407,Project Team Member,2025-02-02,2025-03-01,1,7.0,7.5,6.8
E00131,P00412,Project Team Member,2025-09-09,2025-09-14,1,6.3,6.7,6.4
E00131,P00440,Project Team Member,2023-08-14,2023-09-11,2,6.7,7.1,6.6
E00131,P00452,Project Team Member,2023-11-23,2023-12-07,1,8.0,9.3,7.3
E00131,P00486,Project Team Member,2023-04-17,2023-04-30,1,6.2,7.6,6.4
E00131,P00492,Project Team Member,2024-04-06,2024-04-18,1,5.9,5.0,6.2
E00131,P00566,Project Team Member,2025-02-08,2025-02-12,1,6.0,5.8,6.3
E00131,P00594,Project Team Member,2024-06-03,2024-06-20,1,5.9,5.2,6.2
E00131,P00659,Project Team Member,2023-06-29,2023-07-03,1,6.3,7.1,6.4
E00131,P00680,Project Team Member,2024-07-04,2024-07-17,1,5.5,5.0,6.0
E00131,P00716,Project Team Member,2023-08-22,2023-09-06,1,5.7,5.9,6.2
E00131,P00728,Project Team Member,2024-06-24,2024-07-03,1,6.0,6.9,6.3
E00131,P00733,Project Team Member,2024-01-05,2024-01-08,1,7.2,7.8,6.9
E00131,P00757,Project Team Member,2025-11-21,2025-11-24,1,9.4,9.7,8.0
E00131,P00824,Project Team Member,2023-07-17,2023-07-20,1,8.1,9.0,7.4
E00131,P00831,Project Team Member,2025-09-08,2025-09-14,1,5.5,5.0,6.0
E00131,P00842,Project Team Member,2024-08-26,2024-08-31,1,6.9,8.0,6.8
E00131,P00851,Project Team Member,2023-04-28,2023-05-21,2,7.1,7.1,6.8
E00131,P00852,Project Team Member,2026-02-21,2026-03-03,1,6.3,7.0,6.4
E00131,P00862,Project Team Member,2026-01-19,2026-01-31,1,7.2,6.2,6.9
E00131,P00889,Project Team Member,2025-01-14,2025-01-16,1,6.3,6.3,6.4
E00132,P00042,Project Team Member,2024-07-16,2024-07-18,1,6.2,6.1,7.1
E00132,P00091,Project Team Member,2026-01-13,2026-01-17,1,7.2,7.9,7.6
E00132,P00123,Project Team Member,2024-07-24,2024-08-02,1,6.4,7.4,7.2
E00132,P00146,Project Team Member,2024-12-25,2025-01-03,1,7.5,8.8,7.8
E00132,P00186,Project Team Member,2026-03-25,2026-04-08,1,6.7,5.7,7.4
E00132,P00195,Project Team Member,2024-03-20,2024-04-04,2,8.7,9.0,8.4
E00132,P00297,Project Team Member,2025-01-26,2025-06-11,2,8.0,8.5,8.0
E00132,P00338,Project Team Member,2023-10-31,2023-11-07,1,7.4,8.5,7.7
E00132,P00353,Project Team Member,2024-11-16,2024-12-03,1,7.6,8.2,7.8
E00132,P00446,Project Team Member,2025-03-15,2025-03-24,1,8.4,9.0,8.2
E00132,P00468,Project Team Member,2023-04-03,2023-04-14,1,5.5,5.0,6.8
E00132,P00507,Project Team Member,2025-04-23,2025-05-08,1,7.6,8.2,7.8
E00132,P00512,Project Team Member,2024-03-22,2024-03-28,1,5.5,5.0,6.8
E00132,P00518,Project Team Member,2023-04-19,2023-05-04,1,5.5,5.0,6.8
E00132,P00532,Project Team Member,2025-07-29,2025-08-13,1,6.6,6.8,7.3
E00132,P00614,Project Team Member,2026-03-24,2026-04-02,1,5.9,5.6,7.0
E00132,P00625,Project Team Member,2025-12-14,2025-12-16,1,6.3,7.1,7.2
E00132,P00758,Project Team Member,2023-12-09,2023-12-13,1,8.6,9.2,8.3
E00132,P00790,Project Team Member,2025-11-04,2025-11-15,1,6.1,5.4,7.0
E00132,P00815,Project Team Member,2025-04-12,2025-04-14,1,8.0,9.3,8.0
E00133,P00223,Project Team Member,2024-11-02,2025-06-12,2,7.6,7.6,7.3
E00133,P00234,Project Team Member,2024-05-30,2024-06-11,1,6.8,5.8,6.9
E00133,P00261,Project Team Member,2024-01-14,2024-01-17,1,5.5,5.0,6.2
E00133,P00309,Project Team Member,2026-03-03,2026-03-08,1,6.0,6.9,6.5
E00133,P00321,Project Team Member,2024-09-22,2024-09-30,1,5.5,5.0,6.2
E00133,P00355,Project Team Member,2024-01-14,2024-01-16,1,5.5,5.0,6.2
E00133,P00360,Project Team Member,2025-04-28,2025-05-08,1,5.5,5.0,6.2
E00133,P00411,Project Team Member,2024-02-20,2024-02-23,1,6.9,7.9,7.0
E00133,P00456,Project Team Member,2025-02-03,2025-02-09,1,6.9,7.4,7.0
E00133,P00478,Project Team Member,2024-09-15,2024-09-29,1,5.5,5.4,6.2
E00133,P00498,Project Team Member,2025-09-25,2025-10-01,1,6.6,6.3,6.8
E00133,P00514,Project Team Member,2024-11-15,2024-11-28,1,5.5,5.0,6.2
E00133,P00536,Project Team Member,2024-04-11,2024-04-24,1,5.5,5.7,6.2
E00133,P00548,Project Team Member,2023-09-02,2023-09-15,1,6.7,7.7,6.8
E00133,P00555,Project Team Member,2024-06-27,2024-06-27,1,5.5,5.0,6.2
E00133,P00584,Project Team Member,2024-04-07,2024-05-02,1,6.8,8.1,6.9
E00133,P00595,Project Team Member,2026-02-14,2026-02-21,1,7.2,6.2,7.1
E00133,P00606,Project Team Member,2024-02-11,2024-02-17,1,5.6,6.0,6.3
E00133,P00615,Project Team Member,2024-08-20,2024-09-04,1,6.1,6.0,6.6
E00133,P00757,Project Team Member,2025-03-10,2025-03-19,1,5.5,5.0,6.2
E00133,P00776,Project Team Member,2024-04-15,2024-04-30,1,7.6,8.7,7.3
E00133,P00893,Project Team Member,2025-12-31,2026-01-02,1,7.8,9.0,7.4
E00133,P00898,Project Team Member,2024-06-05,2024-06-10,1,7.5,8.0,7.2
E00134,P00078,Project Team Member,2024-05-09,2024-05-19,1,5.5,5.0,7.0
E00134,P00084,Project Team Member,2024-01-14,2024-01-17,1,7.7,9.0,8.0
E00134,P00097,Project Team Member,2025-11-28,2025-12-07,1,7.2,8.3,7.8
E00134,P00100,Project Team Member,2024-08-19,2024-09-06,1,8.8,9.7,8.6
E00134,P00126,Project Team Member,2025-11-04,2025-11-12,1,5.5,5.0,7.0
E00134,P00137,Project Team Member,2024-10-12,2024-10-14,1,8.0,9.4,8.2
E00134,P00156,Project Team Member,2023-11-28,2023-11-30,1,5.5,5.0,7.0
E00134,P00159,Project Team Member,2025-07-30,2025-08-11,1,6.2,5.2,7.3
E00134,P00181,Project Team Member,2025-12-01,2025-12-28,1,8.0,9.3,8.2
E00134,P00211,Project Team Member,2025-11-24,2025-11-26,1,5.5,5.3,7.0
E00134,P00244,Project Team Member,2026-04-11,2026-03-02,1,7.6,8.7,8.0
E00134,P00256,Project Team Member,2025-02-16,2025-02-24,1,7.6,9.0,8.0
E00134,P00316,Project Team Member,2023-07-12,2023-07-20,1,6.2,7.1,7.3
E00134,P00347,Project Team Member,2025-12-13,2025-12-25,1,6.5,7.2,7.4
E00134,P00351,Project Team Member,2025-04-10,2025-04-17,1,7.7,8.8,8.0
E00134,P00374,Project Team Member,2025-09-18,2025-09-29,1,7.3,8.6,7.8
E00134,P00377,Project Team Member,2024-05-23,2024-06-02,1,7.8,8.5,8.1
E00134,P00381,Project Team Member,2025-03-07,2025-03-09,1,7.2,8.2,7.8
E00134,P00506,Project Team Member,2023-08-31,2023-09-17,1,8.8,9.3,8.6
E00134,P00509,Project Team Member,2026-03-30,2026-02-28,1,5.7,5.2,7.0
E00134,P00537,Project Team Member,2024-06-22,2024-06-24,1,9.7,9.7,9.0
E00134,P00550,Project Team Member,2024-04-27,2024-05-11,1,7.7,9.0,8.0
E00134,P00561,Project Team Member,2023-09-19,2023-09-27,1,5.5,5.0,7.0
E00134,P00570,Project Team Member,2026-01-05,2026-01-07,1,6.9,7.1,7.6
E00134,P00578,Project Team Member,2026-03-21,2026-03-24,1,6.3,6.3,7.4
E00134,P00592,Project Team Member,2025-01-26,2025-02-15,1,6.7,7.0,7.6
E00134,P00655,Project Team Member,2026-03-05,2026-03-14,1,6.8,7.1,7.6
E00134,P00672,Project Team Member,2025-10-25,2025-11-05,1,6.3,5.3,7.4
E00134,P00682,Project Team Member,2023-11-28,2023-12-13,1,5.8,5.4,7.1
E00134,P00718,Project Team Member,2025-12-02,2025-12-17,1,6.2,6.2,7.3
E00134,P00719,Project Team Member,2026-01-06,2026-01-18,1,5.5,5.0,7.0
E00134,P00728,Project Team Member,2024-05-31,2024-06-13,1,6.0,5.8,7.2
E00134,P00732,Project Team Member,2026-04-12,2026-04-15,1,6.5,7.2,7.4
E00134,P00735,Project Team Member,2023-11-09,2023-11-20,1,5.9,5.2,7.2
E00134,P00802,Project Team Member,2024-06-27,2024-07-08,1,8.0,9.4,8.2
E00134,P00828,Project Team Member,2025-07-22,2025-08-29,2,8.4,9.3,8.4
E00134,P00846,Project Team Member,2023-05-23,2023-06-03,1,7.1,8.4,7.8
E00134,P00865,Project Team Member,2023-06-25,2023-06-26,1,6.8,7.8,7.6
E00134,P00876,Project Team Member,2025-09-27,2025-10-11,1,5.5,5.0,7.0
E00135,P00103,Project Team Member,2024-03-11,2024-03-19,1,6.6,8.0,6.9
E00135,P00112,Project Team Member,2025-12-23,2025-12-29,1,7.2,8.0,7.2
E00135,P00124,Project Team Member,2025-09-29,2025-10-14,1,6.9,8.2,7.0
E00135,P00126,Project Team Member,2025-12-13,2025-12-24,1,6.5,6.9,6.8
E00135,P00152,Project Team Member,2026-03-09,2026-03-14,1,5.5,5.3,6.4
E00135,P00239,Project Team Member,2024-12-23,2025-01-03,1,7.2,8.5,7.2
E00135,P00243,Project Team Member,2025-11-17,2025-11-20,1,5.9,6.1,6.6
E00135,P00266,Project Team Member,2023-04-09,2023-04-15,1,6.1,7.4,6.6
E00135,P00270,Project Team Member,2024-04-19,2024-04-22,1,9.7,9.7,8.4
E00135,P00296,Project Team Member,2024-09-22,2024-09-25,1,7.6,8.6,7.4
E00135,P00393,Project Team Member,2026-02-23,2026-02-27,1,7.0,8.3,7.1
E00135,P00407,Project Team Member,2024-07-13,2024-12-01,2,5.6,5.0,6.4
E00135,P00414,Project Team Member,2026-03-22,2026-03-25,1,6.7,8.0,7.0
E00135,P00610,Project Team Member,2024-02-24,2024-03-06,1,8.5,9.4,7.8
E00135,P00621,Project Team Member,2024-01-17,2024-01-22,1,5.5,5.0,6.4
E00135,P00650,Project Team Member,2024-12-17,2024-12-31,1,5.5,5.0,6.4
E00135,P00663,Project Team Member,2025-05-04,2025-05-08,1,6.2,7.2,6.7
E00135,P00720,Project Team Member,2025-02-04,2025-02-07,1,5.5,5.6,6.4
E00135,P00729,Project Team Member,2023-02-13,2023-02-26,1,7.5,8.4,7.4
E00135,P00747,Project Team Member,2024-01-10,2024-01-11,1,7.0,8.3,7.1
E00135,P00786,Project Team Member,2025-09-28,2025-10-01,1,6.2,6.0,6.7
E00135,P00858,Project Team Member,2025-06-27,2025-07-25,1,5.6,5.4,6.4
E00136,P00134,Project Team Member,2026-03-28,2026-04-10,1,7.1,8.4,8.2
E00136,P00216,Project Team Member,2024-10-01,2024-10-15,1,5.5,5.0,7.4
E00136,P00240,Project Team Member,2023-05-31,2023-06-02,1,6.6,7.9,8.0
E00136,P00369,Project Team Member,2023-12-15,2024-01-01,1,6.5,6.7,8.0
E00136,P00491,Project Team Member,2024-06-01,2024-06-03,1,5.8,6.2,7.6
E00136,P00554,Project Team Member,2025-02-22,2025-02-25,1,7.1,8.1,8.2
E00136,P00581,Project Team Member,2024-06-13,2024-06-23,1,6.3,6.5,7.8
E00136,P00651,Project Team Member,2026-02-09,2026-02-28,1,6.2,6.2,7.8
E00136,P00665,Project Team Member,2025-06-17,2025-06-29,1,7.8,9.0,8.6
E00136,P00720,Project Team Member,2024-12-26,2025-01-09,1,8.7,9.7,9.0
E00136,P00746,Project Team Member,2025-12-08,2025-12-22,1,6.7,7.0,8.0
E00136,P00890,Project Team Member,2024-07-07,2024-07-17,1,5.5,5.0,7.4
E00137,P00016,Project Team Member,2024-08-27,2024-08-31,1,6.7,7.7,7.0
E00137,P00046,Project Team Member,2025-07-15,2025-07-15,1,6.4,7.4,6.8
E00137,P00084,Project Team Member,2023-09-06,2023-09-16,1,8.0,9.4,7.6
E00137,P00086,Project Team Member,2025-02-15,2025-03-07,1,7.6,8.6,7.4
E00137,P00098,Project Team Member,2024-10-14,2024-10-17,1,7.1,7.8,7.2
E00137,P00100,Project Team Member,2024-01-11,2024-01-30,1,5.5,5.3,6.4
E00137,P00186,Project Team Member,2026-03-05,2026-03-11,1,7.1,8.4,7.2
E00137,P00269,Project Team Member,2024-03-19,2024-03-24,1,6.3,6.3,6.8
E00137,P00309,Project Team Member,2026-03-02,2026-04-01,2,7.4,7.2,7.3
E00137,P00312,Project Team Member,2025-02-09,2025-02-24,1,6.7,7.6,7.0
E00137,P00322,Project Team Member,2025-03-26,2025-04-08,1,5.9,5.0,6.6
E00137,P00346,Project Team Member,2026-01-14,2026-02-28,2,6.9,7.1,7.0
E00137,P00412,Project Team Member,2025-03-28,2025-04-04,1,7.6,8.1,7.4
E00137,P00419,Project Team Member,2023-12-03,2023-12-17,1,7.2,8.0,7.2
E00137,P00459,Project Team Member,2025-02-12,2025-02-18,1,5.8,6.4,6.5
E00137,P00484,Project Team Member,2025-01-05,2025-01-08,1,6.1,7.0,6.6
E00137,P00509,Project Team Member,2026-03-30,2026-02-28,1,5.5,5.0,6.4
E00137,P00532,Project Team Member,2025-08-12,2025-09-02,1,6.4,7.5,6.8
E00137,P00580,Project Team Member,2025-05-25,2025-06-09,1,5.5,5.0,6.4
E00137,P00637,Project Team Member,2024-12-23,2024-12-29,1,8.0,9.3,7.6
E00137,P00643,Project Team Member,2025-04-18,2025-04-30,1,5.8,5.1,6.5
E00137,P00657,Project Team Member,2026-03-19,2026-04-01,1,7.4,8.8,7.3
E00137,P00672,Project Team Member,2025-11-12,2025-11-19,1,8.2,8.0,7.7
E00137,P00703,Project Team Member,2025-07-11,2025-07-28,1,7.2,8.6,7.2
E00137,P00712,Project Team Member,2026-03-24,2026-04-23,1,9.1,9.6,8.2
E00137,P00735,Project Team Member,2023-11-03,2023-11-14,1,5.5,5.0,6.4
E00137,P00757,Project Team Member,2025-12-09,2026-01-06,1,6.6,7.9,6.9
E00137,P00777,Project Team Member,2025-04-21,2025-05-02,1,5.5,5.0,6.4
E00137,P00846,Project Team Member,2023-08-16,2023-08-23,1,7.6,8.1,7.4
E00137,P00850,Project Team Member,2025-11-22,2025-12-02,1,7.0,6.0,7.1
E00137,P00867,Project Team Member,2024-03-29,2024-04-04,1,6.2,6.1,6.7
E00137,P00876,Project Team Member,2025-09-03,2025-09-08,1,5.5,5.4,6.4
E00137,P00889,Project Team Member,2024-08-03,2024-08-18,1,8.4,8.4,7.8
E00137,P00894,Project Team Member,2025-07-26,2025-08-05,1,5.5,5.0,6.4
E00138,P00002,Project Team Member,2026-03-01,2026-03-14,1,7.7,8.7,7.8
E00138,P00014,Project Team Member,2024-12-16,2024-12-18,1,7.4,8.8,7.6
E00138,P00030,Project Team Member,2024-05-02,2024-05-05,1,6.3,6.8,7.0
E00138,P00036,Project Team Member,2023-11-23,2023-12-07,1,8.2,9.4,8.0
E00138,P00054,Project Team Member,2023-07-07,2023-07-13,1,6.2,6.6,7.0
E00138,P00138,Project Team Member,2024-06-02,2024-06-05,1,7.6,8.6,7.7
E00138,P00175,Project Team Member,2023-07-02,2023-07-09,1,7.4,8.2,7.6
E00138,P00176,Project Team Member,2025-03-15,2025-03-22,1,7.4,8.3,7.6
E00138,P00193,Project Team Member,2024-05-29,2024-06-12,1,5.8,6.0,6.8
E00138,P00212,Project Team Member,2025-07-07,2025-07-20,1,6.4,6.6,7.1
E00138,P00215,Project Team Member,2025-12-14,2025-12-21,1,7.7,8.9,7.8
E00138,P00229,Project Team Member,2026-01-08,2026-01-20,1,7.1,8.2,7.4
E00138,P00239,Project Team Member,2024-08-11,2024-08-24,1,7.0,6.0,7.4
E00138,P00242,Project Team Member,2023-08-13,2023-08-19,1,9.0,9.7,8.4
E00138,P00266,Project Team Member,2023-05-07,2023-05-16,1,8.8,9.7,8.3
E00138,P00295,Project Team Member,2024-03-11,2024-03-24,1,7.0,6.4,7.4
E00138,P00311,Project Team Member,2024-01-19,2024-02-01,1,9.0,9.7,8.4
E00138,P00335,Project Team Member,2024-04-01,2024-04-13,1,6.8,5.8,7.3
E00138,P00411,Project Team Member,2023-10-24,2023-11-06,1,5.5,5.0,6.6
E00138,P00506,Project Team Member,2023-05-19,2023-06-12,1,9.3,9.7,8.6
E00138,P00543,Project Team Member,2023-07-16,2023-07-24,1,7.5,8.8,7.6
E00138,P00567,Project Team Member,2023-11-13,2023-11-21,1,6.8,7.2,7.3
E00138,P00581,Project Team Member,2024-06-17,2024-06-25,1,5.5,5.0,6.6
E00138,P00614,Project Team Member,2026-03-12,2026-03-25,1,9.4,9.7,8.6
E00138,P00631,Project Team Member,2024-07-30,2024-09-11,2,7.1,6.3,7.4
E00138,P00684,Project Team Member,2024-05-12,2024-05-20,1,5.8,6.3,6.8
E00138,P00747,Project Team Member,2023-12-07,2023-12-17,1,6.9,8.3,7.4
E00138,P00798,Project Team Member,2023-08-13,2023-08-18,1,5.5,5.0,6.6
E00138,P00799,Project Team Member,2024-07-22,2024-08-03,1,6.7,7.2,7.2
E00138,P00822,Project Team Member,2025-09-17,2025-09-27,1,8.0,9.3,7.9
E00138,P00826,Project Team Member,2025-03-08,2025-03-18,1,8.0,9.3,7.9
E00138,P00852,Project Team Member,2025-06-21,2025-07-03,1,6.7,7.5,7.2
E00138,P00864,Project Team Member,2024-04-30,2024-05-14,1,6.1,6.3,7.0
E00138,P00870,Project Team Member,2023-09-21,2023-09-28,1,6.4,6.6,7.1
E00138,P00894,Project Team Member,2025-03-15,2025-03-23,1,5.5,5.0,6.6
E00139,P00007,Contributor,2025-01-28,2025-06-24,2,5.9,5.1,7.4
E00139,P00008,Contributor,2025-02-24,2025-03-10,1,5.5,5.0,7.2
E00139,P00044,Contributor,2024-06-12,2024-06-16,1,8.4,9.7,8.6
E00139,P00073,Contributor,2024-02-26,2024-03-09,1,5.5,5.0,7.2
E00139,P00081,Contributor,2024-10-11,2024-10-26,1,6.2,6.7,7.5
E00139,P00083,Contributor,2024-04-03,2024-04-10,1,7.1,8.4,8.0
E00139,P00109,Contributor,2023-02-26,2023-03-02,1,5.8,5.5,7.3
E00139,P00123,Contributor,2024-07-30,2024-08-07,1,7.1,8.2,8.0
E00139,P00143,Contributor,2025-01-14,2025-01-20,1,7.4,8.5,8.1
E00139,P00154,Contributor,2025-03-10,2025-03-14,1,8.0,9.3,8.4
E00139,P00208,Contributor,2024-11-19,2024-12-19,1,8.4,9.7,8.6
E00139,P00219,Contributor,2023-12-06,2023-12-21,1,8.0,9.3,8.4
E00139,P00281,Contributor,2023-08-12,2023-08-17,1,5.5,5.0,7.2
E00139,P00282,Contributor,2023-09-08,2023-09-11,1,6.5,7.4,7.6
E00139,P00297,Contributor,2024-11-27,2024-12-04,1,7.6,8.7,8.2
E00139,P00300,Contributor,2023-08-27,2023-09-09,1,6.9,8.3,7.8
E00139,P00310,Contributor,2023-05-08,2023-05-23,1,5.5,5.0,7.2
E00139,P00320,Contributor,2025-07-29,2025-08-12,1,5.5,5.0,7.2
E00139,P00328,Contributor,2025-09-29,2025-10-07,1,5.5,5.0,7.2
E00139,P00339,Contributor,2026-02-24,2026-03-04,1,8.1,7.8,8.4
E00139,P00365,Contributor,2025-04-09,2025-04-16,1,7.9,9.2,8.4
E00139,P00388,Contributor,2023-05-18,2023-05-21,1,5.5,5.0,7.2
E00139,P00406,Contributor,2023-10-11,2024-05-16,2,6.9,6.7,7.8
E00139,P00464,Contributor,2026-04-10,2026-02-27,1,7.5,8.5,8.2
E00139,P00499,Contributor,2025-11-21,2025-11-25,1,8.4,9.7,8.6
E00139,P00533,Contributor,2025-05-12,2025-05-23,1,7.3,6.6,8.0
E00139,P00568,Contributor,2024-09-03,2024-09-10,1,5.8,6.3,7.3
E00139,P00619,Contributor,2025-01-29,2025-01-29,1,5.5,5.0,7.2
E00139,P00624,Contributor,2025-01-27,2025-04-17,2,6.2,5.3,7.5
E00139,P00665,Contributor,2025-09-10,2025-09-13,1,6.7,7.6,7.8
E00139,P00669,Contributor,2024-03-05,2024-03-28,1,7.7,8.5,8.2
E00139,P00727,Contributor,2024-05-23,2024-06-07,1,5.5,5.0,7.2
E00139,P00743,Contributor,2024-03-17,2024-03-23,1,5.5,5.0,7.2
E00139,P00752,Contributor,2025-09-01,2025-09-10,1,7.3,8.3,8.0
E00139,P00763,Contributor,2026-03-20,2026-03-23,1,6.4,6.9,7.6
E00139,P00794,Contributor,2024-10-10,2024-10-23,1,6.6,6.9,7.7
E00139,P00806,Contributor,2025-08-08,2025-11-09,2,6.1,6.0,7.4
E00139,P00848,Contributor,2025-06-07,2026-01-22,2,6.5,6.5,7.6
E00139,P00857,Contributor,2024-09-06,2024-09-12,1,7.4,7.4,8.1
E00139,P00858,Contributor,2025-06-13,2025-06-27,1,5.5,5.0,7.2
E00139,P00886,Contributor,2026-04-05,2026-03-05,1,6.2,7.5,7.5
E00140,P00009,Project Team Member,2023-06-27,2023-07-06,1,6.3,7.3,6.6
E00140,P00062,Project Team Member,2025-04-24,2025-07-03,2,5.5,5.0,6.2
E00140,P00070,Project Team Member,2023-07-17,2023-07-30,1,7.2,8.5,7.0
E00140,P00101,Project Team Member,2025-07-15,2025-07-26,1,6.7,8.0,6.8
E00140,P00138,Project Team Member,2024-09-06,2024-09-16,1,8.2,9.2,7.5
E00140,P00155,Project Team Member,2023-10-20,2023-10-30,1,5.5,5.0,6.2
E00140,P00164,Project Team Member,2024-05-07,2024-05-15,1,6.6,6.5,6.7
E00140,P00181,Project Team Member,2025-10-19,2025-10-28,1,6.9,8.1,6.8
E00140,P00196,Project Team Member,2026-01-04,2026-01-10,1,6.9,6.4,6.8
E00140,P00217,Project Team Member,2025-04-23,2025-04-26,1,8.0,9.4,7.4
E00140,P00223,Project Team Member,2025-05-09,2025-05-15,1,5.5,5.0,6.2
E00140,P00229,Project Team Member,2026-03-10,2026-04-07,1,5.5,5.0,6.2
E00140,P00287,Project Team Member,2025-10-12,2025-11-03,1,5.5,5.0,6.2
E00140,P00315,Project Team Member,2026-02-01,2026-02-05,1,5.5,5.0,6.2
E00140,P00334,Project Team Member,2025-03-24,2025-03-30,1,6.4,7.0,6.6
E00140,P00337,Project Team Member,2023-07-30,2023-08-24,1,5.5,5.0,6.2
E00140,P00356,Project Team Member,2025-03-30,2025-04-12,1,7.5,7.0,7.2
E00140,P00368,Project Team Member,2026-01-31,2026-02-10,1,7.8,7.2,7.3
E00140,P00371,Project Team Member,2025-02-03,2025-02-08,1,7.4,8.4,7.1
E00140,P00424,Project Team Member,2024-05-10,2024-05-17,1,8.5,8.6,7.6
E00140,P00431,Project Team Member,2025-10-29,2025-11-17,1,6.2,6.2,6.5
E00140,P00470,Project Team Member,2023-07-15,2023-07-28,1,8.0,9.4,7.4
E00140,P00486,Project Team Member,2023-03-13,2023-03-19,1,7.3,8.7,7.0
E00140,P00506,Project Team Member,2023-08-03,2023-08-11,1,7.1,8.5,7.0
E00140,P00528,Project Team Member,2023-11-20,2023-12-01,1,6.4,6.8,6.6
E00140,P00552,Project Team Member,2026-03-01,2026-03-22,1,8.4,9.7,7.6
E00140,P00557,Project Team Member,2026-03-12,2026-03-18,1,5.5,5.0,6.2
E00140,P00567,Project Team Member,2024-08-19,2024-08-22,1,5.5,5.0,6.2
E00140,P00569,Project Team Member,2025-10-26,2025-11-08,1,5.5,5.0,6.2
E00140,P00594,Project Team Member,2024-09-08,2024-09-22,1,5.5,5.0,6.2
E00140,P00627,Project Team Member,2024-02-24,2024-02-27,1,6.5,7.9,6.6
E00140,P00694,Project Team Member,2024-04-18,2024-04-23,1,5.5,5.0,6.2
E00140,P00714,Project Team Member,2024-11-14,2024-11-18,1,6.8,7.6,6.8
E00140,P00772,Project Team Member,2024-02-21,2024-03-07,1,6.5,6.7,6.6
E00140,P00872,Project Team Member,2023-06-03,2023-06-13,1,7.9,8.4,7.4
E00140,P00893,Project Team Member,2025-12-16,2026-02-10,2,6.8,6.4,6.8
E00141,P00014,Project Team Member,2024-10-07,2024-10-14,1,7.8,9.1,8.0
E00141,P00045,Project Team Member,2023-09-13,2023-09-15,1,8.5,9.5,8.4
E00141,P00270,Project Team Member,2024-12-04,2024-12-27,1,5.5,5.2,6.8
E00141,P00277,Project Team Member,2025-12-22,2025-12-28,1,9.0,9.7,8.6
E00141,P00302,Project Team Member,2024-03-28,2024-04-03,1,8.1,7.8,8.1
E00141,P00361,Project Team Member,2025-05-31,2025-06-14,1,8.1,9.1,8.1
E00141,P00371,Project Team Member,2025-06-21,2025-07-03,1,5.5,5.0,6.8
E00141,P00379,Project Team Member,2023-10-09,2023-10-19,1,5.7,5.5,7.0
E00141,P00456,Project Team Member,2025-01-01,2025-01-03,1,7.3,8.5,7.8
E00141,P00643,Project Team Member,2025-09-12,2025-09-18,1,5.5,5.0,6.8
E00141,P00647,Project Team Member,2025-06-14,2025-06-15,1,6.9,6.4,7.6
E00141,P00679,Project Team Member,2026-03-21,2026-02-28,1,5.5,5.0,6.8
E00141,P00735,Project Team Member,2024-05-24,2024-06-23,1,7.0,8.2,7.6
E00141,P00802,Project Team Member,2024-07-19,2024-07-29,1,5.9,5.1,7.0
E00141,P00874,Project Team Member,2024-02-04,2024-03-04,1,5.5,5.0,6.8
E00142,P00005,Project Team Member,2023-11-29,2023-12-07,1,5.7,6.2,7.4
E00142,P00020,Project Team Member,2024-02-19,2024-03-05,1,5.5,5.0,7.4
E00142,P00035,Project Team Member,2025-09-01,2025-09-10,1,7.8,8.9,8.5
E00142,P00098,Project Team Member,2024-12-06,2024-12-16,1,5.5,5.0,7.4
E00142,P00165,Project Team Member,2023-04-03,2023-04-08,1,5.5,5.4,7.4
E00142,P00167,Project Team Member,2025-05-23,2025-06-01,1,5.5,5.0,7.4
E00142,P00217,Project Team Member,2024-11-12,2024-11-27,1,5.5,5.2,7.4
E00142,P00226,Project Team Member,2025-09-27,2025-10-02,1,6.8,7.3,8.0
E00142,P00228,Project Team Member,2023-08-23,2023-08-27,1,7.3,8.6,8.2
E00142,P00238,Project Team Member,2024-04-08,2024-04-15,1,7.3,8.3,8.2
E00142,P00298,Project Team Member,2025-05-29,2025-05-30,1,7.5,8.4,8.4
E00142,P00309,Project Team Member,2026-03-21,2026-03-25,1,6.9,8.2,8.0
E00142,P00349,Project Team Member,2023-05-08,2023-05-21,1,6.0,6.4,7.6
E00142,P00384,Project Team Member,2025-08-29,2025-09-04,1,7.8,7.2,8.5
E00142,P00490,Project Team Member,2025-08-17,2025-10-02,2,7.6,8.2,8.4
E00142,P00536,Project Team Member,2023-07-30,2023-08-03,1,7.2,8.4,8.2
E00142,P00543,Project Team Member,2023-02-24,2023-02-28,1,7.6,8.7,8.4
E00142,P00554,Project Team Member,2025-02-11,2025-02-16,1,7.4,7.9,8.3
E00142,P00555,Project Team Member,2024-06-07,2024-06-18,1,6.6,7.1,7.9
E00142,P00585,Project Team Member,2025-02-02,2025-02-23,1,8.0,9.4,8.6
E00142,P00631,Project Team Member,2024-08-31,2024-09-10,1,7.6,7.0,8.4
E00142,P00633,Project Team Member,2026-03-25,2026-03-29,1,5.5,5.0,7.4
E00142,P00649,Project Team Member,2024-01-23,2024-02-01,1,5.6,5.3,7.4
E00142,P00654,Project Team Member,2026-03-22,2026-03-27,1,5.9,5.2,7.6
E00142,P00659,Project Team Member,2023-09-11,2023-09-29,1,5.5,5.0,7.4
E00142,P00683,Project Team Member,2024-12-19,2024-12-31,1,7.9,8.8,8.6
E00142,P00691,Project Team Member,2024-03-22,2024-04-11,1,5.5,5.0,7.4
E00142,P00696,Project Team Member,2025-09-12,2025-09-24,1,8.3,9.6,8.8
E00142,P00738,Project Team Member,2024-05-23,2024-06-01,1,6.4,6.0,7.8
E00142,P00739,Project Team Member,2025-11-08,2025-11-12,1,5.5,5.6,7.4
E00142,P00795,Project Team Member,2023-10-09,2023-10-22,1,6.1,6.1,7.6
E00142,P00808,Project Team Member,2024-01-29,2024-02-08,1,8.4,9.7,8.8
E00142,P00851,Project Team Member,2023-08-11,2023-08-13,1,5.5,5.0,7.4
E00142,P00892,Project Team Member,2025-05-29,2025-06-13,1,7.9,8.7,8.6
E00143,P00001,Project Team Member,2025-03-07,2025-03-31,1,6.6,7.9,6.6
E00143,P00022,Project Team Member,2025-02-27,2025-03-10,1,6.7,7.9,6.6
E00143,P00023,Project Team Member,2024-03-20,2024-04-15,1,8.0,8.9,7.3
E00143,P00026,Project Team Member,2023-07-10,2023-07-24,1,5.5,5.0,6.0
E00143,P00043,Project Team Member,2024-02-20,2024-02-22,1,7.7,8.3,7.2
E00143,P00046,Project Team Member,2025-07-05,2025-07-15,1,7.8,9.1,7.2
E00143,P00071,Project Team Member,2023-09-19,2023-10-04,1,7.0,8.3,6.8
E00143,P00094,Project Team Member,2026-04-15,2026-04-22,1,7.6,8.6,7.1
E00143,P00162,Project Team Member,2025-12-14,2025-12-20,1,5.5,5.0,6.0
E00143,P00204,Project Team Member,2026-02-16,2026-02-20,1,6.3,7.3,6.4
E00143,P00222,Project Team Member,2023-09-05,2023-09-14,1,7.0,8.1,6.8
E00143,P00284,Project Team Member,2025-02-28,2025-03-15,1,6.7,7.6,6.6
E00143,P00289,Project Team Member,2026-01-26,2026-02-03,1,7.3,8.6,7.0
E00143,P00321,Project Team Member,2023-11-14,2023-11-18,1,9.7,9.7,8.1
E00143,P00328,Project Team Member,2025-02-12,2025-02-16,1,6.7,7.6,6.6
E00143,P00344,Project Team Member,2023-12-07,2023-12-19,1,5.5,5.0,6.0
E00143,P00394,Project Team Member,2024-09-23,2024-09-24,1,6.2,7.5,6.4
E00143,P00399,Project Team Member,2024-11-08,2024-11-12,1,5.5,6.2,6.0
E00143,P00519,Project Team Member,2026-01-12,2026-01-27,1,7.1,8.3,6.8
E00143,P00575,Project Team Member,2025-01-11,2025-01-17,1,6.0,5.8,6.3
E00143,P00581,Project Team Member,2023-09-18,2023-09-22,1,7.7,9.1,7.2
E00143,P00622,Project Team Member,2024-10-20,2024-10-26,1,5.5,5.0,6.0
E00143,P00624,Project Team Member,2025-05-01,2025-05-05,1,5.6,5.4,6.1
E00143,P00643,Project Team Member,2025-07-02,2025-07-07,1,6.4,7.7,6.5
E00143,P00654,Project Team Member,2026-03-11,2026-03-13,1,6.7,6.5,6.6
E00143,P00662,Project Team Member,2025-08-15,2025-08-30,1,5.5,5.0,6.0
E00143,P00704,Project Team Member,2024-12-27,2025-01-04,1,8.3,8.4,7.4
E00143,P00734,Project Team Member,2024-07-01,2024-07-13,1,5.9,6.3,6.2
E00143,P00759,Project Team Member,2026-03-25,2026-04-22,1,9.2,9.7,7.9
E00143,P00782,Project Team Member,2025-12-16,2025-12-18,1,5.5,5.0,6.0
E00143,P00800,Project Team Member,2026-03-16,2026-03-19,1,7.3,7.1,7.0
E00143,P00807,Project Team Member,2023-11-24,2023-12-09,1,5.5,5.0,6.0
E00143,P00808,Project Team Member,2024-04-24,2024-05-08,1,8.0,9.3,7.3
E00144,P00239,Contributor,2025-03-22,2025-04-03,1,8.4,8.9,8.3
E00144,P00477,Contributor,2026-01-03,2026-01-11,1,7.6,8.9,7.9
E00144,P00760,Contributor,2023-05-21,2023-06-03,1,6.7,7.6,7.4
E00144,P00762,Contributor,2025-03-05,2025-03-08,1,7.8,7.3,8.0
E00144,P00770,Contributor,2024-08-14,2024-08-19,1,8.0,7.6,8.1
E00144,P00811,Contributor,2024-07-09,2024-07-19,1,6.9,7.6,7.6
E00144,P00881,Contributor,2023-12-24,2023-12-30,1,5.5,5.0,6.8
E00145,P00003,Project Team Member,2026-03-17,2026-04-10,1,7.7,8.7,8.0
E00145,P00005,Project Team Member,2024-05-20,2024-05-25,1,8.0,7.6,8.1
E00145,P00046,Project Team Member,2025-07-05,2025-07-08,1,6.4,7.4,7.3
E00145,P00053,Project Team Member,2024-10-26,2024-11-10,1,7.8,7.9,8.0
E00145,P00068,Project Team Member,2026-03-03,2026-03-10,1,7.5,8.4,7.8
E00145,P00084,Project Team Member,2023-09-11,2023-09-13,1,6.6,7.7,7.4
E00145,P00146,Project Team Member,2024-07-10,2024-07-21,1,6.9,6.7,7.6
E00145,P00175,Project Team Member,2023-10-14,2023-10-26,2,7.9,8.4,8.0
E00145,P00208,Project Team Member,2025-02-01,2025-02-06,1,5.5,5.0,6.8
E00145,P00253,Project Team Member,2024-08-31,2024-09-05,1,8.0,9.3,8.1
E00145,P00285,Project Team Member,2023-03-29,2023-05-14,2,7.2,7.1,7.7
E00145,P00293,Project Team Member,2024-12-22,2024-12-27,1,7.3,8.5,7.8
E00145,P00414,Project Team Member,2026-02-10,2026-02-16,1,5.5,5.0,6.8
E00145,P00421,Project Team Member,2023-09-23,2023-10-02,1,5.5,5.0,6.8
E00145,P00430,Project Team Member,2025-05-07,2025-05-10,1,6.7,7.6,7.4
E00145,P00434,Project Team Member,2024-08-04,2024-08-08,1,8.3,9.6,8.2
E00145,P00455,Project Team Member,2025-04-26,2025-05-05,1,6.1,7.4,7.2
E00145,P00480,Project Team Member,2024-01-24,2024-02-08,1,5.5,5.0,6.8
E00145,P00545,Project Team Member,2024-07-08,2024-07-18,1,5.5,5.0,6.8
E00145,P00561,Project Team Member,2024-05-14,2024-05-16,1,7.2,6.2,7.7
E00145,P00648,Project Team Member,2026-01-24,2026-02-02,1,9.6,9.7,8.9
E00145,P00665,Project Team Member,2026-02-13,2026-02-23,1,7.7,8.8,8.0
E00145,P00684,Project Team Member,2024-02-20,2024-02-23,1,7.3,8.4,7.8
E00145,P00734,Project Team Member,2023-12-28,2024-03-30,2,5.5,5.0,6.8
E00145,P00779,Project Team Member,2023-03-21,2023-03-26,1,6.0,5.7,7.1
E00145,P00810,Project Team Member,2025-10-22,2025-11-04,1,5.5,5.0,6.8
E00145,P00875,Project Team Member,2025-04-01,2025-04-09,1,6.7,5.7,7.4
E00145,P00879,Project Team Member,2024-11-12,2024-11-18,1,6.6,8.0,7.4
E00145,P00887,Project Team Member,2024-05-19,2024-05-30,1,5.9,6.2,7.0
E00146,P00058,Contributor,2025-05-25,2025-06-05,1,5.7,5.3,7.2
E00146,P00090,Contributor,2025-12-19,2025-12-21,1,8.6,9.6,8.7
E00146,P00092,Contributor,2026-04-26,2026-05-10,1,5.5,5.0,7.2
E00146,P00111,Contributor,2024-05-22,2024-05-31,1,7.4,8.6,8.1
E00146,P00117,Contributor,2026-02-10,2026-02-18,1,7.6,8.7,8.2
E00146,P00118,Contributor,2025-07-02,2025-07-08,1,5.5,5.0,7.2
E00146,P00128,Contributor,2024-01-04,2024-01-24,1,6.8,8.1,7.8
E00146,P00133,Contributor,2024-11-02,2024-11-12,1,5.6,5.0,7.2
E00146,P00215,Contributor,2025-10-23,2025-11-05,1,7.5,8.8,8.2
E00146,P00251,Contributor,2026-02-17,2026-03-02,1,5.5,5.0,7.2
E00146,P00292,Contributor,2023-10-20,2023-11-01,1,5.5,5.0,7.2
E00146,P00321,Contributor,2024-03-05,2024-03-09,1,6.3,7.6,7.6
E00146,P00343,Contributor,2023-11-25,2023-12-16,1,5.5,5.0,7.2
E00146,P00361,Contributor,2025-04-20,2025-04-27,1,5.5,5.0,7.2
E00146,P00382,Contributor,2024-04-04,2024-04-08,1,6.4,7.5,7.6
E00146,P00415,Contributor,2024-05-08,2024-05-10,1,5.7,5.2,7.2
E00146,P00417,Contributor,2024-09-04,2024-09-09,1,7.2,6.2,8.0
E00146,P00420,Contributor,2025-01-09,2025-01-17,1,6.0,5.8,7.4
E00146,P00421,Contributor,2024-03-02,2024-03-15,1,6.0,5.0,7.4
E00146,P00431,Contributor,2026-02-27,2026-03-14,1,9.6,9.7,9.2
E00146,P00432,Contributor,2024-08-11,2024-08-21,1,7.7,7.3,8.2
E00146,P00451,Contributor,2025-07-12,2025-07-27,1,7.5,7.3,8.2
E00146,P00462,Contributor,2025-05-28,2025-06-09,1,5.5,5.0,7.2
E00146,P00475,Contributor,2024-06-17,2024-06-21,1,6.0,6.8,7.4
E00146,P00486,Contributor,2023-02-15,2023-02-26,1,9.0,9.5,8.9
E00146,P00487,Contributor,2023-06-05,2023-06-14,1,6.9,8.3,7.8
E00146,P00490,Contributor,2025-06-20,2025-07-02,1,6.3,6.3,7.6
E00146,P00507,Contributor,2025-03-28,2025-04-09,1,5.5,5.0,7.2
E00146,P00511,Contributor,2025-11-01,2025-11-12,1,6.8,7.5,7.8
E00146,P00534,Contributor,2024-04-01,2024-04-13,1,6.6,7.9,7.7
E00146,P00553,Contributor,2024-12-04,2024-12-22,1,5.6,5.0,7.2
E00146,P00557,Contributor,2026-01-24,2026-02-02,1,6.6,7.9,7.7
E00146,P00579,Contributor,2024-04-01,2024-04-11,1,6.0,6.1,7.4
E00146,P00596,Contributor,2024-11-08,2024-11-10,1,6.0,6.0,7.4
E00146,P00598,Contributor,2023-08-08,2023-08-19,1,5.8,5.0,7.3
E00146,P00599,Contributor,2024-03-26,2024-03-28,1,6.3,6.3,7.6
E00146,P00604,Contributor,2024-05-23,2024-05-26,1,6.8,7.4,7.8
E00146,P00624,Contributor,2025-02-12,2025-03-04,1,6.4,6.1,7.6
E00146,P00644,Contributor,2025-02-04,2025-02-08,1,5.5,5.3,7.2
E00146,P00648,Contributor,2026-03-04,2026-03-11,1,8.0,8.6,8.4
E00146,P00649,Contributor,2024-03-19,2024-03-31,1,5.5,5.0,7.2
E00146,P00659,Contributor,2023-05-27,2023-06-01,1,5.5,5.6,7.2
E00146,P00675,Contributor,2024-01-15,2024-02-02,1,6.1,5.1,7.4
E00146,P00676,Contributor,2026-03-05,2026-02-18,1,7.4,8.3,8.1
E00146,P00687,Contributor,2024-04-12,2024-04-26,1,5.9,5.7,7.4
E00146,P00705,Contributor,2024-09-04,2024-09-13,1,6.5,6.5,7.6
E00146,P00720,Contributor,2025-01-21,2025-02-01,1,8.0,8.4,8.4
E00146,P00729,Contributor,2023-05-30,2023-06-04,1,7.5,7.3,8.2
E00146,P00753,Contributor,2023-06-07,2023-06-18,1,5.5,5.0,7.2
E00146,P00771,Contributor,2024-02-28,2024-03-10,1,5.5,5.0,7.2
E00146,P00789,Contributor,2026-04-30,2026-05-11,1,6.8,6.8,7.8
E00146,P00796,Contributor,2025-08-02,2025-08-05,1,5.5,5.0,7.2
E00146,P00797,Contributor,2024-03-16,2024-03-21,1,5.5,5.0,7.2
E00146,P00799,Contributor,2024-06-14,2024-06-16,1,8.0,8.9,8.4
E00146,P00825,Contributor,2026-04-12,2026-04-19,1,8.1,9.0,8.4
E00146,P00834,Contributor,2024-02-09,2024-02-24,1,6.6,6.8,7.7
E00146,P00839,Contributor,2025-12-16,2025-12-26,1,5.6,6.0,7.2
E00146,P00845,Contributor,2026-04-26,2026-04-29,1,7.2,6.2,8.0
E00146,P00850,Contributor,2025-05-15,2025-12-04,2,7.3,7.4,8.0
E00146,P00852,Contributor,2025-10-18,2025-10-28,1,5.6,5.0,7.2
E00146,P00860,Contributor,2025-12-15,2025-12-19,1,8.5,8.5,8.6
E00146,P00891,Contributor,2023-08-28,2024-04-23,2,6.1,5.1,7.4
E00147,P00011,Project Team Member,2024-07-11,2024-07-16,1,5.5,5.0,6.2
E00147,P00029,Project Team Member,2025-08-10,2025-08-19,1,6.2,7.6,6.5
E00147,P00060,Project Team Member,2025-06-29,2025-07-05,1,6.0,5.9,6.4
E00147,P00109,Project Team Member,2023-03-25,2023-04-01,1,8.0,9.3,7.4
E00147,P00137,Project Team Member,2025-02-01,2025-02-03,1,6.3,7.2,6.6
E00147,P00141,Project Team Member,2025-10-30,2025-11-06,1,6.1,6.5,6.4
E00147,P00143,Project Team Member,2026-01-18,2026-01-27,1,8.0,9.2,7.4
E00147,P00150,Project Team Member,2024-04-04,2024-04-18,1,7.3,7.8,7.0
E00147,P00164,Project Team Member,2024-04-19,2024-04-23,1,5.5,5.2,6.2
E00147,P00169,Project Team Member,2023-08-07,2023-08-09,1,6.7,7.9,6.8
E00147,P00188,Project Team Member,2025-10-30,2025-11-07,1,5.9,5.2,6.4
E00147,P00200,Project Team Member,2025-02-18,2025-02-26,1,5.8,5.9,6.3
E00147,P00219,Project Team Member,2024-04-04,2024-04-09,1,5.5,5.0,6.2
E00147,P00220,Project Team Member,2023-08-30,2023-09-10,1,7.9,7.5,7.4
E00147,P00242,Project Team Member,2024-03-11,2024-03-26,1,6.2,6.6,6.5
E00147,P00292,Project Team Member,2023-12-12,2023-12-23,1,7.8,7.2,7.3
E00147,P00305,Project Team Member,2025-05-27,2025-06-01,1,7.1,8.5,7.0
E00147,P00316,Project Team Member,2023-06-19,2023-06-25,1,5.5,5.0,6.2
E00147,P00326,Project Team Member,2026-04-21,2026-05-04,1,5.5,5.0,6.2
E00147,P00327,Project Team Member,2026-03-07,2026-03-17,1,6.6,7.2,6.7
E00147,P00328,Project Team Member,2024-11-23,2024-11-28,1,6.7,6.6,6.8
E00147,P00335,Project Team Member,2024-01-20,2024-01-23,1,5.5,5.0,6.2
E00147,P00349,Project Team Member,2023-04-03,2023-04-11,1,7.0,7.9,6.9
E00147,P00351,Project Team Member,2025-06-12,2025-06-16,1,7.8,9.2,7.3
E00147,P00355,Project Team Member,2023-07-24,2023-08-14,1,5.5,5.0,6.2
E00147,P00414,Project Team Member,2026-01-13,2026-01-22,1,7.2,7.4,7.0
E00147,P00464,Project Team Member,2026-04-10,2026-02-27,1,6.6,8.0,6.7
E00147,P00466,Project Team Member,2025-12-25,2026-01-23,1,6.1,7.4,6.4
E00147,P00475,Project Team Member,2024-07-16,2024-07-31,1,5.5,5.0,6.2
E00147,P00486,Project Team Member,2023-06-12,2023-06-21,1,5.5,5.0,6.2
E00147,P00557,Project Team Member,2026-02-05,2026-02-11,1,5.6,5.5,6.2
E00147,P00582,Project Team Member,2024-02-23,2024-03-02,1,6.7,7.4,6.8
E00147,P00604,Project Team Member,2023-12-19,2023-12-26,1,5.5,5.0,6.2
E00147,P00605,Project Team Member,2025-03-28,2025-04-24,1,7.4,8.7,7.1
E00147,P00619,Project Team Member,2024-11-18,2024-11-28,1,5.5,5.0,6.2
E00147,P00683,Project Team Member,2024-12-21,2024-12-24,1,7.1,7.8,7.0
E00147,P00761,Project Team Member,2025-11-14,2025-12-14,1,9.2,9.7,8.0
E00147,P00807,Project Team Member,2023-10-17,2023-10-26,1,5.5,5.0,6.2
E00147,P00867,Project Team Member,2024-10-23,2024-11-05,1,8.5,8.6,7.6
E00148,P00009,Project Team Member,2023-11-12,2023-11-20,1,7.5,8.5,7.2
E00148,P00014,Project Team Member,2024-06-29,2024-07-21,1,8.0,7.7,7.4
E00148,P00036,Project Team Member,2023-11-21,2023-11-26,1,7.8,9.1,7.3
E00148,P00060,Project Team Member,2025-05-26,2025-06-04,1,5.5,5.9,6.2
E00148,P00126,Project Team Member,2025-10-07,2025-10-20,1,5.9,6.2,6.4
E00148,P00228,Project Team Member,2023-06-12,2023-06-23,1,7.7,9.0,7.2
E00148,P00242,Project Team Member,2024-02-18,2024-02-20,1,9.0,9.5,7.9
E00148,P00309,Project Team Member,2026-03-14,2026-03-29,1,5.5,5.9,6.2
E00148,P00316,Project Team Member,2023-04-22,2023-05-08,1,7.7,9.1,7.2
E00148,P00319,Project Team Member,2024-08-14,2024-08-26,1,5.9,6.7,6.4
E00148,P00320,Project Team Member,2025-09-15,2025-09-30,2,8.2,8.7,7.5
E00148,P00436,Project Team Member,2024-01-12,2024-01-22,1,6.4,6.5,6.6
E00148,P00446,Project Team Member,2025-03-11,2025-03-22,1,6.4,7.7,6.6
E00148,P00453,Project Team Member,2026-02-16,2026-02-25,1,6.6,7.6,6.7
E00148,P00494,Project Team Member,2024-11-27,2024-12-03,1,5.5,5.0,6.2
E00148,P00559,Project Team Member,2025-10-04,2025-10-16,1,7.7,9.1,7.2
E00148,P00624,Project Team Member,2025-05-11,2025-05-23,1,8.7,8.9,7.8
E00148,P00669,Project Team Member,2024-08-18,2024-08-30,1,5.5,5.0,6.2
E00148,P00687,Project Team Member,2025-01-19,2025-02-02,1,5.5,5.0,6.2
E00148,P00700,Project Team Member,2024-05-30,2024-06-02,1,5.5,5.0,6.2
E00148,P00725,Project Team Member,2026-04-13,2026-04-23,1,5.5,5.0,6.2
E00148,P00755,Project Team Member,2025-12-03,2025-12-27,1,7.0,8.0,6.9
E00148,P00799,Project Team Member,2024-08-21,2024-09-18,1,7.8,9.1,7.3
E00148,P00827,Project Team Member,2025-04-21,2025-04-28,1,6.4,7.3,6.6
E00148,P00840,Project Team Member,2024-01-03,2024-01-19,1,6.9,5.9,6.8
E00148,P00842,Project Team Member,2024-05-04,2024-05-06,1,7.0,8.4,6.9
E00148,P00870,Project Team Member,2023-09-17,2023-09-26,1,8.9,9.6,7.8
E00148,P00888,Project Team Member,2025-11-22,2025-12-01,1,5.5,5.0,6.2
E00149,P00047,Project Team Member,2025-07-05,2025-09-01,2,6.7,6.1,7.6
E00149,P00147,Project Team Member,2024-05-10,2024-05-15,1,6.8,8.1,7.6
E00149,P00204,Project Team Member,2025-02-18,2025-03-01,1,6.5,7.0,7.4
E00149,P00294,Project Team Member,2025-04-06,2025-04-12,1,7.2,6.2,7.8
E00149,P00338,Project Team Member,2023-10-15,2023-10-30,1,8.0,8.2,8.2
E00149,P00357,Project Team Member,2023-04-08,2023-04-15,1,6.9,8.2,7.6
E00149,P00482,Project Team Member,2023-07-25,2023-08-07,1,7.1,7.7,7.8
E00149,P00528,Project Team Member,2023-08-13,2023-08-17,1,5.5,5.6,7.0
E00149,P00632,Project Team Member,2026-03-16,2026-03-03,1,8.5,9.2,8.4
E00149,P00672,Project Team Member,2025-11-08,2025-12-13,2,8.0,8.3,8.2
E00149,P00694,Project Team Member,2023-09-25,2023-09-30,1,8.4,9.7,8.4
E00149,P00749,Project Team Member,2026-03-23,2026-03-26,1,6.5,6.9,7.4
E00149,P00845,Project Team Member,2026-04-26,2026-05-03,1,7.2,7.9,7.8
E00149,P00876,Project Team Member,2025-10-23,2025-11-06,1,7.0,8.3,7.7
E00149,P00879,Project Team Member,2024-09-16,2024-09-22,1,8.0,9.3,8.2
E00150,P00040,Contributor,2023-09-04,2023-09-10,1,8.8,9.7,8.5
E00150,P00073,Contributor,2024-04-06,2024-04-09,1,7.4,8.6,7.8
E00150,P00171,Contributor,2024-08-16,2024-08-22,1,6.7,8.0,7.4
E00150,P00241,Contributor,2025-01-26,2025-02-09,1,5.8,6.2,7.0
E00150,P00263,Contributor,2024-03-14,2024-03-16,1,5.5,5.0,6.8
E00150,P00278,Contributor,2024-02-16,2024-03-09,1,7.1,8.2,7.6
E00150,P00439,Contributor,2024-05-13,2024-05-16,1,6.4,5.7,7.3
E00150,P00454,Contributor,2024-03-31,2024-04-15,1,7.3,8.6,7.8
E00150,P00534,Contributor,2024-06-23,2024-06-30,1,7.5,8.8,7.8
E00150,P00625,Contributor,2025-07-09,2025-07-21,1,5.5,5.0,6.8
E00150,P00629,Contributor,2025-12-03,2025-12-16,1,7.1,8.4,7.6
E00150,P00632,Contributor,2026-03-16,2026-03-03,1,7.6,8.6,7.9
E00150,P00680,Contributor,2024-04-30,2024-05-11,1,7.8,9.0,8.0
E00150,P00695,Contributor,2023-08-24,2023-09-04,1,5.5,5.0,6.8
E00150,P00777,Contributor,2025-03-21,2025-03-26,1,6.9,5.9,7.6
E00150,P00806,Contributor,2025-10-31,2025-11-08,1,9.2,9.7,8.7
E00150,P00856,Contributor,2025-10-29,2025-11-12,1,7.8,7.3,8.0
E00151,P00018,Project Team Member,2025-07-04,2025-07-17,1,5.6,5.6,6.9
E00151,P00112,Project Team Member,2025-12-21,2025-12-25,1,6.9,7.8,7.6
E00151,P00138,Project Team Member,2024-12-31,2025-01-07,1,6.8,8.1,7.5
E00151,P00146,Project Team Member,2024-07-11,2024-07-26,1,5.9,5.2,7.0
E00151,P00221,Project Team Member,2025-10-20,2025-11-01,1,6.0,7.0,7.1
E00151,P00230,Project Team Member,2025-06-11,2025-06-24,1,6.6,6.8,7.4
E00151,P00273,Project Team Member,2026-01-25,2026-01-27,1,7.8,9.1,8.0
E00151,P00280,Project Team Member,2025-04-05,2025-04-29,1,5.5,5.0,6.8
E00151,P00335,Project Team Member,2024-08-14,2024-08-25,1,8.7,9.4,8.4
E00151,P00341,Project Team Member,2023-07-10,2023-07-22,1,6.4,7.2,7.3
E00151,P00363,Project Team Member,2026-03-07,2026-02-23,1,6.7,6.6,7.4
E00151,P00440,Project Team Member,2023-07-10,2023-07-21,1,7.4,6.8,7.8
E00151,P00537,Project Team Member,2023-12-23,2024-01-02,1,6.7,8.0,7.4
E00151,P00549,Project Team Member,2025-06-29,2025-07-03,1,6.0,6.0,7.1
E00151,P00550,Project Team Member,2023-08-06,2024-05-21,2,6.4,6.0,7.3
E00151,P00561,Project Team Member,2023-08-31,2023-09-02,1,9.2,9.7,8.7
E00151,P00579,Project Team Member,2023-12-27,2024-01-18,1,6.0,5.9,7.1
E00151,P00675,Project Team Member,2024-01-23,2024-01-31,1,5.8,6.2,7.0
E00151,P00732,Project Team Member,2026-04-12,2026-04-21,1,5.8,5.0,7.0
E00151,P00787,Project Team Member,2026-04-03,2026-04-08,1,5.5,5.0,6.8
E00151,P00864,Project Team Member,2024-04-21,2024-05-03,1,5.5,5.0,6.8
E00151,P00871,Project Team Member,2024-11-17,2025-07-02,2,6.7,7.1,7.4
E00152,P00009,Project Team Member,2023-11-21,2023-12-01,1,6.3,7.1,7.4
E00152,P00012,Project Team Member,2025-03-31,2025-04-11,1,5.5,5.0,7.0
E00152,P00021,Project Team Member,2025-10-15,2025-10-17,1,8.0,9.3,8.2
E00152,P00022,Project Team Member,2025-02-19,2025-03-06,1,9.0,9.7,8.7
E00152,P00033,Project Team Member,2024-12-29,2025-01-12,1,7.4,8.7,7.9
E00152,P00035,Project Team Member,2026-03-12,2026-03-22,1,6.8,7.7,7.6
E00152,P00039,Project Team Member,2023-01-27,2023-02-16,1,7.7,9.0,8.0
E00152,P00047,Project Team Member,2025-01-26,2025-02-07,1,5.5,5.0,7.0
E00152,P00050,Project Team Member,2025-09-21,2025-12-13,2,6.4,6.3,7.4
E00152,P00057,Project Team Member,2023-03-09,2023-05-17,2,7.3,6.8,7.8
E00152,P00064,Project Team Member,2025-09-14,2025-09-28,1,5.9,6.3,7.2
E00152,P00073,Project Team Member,2024-03-23,2024-03-26,1,6.8,7.2,7.6
E00152,P00098,Project Team Member,2024-11-07,2024-11-09,1,5.5,5.2,7.0
E00152,P00127,Project Team Member,2025-07-22,2025-07-30,1,5.5,5.0,7.0
E00152,P00146,Project Team Member,2025-09-19,2025-09-24,1,5.5,5.0,7.0
E00152,P00176,Project Team Member,2024-06-17,2024-06-29,1,6.0,6.3,7.2
E00152,P00179,Project Team Member,2026-03-13,2026-03-17,1,5.5,5.0,7.0
E00152,P00187,Project Team Member,2025-10-05,2025-10-20,1,6.4,7.5,7.4
E00152,P00203,Project Team Member,2025-01-07,2025-01-07,1,5.5,5.0,7.0
E00152,P00222,Project Team Member,2023-04-07,2023-04-18,1,8.0,9.4,8.2
E00152,P00225,Project Team Member,2026-03-21,2026-04-08,1,5.5,5.2,7.0
E00152,P00242,Project Team Member,2023-09-08,2023-09-22,1,6.7,7.7,7.6
E00152,P00261,Project Team Member,2023-12-14,2023-12-18,1,5.5,5.0,7.0
E00152,P00276,Project Team Member,2025-03-23,2025-04-07,1,5.7,6.9,7.0
E00152,P00279,Project Team Member,2025-06-12,2025-06-24,1,5.8,5.1,7.1
E00152,P00302,Project Team Member,2024-10-24,2024-11-06,1,5.5,5.0,7.0
E00152,P00312,Project Team Member,2024-06-24,2024-06-28,1,8.0,9.4,8.2
E00152,P00348,Project Team Member,2025-08-07,2025-08-15,1,6.6,7.3,7.5
E00152,P00379,Project Team Member,2023-08-10,2023-08-23,1,7.1,8.3,7.8
E00152,P00382,Project Team Member,2023-12-14,2023-12-21,1,7.0,8.2,7.7
E00152,P00389,Project Team Member,2025-04-24,2025-05-02,1,7.6,7.0,8.0
E00152,P00398,Project Team Member,2026-02-25,2026-03-05,1,6.6,5.6,7.5
E00152,P00406,Project Team Member,2024-10-06,2024-10-20,1,8.5,8.8,8.4
E00152,P00422,Project Team Member,2025-04-18,2025-04-23,1,9.7,9.7,9.0
E00152,P00430,Project Team Member,2025-01-15,2025-01-27,1,5.6,5.9,7.0
E00152,P00475,Project Team Member,2024-10-18,2024-10-24,1,5.5,6.0,7.0
E00152,P00536,Project Team Member,2023-11-02,2023-11-24,1,6.0,5.9,7.2
E00152,P00574,Project Team Member,2025-04-01,2025-04-09,1,5.5,5.0,7.0
E00152,P00608,Project Team Member,2025-11-23,2025-12-01,1,6.1,5.5,7.2
E00152,P00609,Project Team Member,2023-09-26,2023-10-02,1,7.5,8.7,8.0
E00152,P00610,Project Team Member,2024-02-08,2024-02-20,1,7.7,8.4,8.0
E00152,P00623,Project Team Member,2024-03-08,2024-03-19,1,7.0,7.6,7.7
E00152,P00644,Project Team Member,2025-12-19,2025-12-26,1,6.7,5.7,7.6
E00152,P00657,Project Team Member,2026-02-22,2026-03-06,1,7.6,8.6,8.0
E00152,P00659,Project Team Member,2023-05-18,2023-06-02,1,5.5,5.0,7.0
E00152,P00660,Project Team Member,2024-07-17,2024-08-08,1,5.8,6.2,7.1
E00152,P00663,Project Team Member,2025-03-11,2025-03-25,1,7.2,8.6,7.8
E00152,P00680,Project Team Member,2024-04-12,2024-05-04,1,5.5,5.0,7.0
E00152,P00684,Project Team Member,2024-03-23,2024-03-26,1,7.2,7.0,7.8
E00152,P00695,Project Team Member,2023-05-19,2023-06-02,1,8.4,9.7,8.4
E00152,P00702,Project Team Member,2024-06-10,2024-06-25,1,6.0,7.3,7.2
E00152,P00704,Project Team Member,2025-03-10,2025-03-17,1,5.9,5.6,7.2
E00152,P00710,Project Team Member,2025-08-29,2025-09-13,1,7.2,8.0,7.8
E00152,P00711,Project Team Member,2024-11-18,2024-12-01,1,6.9,7.7,7.6
E00152,P00713,Project Team Member,2024-10-17,2024-10-26,1,6.2,7.4,7.3
E00152,P00734,Project Team Member,2024-01-17,2024-02-01,1,5.5,5.0,7.0
E00152,P00759,Project Team Member,2026-03-10,2026-03-23,1,7.8,9.1,8.1
E00152,P00762,Project Team Member,2025-06-04,2025-06-19,1,8.3,9.5,8.4
E00152,P00773,Project Team Member,2025-12-19,2025-12-29,1,7.4,8.7,7.9
E00152,P00799,Project Team Member,2024-10-18,2024-10-29,1,6.7,7.5,7.6
E00152,P00800,Project Team Member,2025-12-22,2026-01-04,1,7.3,8.6,7.8
E00152,P00826,Project Team Member,2025-03-22,2025-04-17,2,6.2,5.4,7.3
E00152,P00838,Project Team Member,2024-10-20,2024-11-10,1,7.2,7.7,7.8
E00152,P00879,Project Team Member,2024-08-28,2024-09-08,1,6.9,6.3,7.6
E00152,P00899,Project Team Member,2023-11-29,2024-01-18,2,6.8,6.6,7.6
E00153,P00008,Project Team Member,2024-09-07,2024-09-10,1,5.5,5.0,6.4
E00153,P00031,Project Team Member,2023-06-16,2023-06-21,1,7.4,8.8,7.4
E00153,P00081,Project Team Member,2025-05-23,2025-05-28,1,9.2,9.7,8.3
E00153,P00118,Project Team Member,2025-06-01,2025-06-11,1,5.9,5.6,6.6
E00153,P00120,Project Team Member,2024-09-14,2024-09-30,1,6.7,8.0,7.0
E00153,P00265,Project Team Member,2025-03-08,2025-03-14,1,7.6,9.0,7.5
E00153,P00276,Project Team Member,2025-05-14,2025-05-20,1,7.4,8.3,7.4
E00153,P00338,Project Team Member,2024-03-12,2024-03-15,1,8.2,8.6,7.8
E00153,P00346,Project Team Member,2026-01-20,2026-01-23,1,7.8,8.6,7.6
E00153,P00348,Project Team Member,2025-10-23,2025-11-04,1,5.5,5.8,6.4
E00153,P00399,Project Team Member,2024-02-10,2024-02-14,1,5.6,5.5,6.5
E00153,P00433,Project Team Member,2024-12-11,2024-12-26,1,7.2,8.0,7.3
E00153,P00444,Project Team Member,2024-01-11,2024-01-21,1,9.2,9.7,8.3
E00153,P00484,Project Team Member,2024-08-09,2024-08-17,1,7.5,8.4,7.4
E00153,P00499,Project Team Member,2025-12-16,2025-12-16,1,7.2,7.5,7.3
E00153,P00505,Project Team Member,2024-05-13,2024-05-18,1,7.4,8.7,7.4
E00153,P00507,Project Team Member,2025-08-27,2025-09-04,1,5.5,5.0,6.4
E00153,P00578,Project Team Member,2026-03-16,2026-03-21,1,6.7,7.1,7.0
E00153,P00581,Project Team Member,2023-11-12,2023-11-19,1,5.9,6.6,6.6
E00153,P00636,Project Team Member,2024-01-19,2024-01-31,1,7.8,9.0,7.6
E00153,P00652,Project Team Member,2024-07-21,2024-07-29,1,7.8,8.1,7.6
E00153,P00791,Project Team Member,2025-06-14,2025-06-17,1,6.4,5.9,6.9
E00153,P00874,Project Team Member,2023-11-08,2023-11-11,1,5.5,5.0,6.4
E00153,P00900,Project Team Member,2026-02-04,2026-02-13,1,7.2,6.9,7.3
E00154,P00105,Project Team Member,2024-02-03,2024-02-05,1,7.1,7.8,7.6
E00154,P00483,Project Team Member,2024-12-17,2024-12-27,1,7.2,8.3,7.7
E00154,P00574,Project Team Member,2024-11-08,2024-12-04,1,7.4,8.2,7.8
E00154,P00623,Project Team Member,2024-02-23,2024-03-07,1,7.6,8.8,7.9
E00155,P00012,Project Team Member,2025-03-20,2025-03-25,1,6.2,7.1,7.2
E00155,P00039,Project Team Member,2023-02-20,2023-03-05,1,5.9,5.9,7.0
E00155,P00072,Project Team Member,2025-10-12,2025-10-27,1,5.5,5.0,6.8
E00155,P00074,Project Team Member,2026-02-06,2026-02-20,1,6.7,6.7,7.4
E00155,P00075,Project Team Member,2026-04-27,2026-05-02,1,9.0,9.5,8.6
E00155,P00095,Project Team Member,2025-06-13,2025-06-17,1,5.5,5.0,6.8
E00155,P00101,Project Team Member,2025-03-20,2025-04-02,1,6.1,6.1,7.2
E00155,P00128,Project Team Member,2024-04-11,2024-04-13,1,6.1,6.0,7.2
E00155,P00131,Project Team Member,2026-03-11,2026-03-18,1,6.4,7.7,7.3
E00155,P00138,Project Team Member,2024-04-18,2024-04-30,1,5.5,5.0,6.8
E00155,P00141,Project Team Member,2026-01-27,2026-02-01,1,6.3,7.7,7.2
E00155,P00172,Project Team Member,2025-05-03,2025-05-16,1,5.5,5.0,6.8
E00155,P00173,Project Team Member,2025-10-21,2025-10-23,1,7.3,8.2,7.8
E00155,P00192,Project Team Member,2024-02-12,2024-02-14,1,6.9,7.5,7.6
E00155,P00344,Project Team Member,2024-01-12,2024-01-20,1,8.1,7.8,8.1
E00155,P00358,Project Team Member,2024-11-07,2024-11-09,1,6.3,7.0,7.2
E00155,P00369,Project Team Member,2023-12-10,2023-12-20,1,5.5,5.6,6.8
E00155,P00402,Project Team Member,2026-03-18,2026-03-26,1,5.5,5.0,6.8
E00155,P00407,Project Team Member,2025-02-01,2025-02-03,1,6.0,5.7,7.1
E00155,P00408,Project Team Member,2023-06-10,2023-06-24,1,8.2,8.0,8.2
E00155,P00419,Project Team Member,2024-09-29,2024-10-03,1,7.0,8.0,7.6
E00155,P00420,Project Team Member,2024-03-19,2024-03-29,1,7.1,8.3,7.6
E00155,P00472,Project Team Member,2025-01-06,2025-01-19,1,8.8,9.7,8.5
E00155,P00484,Project Team Member,2024-04-26,2024-05-03,1,5.9,5.0,7.0
E00155,P00506,Project Team Member,2023-10-05,2023-10-14,2,6.3,6.0,7.2
E00155,P00536,Project Team Member,2024-03-18,2024-03-28,1,6.8,7.8,7.5
E00155,P00545,Project Team Member,2024-05-19,2024-06-02,1,7.3,8.1,7.8
E00155,P00582,Project Team Member,2024-06-19,2024-06-26,1,6.1,6.0,7.2
E00155,P00594,Project Team Member,2024-08-02,2024-08-06,1,8.0,9.3,8.1
E00155,P00652,Project Team Member,2024-07-15,2024-07-22,1,8.0,9.3,8.1
E00155,P00676,Project Team Member,2026-03-05,2026-02-18,1,6.8,8.1,7.5
E00155,P00677,Project Team Member,2024-11-14,2024-11-17,1,5.8,5.6,7.0
E00155,P00682,Project Team Member,2023-07-23,2023-08-03,1,7.8,9.1,8.0
E00155,P00715,Project Team Member,2025-12-29,2026-01-22,1,8.4,8.3,8.3
E00155,P00726,Project Team Member,2024-05-26,2024-06-10,1,5.7,6.6,7.0
E00155,P00731,Project Team Member,2024-11-17,2024-12-02,1,6.9,7.6,7.6
E00155,P00747,Project Team Member,2023-11-23,2023-12-22,1,6.8,7.7,7.5
E00155,P00756,Project Team Member,2024-02-09,2024-09-14,2,6.9,6.5,7.6
E00155,P00782,Project Team Member,2026-01-21,2026-01-29,1,5.5,5.0,6.8
E00155,P00792,Project Team Member,2023-11-13,2023-11-19,1,5.5,5.0,6.8
E00155,P00803,Project Team Member,2026-03-19,2026-02-25,1,9.7,9.7,9.0
E00155,P00810,Project Team Member,2025-08-01,2025-08-10,1,6.9,7.5,7.6
E00155,P00821,Project Team Member,2023-12-18,2024-01-03,1,6.4,7.1,7.3
E00155,P00838,Project Team Member,2025-01-22,2025-02-03,1,5.5,5.0,6.8
E00155,P00845,Project Team Member,2026-04-26,2026-05-04,1,7.9,8.7,8.0
E00155,P00856,Project Team Member,2024-12-14,2024-12-18,1,7.2,7.4,7.7
E00155,P00889,Project Team Member,2024-05-27,2024-06-08,1,5.5,5.0,6.8
E00156,P00020,Project Team Member,2024-03-30,2024-06-14,2,7.2,7.5,7.3
E00156,P00034,Project Team Member,2024-02-15,2024-02-19,1,6.9,8.3,7.2
E00156,P00056,Project Team Member,2025-09-04,2025-09-15,1,5.9,5.2,6.6
E00156,P00100,Project Team Member,2024-11-06,2024-11-11,1,6.2,6.1,6.8
E00156,P00139,Project Team Member,2025-05-27,2025-06-08,1,7.2,8.4,7.3
E00156,P00189,Project Team Member,2025-03-01,2025-03-08,1,6.6,7.5,7.0
E00156,P00220,Project Team Member,2023-04-14,2023-04-16,1,5.5,5.0,6.4
E00156,P00277,Project Team Member,2026-02-28,2026-03-13,1,7.1,8.4,7.2
E00156,P00280,Project Team Member,2025-04-07,2025-04-17,1,6.5,7.8,7.0
E00156,P00313,Project Team Member,2025-05-04,2025-05-08,1,6.6,7.0,7.0
E00156,P00340,Project Team Member,2024-10-14,2024-10-24,1,5.5,5.0,6.4
E00156,P00412,Project Team Member,2024-09-06,2025-06-17,2,7.3,7.5,7.4
E00156,P00419,Project Team Member,2024-05-11,2024-05-22,1,6.0,6.4,6.7
E00156,P00464,Project Team Member,2026-04-10,2026-02-27,2,7.2,6.6,7.3
E00156,P00498,Project Team Member,2025-09-21,2025-09-28,1,5.5,5.0,6.4
E00156,P00523,Project Team Member,2025-09-17,2025-09-23,1,6.9,8.2,7.2
E00156,P00528,Project Team Member,2024-04-28,2024-05-05,1,5.7,6.0,6.6
E00156,P00561,Project Team Member,2024-01-14,2024-01-21,1,6.0,6.9,6.7
E00156,P00575,Project Team Member,2024-11-13,2024-11-25,1,7.4,7.8,7.4
E00156,P00633,Project Team Member,2026-03-24,2026-04-08,1,7.0,7.1,7.2
E00156,P00654,Project Team Member,2026-03-24,2026-04-02,1,5.7,5.2,6.6
E00156,P00669,Project Team Member,2024-10-06,2024-10-10,1,7.9,7.4,7.6
E00156,P00709,Project Team Member,2023-09-27,2023-10-02,1,8.9,9.3,8.2
E00156,P00722,Project Team Member,2024-03-07,2024-03-09,1,5.5,5.0,6.4
E00156,P00750,Project Team Member,2025-12-02,2025-12-06,1,6.7,7.2,7.0
E00156,P00790,Project Team Member,2025-06-20,2025-07-01,1,7.0,8.0,7.2
E00156,P00800,Project Team Member,2026-01-08,2026-01-18,1,5.9,5.5,6.6
E00156,P00840,Project Team Member,2023-07-22,2023-07-31,1,7.0,7.7,7.2
E00156,P00864,Project Team Member,2024-01-28,2024-02-02,1,6.5,7.3,7.0
E00156,P00891,Project Team Member,2023-09-13,2024-04-02,2,6.3,6.2,6.8
E00156,P00900,Project Team Member,2026-02-14,2026-02-20,1,6.6,8.0,7.0
E00157,P00083,Coordinator,2024-04-28,2024-05-10,1,6.9,7.8,8.2
E00157,P00107,Coordinator,2026-04-16,2026-04-27,1,6.8,7.3,8.2
E00157,P00127,Coordinator,2025-05-03,2025-05-20,1,5.5,5.0,7.6
E00157,P00142,Coordinator,2025-01-10,2025-01-22,1,6.0,6.4,7.8
E00157,P00145,Coordinator,2026-04-06,2026-03-14,1,8.4,9.7,9.0
E00157,P00151,Coordinator,2026-01-23,2026-01-31,1,5.5,5.0,7.6
E00157,P00218,Coordinator,2026-02-13,2026-02-27,1,5.5,5.0,7.6
E00157,P00225,Coordinator,2026-02-22,2026-03-09,1,7.3,8.2,8.4
E00157,P00227,Coordinator,2026-02-24,2026-03-09,1,6.6,6.8,8.1
E00157,P00249,Coordinator,2024-01-11,2024-01-18,1,7.2,8.5,8.4
E00157,P00271,Coordinator,2023-11-18,2023-12-03,1,6.2,5.2,7.9
E00157,P00317,Coordinator,2024-01-17,2024-02-01,1,6.7,7.5,8.2
E00157,P00357,Coordinator,2023-02-10,2023-03-09,1,8.8,9.7,9.2
E00157,P00360,Coordinator,2024-12-13,2024-12-26,1,6.9,8.2,8.2
E00157,P00427,Coordinator,2025-09-15,2025-09-17,1,5.5,5.0,7.6
E00157,P00434,Coordinator,2024-05-28,2024-06-07,1,6.9,7.7,8.2
E00157,P00445,Coordinator,2025-05-03,2025-06-02,2,5.6,5.0,7.6
E00157,P00485,Coordinator,2024-03-12,2024-03-17,1,6.6,7.9,8.1
E00157,P00533,Coordinator,2025-04-15,2025-04-23,1,6.1,6.0,7.8
E00157,P00550,Coordinator,2023-08-24,2023-08-31,1,5.5,5.0,7.6
E00157,P00574,Coordinator,2025-01-05,2025-01-18,1,6.8,8.2,8.2
E00157,P00592,Coordinator,2024-09-09,2024-09-21,1,7.2,6.2,8.4
E00157,P00608,Coordinator,2025-11-18,2025-11-27,1,7.5,8.8,8.6
E00157,P00657,Coordinator,2026-03-04,2026-03-13,2,6.3,6.1,8.0
E00157,P00694,Coordinator,2024-03-17,2024-03-22,1,5.5,5.0,7.6
E00157,P00710,Coordinator,2025-08-27,2025-09-12,1,8.4,9.0,9.0
E00157,P00714,Coordinator,2025-01-22,2025-04-15,2,7.1,7.4,8.4
E00157,P00735,Coordinator,2023-10-19,2023-10-23,1,7.4,8.4,8.5
E00157,P00751,Coordinator,2024-05-21,2024-06-07,1,5.6,5.5,7.6
E00157,P00813,Coordinator,2023-12-17,2024-01-01,1,9.1,9.7,9.4
E00157,P00843,Coordinator,2025-01-22,2025-02-03,1,8.1,7.8,8.8
E00157,P00857,Coordinator,2025-05-18,2025-05-22,1,5.5,5.0,7.6
E00157,P00861,Coordinator,2025-10-24,2025-11-02,1,6.4,6.6,8.0
E00157,P00882,Coordinator,2023-09-05,2023-09-13,1,6.0,5.8,7.8
E00158,P00065,Contributor,2024-09-23,2024-10-16,1,5.9,5.8,7.2
E00158,P00083,Contributor,2024-06-02,2024-06-05,1,5.5,5.0,7.0
E00158,P00192,Contributor,2023-09-18,2023-09-20,1,6.8,8.1,7.6
E00158,P00202,Contributor,2024-07-16,2024-08-07,1,6.2,7.1,7.3
E00158,P00290,Contributor,2025-09-01,2025-09-07,1,8.8,9.5,8.6
E00158,P00338,Contributor,2024-01-31,2024-02-14,1,6.2,7.5,7.3
E00158,P00359,Contributor,2026-02-07,2026-02-19,1,6.6,8.0,7.5
E00158,P00453,Contributor,2026-02-20,2026-03-10,1,5.5,5.0,7.0
E00158,P00477,Contributor,2025-10-19,2025-11-02,1,7.0,7.5,7.7
E00158,P00616,Contributor,2025-01-30,2025-02-14,1,7.6,8.6,8.0
E00158,P00707,Contributor,2024-03-05,2024-03-08,1,5.5,5.0,7.0
E00158,P00736,Contributor,2025-12-14,2025-12-21,1,5.8,6.3,7.1
E00158,P00759,Contributor,2026-03-15,2026-03-17,1,5.5,5.0,7.0
E00158,P00820,Contributor,2023-12-17,2023-12-19,1,7.3,6.8,7.8
E00158,P00845,Contributor,2026-04-26,2026-05-02,1,5.5,5.0,7.0
E00158,P00850,Contributor,2026-02-24,2026-03-04,1,7.2,7.9,7.8
E00158,P00873,Contributor,2025-03-12,2025-04-10,1,7.9,9.1,8.2
E00159,P00012,Project Team Member,2025-09-28,2025-10-11,1,5.5,5.1,6.2
E00159,P00013,Project Team Member,2023-06-09,2023-06-13,1,8.0,8.4,7.5
E00159,P00049,Project Team Member,2024-06-02,2024-08-15,2,7.4,7.4,7.2
E00159,P00074,Project Team Member,2026-01-29,2026-02-02,2,7.2,7.5,7.1
E00159,P00092,Project Team Member,2026-04-26,2026-05-08,1,7.4,8.3,7.2
E00159,P00104,Project Team Member,2023-06-03,2023-06-05,1,6.4,5.4,6.7
E00159,P00105,Project Team Member,2024-05-12,2024-05-19,1,5.5,5.0,6.2
E00159,P00136,Project Team Member,2025-01-06,2025-01-13,1,7.3,8.6,7.2
E00159,P00191,Project Team Member,2025-08-04,2025-08-25,1,7.6,8.9,7.3
E00159,P00216,Project Team Member,2024-08-25,2024-10-10,2,7.9,8.7,7.4
E00159,P00222,Project Team Member,2023-04-16,2023-04-21,1,5.6,6.1,6.3
E00159,P00240,Project Team Member,2023-12-23,2023-12-26,1,7.2,6.2,7.1
E00159,P00243,Project Team Member,2025-11-01,2025-11-08,1,5.5,5.0,6.2
E00159,P00244,Project Team Member,2026-04-11,2026-03-02,1,6.7,7.3,6.8
E00159,P00254,Project Team Member,2023-12-20,2023-12-27,1,7.2,6.8,7.1
E00159,P00264,Project Team Member,2026-03-20,2026-04-04,1,7.0,6.8,7.0
E00159,P00269,Project Team Member,2024-04-07,2024-04-20,1,5.5,5.0,6.2
E00159,P00289,Project Team Member,2025-09-17,2025-09-21,1,5.5,5.0,6.2
E00159,P00303,Project Team Member,2023-08-23,2023-08-29,1,6.5,6.6,6.8
E00159,P00338,Project Team Member,2023-11-13,2023-12-03,1,6.5,7.8,6.8
E00159,P00343,Project Team Member,2024-06-01,2024-06-09,1,7.2,8.0,7.1
E00159,P00365,Project Team Member,2025-01-08,2025-01-14,1,8.2,8.7,7.6
E00159,P00378,Project Team Member,2025-04-10,2025-04-21,1,7.6,8.8,7.3
E00159,P00381,Project Team Member,2026-01-25,2026-01-30,1,6.8,6.7,6.9
E00159,P00389,Project Team Member,2025-03-19,2025-03-27,1,8.0,7.8,7.5
E00159,P00408,Project Team Member,2023-10-08,2023-10-11,1,5.5,5.0,6.2
E00159,P00454,Project Team Member,2024-09-09,2024-09-14,1,5.5,5.6,6.2
E00159,P00488,Project Team Member,2023-07-14,2023-07-22,1,5.5,5.0,6.2
E00159,P00489,Project Team Member,2024-09-08,2024-09-11,1,9.0,9.4,8.0
E00159,P00496,Project Team Member,2023-07-21,2023-07-25,1,8.0,9.3,7.5
E00159,P00509,Project Team Member,2026-03-30,2026-02-28,1,5.6,5.1,6.3
E00159,P00514,Project Team Member,2024-10-08,2025-01-17,2,6.6,6.5,6.8
E00159,P00522,Project Team Member,2025-10-03,2025-10-12,1,7.0,7.1,7.0
E00159,P00542,Project Team Member,2023-05-09,2023-06-04,1,5.5,5.0,6.2
E00159,P00621,Project Team Member,2024-01-05,2024-01-18,1,6.6,6.5,6.8
E00159,P00656,Project Team Member,2025-12-14,2025-12-17,1,6.0,5.7,6.5
E00159,P00659,Project Team Member,2023-10-09,2023-10-16,1,5.6,5.4,6.3
E00159,P00666,Project Team Member,2023-11-07,2023-11-19,1,7.1,7.8,7.0
E00159,P00686,Project Team Member,2025-03-28,2025-04-27,1,9.0,9.5,8.0
E00159,P00690,Project Team Member,2024-08-12,2024-08-14,1,7.2,7.4,7.1
E00159,P00710,Project Team Member,2026-01-06,2026-01-09,1,5.5,5.0,6.2
E00159,P00722,Project Team Member,2024-10-21,2024-10-23,1,6.7,6.3,6.8
E00159,P00723,Project Team Member,2023-06-10,2023-06-21,1,7.3,8.6,7.2
E00159,P00756,Project Team Member,2024-08-09,2024-08-23,1,7.1,7.8,7.0
E00159,P00803,Project Team Member,2026-03-19,2026-02-25,1,5.5,5.0,6.2
E00159,P00816,Project Team Member,2025-11-27,2025-12-12,1,7.2,6.2,7.1
E00159,P00819,Project Team Member,2025-09-18,2025-10-10,1,9.7,9.7,8.4
E00159,P00871,Project Team Member,2025-03-18,2025-03-26,1,8.9,9.3,8.0
E00160,P00011,Project Team Member,2024-05-08,2024-05-13,1,6.4,7.5,7.5
E00160,P00014,Project Team Member,2025-02-09,2025-02-12,1,6.8,6.5,7.7
E00160,P00181,Project Team Member,2025-10-20,2025-11-04,1,7.8,7.3,8.2
E00160,P00193,Project Team Member,2024-05-10,2024-05-17,1,6.2,7.1,7.4
E00160,P00234,Project Team Member,2024-09-13,2024-09-16,1,6.4,6.5,7.5
E00160,P00264,Project Team Member,2026-02-28,2026-03-27,1,5.5,5.0,7.0
E00160,P00271,Project Team Member,2024-06-19,2024-06-24,1,5.5,5.0,7.0
E00160,P00299,Project Team Member,2025-09-03,2025-09-24,1,8.3,9.2,8.4
E00160,P00303,Project Team Member,2023-08-28,2023-09-12,1,6.4,7.6,7.5
E00160,P00346,Project Team Member,2026-02-07,2026-02-13,1,7.0,8.4,7.8
E00160,P00393,Project Team Member,2026-02-06,2026-02-21,1,6.3,7.3,7.4
E00160,P00494,Project Team Member,2024-02-11,2024-02-24,1,7.8,9.2,8.2
E00160,P00517,Project Team Member,2024-03-14,2024-03-26,1,6.8,7.2,7.7
E00160,P00544,Project Team Member,2025-04-13,2025-04-28,1,6.7,8.0,7.6
E00160,P00589,Project Team Member,2026-04-01,2026-03-14,1,6.3,5.3,7.4
E00160,P00615,Project Team Member,2024-07-18,2024-07-26,1,6.9,8.3,7.8
E00160,P00663,Project Team Member,2025-08-05,2025-08-14,1,5.5,5.0,7.0
E00160,P00772,Project Team Member,2024-06-01,2024-06-27,1,6.6,7.3,7.6
E00160,P00776,Project Team Member,2024-03-02,2024-03-12,1,5.5,5.0,7.0
E00160,P00786,Project Team Member,2026-01-30,2026-02-02,1,6.6,6.8,7.6
E00160,P00803,Project Team Member,2026-03-19,2026-02-25,1,7.2,6.2,7.9
E00160,P00826,Project Team Member,2025-07-11,2025-07-16,1,5.5,5.0,7.0
E00160,P00844,Project Team Member,2025-03-22,2025-03-27,1,5.5,5.0,7.0
E00160,P00851,Project Team Member,2023-08-30,2023-09-07,1,6.8,6.7,7.7
E00160,P00862,Project Team Member,2026-01-21,2026-02-01,1,5.5,5.0,7.0
E00160,P00893,Project Team Member,2026-03-02,2026-03-07,1,5.8,5.9,7.2
E00161,P00079,Project Team Member,2024-01-26,2024-02-08,1,5.5,5.0,6.4
E00161,P00081,Project Team Member,2024-05-10,2024-05-18,1,6.1,7.1,6.6
E00161,P00099,Project Team Member,2025-05-13,2025-05-19,1,8.4,9.7,7.8
E00161,P00113,Project Team Member,2024-01-22,2024-01-29,1,8.0,9.3,7.6
E00161,P00149,Project Team Member,2023-11-26,2023-11-28,1,6.8,7.3,7.0
E00161,P00171,Project Team Member,2024-06-11,2024-06-20,1,6.8,7.1,7.0
E00161,P00185,Project Team Member,2026-03-18,2026-03-25,1,7.3,8.2,7.2
E00161,P00206,Project Team Member,2026-01-21,2026-02-08,1,6.0,7.1,6.6
E00161,P00218,Project Team Member,2026-02-14,2026-02-19,1,7.6,9.0,7.4
E00161,P00457,Project Team Member,2026-02-08,2026-02-27,1,7.6,8.9,7.4
E00161,P00560,Project Team Member,2024-10-27,2024-11-03,1,5.5,5.2,6.4
E00161,P00611,Project Team Member,2024-07-23,2024-07-24,1,5.5,5.0,6.4
E00161,P00640,Project Team Member,2024-08-20,2024-08-27,1,6.4,6.7,6.8
E00161,P00811,Project Team Member,2024-05-20,2024-05-28,1,7.2,6.2,7.2
E00161,P00824,Project Team Member,2023-07-12,2023-07-14,1,5.5,5.0,6.4
E00161,P00848,Project Team Member,2025-12-18,2025-12-28,1,6.6,7.4,6.9
E00161,P00877,Project Team Member,2024-03-16,2024-03-28,1,5.5,5.0,6.4
E00162,P00005,Project Team Member,2024-07-04,2024-07-15,1,5.6,5.5,7.2
E00162,P00016,Project Team Member,2024-11-25,2024-11-28,1,8.1,9.2,8.4
E00162,P00024,Project Team Member,2023-11-09,2023-11-22,1,9.7,9.7,9.2
E00162,P00045,Project Team Member,2023-12-16,2023-12-21,1,7.2,8.5,8.0
E00162,P00142,Project Team Member,2025-01-26,2025-02-02,1,6.4,7.2,7.6
E00162,P00156,Project Team Member,2024-01-09,2024-01-18,1,8.2,9.2,8.5
E00162,P00225,Project Team Member,2026-01-10,2026-03-02,2,7.2,7.8,8.0
E00162,P00256,Project Team Member,2025-05-15,2025-05-25,1,5.5,5.8,7.2
E00162,P00317,Project Team Member,2023-12-22,2024-01-06,1,9.6,9.7,9.2
E00162,P00478,Project Team Member,2024-10-12,2024-10-31,1,6.3,6.8,7.6
E00162,P00479,Project Team Member,2025-06-28,2025-07-03,1,5.5,5.0,7.2
E00162,P00486,Project Team Member,2023-03-01,2023-03-04,1,7.9,9.2,8.4
E00162,P00492,Project Team Member,2024-07-13,2024-07-16,1,5.5,5.0,7.2
E00162,P00496,Project Team Member,2023-09-06,2023-09-16,1,5.5,5.0,7.2
E00162,P00575,Project Team Member,2024-10-23,2024-12-18,2,7.5,7.7,8.2
E00162,P00604,Project Team Member,2024-03-07,2024-06-22,2,8.2,8.4,8.5
E00162,P00615,Project Team Member,2024-12-04,2024-12-16,1,5.9,5.0,7.4
E00162,P00659,Project Team Member,2023-06-13,2023-06-19,1,5.5,5.0,7.2
E00162,P00691,Project Team Member,2024-05-15,2024-05-20,1,7.9,9.2,8.4
E00162,P00738,Project Team Member,2024-03-20,2024-03-22,1,7.3,8.2,8.0
E00162,P00842,Project Team Member,2024-04-30,2024-05-08,1,5.5,5.0,7.2
E00163,P00062,Coordinator,2025-07-06,2025-07-12,1,7.7,8.7,8.4
E00163,P00114,Coordinator,2023-10-25,2023-10-30,1,5.9,5.5,7.4
E00163,P00131,Coordinator,2025-12-05,2025-12-08,1,7.2,8.1,8.1
E00163,P00138,Coordinator,2024-11-11,2024-11-26,1,7.0,7.7,8.0
E00163,P00167,Coordinator,2025-02-08,2025-02-17,1,6.8,8.1,7.9
E00163,P00276,Coordinator,2025-05-02,2025-05-10,1,5.5,5.0,7.2
E00163,P00420,Coordinator,2024-03-20,2024-03-31,1,7.6,8.6,8.3
E00163,P00433,Coordinator,2025-04-22,2025-04-30,1,7.4,8.2,8.2
E00163,P00447,Coordinator,2023-06-25,2023-07-01,1,7.3,8.6,8.2
E00163,P00450,Coordinator,2025-01-31,2025-02-05,1,8.1,9.1,8.6
E00163,P00509,Coordinator,2026-03-30,2026-02-28,1,6.1,7.0,7.6
E00163,P00528,Coordinator,2023-08-21,2023-09-20,1,9.5,9.7,9.2
E00163,P00601,Coordinator,2024-08-26,2024-09-01,1,7.5,8.5,8.2
E00163,P00624,Coordinator,2025-06-12,2025-06-20,1,8.4,9.7,8.7
E00163,P00657,Coordinator,2026-03-13,2026-03-22,1,5.5,5.0,7.2
E00163,P00722,Coordinator,2024-02-25,2024-03-01,1,5.5,5.5,7.2
E00163,P00814,Coordinator,2024-07-22,2024-08-06,1,5.5,5.0,7.2
E00163,P00825,Coordinator,2026-04-12,2026-04-23,1,7.8,9.1,8.4
E00164,P00039,Contributor,2023-04-10,2023-04-25,1,6.0,5.8,6.6
E00164,P00050,Contributor,2025-11-01,2025-11-10,1,6.6,7.9,6.9
E00164,P00139,Contributor,2025-07-20,2025-07-20,1,5.7,5.8,6.4
E00164,P00171,Contributor,2024-05-06,2024-05-11,1,8.5,8.6,7.8
E00164,P00177,Contributor,2024-01-11,2024-01-20,1,8.0,9.3,7.6
E00164,P00227,Contributor,2026-03-13,2026-03-24,1,5.5,5.0,6.4
E00164,P00281,Contributor,2023-06-23,2023-06-30,1,8.7,9.4,8.0
E00164,P00282,Contributor,2023-11-02,2023-11-04,1,5.5,5.0,6.4
E00164,P00283,Contributor,2026-04-22,2026-05-03,1,9.6,9.7,8.4
E00164,P00338,Contributor,2023-12-25,2024-01-01,1,7.1,8.5,7.2
E00164,P00353,Contributor,2024-05-21,2024-12-03,2,6.0,5.8,6.6
E00164,P00407,Contributor,2025-01-06,2025-01-18,1,6.1,6.6,6.6
E00164,P00408,Contributor,2023-06-25,2023-09-08,2,5.5,5.0,6.4
E00164,P00415,Contributor,2024-07-17,2024-07-27,1,7.9,9.1,7.6
E00164,P00433,Contributor,2024-12-24,2024-12-28,1,6.4,6.6,6.8
E00164,P00438,Contributor,2026-02-26,2026-03-04,1,6.7,6.9,7.0
E00164,P00457,Contributor,2025-09-25,2025-09-29,1,6.2,6.3,6.7
E00164,P00459,Contributor,2025-05-06,2025-05-08,1,5.5,5.0,6.4
E00164,P00483,Contributor,2025-02-14,2025-02-27,1,6.3,7.1,6.8
E00164,P00491,Contributor,2024-10-06,2024-10-09,1,6.4,6.6,6.8
E00164,P00518,Contributor,2023-12-31,2024-01-06,1,5.7,6.5,6.4
E00164,P00534,Contributor,2024-02-05,2024-12-09,2,7.4,7.7,7.3
E00164,P00554,Contributor,2024-09-10,2024-09-19,1,5.5,5.0,6.4
E00164,P00610,Contributor,2023-11-30,2023-12-03,1,6.6,7.0,6.9
E00164,P00616,Contributor,2025-02-14,2025-02-28,1,7.1,8.5,7.2
E00164,P00629,Contributor,2026-01-19,2026-01-26,1,5.5,5.0,6.4
E00164,P00644,Contributor,2026-01-08,2026-01-10,1,6.3,7.4,6.8
E00164,P00656,Contributor,2025-04-14,2025-04-29,1,7.3,8.6,7.2
E00164,P00668,Contributor,2026-01-02,2026-01-13,1,7.2,8.5,7.2
E00164,P00722,Contributor,2024-10-04,2024-10-08,1,5.9,6.6,6.6
E00164,P00853,Contributor,2025-11-25,2025-12-06,1,5.5,5.0,6.4
E00165,P00018,Contributor,2024-12-25,2025-01-03,1,5.9,5.2,7.4
E00165,P00034,Contributor,2024-02-28,2024-08-04,2,6.5,6.4,7.6
E00165,P00044,Contributor,2024-01-23,2024-02-08,1,7.0,8.3,7.9
E00165,P00050,Contributor,2025-11-07,2025-11-09,1,6.2,6.1,7.5
E00165,P00095,Contributor,2025-04-17,2025-04-26,1,6.2,6.2,7.5
E00165,P00200,Contributor,2025-04-19,2025-04-30,1,5.5,5.0,7.2
E00165,P00281,Contributor,2023-07-03,2023-07-16,1,6.3,6.4,7.6
E00165,P00298,Contributor,2025-04-01,2025-04-15,1,8.8,9.6,8.8
E00165,P00310,Contributor,2023-05-02,2023-05-13,1,6.0,6.9,7.4
E00165,P00353,Contributor,2025-07-31,2025-08-04,1,6.9,8.2,7.8
E00165,P00364,Contributor,2025-08-29,2025-09-06,1,5.5,5.0,7.2
E00165,P00384,Contributor,2025-02-05,2025-03-03,1,6.9,7.9,7.8
E00165,P00406,Contributor,2024-02-20,2024-02-23,1,5.9,5.2,7.4
E00165,P00416,Contributor,2024-12-26,2025-01-08,1,5.5,5.0,7.2
E00165,P00430,Contributor,2025-06-18,2025-06-22,1,5.5,5.0,7.2
E00165,P00498,Contributor,2026-01-05,2026-01-07,1,9.7,9.7,9.2
E00165,P00534,Contributor,2024-07-06,2024-07-19,1,6.0,5.3,7.4
E00165,P00591,Contributor,2023-10-20,2023-11-02,1,6.4,7.4,7.6
E00165,P00601,Contributor,2024-09-03,2024-09-09,1,7.0,7.7,7.9
E00165,P00636,Contributor,2024-05-08,2024-05-08,1,6.9,7.9,7.8
E00165,P00668,Contributor,2026-02-01,2026-02-20,2,7.4,7.5,8.1
E00165,P00672,Contributor,2025-11-01,2025-11-13,1,5.5,5.0,7.2
E00165,P00743,Contributor,2023-11-16,2023-11-20,1,5.5,5.0,7.2
E00165,P00762,Contributor,2025-08-03,2025-08-08,1,7.4,8.4,8.1
E00165,P00881,Contributor,2023-05-23,2023-06-01,1,6.9,7.8,7.8
E00165,P00883,Contributor,2026-01-10,2026-01-20,1,7.2,8.3,8.0
E00166,P00020,Project Team Member,2024-06-08,2024-06-10,1,6.6,6.0,7.5
E00166,P00025,Project Team Member,2025-03-20,2025-04-21,2,5.5,5.0,7.0
E00166,P00028,Project Team Member,2025-06-10,2025-06-19,1,7.5,8.6,8.0
E00166,P00121,Project Team Member,2024-04-05,2024-04-18,1,5.5,5.6,7.0
E00166,P00152,Project Team Member,2026-01-14,2026-02-24,2,6.0,5.5,7.2
E00166,P00184,Project Team Member,2024-05-13,2024-05-18,1,6.3,7.3,7.4
E00166,P00274,Project Team Member,2025-06-04,2025-06-08,1,5.8,5.1,7.1
E00166,P00276,Project Team Member,2025-05-20,2025-06-13,1,7.0,8.3,7.7
E00166,P00306,Project Team Member,2025-09-25,2025-10-09,1,6.6,6.8,7.5
E00166,P00378,Project Team Member,2024-09-22,2024-10-03,1,5.5,5.0,7.0
E00166,P00380,Project Team Member,2023-09-08,2023-09-17,1,5.5,5.0,7.0
E00166,P00401,Project Team Member,2023-09-26,2023-09-30,1,7.8,9.1,8.1
E00166,P00499,Project Team Member,2025-03-09,2025-12-15,2,6.7,6.4,7.6
E00166,P00504,Project Team Member,2023-06-11,2023-06-20,1,5.5,5.0,7.0
E00166,P00523,Project Team Member,2025-09-18,2025-09-21,1,7.0,7.5,7.7
E00166,P00557,Project Team Member,2026-02-04,2026-02-19,1,8.0,9.3,8.2
E00166,P00613,Project Team Member,2026-03-30,2026-04-11,1,5.5,5.3,7.0
E00166,P00626,Project Team Member,2026-01-26,2026-02-04,1,7.0,8.2,7.7
E00166,P00677,Project Team Member,2025-04-26,2025-05-06,1,6.5,7.2,7.4
E00166,P00698,Project Team Member,2025-01-20,2025-01-29,1,6.9,7.4,7.6
E00166,P00741,Project Team Member,2026-02-09,2026-02-13,1,6.4,7.8,7.4
E00166,P00755,Project Team Member,2025-10-15,2025-10-25,1,6.0,5.7,7.2
E00166,P00825,Project Team Member,2026-04-12,2026-04-21,1,5.5,5.0,7.0
E00166,P00830,Project Team Member,2025-11-29,2025-12-08,1,6.3,7.0,7.4
E00166,P00831,Project Team Member,2025-10-01,2025-10-15,1,5.8,5.0,7.1
E00166,P00859,Project Team Member,2026-04-06,2026-03-13,1,5.5,5.0,7.0
E00167,P00018,Project Team Member,2025-05-08,2025-05-19,1,6.8,6.7,7.8
E00167,P00043,Project Team Member,2023-09-02,2023-09-10,1,8.4,9.7,8.6
E00167,P00088,Project Team Member,2024-10-28,2024-12-12,2,7.7,8.2,8.2
E00167,P00189,Project Team Member,2025-04-27,2025-05-12,2,7.3,7.7,8.0
E00167,P00191,Project Team Member,2025-09-10,2025-09-30,1,7.9,8.7,8.4
E00167,P00221,Project Team Member,2025-10-31,2026-01-28,2,5.5,5.0,7.2
E00167,P00251,Project Team Member,2026-03-20,2026-03-30,1,6.5,6.5,7.6
E00167,P00270,Project Team Member,2024-12-31,2025-01-05,1,7.2,6.2,8.0
E00167,P00280,Project Team Member,2025-02-18,2025-03-05,1,5.5,5.0,7.2
E00167,P00311,Project Team Member,2024-01-28,2024-02-10,1,7.1,8.5,8.0
E00167,P00328,Project Team Member,2024-12-31,2025-01-12,1,7.4,8.3,8.1
E00167,P00330,Project Team Member,2024-08-30,2024-09-10,1,5.5,5.0,7.2
E00167,P00341,Project Team Member,2023-04-10,2023-06-28,2,6.9,6.5,7.8
E00167,P00411,Project Team Member,2024-04-21,2024-05-04,1,5.5,5.0,7.2
E00167,P00418,Project Team Member,2023-03-26,2023-03-31,1,5.6,5.6,7.2
E00167,P00446,Project Team Member,2025-10-10,2025-10-18,1,6.9,8.3,7.8
E00167,P00470,Project Team Member,2023-04-18,2023-04-23,1,6.7,7.6,7.8
E00167,P00476,Project Team Member,2024-01-13,2024-01-20,1,5.5,5.0,7.2
E00167,P00492,Project Team Member,2024-10-29,2024-11-09,1,6.5,6.7,7.6
E00167,P00499,Project Team Member,2025-11-06,2025-11-11,1,5.5,5.0,7.2
E00167,P00506,Project Team Member,2023-06-19,2023-07-09,1,5.5,5.0,7.2
E00167,P00508,Project Team Member,2024-08-06,2024-08-18,1,5.5,5.0,7.2
E00167,P00624,Project Team Member,2025-05-27,2025-06-07,1,5.7,6.4,7.2
E00167,P00648,Project Team Member,2025-05-23,2025-06-10,1,5.5,5.0,7.2
E00167,P00660,Project Team Member,2023-11-03,2023-11-09,1,5.5,5.3,7.2
E00167,P00705,Project Team Member,2025-02-01,2025-02-15,1,9.6,9.7,9.2
E00167,P00712,Project Team Member,2026-03-20,2026-03-27,1,8.0,7.6,8.4
E00167,P00725,Project Team Member,2026-04-13,2026-04-22,1,6.5,7.3,7.6
E00167,P00760,Project Team Member,2023-07-20,2023-08-10,1,6.8,8.2,7.8
E00167,P00889,Project Team Member,2024-09-11,2024-09-23,1,5.5,5.0,7.2
E00167,P00890,Project Team Member,2024-03-03,2024-03-11,1,6.8,8.2,7.8
E00168,P00038,Project Team Member,2025-01-15,2025-01-28,1,8.0,9.3,8.9
E00168,P00069,Project Team Member,2024-04-06,2024-04-13,1,5.8,6.7,7.8
E00168,P00083,Project Team Member,2024-05-27,2024-06-19,1,6.4,7.3,8.1
E00168,P00091,Project Team Member,2026-01-03,2026-02-10,2,6.4,5.8,8.1
E00168,P00153,Project Team Member,2024-12-04,2024-12-12,1,5.7,6.8,7.8
E00168,P00216,Project Team Member,2024-09-09,2024-09-22,1,6.4,6.6,8.1
E00168,P00246,Project Team Member,2025-07-10,2025-07-15,1,5.5,5.0,7.6
E00168,P00297,Project Team Member,2024-11-18,2024-11-27,1,5.5,5.0,7.6
E00168,P00342,Project Team Member,2026-03-20,2026-03-22,1,5.5,5.9,7.6
E00168,P00350,Project Team Member,2025-08-18,2025-08-30,1,5.5,5.0,7.6
E00168,P00423,Project Team Member,2026-02-23,2026-03-13,1,5.5,5.3,7.6
E00168,P00468,Project Team Member,2024-01-13,2024-01-28,1,8.8,9.0,9.3
E00168,P00518,Project Team Member,2024-02-21,2024-02-25,1,5.5,5.0,7.6
E00168,P00579,Project Team Member,2023-11-23,2023-11-25,1,5.5,5.0,7.6
E00168,P00595,Project Team Member,2026-02-15,2026-02-21,1,5.5,5.0,7.6
E00168,P00651,Project Team Member,2026-01-12,2026-01-23,1,6.4,7.3,8.1
E00168,P00713,Project Team Member,2023-12-06,2023-12-09,1,6.8,7.7,8.3
E00168,P00716,Project Team Member,2023-07-01,2023-07-13,1,6.5,6.7,8.2
E00168,P00760,Project Team Member,2023-08-10,2023-08-19,1,7.2,6.2,8.5
E00168,P00764,Project Team Member,2024-08-15,2024-08-29,1,8.0,9.3,8.9
E00168,P00843,Project Team Member,2024-12-03,2024-12-12,1,5.9,5.2,7.8
E00168,P00856,Project Team Member,2025-05-16,2025-06-07,1,5.5,5.0,7.6
E00169,P00068,Contributor,2026-03-01,2026-03-15,1,5.5,5.0,6.6
E00169,P00084,Contributor,2023-06-10,2024-02-14,2,6.6,5.9,7.2
E00169,P00104,Contributor,2023-12-06,2023-12-10,1,6.3,5.3,7.0
E00169,P00123,Contributor,2025-06-08,2025-06-12,1,8.0,9.3,7.9
E00169,P00139,Contributor,2025-03-13,2025-03-24,1,6.1,5.9,7.0
E00169,P00238,Contributor,2023-12-12,2023-12-23,1,5.6,5.3,6.7
E00169,P00304,Contributor,2025-04-03,2025-04-09,1,5.7,5.9,6.8
E00169,P00408,Contributor,2023-10-22,2023-11-05,1,7.2,8.1,7.5
E00169,P00423,Contributor,2026-02-08,2026-02-20,1,7.4,8.6,7.6
E00169,P00453,Contributor,2025-08-13,2025-08-21,1,8.6,8.8,8.2
E00169,P00455,Contributor,2025-02-14,2025-02-21,1,6.2,7.4,7.0
E00169,P00474,Contributor,2025-12-16,2025-12-29,1,5.5,5.0,6.6
E00169,P00503,Contributor,2023-09-02,2023-09-10,1,9.3,9.7,8.6
E00169,P00516,Contributor,2025-01-10,2025-01-12,1,5.5,5.0,6.6
E00169,P00672,Contributor,2025-10-30,2025-11-12,1,8.0,8.3,7.9
E00169,P00706,Contributor,2023-07-23,2023-07-25,1,5.5,5.0,6.6
E00169,P00708,Contributor,2026-01-28,2026-02-07,1,5.5,5.5,6.6
E00169,P00741,Contributor,2025-07-28,2025-08-06,1,8.6,8.8,8.2
E00169,P00815,Contributor,2025-12-20,2025-12-21,1,7.5,8.5,7.6
E00169,P00820,Contributor,2024-04-15,2024-04-22,1,7.8,9.2,7.8
E00169,P00856,Contributor,2024-11-19,2024-11-29,1,6.8,7.3,7.3
E00170,P00009,Coordinator,2023-08-31,2023-09-09,1,5.8,5.8,6.6
E00170,P00037,Coordinator,2025-11-05,2025-11-17,1,6.0,6.0,6.7
E00170,P00122,Coordinator,2024-12-21,2025-01-05,1,7.2,7.9,7.3
E00170,P00161,Coordinator,2025-12-29,2026-01-07,1,5.8,6.7,6.6
E00170,P00212,Coordinator,2025-06-02,2025-06-04,1,8.0,9.3,7.7
E00170,P00219,Coordinator,2024-04-29,2024-05-05,1,7.3,8.2,7.4
E00170,P00221,Coordinator,2025-12-22,2025-12-25,1,7.6,8.8,7.5
E00170,P00238,Coordinator,2024-02-04,2024-02-12,1,6.2,7.1,6.8
E00170,P00243,Coordinator,2025-08-21,2025-09-01,1,5.5,5.2,6.4
E00170,P00248,Coordinator,2026-01-23,2026-01-27,1,6.6,5.6,7.0
E00170,P00304,Coordinator,2025-06-26,2025-07-11,1,5.8,6.2,6.6
E00170,P00327,Coordinator,2026-01-06,2026-01-15,1,8.2,8.0,7.8
E00170,P00382,Coordinator,2024-02-01,2024-02-15,1,6.0,6.4,6.7
E00170,P00392,Coordinator,2023-08-28,2023-09-03,1,5.5,5.0,6.4
E00170,P00399,Coordinator,2024-01-19,2024-06-20,2,7.0,6.5,7.2
E00170,P00412,Coordinator,2024-11-25,2024-12-03,1,7.1,8.4,7.2
E00170,P00421,Coordinator,2024-02-24,2024-03-06,1,5.8,5.4,6.6
E00170,P00425,Coordinator,2026-03-18,2026-03-21,1,8.0,7.6,7.7
E00170,P00434,Coordinator,2025-02-11,2025-02-26,1,9.3,9.7,8.4
E00170,P00537,Coordinator,2024-04-20,2024-05-07,1,5.5,5.0,6.4
E00170,P00588,Coordinator,2026-03-24,2026-04-02,1,6.2,5.2,6.8
E00170,P00594,Coordinator,2024-06-10,2024-07-05,1,5.5,5.0,6.4
E00170,P00597,Coordinator,2023-10-21,2023-11-05,1,6.8,8.1,7.1
E00170,P00599,Coordinator,2024-01-19,2024-01-26,1,7.2,7.4,7.3
E00170,P00605,Coordinator,2025-04-14,2025-04-18,1,7.6,8.6,7.5
E00170,P00627,Coordinator,2024-12-11,2024-12-26,1,5.5,6.1,6.4
E00170,P00632,Coordinator,2026-03-16,2026-03-03,1,7.2,8.5,7.3
E00170,P00686,Coordinator,2025-03-03,2025-03-09,1,6.7,7.3,7.0
E00170,P00697,Coordinator,2025-04-27,2025-05-08,1,6.8,7.8,7.1
E00170,P00700,Coordinator,2024-03-01,2024-03-03,1,5.5,5.0,6.4
E00170,P00725,Coordinator,2026-04-13,2026-04-28,1,6.0,5.6,6.7
E00170,P00767,Coordinator,2024-03-10,2024-03-19,1,7.5,8.8,7.4
E00170,P00769,Coordinator,2025-08-13,2025-08-20,1,7.9,8.7,7.6
E00170,P00784,Coordinator,2025-08-26,2025-08-28,1,7.4,8.2,7.4
E00170,P00869,Coordinator,2024-12-03,2025-05-18,2,6.6,6.0,7.0
E00170,P00882,Coordinator,2023-09-09,2023-09-19,1,5.5,5.0,6.4
E00170,P00891,Coordinator,2024-04-03,2024-04-09,1,8.5,8.9,8.0
E00171,P00014,Project Team Member,2024-06-12,2024-07-12,1,6.7,7.3,7.0
E00171,P00025,Project Team Member,2025-04-29,2025-05-08,1,8.1,8.8,7.6
E00171,P00062,Project Team Member,2025-05-09,2025-05-23,1,6.6,7.6,6.9
E00171,P00094,Project Team Member,2026-04-15,2026-04-30,1,5.5,5.0,6.4
E00171,P00117,Project Team Member,2026-02-19,2026-02-23,1,7.2,8.6,7.2
E00171,P00136,Project Team Member,2024-10-12,2024-10-18,1,6.0,7.4,6.6
E00171,P00143,Project Team Member,2025-10-31,2025-11-15,1,6.2,7.3,6.7
E00171,P00149,Project Team Member,2023-08-19,2023-08-30,1,8.0,9.3,7.6
E00171,P00172,Project Team Member,2025-04-18,2025-04-24,1,5.7,6.2,6.4
E00171,P00221,Project Team Member,2025-12-30,2026-01-02,1,5.5,5.0,6.4
E00171,P00222,Project Team Member,2023-05-09,2023-05-29,1,6.7,8.1,7.0
E00171,P00234,Project Team Member,2025-02-01,2025-02-07,1,5.9,5.2,6.6
E00171,P00244,Project Team Member,2026-04-11,2026-03-02,1,6.1,5.9,6.6
E00171,P00266,Project Team Member,2023-04-24,2023-05-02,1,8.7,8.9,8.0
E00171,P00294,Project Team Member,2023-12-26,2024-06-07,2,6.6,6.0,6.9
E00171,P00306,Project Team Member,2026-02-23,2026-03-15,1,5.5,5.0,6.4
E00171,P00307,Project Team Member,2025-03-04,2025-03-12,1,6.7,7.0,7.0
E00171,P00316,Project Team Member,2023-07-18,2023-07-24,1,7.0,8.3,7.1
E00171,P00323,Project Team Member,2026-01-04,2026-01-08,1,7.4,8.2,7.3
E00171,P00330,Project Team Member,2025-01-24,2025-02-02,1,7.2,8.5,7.2
E00171,P00340,Project Team Member,2024-11-12,2024-12-07,1,9.1,9.7,8.2
E00171,P00346,Project Team Member,2026-01-05,2026-01-16,1,7.8,7.2,7.5
E00171,P00368,Project Team Member,2026-01-05,2026-01-18,1,7.8,9.0,7.5
E00171,P00378,Project Team Member,2025-08-26,2025-08-28,1,7.7,7.6,7.4
E00171,P00386,Project Team Member,2023-12-25,2023-12-31,1,6.3,6.3,6.8
E00171,P00403,Project Team Member,2024-06-12,2024-06-19,1,5.5,5.0,6.4
E00171,P00430,Project Team Member,2025-12-25,2026-01-08,1,6.6,7.9,6.9
E00171,P00493,Project Team Member,2023-10-20,2023-10-26,1,9.6,9.7,8.4
E00171,P00549,Project Team Member,2025-04-27,2025-05-07,1,6.7,7.0,7.0
E00171,P00594,Project Team Member,2024-06-10,2024-06-13,1,6.6,7.3,6.9
E00171,P00698,Project Team Member,2024-07-27,2025-04-05,2,6.8,7.0,7.0
E00171,P00707,Project Team Member,2024-03-19,2024-04-03,1,6.6,5.6,6.9
E00171,P00755,Project Team Member,2026-03-14,2026-03-20,1,6.7,7.5,7.0
E00171,P00795,Project Team Member,2024-10-25,2024-10-28,1,7.7,8.9,7.4
E00171,P00819,Project Team Member,2025-09-20,2025-09-29,1,5.5,5.0,6.4
E00171,P00864,Project Team Member,2024-03-18,2024-03-26,1,5.5,5.0,6.4
E00171,P00890,Project Team Member,2023-11-04,2023-11-11,1,7.5,8.8,7.4
E00172,P00267,Project Team Member,2025-03-06,2025-03-08,1,5.5,5.0,6.4
E00172,P00282,Project Team Member,2023-07-21,2023-08-03,1,5.9,5.6,6.6
E00172,P00348,Project Team Member,2025-09-27,2025-10-08,1,6.0,6.6,6.6
E00172,P00498,Project Team Member,2025-11-02,2025-11-10,1,5.5,5.0,6.4
E00172,P00512,Project Team Member,2024-04-20,2024-04-26,1,5.8,5.9,6.5
E00172,P00585,Project Team Member,2025-06-29,2025-07-04,1,8.0,9.4,7.6
E00172,P00617,Project Team Member,2025-08-03,2025-08-11,1,7.2,8.0,7.2
E00172,P00701,Project Team Member,2025-01-02,2025-01-08,1,5.5,5.0,6.4
E00173,P00081,Project Team Member,2025-04-29,2025-05-04,1,7.2,6.2,7.6
E00173,P00090,Project Team Member,2026-02-16,2026-03-01,1,8.3,8.1,8.2
E00173,P00128,Project Team Member,2024-01-17,2024-01-29,1,5.8,5.0,6.9
E00173,P00153,Project Team Member,2025-04-01,2025-04-13,1,5.5,5.0,6.8
E00173,P00187,Project Team Member,2025-11-24,2025-12-07,1,6.3,7.2,7.2
E00173,P00202,Project Team Member,2024-05-24,2024-06-03,1,5.5,5.0,6.8
E00173,P00237,Project Team Member,2025-06-15,2025-06-27,1,6.9,8.3,7.4
E00173,P00270,Project Team Member,2024-05-04,2024-05-16,1,8.0,9.3,8.0
E00173,P00302,Project Team Member,2025-01-21,2025-01-27,1,5.5,5.0,6.8
E00173,P00308,Project Team Member,2023-07-08,2023-07-15,1,6.3,6.4,7.2
E00173,P00342,Project Team Member,2026-03-22,2026-03-30,1,9.7,9.7,8.8
E00173,P00390,Project Team Member,2025-04-18,2025-04-28,1,6.2,6.3,7.1
E00173,P00469,Project Team Member,2023-09-26,2023-10-08,1,6.9,7.4,7.4
E00173,P00479,Project Team Member,2025-08-08,2025-08-12,1,6.9,8.2,7.4
E00173,P00536,Project Team Member,2023-06-14,2023-06-24,1,7.3,7.6,7.6
E00173,P00586,Project Team Member,2026-03-10,2026-03-15,1,6.6,7.9,7.3
E00173,P00626,Project Team Member,2025-12-26,2026-01-04,1,7.6,8.9,7.8
E00173,P00645,Project Team Member,2025-03-20,2025-04-08,1,8.0,8.9,8.0
E00173,P00670,Project Team Member,2024-11-22,2024-12-06,1,6.8,7.3,7.4
E00173,P00685,Project Team Member,2026-03-02,2026-03-17,2,5.5,5.0,6.8
E00173,P00749,Project Team Member,2026-03-24,2026-03-31,2,7.0,6.7,7.5
E00173,P00786,Project Team Member,2026-03-05,2026-03-08,1,6.0,5.7,7.0
E00173,P00849,Project Team Member,2025-01-03,2025-01-09,1,5.9,6.2,7.0
E00174,P00096,Project Team Member,2025-08-06,2025-08-11,1,5.5,5.0,7.0
E00174,P00101,Project Team Member,2025-09-08,2025-09-20,1,6.4,7.1,7.4
E00174,P00124,Project Team Member,2026-01-07,2026-01-17,1,5.5,5.0,7.0
E00174,P00141,Project Team Member,2025-11-04,2025-11-12,1,5.6,6.2,7.0
E00174,P00234,Project Team Member,2025-03-03,2025-03-05,1,5.5,5.0,7.0
E00174,P00355,Project Team Member,2023-06-18,2023-07-09,1,5.8,5.6,7.1
E00174,P00460,Project Team Member,2026-02-11,2026-02-23,1,5.5,5.0,7.0
E00174,P00504,Project Team Member,2023-06-15,2023-06-25,1,6.4,7.4,7.4
E00174,P00604,Project Team Member,2024-01-08,2024-01-13,1,5.5,5.2,7.0
E00174,P00663,Project Team Member,2025-06-18,2025-06-29,1,5.8,5.7,7.1
E00174,P00731,Project Team Member,2024-10-10,2024-10-13,1,6.8,7.5,7.6
E00174,P00826,Project Team Member,2025-05-22,2025-06-01,1,8.8,9.7,8.6
E00175,P00004,Project Team Member,2024-11-24,2024-11-30,1,7.6,8.9,7.9
E00175,P00008,Project Team Member,2025-05-06,2025-05-11,1,6.4,6.4,7.3
E00175,P00019,Project Team Member,2026-04-13,2026-04-27,1,7.2,8.0,7.7
E00175,P00024,Project Team Member,2023-09-02,2023-09-06,1,5.5,5.0,6.8
E00175,P00026,Project Team Member,2023-08-13,2023-08-24,1,8.3,8.5,8.2
E00175,P00040,Project Team Member,2023-09-03,2023-10-05,2,8.0,8.4,8.1
E00175,P00042,Project Team Member,2023-11-05,2023-11-12,1,7.4,7.5,7.8
E00175,P00049,Project Team Member,2024-12-03,2024-12-07,1,5.5,6.2,6.8
E00175,P00052,Project Team Member,2023-11-06,2023-11-16,1,6.2,6.3,7.2
E00175,P00062,Project Team Member,2025-05-21,2025-06-17,2,6.5,5.7,7.4
E00175,P00072,Project Team Member,2026-01-11,2026-01-26,1,7.4,8.8,7.8
E00175,P00075,Project Team Member,2026-04-27,2026-05-06,1,5.9,5.2,7.0
E00175,P00085,Project Team Member,2023-06-07,2023-06-10,1,5.5,5.0,6.8
E00175,P00091,Project Team Member,2026-02-16,2026-02-20,1,6.2,7.5,7.2
E00175,P00115,Project Team Member,2025-04-16,2025-04-22,1,8.0,9.0,8.1
E00175,P00141,Project Team Member,2025-12-29,2026-01-12,1,6.8,7.9,7.5
E00175,P00162,Project Team Member,2025-05-23,2025-05-25,1,5.9,6.1,7.0
E00175,P00204,Project Team Member,2025-05-29,2025-06-06,1,5.5,5.5,6.8
E00175,P00234,Project Team Member,2024-10-07,2024-10-14,1,6.3,6.8,7.2
E00175,P00265,Project Team Member,2025-11-08,2025-11-19,1,7.0,7.0,7.6
E00175,P00280,Project Team Member,2025-02-04,2025-02-12,1,5.5,6.0,6.8
E00175,P00293,Project Team Member,2024-09-19,2024-09-25,1,8.9,9.4,8.6
E00175,P00295,Project Team Member,2024-10-12,2024-10-18,1,6.2,6.6,7.2
E00175,P00307,Project Team Member,2024-06-14,2024-06-19,1,5.5,5.3,6.8
E00175,P00330,Project Team Member,2025-06-29,2025-07-03,1,5.5,5.0,6.8
E00175,P00332,Project Team Member,2025-11-09,2025-11-19,1,7.0,7.5,7.6
E00175,P00360,Project Team Member,2025-03-11,2025-03-26,1,5.5,5.1,6.8
E00175,P00391,Project Team Member,2023-11-24,2023-12-03,1,5.5,5.0,6.8
E00175,P00426,Project Team Member,2023-08-16,2023-08-28,1,8.0,9.3,8.1
E00175,P00433,Project Team Member,2025-04-27,2025-05-06,1,6.0,6.1,7.1
E00175,P00437,Project Team Member,2024-02-23,2024-02-29,1,8.0,9.3,8.1
E00175,P00455,Project Team Member,2025-04-01,2025-04-11,1,7.1,7.7,7.6
E00175,P00476,Project Team Member,2024-08-25,2024-09-03,1,5.5,5.5,6.8
E00175,P00484,Project Team Member,2024-04-23,2024-04-25,1,7.5,8.8,7.8
E00175,P00490,Project Team Member,2025-07-23,2025-08-11,1,6.4,6.5,7.3
E00175,P00493,Project Team Member,2023-07-07,2023-07-25,1,5.5,5.0,6.8
E00175,P00503,Project Team Member,2023-09-27,2023-10-10,1,9.4,9.7,8.8
E00175,P00509,Project Team Member,2026-03-30,2026-02-28,1,7.0,7.9,7.6
E00175,P00536,Project Team Member,2023-03-28,2023-04-08,1,6.8,7.8,7.5
E00175,P00557,Project Team Member,2026-03-01,2026-03-06,1,5.9,7.0,7.0
E00175,P00580,Project Team Member,2025-05-19,2025-05-28,1,5.5,5.5,6.8
E00175,P00608,Project Team Member,2025-07-24,2025-07-29,1,8.8,9.7,8.5
E00175,P00637,Project Team Member,2024-06-12,2024-06-19,1,6.5,7.8,7.4
E00175,P00652,Project Team Member,2024-10-06,2024-10-18,1,7.2,8.2,7.7
E00175,P00697,Project Team Member,2025-11-17,2025-11-20,1,6.2,7.1,7.2
E00175,P00702,Project Team Member,2024-04-09,2024-04-12,1,7.8,9.0,8.0
E00175,P00703,Project Team Member,2025-05-27,2025-06-02,1,7.0,8.4,7.6
E00175,P00734,Project Team Member,2023-12-01,2023-12-08,1,6.9,8.0,7.6
E00175,P00735,Project Team Member,2023-10-03,2023-10-16,1,6.0,5.8,7.1
E00175,P00740,Project Team Member,2026-02-01,2026-02-08,1,7.2,8.0,7.7
E00175,P00757,Project Team Member,2025-12-17,2026-01-01,1,6.4,6.9,7.3
E00175,P00762,Project Team Member,2025-11-01,2025-11-12,1,8.3,8.6,8.2
E00175,P00780,Project Team Member,2026-01-02,2026-01-11,1,6.5,7.1,7.4
E00175,P00801,Project Team Member,2024-09-06,2024-09-18,1,7.3,8.2,7.8
E00175,P00823,Project Team Member,2025-04-14,2025-04-21,1,5.5,5.0,6.8
E00175,P00852,Project Team Member,2025-11-09,2025-11-11,1,7.4,8.3,7.8
E00175,P00864,Project Team Member,2024-04-12,2024-04-26,1,8.0,9.4,8.1
E00176,P00009,Project Team Member,2023-05-28,2023-06-02,1,6.7,8.1,7.8
E00176,P00049,Project Team Member,2024-06-06,2024-06-17,1,6.5,5.5,7.6
E00176,P00097,Project Team Member,2025-07-31,2025-08-05,1,7.8,7.3,8.3
E00176,P00109,Project Team Member,2023-08-02,2023-08-04,1,6.2,6.2,7.5
E00176,P00142,Project Team Member,2025-05-21,2025-06-05,1,8.1,9.3,8.4
E00176,P00143,Project Team Member,2025-04-04,2025-04-14,1,8.0,9.4,8.4
E00176,P00160,Project Team Member,2023-08-25,2023-09-02,1,8.8,9.7,8.8
E00176,P00181,Project Team Member,2026-02-21,2026-03-10,2,7.2,7.0,8.0
E00176,P00200,Project Team Member,2024-12-26,2025-05-11,2,7.0,7.3,7.9
E00176,P00225,Project Team Member,2026-02-04,2026-02-06,1,6.4,7.8,7.6
E00176,P00235,Project Team Member,2024-12-05,2024-12-11,1,5.5,5.0,7.2
E00176,P00244,Project Team Member,2026-04-11,2026-03-02,1,7.0,7.8,7.9
E00176,P00252,Project Team Member,2025-05-10,2025-05-17,1,5.8,6.7,7.3
E00176,P00287,Project Team Member,2025-08-24,2025-08-31,1,7.1,7.5,8.0
E00176,P00288,Project Team Member,2024-11-25,2025-03-15,2,7.4,8.1,8.1
E00176,P00323,Project Team Member,2025-07-26,2025-08-08,1,5.9,5.8,7.4
E00176,P00371,Project Team Member,2025-05-13,2025-05-21,1,6.5,5.5,7.6
E00176,P00408,Project Team Member,2023-10-04,2023-10-23,1,7.3,7.6,8.0
E00176,P00436,Project Team Member,2024-02-19,2024-02-28,1,5.5,5.0,7.2
E00176,P00437,Project Team Member,2024-11-28,2024-12-06,1,5.8,5.6,7.3
E00176,P00495,Project Team Member,2025-11-21,2026-02-22,2,6.9,6.9,7.8
E00176,P00532,Project Team Member,2025-04-30,2025-05-04,1,8.0,9.3,8.4
E00176,P00542,Project Team Member,2023-06-23,2023-07-04,1,5.5,5.1,7.2
E00176,P00546,Project Team Member,2024-09-30,2024-10-15,1,6.1,5.9,7.4
E00176,P00580,Project Team Member,2025-04-29,2025-05-05,1,7.5,8.9,8.2
E00176,P00602,Project Team Member,2024-04-22,2024-04-27,1,8.0,9.3,8.4
E00176,P00652,Project Team Member,2024-08-10,2024-08-14,1,5.5,5.0,7.2
E00176,P00665,Project Team Member,2025-05-28,2025-06-12,1,5.5,5.0,7.2
E00176,P00719,Project Team Member,2025-12-12,2025-12-25,1,7.6,8.3,8.2
E00176,P00740,Project Team Member,2026-03-17,2026-03-24,1,5.5,5.0,7.2
E00176,P00778,Project Team Member,2024-07-13,2025-01-01,2,7.4,7.2,8.1
E00176,P00851,Project Team Member,2023-07-19,2023-08-01,1,5.5,5.0,7.2
E00176,P00864,Project Team Member,2024-05-16,2024-05-31,1,8.4,9.3,8.6
E00176,P00865,Project Team Member,2023-04-13,2023-04-17,1,8.0,9.3,8.4
E00176,P00891,Project Team Member,2023-07-29,2023-08-06,1,8.5,9.3,8.6
E00177,P00007,Project Team Member,2025-07-17,2025-07-29,1,5.5,5.0,6.8
E00177,P00024,Project Team Member,2024-01-16,2024-01-21,1,7.2,6.2,7.6
E00177,P00048,Project Team Member,2025-08-16,2025-08-30,1,7.1,8.3,7.6
E00177,P00066,Project Team Member,2024-11-13,2024-11-22,1,6.4,7.7,7.2
E00177,P00077,Project Team Member,2024-04-09,2024-04-19,1,7.0,8.4,7.5
E00177,P00080,Project Team Member,2026-01-11,2026-01-18,1,7.0,8.4,7.5
E00177,P00133,Project Team Member,2025-02-14,2025-02-22,1,5.5,5.0,6.8
E00177,P00136,Project Team Member,2024-10-30,2024-11-11,1,7.3,8.1,7.6
E00177,P00148,Project Team Member,2024-01-18,2024-02-03,1,6.6,6.9,7.3
E00177,P00161,Project Team Member,2025-09-22,2025-10-16,1,5.5,5.0,6.8
E00177,P00183,Project Team Member,2024-01-09,2024-01-19,1,7.5,8.0,7.8
E00177,P00189,Project Team Member,2025-03-15,2025-03-29,1,7.7,8.8,7.8
E00177,P00191,Project Team Member,2025-08-03,2025-08-12,1,5.9,5.2,7.0
E00177,P00211,Project Team Member,2025-06-27,2025-07-02,1,5.5,5.0,6.8
E00177,P00212,Project Team Member,2025-05-09,2025-06-02,1,7.6,9.0,7.8
E00177,P00219,Project Team Member,2024-11-10,2024-11-14,1,5.5,5.0,6.8
E00177,P00226,Project Team Member,2025-08-25,2025-09-05,1,7.3,8.6,7.6
E00177,P00250,Project Team Member,2024-03-21,2024-04-03,1,5.8,6.8,6.9
E00177,P00255,Project Team Member,2024-05-04,2024-05-16,1,7.1,8.0,7.6
E00177,P00273,Project Team Member,2026-01-30,2026-02-06,1,7.5,6.7,7.8
E00177,P00286,Project Team Member,2025-08-15,2025-08-29,1,8.0,9.3,8.0
E00177,P00360,Project Team Member,2025-07-05,2025-07-07,1,5.5,5.0,6.8
E00177,P00378,Project Team Member,2024-06-25,2024-06-30,1,5.7,5.8,6.8
E00177,P00386,Project Team Member,2023-09-20,2023-09-24,1,6.5,7.8,7.2
E00177,P00395,Project Team Member,2026-01-22,2026-01-26,1,5.5,5.8,6.8
E00177,P00399,Project Team Member,2023-10-17,2023-10-25,1,6.3,7.2,7.2
E00177,P00405,Project Team Member,2025-06-22,2025-06-25,1,6.8,7.3,7.4
E00177,P00415,Project Team Member,2024-07-05,2024-07-07,1,7.7,9.1,7.8
E00177,P00425,Project Team Member,2026-03-04,2026-03-19,1,5.6,6.5,6.8
E00177,P00426,Project Team Member,2023-07-14,2023-07-28,1,9.3,9.7,8.6
E00177,P00428,Project Team Member,2025-08-26,2025-09-01,1,6.8,7.2,7.4
E00177,P00430,Project Team Member,2025-11-02,2025-11-14,1,7.3,7.4,7.6
E00177,P00437,Project Team Member,2024-07-04,2024-07-07,1,8.0,9.3,8.0
E00177,P00458,Project Team Member,2026-02-18,2026-03-03,1,6.9,8.2,7.4
E00177,P00463,Project Team Member,2026-04-28,2026-02-19,1,5.8,5.0,6.9
E00177,P00480,Project Team Member,2024-02-14,2024-02-16,1,7.6,9.0,7.8
E00177,P00490,Project Team Member,2025-06-16,2025-06-25,1,6.5,6.5,7.2
E00177,P00492,Project Team Member,2024-04-08,2024-04-12,1,5.8,6.1,6.9
E00177,P00501,Project Team Member,2025-03-11,2025-03-23,1,9.0,9.6,8.5
E00177,P00509,Project Team Member,2026-03-30,2026-02-28,3,8.9,9.0,8.4
E00177,P00526,Project Team Member,2025-06-16,2025-07-10,1,5.5,5.0,6.8
E00177,P00528,Project Team Member,2024-03-14,2024-03-25,1,7.4,8.7,7.7
E00177,P00534,Project Team Member,2024-05-10,2024-05-15,1,5.5,5.0,6.8
E00177,P00561,Project Team Member,2023-08-07,2023-08-16,1,6.4,5.4,7.2
E00177,P00563,Project Team Member,2023-08-25,2023-09-08,1,5.5,5.0,6.8
E00177,P00578,Project Team Member,2026-03-16,2026-03-24,1,7.7,8.8,7.8
E00177,P00594,Project Team Member,2024-07-30,2024-08-25,1,6.7,7.8,7.4
E00177,P00596,Project Team Member,2024-08-25,2024-09-06,1,9.4,9.7,8.7
E00177,P00612,Project Team Member,2023-10-02,2023-10-22,1,5.5,5.0,6.8
E00177,P00637,Project Team Member,2024-02-04,2024-02-09,1,5.5,5.0,6.8
E00177,P00640,Project Team Member,2024-06-18,2024-06-27,1,5.5,5.0,6.8
E00177,P00650,Project Team Member,2024-06-18,2024-06-25,1,5.5,5.0,6.8
E00177,P00667,Project Team Member,2023-12-26,2024-01-01,1,6.7,7.9,7.4
E00177,P00680,Project Team Member,2024-09-02,2024-09-06,1,7.3,8.7,7.6
E00177,P00686,Project Team Member,2025-01-23,2025-01-30,1,7.6,8.8,7.8
E00177,P00729,Project Team Member,2023-06-19,2023-06-28,1,6.8,5.8,7.4
E00177,P00732,Project Team Member,2026-04-12,2026-04-14,1,6.5,6.5,7.2
E00177,P00747,Project Team Member,2023-09-02,2023-09-09,1,7.4,8.8,7.7
E00177,P00750,Project Team Member,2026-02-25,2026-03-03,1,6.7,8.1,7.4
E00177,P00772,Project Team Member,2024-05-02,2024-05-11,1,5.5,5.0,6.8
E00177,P00776,Project Team Member,2024-07-22,2024-07-27,1,5.5,5.0,6.8
E00177,P00781,Project Team Member,2024-10-26,2024-11-03,1,5.9,5.7,7.0
E00177,P00796,Project Team Member,2026-02-22,2026-02-25,1,5.5,5.0,6.8
E00177,P00817,Project Team Member,2026-01-29,2026-02-04,1,8.0,9.2,8.0
E00177,P00853,Project Team Member,2025-10-01,2025-10-14,1,6.2,6.2,7.1
E00177,P00871,Project Team Member,2025-05-09,2025-05-31,1,7.3,8.2,7.6
E00177,P00886,Project Team Member,2026-04-05,2026-03-05,1,5.5,5.0,6.8
E00177,P00894,Project Team Member,2025-03-08,2025-03-30,1,7.5,8.8,7.8
E00178,P00069,Project Team Member,2024-09-16,2024-09-23,1,8.5,9.4,9.0
E00178,P00107,Project Team Member,2026-04-16,2026-04-22,1,8.1,9.2,8.8
E00178,P00169,Project Team Member,2024-02-20,2024-03-06,1,5.5,5.0,7.4
E00178,P00171,Project Team Member,2024-03-18,2024-09-15,2,8.4,9.3,8.9
E00178,P00218,Project Team Member,2026-02-05,2026-02-20,1,5.5,5.0,7.4
E00178,P00227,Project Team Member,2026-03-23,2026-04-03,1,7.5,8.2,8.4
E00178,P00297,Project Team Member,2025-03-04,2025-03-19,1,8.0,9.3,8.7
E00178,P00443,Project Team Member,2023-08-21,2023-08-25,1,8.6,8.8,9.0
E00178,P00455,Project Team Member,2025-02-08,2025-02-23,1,5.5,5.0,7.4
E00178,P00471,Project Team Member,2023-08-13,2023-09-08,1,5.5,5.0,7.4
E00178,P00498,Project Team Member,2025-12-14,2025-12-23,1,7.2,8.2,8.3
E00178,P00568,Project Team Member,2024-10-24,2024-10-28,1,6.9,7.8,8.2
E00178,P00579,Project Team Member,2023-11-13,2023-11-18,1,7.7,7.1,8.6
E00178,P00597,Project Team Member,2023-10-19,2023-11-07,1,5.5,5.2,7.4
E00178,P00598,Project Team Member,2023-08-02,2023-08-04,1,6.3,6.4,7.8
E00178,P00629,Project Team Member,2025-12-04,2025-12-16,1,8.0,9.4,8.7
E00178,P00639,Project Team Member,2023-11-10,2024-05-13,2,7.3,7.9,8.4
E00178,P00870,Project Team Member,2023-06-02,2023-06-04,1,7.7,8.2,8.6
E00179,P00017,Project Team Member,2023-06-12,2023-06-24,1,7.1,8.5,7.4
E00179,P00019,Project Team Member,2026-04-13,2026-04-20,1,6.8,7.1,7.3
E00179,P00020,Project Team Member,2024-04-29,2024-05-14,1,5.8,6.7,6.8
E00179,P00072,Project Team Member,2025-11-26,2025-12-09,1,7.7,7.1,7.8
E00179,P00095,Project Team Member,2025-02-13,2025-02-16,1,5.5,5.0,6.6
E00179,P00096,Project Team Member,2025-05-10,2025-05-13,1,5.5,5.0,6.6
E00179,P00100,Project Team Member,2024-05-16,2024-06-11,1,7.8,8.9,7.8
E00179,P00116,Project Team Member,2025-03-03,2025-03-06,1,7.4,8.3,7.6
E00179,P00132,Project Team Member,2023-03-18,2023-03-28,1,6.6,7.3,7.2
E00179,P00172,Project Team Member,2025-07-13,2025-07-24,1,6.4,7.3,7.1
E00179,P00227,Project Team Member,2026-03-13,2026-03-15,1,8.0,9.3,7.9
E00179,P00234,Project Team Member,2024-05-14,2024-05-18,1,6.6,6.7,7.2
E00179,P00252,Project Team Member,2025-12-02,2025-12-14,1,5.5,5.3,6.6
E00179,P00268,Project Team Member,2024-03-05,2024-03-07,1,7.1,7.7,7.4
E00179,P00271,Project Team Member,2024-09-07,2024-09-21,1,6.0,5.7,6.9
E00179,P00351,Project Team Member,2024-12-18,2024-12-26,1,6.4,7.3,7.1
E00179,P00386,Project Team Member,2023-10-24,2023-11-03,1,7.3,8.6,7.6
E00179,P00405,Project Team Member,2025-04-16,2025-04-22,1,5.5,5.0,6.6
E00179,P00407,Project Team Member,2025-07-17,2025-08-09,1,7.4,7.5,7.6
E00179,P00425,Project Team Member,2026-02-13,2026-02-18,1,7.3,8.2,7.6
E00179,P00430,Project Team Member,2024-12-05,2024-12-15,1,5.5,5.0,6.6
E00179,P00464,Project Team Member,2026-04-10,2026-02-27,1,7.0,8.3,7.4
E00179,P00497,Project Team Member,2024-02-12,2024-02-19,1,7.2,6.2,7.5
E00179,P00513,Project Team Member,2025-03-25,2025-03-30,1,5.5,5.0,6.6
E00179,P00537,Project Team Member,2024-07-07,2024-07-18,1,6.0,6.3,6.9
E00179,P00562,Project Team Member,2026-04-12,2026-04-19,1,6.8,8.0,7.3
E00179,P00564,Project Team Member,2025-05-22,2025-06-06,1,6.8,7.1,7.3
E00179,P00565,Project Team Member,2024-03-10,2024-04-06,1,7.5,8.5,7.6
E00179,P00568,Project Team Member,2024-10-29,2024-11-06,1,9.0,9.7,8.4
E00179,P00588,Project Team Member,2026-03-25,2026-04-08,1,5.5,5.0,6.6
E00179,P00592,Project Team Member,2025-02-08,2025-02-13,1,7.1,7.7,7.4
E00179,P00602,Project Team Member,2024-08-08,2024-08-18,1,6.4,6.7,7.1
E00179,P00603,Project Team Member,2023-09-05,2023-09-07,1,7.1,8.4,7.4
E00179,P00615,Project Team Member,2025-02-06,2025-02-12,1,8.2,8.0,8.0
E00179,P00629,Project Team Member,2025-12-20,2025-12-31,1,6.2,6.2,7.0
E00179,P00637,Project Team Member,2024-06-20,2024-07-04,1,9.5,9.7,8.6
E00179,P00663,Project Team Member,2025-02-04,2025-03-11,2,7.4,7.3,7.6
E00179,P00671,Project Team Member,2023-09-05,2023-09-19,1,5.5,5.0,6.6
E00179,P00716,Project Team Member,2024-05-19,2024-05-23,1,6.3,7.6,7.0
E00179,P00718,Project Team Member,2025-12-13,2025-12-18,1,7.0,8.3,7.4
E00179,P00721,Project Team Member,2026-02-22,2026-03-04,1,7.5,8.8,7.6
E00179,P00742,Project Team Member,2024-04-24,2024-05-01,1,9.7,9.7,8.8
E00179,P00744,Project Team Member,2024-12-23,2025-01-06,1,8.4,9.1,8.1
E00179,P00747,Project Team Member,2023-08-03,2023-10-16,2,6.4,6.5,7.1
E00179,P00768,Project Team Member,2023-07-09,2023-07-13,1,7.4,8.7,7.6
E00179,P00779,Project Team Member,2023-08-22,2023-08-24,1,5.6,5.9,6.7
E00179,P00785,Project Team Member,2025-08-14,2025-08-29,1,8.0,9.3,7.9
E00179,P00813,Project Team Member,2024-11-08,2024-11-23,1,8.0,9.4,7.9
E00179,P00836,Project Team Member,2025-05-05,2025-05-16,1,6.5,7.8,7.2
E00179,P00855,Project Team Member,2025-08-24,2025-09-13,1,7.0,8.3,7.4
E00180,P00004,Project Team Member,2024-09-16,2024-09-29,1,5.7,6.0,7.8
E00180,P00021,Project Team Member,2025-12-28,2026-01-01,1,5.5,5.0,7.8
E00180,P00035,Project Team Member,2025-06-22,2025-06-30,1,7.0,8.4,8.5
E00180,P00069,Project Team Member,2024-07-06,2024-07-21,1,5.5,5.0,7.8
E00180,P00114,Project Team Member,2023-12-20,2023-12-22,1,8.0,9.3,9.0
E00180,P00126,Project Team Member,2025-07-28,2025-08-11,1,9.0,9.7,9.5
E00180,P00147,Project Team Member,2024-11-06,2024-11-18,1,6.5,5.5,8.2
E00180,P00247,Project Team Member,2026-01-21,2026-01-28,1,7.0,7.9,8.5
E00180,P00265,Project Team Member,2025-04-21,2025-04-30,1,5.5,5.0,7.8
E00180,P00375,Project Team Member,2025-05-07,2025-05-29,1,6.4,6.7,8.2
E00180,P00448,Project Team Member,2024-09-25,2024-10-10,1,8.0,7.9,9.0
E00180,P00483,Project Team Member,2024-10-12,2024-10-19,1,8.0,9.3,9.0
E00180,P00491,Project Team Member,2024-06-26,2024-07-02,1,7.4,8.8,8.7
E00180,P00515,Project Team Member,2024-08-26,2024-09-07,1,7.3,8.6,8.6
E00180,P00579,Project Team Member,2024-04-18,2024-04-22,1,8.6,9.6,9.3
E00180,P00688,Project Team Member,2023-07-12,2023-07-14,1,5.5,5.0,7.8
E00180,P00763,Project Team Member,2026-01-02,2026-01-04,1,6.2,5.8,8.1
E00180,P00793,Project Team Member,2026-01-29,2026-02-11,1,6.0,7.3,8.0
E00180,P00816,Project Team Member,2026-03-01,2026-03-11,1,6.8,8.1,8.4
E00181,P00042,Specialist,2023-12-15,2023-12-22,1,6.4,6.6,7.5
E00181,P00084,Specialist,2023-02-20,2023-03-07,1,6.8,7.9,7.7
E00181,P00121,Specialist,2023-11-08,2023-11-16,1,8.3,8.8,8.4
E00181,P00141,Specialist,2026-02-18,2026-02-24,1,7.7,8.9,8.2
E00181,P00143,Specialist,2025-02-23,2025-02-27,1,6.7,8.1,7.6
E00181,P00156,Specialist,2023-11-02,2023-11-12,1,5.5,5.0,7.0
E00181,P00188,Specialist,2026-01-16,2026-02-05,1,7.0,7.0,7.8
E00181,P00240,Specialist,2023-09-04,2023-09-06,1,8.4,8.3,8.5
E00181,P00254,Specialist,2024-01-14,2024-01-27,1,5.5,5.0,7.0
E00181,P00326,Specialist,2026-04-21,2026-04-23,1,5.5,5.0,7.0
E00181,P00373,Specialist,2025-10-02,2025-10-05,1,6.1,6.0,7.4
E00181,P00414,Specialist,2026-03-25,2026-03-30,1,6.3,7.1,7.4
E00181,P00519,Specialist,2025-12-30,2026-01-09,1,7.5,8.8,8.0
E00181,P00552,Specialist,2026-03-19,2026-03-29,1,7.7,8.8,8.2
E00181,P00656,Specialist,2025-05-03,2025-05-18,1,7.1,8.4,7.8
E00181,P00667,Specialist,2024-01-08,2024-02-05,1,6.7,8.1,7.6
E00181,P00707,Specialist,2024-04-26,2024-05-06,1,5.6,5.0,7.1
E00181,P00721,Specialist,2026-02-27,2026-03-03,1,6.2,6.1,7.4
E00181,P00738,Specialist,2024-01-19,2024-02-04,1,9.7,9.7,9.1
E00181,P00761,Specialist,2025-10-23,2025-10-25,1,7.4,8.4,8.0
E00181,P00784,Specialist,2026-01-28,2026-02-01,1,6.2,6.8,7.4
E00182,P00002,Project Team Member,2026-02-21,2026-03-02,1,5.6,5.5,6.4
E00182,P00024,Project Team Member,2023-12-20,2023-12-26,1,5.5,5.0,6.4
E00182,P00034,Project Team Member,2024-01-15,2024-01-30,1,8.0,8.8,7.6
E00182,P00042,Project Team Member,2024-08-21,2024-08-25,1,7.0,8.3,7.1
E00182,P00047,Project Team Member,2025-05-27,2025-06-11,1,8.0,8.5,7.6
E00182,P00048,Project Team Member,2025-09-15,2025-09-26,1,5.5,5.0,6.4
E00182,P00066,Project Team Member,2024-08-04,2024-08-11,1,7.8,9.0,7.5
E00182,P00094,Project Team Member,2026-04-15,2026-04-25,1,8.0,9.0,7.6
E00182,P00098,Project Team Member,2024-08-26,2024-09-10,1,6.1,7.1,6.6
E00182,P00099,Project Team Member,2025-04-13,2025-04-28,1,6.2,6.8,6.7
E00182,P00120,Project Team Member,2025-01-29,2025-02-06,1,9.2,9.7,8.2
E00182,P00139,Project Team Member,2025-03-20,2025-04-03,1,7.0,7.5,7.1
E00182,P00141,Project Team Member,2025-12-14,2025-12-26,1,8.8,9.7,8.0
E00182,P00142,Project Team Member,2025-09-12,2025-09-13,1,8.0,8.2,7.6
E00182,P00151,Project Team Member,2025-12-18,2025-12-20,1,9.2,9.7,8.2
E00182,P00176,Project Team Member,2024-10-05,2024-10-09,1,6.4,7.6,6.8
E00182,P00181,Project Team Member,2026-01-28,2026-02-03,1,6.1,7.2,6.6
E00182,P00197,Project Team Member,2026-01-16,2026-01-23,1,5.5,5.0,6.4
E00182,P00217,Project Team Member,2024-11-20,2024-12-02,1,6.9,8.2,7.0
E00182,P00221,Project Team Member,2025-10-27,2025-12-06,2,6.2,6.2,6.7
E00182,P00248,Project Team Member,2026-02-17,2026-02-26,1,5.5,5.0,6.4
E00182,P00259,Project Team Member,2025-03-30,2025-04-03,1,6.5,5.5,6.8
E00182,P00263,Project Team Member,2024-03-04,2024-03-14,1,7.6,8.9,7.4
E00182,P00274,Project Team Member,2024-12-06,2024-12-12,1,7.4,8.7,7.3
E00182,P00290,Project Team Member,2025-01-26,2025-02-08,1,5.5,5.0,6.4
E00182,P00299,Project Team Member,2024-12-23,2024-12-27,1,7.5,8.7,7.4
E00182,P00309,Project Team Member,2026-03-01,2026-03-08,1,5.5,5.0,6.4
E00182,P00357,Project Team Member,2023-06-11,2023-07-01,2,8.1,8.6,7.6
E00182,P00365,Project Team Member,2025-04-26,2025-04-29,1,6.0,7.0,6.6
E00182,P00388,Project Team Member,2023-10-02,2023-10-17,1,6.8,8.1,7.0
E00182,P00395,Project Team Member,2025-11-27,2025-12-04,1,7.0,8.2,7.1
E00182,P00399,Project Team Member,2024-01-09,2024-01-21,1,5.5,5.0,6.4
E00182,P00402,Project Team Member,2026-03-19,2026-04-08,1,6.3,7.2,6.8
E00182,P00409,Project Team Member,2023-07-08,2023-07-17,1,7.1,7.7,7.2
E00182,P00425,Project Team Member,2026-01-15,2026-01-29,1,5.9,6.5,6.6
E00182,P00482,Project Team Member,2023-08-04,2023-08-15,1,5.7,5.0,6.4
E00182,P00495,Project Team Member,2026-01-24,2026-01-26,1,5.5,5.0,6.4
E00182,P00510,Project Team Member,2026-03-17,2026-03-28,1,5.5,5.0,6.4
E00182,P00511,Project Team Member,2025-10-27,2025-11-09,1,8.0,9.3,7.6
E00182,P00536,Project Team Member,2023-05-06,2023-05-19,1,5.5,5.0,6.4
E00182,P00540,Project Team Member,2024-07-28,2024-08-02,1,6.0,5.8,6.6
E00182,P00602,Project Team Member,2024-07-05,2024-07-09,1,6.4,6.9,6.8
E00182,P00615,Project Team Member,2024-09-14,2024-09-22,1,7.5,8.8,7.4
E00182,P00634,Project Team Member,2024-08-22,2024-09-01,1,6.3,5.3,6.8
E00182,P00658,Project Team Member,2025-12-10,2025-12-15,1,6.8,7.8,7.0
E00182,P00665,Project Team Member,2025-11-22,2025-11-28,1,6.3,6.3,6.8
E00182,P00668,Project Team Member,2025-12-01,2025-12-15,1,6.7,7.0,7.0
E00182,P00675,Project Team Member,2024-01-16,2024-01-26,1,7.5,8.4,7.4
E00182,P00684,Project Team Member,2024-03-27,2024-04-04,1,6.8,7.7,7.0
E00182,P00687,Project Team Member,2024-11-11,2024-12-02,1,8.0,9.3,7.6
E00182,P00705,Project Team Member,2024-07-13,2024-08-14,2,6.8,6.3,7.0
E00182,P00710,Project Team Member,2025-12-07,2025-12-21,1,5.5,5.0,6.4
E00182,P00719,Project Team Member,2025-12-05,2025-12-28,1,5.5,5.0,6.4
E00182,P00729,Project Team Member,2023-06-09,2023-06-13,1,7.6,8.9,7.4
E00182,P00730,Project Team Member,2026-01-27,2026-02-04,1,5.5,5.0,6.4
E00182,P00753,Project Team Member,2023-07-11,2023-07-23,1,8.0,9.3,7.6
E00182,P00776,Project Team Member,2024-03-25,2024-04-24,1,5.5,5.0,6.4
E00182,P00805,Project Team Member,2025-09-17,2025-09-30,1,5.8,5.9,6.5
E00182,P00810,Project Team Member,2025-08-22,2025-08-26,1,5.9,5.5,6.6
E00182,P00827,Project Team Member,2024-06-13,2024-06-21,1,7.9,8.7,7.6
E00182,P00841,Project Team Member,2023-10-26,2023-11-02,1,9.0,9.4,8.1
E00183,P00023,Project Team Member,2024-09-07,2024-09-20,1,5.5,5.2,6.2
E00183,P00025,Project Team Member,2025-03-11,2025-03-14,1,5.8,6.6,6.4
E00183,P00029,Project Team Member,2025-12-06,2025-12-22,1,5.9,5.7,6.4
E00183,P00049,Project Team Member,2024-11-18,2024-11-20,1,7.4,8.4,7.2
E00183,P00074,Project Team Member,2026-01-27,2026-02-09,1,9.2,9.7,8.1
E00183,P00135,Project Team Member,2023-11-20,2023-12-05,1,8.1,9.4,7.6
E00183,P00145,Project Team Member,2026-04-06,2026-03-14,1,8.0,9.3,7.5
E00183,P00176,Project Team Member,2024-12-18,2025-01-02,1,8.6,9.2,7.8
E00183,P00185,Project Team Member,2026-03-19,2026-03-27,1,5.5,5.0,6.2
E00183,P00212,Project Team Member,2025-05-04,2025-05-06,1,6.5,6.6,6.8
E00183,P00239,Project Team Member,2024-11-09,2024-11-24,1,7.9,9.2,7.4
E00183,P00245,Project Team Member,2025-12-23,2026-01-02,1,6.1,5.7,6.6
E00183,P00256,Project Team Member,2025-07-31,2025-08-12,1,9.2,9.7,8.1
E00183,P00327,Project Team Member,2026-02-05,2026-02-13,1,7.3,8.2,7.2
E00183,P00449,Project Team Member,2026-03-10,2026-04-09,1,8.2,9.2,7.6
E00183,P00462,Project Team Member,2025-05-18,2025-05-21,1,6.5,7.8,6.8
E00183,P00465,Project Team Member,2025-06-04,2025-06-22,1,6.2,7.3,6.6
E00183,P00489,Project Team Member,2024-07-19,2024-08-11,1,7.2,6.9,7.1
E00183,P00490,Project Team Member,2025-05-28,2025-06-04,1,6.2,6.7,6.6
E00183,P00499,Project Team Member,2025-08-12,2025-08-19,1,5.9,6.9,6.4
E00183,P00527,Project Team Member,2024-07-04,2024-07-17,1,7.3,7.7,7.2
E00183,P00538,Project Team Member,2025-11-03,2025-11-12,1,9.7,9.7,8.4
E00183,P00557,Project Team Member,2026-03-16,2026-03-18,1,5.5,5.0,6.2
E00183,P00592,Project Team Member,2024-10-02,2025-03-07,2,6.0,5.8,6.5
E00183,P00595,Project Team Member,2026-01-14,2026-01-23,1,7.8,8.8,7.4
E00183,P00599,Project Team Member,2024-03-23,2024-04-02,1,6.7,7.0,6.8
E00183,P00675,Project Team Member,2023-09-30,2024-07-18,2,5.5,5.0,6.2
E00183,P00721,Project Team Member,2026-02-23,2026-03-11,1,8.1,9.1,7.6
E00183,P00739,Project Team Member,2026-01-29,2026-02-02,1,6.3,6.3,6.6
E00183,P00752,Project Team Member,2025-08-02,2025-09-08,2,7.3,6.9,7.2
E00183,P00798,Project Team Member,2023-07-24,2023-07-26,1,5.9,5.6,6.4
E00183,P00828,Project Team Member,2025-10-21,2025-10-25,1,7.3,8.6,7.2
E00183,P00855,Project Team Member,2025-10-15,2025-11-08,1,5.8,5.7,6.4
E00184,P00017,Coordinator,2023-08-06,2023-08-27,1,9.2,9.7,8.8
E00184,P00027,Coordinator,2025-12-10,2025-12-15,1,5.5,5.0,7.0
E00184,P00073,Coordinator,2024-02-01,2024-02-09,1,7.0,6.0,7.7
E00184,P00074,Coordinator,2026-02-16,2026-02-20,1,7.2,6.2,7.8
E00184,P00089,Coordinator,2025-06-04,2025-06-18,1,5.5,5.2,7.0
E00184,P00110,Coordinator,2024-05-05,2024-05-18,1,6.8,7.7,7.6
E00184,P00113,Coordinator,2024-02-18,2024-02-21,1,6.4,6.6,7.4
E00184,P00116,Coordinator,2024-10-20,2024-10-25,1,5.5,5.1,7.0
E00184,P00121,Coordinator,2024-02-24,2024-03-06,1,8.4,9.1,8.4
E00184,P00123,Coordinator,2024-08-07,2024-08-20,1,7.8,9.2,8.1
E00184,P00153,Coordinator,2025-04-23,2025-04-26,1,5.5,5.6,7.0
E00184,P00172,Coordinator,2025-09-21,2025-09-21,1,7.6,8.2,8.0
E00184,P00196,Coordinator,2025-12-08,2025-12-10,1,6.5,7.8,7.4
E00184,P00205,Coordinator,2025-06-09,2025-07-09,1,7.0,8.3,7.7
E00184,P00216,Coordinator,2024-08-31,2024-09-08,1,8.3,8.4,8.4
E00184,P00236,Coordinator,2025-06-22,2025-07-22,1,5.5,5.0,7.0
E00184,P00238,Coordinator,2024-04-15,2024-04-19,1,5.5,5.0,7.0
E00184,P00242,Coordinator,2024-04-18,2024-04-29,1,8.7,9.3,8.6
E00184,P00265,Coordinator,2025-12-01,2025-12-09,1,7.8,9.2,8.1
E00184,P00288,Coordinator,2024-09-22,2024-09-27,1,9.1,9.6,8.8
E00184,P00289,Coordinator,2026-01-23,2026-02-03,1,6.3,5.3,7.4
E00184,P00310,Coordinator,2023-06-07,2023-06-24,1,5.5,5.0,7.0
E00184,P00312,Coordinator,2024-12-11,2025-01-07,1,5.5,5.0,7.0
E00184,P00313,Coordinator,2025-07-08,2025-07-19,1,8.0,9.0,8.2
E00184,P00361,Coordinator,2024-09-06,2024-09-19,1,7.7,8.8,8.0
E00184,P00368,Coordinator,2025-12-28,2026-01-10,1,7.6,8.5,8.0
E00184,P00383,Coordinator,2024-02-23,2024-02-26,1,6.4,6.7,7.4
E00184,P00389,Coordinator,2025-02-26,2025-03-20,2,6.4,5.6,7.4
E00184,P00423,Coordinator,2026-02-14,2026-02-18,1,8.2,8.8,8.3
E00184,P00425,Coordinator,2026-03-23,2026-03-29,1,5.5,5.0,7.0
E00184,P00433,Coordinator,2025-01-18,2025-01-22,1,7.4,8.7,7.9
E00184,P00437,Coordinator,2025-02-18,2025-03-04,1,7.0,7.0,7.7
E00184,P00488,Coordinator,2023-11-30,2023-12-06,1,7.7,8.8,8.0
E00184,P00489,Coordinator,2024-12-30,2025-04-10,2,7.3,7.7,7.8
E00184,P00506,Coordinator,2023-08-07,2023-08-17,1,8.0,9.3,8.2
E00184,P00518,Coordinator,2024-02-09,2024-02-24,1,6.4,6.4,7.4
E00184,P00528,Coordinator,2024-04-16,2024-04-28,1,5.5,5.0,7.0
E00184,P00545,Coordinator,2024-02-08,2024-02-20,1,5.5,5.0,7.0
E00184,P00559,Coordinator,2025-08-03,2025-08-17,1,6.3,5.3,7.4
E00184,P00563,Coordinator,2024-01-03,2024-01-15,1,8.0,9.3,8.2
E00184,P00570,Coordinator,2025-09-10,2025-09-19,1,5.5,5.0,7.0
E00184,P00618,Coordinator,2024-07-07,2024-07-21,1,6.6,7.2,7.5
E00184,P00619,Coordinator,2024-11-07,2024-11-17,1,6.9,7.4,7.6
E00184,P00640,Coordinator,2024-03-01,2024-03-09,1,7.4,8.3,7.9
E00184,P00644,Coordinator,2025-06-26,2025-06-29,1,8.0,9.3,8.2
E00184,P00672,Coordinator,2025-11-13,2025-11-18,1,5.5,5.0,7.0
E00184,P00737,Coordinator,2024-12-02,2024-12-16,1,7.3,8.6,7.8
E00184,P00751,Coordinator,2024-10-03,2024-10-09,1,7.1,8.5,7.8
E00184,P00762,Coordinator,2025-07-08,2025-12-06,2,7.3,7.3,7.8
E00184,P00775,Coordinator,2023-07-26,2023-08-01,1,8.0,9.4,8.2
E00184,P00805,Coordinator,2025-04-01,2025-04-09,1,6.9,8.2,7.6
E00184,P00818,Coordinator,2023-12-21,2023-12-29,1,7.3,8.0,7.8
E00184,P00824,Coordinator,2023-08-12,2023-08-15,1,6.9,6.9,7.6
E00184,P00828,Coordinator,2025-08-14,2025-09-12,1,5.5,5.0,7.0
E00184,P00841,Coordinator,2024-02-22,2024-02-28,1,8.6,9.6,8.5
E00184,P00843,Coordinator,2025-11-04,2025-11-16,1,6.6,7.7,7.5
E00184,P00850,Coordinator,2025-02-02,2025-02-07,1,7.4,8.1,7.9
E00184,P00855,Coordinator,2025-10-21,2025-10-28,1,5.5,5.0,7.0
E00184,P00860,Coordinator,2025-11-12,2025-11-20,1,5.5,5.0,7.0
E00184,P00867,Coordinator,2023-11-30,2023-12-08,1,6.4,6.5,7.4
E00184,P00875,Coordinator,2025-05-08,2025-05-14,1,6.0,5.6,7.2
E00185,P00005,Project Team Member,2024-03-16,2024-03-22,1,5.5,5.0,6.6
E00185,P00016,Project Team Member,2024-09-15,2024-11-03,2,7.7,7.9,7.8
E00185,P00029,Project Team Member,2025-07-04,2025-07-17,1,6.4,7.4,7.1
E00185,P00039,Project Team Member,2023-04-07,2023-04-19,1,7.2,8.2,7.5
E00185,P00083,Project Team Member,2024-05-06,2024-05-10,1,7.9,9.1,7.8
E00185,P00149,Project Team Member,2023-03-06,2023-03-26,1,5.5,5.0,6.6
E00185,P00269,Project Team Member,2023-11-25,2023-12-03,1,5.5,5.0,6.6
E00185,P00303,Project Team Member,2024-05-08,2024-05-26,1,6.1,6.4,7.0
E00185,P00322,Project Team Member,2025-01-06,2025-01-12,1,7.1,7.8,7.4
E00185,P00356,Project Team Member,2025-07-04,2025-07-11,1,5.5,5.0,6.6
E00185,P00420,Project Team Member,2025-01-09,2025-01-15,1,8.6,9.3,8.2
E00185,P00500,Project Team Member,2024-02-05,2024-02-12,1,7.2,6.2,7.5
E00185,P00531,Project Team Member,2025-01-25,2025-02-06,1,5.6,5.6,6.7
E00185,P00559,Project Team Member,2026-02-01,2026-02-10,1,5.5,5.0,6.6
E00185,P00669,Project Team Member,2024-05-26,2024-06-17,1,9.3,9.7,8.6
E00185,P00689,Project Team Member,2026-02-11,2026-03-12,1,8.1,9.3,8.0
E00185,P00774,Project Team Member,2025-08-25,2025-09-05,1,6.0,6.4,6.9
E00185,P00815,Project Team Member,2025-11-26,2025-12-17,1,5.5,5.0,6.6
E00185,P00833,Project Team Member,2025-10-14,2025-10-29,1,6.6,7.4,7.2
E00185,P00834,Project Team Member,2024-03-13,2024-03-19,1,7.4,8.6,7.6
E00185,P00844,Project Team Member,2025-03-30,2025-04-05,1,8.0,9.0,7.9
E00185,P00852,Project Team Member,2025-06-08,2025-06-12,1,5.6,5.0,6.7
E00185,P00856,Project Team Member,2025-06-22,2025-06-26,1,7.5,8.4,7.6
E00186,P00045,Coordinator,2023-11-23,2023-12-01,1,6.4,7.3,7.5
E00186,P00046,Coordinator,2025-04-22,2025-04-25,1,5.5,5.0,7.0
E00186,P00063,Coordinator,2026-03-23,2026-04-05,1,6.6,6.7,7.6
E00186,P00066,Coordinator,2024-09-23,2024-10-04,1,7.9,8.8,8.2
E00186,P00067,Coordinator,2025-03-28,2025-04-01,1,5.5,5.0,7.0
E00186,P00069,Coordinator,2023-10-26,2023-11-02,1,6.3,7.2,7.4
E00186,P00079,Coordinator,2023-12-21,2023-12-31,1,8.0,9.3,8.3
E00186,P00084,Coordinator,2023-05-18,2023-05-26,1,9.3,9.7,9.0
E00186,P00089,Coordinator,2025-08-27,2025-09-21,1,7.8,9.0,8.2
E00186,P00099,Coordinator,2024-11-01,2024-11-10,1,9.6,9.7,9.1
E00186,P00105,Coordinator,2023-12-26,2023-12-31,1,7.6,8.3,8.1
E00186,P00121,Coordinator,2023-11-24,2023-11-26,1,7.6,6.9,8.1
E00186,P00151,Coordinator,2025-09-27,2025-10-02,1,5.6,5.8,7.1
E00186,P00164,Coordinator,2024-03-06,2024-03-29,1,7.3,8.6,8.0
E00186,P00167,Coordinator,2025-07-29,2025-08-09,1,5.5,5.1,7.0
E00186,P00175,Coordinator,2023-07-10,2023-07-20,1,5.5,5.0,7.0
E00186,P00190,Coordinator,2023-05-21,2023-05-30,1,5.5,5.0,7.0
E00186,P00197,Coordinator,2026-03-16,2026-03-19,1,9.0,9.5,8.8
E00186,P00244,Coordinator,2026-04-11,2026-03-02,1,8.1,8.2,8.4
E00186,P00246,Coordinator,2025-09-03,2025-09-06,1,6.8,7.4,7.7
E00186,P00257,Coordinator,2023-04-07,2023-04-22,1,7.5,7.4,8.0
E00186,P00268,Coordinator,2024-07-22,2024-07-24,1,8.0,9.3,8.3
E00186,P00272,Coordinator,2025-12-03,2025-12-09,1,6.6,8.0,7.6
E00186,P00276,Coordinator,2025-01-13,2025-01-28,1,5.5,5.0,7.0
E00186,P00282,Coordinator,2023-03-10,2023-03-24,1,5.5,5.0,7.0
E00186,P00284,Coordinator,2025-04-27,2025-05-06,1,6.1,7.0,7.4
E00186,P00287,Coordinator,2025-06-30,2025-07-12,1,5.8,5.0,7.2
E00186,P00292,Coordinator,2023-10-02,2023-10-09,1,7.7,7.1,8.2
E00186,P00296,Coordinator,2024-10-12,2024-10-16,1,5.7,5.5,7.2
E00186,P00313,Coordinator,2025-06-09,2025-06-17,1,7.4,8.4,8.0
E00186,P00351,Coordinator,2025-05-07,2025-05-17,1,6.7,8.0,7.6
E00186,P00369,Coordinator,2024-02-09,2024-02-16,1,5.5,5.0,7.0
E00186,P00406,Coordinator,2024-05-14,2024-05-17,1,7.2,8.5,7.9
E00186,P00412,Coordinator,2025-02-28,2025-03-08,1,7.0,8.4,7.8
E00186,P00450,Coordinator,2024-10-26,2024-11-14,1,6.5,7.8,7.6
E00186,P00475,Coordinator,2024-08-11,2024-08-15,1,7.6,8.8,8.1
E00186,P00480,Coordinator,2024-02-25,2024-03-13,1,5.5,5.5,7.0
E00186,P00488,Coordinator,2023-04-15,2023-04-28,1,6.4,6.9,7.5
E00186,P00520,Coordinator,2023-09-05,2023-09-18,1,6.4,7.3,7.5
E00186,P00534,Coordinator,2024-07-07,2024-08-03,1,7.4,8.7,8.0
E00186,P00535,Coordinator,2026-04-19,2026-04-28,1,6.2,6.2,7.4
E00186,P00544,Coordinator,2025-01-11,2025-01-31,1,5.5,5.0,7.0
E00186,P00545,Coordinator,2024-04-16,2024-05-02,1,9.7,9.7,9.1
E00186,P00556,Coordinator,2024-07-29,2024-08-02,1,6.8,7.8,7.7
E00186,P00557,Coordinator,2026-02-04,2026-02-08,1,5.5,5.0,7.0
E00186,P00571,Coordinator,2024-05-19,2024-05-30,1,8.0,8.6,8.3
E00186,P00573,Coordinator,2024-05-11,2024-07-30,2,6.4,6.2,7.5
E00186,P00606,Coordinator,2023-02-05,2023-02-10,1,6.5,6.8,7.6
E00186,P00608,Coordinator,2026-02-22,2026-03-03,1,5.7,6.4,7.2
E00186,P00624,Coordinator,2025-04-05,2025-04-07,1,6.6,6.4,7.6
E00186,P00636,Coordinator,2024-01-25,2024-02-22,1,5.9,5.2,7.2
E00186,P00637,Coordinator,2024-08-08,2024-08-21,1,5.5,5.0,7.0
E00186,P00661,Coordinator,2023-04-22,2023-04-25,1,5.8,6.7,7.2
E00186,P00665,Coordinator,2025-07-28,2025-08-05,1,5.5,5.0,7.0
E00186,P00694,Coordinator,2024-02-02,2024-02-05,1,7.0,8.0,7.8
E00186,P00712,Coordinator,2026-03-22,2026-04-10,1,7.4,8.4,8.0
E00186,P00749,Coordinator,2026-03-20,2026-03-23,1,7.7,8.9,8.2
E00186,P00783,Coordinator,2023-11-25,2023-12-13,1,5.5,5.0,7.0
E00186,P00802,Coordinator,2024-07-29,2024-08-14,1,5.5,5.0,7.0
E00186,P00826,Coordinator,2025-06-06,2025-06-15,1,7.6,8.6,8.1
E00186,P00867,Coordinator,2024-09-01,2024-09-12,1,5.5,5.0,7.0
E00186,P00875,Coordinator,2024-12-26,2025-01-03,1,7.2,8.5,7.9
E00186,P00891,Coordinator,2023-08-26,2023-09-06,1,8.0,9.3,8.3
E00186,P00900,Coordinator,2026-02-17,2026-03-03,1,6.7,7.8,7.6
E00187,P00065,Project Team Member,2025-03-23,2025-03-29,1,8.8,9.7,8.6
E00187,P00076,Project Team Member,2026-01-08,2026-01-11,1,7.9,9.1,8.2
E00187,P00152,Project Team Member,2026-03-23,2026-04-01,1,8.3,8.7,8.4
E00187,P00203,Project Team Member,2024-12-04,2024-12-24,1,5.5,5.0,7.0
E00187,P00262,Project Team Member,2024-10-02,2024-10-13,1,6.5,5.5,7.4
E00187,P00286,Project Team Member,2025-03-16,2025-03-31,1,5.6,6.8,7.0
E00187,P00337,Project Team Member,2023-07-07,2023-07-26,1,5.5,5.6,7.0
E00187,P00366,Project Team Member,2023-10-14,2023-10-21,1,8.1,9.4,8.2
E00187,P00389,Project Team Member,2025-04-03,2025-04-11,1,6.7,6.7,7.6
E00187,P00401,Project Team Member,2023-05-01,2023-05-08,1,7.5,8.5,8.0
E00187,P00443,Project Team Member,2024-01-12,2024-01-26,1,9.5,9.7,9.0
E00187,P00451,Project Team Member,2025-12-28,2026-01-03,1,5.8,6.7,7.1
E00187,P00473,Project Team Member,2025-08-28,2025-09-10,1,8.0,9.3,8.2
E00187,P00478,Project Team Member,2024-10-13,2024-10-19,1,5.5,5.0,7.0
E00187,P00494,Project Team Member,2024-12-16,2024-12-19,1,5.8,5.7,7.1
E00187,P00510,Project Team Member,2026-03-20,2026-03-24,1,5.5,5.0,7.0
E00187,P00531,Project Team Member,2025-03-06,2025-03-20,1,8.4,9.5,8.4
E00187,P00547,Project Team Member,2023-09-03,2023-09-09,1,7.6,8.7,8.0
E00187,P00553,Project Team Member,2024-12-22,2025-01-18,1,7.8,9.1,8.1
E00187,P00558,Project Team Member,2023-08-08,2023-09-17,2,6.5,5.9,7.4
E00187,P00626,Project Team Member,2026-01-04,2026-01-09,1,7.7,8.9,8.0
E00187,P00627,Project Team Member,2024-01-08,2024-01-15,1,7.9,8.9,8.2
E00187,P00677,Project Team Member,2024-11-08,2025-04-13,2,6.4,6.2,7.4
E00187,P00682,Project Team Member,2024-08-11,2024-08-17,1,8.0,9.4,8.2
E00187,P00711,Project Team Member,2024-12-31,2025-01-09,1,5.7,6.2,7.0
E00187,P00756,Project Team Member,2024-03-07,2024-03-12,1,9.3,9.7,8.9
E00187,P00827,Project Team Member,2024-10-10,2024-10-20,1,8.1,9.4,8.2
E00187,P00843,Project Team Member,2026-01-19,2026-01-22,1,7.9,8.8,8.2
E00187,P00857,Project Team Member,2025-09-11,2025-09-21,1,7.8,9.0,8.1
E00187,P00865,Project Team Member,2023-04-15,2023-04-21,1,5.6,5.7,7.0
E00187,P00879,Project Team Member,2024-05-18,2024-05-24,1,5.5,5.0,7.0
E00187,P00890,Project Team Member,2024-04-22,2024-04-30,1,5.9,6.2,7.2
E00188,P00003,Specialist,2026-03-23,2026-03-25,1,5.5,5.0,6.8
E00188,P00015,Specialist,2025-09-16,2025-09-26,1,8.0,9.4,8.0
E00188,P00043,Specialist,2023-10-20,2023-10-28,1,8.8,9.7,8.4
E00188,P00045,Specialist,2023-12-13,2023-12-25,1,7.8,8.2,7.9
E00188,P00064,Specialist,2025-08-24,2025-08-27,1,6.5,7.4,7.2
E00188,P00097,Specialist,2025-11-25,2025-11-27,1,5.5,5.0,6.8
E00188,P00118,Specialist,2025-03-27,2025-04-02,1,5.9,6.4,7.0
E00188,P00122,Specialist,2024-12-17,2024-12-20,1,6.8,8.1,7.4
E00188,P00145,Specialist,2026-04-06,2026-03-14,1,5.5,5.2,6.8
E00188,P00191,Specialist,2025-10-24,2025-10-28,1,5.5,5.0,6.8
E00188,P00265,Specialist,2025-02-01,2025-10-21,2,7.4,7.3,7.7
E00188,P00274,Specialist,2025-09-10,2025-09-13,1,8.0,9.3,8.0
E00188,P00277,Specialist,2025-10-18,2025-10-23,1,5.5,5.0,6.8
E00188,P00309,Specialist,2026-03-17,2026-03-22,1,8.2,8.5,8.1
E00188,P00311,Specialist,2023-09-28,2023-11-17,2,7.4,7.6,7.7
E00188,P00318,Specialist,2023-12-31,2024-06-25,2,6.4,6.4,7.2
E00188,P00331,Specialist,2025-04-12,2025-04-17,1,7.0,8.3,7.5
E00188,P00336,Specialist,2024-12-05,2024-12-19,1,6.8,7.2,7.4
E00188,P00339,Specialist,2026-01-05,2026-01-16,1,5.6,6.4,6.8
E00188,P00359,Specialist,2026-02-14,2026-02-23,1,6.4,7.6,7.2
E00188,P00376,Specialist,2025-11-09,2025-11-21,1,7.2,6.2,7.6
E00188,P00385,Specialist,2024-05-03,2024-05-07,1,6.1,6.8,7.0
E00188,P00387,Specialist,2024-05-25,2024-05-30,1,7.5,8.5,7.8
E00188,P00425,Specialist,2026-02-27,2026-03-24,1,6.5,7.8,7.2
E00188,P00427,Specialist,2025-04-13,2025-04-23,1,7.4,8.2,7.7
E00188,P00430,Specialist,2025-12-29,2026-01-06,1,8.0,9.4,8.0
E00188,P00436,Specialist,2023-12-25,2024-01-04,1,5.9,6.7,7.0
E00188,P00474,Specialist,2025-12-09,2025-12-24,1,7.4,7.8,7.7
E00188,P00478,Specialist,2024-12-13,2025-01-03,1,6.3,7.3,7.2
E00188,P00527,Specialist,2025-03-15,2025-03-21,1,8.2,8.3,8.1
E00188,P00543,Specialist,2023-05-17,2023-06-14,1,7.2,8.5,7.6
E00188,P00549,Specialist,2025-09-21,2025-10-03,1,6.2,6.2,7.1
E00188,P00573,Specialist,2023-10-28,2023-10-30,1,7.6,8.7,7.8
E00188,P00574,Specialist,2024-09-21,2024-10-01,1,5.5,5.0,6.8
E00188,P00585,Specialist,2025-04-28,2025-05-01,1,8.0,9.2,8.0
E00188,P00647,Specialist,2025-05-11,2025-05-20,1,7.8,9.1,7.9
E00188,P00657,Specialist,2026-03-05,2026-03-11,1,6.1,6.0,7.0
E00188,P00676,Specialist,2026-03-05,2026-02-18,1,6.0,5.7,7.0
E00188,P00684,Specialist,2024-10-28,2024-11-06,1,5.5,5.0,6.8
E00188,P00706,Specialist,2024-01-08,2024-01-27,1,6.9,7.8,7.4
E00188,P00717,Specialist,2025-12-21,2025-12-29,1,9.7,9.7,8.8
E00188,P00719,Specialist,2026-02-15,2026-02-22,1,7.8,9.2,7.9
E00188,P00730,Specialist,2026-03-02,2026-03-12,1,5.5,5.0,6.8
E00188,P00731,Specialist,2024-11-17,2024-11-22,1,6.4,7.1,7.2
E00188,P00742,Specialist,2024-04-20,2024-05-09,1,5.5,5.0,6.8
E00188,P00766,Specialist,2024-10-04,2024-10-16,1,7.5,8.4,7.8
E00188,P00779,Specialist,2023-04-30,2023-05-06,1,6.6,7.3,7.3
E00188,P00815,Specialist,2025-09-21,2025-10-05,1,7.2,7.9,7.6
E00188,P00821,Specialist,2024-02-08,2024-02-15,1,6.7,5.7,7.4
E00188,P00859,Specialist,2026-04-06,2026-03-13,1,6.4,6.5,7.2
E00188,P00866,Specialist,2024-12-11,2024-12-22,1,9.0,9.5,8.5
E00188,P00876,Specialist,2025-11-07,2025-11-13,1,9.3,9.7,8.6
E00189,P00023,Project Team Member,2024-10-27,2024-11-01,1,8.0,9.3,7.6
E00189,P00087,Project Team Member,2025-08-03,2025-08-14,1,8.0,9.2,7.6
E00189,P00103,Project Team Member,2024-06-20,2024-06-22,1,5.5,5.2,6.4
E00189,P00228,Project Team Member,2023-06-09,2023-06-20,1,7.1,6.1,7.2
E00189,P00252,Project Team Member,2024-10-18,2025-06-02,2,7.3,7.1,7.2
E00189,P00274,Project Team Member,2024-09-21,2025-08-21,2,7.0,6.5,7.1
E00189,P00373,Project Team Member,2025-07-24,2025-08-02,1,5.6,5.0,6.4
E00189,P00442,Project Team Member,2024-09-22,2024-10-04,1,6.6,6.9,6.9
E00189,P00450,Project Team Member,2024-12-16,2024-12-22,1,5.9,6.9,6.6
E00189,P00463,Project Team Member,2026-04-28,2026-02-19,1,6.5,5.5,6.8
E00189,P00473,Project Team Member,2025-10-19,2025-10-24,1,7.2,7.1,7.2
E00189,P00492,Project Team Member,2024-06-20,2024-07-04,1,6.6,5.9,6.9
E00189,P00510,Project Team Member,2026-03-22,2026-04-21,1,8.0,8.9,7.6
E00189,P00530,Project Team Member,2025-11-30,2025-12-12,1,8.0,9.3,7.6
E00189,P00569,Project Team Member,2025-04-18,2025-05-01,1,5.5,5.0,6.4
E00189,P00571,Project Team Member,2024-04-14,2024-04-19,1,6.9,7.0,7.0
E00189,P00690,Project Team Member,2025-01-20,2025-01-23,1,5.5,5.0,6.4
E00189,P00718,Project Team Member,2026-01-31,2026-02-15,1,5.8,6.7,6.5
E00189,P00745,Project Team Member,2025-11-02,2025-11-06,1,5.8,5.5,6.5
E00189,P00778,Project Team Member,2024-07-03,2024-07-14,1,7.0,8.0,7.1
E00189,P00799,Project Team Member,2024-06-16,2024-06-28,1,5.5,5.0,6.4
E00190,P00009,Project Team Member,2023-09-10,2023-09-18,1,5.5,5.0,6.0
E00190,P00010,Project Team Member,2023-09-17,2023-09-25,1,5.5,5.0,6.0
E00190,P00012,Project Team Member,2025-12-15,2025-12-21,1,5.6,5.6,6.1
E00190,P00019,Project Team Member,2026-04-13,2026-04-16,1,6.6,7.3,6.6
E00190,P00025,Project Team Member,2025-03-19,2025-04-02,1,6.9,8.2,6.8
E00190,P00044,Project Team Member,2024-03-14,2024-03-25,1,8.0,9.3,7.3
E00190,P00054,Project Team Member,2023-06-16,2023-06-23,1,7.4,8.2,7.0
E00190,P00076,Project Team Member,2026-01-22,2026-01-29,1,7.7,8.7,7.2
E00190,P00077,Project Team Member,2024-02-19,2024-03-14,1,5.5,5.9,6.0
E00190,P00081,Project Team Member,2024-05-28,2024-06-11,1,6.8,8.0,6.7
E00190,P00085,Project Team Member,2023-08-11,2023-09-02,1,7.6,8.1,7.1
E00190,P00089,Project Team Member,2025-03-19,2025-03-31,1,7.6,8.7,7.1
E00190,P00096,Project Team Member,2025-02-06,2025-02-18,1,5.9,5.8,6.2
E00190,P00144,Project Team Member,2024-01-10,2024-01-13,1,7.0,7.6,6.8
E00190,P00173,Project Team Member,2025-08-27,2025-09-10,1,7.1,8.1,6.8
E00190,P00179,Project Team Member,2026-03-13,2026-03-19,1,5.5,5.0,6.0
E00190,P00190,Project Team Member,2024-04-10,2024-04-12,1,5.8,5.8,6.2
E00190,P00192,Project Team Member,2024-05-14,2024-05-22,1,7.4,8.3,7.0
E00190,P00201,Project Team Member,2025-03-25,2025-03-28,1,5.5,5.0,6.0
E00190,P00205,Project Team Member,2025-04-04,2025-04-14,1,6.5,6.2,6.6
E00190,P00235,Project Team Member,2024-03-19,2024-04-03,1,7.7,8.3,7.2
E00190,P00250,Project Team Member,2023-07-22,2023-07-29,1,6.3,6.2,6.4
E00190,P00286,Project Team Member,2026-03-04,2026-03-12,1,5.9,6.9,6.2
E00190,P00324,Project Team Member,2024-10-02,2024-10-17,1,7.0,7.6,6.8
E00190,P00330,Project Team Member,2025-02-10,2025-02-15,1,6.4,7.0,6.5
E00190,P00350,Project Team Member,2025-12-24,2026-01-05,1,6.8,7.7,6.7
E00190,P00378,Project Team Member,2024-05-15,2024-05-30,1,7.1,7.3,6.8
E00190,P00401,Project Team Member,2023-09-21,2023-09-27,1,6.4,6.6,6.5
E00190,P00406,Project Team Member,2023-12-28,2024-01-15,1,6.8,7.2,6.7
E00190,P00407,Project Team Member,2024-11-29,2024-12-04,1,5.5,5.0,6.0
E00190,P00410,Project Team Member,2024-05-12,2024-05-18,1,5.5,5.0,6.0
E00190,P00428,Project Team Member,2025-08-03,2025-08-06,1,5.5,5.2,6.0
E00190,P00448,Project Team Member,2025-03-21,2025-03-25,1,6.7,7.8,6.6
E00190,P00449,Project Team Member,2026-02-26,2026-03-09,1,5.5,5.3,6.0
E00190,P00453,Project Team Member,2026-01-23,2026-02-05,1,8.6,9.3,7.6
E00190,P00479,Project Team Member,2025-06-21,2025-06-24,1,6.6,6.8,6.6
E00190,P00496,Project Team Member,2024-06-07,2024-06-11,1,6.6,6.8,6.6
E00190,P00506,Project Team Member,2023-05-14,2023-05-28,1,5.8,6.3,6.2
E00190,P00527,Project Team Member,2024-07-04,2024-07-12,1,5.5,5.0,6.0
E00190,P00531,Project Team Member,2024-03-31,2024-04-07,1,5.5,5.4,6.0
E00190,P00538,Project Team Member,2025-10-30,2025-11-01,1,5.5,5.0,6.0
E00190,P00539,Project Team Member,2024-02-23,2024-02-29,1,8.2,8.0,7.4
E00190,P00553,Project Team Member,2024-08-05,2024-08-08,1,6.2,6.6,6.4
E00190,P00588,Project Team Member,2026-03-24,2026-04-03,2,7.9,8.2,7.2
E00190,P00594,Project Team Member,2024-07-25,2024-08-05,1,6.8,7.3,6.7
E00190,P00598,Project Team Member,2024-05-03,2024-05-08,1,7.8,9.0,7.2
E00190,P00614,Project Team Member,2026-03-13,2026-03-24,1,5.5,5.0,6.0
E00190,P00623,Project Team Member,2023-12-25,2024-01-06,1,7.5,8.5,7.0
E00190,P00654,Project Team Member,2026-02-26,2026-03-13,1,6.5,5.5,6.6
E00190,P00706,Project Team Member,2024-06-07,2024-06-09,1,7.5,8.9,7.0
E00190,P00719,Project Team Member,2025-12-27,2026-01-10,1,5.5,5.0,6.0
E00190,P00726,Project Team Member,2024-09-14,2024-09-16,1,7.0,8.3,6.8
E00190,P00758,Project Team Member,2024-01-11,2024-01-15,1,5.5,5.0,6.0
E00190,P00760,Project Team Member,2023-04-08,2023-04-19,1,6.6,6.8,6.6
E00190,P00766,Project Team Member,2024-10-05,2024-10-15,1,6.6,7.9,6.6
E00190,P00773,Project Team Member,2026-01-15,2026-01-21,1,9.3,9.7,8.0
E00190,P00786,Project Team Member,2025-09-24,2025-10-14,1,7.2,6.2,6.9
E00190,P00791,Project Team Member,2025-06-04,2025-06-13,1,5.5,5.0,6.0
E00190,P00799,Project Team Member,2024-09-24,2024-10-04,1,7.5,8.5,7.0
E00190,P00802,Project Team Member,2024-07-18,2024-07-30,1,6.6,6.4,6.6
E00190,P00806,Project Team Member,2025-10-22,2026-01-23,2,6.1,6.0,6.4
E00190,P00812,Project Team Member,2023-06-11,2023-06-13,1,5.5,5.0,6.0
E00190,P00814,Project Team Member,2024-12-02,2024-12-05,1,7.1,8.5,6.8
E00190,P00843,Project Team Member,2025-09-21,2025-10-04,1,7.9,8.7,7.2
E00190,P00869,Project Team Member,2024-12-05,2024-12-15,1,5.9,6.7,6.2
E00190,P00894,Project Team Member,2025-06-14,2025-07-12,1,7.3,6.8,7.0
E00191,P00018,Contributor,2025-01-18,2025-01-28,1,8.0,9.3,7.8
E00191,P00044,Contributor,2024-05-19,2024-05-22,1,5.5,5.0,6.6
E00191,P00105,Contributor,2023-10-27,2023-11-04,1,7.7,9.1,7.6
E00191,P00129,Contributor,2026-04-10,2026-04-19,1,7.8,8.9,7.7
E00191,P00157,Contributor,2024-02-01,2024-02-03,1,5.8,6.1,6.7
E00191,P00227,Contributor,2026-03-05,2026-03-09,1,7.3,6.4,7.4
E00191,P00293,Contributor,2024-12-24,2024-12-27,1,7.1,8.3,7.4
E00191,P00311,Contributor,2023-09-29,2023-10-04,1,8.0,9.4,7.8
E00191,P00398,Contributor,2025-10-05,2025-10-19,1,7.2,8.3,7.4
E00191,P00423,Contributor,2026-01-31,2026-02-08,1,5.5,5.0,6.6
E00191,P00447,Contributor,2023-11-23,2023-11-28,1,8.0,9.3,7.8
E00191,P00554,Contributor,2024-12-07,2024-12-13,1,5.5,5.0,6.6
E00191,P00568,Contributor,2024-07-21,2024-08-11,1,8.0,8.4,7.8
E00191,P00577,Contributor,2025-06-21,2025-07-07,1,6.5,6.9,7.0
E00191,P00780,Contributor,2026-03-05,2026-03-17,1,9.7,9.7,8.6
E00191,P00792,Contributor,2023-08-17,2023-08-20,1,9.2,9.7,8.4
E00191,P00861,Contributor,2025-12-17,2025-12-22,1,7.4,8.4,7.5
E00191,P00899,Contributor,2023-12-05,2023-12-15,1,8.0,9.3,7.8
E00192,P00010,Project Team Member,2023-10-18,2023-10-29,1,5.5,5.0,7.2
E00192,P00016,Project Team Member,2024-09-17,2024-09-20,1,7.6,8.4,8.2
E00192,P00034,Project Team Member,2024-01-06,2024-01-17,1,6.3,7.1,7.6
E00192,P00073,Project Team Member,2023-12-15,2023-12-27,1,5.5,5.0,7.2
E00192,P00090,Project Team Member,2025-11-04,2025-11-15,1,5.5,5.3,7.2
E00192,P00133,Project Team Member,2024-08-03,2024-08-12,1,7.2,6.2,8.0
E00192,P00140,Project Team Member,2025-06-02,2025-06-06,1,6.6,6.7,7.7
E00192,P00141,Project Team Member,2026-01-11,2026-01-15,1,7.6,8.1,8.2
E00192,P00149,Project Team Member,2023-12-14,2023-12-23,1,7.7,8.8,8.2
E00192,P00180,Project Team Member,2025-09-22,2025-10-11,1,6.9,7.4,7.8
E00192,P00185,Project Team Member,2026-03-08,2026-03-20,1,5.9,5.2,7.4
E00192,P00189,Project Team Member,2024-09-16,2024-09-24,1,7.2,7.9,8.0
E00192,P00196,Project Team Member,2025-12-03,2025-12-14,1,7.9,7.4,8.4
E00192,P00217,Project Team Member,2024-11-14,2024-11-17,1,6.3,7.3,7.6
E00192,P00222,Project Team Member,2023-08-29,2023-09-02,1,7.2,6.2,8.0
E00192,P00233,Project Team Member,2025-12-17,2025-12-24,1,6.7,7.1,7.8
E00192,P00236,Project Team Member,2025-05-10,2025-05-13,1,6.4,7.7,7.6
E00192,P00240,Project Team Member,2023-08-30,2023-09-20,1,5.8,5.8,7.3
E00192,P00255,Project Team Member,2024-02-14,2024-02-18,1,5.5,5.1,7.2
E00192,P00268,Project Team Member,2024-04-09,2024-04-23,1,5.5,5.0,7.2
E00192,P00269,Project Team Member,2024-01-22,2024-01-24,1,5.5,5.0,7.2
E00192,P00288,Project Team Member,2024-06-16,2024-06-24,1,5.9,6.8,7.4
E00192,P00296,Project Team Member,2025-02-25,2025-03-01,1,7.9,9.2,8.4
E00192,P00311,Project Team Member,2023-12-04,2023-12-10,1,8.6,9.3,8.7
E00192,P00313,Project Team Member,2025-04-01,2025-04-16,1,8.6,8.7,8.7
E00192,P00338,Project Team Member,2024-01-03,2024-01-30,1,7.0,7.9,7.9
E00192,P00344,Project Team Member,2023-09-14,2023-09-22,1,5.5,5.0,7.2
E00192,P00363,Project Team Member,2026-03-07,2026-02-23,1,7.4,7.9,8.1
E00192,P00388,Project Team Member,2023-04-23,2023-05-08,1,5.8,5.9,7.3
E00192,P00393,Project Team Member,2026-01-27,2026-02-01,1,6.6,6.9,7.7
E00192,P00408,Project Team Member,2023-06-27,2023-07-16,1,7.0,7.6,7.9
E00192,P00418,Project Team Member,2023-06-18,2023-06-29,1,5.5,5.0,7.2
E00192,P00455,Project Team Member,2025-04-25,2025-05-01,1,7.5,8.6,8.2
E00192,P00472,Project Team Member,2025-01-28,2025-02-04,1,8.0,8.9,8.4
E00192,P00493,Project Team Member,2024-01-08,2024-01-17,1,5.5,5.0,7.2
E00192,P00511,Project Team Member,2025-10-02,2025-10-04,1,5.5,5.2,7.2
E00192,P00515,Project Team Member,2024-10-25,2024-11-04,1,6.0,5.7,7.4
E00192,P00538,Project Team Member,2025-07-12,2025-07-18,1,6.0,5.7,7.4
E00192,P00539,Project Team Member,2024-07-14,2024-07-28,1,6.8,6.7,7.8
E00192,P00540,Project Team Member,2024-09-18,2024-10-12,1,5.5,5.0,7.2
E00192,P00557,Project Team Member,2026-02-12,2026-02-15,1,6.3,5.8,7.6
E00192,P00572,Project Team Member,2023-11-21,2023-11-30,1,5.5,5.0,7.2
E00192,P00579,Project Team Member,2024-08-09,2024-08-11,1,5.5,5.0,7.2
E00192,P00593,Project Team Member,2024-12-26,2025-01-02,1,6.8,7.8,7.8
E00192,P00594,Project Team Member,2024-04-15,2024-04-24,1,5.5,5.0,7.2
E00192,P00604,Project Team Member,2023-12-20,2023-12-30,1,5.5,5.0,7.2
E00192,P00627,Project Team Member,2023-11-05,2023-11-15,1,6.5,7.8,7.6
E00192,P00641,Project Team Member,2023-11-15,2023-11-17,1,7.6,8.9,8.2
E00192,P00662,Project Team Member,2025-06-21,2025-06-28,1,7.8,9.0,8.3
E00192,P00680,Project Team Member,2024-12-03,2024-12-12,1,5.5,5.0,7.2
E00192,P00704,Project Team Member,2025-02-12,2025-02-15,1,8.7,9.6,8.8
E00192,P00718,Project Team Member,2025-12-05,2025-12-12,1,5.5,5.3,7.2
E00192,P00735,Project Team Member,2024-01-31,2024-02-08,1,7.6,8.9,8.2
E00192,P00745,Project Team Member,2025-11-04,2025-12-04,2,7.5,8.3,8.2
E00192,P00748,Project Team Member,2026-01-18,2026-02-08,1,6.6,7.0,7.7
E00192,P00767,Project Team Member,2024-09-03,2024-09-12,1,5.6,6.0,7.2
E00192,P00820,Project Team Member,2023-11-23,2023-12-06,1,9.2,9.7,9.0
E00192,P00835,Project Team Member,2024-06-02,2024-06-12,1,7.0,8.2,7.9
E00192,P00840,Project Team Member,2023-12-17,2023-12-28,1,8.6,9.6,8.7
E00192,P00843,Project Team Member,2025-02-06,2025-02-20,1,6.3,7.2,7.6
E00192,P00871,Project Team Member,2025-07-10,2025-07-25,1,5.5,5.0,7.2
E00193,P00087,Project Team Member,2025-11-10,2025-11-25,1,8.6,8.7,8.4
E00193,P00227,Project Team Member,2026-03-24,2026-03-30,1,7.8,8.6,8.0
E00193,P00229,Project Team Member,2026-02-27,2026-03-01,1,5.5,5.0,6.8
E00193,P00234,Project Team Member,2024-10-26,2024-11-04,1,7.3,8.6,7.8
E00193,P00262,Project Team Member,2024-09-22,2024-10-05,1,8.0,9.3,8.1
E00193,P00390,Project Team Member,2025-04-25,2025-07-09,2,7.2,7.8,7.7
E00193,P00403,Project Team Member,2024-06-30,2024-07-13,1,8.0,9.3,8.1
E00193,P00414,Project Team Member,2026-02-10,2026-02-20,1,5.5,5.0,6.8
E00193,P00419,Project Team Member,2024-01-05,2024-01-14,1,6.4,7.2,7.3
E00193,P00422,Project Team Member,2025-03-17,2025-03-31,1,7.8,9.1,8.0
E00193,P00512,Project Team Member,2024-07-04,2024-07-11,1,7.5,8.7,7.8
E00193,P00573,Project Team Member,2023-08-26,2023-09-01,1,5.5,5.0,6.8
E00193,P00590,Project Team Member,2026-02-15,2026-02-20,1,7.5,8.7,7.8
E00193,P00597,Project Team Member,2024-06-10,2024-07-03,1,6.6,5.6,7.4
E00193,P00628,Project Team Member,2023-10-08,2023-10-12,1,5.5,5.1,6.8
E00193,P00678,Project Team Member,2025-10-21,2025-10-30,1,8.0,9.4,8.1
E00193,P00696,Project Team Member,2025-11-11,2025-11-15,1,5.8,6.2,7.0
E00193,P00720,Project Team Member,2025-02-10,2025-02-18,1,5.5,5.0,6.8
E00193,P00858,Project Team Member,2025-05-20,2025-05-31,1,6.6,6.3,7.4
E00193,P00898,Project Team Member,2024-03-20,2024-03-22,1,5.5,5.5,6.8
E00194,P00015,Contributor,2025-09-10,2025-09-17,1,6.8,7.6,6.8
E00194,P00035,Contributor,2025-10-06,2025-10-16,1,6.3,6.4,6.6
E00194,P00043,Contributor,2023-11-30,2023-12-10,1,7.6,8.6,7.2
E00194,P00044,Contributor,2023-12-20,2023-12-28,1,5.5,5.0,6.2
E00194,P00123,Contributor,2024-09-23,2024-10-04,1,6.8,7.4,6.8
E00194,P00139,Contributor,2025-03-22,2025-04-05,1,5.5,5.0,6.2
E00194,P00230,Contributor,2025-05-12,2025-05-28,1,6.9,7.9,6.8
E00194,P00246,Contributor,2025-07-10,2025-08-01,2,6.3,5.5,6.6
E00194,P00265,Contributor,2025-03-10,2025-03-20,1,6.8,8.1,6.8
E00194,P00360,Contributor,2025-03-02,2025-03-08,1,5.5,5.0,6.2
E00194,P00361,Contributor,2024-06-05,2025-05-20,2,6.2,6.3,6.5
E00194,P00364,Contributor,2025-04-08,2025-04-20,1,7.4,7.8,7.1
E00194,P00438,Contributor,2025-08-01,2025-08-08,1,7.2,8.0,7.0
E00194,P00485,Contributor,2024-05-28,2024-06-12,1,5.9,5.5,6.4
E00194,P00602,Contributor,2024-02-18,2024-02-21,1,8.0,9.3,7.4
E00194,P00610,Contributor,2024-03-10,2024-03-23,1,5.5,5.0,6.2
E00194,P00649,Contributor,2024-03-06,2024-03-10,1,7.8,9.0,7.3
E00194,P00688,Contributor,2023-03-29,2023-03-31,1,7.2,7.9,7.0
E00194,P00698,Contributor,2024-07-29,2024-08-05,1,8.2,8.5,7.5
E00194,P00711,Contributor,2024-12-15,2024-12-27,1,8.8,9.7,7.8
E00194,P00816,Contributor,2025-12-26,2026-01-06,1,5.5,5.2,6.2
E00194,P00853,Contributor,2026-01-19,2026-01-21,1,7.6,7.2,7.2
E00194,P00890,Contributor,2023-09-22,2023-09-25,1,6.3,7.7,6.6
E00195,P00012,Contributor,2025-09-23,2025-10-07,1,6.1,6.5,7.2
E00195,P00013,Contributor,2023-05-27,2023-06-08,1,5.5,5.0,6.8
E00195,P00018,Contributor,2025-01-02,2025-01-04,1,5.5,5.0,6.8
E00195,P00091,Contributor,2025-12-11,2025-12-19,1,7.8,9.0,8.0
E00195,P00092,Contributor,2026-04-26,2026-04-28,1,6.9,7.0,7.6
E00195,P00101,Contributor,2025-07-02,2025-07-14,1,7.2,8.3,7.7
E00195,P00166,Contributor,2023-12-23,2024-01-22,1,6.3,7.4,7.2
E00195,P00167,Contributor,2025-06-07,2025-06-29,1,8.1,9.2,8.1
E00195,P00187,Contributor,2026-03-08,2026-03-17,1,7.6,8.6,7.9
E00195,P00188,Contributor,2026-02-20,2026-02-27,1,6.4,6.9,7.3
E00195,P00200,Contributor,2025-02-10,2025-02-23,1,6.1,5.9,7.2
E00195,P00217,Contributor,2024-12-16,2024-12-31,1,7.8,8.9,8.0
E00195,P00250,Contributor,2024-02-22,2024-02-29,1,6.4,7.3,7.3
E00195,P00265,Contributor,2025-08-04,2025-08-15,1,7.2,8.4,7.7
E00195,P00272,Contributor,2026-01-19,2026-02-13,1,6.9,7.8,7.6
E00195,P00285,Contributor,2023-05-14,2023-06-22,2,6.5,6.3,7.4
E00195,P00286,Contributor,2025-08-31,2025-09-06,1,6.8,7.2,7.5
E00195,P00297,Contributor,2025-05-13,2025-05-15,1,5.5,5.0,6.8
E00195,P00308,Contributor,2024-04-07,2024-04-19,1,7.0,8.3,7.6
E00195,P00311,Contributor,2023-09-01,2023-09-05,1,9.7,9.7,9.0
E00195,P00328,Contributor,2025-03-03,2025-03-05,1,6.4,6.5,7.3
E00195,P00333,Contributor,2026-03-06,2026-03-11,1,7.1,7.3,7.6
E00195,P00343,Contributor,2024-02-19,2024-02-28,1,5.5,5.6,6.8
E00195,P00344,Contributor,2023-09-15,2023-09-21,1,5.5,5.0,6.8
E00195,P00349,Contributor,2023-06-20,2023-06-22,1,5.5,5.0,6.8
E00195,P00373,Contributor,2025-08-05,2025-08-20,1,5.5,5.0,6.8
E00195,P00398,Contributor,2025-11-16,2025-11-25,1,5.5,5.3,6.8
E00195,P00405,Contributor,2025-07-16,2025-07-20,1,6.4,6.4,7.3
E00195,P00418,Contributor,2023-01-27,2023-07-01,2,6.4,6.0,7.3
E00195,P00432,Contributor,2024-09-21,2024-09-30,1,5.5,5.6,6.8
E00195,P00433,Contributor,2025-04-26,2025-05-06,1,6.3,7.2,7.2
E00195,P00440,Contributor,2023-08-22,2023-09-03,1,7.8,8.4,8.0
E00195,P00458,Contributor,2026-02-19,2026-03-03,1,5.5,5.0,6.8
E00195,P00496,Contributor,2023-09-23,2023-09-29,1,7.6,8.9,7.9
E00195,P00497,Contributor,2024-03-25,2024-03-29,1,6.3,6.4,7.2
E00195,P00517,Contributor,2024-01-20,2024-01-23,1,5.5,5.0,6.8
E00195,P00523,Contributor,2025-09-27,2025-10-06,1,6.6,7.4,7.4
E00195,P00532,Contributor,2025-09-27,2025-10-12,1,9.7,9.7,9.0
E00195,P00552,Contributor,2026-02-21,2026-02-25,1,6.1,6.7,7.2
E00195,P00561,Contributor,2024-01-13,2024-01-17,1,7.6,8.8,7.9
E00195,P00589,Contributor,2026-04-01,2026-03-14,1,7.8,8.6,8.0
E00195,P00599,Contributor,2023-07-21,2023-07-26,1,5.5,5.0,6.8
E00195,P00631,Contributor,2024-03-17,2024-03-20,1,5.5,5.6,6.8
E00195,P00652,Contributor,2024-08-12,2024-08-27,1,5.9,6.0,7.0
E00195,P00668,Contributor,2026-01-05,2026-01-25,1,6.9,8.2,7.6
E00195,P00722,Contributor,2024-07-29,2024-08-08,1,6.8,7.1,7.5
E00195,P00733,Contributor,2024-05-06,2024-05-07,1,6.8,8.1,7.5
E00195,P00739,Contributor,2025-12-07,2025-12-16,1,7.0,8.1,7.6
E00195,P00758,Contributor,2024-02-03,2024-02-11,1,8.0,9.3,8.1
E00195,P00763,Contributor,2026-03-22,2026-03-28,1,6.4,6.5,7.3
E00195,P00782,Contributor,2025-10-14,2025-10-23,1,7.5,8.4,7.8
E00195,P00785,Contributor,2025-10-11,2025-10-14,1,5.5,5.0,6.8
E00195,P00803,Contributor,2026-03-19,2026-02-25,1,8.0,9.4,8.1
E00195,P00818,Contributor,2023-09-02,2023-09-04,1,6.8,8.1,7.5
E00195,P00855,Contributor,2026-01-04,2026-01-12,1,5.5,5.0,6.8
E00195,P00871,Contributor,2025-02-14,2025-02-24,1,8.1,9.4,8.1
E00195,P00897,Contributor,2024-10-31,2024-11-18,1,6.8,8.0,7.5
E00196,P00022,Project Team Member,2025-04-04,2025-04-08,1,6.8,7.3,7.6
E00196,P00029,Project Team Member,2025-12-09,2025-12-12,1,6.3,7.1,7.4
E00196,P00035,Project Team Member,2025-12-18,2025-12-29,1,5.5,5.6,7.0
E00196,P00042,Project Team Member,2023-11-13,2023-11-20,1,6.8,7.7,7.6
E00196,P00052,Project Team Member,2024-01-04,2024-01-07,1,5.5,5.0,7.0
E00196,P00055,Project Team Member,2026-03-23,2026-03-28,1,7.7,9.0,8.0
E00196,P00061,Project Team Member,2023-03-22,2023-04-03,1,8.3,9.5,8.4
E00196,P00078,Project Team Member,2024-09-15,2024-09-27,1,5.5,5.0,7.0
E00196,P00104,Project Team Member,2024-07-09,2024-07-19,1,6.9,7.5,7.6
E00196,P00110,Project Team Member,2024-05-19,2024-05-27,1,5.5,5.0,7.0
E00196,P00155,Project Team Member,2023-08-29,2023-09-19,1,6.0,6.4,7.2
E00196,P00177,Project Team Member,2023-11-25,2023-11-30,1,8.2,8.0,8.3
E00196,P00185,Project Team Member,2026-02-26,2026-03-13,1,5.5,5.5,7.0
E00196,P00187,Project Team Member,2026-02-03,2026-02-14,1,5.5,5.0,7.0
E00196,P00192,Project Team Member,2023-09-19,2023-09-27,1,5.5,5.0,7.0
E00196,P00197,Project Team Member,2026-01-17,2026-01-21,1,6.3,7.5,7.4
E00196,P00198,Project Team Member,2024-06-25,2024-07-04,1,7.4,8.4,7.9
E00196,P00227,Project Team Member,2026-03-18,2026-04-02,1,5.5,5.0,7.0
E00196,P00245,Project Team Member,2025-10-26,2025-11-04,1,7.8,9.1,8.1
E00196,P00251,Project Team Member,2026-03-25,2026-04-06,1,7.6,9.0,8.0
E00196,P00288,Project Team Member,2024-12-21,2025-01-09,1,8.0,9.4,8.2
E00196,P00296,Project Team Member,2025-03-04,2025-03-05,1,7.2,8.3,7.8
E00196,P00329,Project Team Member,2023-06-01,2023-06-28,1,6.8,7.6,7.6
E00196,P00347,Project Team Member,2026-01-16,2026-02-13,1,7.7,8.7,8.0
E00196,P00349,Project Team Member,2023-07-05,2023-07-14,1,6.9,7.6,7.6
E00196,P00366,Project Team Member,2024-02-17,2024-02-27,1,5.9,5.5,7.2
E00196,P00378,Project Team Member,2025-07-31,2025-08-07,1,5.5,5.0,7.0
E00196,P00382,Project Team Member,2023-06-02,2023-06-13,1,5.5,5.0,7.0
E00196,P00391,Project Team Member,2023-12-21,2024-01-01,1,8.3,9.5,8.4
E00196,P00424,Project Team Member,2024-03-31,2024-04-04,1,7.2,6.2,7.8
E00196,P00438,Project Team Member,2026-03-13,2026-03-18,1,7.8,8.9,8.1
E00196,P00473,Project Team Member,2025-11-04,2025-11-07,1,5.5,5.0,7.0
E00196,P00474,Project Team Member,2026-01-17,2026-01-25,1,6.5,5.9,7.4
E00196,P00493,Project Team Member,2023-08-21,2023-09-05,1,8.4,9.7,8.4
E00196,P00497,Project Team Member,2023-06-09,2023-06-21,1,7.3,8.6,7.8
E00196,P00506,Project Team Member,2023-10-17,2023-10-18,1,6.7,6.7,7.6
E00196,P00512,Project Team Member,2024-08-01,2024-08-10,1,6.0,5.8,7.2
E00196,P00514,Project Team Member,2025-02-18,2025-02-27,1,8.4,9.7,8.4
E00196,P00526,Project Team Member,2025-07-08,2025-07-22,1,5.8,6.4,7.1
E00196,P00538,Project Team Member,2025-11-06,2025-11-16,1,5.5,5.7,7.0
E00196,P00544,Project Team Member,2025-01-04,2025-01-19,1,6.5,7.3,7.4
E00196,P00549,Project Team Member,2025-08-11,2025-08-19,1,5.5,5.0,7.0
E00196,P00564,Project Team Member,2025-05-07,2025-05-22,1,6.8,6.2,7.6
E00196,P00608,Project Team Member,2026-01-16,2026-01-19,1,7.8,9.0,8.1
E00196,P00617,Project Team Member,2026-01-04,2026-01-19,1,6.2,6.1,7.3
E00196,P00632,Project Team Member,2026-03-16,2026-03-03,1,6.6,6.7,7.5
E00196,P00650,Project Team Member,2024-06-04,2024-06-15,1,5.5,5.0,7.0
E00196,P00687,Project Team Member,2024-08-07,2024-08-18,1,5.5,5.1,7.0
E00196,P00693,Project Team Member,2024-09-20,2024-09-25,1,9.5,9.7,9.0
E00196,P00701,Project Team Member,2025-04-18,2025-04-22,1,8.0,8.6,8.2
E00196,P00706,Project Team Member,2023-11-23,2023-12-08,1,5.5,5.0,7.0
E00196,P00714,Project Team Member,2025-01-24,2025-02-08,1,5.9,5.2,7.2
E00196,P00757,Project Team Member,2025-04-03,2025-04-17,1,5.8,5.0,7.1
E00196,P00763,Project Team Member,2025-12-08,2025-12-20,1,8.1,8.3,8.2
E00196,P00765,Project Team Member,2024-12-31,2025-01-06,1,7.1,8.4,7.8
E00196,P00781,Project Team Member,2024-11-19,2024-11-23,1,6.1,6.2,7.2
E00196,P00798,Project Team Member,2023-07-02,2023-07-14,1,5.5,5.0,7.0
E00196,P00818,Project Team Member,2024-01-02,2024-01-02,1,5.5,5.0,7.0
E00196,P00831,Project Team Member,2025-10-16,2025-10-23,1,8.0,9.3,8.2
E00196,P00835,Project Team Member,2024-07-21,2024-08-06,1,7.8,8.8,8.1
E00197,P00010,Project Team Member,2023-10-23,2023-11-01,1,7.6,6.9,7.4
E00197,P00028,Project Team Member,2024-11-23,2024-12-05,1,5.9,6.7,6.6
E00197,P00039,Project Team Member,2023-02-22,2023-03-08,1,5.5,5.4,6.4
E00197,P00051,Project Team Member,2024-07-21,2024-07-23,1,6.9,7.9,7.0
E00197,P00052,Project Team Member,2023-12-07,2024-06-30,2,6.5,5.7,6.8
E00197,P00062,Project Team Member,2025-05-10,2025-05-23,1,7.8,7.6,7.5
E00197,P00067,Project Team Member,2025-04-23,2025-05-04,1,8.0,9.0,7.6
E00197,P00070,Project Team Member,2023-08-23,2023-08-26,1,6.8,7.1,7.0
E00197,P00088,Project Team Member,2025-05-26,2025-06-03,1,6.8,7.7,7.0
E00197,P00091,Project Team Member,2025-12-24,2025-12-26,1,8.0,9.2,7.6
E00197,P00092,Project Team Member,2026-04-26,2026-05-08,1,6.8,7.8,7.0
E00197,P00097,Project Team Member,2025-07-11,2025-07-14,1,5.5,5.0,6.4
E00197,P00144,Project Team Member,2024-02-02,2024-02-17,1,9.4,9.7,8.3
E00197,P00160,Project Team Member,2024-03-25,2024-04-03,1,5.5,5.0,6.4
E00197,P00176,Project Team Member,2024-06-18,2024-06-21,1,5.6,5.4,6.4
E00197,P00206,Project Team Member,2026-01-02,2026-01-14,1,5.5,5.0,6.4
E00197,P00242,Project Team Member,2024-06-05,2024-06-14,1,7.1,7.9,7.2
E00197,P00245,Project Team Member,2025-10-27,2025-10-30,1,6.7,6.6,7.0
E00197,P00262,Project Team Member,2024-12-09,2024-12-14,1,6.4,5.9,6.8
E00197,P00274,Project Team Member,2024-07-19,2024-08-03,1,6.8,8.1,7.0
E00197,P00283,Project Team Member,2026-04-22,2026-05-07,1,7.5,7.2,7.4
E00197,P00292,Project Team Member,2024-03-03,2024-03-12,1,6.0,5.4,6.6
E00197,P00309,Project Team Member,2026-03-24,2026-04-04,1,6.6,5.6,6.9
E00197,P00317,Project Team Member,2024-01-05,2024-01-09,1,6.6,7.1,6.9
E00197,P00358,Project Team Member,2025-03-07,2025-03-19,1,5.8,5.0,6.5
E00197,P00370,Project Team Member,2025-04-15,2025-04-24,1,6.5,7.7,6.8
E00197,P00373,Project Team Member,2025-05-30,2025-06-02,1,7.4,7.5,7.3
E00197,P00382,Project Team Member,2023-10-23,2023-10-28,1,6.3,5.7,6.8
E00197,P00397,Project Team Member,2023-10-28,2023-11-02,1,8.0,9.3,7.6
E00197,P00403,Project Team Member,2024-11-14,2024-11-18,1,8.8,9.1,8.0
E00197,P00418,Project Team Member,2023-05-01,2023-05-05,1,5.5,5.0,6.4
E00197,P00430,Project Team Member,2025-11-18,2025-12-02,1,6.2,7.5,6.7
E00197,P00449,Project Team Member,2026-02-22,2026-02-24,1,5.5,5.0,6.4
E00197,P00476,Project Team Member,2024-10-13,2024-10-19,1,8.0,9.3,7.6
E00197,P00481,Project Team Member,2024-02-05,2024-02-14,1,5.5,5.1,6.4
E00197,P00492,Project Team Member,2024-04-08,2024-04-23,1,7.9,9.2,7.6
E00197,P00509,Project Team Member,2026-03-30,2026-02-28,1,7.1,7.5,7.2
E00197,P00519,Project Team Member,2025-11-14,2025-11-18,1,7.1,8.5,7.2
E00197,P00523,Project Team Member,2025-07-26,2025-08-06,1,7.1,7.7,7.2
E00197,P00546,Project Team Member,2025-01-31,2025-02-11,1,5.5,5.0,6.4
E00197,P00571,Project Team Member,2023-11-29,2023-12-04,1,7.3,8.4,7.2
E00197,P00608,Project Team Member,2025-08-09,2025-08-12,1,5.6,6.1,6.4
E00197,P00618,Project Team Member,2024-03-11,2024-03-26,1,6.8,7.7,7.0
E00197,P00623,Project Team Member,2024-03-23,2024-03-30,1,7.4,8.7,7.3
E00197,P00636,Project Team Member,2023-10-12,2023-10-15,1,6.8,8.1,7.0
E00197,P00659,Project Team Member,2023-07-10,2023-07-18,1,7.2,8.5,7.2
E00197,P00672,Project Team Member,2025-10-27,2025-11-10,1,7.0,7.1,7.1
E00197,P00675,Project Team Member,2024-04-13,2024-04-16,1,7.3,8.1,7.2
E00197,P00686,Project Team Member,2024-12-26,2025-01-03,1,6.6,7.7,6.9
E00197,P00695,Project Team Member,2023-05-22,2023-06-08,1,5.6,6.2,6.4
E00197,P00768,Project Team Member,2023-05-02,2023-05-14,1,5.5,5.0,6.4
E00197,P00795,Project Team Member,2024-05-08,2024-05-12,1,7.5,8.7,7.4
E00197,P00829,Project Team Member,2023-10-09,2023-11-06,1,5.5,5.0,6.4
E00197,P00830,Project Team Member,2025-12-06,2025-12-11,1,5.9,5.2,6.6
E00197,P00844,Project Team Member,2025-12-22,2026-01-06,1,6.6,7.0,6.9
E00197,P00846,Project Team Member,2023-07-06,2023-07-11,1,5.5,5.0,6.4
E00197,P00859,Project Team Member,2026-04-06,2026-03-13,1,6.9,5.9,7.0
E00197,P00862,Project Team Member,2026-03-08,2026-03-13,1,9.2,9.7,8.2
E00197,P00863,Project Team Member,2025-09-21,2025-09-28,1,8.4,9.7,7.8
E00197,P00885,Project Team Member,2024-11-13,2024-11-20,1,7.2,7.9,7.2
E00197,P00898,Project Team Member,2024-05-07,2024-05-17,1,7.2,8.2,7.2
E00198,P00007,Project Team Member,2025-04-04,2025-05-01,1,6.5,7.3,7.4
E00198,P00026,Project Team Member,2023-08-26,2023-09-25,1,7.7,9.0,8.0
E00198,P00059,Project Team Member,2023-10-21,2023-10-26,1,6.7,6.5,7.4
E00198,P00069,Project Team Member,2024-03-31,2024-04-15,1,8.8,9.0,8.5
E00198,P00084,Project Team Member,2023-11-07,2023-11-15,1,7.6,8.8,7.9
E00198,P00103,Project Team Member,2024-11-20,2024-12-05,1,5.5,5.0,6.8
E00198,P00136,Project Team Member,2024-10-20,2024-11-04,1,5.5,5.0,6.8
E00198,P00153,Project Team Member,2024-12-05,2024-12-20,1,5.5,5.0,6.8
E00198,P00158,Project Team Member,2025-12-30,2026-01-06,1,6.4,7.8,7.3
E00198,P00175,Project Team Member,2023-09-04,2023-09-06,1,6.4,6.5,7.3
E00198,P00190,Project Team Member,2023-12-07,2023-12-14,1,6.1,5.1,7.2
E00198,P00197,Project Team Member,2026-01-10,2026-01-15,1,6.2,6.0,7.2
E00198,P00210,Project Team Member,2024-02-20,2024-03-03,1,5.5,5.0,6.8
E00198,P00217,Project Team Member,2025-09-04,2025-09-04,1,5.5,5.0,6.8
E00198,P00222,Project Team Member,2023-05-16,2023-05-27,1,6.5,6.8,7.4
E00198,P00238,Project Team Member,2024-04-16,2024-04-26,1,5.5,5.0,6.8
E00198,P00242,Project Team Member,2024-06-26,2024-07-17,1,9.5,9.7,8.8
E00198,P00272,Project Team Member,2025-12-13,2025-12-18,1,5.9,5.0,7.0
E00198,P00302,Project Team Member,2025-01-07,2025-01-19,1,6.4,6.6,7.3
E00198,P00304,Project Team Member,2025-04-11,2025-04-21,1,5.5,5.0,6.8
E00198,P00338,Project Team Member,2024-03-05,2024-03-16,1,6.8,5.8,7.5
E00198,P00357,Project Team Member,2023-05-10,2023-05-26,1,7.3,8.2,7.8
E00198,P00371,Project Team Member,2025-01-12,2025-01-19,1,7.7,8.9,8.0
E00198,P00379,Project Team Member,2023-07-19,2023-07-23,1,5.5,5.0,6.8
E00198,P00383,Project Team Member,2024-01-26,2024-02-07,1,5.5,5.7,6.8
E00198,P00401,Project Team Member,2023-05-10,2023-05-18,1,6.1,7.0,7.2
E00198,P00482,Project Team Member,2023-04-02,2023-04-06,1,6.3,7.6,7.2
E00198,P00491,Project Team Member,2024-08-06,2024-08-17,1,6.7,8.0,7.4
E00198,P00527,Project Team Member,2024-04-11,2024-04-23,1,6.3,7.2,7.2
E00198,P00528,Project Team Member,2023-09-09,2023-09-12,1,5.5,5.0,6.8
E00198,P00615,Project Team Member,2024-10-10,2024-10-15,1,5.5,5.0,6.8
E00198,P00630,Project Team Member,2024-07-17,2024-07-24,1,7.6,8.9,7.9
E00198,P00631,Project Team Member,2024-05-30,2024-06-10,1,6.8,7.3,7.5
E00198,P00648,Project Team Member,2025-10-18,2025-10-26,1,6.2,6.5,7.2
E00198,P00663,Project Team Member,2025-10-27,2025-11-04,1,5.5,5.0,6.8
E00198,P00667,Project Team Member,2024-02-22,2024-02-26,1,6.4,6.8,7.3
E00198,P00687,Project Team Member,2024-12-18,2025-01-06,1,5.5,5.0,6.8
E00198,P00689,Project Team Member,2026-01-18,2026-02-01,1,7.0,7.4,7.6
E00198,P00694,Project Team Member,2023-07-26,2023-08-02,1,7.0,8.2,7.6
E00198,P00710,Project Team Member,2025-07-23,2025-08-06,1,7.8,9.1,8.0
E00198,P00729,Project Team Member,2023-06-18,2023-06-25,1,5.5,5.0,6.8
E00198,P00737,Project Team Member,2024-11-18,2024-11-22,1,8.6,9.6,8.4
E00198,P00785,Project Team Member,2025-08-12,2025-09-10,1,6.8,7.1,7.5
E00198,P00788,Project Team Member,2024-11-08,2024-11-19,1,6.4,7.7,7.3
E00198,P00797,Project Team Member,2023-12-10,2023-12-20,1,5.5,5.0,6.8
E00198,P00799,Project Team Member,2024-08-04,2024-08-31,1,8.4,9.7,8.3
E00198,P00802,Project Team Member,2024-08-14,2024-08-20,1,8.5,9.1,8.4
E00198,P00824,Project Team Member,2023-05-11,2023-05-21,1,5.8,6.2,7.0
E00198,P00825,Project Team Member,2026-04-12,2026-04-16,1,6.1,7.1,7.2
E00198,P00873,Project Team Member,2024-12-30,2025-01-14,1,5.5,5.0,6.8
E00198,P00887,Project Team Member,2023-10-01,2023-10-13,1,5.6,5.2,6.9
E00198,P00896,Project Team Member,2023-11-08,2023-11-15,1,6.9,8.3,7.6
E00199,P00040,Contributor,2023-08-30,2023-09-21,1,6.0,5.7,7.0
E00199,P00053,Contributor,2025-02-23,2025-03-04,1,5.5,6.1,6.8
E00199,P00111,Contributor,2024-02-17,2024-02-24,1,9.0,9.7,8.5
E00199,P00203,Contributor,2024-11-15,2024-11-22,1,6.2,6.5,7.1
E00199,P00398,Contributor,2026-02-18,2026-02-22,1,6.1,6.0,7.0
E00199,P00430,Contributor,2025-08-20,2025-08-30,1,6.6,8.0,7.3
E00199,P00538,Contributor,2025-11-15,2025-11-29,1,5.5,5.0,6.8
E00199,P00554,Contributor,2024-12-07,2024-12-12,1,6.5,7.1,7.2
E00199,P00562,Contributor,2026-04-12,2026-04-18,1,7.1,8.0,7.6
E00199,P00581,Contributor,2024-06-08,2024-06-13,1,8.0,9.4,8.0
E00199,P00616,Contributor,2025-02-19,2025-02-28,1,6.5,7.9,7.2
E00199,P00680,Contributor,2025-02-01,2025-02-04,1,6.5,7.1,7.2
E00199,P00879,Contributor,2024-05-27,2024-06-04,1,8.1,9.1,8.0
E00199,P00881,Contributor,2023-08-15,2023-08-27,1,5.5,5.0,6.8
E00200,P00004,Coordinator,2024-01-15,2024-01-20,1,7.8,9.2,7.4
E00200,P00022,Coordinator,2024-11-03,2024-11-07,1,5.5,5.0,6.2
E00200,P00044,Coordinator,2024-01-30,2024-02-04,1,6.3,5.3,6.6
E00200,P00065,Coordinator,2025-03-19,2025-03-22,1,6.6,7.9,6.8
E00200,P00069,Coordinator,2024-04-20,2024-05-11,1,5.5,5.4,6.2
E00200,P00080,Coordinator,2025-12-26,2026-01-10,1,6.2,6.2,6.6
E00200,P00121,Coordinator,2024-02-26,2024-03-10,1,6.4,6.6,6.7
E00200,P00129,Coordinator,2026-04-10,2026-04-24,1,6.6,7.8,6.8
E00200,P00136,Coordinator,2024-08-15,2024-12-10,2,7.1,7.0,7.0
E00200,P00149,Coordinator,2023-12-26,2024-01-04,1,5.5,5.0,6.2
E00200,P00155,Coordinator,2024-01-09,2024-01-20,1,8.5,8.5,7.8
E00200,P00160,Coordinator,2024-09-13,2024-09-24,1,7.7,8.8,7.4
E00200,P00161,Coordinator,2026-02-05,2026-02-20,1,5.5,5.0,6.2
E00200,P00166,Coordinator,2024-01-06,2024-01-16,1,6.4,7.2,6.7
E00200,P00167,Coordinator,2025-01-25,2025-01-27,1,7.2,8.6,7.1
E00200,P00183,Coordinator,2024-03-27,2024-04-02,1,6.6,6.8,6.8
E00200,P00187,Coordinator,2025-10-08,2025-10-14,1,6.3,6.2,6.6
E00200,P00190,Coordinator,2024-02-21,2024-02-25,1,6.6,5.6,6.8
E00200,P00194,Coordinator,2025-10-23,2025-11-05,1,7.0,8.4,7.0
E00200,P00203,Coordinator,2024-06-13,2024-06-16,1,7.3,8.7,7.2
E00200,P00213,Coordinator,2023-03-18,2023-03-29,1,6.8,7.7,6.9
E00200,P00246,Coordinator,2025-09-16,2025-09-29,1,5.9,6.4,6.4
E00200,P00251,Coordinator,2026-02-11,2026-02-19,1,7.9,7.6,7.4
E00200,P00253,Coordinator,2024-11-08,2024-12-01,1,5.5,5.0,6.2
E00200,P00287,Coordinator,2025-09-14,2025-09-17,1,7.0,7.5,7.0
E00200,P00293,Coordinator,2024-07-21,2024-07-30,1,7.5,8.5,7.2
E00200,P00303,Coordinator,2023-07-20,2023-07-26,1,7.9,9.2,7.4
E00200,P00320,Coordinator,2025-05-08,2025-05-17,1,5.5,5.0,6.2
E00200,P00327,Coordinator,2025-12-10,2025-12-22,1,7.0,7.7,7.0
E00200,P00338,Coordinator,2024-02-04,2024-02-11,1,6.3,7.2,6.6
E00200,P00345,Coordinator,2023-09-17,2023-09-23,1,5.9,5.2,6.4
E00200,P00391,Coordinator,2024-01-08,2024-02-01,2,7.0,7.2,7.0
E00200,P00392,Coordinator,2023-07-17,2023-07-29,1,5.5,5.0,6.2
E00200,P00397,Coordinator,2023-08-10,2023-08-25,1,5.5,5.0,6.2
E00200,P00405,Coordinator,2025-08-09,2025-08-10,1,6.2,7.0,6.6
E00200,P00440,Coordinator,2023-07-15,2023-07-24,1,6.6,7.8,6.8
E00200,P00467,Coordinator,2025-03-23,2025-03-27,1,5.5,5.0,6.2
E00200,P00474,Coordinator,2025-12-19,2025-12-26,1,5.9,5.2,6.4
E00200,P00490,Coordinator,2025-06-16,2025-06-22,1,6.0,7.3,6.5
E00200,P00500,Coordinator,2023-12-15,2023-12-28,1,8.0,9.3,7.5
E00200,P00518,Coordinator,2023-04-05,2023-04-09,1,7.3,8.6,7.2
E00200,P00538,Coordinator,2025-11-29,2025-11-29,1,5.5,5.0,6.2
E00200,P00560,Coordinator,2024-11-15,2025-01-27,2,7.1,6.7,7.0
E00200,P00561,Coordinator,2023-10-30,2023-11-07,1,6.8,8.1,6.9
E00200,P00603,Coordinator,2023-12-23,2024-01-04,1,6.7,8.0,6.8
E00200,P00606,Coordinator,2024-04-02,2024-04-12,1,6.1,5.6,6.6
E00200,P00610,Coordinator,2024-04-03,2024-04-09,1,6.2,6.5,6.6
E00200,P00620,Coordinator,2024-07-23,2024-08-01,1,7.3,8.5,7.2
E00200,P00634,Coordinator,2025-03-20,2025-03-27,1,6.6,7.9,6.8
E00200,P00639,Coordinator,2024-03-18,2024-03-24,1,7.2,8.1,7.1
E00200,P00650,Coordinator,2024-11-29,2024-12-09,1,6.3,6.6,6.6
E00200,P00655,Coordinator,2026-02-11,2026-02-13,1,8.0,9.3,7.5
E00200,P00675,Coordinator,2024-07-06,2024-07-10,1,5.5,5.0,6.2
E00200,P00679,Coordinator,2026-03-21,2026-02-28,1,5.5,5.2,6.2
E00200,P00685,Coordinator,2026-02-27,2026-03-11,1,5.5,5.0,6.2
E00200,P00694,Coordinator,2023-08-12,2023-08-23,1,9.4,9.7,8.2
E00200,P00711,Coordinator,2024-10-15,2024-10-22,1,5.5,5.0,6.2
E00200,P00714,Coordinator,2025-02-01,2025-02-12,1,6.6,7.5,6.8
E00200,P00719,Coordinator,2025-09-23,2025-10-05,1,6.8,7.8,6.9
E00200,P00725,Coordinator,2026-04-13,2026-04-27,1,8.0,8.9,7.5
E00200,P00730,Coordinator,2025-12-20,2026-01-02,1,6.7,7.1,6.8
E00200,P00738,Coordinator,2024-05-06,2024-05-17,1,6.7,7.0,6.8
E00200,P00754,Coordinator,2025-11-15,2025-11-17,1,6.0,6.1,6.5
E00200,P00757,Coordinator,2026-01-27,2026-01-29,1,8.0,9.3,7.5
E00200,P00794,Coordinator,2025-04-22,2025-04-24,1,5.9,5.2,6.4
E00200,P00812,Coordinator,2023-09-27,2023-09-30,1,6.0,5.9,6.5
E00200,P00825,Coordinator,2026-04-12,2026-04-23,1,7.1,8.1,7.0
E00200,P00834,Coordinator,2024-04-08,2024-04-22,1,9.6,9.7,8.3
E00200,P00841,Coordinator,2023-11-02,2023-11-10,1,5.5,5.0,6.2
E00200,P00844,Coordinator,2026-01-19,2026-01-26,1,6.6,7.9,6.8
E00200,P00845,Coordinator,2026-04-26,2026-05-10,1,6.7,7.6,6.8
E00200,P00856,Coordinator,2025-08-01,2025-08-16,1,6.2,5.2,6.6
E00200,P00879,Coordinator,2024-03-29,2024-04-04,1,5.5,5.9,6.2
E00200,P00892,Coordinator,2025-11-18,2025-11-26,1,5.5,5.0,6.2
E00200,P00898,Coordinator,2024-09-04,2024-09-09,1,7.7,7.2,7.4
E00201,P00057,Contributor,2023-05-06,2023-05-21,1,5.8,5.9,7.1
E00201,P00068,Contributor,2026-03-02,2026-03-06,1,9.0,9.7,8.7
E00201,P00087,Contributor,2025-11-28,2025-12-08,1,6.8,8.1,7.6
E00201,P00099,Contributor,2025-06-16,2025-06-23,1,7.3,8.3,7.8
E00201,P00124,Contributor,2026-02-06,2026-02-18,1,9.7,9.7,9.0
E00201,P00133,Contributor,2025-02-28,2025-03-05,1,6.2,6.0,7.3
E00201,P00136,Contributor,2024-07-09,2024-07-12,1,7.5,8.3,8.0
E00201,P00148,Contributor,2024-04-18,2024-05-01,1,6.2,6.1,7.3
E00201,P00194,Contributor,2025-10-13,2025-10-28,1,5.5,5.0,7.0
E00201,P00206,Contributor,2026-01-06,2026-01-17,1,5.8,5.5,7.1
E00201,P00211,Contributor,2025-02-05,2025-02-09,1,5.5,5.0,7.0
E00201,P00230,Contributor,2025-07-26,2025-07-30,1,7.1,8.4,7.8
E00201,P00259,Contributor,2025-05-19,2025-05-21,1,6.7,7.7,7.6
E00201,P00263,Contributor,2024-01-12,2024-01-14,1,6.0,6.1,7.2
E00201,P00294,Contributor,2025-01-03,2025-01-16,1,5.8,5.0,7.1
E00201,P00306,Contributor,2025-09-11,2025-09-20,1,7.9,8.4,8.2
E00201,P00307,Contributor,2025-02-02,2025-02-09,1,5.5,5.0,7.0
E00201,P00347,Contributor,2026-01-24,2026-02-03,1,8.0,9.4,8.2
E00201,P00352,Contributor,2023-12-28,2024-01-12,1,6.3,6.3,7.4
E00201,P00397,Contributor,2023-11-26,2023-11-30,1,6.3,7.3,7.4
E00201,P00398,Contributor,2026-02-14,2026-02-28,1,5.5,5.0,7.0
E00201,P00399,Contributor,2024-05-17,2024-10-01,2,7.4,8.0,7.9
E00201,P00415,Contributor,2024-11-08,2024-11-14,1,5.5,5.0,7.0
E00201,P00418,Contributor,2023-03-25,2023-03-28,1,7.0,8.0,7.7
E00201,P00439,Contributor,2024-03-08,2024-03-24,1,6.1,7.1,7.2
E00201,P00459,Contributor,2025-05-29,2025-06-02,1,5.5,5.0,7.0
E00201,P00471,Contributor,2023-06-02,2023-06-06,1,5.5,5.0,7.0
E00201,P00477,Contributor,2026-02-25,2026-03-08,1,6.0,7.0,7.2
E00201,P00488,Contributor,2023-11-14,2023-12-06,1,5.5,5.0,7.0
E00201,P00489,Contributor,2024-09-03,2024-09-18,1,5.7,5.0,7.0
E00201,P00527,Contributor,2024-04-23,2024-04-27,1,5.9,5.1,7.2
E00201,P00566,Contributor,2025-06-23,2025-07-08,1,7.3,7.2,7.8
E00201,P00570,Contributor,2025-11-15,2025-11-22,1,6.8,8.1,7.6
E00201,P00599,Contributor,2023-09-19,2023-09-29,1,5.6,5.1,7.0
E00201,P00602,Contributor,2024-01-25,2024-01-27,1,6.6,7.9,7.5
E00201,P00633,Contributor,2026-03-25,2026-04-01,1,7.0,7.7,7.7
E00201,P00645,Contributor,2025-02-02,2025-02-13,1,7.2,7.1,7.8
E00201,P00648,Contributor,2026-01-26,2026-02-04,1,5.5,5.0,7.0
E00201,P00655,Contributor,2026-02-25,2026-03-12,1,6.5,6.4,7.4
E00201,P00667,Contributor,2024-05-17,2024-06-05,1,6.4,6.0,7.4
E00201,P00694,Contributor,2023-09-14,2023-09-28,1,7.4,8.8,7.9
E00201,P00708,Contributor,2026-01-29,2026-01-31,1,5.5,5.8,7.0
E00201,P00709,Contributor,2023-12-20,2023-12-24,1,6.6,6.5,7.5
E00201,P00718,Contributor,2025-08-31,2025-09-16,1,6.5,5.5,7.4
E00201,P00746,Contributor,2025-11-18,2025-11-21,1,8.1,9.3,8.2
E00201,P00759,Contributor,2026-03-22,2026-03-24,1,6.8,8.1,7.6
E00201,P00780,Contributor,2026-02-08,2026-02-12,1,5.8,6.3,7.1
E00201,P00821,Contributor,2024-02-21,2024-03-05,1,5.5,5.0,7.0
E00201,P00846,Contributor,2023-09-05,2023-09-08,1,6.7,7.7,7.6
E00201,P00860,Contributor,2025-06-13,2025-06-24,1,6.6,8.0,7.5
E00201,P00869,Contributor,2025-02-28,2025-03-12,1,7.1,7.9,7.8
E00201,P00885,Contributor,2025-04-15,2025-04-29,1,7.3,8.7,7.8
E00202,P00016,Project Team Member,2025-01-14,2025-02-05,1,7.8,8.4,8.2
E00202,P00046,Project Team Member,2025-03-15,2025-03-18,1,5.5,5.0,7.0
E00202,P00118,Project Team Member,2025-06-18,2025-07-03,1,6.4,7.1,7.5
E00202,P00261,Project Team Member,2024-01-29,2024-02-18,1,5.6,5.3,7.1
E00202,P00271,Project Team Member,2024-03-01,2024-03-13,1,7.6,8.8,8.1
E00202,P00322,Project Team Member,2025-05-13,2025-05-17,1,7.3,8.5,8.0
E00202,P00337,Project Team Member,2023-07-10,2023-07-19,1,6.4,7.2,7.5
E00202,P00413,Project Team Member,2023-11-06,2023-11-19,1,5.5,5.3,7.0
E00202,P00414,Project Team Member,2026-03-16,2026-03-31,1,8.0,9.3,8.3
E00202,P00419,Project Team Member,2024-07-20,2024-07-30,1,7.5,8.5,8.0
E00202,P00461,Project Team Member,2023-04-05,2023-04-11,1,7.3,8.5,8.0
E00202,P00480,Project Team Member,2023-12-28,2024-01-10,1,5.5,5.0,7.0
E00202,P00531,Project Team Member,2024-08-28,2024-09-23,2,7.6,7.7,8.1
E00202,P00541,Project Team Member,2024-09-05,2024-09-10,1,5.5,5.0,7.0
E00202,P00544,Project Team Member,2025-08-23,2025-09-07,1,8.0,8.5,8.3
E00202,P00580,Project Team Member,2025-05-07,2025-05-17,1,6.3,6.2,7.4
E00202,P00590,Project Team Member,2026-03-05,2026-03-18,1,5.7,6.0,7.2
E00202,P00624,Project Team Member,2025-04-03,2025-04-09,1,7.9,9.2,8.2
E00202,P00633,Project Team Member,2026-03-19,2026-04-02,1,6.7,7.0,7.6
E00202,P00637,Project Team Member,2024-02-19,2024-02-29,1,5.5,5.0,7.0
E00202,P00715,Project Team Member,2026-03-02,2026-03-12,1,8.9,9.3,8.8
E00202,P00867,Project Team Member,2024-05-26,2024-06-03,1,6.5,6.6,7.6
E00203,P00040,Contributor,2023-10-09,2023-10-14,1,7.5,7.3,8.2
E00203,P00105,Contributor,2024-01-27,2024-04-05,2,7.8,8.1,8.4
E00203,P00153,Contributor,2024-08-31,2024-09-15,1,7.4,6.6,8.2
E00203,P00237,Contributor,2025-04-24,2025-05-08,1,7.1,8.0,8.0
E00203,P00247,Contributor,2025-07-09,2025-07-17,1,7.6,8.5,8.3
E00203,P00290,Contributor,2024-05-14,2024-06-03,1,5.5,5.1,7.2
E00203,P00342,Contributor,2026-03-18,2026-03-20,1,8.0,9.3,8.5
E00203,P00372,Contributor,2026-01-28,2026-02-07,1,9.6,9.7,9.3
E00203,P00415,Contributor,2024-11-13,2024-11-21,1,6.8,7.1,7.9
E00203,P00491,Contributor,2024-06-27,2024-07-05,1,6.8,7.1,7.9
E00203,P00536,Contributor,2024-07-09,2024-07-21,1,8.6,9.6,8.8
E00203,P00653,Contributor,2026-03-21,2026-04-01,1,5.5,5.9,7.2
E00203,P00696,Contributor,2025-11-11,2025-11-17,1,8.2,8.8,8.6
E00203,P00811,Contributor,2024-04-11,2024-08-16,2,7.6,8.2,8.3
E00204,P00015,Contributor,2025-09-15,2025-10-10,1,5.9,6.0,7.4
E00204,P00022,Contributor,2024-11-05,2025-01-28,2,7.2,6.8,8.1
E00204,P00050,Contributor,2025-12-23,2026-01-07,1,6.0,6.3,7.5
E00204,P00078,Contributor,2024-09-15,2024-10-14,1,5.5,5.0,7.2
E00204,P00129,Contributor,2026-04-10,2026-04-25,1,7.0,7.7,8.0
E00204,P00149,Contributor,2023-09-11,2023-09-13,1,8.0,9.3,8.5
E00204,P00157,Contributor,2023-12-31,2024-01-16,1,6.9,7.7,8.0
E00204,P00219,Contributor,2024-05-25,2024-06-02,1,5.5,5.0,7.2
E00204,P00222,Contributor,2023-05-19,2023-05-27,1,5.5,5.3,7.2
E00204,P00246,Contributor,2025-09-02,2025-09-25,1,6.7,7.1,7.8
E00204,P00323,Contributor,2025-07-07,2025-07-21,1,7.2,8.2,8.1
E00204,P00368,Contributor,2026-02-10,2026-02-22,1,7.7,8.0,8.4
E00204,P00411,Contributor,2024-04-24,2024-05-02,1,7.2,8.5,8.1
E00204,P00474,Contributor,2026-03-25,2026-03-27,1,7.7,9.0,8.4
E00204,P00475,Contributor,2024-04-18,2024-05-02,1,6.0,5.9,7.5
E00204,P00513,Contributor,2026-02-20,2026-03-07,1,7.3,8.6,8.2
E00204,P00535,Contributor,2026-04-19,2026-05-01,1,7.0,7.4,8.0
E00204,P00553,Contributor,2025-05-06,2025-05-20,1,7.8,8.6,8.4
E00204,P00572,Contributor,2023-12-03,2023-12-15,1,7.0,7.2,8.0
E00204,P00575,Contributor,2025-01-06,2025-01-09,1,8.4,9.7,8.7
E00204,P00591,Contributor,2023-09-16,2023-09-21,1,7.3,8.3,8.2
E00204,P00611,Contributor,2024-04-03,2024-04-13,1,8.8,9.0,8.9
E00204,P00628,Contributor,2024-03-18,2024-03-23,1,7.8,8.9,8.4
E00204,P00668,Contributor,2026-02-08,2026-02-10,1,5.5,5.0,7.2
E00204,P00702,Contributor,2024-12-21,2024-12-25,1,7.8,8.6,8.4
E00204,P00725,Contributor,2026-04-13,2026-05-09,1,7.1,7.2,8.0
E00204,P00732,Contributor,2026-04-12,2026-04-18,1,6.4,6.8,7.7
E00204,P00737,Contributor,2025-01-06,2025-01-10,1,8.4,8.3,8.7
E00204,P00740,Contributor,2026-02-27,2026-03-09,1,5.5,5.0,7.2
E00204,P00747,Contributor,2023-11-15,2023-12-05,1,6.8,8.2,7.9
E00204,P00773,Contributor,2025-05-17,2025-05-28,1,7.0,8.2,8.0
E00204,P00784,Contributor,2025-09-20,2025-09-23,1,5.5,5.0,7.2
E00204,P00794,Contributor,2025-04-29,2025-05-07,1,6.1,6.2,7.6
E00204,P00821,Contributor,2023-10-25,2023-10-28,1,5.7,5.0,7.4
E00204,P00838,Contributor,2024-12-21,2024-12-30,1,5.5,5.0,7.2
E00204,P00840,Contributor,2023-11-23,2023-11-30,1,8.4,8.3,8.7
E00204,P00855,Contributor,2025-07-06,2025-07-17,1,9.4,9.7,9.2
E00204,P00864,Contributor,2024-02-29,2024-03-09,1,5.9,5.6,7.4
E00204,P00870,Contributor,2023-06-21,2023-07-05,1,9.1,9.7,9.0
E00205,P00008,Specialist,2025-01-12,2025-01-20,1,5.5,5.0,6.2
E00205,P00041,Specialist,2026-01-27,2026-01-29,1,8.1,8.7,7.4
E00205,P00074,Specialist,2026-02-13,2026-02-20,1,6.8,7.4,6.8
E00205,P00078,Specialist,2024-11-29,2024-12-03,1,5.9,5.1,6.4
E00205,P00081,Specialist,2024-07-09,2024-07-21,1,6.6,6.4,6.7
E00205,P00133,Specialist,2025-01-28,2025-02-11,1,5.5,5.0,6.2
E00205,P00139,Specialist,2025-03-07,2025-03-17,1,7.1,7.3,7.0
E00205,P00160,Specialist,2024-07-27,2024-08-03,1,7.9,9.2,7.4
E00205,P00306,Specialist,2025-09-29,2025-10-14,1,7.0,7.6,6.9
E00205,P00311,Specialist,2023-10-26,2023-10-28,1,6.8,8.2,6.8
E00205,P00399,Specialist,2024-04-22,2024-04-27,1,5.5,5.7,6.2
E00205,P00425,Specialist,2026-02-12,2026-02-20,1,9.7,9.7,8.2
E00205,P00440,Specialist,2023-08-17,2023-08-28,1,6.6,7.3,6.7
E00205,P00467,Specialist,2025-03-29,2025-04-10,1,6.6,6.8,6.7
E00205,P00496,Specialist,2023-08-06,2023-08-15,1,5.5,5.0,6.2
E00205,P00614,Specialist,2026-03-08,2026-03-18,1,5.5,5.0,6.2
E00205,P00649,Specialist,2024-03-09,2024-03-13,1,9.5,9.7,8.2
E00205,P00686,Specialist,2025-03-04,2025-03-17,1,5.6,5.9,6.2
E00205,P00712,Specialist,2026-03-16,2026-03-23,1,6.4,7.4,6.6
E00205,P00743,Specialist,2024-03-09,2024-03-29,1,5.9,5.9,6.4
E00205,P00760,Specialist,2023-06-11,2023-06-23,1,7.0,7.4,6.9
E00205,P00796,Specialist,2025-12-07,2025-12-22,1,6.5,7.8,6.6
E00205,P00822,Specialist,2025-07-03,2025-07-06,1,7.3,8.7,7.0
E00205,P00887,Specialist,2024-06-20,2024-06-30,1,7.6,8.6,7.2
E00205,P00890,Specialist,2024-04-15,2024-04-27,1,5.5,5.9,6.2
E00206,P00148,Project Team Member,2024-09-04,2024-09-09,1,5.5,5.4,6.4
E00206,P00275,Project Team Member,2026-01-29,2026-02-01,1,8.3,9.6,7.8
E00206,P00306,Project Team Member,2025-12-04,2025-12-13,1,7.4,8.6,7.3
E00206,P00327,Project Team Member,2025-10-13,2025-10-18,1,6.2,6.2,6.7
E00206,P00328,Project Team Member,2025-09-13,2025-09-28,1,7.9,9.2,7.6
E00206,P00333,Project Team Member,2026-02-20,2026-03-07,1,7.4,8.2,7.3
E00206,P00344,Project Team Member,2023-12-17,2023-12-19,1,7.0,8.3,7.1
E00206,P00356,Project Team Member,2024-12-30,2025-01-10,1,5.5,5.6,6.4
E00206,P00361,Project Team Member,2024-11-29,2024-12-09,1,5.5,5.2,6.4
E00206,P00380,Project Team Member,2023-11-24,2023-11-29,1,5.5,5.0,6.4
E00206,P00450,Project Team Member,2025-04-09,2025-04-20,1,5.7,5.8,6.4
E00206,P00520,Project Team Member,2023-12-25,2024-01-01,1,8.2,9.3,7.7
E00206,P00548,Project Team Member,2023-07-11,2023-07-24,1,5.5,5.1,6.4
E00206,P00569,Project Team Member,2025-04-19,2025-05-02,1,7.0,7.1,7.1
E00206,P00635,Project Team Member,2023-07-29,2023-08-20,1,8.0,9.3,7.6
E00206,P00785,Project Team Member,2025-05-27,2025-05-30,1,6.9,7.9,7.0
E00206,P00801,Project Team Member,2024-06-13,2024-06-24,1,8.0,9.4,7.6
E00206,P00822,Project Team Member,2025-06-14,2025-06-28,1,8.1,9.2,7.6
E00206,P00844,Project Team Member,2025-11-17,2025-11-19,1,6.5,6.2,6.8
E00206,P00851,Project Team Member,2023-04-30,2023-05-09,1,7.2,7.2,7.2
E00206,P00887,Project Team Member,2023-10-02,2023-10-09,1,8.0,9.3,7.6
E00207,P00019,Project Team Member,2026-04-13,2026-04-25,1,5.5,5.0,7.0
E00207,P00023,Project Team Member,2024-01-26,2024-02-08,1,8.7,9.6,8.6
E00207,P00038,Project Team Member,2025-02-06,2025-02-11,1,9.1,9.7,8.8
E00207,P00077,Project Team Member,2024-02-06,2024-02-16,1,5.5,6.0,7.0
E00207,P00128,Project Team Member,2023-12-06,2023-12-19,1,7.6,8.6,8.0
E00207,P00143,Project Team Member,2025-06-28,2025-07-08,1,5.9,5.6,7.2
E00207,P00193,Project Team Member,2024-04-18,2024-05-08,1,5.7,5.8,7.0
E00207,P00212,Project Team Member,2025-04-03,2025-04-17,1,7.4,8.7,7.9
E00207,P00215,Project Team Member,2025-11-13,2025-11-26,1,6.3,7.2,7.4
E00207,P00216,Project Team Member,2025-03-11,2025-03-17,1,6.5,6.7,7.4
E00207,P00233,Project Team Member,2025-11-12,2025-11-17,1,5.5,5.0,7.0
E00207,P00244,Project Team Member,2026-04-11,2026-03-02,1,5.5,5.0,7.0
E00207,P00248,Project Team Member,2026-01-28,2026-01-30,1,7.3,7.6,7.8
E00207,P00253,Project Team Member,2024-10-09,2024-10-19,1,7.6,8.6,8.0
E00207,P00265,Project Team Member,2025-08-24,2025-09-03,1,5.8,5.9,7.1
E00207,P00273,Project Team Member,2026-02-14,2026-03-14,1,8.0,9.3,8.2
E00207,P00328,Project Team Member,2025-08-02,2025-08-10,1,7.5,7.8,8.0
E00207,P00333,Project Team Member,2026-02-15,2026-03-11,2,6.5,5.9,7.4
E00207,P00373,Project Team Member,2025-06-01,2025-06-04,1,6.5,6.7,7.4
E00207,P00378,Project Team Member,2025-05-19,2025-05-24,1,6.2,6.3,7.3
E00207,P00403,Project Team Member,2024-11-18,2024-11-18,1,5.6,5.6,7.0
E00207,P00464,Project Team Member,2026-04-10,2026-02-27,1,6.7,7.1,7.6
E00207,P00473,Project Team Member,2025-10-22,2025-12-15,2,6.9,7.5,7.6
E00207,P00474,Project Team Member,2026-02-08,2026-03-07,1,5.6,6.1,7.0
E00207,P00493,Project Team Member,2023-07-22,2023-07-31,1,8.1,9.1,8.2
E00207,P00495,Project Team Member,2025-10-19,2025-10-26,1,7.2,8.5,7.8
E00207,P00501,Project Team Member,2025-01-26,2025-01-28,1,6.0,6.9,7.2
E00207,P00536,Project Team Member,2023-10-03,2023-10-07,1,5.5,5.0,7.0
E00207,P00552,Project Team Member,2026-02-25,2026-03-07,1,7.1,7.7,7.8
E00207,P00557,Project Team Member,2026-03-08,2026-03-14,1,7.1,7.9,7.8
E00207,P00571,Project Team Member,2024-03-04,2024-05-15,2,8.0,8.5,8.2
E00207,P00601,Project Team Member,2024-07-07,2024-07-27,1,5.5,5.0,7.0
E00207,P00607,Project Team Member,2026-03-11,2026-03-17,1,6.9,7.4,7.6
E00207,P00620,Project Team Member,2024-09-15,2024-09-24,1,5.6,5.0,7.0
E00207,P00622,Project Team Member,2024-09-12,2024-09-14,1,6.6,7.5,7.5
E00207,P00648,Project Team Member,2025-06-29,2025-07-08,1,6.9,5.9,7.6
E00207,P00672,Project Team Member,2025-12-25,2025-12-31,1,6.5,7.0,7.4
E00207,P00690,Project Team Member,2024-09-10,2024-09-25,1,7.2,8.1,7.8
E00207,P00700,Project Team Member,2023-12-14,2023-12-23,1,6.3,6.4,7.4
E00207,P00773,Project Team Member,2026-03-16,2026-03-23,1,5.5,5.0,7.0
E00207,P00781,Project Team Member,2024-10-07,2024-10-19,1,8.4,9.0,8.4
E00207,P00855,Project Team Member,2026-03-18,2026-03-28,1,7.4,8.4,7.9
E00208,P00006,Project Team Member,2024-09-05,2024-09-09,1,6.1,5.9,7.2
E00208,P00015,Project Team Member,2025-12-19,2026-01-02,1,5.5,5.0,7.0
E00208,P00018,Project Team Member,2025-04-21,2025-05-04,1,7.9,8.0,8.2
E00208,P00087,Project Team Member,2025-07-17,2025-08-08,1,5.5,5.0,7.0
E00208,P00123,Project Team Member,2025-03-01,2025-03-11,1,6.7,8.0,7.6
E00208,P00163,Project Team Member,2024-09-11,2024-09-23,1,5.5,5.0,7.0
E00208,P00174,Project Team Member,2026-04-26,2026-05-07,1,5.5,5.5,7.0
E00208,P00224,Project Team Member,2024-04-22,2024-04-30,1,7.8,9.2,8.1
E00208,P00225,Project Team Member,2026-03-21,2026-04-08,1,6.3,7.1,7.4
E00208,P00273,Project Team Member,2026-03-09,2026-03-17,1,8.0,9.3,8.2
E00208,P00356,Project Team Member,2025-09-09,2025-09-18,1,7.0,8.3,7.7
E00208,P00369,Project Team Member,2024-01-13,2024-01-15,1,7.0,7.4,7.7
E00208,P00385,Project Team Member,2023-09-25,2023-10-08,1,5.5,5.0,7.0
E00208,P00451,Project Team Member,2025-07-17,2025-08-03,1,5.5,5.0,7.0
E00208,P00498,Project Team Member,2025-11-09,2025-11-20,1,5.5,5.0,7.0
E00208,P00578,Project Team Member,2026-03-19,2026-03-28,1,6.5,7.8,7.4
E00208,P00601,Project Team Member,2024-06-10,2024-12-08,2,7.8,8.6,8.1
E00208,P00733,Project Team Member,2024-04-04,2024-04-23,1,7.0,7.6,7.7
E00208,P00739,Project Team Member,2025-12-14,2025-12-22,1,6.1,6.5,7.2
E00208,P00791,Project Team Member,2026-01-01,2026-01-14,1,7.2,7.3,7.8
E00208,P00827,Project Team Member,2024-04-16,2024-04-24,1,5.6,6.4,7.0
E00208,P00834,Project Team Member,2024-03-03,2024-03-16,1,5.5,5.0,7.0
E00208,P00874,Project Team Member,2023-10-18,2023-10-27,1,6.5,6.6,7.4
E00208,P00883,Project Team Member,2026-02-09,2026-02-25,1,7.4,8.6,7.9
E00208,P00900,Project Team Member,2026-01-16,2026-01-21,1,8.2,8.1,8.3
E00209,P00045,Project Team Member,2023-08-11,2023-08-26,1,7.1,7.7,7.8
E00209,P00097,Project Team Member,2025-11-02,2025-11-16,1,5.5,5.1,7.0
E00209,P00103,Project Team Member,2024-11-20,2024-11-28,1,6.7,7.4,7.6
E00209,P00165,Project Team Member,2023-12-23,2023-12-30,1,5.5,5.0,7.0
E00209,P00179,Project Team Member,2026-03-11,2026-03-16,1,8.0,9.3,8.2
E00209,P00186,Project Team Member,2026-03-19,2026-03-26,1,5.8,6.5,7.1
E00209,P00190,Project Team Member,2023-04-23,2023-04-25,1,7.4,8.3,7.9
E00209,P00210,Project Team Member,2024-04-15,2024-04-25,1,5.5,5.0,7.0
E00209,P00213,Project Team Member,2023-03-17,2023-03-24,1,6.3,6.6,7.4
E00209,P00279,Project Team Member,2025-12-24,2025-12-25,1,6.2,5.2,7.3
E00209,P00285,Project Team Member,2023-03-25,2023-04-07,1,5.5,5.0,7.0
E00209,P00291,Project Team Member,2025-01-14,2025-01-29,1,6.6,7.2,7.5
E00209,P00379,Project Team Member,2023-10-24,2023-11-06,1,5.5,5.0,7.0
E00209,P00411,Project Team Member,2024-01-30,2024-02-11,1,7.9,8.3,8.2
E00209,P00414,Project Team Member,2026-02-12,2026-02-16,1,5.8,5.0,7.1
E00209,P00434,Project Team Member,2024-04-26,2024-05-02,1,7.4,8.5,7.9
E00209,P00527,Project Team Member,2025-06-23,2025-06-26,1,5.5,5.0,7.0
E00209,P00570,Project Team Member,2025-09-07,2025-09-17,1,5.5,5.0,7.0
E00209,P00604,Project Team Member,2024-04-16,2024-04-21,1,9.7,9.7,9.0
E00209,P00649,Project Team Member,2024-02-25,2024-03-08,1,5.9,5.2,7.2
E00209,P00719,Project Team Member,2026-02-02,2026-02-09,1,5.5,5.0,7.0
E00209,P00739,Project Team Member,2026-02-25,2026-02-28,1,5.5,5.0,7.0
E00209,P00751,Project Team Member,2024-07-28,2024-07-31,1,7.4,7.9,7.9
E00209,P00755,Project Team Member,2025-08-05,2025-09-18,2,7.2,7.3,7.8
E00209,P00774,Project Team Member,2025-02-01,2025-02-05,1,7.4,8.7,7.9
E00209,P00807,Project Team Member,2023-04-24,2023-05-01,1,5.5,5.0,7.0
E00209,P00827,Project Team Member,2024-06-27,2024-07-18,1,6.3,7.4,7.4
E00210,P00016,Project Team Member,2024-08-20,2024-08-29,1,7.6,8.2,8.8
E00210,P00045,Project Team Member,2023-07-28,2023-08-25,1,5.5,5.0,7.8
E00210,P00116,Project Team Member,2025-01-20,2025-02-02,1,6.6,7.1,8.3
E00210,P00141,Project Team Member,2025-11-12,2026-02-12,2,6.6,5.8,8.3
E00210,P00148,Project Team Member,2023-11-19,2023-12-14,1,5.5,5.4,7.8
E00210,P00184,Project Team Member,2024-12-14,2024-12-23,1,5.5,5.0,7.8
E00210,P00239,Project Team Member,2025-07-15,2025-07-15,1,5.5,5.0,7.8
E00210,P00316,Project Team Member,2023-06-01,2023-06-10,1,6.0,6.8,8.0
E00210,P00334,Project Team Member,2024-11-04,2024-11-07,1,7.8,7.2,8.9
E00210,P00378,Project Team Member,2024-11-03,2024-11-10,1,6.4,6.1,8.2
E00210,P00444,Project Team Member,2024-10-27,2024-11-06,1,5.7,5.0,7.8
E00210,P00492,Project Team Member,2024-10-10,2024-10-21,1,6.0,5.7,8.0
E00210,P00501,Project Team Member,2025-02-16,2025-02-19,1,6.9,7.4,8.4
E00210,P00604,Project Team Member,2023-09-29,2024-07-15,2,7.3,7.9,8.6
E00210,P00631,Project Team Member,2024-04-08,2024-04-15,1,8.0,7.6,9.0
E00210,P00650,Project Team Member,2024-12-17,2025-01-01,1,7.6,8.8,8.8
E00210,P00667,Project Team Member,2024-01-03,2024-01-10,1,5.8,5.6,7.9
E00210,P00674,Project Team Member,2024-05-07,2024-05-18,1,5.5,5.0,7.8
E00210,P00714,Project Team Member,2025-05-16,2025-05-25,1,8.1,9.4,9.0
E00210,P00719,Project Team Member,2026-01-28,2026-02-06,1,6.2,6.8,8.1
E00210,P00728,Project Team Member,2024-06-30,2024-07-03,1,6.5,7.4,8.2
E00210,P00745,Project Team Member,2026-01-18,2026-01-23,1,8.5,8.5,9.2
E00210,P00757,Project Team Member,2025-10-12,2025-10-19,1,6.7,5.7,8.4
E00210,P00772,Project Team Member,2024-01-17,2024-02-12,1,5.8,6.0,7.9
E00210,P00795,Project Team Member,2024-02-01,2024-02-05,1,7.0,7.5,8.5
E00210,P00801,Project Team Member,2024-09-09,2024-09-23,1,7.0,8.1,8.5
E00210,P00803,Project Team Member,2026-03-19,2026-02-25,1,5.9,5.2,8.0
E00210,P00862,Project Team Member,2026-01-10,2026-01-12,1,7.9,8.7,9.0
E00210,P00865,Project Team Member,2023-01-12,2023-02-01,1,7.4,8.8,8.7
E00211,P00015,Contributor,2026-03-23,2026-04-06,1,7.7,8.8,8.2
E00211,P00263,Contributor,2023-12-28,2024-01-03,1,6.8,8.2,7.7
E00211,P00455,Contributor,2025-05-28,2025-06-10,1,7.0,7.9,7.8
E00211,P00670,Contributor,2025-05-16,2025-05-24,1,5.5,5.0,7.0
E00211,P00730,Contributor,2026-02-15,2026-02-23,1,7.7,8.9,8.2
E00211,P00856,Contributor,2024-12-08,2025-07-05,2,6.0,5.6,7.3
E00212,P00008,Project Team Member,2024-07-18,2024-07-21,1,5.5,5.5,7.2
E00212,P00032,Project Team Member,2024-05-15,2024-05-30,1,5.5,5.0,7.2
E00212,P00045,Project Team Member,2023-06-30,2023-07-23,1,7.0,8.2,8.0
E00212,P00071,Project Team Member,2023-11-10,2023-11-24,1,7.3,8.6,8.2
E00212,P00097,Project Team Member,2025-10-07,2025-10-22,1,7.5,8.4,8.2
E00212,P00136,Project Team Member,2024-10-07,2024-10-21,1,6.4,7.2,7.7
E00212,P00177,Project Team Member,2023-11-29,2023-12-04,1,6.4,6.4,7.7
E00212,P00179,Project Team Member,2026-02-28,2026-03-05,1,5.5,5.0,7.2
E00212,P00258,Project Team Member,2024-08-09,2024-08-24,1,5.5,5.0,7.2
E00212,P00336,Project Team Member,2024-11-25,2024-12-01,1,6.7,7.7,7.8
E00212,P00358,Project Team Member,2024-11-21,2024-11-29,1,8.0,9.1,8.5
E00212,P00359,Project Team Member,2025-11-06,2025-11-18,1,6.9,8.3,8.0
E00212,P00369,Project Team Member,2024-01-22,2024-01-25,1,9.7,9.7,9.4
E00212,P00372,Project Team Member,2026-02-18,2026-02-22,1,5.5,5.3,7.2
E00212,P00423,Project Team Member,2026-02-26,2026-03-03,1,5.7,6.5,7.4
E00212,P00430,Project Team Member,2025-09-08,2025-09-22,1,5.5,6.0,7.2
E00212,P00446,Project Team Member,2025-08-31,2025-09-03,1,8.0,7.7,8.5
E00212,P00474,Project Team Member,2026-02-07,2026-02-11,1,7.0,6.0,8.0
E00212,P00495,Project Team Member,2026-03-11,2026-03-26,1,6.3,7.2,7.6
E00212,P00515,Project Team Member,2025-02-21,2025-02-26,1,6.7,7.1,7.8
E00212,P00524,Project Team Member,2023-10-20,2023-10-29,1,5.5,5.0,7.2
E00212,P00525,Project Team Member,2026-03-20,2026-04-01,1,7.1,8.2,8.0
E00212,P00559,Project Team Member,2025-12-08,2025-12-16,1,7.7,8.8,8.4
E00212,P00577,Project Team Member,2025-10-30,2025-11-07,1,5.5,5.0,7.2
E00212,P00610,Project Team Member,2023-12-23,2024-01-12,1,7.5,8.8,8.2
E00212,P00618,Project Team Member,2024-05-09,2024-05-24,1,7.3,8.4,8.2
E00212,P00626,Project Team Member,2026-01-10,2026-01-19,1,9.0,9.4,9.0
E00212,P00629,Project Team Member,2025-11-11,2025-11-17,1,9.7,9.7,9.4
E00212,P00653,Project Team Member,2026-03-04,2026-03-07,1,6.1,7.0,7.6
E00212,P00702,Project Team Member,2024-09-28,2024-10-03,1,5.5,5.0,7.2
E00212,P00736,Project Team Member,2026-02-02,2026-02-05,1,6.8,7.5,7.9
E00212,P00760,Project Team Member,2023-03-23,2023-04-06,1,8.6,8.9,8.8
E00212,P00767,Project Team Member,2023-12-29,2024-01-11,1,5.5,5.0,7.2
E00212,P00771,Project Team Member,2024-04-10,2024-04-14,1,6.8,7.9,7.9
E00212,P00799,Project Team Member,2024-08-09,2024-08-23,1,6.0,6.9,7.5
E00212,P00815,Project Team Member,2025-08-30,2025-09-02,1,6.3,7.2,7.6
E00212,P00830,Project Team Member,2026-01-21,2026-01-31,1,5.7,5.2,7.4
E00212,P00847,Project Team Member,2023-04-05,2023-04-08,1,5.6,5.3,7.3
E00213,P00030,Project Team Member,2024-05-22,2024-05-24,1,7.3,7.7,8.0
E00213,P00128,Project Team Member,2024-04-08,2024-05-06,1,7.3,8.6,8.0
E00213,P00217,Project Team Member,2025-08-15,2025-08-20,1,9.4,9.7,9.1
E00213,P00254,Project Team Member,2024-03-18,2024-03-24,1,7.4,8.7,8.1
E00213,P00271,Project Team Member,2023-11-06,2023-11-16,1,6.8,7.8,7.8
E00213,P00321,Project Team Member,2023-08-09,2023-08-17,1,7.0,7.6,7.9
E00213,P00406,Project Team Member,2024-06-10,2024-06-24,1,5.8,6.6,7.3
E00213,P00408,Project Team Member,2023-06-04,2023-06-25,1,5.5,5.7,7.2
E00213,P00601,Project Team Member,2024-02-22,2024-03-03,1,7.1,7.7,8.0
E00213,P00667,Project Team Member,2024-05-08,2024-05-21,1,5.5,5.0,7.2
E00213,P00690,Project Team Member,2025-05-07,2025-05-09,1,5.6,5.2,7.2
E00213,P00739,Project Team Member,2026-02-06,2026-02-10,1,5.9,5.2,7.4
E00213,P00895,Project Team Member,2026-03-21,2026-03-27,1,5.5,5.0,7.2
E00214,P00021,Coordinator,2026-02-07,2026-02-14,1,8.1,7.8,8.4
E00214,P00024,Coordinator,2024-01-03,2024-01-10,1,5.7,6.6,7.2
E00214,P00034,Coordinator,2023-12-11,2023-12-16,1,7.9,9.2,8.2
E00214,P00038,Coordinator,2024-12-04,2024-12-12,1,8.0,9.3,8.3
E00214,P00059,Coordinator,2024-01-06,2024-01-21,1,8.1,9.0,8.4
E00214,P00064,Coordinator,2025-09-23,2025-10-05,1,6.9,7.9,7.8
E00214,P00130,Coordinator,2026-01-29,2026-02-09,1,5.5,5.6,7.0
E00214,P00141,Coordinator,2026-03-24,2026-04-02,1,7.0,8.3,7.8
E00214,P00147,Coordinator,2024-02-28,2024-03-11,1,5.7,5.8,7.2
E00214,P00155,Coordinator,2023-05-20,2023-05-30,1,6.0,5.8,7.3
E00214,P00161,Coordinator,2025-10-12,2025-10-22,1,5.9,5.6,7.2
E00214,P00209,Coordinator,2025-10-07,2025-10-15,1,6.2,6.3,7.4
E00214,P00215,Coordinator,2026-01-06,2026-01-18,1,6.1,5.5,7.4
E00214,P00237,Coordinator,2025-06-12,2025-06-24,1,8.9,9.5,8.8
E00214,P00246,Coordinator,2025-12-12,2025-12-15,1,7.7,8.6,8.2
E00214,P00249,Coordinator,2023-09-02,2023-09-15,1,5.5,5.0,7.0
E00214,P00250,Coordinator,2024-07-29,2024-08-02,1,5.5,5.0,7.0
E00214,P00253,Coordinator,2025-01-17,2025-01-20,1,5.5,5.9,7.0
E00214,P00294,Coordinator,2024-03-19,2024-03-29,1,5.5,5.0,7.0
E00214,P00299,Coordinator,2025-05-31,2025-06-09,1,8.8,9.5,8.7
E00214,P00318,Coordinator,2024-01-08,2024-01-22,1,6.2,6.8,7.4
E00214,P00320,Coordinator,2025-09-20,2025-10-04,1,5.5,5.0,7.0
E00214,P00349,Coordinator,2023-07-04,2023-07-07,1,5.9,5.6,7.2
E00214,P00369,Coordinator,2023-12-06,2023-12-14,1,6.4,6.9,7.5
E00214,P00386,Coordinator,2023-12-29,2023-12-31,1,5.9,6.2,7.2
E00214,P00388,Coordinator,2023-06-09,2023-06-21,1,8.4,8.6,8.5
E00214,P00397,Coordinator,2023-09-02,2023-09-12,1,6.9,8.2,7.8
E00214,P00409,Coordinator,2023-10-07,2023-11-02,1,6.9,5.9,7.8
E00214,P00422,Coordinator,2025-03-17,2025-03-27,1,6.4,7.4,7.5
E00214,P00443,Coordinator,2023-03-20,2023-03-29,1,7.2,8.3,7.9
E00214,P00464,Coordinator,2026-04-10,2026-02-27,1,8.0,8.9,8.3
E00214,P00527,Coordinator,2024-09-12,2025-03-19,2,7.3,7.1,8.0
E00214,P00562,Coordinator,2026-04-12,2026-04-19,1,9.2,9.7,8.9
E00214,P00571,Coordinator,2023-12-31,2024-01-08,1,5.5,5.0,7.0
E00214,P00588,Coordinator,2026-03-24,2026-04-05,1,7.6,8.1,8.1
E00214,P00620,Coordinator,2024-07-22,2024-08-06,1,7.6,7.2,8.1
E00214,P00637,Coordinator,2024-10-30,2024-11-14,1,7.3,8.4,8.0
E00214,P00648,Coordinator,2026-01-07,2026-01-15,1,8.2,8.0,8.4
E00214,P00656,Coordinator,2026-03-24,2026-04-07,1,8.4,9.7,8.5
E00214,P00669,Coordinator,2024-03-07,2024-03-18,1,6.6,7.0,7.6
E00214,P00677,Coordinator,2025-08-16,2025-08-30,1,8.0,9.3,8.3
E00214,P00678,Coordinator,2025-10-08,2025-11-04,1,8.0,9.3,8.3
E00214,P00681,Coordinator,2025-12-10,2026-01-03,1,5.5,5.0,7.0
E00214,P00693,Coordinator,2025-02-13,2025-02-26,1,6.6,7.4,7.6
E00214,P00704,Coordinator,2025-06-01,2025-06-05,1,5.5,5.0,7.0
E00214,P00714,Coordinator,2025-04-10,2025-04-23,1,8.0,9.3,8.3
E00214,P00748,Coordinator,2026-01-22,2026-03-16,2,8.7,8.8,8.6
E00214,P00772,Coordinator,2023-11-22,2023-12-14,1,6.0,5.6,7.3
E00214,P00780,Coordinator,2026-03-17,2026-03-19,1,7.1,7.2,7.8
E00214,P00856,Coordinator,2025-01-25,2025-02-09,1,5.8,6.1,7.2
E00214,P00862,Coordinator,2026-01-25,2026-02-09,1,9.7,9.7,9.1
E00214,P00866,Coordinator,2024-09-29,2024-10-06,1,8.4,8.3,8.5
E00215,P00009,Contributor,2024-02-13,2024-02-17,1,7.4,7.7,7.6
E00215,P00015,Contributor,2026-01-28,2026-01-30,1,7.8,7.3,7.8
E00215,P00018,Contributor,2025-03-07,2025-03-10,1,6.0,5.0,6.9
E00215,P00037,Contributor,2026-02-17,2026-02-26,1,5.5,5.0,6.6
E00215,P00070,Contributor,2023-08-16,2023-08-30,1,5.5,5.0,6.6
E00215,P00123,Contributor,2025-04-12,2025-04-17,1,6.1,7.1,7.0
E00215,P00157,Contributor,2024-03-02,2024-03-08,1,7.2,7.4,7.5
E00215,P00199,Contributor,2025-11-28,2025-12-13,1,7.4,8.6,7.6
E00215,P00220,Contributor,2023-06-01,2023-06-12,1,8.0,9.3,7.9
E00215,P00246,Contributor,2025-08-24,2025-09-01,1,5.5,5.0,6.6
E00215,P00282,Contributor,2023-05-21,2023-06-06,1,8.0,9.4,7.9
E00215,P00283,Contributor,2026-04-22,2026-04-27,1,6.6,6.8,7.2
E00215,P00323,Contributor,2025-10-21,2025-11-16,1,7.5,8.2,7.6
E00215,P00335,Contributor,2024-04-04,2024-04-19,1,6.5,6.4,7.2
E00215,P00337,Contributor,2023-07-24,2023-07-30,1,5.5,5.0,6.6
E00215,P00338,Contributor,2023-10-08,2023-10-26,1,9.2,9.7,8.5
E00215,P00365,Contributor,2025-02-02,2025-02-16,1,5.5,5.0,6.6
E00215,P00388,Contributor,2023-09-18,2023-09-28,1,7.4,8.8,7.6
E00215,P00394,Contributor,2023-09-25,2023-10-01,1,5.6,6.0,6.7
E00215,P00414,Contributor,2026-02-10,2026-02-24,1,5.5,5.0,6.6
E00215,P00470,Contributor,2023-07-12,2023-07-23,1,6.5,7.9,7.2
E00215,P00563,Contributor,2024-02-09,2024-02-17,1,5.5,5.0,6.6
E00215,P00567,Contributor,2024-07-24,2024-08-07,1,7.0,8.3,7.4
E00215,P00581,Contributor,2024-01-12,2024-01-20,1,7.8,8.9,7.8
E00215,P00647,Contributor,2025-06-03,2025-06-10,1,7.0,8.0,7.4
E00215,P00649,Contributor,2024-01-26,2024-02-04,1,7.5,8.8,7.6
E00215,P00654,Contributor,2026-03-13,2026-03-24,1,8.0,9.3,7.9
E00215,P00670,Contributor,2025-01-10,2025-03-15,2,5.8,5.0,6.8
E00215,P00720,Contributor,2025-05-14,2025-05-19,1,5.5,5.0,6.6
E00215,P00883,Contributor,2025-12-31,2026-01-13,1,7.4,8.3,7.6
E00215,P00886,Contributor,2026-04-05,2026-03-05,1,7.0,7.6,7.4
E00216,P00020,Contributor,2024-05-31,2024-06-13,1,6.3,7.7,7.4
E00216,P00054,Contributor,2023-03-03,2023-03-13,1,8.0,9.3,8.3
E00216,P00073,Contributor,2024-02-13,2024-03-09,1,5.5,5.0,7.0
E00216,P00092,Contributor,2026-04-26,2026-05-08,1,6.6,7.5,7.6
E00216,P00100,Contributor,2024-11-08,2024-11-11,1,8.6,9.6,8.6
E00216,P00117,Contributor,2026-01-24,2026-01-30,1,8.4,9.7,8.5
E00216,P00118,Contributor,2025-04-20,2025-05-01,1,6.3,6.4,7.4
E00216,P00120,Contributor,2025-02-23,2025-02-27,1,5.5,5.0,7.0
E00216,P00130,Contributor,2026-02-02,2026-02-10,1,5.9,5.0,7.2
E00216,P00139,Contributor,2025-04-02,2025-04-04,1,7.0,8.1,7.8
E00216,P00161,Contributor,2025-05-27,2025-06-09,1,9.7,9.7,9.1
E00216,P00164,Contributor,2024-03-13,2024-03-16,1,8.5,9.5,8.6
E00216,P00183,Contributor,2023-11-09,2023-11-16,1,5.5,5.0,7.0
E00216,P00199,Contributor,2025-08-22,2025-09-01,1,9.2,9.7,8.9
E00216,P00241,Contributor,2025-03-17,2025-04-06,1,6.2,7.0,7.4
E00216,P00252,Contributor,2025-09-07,2025-09-19,1,9.1,9.6,8.8
E00216,P00253,Contributor,2024-12-12,2024-12-15,1,6.4,6.0,7.5
E00216,P00262,Contributor,2024-11-01,2024-11-05,1,5.5,5.0,7.0
E00216,P00286,Contributor,2026-01-17,2026-01-19,1,5.7,5.2,7.2
E00216,P00290,Contributor,2025-06-02,2025-06-08,1,6.4,7.6,7.5
E00216,P00291,Contributor,2024-11-10,2024-11-22,1,8.0,9.3,8.3
E00216,P00327,Contributor,2026-03-18,2026-04-06,1,7.5,8.7,8.0
E00216,P00363,Contributor,2026-03-07,2026-02-23,1,6.2,6.3,7.4
E00216,P00380,Contributor,2023-11-02,2023-11-16,1,7.5,8.7,8.0
E00216,P00395,Contributor,2026-01-02,2026-01-17,1,5.5,5.0,7.0
E00216,P00412,Contributor,2025-07-24,2025-07-26,1,6.8,7.1,7.7
E00216,P00432,Contributor,2024-11-18,2024-11-19,1,5.5,5.0,7.0
E00216,P00437,Contributor,2025-01-25,2025-02-09,1,5.5,5.0,7.0
E00216,P00454,Contributor,2024-07-01,2024-07-09,1,5.5,5.0,7.0
E00216,P00455,Contributor,2025-04-19,2025-04-25,1,7.8,8.8,8.2
E00216,P00472,Contributor,2025-04-01,2025-04-14,1,7.7,8.8,8.2
E00216,P00480,Contributor,2024-03-03,2024-03-16,1,5.8,6.7,7.2
E00216,P00488,Contributor,2023-10-08,2023-10-29,1,5.5,5.1,7.0
E00216,P00509,Contributor,2026-03-30,2026-02-28,1,6.1,7.1,7.4
E00216,P00515,Contributor,2025-01-22,2025-05-01,2,6.4,5.5,7.5
E00216,P00526,Contributor,2025-09-20,2025-09-26,1,6.8,7.0,7.7
E00216,P00538,Contributor,2025-10-26,2025-10-29,1,6.9,8.2,7.8
E00216,P00551,Contributor,2023-10-30,2023-11-08,1,6.4,7.7,7.5
E00216,P00601,Contributor,2024-11-28,2024-12-02,1,5.9,5.2,7.2
E00216,P00633,Contributor,2026-03-20,2026-03-29,1,7.3,8.6,8.0
E00216,P00644,Contributor,2025-12-05,2025-12-10,1,8.0,9.2,8.3
E00216,P00653,Contributor,2026-02-07,2026-02-19,1,5.5,5.0,7.0
E00216,P00654,Contributor,2026-02-22,2026-03-02,1,6.9,8.2,7.8
E00216,P00666,Contributor,2023-12-04,2023-12-09,1,6.7,7.6,7.6
E00216,P00679,Contributor,2026-03-21,2026-02-28,1,6.8,7.3,7.7
E00216,P00687,Contributor,2024-10-07,2024-10-17,1,7.5,8.7,8.0
E00216,P00699,Contributor,2024-09-06,2024-09-08,1,5.9,5.2,7.2
E00216,P00728,Contributor,2024-04-26,2024-05-10,1,7.5,8.4,8.0
E00216,P00742,Contributor,2024-06-27,2024-06-29,1,6.2,6.7,7.4
E00216,P00745,Contributor,2025-11-08,2025-12-05,1,5.8,5.0,7.2
E00216,P00773,Contributor,2025-12-29,2026-01-04,1,6.5,5.9,7.6
E00216,P00786,Contributor,2025-09-19,2025-10-14,1,5.5,5.0,7.0
E00216,P00792,Contributor,2023-08-16,2023-08-30,1,5.9,5.2,7.2
E00216,P00798,Contributor,2023-05-16,2023-05-26,1,8.8,9.1,8.7
E00216,P00803,Contributor,2026-03-19,2026-02-25,1,8.3,8.8,8.4
E00216,P00818,Contributor,2023-07-28,2023-08-05,1,5.9,6.5,7.2
E00216,P00824,Contributor,2023-10-02,2023-10-07,1,6.5,7.9,7.6
E00216,P00826,Contributor,2025-03-02,2025-03-11,1,7.9,9.2,8.2
E00216,P00839,Contributor,2026-03-03,2026-03-18,1,8.4,9.7,8.5
E00216,P00851,Contributor,2023-09-21,2023-09-28,1,6.3,7.2,7.4
E00216,P00862,Contributor,2026-01-08,2026-01-11,1,7.4,7.4,8.0
E00216,P00868,Contributor,2025-07-07,2025-07-22,1,6.8,8.1,7.7
E00216,P00890,Contributor,2023-11-13,2024-03-12,2,8.7,9.3,8.6
E00216,P00892,Contributor,2025-10-18,2025-10-29,1,7.9,8.3,8.2
E00217,P00024,Project Team Member,2023-11-22,2023-12-01,1,5.5,5.0,6.4
E00217,P00036,Project Team Member,2024-01-10,2024-01-15,1,6.8,7.6,7.1
E00217,P00110,Project Team Member,2024-03-08,2024-03-10,1,7.3,8.5,7.4
E00217,P00148,Project Team Member,2024-05-05,2024-08-01,2,6.3,5.5,6.8
E00217,P00153,Project Team Member,2025-05-25,2025-05-27,1,7.6,8.3,7.5
E00217,P00156,Project Team Member,2023-11-05,2023-11-07,1,5.9,6.6,6.6
E00217,P00195,Project Team Member,2024-01-02,2024-01-13,1,6.2,6.8,6.8
E00217,P00205,Project Team Member,2025-04-23,2025-04-25,1,7.1,8.3,7.2
E00217,P00268,Project Team Member,2024-10-09,2024-10-15,1,7.0,7.6,7.2
E00217,P00396,Project Team Member,2025-10-04,2026-01-30,2,5.6,5.0,6.5
E00217,P00430,Project Team Member,2025-12-12,2025-12-28,1,5.5,5.1,6.4
E00217,P00432,Project Team Member,2024-10-30,2024-11-10,1,7.8,9.1,7.6
E00217,P00455,Project Team Member,2025-06-14,2025-06-25,1,6.9,7.7,7.2
E00217,P00525,Project Team Member,2026-03-16,2026-03-29,1,6.3,7.0,6.8
E00217,P00543,Project Team Member,2023-03-28,2023-04-09,1,7.6,8.6,7.5
E00217,P00548,Project Team Member,2023-07-26,2023-08-04,1,5.5,5.0,6.4
E00217,P00592,Project Team Member,2024-08-09,2024-08-22,1,6.9,6.5,7.2
E00217,P00655,Project Team Member,2026-03-07,2026-03-16,1,7.8,8.6,7.6
E00217,P00677,Project Team Member,2025-01-04,2025-01-17,1,8.8,9.1,8.1
E00217,P00720,Project Team Member,2025-05-07,2025-05-12,1,7.4,8.2,7.4
E00217,P00757,Project Team Member,2026-03-05,2026-03-19,1,6.8,7.2,7.1
E00217,P00797,Project Team Member,2024-06-24,2024-06-26,1,7.0,7.8,7.2
E00217,P00822,Project Team Member,2025-08-21,2025-08-23,1,7.6,7.6,7.5
E00217,P00826,Project Team Member,2025-05-02,2025-05-13,1,5.7,6.5,6.6
E00217,P00857,Project Team Member,2025-08-05,2025-08-15,1,5.5,5.0,6.4
E00218,P00004,Contributor,2024-04-23,2024-04-25,1,5.5,5.0,6.6
E00218,P00044,Contributor,2025-01-10,2025-01-20,1,6.0,5.9,6.9
E00218,P00050,Contributor,2025-08-29,2025-09-05,1,5.5,5.0,6.6
E00218,P00065,Contributor,2024-11-01,2024-11-05,1,8.4,9.7,8.1
E00218,P00114,Contributor,2023-11-14,2023-11-27,1,7.1,7.1,7.4
E00218,P00208,Contributor,2024-12-09,2024-12-18,1,5.5,5.0,6.6
E00218,P00250,Contributor,2023-11-13,2023-11-19,1,8.0,9.2,7.9
E00218,P00282,Contributor,2023-06-05,2023-06-12,1,7.7,7.1,7.8
E00218,P00318,Contributor,2023-10-03,2023-10-10,1,5.5,5.0,6.6
E00218,P00391,Contributor,2024-02-18,2024-02-28,1,5.5,5.1,6.6
E00218,P00398,Contributor,2025-10-27,2025-10-30,1,8.0,9.3,7.9
E00218,P00422,Contributor,2025-04-26,2025-05-03,1,5.5,5.0,6.6
E00218,P00467,Contributor,2025-03-12,2025-04-03,1,5.5,5.0,6.6
E00218,P00488,Contributor,2023-12-06,2023-12-08,1,6.4,6.5,7.1
E00218,P00579,Contributor,2024-02-18,2024-03-04,1,6.4,7.2,7.1
E00218,P00598,Contributor,2023-09-21,2023-10-02,1,7.0,8.3,7.4
E00218,P00601,Contributor,2024-03-03,2024-03-09,1,6.4,6.6,7.1
E00218,P00645,Contributor,2024-11-29,2024-12-16,1,7.8,8.9,7.8
E00218,P00695,Contributor,2023-06-12,2023-06-16,1,6.1,7.4,7.0
E00218,P00708,Contributor,2026-02-21,2026-03-01,1,7.6,8.9,7.7
E00218,P00791,Contributor,2025-04-14,2025-04-29,1,6.3,7.5,7.0
E00218,P00890,Contributor,2024-01-31,2024-07-29,2,8.1,8.8,8.0
E00219,P00034,Project Team Member,2024-04-12,2024-04-21,1,5.5,5.0,6.6
E00219,P00042,Project Team Member,2024-07-31,2024-08-08,1,5.5,5.0,6.6
E00219,P00057,Project Team Member,2023-03-28,2023-03-31,1,5.8,6.3,6.7
E00219,P00066,Project Team Member,2024-11-11,2024-11-23,1,5.5,5.0,6.6
E00219,P00072,Project Team Member,2025-11-12,2025-11-21,1,5.5,5.0,6.6
E00219,P00088,Project Team Member,2024-12-31,2025-01-02,1,5.5,5.0,6.6
E00219,P00095,Project Team Member,2025-10-26,2025-11-02,1,5.5,5.0,6.6
E00219,P00111,Project Team Member,2024-02-17,2024-02-27,1,5.8,7.0,6.7
E00219,P00186,Project Team Member,2026-03-02,2026-03-11,1,5.5,5.0,6.6
E00219,P00219,Project Team Member,2023-12-12,2023-12-24,1,7.6,9.0,7.6
E00219,P00236,Project Team Member,2025-05-17,2025-05-27,1,5.5,5.0,6.6
E00219,P00264,Project Team Member,2026-03-13,2026-03-28,1,6.9,7.4,7.2
E00219,P00284,Project Team Member,2025-04-16,2025-04-25,1,5.5,5.0,6.6
E00219,P00294,Project Team Member,2024-12-30,2025-01-10,1,6.9,8.0,7.2
E00219,P00297,Project Team Member,2025-01-29,2025-02-13,1,9.3,9.7,8.4
E00219,P00306,Project Team Member,2026-02-11,2026-02-26,1,5.5,5.0,6.6
E00219,P00322,Project Team Member,2025-01-22,2025-01-26,1,5.7,6.3,6.6
E00219,P00369,Project Team Member,2024-03-07,2024-03-10,1,8.1,8.5,7.8
E00219,P00400,Project Team Member,2024-02-12,2024-02-26,1,6.7,8.1,7.2
E00219,P00425,Project Team Member,2026-03-03,2026-03-17,1,6.4,7.0,7.0
E00219,P00431,Project Team Member,2026-03-10,2026-03-21,1,7.4,8.3,7.5
E00219,P00465,Project Team Member,2025-07-15,2025-07-26,1,8.0,9.4,7.8
E00219,P00538,Project Team Member,2025-07-01,2025-07-14,1,7.5,8.8,7.6
E00219,P00540,Project Team Member,2024-12-04,2024-12-19,1,7.8,9.0,7.7
E00219,P00578,Project Team Member,2026-03-05,2026-03-29,1,6.5,5.5,7.0
E00219,P00647,Project Team Member,2025-03-24,2025-04-07,1,6.8,7.5,7.2
E00219,P00663,Project Team Member,2025-11-04,2025-11-09,1,7.7,9.0,7.6
E00219,P00693,Project Team Member,2024-11-28,2024-12-04,1,7.6,8.2,7.6
E00219,P00708,Project Team Member,2026-02-02,2026-02-06,1,7.3,8.6,7.4
E00219,P00710,Project Team Member,2025-11-06,2025-11-20,1,5.5,5.0,6.6
E00219,P00729,Project Team Member,2023-06-10,2023-06-23,1,7.5,8.3,7.6
E00219,P00757,Project Team Member,2026-03-16,2026-03-30,1,7.4,8.3,7.5
E00219,P00764,Project Team Member,2024-08-28,2024-09-24,1,7.4,7.8,7.5
E00219,P00807,Project Team Member,2023-07-18,2023-07-21,1,5.5,5.0,6.6
E00219,P00808,Project Team Member,2024-02-01,2024-02-16,1,9.1,9.6,8.4
E00219,P00812,Project Team Member,2023-10-15,2023-10-22,1,5.5,5.0,6.6
E00219,P00859,Project Team Member,2026-04-06,2026-03-13,1,8.0,9.4,7.8
E00219,P00873,Project Team Member,2024-11-23,2024-11-25,1,5.5,5.0,6.6
E00219,P00897,Project Team Member,2024-10-08,2024-10-21,1,7.0,7.8,7.3
E00220,P00044,Project Team Member,2024-01-12,2024-01-20,1,6.5,5.5,7.2
E00220,P00146,Project Team Member,2024-11-02,2024-11-13,1,5.8,6.0,6.9
E00220,P00230,Project Team Member,2025-07-24,2025-07-28,1,6.7,7.0,7.4
E00220,P00301,Project Team Member,2023-06-30,2023-07-11,1,6.0,6.1,7.0
E00220,P00319,Project Team Member,2024-05-24,2024-06-02,1,8.1,9.1,8.0
E00220,P00404,Project Team Member,2025-07-29,2025-08-02,1,5.5,5.0,6.8
E00220,P00420,Project Team Member,2024-12-18,2024-12-29,1,6.4,6.5,7.2
E00220,P00523,Project Team Member,2025-10-17,2025-11-03,1,5.5,5.0,6.8
E00220,P00585,Project Team Member,2025-05-12,2025-05-17,1,8.8,9.3,8.4
E00220,P00620,Project Team Member,2025-03-08,2025-03-21,1,7.0,7.5,7.5
E00220,P00643,Project Team Member,2025-08-13,2025-08-19,1,5.9,5.5,7.0
E00220,P00647,Project Team Member,2025-01-27,2025-02-10,1,5.5,5.0,6.8
E00220,P00698,Project Team Member,2024-08-06,2024-08-09,1,6.5,7.8,7.2
E00220,P00708,Project Team Member,2025-11-10,2025-11-17,1,6.8,8.2,7.4
E00220,P00730,Project Team Member,2026-01-20,2026-01-29,1,6.1,7.1,7.0
E00220,P00755,Project Team Member,2025-10-27,2026-03-28,2,6.4,6.2,7.2
E00221,P00009,Project Team Member,2023-07-19,2023-07-28,1,5.9,5.2,8.0
E00221,P00010,Project Team Member,2023-10-18,2023-10-31,1,6.8,8.1,8.4
E00221,P00062,Project Team Member,2025-03-30,2025-04-05,1,5.5,5.5,7.8
E00221,P00081,Project Team Member,2024-10-25,2024-11-05,1,7.6,8.6,8.8
E00221,P00091,Project Team Member,2026-01-16,2026-01-18,1,7.1,6.6,8.6
E00221,P00101,Project Team Member,2025-09-28,2025-10-10,1,6.4,5.9,8.2
E00221,P00118,Project Team Member,2025-08-06,2025-08-17,1,5.5,5.0,7.8
E00221,P00120,Project Team Member,2024-07-22,2024-07-26,1,7.0,8.3,8.5
E00221,P00139,Project Team Member,2025-04-23,2025-05-01,1,7.8,9.0,8.9
E00221,P00163,Project Team Member,2024-11-07,2024-11-25,1,7.8,9.1,8.9
E00221,P00180,Project Team Member,2025-05-13,2025-05-28,1,7.6,8.5,8.8
E00221,P00186,Project Team Member,2026-03-23,2026-04-03,1,5.5,5.0,7.8
E00221,P00191,Project Team Member,2025-10-12,2025-10-15,1,8.0,9.3,9.0
E00221,P00192,Project Team Member,2023-11-04,2023-11-08,1,5.5,5.0,7.8
E00221,P00193,Project Team Member,2024-10-17,2024-10-22,1,7.6,8.8,8.8
E00221,P00211,Project Team Member,2025-07-22,2025-08-18,1,5.5,5.0,7.8
E00221,P00223,Project Team Member,2024-10-21,2024-10-29,1,7.5,8.9,8.8
E00221,P00249,Project Team Member,2023-10-29,2023-11-10,1,5.5,5.4,7.8
E00221,P00287,Project Team Member,2025-09-24,2025-10-06,1,8.4,9.7,9.2
E00221,P00305,Project Team Member,2024-09-27,2024-10-12,1,6.7,7.0,8.4
E00221,P00309,Project Team Member,2026-03-22,2026-03-27,1,7.6,6.9,8.8
E00221,P00315,Project Team Member,2026-02-13,2026-02-23,1,5.6,5.1,7.8
E00221,P00349,Project Team Member,2023-07-11,2023-07-15,1,6.2,7.3,8.1
E00221,P00383,Project Team Member,2024-01-03,2024-01-11,1,8.0,8.4,9.0
E00221,P00398,Project Team Member,2026-03-11,2026-03-20,1,5.8,5.4,7.9
E00221,P00432,Project Team Member,2024-07-21,2024-07-26,1,6.7,6.6,8.4
E00221,P00452,Project Team Member,2023-09-09,2023-09-15,1,5.5,5.0,7.8
E00221,P00454,Project Team Member,2023-12-20,2023-12-30,1,6.7,7.1,8.4
E00221,P00471,Project Team Member,2023-04-16,2023-04-26,1,7.4,8.6,8.7
E00221,P00482,Project Team Member,2023-01-11,2023-01-16,1,6.2,7.1,8.1
E00221,P00503,Project Team Member,2024-01-09,2024-01-14,1,6.1,6.2,8.0
E00221,P00511,Project Team Member,2025-05-23,2025-06-06,1,6.1,5.8,8.0
E00221,P00513,Project Team Member,2025-05-03,2025-05-18,1,7.6,8.3,8.8
E00221,P00519,Project Team Member,2025-12-28,2026-01-01,1,5.5,5.0,7.8
E00221,P00523,Project Team Member,2025-12-02,2025-12-12,1,7.4,7.9,8.7
E00221,P00526,Project Team Member,2025-10-01,2025-10-18,1,5.6,5.7,7.8
E00221,P00537,Project Team Member,2024-02-26,2024-03-16,1,7.8,9.1,8.9
E00221,P00540,Project Team Member,2024-10-20,2024-10-30,1,7.5,8.7,8.8
E00221,P00561,Project Team Member,2024-02-08,2024-02-20,1,5.5,5.0,7.8
E00221,P00583,Project Team Member,2026-03-23,2026-04-03,1,7.4,8.6,8.7
E00221,P00585,Project Team Member,2025-05-18,2025-05-27,1,5.5,5.0,7.8
E00221,P00596,Project Team Member,2024-11-08,2024-11-20,1,6.8,8.1,8.4
E00221,P00606,Project Team Member,2023-08-30,2023-09-12,1,6.5,6.6,8.2
E00221,P00648,Project Team Member,2025-03-27,2025-04-06,1,5.5,5.0,7.8
E00221,P00654,Project Team Member,2026-02-23,2026-03-07,1,6.8,7.6,8.4
E00221,P00673,Project Team Member,2024-01-05,2024-01-10,1,6.5,6.7,8.2
E00221,P00677,Project Team Member,2025-02-05,2025-07-18,2,7.7,7.4,8.8
E00221,P00678,Project Team Member,2025-09-20,2025-09-25,1,7.6,8.8,8.8
E00221,P00681,Project Team Member,2026-02-18,2026-02-27,1,6.9,7.9,8.4
E00221,P00702,Project Team Member,2024-02-13,2024-02-22,1,8.0,9.0,9.0
E00221,P00712,Project Team Member,2026-03-20,2026-03-25,1,5.5,5.0,7.8
E00221,P00767,Project Team Member,2024-11-19,2024-11-26,1,5.5,5.0,7.8
E00221,P00796,Project Team Member,2025-06-30,2025-11-14,2,6.6,6.6,8.3
E00221,P00802,Project Team Member,2024-08-09,2024-08-14,1,7.0,8.4,8.5
E00221,P00828,Project Team Member,2025-09-04,2025-09-13,1,5.5,5.0,7.8
E00221,P00829,Project Team Member,2024-01-07,2024-01-09,1,6.6,6.8,8.3
E00221,P00844,Project Team Member,2025-03-21,2025-03-30,1,5.9,6.6,8.0
E00221,P00851,Project Team Member,2023-05-28,2023-06-19,1,6.0,5.6,8.0
E00221,P00873,Project Team Member,2025-04-09,2025-04-23,1,7.2,8.5,8.6
E00222,P00050,Contributor,2025-12-05,2025-12-10,1,8.0,9.3,7.2
E00222,P00061,Contributor,2023-04-27,2023-05-07,1,7.6,7.2,7.0
E00222,P00073,Contributor,2024-01-14,2024-01-21,1,9.7,9.7,8.0
E00222,P00108,Contributor,2024-11-17,2024-12-12,1,6.2,7.4,6.3
E00222,P00112,Contributor,2025-05-29,2025-06-02,1,7.1,8.2,6.8
E00222,P00164,Contributor,2024-03-29,2024-04-05,1,6.1,7.1,6.2
E00222,P00176,Contributor,2024-07-04,2024-07-13,1,5.5,5.0,6.0
E00222,P00188,Contributor,2025-12-03,2025-12-06,1,7.8,7.8,7.1
E00222,P00220,Contributor,2023-08-24,2023-09-03,1,5.5,5.0,6.0
E00222,P00221,Contributor,2026-01-10,2026-01-22,1,5.5,5.0,6.0
E00222,P00241,Contributor,2024-10-04,2024-10-16,1,7.4,8.4,6.9
E00222,P00255,Contributor,2024-01-17,2024-01-22,1,5.8,5.5,6.1
E00222,P00261,Contributor,2024-12-04,2024-12-11,1,5.5,5.0,6.0
E00222,P00307,Contributor,2024-12-23,2024-12-31,1,5.5,5.0,6.0
E00222,P00343,Contributor,2024-05-17,2024-05-31,1,5.6,6.2,6.0
E00222,P00347,Contributor,2026-01-16,2026-01-31,1,5.5,5.5,6.0
E00222,P00357,Contributor,2023-02-27,2023-03-16,1,6.1,5.9,6.2
E00222,P00419,Contributor,2024-10-18,2024-10-26,1,5.9,6.5,6.2
E00222,P00482,Contributor,2023-12-06,2023-12-15,1,5.5,5.7,6.0
E00222,P00541,Contributor,2024-06-05,2024-06-16,1,5.7,5.0,6.1
E00222,P00545,Contributor,2024-11-13,2024-11-26,1,6.3,5.3,6.4
E00222,P00609,Contributor,2024-02-24,2024-03-02,1,8.4,9.5,7.4
E00222,P00633,Contributor,2026-03-18,2026-03-21,1,5.5,5.0,6.0
E00222,P00760,Contributor,2023-08-07,2023-08-28,1,8.4,9.7,7.4
E00222,P00839,Contributor,2025-11-01,2025-11-06,1,7.2,6.2,6.8
E00223,P00030,Project Team Member,2023-11-14,2023-12-13,1,5.5,5.0,7.0
E00223,P00063,Project Team Member,2026-03-20,2026-04-04,1,5.8,5.0,7.2
E00223,P00074,Project Team Member,2026-02-04,2026-02-17,1,8.2,9.5,8.4
E00223,P00132,Project Team Member,2023-11-20,2023-12-04,1,8.0,9.3,8.3
E00223,P00140,Project Team Member,2024-10-23,2024-11-19,1,5.5,5.0,7.0
E00223,P00165,Project Team Member,2024-04-12,2024-04-21,1,8.3,8.2,8.4
E00223,P00169,Project Team Member,2024-03-12,2024-03-20,1,5.9,5.8,7.2
E00223,P00200,Project Team Member,2025-04-20,2025-05-02,1,7.9,8.1,8.2
E00223,P00219,Project Team Member,2024-01-30,2024-02-08,1,9.1,9.7,8.8
E00223,P00228,Project Team Member,2023-07-17,2023-08-01,1,8.0,9.4,8.3
E00223,P00229,Project Team Member,2026-01-17,2026-01-30,1,6.7,5.7,7.6
E00223,P00241,Project Team Member,2025-02-11,2025-02-21,1,6.3,6.4,7.4
E00223,P00252,Project Team Member,2025-12-19,2025-12-28,1,7.8,9.1,8.2
E00223,P00294,Project Team Member,2024-08-21,2024-08-26,1,5.5,5.0,7.0
E00223,P00305,Project Team Member,2024-08-20,2024-08-22,1,8.2,9.5,8.4
E00223,P00340,Project Team Member,2024-04-08,2024-04-21,1,8.2,8.6,8.4
E00223,P00426,Project Team Member,2023-11-16,2023-11-27,1,5.5,5.0,7.0
E00223,P00436,Project Team Member,2024-05-16,2024-05-26,1,5.9,5.6,7.2
E00223,P00445,Project Team Member,2025-04-25,2025-04-28,1,7.1,7.2,7.8
E00223,P00472,Project Team Member,2024-11-25,2024-12-09,1,5.5,5.0,7.0
E00223,P00480,Project Team Member,2024-01-18,2024-01-28,1,8.9,9.3,8.8
E00223,P00555,Project Team Member,2023-10-18,2023-10-22,1,5.5,5.0,7.0
E00223,P00566,Project Team Member,2025-05-02,2025-05-14,1,5.6,5.6,7.1
E00223,P00590,Project Team Member,2025-12-30,2026-01-07,1,5.5,5.0,7.0
E00223,P00613,Project Team Member,2026-03-30,2026-04-12,1,7.5,8.8,8.0
E00223,P00615,Project Team Member,2025-02-15,2025-02-25,1,9.6,9.7,9.1
E00223,P00655,Project Team Member,2026-02-16,2026-03-01,1,5.5,5.0,7.0
E00223,P00657,Project Team Member,2026-02-03,2026-02-10,1,5.5,5.0,7.0
E00223,P00667,Project Team Member,2024-01-21,2024-01-31,1,6.7,7.0,7.6
E00223,P00676,Project Team Member,2026-03-05,2026-02-18,1,8.9,9.3,8.8
E00223,P00689,Project Team Member,2026-01-18,2026-01-30,1,6.7,5.7,7.6
E00223,P00707,Project Team Member,2024-06-04,2024-06-14,1,6.4,6.5,7.5
E00223,P00721,Project Team Member,2026-03-09,2026-03-11,1,5.9,5.2,7.2
E00223,P00730,Project Team Member,2026-03-11,2026-03-22,1,7.3,8.1,8.0
E00223,P00799,Project Team Member,2024-07-06,2024-07-14,1,7.2,8.5,7.9
E00223,P00834,Project Team Member,2024-02-13,2024-02-16,1,5.5,5.4,7.0
E00223,P00844,Project Team Member,2025-04-16,2025-04-28,1,5.5,5.0,7.0
E00223,P00847,Project Team Member,2023-07-31,2023-08-03,1,7.3,7.0,8.0
E00223,P00858,Project Team Member,2025-10-25,2025-10-30,1,5.5,5.0,7.0
E00223,P00862,Project Team Member,2026-03-18,2026-03-24,1,7.3,8.4,8.0
E00223,P00871,Project Team Member,2025-01-12,2025-01-17,1,5.5,5.0,7.0
E00223,P00885,Project Team Member,2025-04-14,2025-05-10,1,5.5,5.0,7.0
E00223,P00897,Project Team Member,2024-09-23,2024-10-06,1,6.5,7.3,7.6
E00224,P00030,Project Team Member,2024-03-18,2024-03-27,1,5.5,5.4,6.0
E00224,P00036,Project Team Member,2024-01-13,2024-01-15,1,7.3,8.6,7.0
E00224,P00067,Project Team Member,2025-07-22,2025-09-14,2,6.2,6.1,6.4
E00224,P00083,Project Team Member,2023-12-02,2023-12-17,1,5.5,5.0,6.0
E00224,P00135,Project Team Member,2023-11-19,2023-12-01,1,6.9,7.4,6.8
E00224,P00152,Project Team Member,2026-02-19,2026-02-24,1,9.2,9.7,7.9
E00224,P00181,Project Team Member,2026-01-03,2026-01-30,1,8.0,9.4,7.3
E00224,P00232,Project Team Member,2023-09-30,2023-10-08,1,8.5,9.1,7.6
E00224,P00234,Project Team Member,2024-06-25,2024-07-10,1,6.4,7.3,6.5
E00224,P00260,Project Team Member,2025-06-10,2025-06-14,1,6.1,6.2,6.4
E00224,P00284,Project Team Member,2025-01-27,2025-01-29,1,5.5,5.0,6.0
E00224,P00360,Project Team Member,2025-04-25,2025-04-27,1,5.5,5.0,6.0
E00224,P00435,Project Team Member,2026-03-10,2026-02-21,1,5.6,5.4,6.1
E00224,P00479,Project Team Member,2025-06-24,2025-06-28,1,6.7,6.4,6.6
E00224,P00490,Project Team Member,2025-07-05,2025-07-12,1,7.7,8.8,7.2
E00224,P00606,Project Team Member,2024-01-15,2024-01-24,1,5.5,5.0,6.0
E00224,P00609,Project Team Member,2023-02-06,2023-02-08,1,5.9,5.8,6.2
E00224,P00621,Project Team Member,2023-11-26,2023-12-17,1,5.5,5.0,6.0
E00224,P00659,Project Team Member,2023-05-30,2023-06-14,1,8.0,9.3,7.3
E00224,P00733,Project Team Member,2024-02-11,2024-02-21,1,7.0,6.6,6.8
E00224,P00761,Project Team Member,2025-12-09,2025-12-15,1,5.5,5.0,6.0
E00224,P00777,Project Team Member,2025-02-16,2025-02-26,1,6.7,7.1,6.6
E00224,P00797,Project Team Member,2024-08-25,2024-08-29,1,5.5,5.3,6.0
E00224,P00803,Project Team Member,2026-03-19,2026-02-25,1,6.3,5.3,6.4
E00224,P00834,Project Team Member,2024-01-28,2024-01-30,1,7.3,8.6,7.0
E00224,P00836,Project Team Member,2025-12-22,2026-01-04,1,5.9,6.3,6.2
E00224,P00839,Project Team Member,2026-02-01,2026-02-15,1,5.5,5.0,6.0
E00224,P00878,Project Team Member,2026-02-05,2026-02-19,1,5.5,5.0,6.0
E00225,P00037,Project Team Member,2025-11-29,2025-12-07,1,7.8,9.2,7.7
E00225,P00040,Project Team Member,2023-10-08,2023-10-22,1,8.7,9.7,8.1
E00225,P00045,Project Team Member,2023-09-30,2023-10-11,1,6.4,7.0,7.0
E00225,P00061,Project Team Member,2023-04-17,2023-04-26,1,6.1,7.1,6.8
E00225,P00098,Project Team Member,2024-09-04,2024-09-08,1,5.9,5.2,6.8
E00225,P00105,Project Team Member,2023-11-17,2023-12-08,1,5.5,5.6,6.6
E00225,P00108,Project Team Member,2024-11-21,2025-04-18,2,7.3,7.4,7.4
E00225,P00122,Project Team Member,2025-03-24,2025-04-05,1,5.8,5.6,6.7
E00225,P00145,Project Team Member,2026-04-06,2026-03-14,2,6.7,6.4,7.2
E00225,P00181,Project Team Member,2025-12-03,2025-12-07,1,7.2,7.9,7.4
E00225,P00183,Project Team Member,2023-12-15,2023-12-22,1,6.9,7.0,7.2
E00225,P00195,Project Team Member,2023-12-01,2023-12-10,1,6.4,6.9,7.0
E00225,P00200,Project Team Member,2025-05-09,2025-05-11,1,5.6,5.8,6.6
E00225,P00337,Project Team Member,2023-07-01,2023-07-07,1,6.2,6.2,6.9
E00225,P00358,Project Team Member,2024-11-29,2024-12-12,1,7.5,8.8,7.6
E00225,P00388,Project Team Member,2023-08-08,2023-10-02,2,6.8,6.4,7.2
E00225,P00405,Project Team Member,2025-07-06,2025-07-15,1,7.4,8.8,7.5
E00225,P00424,Project Team Member,2024-04-17,2024-04-23,1,7.5,8.6,7.6
E00225,P00433,Project Team Member,2024-11-26,2024-12-10,1,6.6,7.5,7.1
E00225,P00448,Project Team Member,2024-11-15,2024-11-21,1,5.6,5.7,6.6
E00225,P00486,Project Team Member,2023-06-12,2023-06-21,1,5.5,5.0,6.6
E00225,P00489,Project Team Member,2024-07-25,2024-07-27,1,6.2,6.8,6.9
E00225,P00494,Project Team Member,2024-12-25,2025-01-09,1,5.9,5.2,6.8
E00225,P00521,Project Team Member,2023-11-25,2023-11-27,1,7.2,8.5,7.4
E00225,P00525,Project Team Member,2026-01-28,2026-02-12,1,8.4,9.7,8.0
E00225,P00544,Project Team Member,2025-11-20,2025-11-22,1,6.4,7.4,7.0
E00225,P00546,Project Team Member,2024-04-16,2024-04-25,1,5.5,5.6,6.6
E00225,P00550,Project Team Member,2023-10-06,2023-10-19,1,8.0,9.2,7.8
E00225,P00578,Project Team Member,2026-03-14,2026-03-20,1,6.4,6.5,7.0
E00225,P00675,Project Team Member,2023-12-20,2023-12-22,1,6.1,7.1,6.8
E00225,P00688,Project Team Member,2023-02-20,2023-03-04,1,8.0,8.7,7.8
E00225,P00712,Project Team Member,2026-03-18,2026-04-03,1,5.5,5.0,6.6
E00225,P00713,Project Team Member,2024-07-11,2024-07-31,1,7.1,7.8,7.4
E00225,P00719,Project Team Member,2025-10-30,2025-11-04,1,8.6,8.6,8.1
E00225,P00772,Project Team Member,2024-06-17,2024-06-19,1,5.5,5.0,6.6
E00225,P00801,Project Team Member,2024-03-16,2024-03-18,1,5.7,5.5,6.6
E00225,P00804,Project Team Member,2024-07-29,2024-07-29,1,6.4,6.9,7.0
E00225,P00809,Project Team Member,2025-04-12,2025-04-15,1,7.3,8.3,7.4
E00225,P00841,Project Team Member,2023-10-03,2023-10-18,1,5.9,5.2,6.8
E00225,P00861,Project Team Member,2025-11-25,2025-11-29,1,6.9,8.2,7.2
E00225,P00862,Project Team Member,2026-01-02,2026-01-13,1,7.2,8.5,7.4
E00225,P00867,Project Team Member,2024-08-20,2024-08-28,1,5.9,6.3,6.8
E00225,P00895,Project Team Member,2026-03-23,2026-03-28,1,6.7,7.0,7.2
E00226,P00006,Contributor,2024-08-14,2024-08-20,1,5.5,5.0,7.2
E00226,P00011,Contributor,2024-04-05,2024-07-22,2,8.8,8.2,8.9
E00226,P00015,Contributor,2025-08-18,2025-08-22,1,5.5,5.0,7.2
E00226,P00085,Contributor,2023-03-12,2023-03-27,1,6.8,7.6,7.9
E00226,P00108,Contributor,2025-06-07,2025-06-12,1,5.5,5.0,7.2
E00226,P00126,Contributor,2025-07-14,2025-07-23,1,8.0,9.3,8.5
E00226,P00148,Contributor,2024-05-10,2024-05-18,1,7.1,8.4,8.0
E00226,P00152,Contributor,2026-02-14,2026-02-26,1,5.5,5.0,7.2
E00226,P00174,Contributor,2026-04-26,2026-05-01,1,5.5,5.6,7.2
E00226,P00206,Contributor,2025-11-24,2025-12-06,1,7.3,8.2,8.2
E00226,P00268,Contributor,2024-05-27,2024-06-08,1,5.5,5.0,7.2
E00226,P00284,Contributor,2025-05-20,2025-05-23,1,6.5,5.5,7.8
E00226,P00292,Contributor,2023-10-09,2023-10-18,1,5.8,5.0,7.4
E00226,P00296,Contributor,2025-02-08,2025-02-13,1,7.2,6.2,8.1
E00226,P00367,Contributor,2025-05-05,2025-05-31,1,7.5,8.7,8.2
E00226,P00426,Contributor,2023-12-01,2023-12-16,1,5.8,5.7,7.4
E00226,P00451,Contributor,2025-06-06,2025-06-11,1,5.5,5.5,7.2
E00226,P00485,Contributor,2023-11-13,2023-11-18,1,8.4,9.4,8.7
E00226,P00562,Contributor,2026-04-12,2026-04-16,1,7.4,8.8,8.2
E00226,P00604,Contributor,2023-12-24,2023-12-30,1,9.1,9.7,9.0
E00226,P00680,Contributor,2024-07-26,2024-08-02,1,7.2,8.3,8.1
E00226,P00729,Contributor,2023-08-17,2023-08-23,1,6.3,7.2,7.6
E00226,P00739,Contributor,2026-01-26,2026-02-06,1,7.2,6.2,8.1
E00226,P00788,Contributor,2024-10-18,2024-10-22,1,6.6,7.8,7.8
E00226,P00822,Contributor,2025-07-23,2025-08-06,1,7.4,8.3,8.2
E00226,P00849,Contributor,2024-10-25,2024-12-23,2,7.1,6.9,8.0
E00226,P00885,Contributor,2025-03-27,2025-04-04,1,7.2,7.9,8.1
E00226,P00895,Contributor,2026-03-24,2026-03-29,1,7.2,8.5,8.1
E00227,P00015,Contributor,2025-11-24,2025-11-26,1,5.5,5.3,6.8
E00227,P00035,Contributor,2025-07-24,2025-07-29,1,5.5,5.0,6.8
E00227,P00058,Contributor,2025-10-31,2025-11-07,1,5.9,5.8,7.0
E00227,P00073,Contributor,2024-03-28,2024-04-06,1,5.8,5.6,6.9
E00227,P00092,Contributor,2026-04-26,2026-05-03,1,6.6,6.4,7.3
E00227,P00116,Contributor,2025-07-28,2025-07-29,1,5.6,5.7,6.8
E00227,P00163,Contributor,2024-08-13,2024-08-21,1,6.1,6.1,7.0
E00227,P00455,Contributor,2025-02-25,2025-03-02,1,9.7,9.7,8.8
E00227,P00522,Contributor,2025-11-10,2025-11-14,1,6.9,7.7,7.4
E00227,P00578,Contributor,2026-03-25,2026-03-29,1,6.5,7.8,7.2
E00227,P00670,Contributor,2025-02-12,2025-02-23,1,6.5,7.8,7.2
E00227,P00728,Contributor,2024-03-29,2024-04-03,1,6.0,6.9,7.0
E00227,P00730,Contributor,2025-12-24,2025-12-29,1,7.6,8.9,7.8
E00227,P00883,Contributor,2025-12-27,2026-01-03,1,6.9,7.4,7.4
E00228,P00016,Project Team Member,2024-10-11,2024-10-21,1,6.6,7.5,6.8
E00228,P00030,Project Team Member,2024-04-12,2024-04-17,1,7.0,6.7,7.0
E00228,P00085,Project Team Member,2023-07-13,2023-09-12,2,7.8,8.2,7.4
E00228,P00156,Project Team Member,2023-10-17,2023-10-29,1,9.0,9.7,8.0
E00228,P00161,Project Team Member,2025-11-07,2025-12-07,1,5.5,5.0,6.2
E00228,P00175,Project Team Member,2023-06-14,2023-06-28,1,7.1,7.9,7.0
E00228,P00191,Project Team Member,2025-09-06,2025-09-17,1,6.8,7.9,6.9
E00228,P00202,Project Team Member,2024-10-11,2024-10-27,1,6.8,8.1,6.9
E00228,P00225,Project Team Member,2026-03-24,2026-04-08,1,7.3,8.2,7.2
E00228,P00227,Project Team Member,2026-02-25,2026-03-11,2,8.9,9.4,8.0
E00228,P00326,Project Team Member,2026-04-21,2026-05-03,1,5.5,5.0,6.2
E00228,P00345,Project Team Member,2023-10-30,2023-11-13,1,5.5,5.6,6.2
E00228,P00423,Project Team Member,2026-03-21,2026-03-25,1,7.4,8.4,7.2
E00228,P00463,Project Team Member,2026-04-28,2026-02-19,1,6.6,7.1,6.8
E00228,P00576,Project Team Member,2025-03-19,2025-03-21,1,7.9,9.2,7.4
E00228,P00577,Project Team Member,2026-02-22,2026-02-26,1,6.3,7.7,6.6
E00228,P00717,Project Team Member,2025-09-07,2025-09-19,1,7.2,7.4,7.1
E00228,P00823,Project Team Member,2024-08-29,2024-09-01,1,7.4,8.2,7.2
E00228,P00866,Project Team Member,2024-08-28,2024-09-07,1,7.1,8.1,7.0
E00228,P00885,Project Team Member,2024-09-29,2024-10-03,1,7.2,7.9,7.1
E00229,P00024,Project Team Member,2023-11-15,2023-11-27,1,8.0,8.0,7.7
E00229,P00096,Project Team Member,2025-03-07,2025-03-13,1,5.5,5.0,6.4
E00229,P00104,Project Team Member,2024-02-07,2024-02-17,1,7.5,8.4,7.4
E00229,P00175,Project Team Member,2023-06-22,2023-07-05,1,6.5,7.8,7.0
E00229,P00193,Project Team Member,2024-07-03,2024-07-13,1,7.9,8.5,7.6
E00229,P00251,Project Team Member,2026-02-17,2026-02-20,1,5.5,5.3,6.4
E00229,P00253,Project Team Member,2024-09-01,2024-09-05,1,6.9,8.2,7.2
E00229,P00266,Project Team Member,2023-05-28,2023-06-11,1,8.5,8.5,8.0
E00229,P00296,Project Team Member,2025-01-14,2025-01-29,1,8.0,9.3,7.7
E00229,P00302,Project Team Member,2025-02-13,2025-02-22,1,7.2,6.2,7.3
E00229,P00306,Project Team Member,2025-05-19,2025-06-11,1,6.9,7.6,7.2
E00229,P00309,Project Team Member,2026-02-28,2026-03-02,1,5.6,5.9,6.5
E00229,P00321,Project Team Member,2023-08-24,2023-08-27,1,8.0,8.0,7.7
E00229,P00331,Project Team Member,2025-01-17,2025-01-19,1,5.5,5.0,6.4
E00229,P00349,Project Team Member,2023-06-11,2023-06-19,1,6.9,8.2,7.2
E00229,P00358,Project Team Member,2025-03-23,2025-03-28,1,7.2,8.1,7.3
E00229,P00399,Project Team Member,2024-09-12,2024-09-23,1,5.9,5.2,6.6
E00229,P00510,Project Team Member,2026-03-19,2026-04-02,1,6.4,6.0,6.9
E00229,P00530,Project Team Member,2025-10-23,2025-11-02,1,7.1,7.8,7.2
E00229,P00539,Project Team Member,2024-01-29,2024-02-04,1,5.8,6.2,6.6
E00229,P00557,Project Team Member,2026-02-02,2026-02-26,1,5.5,5.0,6.4
E00229,P00604,Project Team Member,2023-07-16,2023-07-23,1,5.5,5.4,6.4
E00229,P00612,Project Team Member,2023-06-24,2023-07-07,1,7.1,8.5,7.2
E00229,P00679,Project Team Member,2026-03-21,2026-02-28,1,6.3,6.2,6.8
E00229,P00707,Project Team Member,2024-06-09,2024-06-29,2,7.6,8.3,7.5
E00229,P00712,Project Team Member,2026-03-25,2026-03-29,1,6.2,7.5,6.8
E00229,P00714,Project Team Member,2025-04-08,2025-04-20,1,7.3,8.6,7.4
E00229,P00734,Project Team Member,2023-12-13,2024-01-02,1,5.9,5.1,6.6
E00229,P00775,Project Team Member,2023-08-10,2023-08-14,1,5.9,6.4,6.6
E00229,P00790,Project Team Member,2025-08-13,2025-08-27,1,7.3,8.5,7.4
E00229,P00826,Project Team Member,2025-07-17,2025-07-24,1,5.5,5.0,6.4
E00229,P00895,Project Team Member,2026-03-22,2026-04-06,1,5.5,5.0,6.4
E00230,P00002,Coordinator,2025-07-18,2025-07-30,1,6.8,6.0,7.7
E00230,P00014,Coordinator,2024-09-28,2024-10-08,1,5.9,5.2,7.2
E00230,P00020,Coordinator,2024-02-14,2024-02-21,1,7.0,8.4,7.8
E00230,P00037,Coordinator,2025-10-09,2025-10-18,1,6.5,7.9,7.6
E00230,P00048,Coordinator,2026-02-23,2026-03-03,1,5.5,5.0,7.0
E00230,P00064,Coordinator,2025-12-07,2025-12-19,1,6.1,6.5,7.4
E00230,P00117,Coordinator,2026-02-04,2026-02-07,1,8.1,9.1,8.4
E00230,P00129,Coordinator,2026-04-10,2026-04-15,1,5.5,5.0,7.0
E00230,P00139,Coordinator,2025-05-30,2025-06-09,1,6.9,8.3,7.8
E00230,P00145,Coordinator,2026-04-06,2026-03-14,1,6.8,7.1,7.7
E00230,P00160,Coordinator,2024-01-29,2024-02-04,1,6.9,7.5,7.8
E00230,P00177,Coordinator,2023-11-05,2023-11-20,1,7.6,8.2,8.1
E00230,P00249,Coordinator,2023-12-08,2023-12-17,1,7.5,8.4,8.0
E00230,P00273,Coordinator,2026-01-05,2026-01-12,1,5.5,5.0,7.0
E00230,P00279,Coordinator,2025-08-22,2025-09-02,1,9.0,9.6,8.8
E00230,P00280,Coordinator,2025-02-22,2025-03-21,1,9.5,9.7,9.0
E00230,P00299,Coordinator,2025-12-12,2025-12-16,1,9.2,9.7,8.9
E00230,P00310,Coordinator,2023-06-24,2023-06-29,1,5.9,6.4,7.2
E00230,P00326,Coordinator,2026-04-21,2026-04-25,1,5.5,5.0,7.0
E00230,P00374,Coordinator,2025-08-13,2025-08-19,1,5.5,5.0,7.0
E00230,P00375,Coordinator,2025-02-04,2025-02-10,1,8.0,9.3,8.3
E00230,P00382,Coordinator,2024-03-02,2024-03-09,1,6.0,5.9,7.3
E00230,P00384,Coordinator,2026-01-04,2026-01-15,1,7.2,8.1,7.9
E00230,P00397,Coordinator,2023-09-22,2023-10-02,1,8.0,9.0,8.3
E00230,P00411,Coordinator,2024-02-26,2024-03-11,1,6.8,8.2,7.7
E00230,P00426,Coordinator,2023-08-12,2023-08-14,1,6.5,6.6,7.6
E00230,P00470,Coordinator,2023-09-21,2023-09-30,1,5.5,5.0,7.0
E00230,P00472,Coordinator,2024-11-21,2024-12-19,1,5.5,5.2,7.0
E00230,P00489,Coordinator,2025-03-25,2025-04-11,1,7.3,8.6,8.0
E00230,P00504,Coordinator,2023-07-12,2023-07-15,1,7.0,8.1,7.8
E00230,P00513,Coordinator,2025-10-10,2025-10-29,1,7.7,8.3,8.2
E00230,P00548,Coordinator,2023-09-06,2023-09-12,1,8.2,8.7,8.4
E00230,P00560,Coordinator,2024-09-09,2024-09-17,1,8.1,9.2,8.4
E00230,P00561,Coordinator,2023-11-10,2024-05-27,2,7.3,7.4,8.0
E00230,P00571,Coordinator,2024-01-31,2024-02-02,1,7.3,7.5,8.0
E00230,P00596,Coordinator,2024-10-29,2024-11-26,1,5.5,5.0,7.0
E00230,P00600,Coordinator,2025-05-28,2025-06-02,1,6.4,6.6,7.5
E00230,P00603,Coordinator,2023-12-26,2024-01-05,1,5.5,5.0,7.0
E00230,P00606,Coordinator,2023-08-22,2023-08-24,1,7.2,7.4,7.9
E00230,P00614,Coordinator,2026-03-21,2026-04-16,1,5.9,5.9,7.2
E00230,P00640,Coordinator,2024-09-23,2024-09-28,1,6.3,7.0,7.4
E00230,P00664,Coordinator,2025-07-19,2025-07-25,1,7.1,8.1,7.8
E00230,P00726,Coordinator,2024-05-14,2024-05-29,1,5.5,5.0,7.0
E00230,P00745,Coordinator,2026-01-26,2026-02-17,1,9.5,9.7,9.0
E00230,P00752,Coordinator,2025-09-07,2025-09-12,1,8.0,9.3,8.3
E00230,P00767,Coordinator,2023-12-20,2023-12-26,1,7.8,9.1,8.2
E00230,P00794,Coordinator,2024-11-24,2024-12-04,1,8.0,9.3,8.3
E00230,P00817,Coordinator,2025-09-29,2025-10-16,1,7.7,7.5,8.2
E00230,P00818,Coordinator,2023-10-26,2023-11-08,1,5.9,5.2,7.2
E00230,P00852,Coordinator,2026-02-17,2026-02-20,1,6.4,6.5,7.5
E00231,P00028,Project Team Member,2024-11-28,2024-12-04,1,6.6,8.0,7.0
E00231,P00201,Project Team Member,2025-04-11,2025-04-13,1,7.6,8.6,7.5
E00231,P00229,Project Team Member,2026-01-05,2026-01-09,1,7.8,8.9,7.6
E00231,P00238,Project Team Member,2024-03-07,2024-03-17,1,5.9,5.8,6.6
E00231,P00243,Project Team Member,2025-10-17,2025-10-27,1,7.5,8.7,7.4
E00231,P00253,Project Team Member,2024-10-25,2024-11-03,1,6.6,7.9,7.0
E00231,P00327,Project Team Member,2026-03-12,2026-03-17,1,5.5,5.3,6.4
E00231,P00341,Project Team Member,2023-02-03,2023-02-06,1,5.5,5.0,6.4
E00231,P00363,Project Team Member,2026-03-07,2026-02-23,1,8.0,9.3,7.7
E00231,P00368,Project Team Member,2026-03-02,2026-03-09,1,7.2,7.4,7.3
E00231,P00411,Project Team Member,2024-01-05,2024-01-10,1,7.4,8.3,7.4
E00231,P00437,Project Team Member,2024-06-07,2024-06-22,1,7.2,8.1,7.3
E00231,P00446,Project Team Member,2025-11-04,2025-11-14,1,6.4,7.7,6.9
E00231,P00466,Project Team Member,2025-12-19,2025-12-31,1,7.7,8.8,7.6
E00231,P00482,Project Team Member,2023-06-07,2023-06-13,1,5.5,5.0,6.4
E00231,P00593,Project Team Member,2024-10-23,2024-10-30,1,5.9,5.0,6.6
E00231,P00612,Project Team Member,2023-08-23,2023-09-03,1,6.6,7.0,7.0
E00231,P00622,Project Team Member,2024-09-13,2024-09-26,1,6.6,7.0,7.0
E00231,P00643,Project Team Member,2025-07-17,2025-07-26,1,7.5,8.5,7.4
E00231,P00743,Project Team Member,2024-01-13,2024-01-16,1,5.5,5.0,6.4
E00231,P00789,Project Team Member,2026-04-30,2026-05-14,1,6.8,7.3,7.1
E00231,P00821,Project Team Member,2023-11-05,2024-03-24,2,6.9,7.6,7.2
E00231,P00844,Project Team Member,2025-06-22,2025-06-24,1,7.2,8.6,7.3
E00231,P00852,Project Team Member,2026-02-06,2026-02-14,1,5.5,5.0,6.4
E00231,P00855,Project Team Member,2025-10-15,2025-10-21,1,6.7,6.6,7.0
E00232,P00100,Specialist,2023-11-20,2025-03-29,2,6.4,6.5,7.3
E00232,P00112,Specialist,2026-02-21,2026-03-15,1,6.0,6.6,7.1
E00232,P00130,Specialist,2026-03-16,2026-03-24,1,6.1,6.0,7.2
E00232,P00140,Specialist,2025-05-07,2025-05-17,1,6.6,7.3,7.4
E00232,P00167,Specialist,2025-05-19,2025-05-28,1,7.7,9.0,8.0
E00232,P00210,Specialist,2024-05-25,2024-05-28,1,6.9,7.8,7.6
E00232,P00221,Specialist,2025-12-25,2026-01-13,2,7.6,8.4,7.9
E00232,P00256,Specialist,2025-06-01,2025-06-03,1,6.5,7.7,7.4
E00232,P00306,Specialist,2025-06-30,2025-07-05,1,6.6,7.6,7.4
E00232,P00312,Specialist,2024-07-31,2024-08-02,1,7.7,8.8,8.0
E00232,P00364,Specialist,2025-07-17,2025-07-20,1,7.4,8.2,7.8
E00232,P00365,Specialist,2025-05-16,2025-05-18,1,5.5,5.0,6.8
E00232,P00370,Specialist,2024-11-14,2024-11-21,1,7.7,8.7,8.0
E00232,P00387,Specialist,2024-03-22,2024-03-24,1,7.3,8.6,7.8
E00232,P00449,Specialist,2026-02-23,2026-03-07,1,5.5,5.3,6.8
E00232,P00482,Specialist,2023-02-02,2023-02-16,1,5.5,5.0,6.8
E00232,P00526,Specialist,2025-04-15,2025-04-28,1,6.9,8.3,7.6
E00232,P00550,Specialist,2024-04-29,2024-05-06,1,6.8,7.3,7.5
E00232,P00563,Specialist,2024-02-01,2024-02-17,1,7.1,6.1,7.6
E00232,P00580,Specialist,2025-10-20,2025-10-25,1,9.0,9.6,8.6
E00232,P00599,Specialist,2024-06-19,2024-06-25,1,7.4,8.8,7.8
E00232,P00613,Specialist,2026-03-30,2026-04-13,1,6.3,7.2,7.2
E00232,P00635,Specialist,2023-05-19,2023-05-24,1,6.5,7.1,7.4
E00232,P00674,Specialist,2024-04-29,2024-05-01,1,5.5,5.0,6.8
E00232,P00688,Specialist,2023-06-17,2023-07-04,1,7.1,8.0,7.6
E00232,P00692,Specialist,2024-11-02,2024-11-17,1,6.6,7.0,7.4
E00232,P00722,Specialist,2023-11-09,2023-11-18,1,5.5,5.0,6.8
E00232,P00786,Specialist,2025-11-06,2025-11-08,1,6.3,6.7,7.2
E00232,P00830,Specialist,2025-12-15,2025-12-21,1,8.0,9.4,8.1
E00232,P00850,Specialist,2025-07-31,2025-08-06,1,5.9,5.2,7.0
E00232,P00858,Specialist,2025-10-14,2025-11-04,1,8.0,9.3,8.1
E00232,P00870,Specialist,2023-06-05,2023-06-19,1,5.5,5.0,6.8
E00232,P00873,Specialist,2025-01-27,2025-02-10,1,7.2,7.9,7.7
E00233,P00081,Contributor,2024-11-05,2024-11-17,1,5.5,5.0,6.8
E00233,P00083,Contributor,2024-01-04,2024-01-17,1,6.6,7.6,7.3
E00233,P00097,Contributor,2025-12-23,2025-12-31,1,5.5,5.0,6.8
E00233,P00116,Contributor,2024-11-26,2024-12-05,1,5.5,5.0,6.8
E00233,P00208,Contributor,2024-09-12,2024-09-24,1,6.9,7.3,7.4
E00233,P00233,Contributor,2026-01-31,2026-02-08,1,5.8,5.8,6.9
E00233,P00241,Contributor,2024-12-09,2024-12-12,1,5.5,5.0,6.8
E00233,P00280,Contributor,2025-03-10,2025-03-16,1,6.8,7.6,7.4
E00233,P00294,Contributor,2024-02-11,2024-10-04,2,7.7,8.1,7.8
E00233,P00316,Contributor,2023-07-18,2023-07-24,1,6.7,8.0,7.4
E00233,P00348,Contributor,2025-05-16,2025-05-24,1,5.5,5.9,6.8
E00233,P00382,Contributor,2023-07-16,2023-07-19,1,5.5,5.0,6.8
E00233,P00390,Contributor,2025-08-07,2025-08-09,1,8.0,9.4,8.0
E00233,P00422,Contributor,2025-04-23,2025-05-07,1,8.0,9.3,8.0
E00233,P00451,Contributor,2025-06-23,2025-07-07,1,6.2,6.3,7.1
E00233,P00454,Contributor,2024-01-18,2024-01-31,1,6.9,7.3,7.4
E00233,P00457,Contributor,2025-06-08,2025-06-15,1,6.1,6.6,7.0
E00233,P00475,Contributor,2024-07-22,2024-08-02,1,7.8,8.5,7.9
E00233,P00486,Contributor,2023-02-28,2023-03-11,1,6.7,8.0,7.4
E00233,P00499,Contributor,2025-09-25,2025-10-06,1,6.9,8.2,7.4
E00233,P00533,Contributor,2026-01-29,2026-02-24,2,7.2,7.0,7.6
E00233,P00558,Contributor,2023-08-03,2023-08-12,1,6.8,7.9,7.4
E00233,P00562,Contributor,2026-04-12,2026-04-18,1,7.4,8.2,7.7
E00233,P00594,Contributor,2024-05-25,2024-05-27,1,7.1,8.4,7.6
E00233,P00628,Contributor,2023-09-13,2023-09-18,1,6.5,7.9,7.2
E00233,P00642,Contributor,2025-02-10,2025-02-24,1,6.6,6.4,7.3
E00233,P00645,Contributor,2025-06-15,2025-06-27,1,7.1,6.5,7.6
E00233,P00670,Contributor,2024-12-26,2024-12-31,1,6.4,7.0,7.2
E00233,P00671,Contributor,2023-10-01,2023-10-08,1,7.3,8.6,7.6
E00233,P00792,Contributor,2023-08-21,2023-08-31,1,5.5,5.0,6.8
E00233,P00794,Contributor,2024-10-18,2025-04-16,2,7.3,7.6,7.6
E00233,P00867,Contributor,2023-11-24,2023-12-04,1,5.9,5.0,7.0
E00233,P00869,Contributor,2025-01-09,2025-01-22,1,6.2,6.5,7.1
E00234,P00024,Contributor,2024-03-27,2024-04-03,1,7.9,9.2,7.6
E00234,P00032,Contributor,2025-05-15,2025-05-24,1,5.7,5.9,6.6
E00234,P00047,Contributor,2025-05-25,2025-06-09,1,7.3,8.7,7.4
E00234,P00056,Contributor,2025-11-11,2025-11-17,1,6.2,6.1,6.8
E00234,P00064,Contributor,2025-10-27,2025-10-31,1,7.2,8.6,7.3
E00234,P00073,Contributor,2024-03-06,2024-03-20,1,6.5,5.5,7.0
E00234,P00082,Contributor,2023-09-21,2023-09-30,1,7.4,8.4,7.4
E00234,P00084,Contributor,2023-11-07,2023-11-11,1,6.6,7.9,7.0
E00234,P00131,Contributor,2025-11-02,2025-11-13,1,7.7,9.0,7.6
E00234,P00148,Contributor,2024-09-08,2024-09-11,1,7.1,8.4,7.2
E00234,P00172,Contributor,2025-03-10,2025-04-06,1,5.5,5.0,6.4
E00234,P00173,Contributor,2025-11-28,2025-12-07,1,5.5,5.0,6.4
E00234,P00183,Contributor,2023-12-24,2024-01-07,1,5.5,5.0,6.4
E00234,P00205,Contributor,2025-04-18,2025-05-02,1,6.8,8.1,7.1
E00234,P00229,Contributor,2026-03-01,2026-03-16,1,7.1,8.3,7.2
E00234,P00231,Contributor,2025-05-12,2025-06-09,1,7.1,8.4,7.2
E00234,P00249,Contributor,2023-10-14,2023-10-16,1,5.8,5.4,6.6
E00234,P00262,Contributor,2024-12-27,2025-01-04,1,5.9,5.2,6.6
E00234,P00278,Contributor,2024-01-06,2024-01-15,1,5.8,5.8,6.6
E00234,P00283,Contributor,2026-04-22,2026-04-24,1,7.5,8.6,7.4
E00234,P00287,Contributor,2026-01-24,2026-02-06,1,5.5,5.0,6.4
E00234,P00297,Contributor,2024-12-15,2024-12-21,1,6.9,6.5,7.2
E00234,P00298,Contributor,2025-02-13,2025-02-22,1,8.1,9.0,7.8
E00234,P00341,Contributor,2023-08-16,2023-08-26,1,5.5,5.0,6.4
E00234,P00343,Contributor,2024-02-23,2024-03-04,1,6.5,7.3,7.0
E00234,P00359,Contributor,2025-12-14,2025-12-26,1,7.1,7.8,7.2
E00234,P00392,Contributor,2023-10-01,2023-10-06,1,7.6,8.9,7.5
E00234,P00399,Contributor,2023-09-28,2023-10-05,1,6.2,5.6,6.8
E00234,P00403,Contributor,2024-10-17,2024-10-21,1,5.9,5.9,6.6
E00234,P00404,Contributor,2025-04-19,2025-04-26,1,6.6,7.9,7.0
E00234,P00430,Contributor,2025-05-26,2025-06-03,1,7.1,8.4,7.2
E00234,P00447,Contributor,2023-08-25,2023-09-07,1,6.5,5.5,7.0
E00234,P00463,Contributor,2026-04-28,2026-02-19,1,7.4,8.2,7.4
E00234,P00467,Contributor,2025-04-12,2025-04-20,1,6.8,7.8,7.1
E00234,P00474,Contributor,2026-01-12,2026-04-04,2,7.5,7.5,7.4
E00234,P00485,Contributor,2023-09-21,2023-10-01,1,8.0,9.4,7.7
E00234,P00487,Contributor,2023-05-26,2023-06-03,1,6.4,6.1,6.9
E00234,P00510,Contributor,2026-03-22,2026-03-26,1,8.4,9.7,7.9
E00234,P00514,Contributor,2025-02-16,2025-02-20,1,5.5,5.0,6.4
E00234,P00518,Contributor,2023-08-14,2023-09-16,2,6.0,5.8,6.7
E00234,P00529,Contributor,2023-10-17,2023-10-27,1,7.5,8.8,7.4
E00234,P00547,Contributor,2023-07-09,2023-07-13,1,5.5,5.0,6.4
E00234,P00580,Contributor,2025-06-25,2025-07-10,1,5.5,5.0,6.4
E00234,P00588,Contributor,2026-03-25,2026-04-07,1,6.2,6.2,6.8
E00234,P00608,Contributor,2025-09-14,2025-09-17,1,8.4,9.4,7.9
E00234,P00620,Contributor,2024-09-02,2024-10-01,1,9.0,9.7,8.2
E00234,P00621,Contributor,2023-12-01,2023-12-06,1,5.5,5.0,6.4
E00234,P00627,Contributor,2023-12-08,2023-12-18,1,6.9,8.2,7.2
E00234,P00638,Contributor,2026-03-16,2026-03-18,1,7.1,8.0,7.2
E00234,P00663,Contributor,2024-10-20,2024-11-02,1,6.8,7.2,7.1
E00234,P00684,Contributor,2024-10-06,2024-10-10,1,5.5,5.0,6.4
E00234,P00686,Contributor,2025-01-06,2025-01-22,1,6.2,5.2,6.8
E00234,P00695,Contributor,2023-07-14,2023-07-18,1,6.8,7.3,7.1
E00234,P00733,Contributor,2024-04-01,2024-04-14,1,6.2,7.0,6.8
E00234,P00744,Contributor,2024-06-19,2024-07-09,1,5.8,6.3,6.6
E00234,P00753,Contributor,2023-06-06,2023-06-21,1,5.5,5.6,6.4
E00234,P00758,Contributor,2023-04-04,2023-04-15,1,5.5,5.0,6.4
E00234,P00760,Contributor,2023-06-18,2023-07-01,1,9.5,9.7,8.4
E00234,P00762,Contributor,2025-05-19,2025-05-30,1,5.5,5.0,6.4
E00234,P00778,Contributor,2024-06-16,2024-06-18,1,7.0,8.4,7.2
E00234,P00827,Contributor,2025-01-03,2025-01-17,1,5.5,5.2,6.4
E00234,P00833,Contributor,2025-06-23,2025-07-04,1,5.5,5.7,6.4
E00234,P00836,Contributor,2026-03-08,2026-03-21,1,5.5,5.7,6.4
E00234,P00868,Contributor,2025-07-07,2025-07-21,1,6.6,7.1,7.0
E00234,P00873,Contributor,2025-05-27,2025-06-05,1,6.9,5.9,7.2
E00234,P00878,Contributor,2026-01-19,2026-01-26,1,5.5,5.0,6.4
E00234,P00881,Contributor,2023-08-26,2023-09-25,1,7.5,8.5,7.4
E00235,P00027,Coordinator,2025-12-03,2025-12-06,1,6.3,6.3,8.2
E00235,P00028,Coordinator,2025-03-11,2025-03-18,1,8.7,9.2,9.4
E00235,P00034,Coordinator,2024-04-11,2024-04-24,1,5.5,5.0,7.8
E00235,P00075,Coordinator,2026-04-27,2026-05-26,1,5.5,5.0,7.8
E00235,P00087,Coordinator,2025-07-21,2025-07-28,1,8.8,9.7,9.4
E00235,P00097,Coordinator,2025-11-21,2025-11-23,1,6.9,7.8,8.4
E00235,P00104,Coordinator,2024-05-10,2024-05-20,1,5.5,5.0,7.8
E00235,P00118,Coordinator,2025-05-14,2025-05-27,1,5.5,5.0,7.8
E00235,P00147,Coordinator,2024-01-27,2024-02-06,1,5.5,5.0,7.8
E00235,P00156,Coordinator,2024-03-09,2024-03-21,1,8.6,9.3,9.3
E00235,P00161,Coordinator,2025-05-10,2025-05-22,1,7.0,8.3,8.5
E00235,P00172,Coordinator,2025-04-24,2025-05-05,1,7.5,8.4,8.8
E00235,P00187,Coordinator,2026-03-15,2026-03-17,1,7.4,8.3,8.7
E00235,P00234,Coordinator,2024-06-06,2024-06-26,1,5.5,5.0,7.8
E00235,P00246,Coordinator,2025-11-05,2025-11-20,1,7.7,9.0,8.8
E00235,P00255,Coordinator,2024-09-23,2024-10-05,1,7.1,8.4,8.6
E00235,P00300,Coordinator,2023-07-30,2023-08-12,1,5.5,5.0,7.8
E00235,P00394,Coordinator,2024-07-07,2024-07-20,1,6.2,6.4,8.1
E00235,P00408,Coordinator,2023-07-07,2023-07-19,1,8.0,9.3,9.0
E00235,P00421,Coordinator,2023-05-21,2023-06-02,1,7.2,8.4,8.6
E00235,P00433,Coordinator,2024-10-26,2024-11-04,1,5.5,5.0,7.8
E00235,P00434,Coordinator,2025-01-18,2025-01-26,1,5.7,6.2,7.8
E00235,P00475,Coordinator,2024-11-12,2024-11-25,1,6.4,6.5,8.2
E00235,P00502,Coordinator,2025-05-19,2025-05-30,1,9.7,9.7,9.8
E00235,P00521,Coordinator,2023-08-25,2023-09-03,1,7.5,8.5,8.8
E00235,P00540,Coordinator,2025-02-28,2025-03-09,1,5.6,5.2,7.8
E00235,P00563,Coordinator,2023-11-09,2023-11-16,1,6.9,8.2,8.4
E00235,P00567,Coordinator,2024-06-18,2024-06-26,1,8.4,9.7,9.2
E00235,P00570,Coordinator,2025-10-01,2025-10-19,1,8.2,9.2,9.1
E00235,P00575,Coordinator,2025-01-08,2025-01-14,1,9.3,9.7,9.6
E00235,P00605,Coordinator,2025-04-19,2025-05-01,1,6.7,7.6,8.4
E00235,P00628,Coordinator,2023-10-09,2023-10-14,1,6.8,7.2,8.4
E00235,P00640,Coordinator,2024-07-22,2024-08-03,1,7.5,8.8,8.8
E00235,P00717,Coordinator,2025-10-08,2025-10-23,1,6.0,6.9,8.0
E00235,P00725,Coordinator,2026-04-13,2026-04-24,1,9.0,9.7,9.5
E00235,P00804,Coordinator,2023-12-27,2024-01-08,1,6.9,8.1,8.4
E00235,P00815,Coordinator,2025-06-03,2025-06-08,1,7.3,8.6,8.6
E00235,P00840,Coordinator,2024-09-28,2024-10-05,1,6.7,5.7,8.4
E00235,P00872,Coordinator,2023-07-18,2023-07-25,1,5.5,5.4,7.8
E00235,P00875,Coordinator,2025-05-19,2025-05-21,1,7.0,7.5,8.5
E00235,P00888,Coordinator,2026-03-21,2026-03-29,1,6.8,7.5,8.4
E00235,P00890,Coordinator,2023-10-07,2023-10-18,1,8.1,8.8,9.0
E00236,P00005,Project Team Member,2024-02-05,2024-02-20,1,5.9,5.2,7.2
E00236,P00012,Project Team Member,2025-04-22,2025-05-07,1,7.1,7.2,7.8
E00236,P00025,Project Team Member,2024-10-18,2024-10-29,1,5.5,5.0,7.0
E00236,P00057,Project Team Member,2023-05-28,2023-06-01,1,7.7,9.0,8.2
E00236,P00073,Project Team Member,2024-02-05,2024-02-13,1,7.9,9.2,8.2
E00236,P00082,Project Team Member,2023-06-29,2023-07-14,1,5.5,5.6,7.0
E00236,P00090,Project Team Member,2025-11-26,2025-12-02,1,5.6,5.8,7.1
E00236,P00099,Project Team Member,2024-08-30,2024-09-06,1,5.5,5.0,7.0
E00236,P00118,Project Team Member,2025-04-03,2025-05-03,1,5.5,5.0,7.0
E00236,P00148,Project Team Member,2024-09-03,2024-09-13,1,6.5,6.1,7.6
E00236,P00158,Project Team Member,2026-01-14,2026-01-15,1,8.0,8.7,8.3
E00236,P00178,Project Team Member,2026-04-14,2026-04-27,1,6.3,5.3,7.4
E00236,P00196,Project Team Member,2026-02-14,2026-02-24,1,6.1,7.1,7.4
E00236,P00209,Project Team Member,2026-03-24,2026-03-27,1,7.6,6.9,8.1
E00236,P00215,Project Team Member,2026-01-21,2026-02-28,2,5.5,5.0,7.0
E00236,P00216,Project Team Member,2025-03-20,2025-03-20,1,7.0,7.7,7.8
E00236,P00254,Project Team Member,2023-06-01,2023-06-05,1,5.8,5.0,7.2
E00236,P00262,Project Team Member,2024-06-15,2024-06-24,1,6.6,7.1,7.6
E00236,P00266,Project Team Member,2023-02-28,2023-03-12,1,5.5,5.0,7.0
E00236,P00304,Project Team Member,2025-07-12,2025-07-22,1,5.7,5.8,7.2
E00236,P00317,Project Team Member,2024-04-30,2024-05-26,2,8.4,9.3,8.5
E00236,P00318,Project Team Member,2023-09-08,2023-09-23,1,8.0,7.5,8.3
E00236,P00321,Project Team Member,2023-12-16,2023-12-30,1,5.5,5.0,7.0
E00236,P00331,Project Team Member,2024-09-25,2024-09-29,1,7.4,8.5,8.0
E00236,P00350,Project Team Member,2025-06-04,2025-06-17,1,7.2,6.2,7.9
E00236,P00360,Project Team Member,2024-11-22,2025-02-23,2,7.6,8.1,8.1
E00236,P00375,Project Team Member,2025-08-03,2025-08-11,1,5.5,5.0,7.0
E00236,P00398,Project Team Member,2026-02-02,2026-02-07,1,7.0,8.3,7.8
E00236,P00419,Project Team Member,2023-11-09,2023-11-23,1,6.4,7.0,7.5
E00236,P00463,Project Team Member,2026-04-28,2026-02-19,1,6.0,5.7,7.3
E00236,P00490,Project Team Member,2025-07-07,2025-07-16,1,5.5,5.0,7.0
E00236,P00493,Project Team Member,2023-10-25,2023-11-17,1,7.2,8.6,7.9
E00236,P00501,Project Team Member,2025-01-18,2025-02-12,1,5.5,5.1,7.0
E00236,P00502,Project Team Member,2025-08-02,2025-08-04,1,7.8,9.1,8.2
E00236,P00513,Project Team Member,2025-03-29,2025-04-12,1,8.1,7.9,8.4
E00236,P00525,Project Team Member,2026-01-16,2026-01-24,1,7.6,8.9,8.1
E00236,P00530,Project Team Member,2025-11-05,2025-11-17,1,7.9,9.3,8.2
E00236,P00539,Project Team Member,2024-01-21,2024-02-05,1,5.5,5.0,7.0
E00236,P00546,Project Team Member,2024-04-07,2024-04-22,1,5.6,5.1,7.1
E00236,P00561,Project Team Member,2023-08-01,2023-08-04,1,5.6,5.0,7.1
E00236,P00569,Project Team Member,2025-11-07,2025-11-20,1,5.5,5.6,7.0
E00236,P00580,Project Team Member,2025-05-20,2025-05-28,1,7.1,7.7,7.8
E00236,P00586,Project Team Member,2026-02-25,2026-02-27,1,5.8,5.6,7.2
E00236,P00604,Project Team Member,2023-12-10,2023-12-13,1,6.0,5.0,7.3
E00236,P00615,Project Team Member,2025-01-03,2025-01-12,1,7.8,9.0,8.2
E00236,P00620,Project Team Member,2025-02-16,2025-02-24,1,5.5,5.0,7.0
E00236,P00627,Project Team Member,2024-12-16,2025-01-03,1,8.2,8.1,8.4
E00236,P00630,Project Team Member,2024-07-26,2024-08-10,1,5.7,6.3,7.2
E00236,P00651,Project Team Member,2025-11-01,2025-11-09,1,6.4,7.2,7.5
E00236,P00654,Project Team Member,2026-02-28,2026-03-04,1,7.2,7.4,7.9
E00236,P00669,Project Team Member,2024-09-03,2024-09-15,1,6.4,6.6,7.5
E00236,P00689,Project Team Member,2026-03-07,2026-03-09,1,6.5,5.5,7.6
E00236,P00712,Project Team Member,2026-03-25,2026-04-03,1,6.3,6.8,7.4
E00236,P00734,Project Team Member,2024-06-04,2024-06-10,1,6.5,6.6,7.6
E00236,P00753,Project Team Member,2023-07-17,2023-07-30,1,7.0,8.4,7.8
E00236,P00759,Project Team Member,2026-03-18,2026-04-15,1,7.9,9.2,8.2
E00236,P00773,Project Team Member,2025-04-21,2025-05-03,1,5.7,5.2,7.2
E00236,P00805,Project Team Member,2025-09-27,2025-10-04,1,7.5,8.8,8.0
E00236,P00806,Project Team Member,2025-09-23,2025-10-07,1,8.0,9.3,8.3
E00236,P00820,Project Team Member,2024-04-29,2024-05-05,1,7.0,8.1,7.8
E00236,P00829,Project Team Member,2024-01-10,2024-01-12,1,6.1,5.9,7.4
E00236,P00835,Project Team Member,2024-04-11,2024-04-15,1,7.5,8.4,8.0
E00236,P00836,Project Team Member,2025-08-26,2025-09-08,1,5.5,5.0,7.0
E00236,P00855,Project Team Member,2025-10-30,2025-11-04,1,5.6,5.2,7.1
E00236,P00882,Project Team Member,2023-12-13,2023-12-22,1,7.4,7.7,8.0
E00236,P00898,Project Team Member,2024-07-23,2024-07-29,1,6.1,5.8,7.4
E00237,P00016,Project Team Member,2025-02-13,2025-02-27,1,8.8,9.4,7.5
E00237,P00028,Project Team Member,2025-04-19,2025-05-03,1,8.9,9.3,7.6
E00237,P00059,Project Team Member,2023-11-05,2023-11-09,1,7.9,9.2,7.0
E00237,P00091,Project Team Member,2026-02-03,2026-02-28,1,7.2,7.9,6.7
E00237,P00162,Project Team Member,2025-08-02,2025-08-31,1,5.5,5.0,5.8
E00237,P00178,Project Team Member,2026-04-14,2026-05-14,1,8.4,8.3,7.3
E00237,P00189,Project Team Member,2025-04-10,2025-04-23,1,5.5,5.0,5.8
E00237,P00224,Project Team Member,2024-07-05,2024-07-07,1,8.1,7.9,7.2
E00237,P00270,Project Team Member,2024-10-22,2024-10-26,1,6.4,6.6,6.3
E00237,P00273,Project Team Member,2026-01-30,2026-02-10,1,6.8,8.0,6.5
E00237,P00287,Project Team Member,2025-11-30,2025-12-04,1,7.7,8.3,7.0
E00237,P00289,Project Team Member,2025-03-21,2025-03-25,1,7.1,8.4,6.6
E00237,P00296,Project Team Member,2024-10-11,2024-10-26,1,5.5,5.0,5.8
E00237,P00370,Project Team Member,2025-01-01,2025-01-28,1,6.8,7.7,6.5
E00237,P00394,Project Team Member,2024-09-21,2024-09-24,1,5.5,5.0,5.8
E00237,P00395,Project Team Member,2025-12-31,2026-01-15,1,8.7,8.9,7.4
E00237,P00461,Project Team Member,2023-08-03,2023-08-11,1,5.5,5.0,5.8
E00237,P00472,Project Team Member,2025-02-22,2025-03-01,1,7.4,8.2,6.8
E00237,P00479,Project Team Member,2025-07-15,2025-07-21,1,5.5,5.0,5.8
E00237,P00485,Project Team Member,2023-08-10,2023-08-24,1,6.5,7.8,6.4
E00237,P00492,Project Team Member,2024-08-27,2024-09-06,1,6.0,6.4,6.1
E00237,P00497,Project Team Member,2024-04-02,2024-04-17,1,5.7,6.3,6.0
E00237,P00517,Project Team Member,2024-02-13,2024-02-19,1,7.8,9.1,7.0
E00237,P00522,Project Team Member,2026-01-08,2026-02-02,1,5.6,6.2,5.9
E00237,P00580,Project Team Member,2025-05-02,2025-05-16,1,6.7,5.7,6.4
E00237,P00601,Project Team Member,2024-08-14,2024-08-28,1,5.5,5.0,5.8
E00237,P00602,Project Team Member,2024-04-02,2024-04-05,1,8.2,9.3,7.2
E00237,P00606,Project Team Member,2023-01-14,2023-02-12,1,5.5,5.0,5.8
E00237,P00646,Project Team Member,2024-06-26,2024-07-07,1,5.5,5.0,5.8
E00237,P00650,Project Team Member,2024-09-03,2024-09-14,1,6.1,6.8,6.2
E00237,P00651,Project Team Member,2026-03-18,2026-03-28,1,7.2,6.2,6.7
E00237,P00664,Project Team Member,2024-07-05,2024-07-08,1,5.5,5.0,5.8
E00237,P00671,Project Team Member,2023-11-29,2023-12-05,1,5.5,5.0,5.8
E00237,P00679,Project Team Member,2026-03-21,2026-02-28,1,5.5,5.0,5.8
E00237,P00703,Project Team Member,2025-08-05,2025-08-08,1,6.8,8.2,6.5
E00237,P00705,Project Team Member,2025-01-26,2025-02-06,1,8.2,8.5,7.2
E00237,P00706,Project Team Member,2024-01-03,2024-01-16,1,6.2,5.2,6.2
E00237,P00820,Project Team Member,2023-11-16,2023-12-01,1,8.0,9.2,7.1
E00237,P00825,Project Team Member,2026-04-12,2026-04-18,1,5.5,5.0,5.8
E00237,P00861,Project Team Member,2025-12-11,2025-12-21,1,5.6,5.2,5.9
E00237,P00868,Project Team Member,2025-08-15,2025-08-25,1,5.5,5.6,5.8
E00237,P00882,Project Team Member,2024-03-06,2024-03-11,1,6.6,7.3,6.4
E00238,P00034,Project Team Member,2024-07-03,2024-07-10,1,5.5,5.0,6.8
E00238,P00035,Project Team Member,2026-02-04,2026-02-18,1,6.4,7.3,7.3
E00238,P00042,Project Team Member,2023-11-19,2023-12-18,1,5.5,5.0,6.8
E00238,P00066,Project Team Member,2024-01-02,2024-02-01,1,5.5,5.0,6.8
E00238,P00087,Project Team Member,2025-11-02,2025-11-08,1,7.7,9.1,8.0
E00238,P00090,Project Team Member,2025-12-10,2025-12-25,1,6.8,8.2,7.5
E00238,P00126,Project Team Member,2025-10-08,2025-10-13,1,7.6,8.7,7.9
E00238,P00142,Project Team Member,2025-03-13,2025-03-25,1,8.6,9.5,8.4
E00238,P00164,Project Team Member,2024-04-14,2024-04-24,1,6.2,6.8,7.2
E00238,P00167,Project Team Member,2025-05-15,2025-05-21,1,7.1,8.4,7.6
E00238,P00201,Project Team Member,2025-01-03,2025-01-13,1,5.5,5.0,6.8
E00238,P00239,Project Team Member,2024-07-25,2024-08-06,1,5.5,5.9,6.8
E00238,P00270,Project Team Member,2025-02-18,2025-03-10,1,5.5,5.0,6.8
E00238,P00308,Project Team Member,2024-04-20,2024-04-23,1,9.5,9.7,8.8
E00238,P00318,Project Team Member,2023-10-18,2023-10-31,1,8.0,9.3,8.1
E00238,P00341,Project Team Member,2023-08-01,2023-08-07,1,8.5,8.5,8.4
E00238,P00378,Project Team Member,2024-09-20,2024-10-02,1,6.5,7.6,7.4
E00238,P00385,Project Team Member,2023-11-13,2023-11-26,1,5.6,6.1,6.9
E00238,P00429,Project Team Member,2025-07-10,2025-07-19,1,5.9,5.2,7.0
E00238,P00430,Project Team Member,2025-09-06,2025-09-21,1,9.4,9.7,8.8
E00238,P00481,Project Team Member,2023-12-04,2023-12-12,1,9.4,9.7,8.8
E00238,P00531,Project Team Member,2024-09-05,2024-09-20,1,5.5,5.2,6.8
E00238,P00619,Project Team Member,2024-07-28,2025-01-11,2,6.8,6.6,7.5
E00238,P00641,Project Team Member,2023-10-16,2023-10-28,1,7.4,8.8,7.8
E00238,P00655,Project Team Member,2026-03-08,2026-03-16,1,5.5,5.0,6.8
E00238,P00669,Project Team Member,2024-09-14,2024-09-21,1,5.7,5.4,7.0
E00238,P00739,Project Team Member,2025-10-25,2025-11-15,1,9.6,9.7,8.9
E00238,P00744,Project Team Member,2024-10-17,2024-10-21,1,7.4,8.7,7.8
E00238,P00834,Project Team Member,2024-04-22,2024-05-02,1,5.6,5.1,6.9
E00238,P00842,Project Team Member,2024-02-28,2024-03-04,1,8.8,9.7,8.5
E00238,P00849,Project Team Member,2024-12-12,2024-12-25,1,7.6,8.8,7.9
E00238,P00894,Project Team Member,2025-02-02,2025-02-06,1,6.5,7.4,7.4
E00239,P00072,Contributor,2025-10-14,2025-10-19,1,5.8,5.4,6.6
E00239,P00079,Contributor,2024-02-01,2024-02-13,1,5.5,5.0,6.4
E00239,P00095,Contributor,2025-10-05,2025-10-10,1,7.0,7.7,7.2
E00239,P00119,Contributor,2024-08-24,2025-01-28,2,6.0,5.5,6.7
E00239,P00139,Contributor,2025-06-19,2025-06-22,1,5.5,5.0,6.4
E00239,P00214,Contributor,2025-03-11,2025-03-19,1,8.0,8.8,7.7
E00239,P00276,Contributor,2025-06-18,2025-06-21,1,6.0,5.7,6.7
E00239,P00283,Contributor,2026-04-22,2026-04-24,1,6.1,6.0,6.8
E00239,P00370,Contributor,2024-09-08,2024-09-10,1,5.5,5.0,6.4
E00239,P00376,Contributor,2025-10-16,2025-10-21,1,7.5,8.9,7.4
E00239,P00377,Contributor,2025-06-08,2025-06-12,1,5.5,5.3,6.4
E00239,P00401,Contributor,2023-05-01,2023-05-29,1,5.5,5.0,6.4
E00239,P00405,Contributor,2025-05-27,2025-06-07,1,6.6,7.9,7.0
E00239,P00412,Contributor,2024-12-28,2025-01-07,1,5.5,5.0,6.4
E00239,P00487,Contributor,2023-01-04,2023-01-23,1,6.4,6.6,6.9
E00239,P00510,Contributor,2026-03-23,2026-03-27,1,7.2,8.2,7.3
E00239,P00540,Contributor,2024-07-29,2024-08-01,1,6.3,7.2,6.8
E00239,P00566,Contributor,2025-03-14,2025-03-16,1,8.0,7.7,7.7
E00239,P00605,Contributor,2026-03-09,2026-03-11,1,7.4,8.4,7.4
E00239,P00618,Contributor,2023-04-15,2023-04-20,1,5.5,5.7,6.4
E00239,P00660,Contributor,2024-04-08,2024-04-26,1,7.7,7.2,7.6
E00239,P00661,Contributor,2023-04-26,2023-05-06,1,7.9,9.2,7.6
E00239,P00699,Contributor,2024-04-08,2024-04-11,1,7.8,9.0,7.6
E00239,P00701,Contributor,2025-04-13,2025-04-22,1,7.2,8.5,7.3
E00239,P00706,Contributor,2023-10-14,2023-10-26,1,7.2,6.2,7.3
E00239,P00722,Contributor,2023-12-29,2024-01-12,1,8.9,9.7,8.2
E00239,P00734,Contributor,2024-01-26,2024-02-04,1,6.2,7.0,6.8
E00239,P00785,Contributor,2025-07-25,2025-08-21,1,7.8,7.7,7.6
E00239,P00807,Contributor,2023-05-03,2023-05-10,1,7.1,7.8,7.2
E00239,P00890,Contributor,2023-12-20,2023-12-23,1,9.0,9.7,8.2
E00240,P00002,Project Team Member,2025-04-28,2025-05-13,1,5.5,5.0,7.2
E00240,P00097,Project Team Member,2025-11-17,2025-11-21,1,7.3,8.2,8.0
E00240,P00138,Project Team Member,2024-04-25,2024-05-10,1,8.0,9.3,8.4
E00240,P00167,Project Team Member,2025-09-09,2025-09-16,1,6.2,6.7,7.5
E00240,P00200,Project Team Member,2024-12-11,2024-12-25,1,6.6,7.8,7.7
E00240,P00242,Project Team Member,2023-08-17,2023-08-22,1,9.7,9.7,9.2
E00240,P00246,Project Team Member,2025-10-27,2025-11-11,1,7.0,7.6,7.9
E00240,P00255,Project Team Member,2024-04-21,2024-05-03,1,6.5,7.9,7.6
E00240,P00288,Project Team Member,2024-05-03,2024-05-08,1,7.7,8.8,8.2
E00240,P00322,Project Team Member,2025-03-11,2025-03-16,1,6.9,7.8,7.8
E00240,P00326,Project Team Member,2026-04-21,2026-05-06,1,7.3,8.6,8.0
E00240,P00374,Project Team Member,2025-07-21,2025-08-03,1,8.4,9.7,8.6
E00240,P00471,Project Team Member,2023-06-25,2023-07-05,1,8.0,7.7,8.4
E00240,P00486,Project Team Member,2023-02-10,2023-02-23,1,5.5,5.0,7.2
E00240,P00510,Project Team Member,2026-03-12,2026-04-02,1,6.4,7.1,7.6
E00240,P00513,Project Team Member,2025-08-18,2025-08-24,1,5.5,5.0,7.2
E00240,P00561,Project Team Member,2023-10-21,2023-10-23,1,8.8,9.0,8.8
E00240,P00572,Project Team Member,2023-10-13,2023-10-27,1,7.6,8.9,8.2
E00240,P00639,Project Team Member,2024-02-20,2024-03-12,1,5.5,5.0,7.2
E00240,P00832,Project Team Member,2025-10-11,2025-10-15,1,9.4,9.7,9.1
E00240,P00835,Project Team Member,2024-08-08,2024-08-17,1,6.7,7.5,7.8
E00240,P00871,Project Team Member,2025-06-01,2025-06-15,1,5.5,5.4,7.2
E00240,P00875,Project Team Member,2024-12-20,2024-12-26,1,6.7,6.9,7.8
E00240,P00882,Project Team Member,2023-12-12,2023-12-14,1,6.0,5.0,7.4
E00240,P00884,Project Team Member,2023-09-01,2023-09-05,1,6.3,6.3,7.6
E00240,P00897,Project Team Member,2026-01-02,2026-01-07,1,5.5,5.0,7.2
E00241,P00170,Contributor,2025-11-13,2025-11-19,1,7.0,8.3,7.1
E00241,P00193,Contributor,2024-10-28,2024-11-22,1,5.5,5.0,6.4
E00241,P00263,Contributor,2024-02-28,2024-03-07,1,6.2,5.6,6.7
E00241,P00300,Contributor,2023-05-10,2023-06-07,1,8.1,9.3,7.6
E00241,P00311,Contributor,2023-10-25,2023-11-14,1,7.0,8.2,7.1
E00241,P00319,Contributor,2024-10-21,2024-10-28,1,5.5,5.0,6.4
E00241,P00322,Contributor,2025-05-15,2025-05-17,1,6.2,5.9,6.7
E00241,P00339,Contributor,2025-08-01,2025-08-06,1,6.0,6.4,6.6
E00241,P00347,Contributor,2025-06-11,2025-06-21,1,5.5,5.0,6.4
E00241,P00351,Contributor,2025-01-06,2025-01-19,1,6.5,7.3,6.8
E00241,P00374,Contributor,2025-09-09,2025-09-24,1,8.4,8.4,7.8
E00241,P00403,Contributor,2024-06-09,2024-06-19,1,7.0,7.1,7.1
E00241,P00464,Contributor,2026-04-10,2026-02-27,1,5.5,5.0,6.4
E00241,P00527,Contributor,2025-01-30,2025-02-04,1,7.7,9.0,7.4
E00241,P00553,Contributor,2024-12-08,2024-12-12,1,6.2,6.0,6.7
E00241,P00656,Contributor,2025-07-19,2025-08-01,1,5.5,5.0,6.4
E00241,P00695,Contributor,2023-05-25,2023-06-03,1,7.2,7.8,7.2
E00241,P00829,Contributor,2023-09-25,2023-10-07,1,6.1,6.3,6.6
E00241,P00887,Contributor,2024-02-23,2024-03-04,1,8.1,8.3,7.6
E00241,P00900,Contributor,2026-02-26,2026-03-05,1,6.7,6.4,7.0
E00242,P00006,Project Team Member,2024-10-17,2024-10-19,1,5.5,5.0,6.6
E00242,P00048,Project Team Member,2025-10-02,2025-10-12,1,5.5,5.2,6.6
E00242,P00074,Project Team Member,2026-01-27,2026-02-07,1,6.0,6.1,6.9
E00242,P00152,Project Team Member,2026-01-31,2026-02-15,1,6.1,6.4,7.0
E00242,P00205,Project Team Member,2024-12-08,2024-12-10,1,9.7,9.7,8.8
E00242,P00212,Project Team Member,2025-08-06,2025-08-10,1,8.1,8.8,8.0
E00242,P00266,Project Team Member,2023-03-18,2023-04-01,1,6.3,6.3,7.0
E00242,P00269,Project Team Member,2023-10-31,2023-11-15,1,7.2,6.2,7.5
E00242,P00327,Project Team Member,2025-12-29,2026-01-13,1,6.7,5.7,7.2
E00242,P00344,Project Team Member,2023-11-12,2023-11-18,1,5.6,5.4,6.7
E00242,P00381,Project Team Member,2025-06-05,2025-06-09,1,7.1,8.3,7.4
E00242,P00436,Project Team Member,2024-04-24,2024-04-26,1,7.3,8.7,7.6
E00242,P00480,Project Team Member,2024-01-11,2024-01-18,1,8.5,9.1,8.2
E00242,P00531,Project Team Member,2025-02-07,2025-02-09,1,7.2,8.0,7.5
E00242,P00544,Project Team Member,2025-02-05,2025-02-17,1,6.1,7.0,7.0
E00242,P00606,Project Team Member,2023-07-11,2023-08-02,1,6.6,7.6,7.2
E00242,P00682,Project Team Member,2024-04-24,2024-04-29,1,6.6,7.3,7.2
E00242,P00687,Project Team Member,2024-08-13,2025-04-23,2,7.7,7.7,7.8
E00242,P00709,Project Team Member,2024-01-15,2024-02-14,1,5.5,5.0,6.6
E00242,P00729,Project Team Member,2023-04-21,2023-05-05,1,5.5,5.0,6.6
E00242,P00733,Project Team Member,2024-02-14,2024-02-23,1,6.4,7.6,7.1
E00242,P00753,Project Team Member,2023-06-07,2023-06-19,1,5.9,7.0,6.8
E00242,P00800,Project Team Member,2025-10-07,2025-10-16,1,8.0,9.3,7.9
E00242,P00852,Project Team Member,2025-12-25,2026-01-03,1,7.6,6.9,7.7
E00242,P00876,Project Team Member,2025-07-04,2025-07-15,1,5.5,5.0,6.6
E00242,P00899,Project Team Member,2023-12-12,2024-01-05,1,7.8,9.1,7.8
E00243,P00058,Contributor,2025-08-31,2025-09-14,1,6.4,6.9,7.4
E00243,P00081,Contributor,2024-12-25,2025-01-06,1,5.5,5.0,7.0
E00243,P00174,Contributor,2026-04-26,2026-05-04,1,7.1,7.9,7.8
E00243,P00415,Contributor,2024-06-14,2024-06-22,1,5.9,5.2,7.2
E00243,P00545,Contributor,2024-12-07,2024-12-15,1,6.2,6.2,7.3
E00243,P00771,Contributor,2024-10-11,2024-10-15,1,7.7,9.1,8.0
E00244,P00006,Project Team Member,2024-08-01,2024-08-04,1,6.6,6.8,7.7
E00244,P00033,Project Team Member,2024-03-16,2024-03-31,1,7.7,8.6,8.2
E00244,P00103,Project Team Member,2024-02-07,2024-02-17,1,7.5,8.8,8.2
E00244,P00135,Project Team Member,2024-04-13,2024-04-16,1,6.2,7.1,7.5
E00244,P00141,Project Team Member,2025-12-17,2025-12-29,1,6.6,7.1,7.7
E00244,P00154,Project Team Member,2024-12-26,2025-01-05,1,6.2,6.2,7.5
E00244,P00197,Project Team Member,2026-01-21,2026-01-26,1,6.3,5.9,7.6
E00244,P00212,Project Team Member,2025-02-01,2025-02-12,1,5.5,5.0,7.2
E00244,P00233,Project Team Member,2025-11-03,2025-11-11,1,5.5,5.2,7.2
E00244,P00239,Project Team Member,2024-04-25,2024-05-03,1,9.6,9.7,9.2
E00244,P00271,Project Team Member,2024-09-14,2024-09-26,1,6.1,6.0,7.4
E00244,P00327,Project Team Member,2026-02-23,2026-02-27,1,7.7,8.9,8.2
E00244,P00358,Project Team Member,2024-12-08,2024-12-21,1,5.5,5.0,7.2
E00244,P00448,Project Team Member,2024-08-22,2024-08-24,1,6.2,7.0,7.5
E00244,P00503,Project Team Member,2024-02-18,2024-02-21,1,6.8,8.2,7.8
E00244,P00509,Project Team Member,2026-03-30,2026-02-28,1,7.0,7.5,7.9
E00244,P00516,Project Team Member,2025-01-17,2025-01-29,1,8.8,9.2,8.8
E00244,P00532,Project Team Member,2025-08-26,2025-09-04,1,7.4,8.3,8.1
E00244,P00581,Project Team Member,2023-08-11,2023-08-13,1,7.1,7.8,8.0
E00244,P00630,Project Team Member,2025-05-20,2025-05-26,1,7.8,8.9,8.3
E00244,P00638,Project Team Member,2026-03-21,2026-04-03,1,7.6,8.9,8.2
E00244,P00650,Project Team Member,2024-04-28,2024-05-01,1,5.5,5.0,7.2
E00244,P00655,Project Team Member,2026-03-13,2026-03-16,1,5.5,5.0,7.2
E00244,P00727,Project Team Member,2024-09-07,2024-10-07,1,8.0,9.3,8.4
E00244,P00876,Project Team Member,2025-11-18,2025-11-23,1,7.4,8.3,8.1
E00244,P00895,Project Team Member,2026-03-25,2026-04-04,1,7.0,8.4,7.9
E00245,P00083,Project Team Member,2023-10-21,2023-10-27,1,8.1,7.8,7.6
E00245,P00144,Project Team Member,2024-08-09,2024-08-29,1,5.5,5.0,6.2
E00245,P00165,Project Team Member,2023-05-24,2023-06-01,1,6.8,7.2,6.9
E00245,P00176,Project Team Member,2024-07-08,2024-07-16,1,7.6,8.9,7.3
E00245,P00193,Project Team Member,2024-07-20,2024-08-02,1,8.4,9.7,7.7
E00245,P00286,Project Team Member,2025-11-27,2025-12-20,1,6.5,5.5,6.8
E00245,P00304,Project Team Member,2025-07-13,2025-07-25,1,5.5,5.8,6.2
E00245,P00314,Project Team Member,2025-08-09,2025-08-18,1,6.6,7.0,6.8
E00245,P00358,Project Team Member,2025-07-04,2025-07-12,1,5.9,5.2,6.4
E00245,P00429,Project Team Member,2025-06-16,2025-07-01,1,6.0,5.7,6.5
E00245,P00484,Project Team Member,2024-11-12,2024-12-07,1,5.9,6.8,6.4
E00245,P00495,Project Team Member,2025-06-11,2025-06-22,1,8.0,9.4,7.5
E00245,P00531,Project Team Member,2024-08-17,2024-08-28,1,5.5,5.0,6.2
E00245,P00604,Project Team Member,2023-06-17,2023-06-24,1,8.0,9.4,7.5
E00245,P00622,Project Team Member,2024-10-22,2024-10-26,1,6.0,6.5,6.5
E00245,P00673,Project Team Member,2024-04-01,2024-04-11,1,7.0,7.7,7.0
E00245,P00682,Project Team Member,2024-04-20,2024-04-25,1,7.2,7.9,7.1
E00245,P00735,Project Team Member,2024-01-25,2024-02-05,1,5.8,5.0,6.4
E00245,P00738,Project Team Member,2024-03-30,2024-04-15,1,7.6,8.8,7.3
E00245,P00748,Project Team Member,2026-02-01,2026-02-04,1,7.3,8.2,7.2
E00245,P00854,Project Team Member,2026-01-27,2026-02-07,1,8.4,9.7,7.7
E00245,P00883,Project Team Member,2025-12-17,2025-12-23,1,6.4,5.4,6.7
E00246,P00014,Project Team Member,2024-10-25,2024-11-06,1,5.5,5.0,6.6
E00246,P00019,Project Team Member,2026-04-13,2026-04-18,1,8.0,8.8,7.8
E00246,P00021,Project Team Member,2025-11-10,2025-11-17,1,6.0,6.3,6.8
E00246,P00024,Project Team Member,2023-12-01,2023-12-14,1,9.2,9.7,8.4
E00246,P00059,Project Team Member,2023-10-18,2023-10-22,1,7.2,8.1,7.4
E00246,P00066,Project Team Member,2024-07-31,2024-08-11,1,5.5,5.0,6.6
E00246,P00073,Project Team Member,2024-05-10,2024-05-12,1,7.5,8.3,7.6
E00246,P00077,Project Team Member,2024-03-05,2024-03-08,1,5.5,5.0,6.6
E00246,P00078,Project Team Member,2024-03-27,2024-03-30,1,5.7,5.5,6.6
E00246,P00081,Project Team Member,2024-09-22,2024-09-27,1,5.5,5.0,6.6
E00246,P00092,Project Team Member,2026-04-26,2026-05-09,1,5.5,5.7,6.6
E00246,P00099,Project Team Member,2025-05-22,2025-09-19,2,6.7,6.3,7.2
E00246,P00100,Project Team Member,2024-02-12,2024-02-21,1,7.0,7.0,7.3
E00246,P00180,Project Team Member,2025-04-16,2025-04-18,1,6.5,6.5,7.0
E00246,P00194,Project Team Member,2026-02-19,2026-03-02,1,6.6,6.9,7.1
E00246,P00227,Project Team Member,2026-03-24,2026-04-08,1,8.8,9.7,8.2
E00246,P00232,Project Team Member,2023-09-03,2023-10-11,2,8.4,9.1,8.0
E00246,P00259,Project Team Member,2025-01-28,2025-02-01,1,7.5,8.4,7.6
E00246,P00308,Project Team Member,2024-09-07,2024-09-11,1,5.8,5.7,6.7
E00246,P00315,Project Team Member,2026-01-11,2026-01-27,1,5.7,5.8,6.6
E00246,P00373,Project Team Member,2025-10-25,2025-11-06,1,6.6,6.9,7.1
E00246,P00380,Project Team Member,2023-11-05,2023-11-18,1,5.5,5.0,6.6
E00246,P00397,Project Team Member,2023-11-29,2023-11-30,1,7.0,7.6,7.3
E00246,P00432,Project Team Member,2024-09-03,2024-09-16,1,7.9,8.7,7.8
E00246,P00462,Project Team Member,2025-12-31,2026-01-15,1,7.4,8.8,7.5
E00246,P00473,Project Team Member,2025-06-28,2025-07-10,1,6.0,6.4,6.8
E00246,P00519,Project Team Member,2026-03-09,2026-04-02,1,5.5,5.0,6.6
E00246,P00523,Project Team Member,2025-11-29,2025-12-05,1,6.7,6.9,7.2
E00246,P00552,Project Team Member,2026-03-08,2026-03-21,1,5.5,5.0,6.6
E00246,P00556,Project Team Member,2024-10-03,2024-10-09,1,5.5,5.0,6.6
E00246,P00567,Project Team Member,2023-12-02,2023-12-12,1,6.9,8.2,7.2
E00246,P00608,Project Team Member,2025-05-09,2025-05-15,1,6.5,7.3,7.0
E00246,P00627,Project Team Member,2024-09-08,2024-09-19,1,5.5,5.0,6.6
E00246,P00644,Project Team Member,2025-12-09,2025-12-11,1,6.3,6.0,7.0
E00246,P00646,Project Team Member,2024-05-10,2024-05-12,1,7.5,8.5,7.6
E00246,P00665,Project Team Member,2025-05-05,2025-05-14,1,7.5,6.9,7.6
E00246,P00673,Project Team Member,2023-12-21,2023-12-30,1,7.2,6.2,7.4
E00246,P00705,Project Team Member,2024-11-22,2024-11-26,1,9.6,9.7,8.6
E00246,P00714,Project Team Member,2025-01-30,2025-02-15,1,6.5,7.5,7.0
E00246,P00734,Project Team Member,2024-08-20,2024-08-26,1,5.6,5.0,6.6
E00246,P00745,Project Team Member,2026-01-12,2026-01-26,1,6.5,5.5,7.0
E00246,P00757,Project Team Member,2025-11-07,2025-11-16,1,6.8,7.5,7.2
E00246,P00813,Project Team Member,2024-03-08,2024-03-22,1,5.5,5.0,6.6
E00246,P00815,Project Team Member,2025-12-11,2025-12-13,1,7.6,8.2,7.6
E00246,P00830,Project Team Member,2026-02-02,2026-02-23,1,5.5,5.0,6.6
E00246,P00873,Project Team Member,2025-02-24,2025-03-25,1,6.8,6.7,7.2
E00246,P00884,Project Team Member,2023-09-25,2023-10-05,1,9.0,9.6,8.3
E00247,P00008,Project Team Member,2024-07-27,2024-08-11,1,5.5,5.0,6.6
E00247,P00011,Project Team Member,2024-07-20,2024-08-01,1,5.5,5.0,6.6
E00247,P00012,Project Team Member,2025-03-18,2025-04-01,1,5.8,6.0,6.7
E00247,P00019,Project Team Member,2026-04-13,2026-04-22,1,6.7,8.0,7.2
E00247,P00021,Project Team Member,2025-10-09,2025-10-11,1,5.5,5.0,6.6
E00247,P00024,Project Team Member,2023-12-31,2024-01-09,1,5.5,5.0,6.6
E00247,P00047,Project Team Member,2025-08-27,2025-09-04,1,8.0,9.3,7.8
E00247,P00112,Project Team Member,2026-01-20,2026-01-25,1,7.9,9.2,7.8
E00247,P00136,Project Team Member,2024-06-14,2024-06-21,1,5.6,5.2,6.6
E00247,P00138,Project Team Member,2025-03-05,2025-03-10,1,6.4,7.8,7.0
E00247,P00155,Project Team Member,2023-04-10,2023-04-20,1,6.8,7.2,7.2
E00247,P00179,Project Team Member,2026-03-16,2026-03-19,1,7.4,7.9,7.5
E00247,P00192,Project Team Member,2023-10-01,2023-10-13,1,8.2,9.2,7.9
E00247,P00201,Project Team Member,2024-12-06,2024-12-12,1,6.8,8.0,7.2
E00247,P00211,Project Team Member,2025-05-08,2025-05-20,1,6.9,7.4,7.2
E00247,P00213,Project Team Member,2023-05-20,2023-05-27,1,7.2,8.0,7.4
E00247,P00224,Project Team Member,2024-08-23,2024-08-28,1,7.7,9.0,7.6
E00247,P00255,Project Team Member,2024-01-02,2024-01-06,1,6.8,7.8,7.2
E00247,P00265,Project Team Member,2025-07-05,2025-07-08,1,5.5,5.4,6.6
E00247,P00279,Project Team Member,2025-10-03,2025-11-13,2,6.1,5.9,6.8
E00247,P00324,Project Team Member,2024-10-31,2024-11-14,1,8.9,9.2,8.2
E00247,P00333,Project Team Member,2026-02-11,2026-02-25,1,8.1,9.0,7.8
E00247,P00385,Project Team Member,2024-01-12,2024-01-25,1,7.5,8.8,7.6
E00247,P00386,Project Team Member,2023-10-13,2023-10-18,1,7.4,8.3,7.5
E00247,P00431,Project Team Member,2025-11-05,2025-11-23,1,7.0,8.2,7.3
E00247,P00437,Project Team Member,2024-12-05,2025-01-04,1,5.5,5.0,6.6
E00247,P00441,Project Team Member,2026-03-21,2026-03-27,1,5.5,5.0,6.6
E00247,P00443,Project Team Member,2023-07-20,2023-07-23,1,6.3,7.0,7.0
E00247,P00450,Project Team Member,2024-10-18,2024-11-12,1,7.4,8.7,7.5
E00247,P00453,Project Team Member,2026-02-23,2026-03-09,1,5.6,5.8,6.6
E00247,P00465,Project Team Member,2025-04-20,2025-04-30,1,6.4,6.5,7.0
E00247,P00488,Project Team Member,2023-08-19,2023-08-27,1,7.3,8.3,7.4
E00247,P00501,Project Team Member,2025-02-06,2025-02-10,1,7.0,7.5,7.3
E00247,P00503,Project Team Member,2024-01-05,2024-01-07,1,5.5,5.0,6.6
E00247,P00519,Project Team Member,2025-12-06,2025-12-17,1,5.5,5.3,6.6
E00247,P00525,Project Team Member,2026-03-18,2026-03-31,1,5.5,5.0,6.6
E00247,P00526,Project Team Member,2025-02-27,2025-03-04,1,9.7,9.7,8.6
E00247,P00530,Project Team Member,2025-10-20,2025-10-26,1,5.5,5.0,6.6
E00247,P00549,Project Team Member,2025-10-21,2025-10-28,1,9.1,9.7,8.4
E00247,P00599,Project Team Member,2024-03-24,2024-03-29,1,8.4,9.7,8.0
E00247,P00604,Project Team Member,2023-10-28,2023-11-07,1,9.2,9.7,8.4
E00247,P00638,Project Team Member,2026-02-20,2026-03-05,1,5.5,5.0,6.6
E00247,P00656,Project Team Member,2025-06-15,2025-10-23,2,7.4,8.3,7.5
E00247,P00686,Project Team Member,2024-12-12,2024-12-22,1,7.3,8.1,7.4
E00247,P00688,Project Team Member,2023-07-14,2023-07-21,1,6.4,7.3,7.0
E00247,P00699,Project Team Member,2024-06-02,2024-06-14,1,6.5,6.9,7.0
E00247,P00700,Project Team Member,2024-11-13,2024-11-25,1,8.0,9.3,7.8
E00247,P00703,Project Team Member,2025-06-07,2025-06-18,1,5.5,6.0,6.6
E00247,P00715,Project Team Member,2026-02-24,2026-02-28,1,5.7,5.5,6.6
E00247,P00716,Project Team Member,2024-04-17,2024-04-25,1,5.5,5.0,6.6
E00247,P00719,Project Team Member,2026-01-10,2026-01-25,1,7.2,6.2,7.4
E00247,P00750,Project Team Member,2025-12-01,2025-12-05,1,6.9,8.2,7.2
E00247,P00761,Project Team Member,2025-11-09,2025-11-17,1,6.8,7.3,7.2
E00247,P00778,Project Team Member,2024-10-23,2024-10-26,1,6.8,7.2,7.2
E00247,P00852,Project Team Member,2025-09-20,2025-10-01,1,5.5,5.8,6.6
E00247,P00854,Project Team Member,2025-12-27,2026-01-01,1,6.1,6.9,6.8
E00247,P00888,Project Team Member,2026-03-02,2026-03-04,1,7.0,8.0,7.3
E00247,P00889,Project Team Member,2024-02-26,2024-03-08,1,6.8,7.2,7.2
E00247,P00891,Project Team Member,2024-01-20,2024-01-31,1,6.5,5.5,7.0
E00247,P00898,Project Team Member,2024-06-25,2024-07-10,1,5.5,5.0,6.6
E00248,P00016,Project Team Member,2024-08-05,2024-08-27,1,5.5,5.0,6.4
E00248,P00024,Project Team Member,2023-11-10,2023-11-20,1,8.2,8.9,7.8
E00248,P00047,Project Team Member,2024-11-05,2024-11-16,1,6.8,7.7,7.1
E00248,P00098,Project Team Member,2024-09-06,2024-09-16,1,9.2,9.7,8.3
E00248,P00109,Project Team Member,2023-07-16,2023-07-25,1,6.3,7.6,6.8
E00248,P00124,Project Team Member,2025-10-23,2025-11-01,1,5.5,5.0,6.4
E00248,P00159,Project Team Member,2025-07-23,2025-07-28,1,5.5,5.0,6.4
E00248,P00160,Project Team Member,2023-07-11,2023-07-16,1,7.4,8.8,7.4
E00248,P00181,Project Team Member,2025-10-29,2025-11-02,1,7.4,8.7,7.4
E00248,P00186,Project Team Member,2026-03-13,2026-03-23,1,7.9,9.2,7.6
E00248,P00219,Project Team Member,2024-07-30,2024-08-07,1,7.5,8.8,7.4
E00248,P00236,Project Team Member,2025-05-12,2025-06-28,2,8.4,8.2,7.9
E00248,P00246,Project Team Member,2025-09-04,2025-09-23,2,6.3,6.0,6.8
E00248,P00271,Project Team Member,2023-11-02,2023-11-23,1,7.4,8.2,7.4
E00248,P00306,Project Team Member,2025-07-19,2025-07-27,1,6.8,7.7,7.1
E00248,P00323,Project Team Member,2026-03-09,2026-03-17,1,5.5,5.0,6.4
E00248,P00352,Project Team Member,2024-01-11,2024-01-16,1,8.5,9.5,8.0
E00248,P00356,Project Team Member,2024-12-22,2025-01-07,1,5.5,5.0,6.4
E00248,P00371,Project Team Member,2025-04-14,2025-04-20,1,9.7,9.7,8.6
E00248,P00374,Project Team Member,2025-11-08,2025-11-17,1,8.0,9.3,7.7
E00248,P00392,Project Team Member,2023-09-28,2023-10-06,1,7.7,9.1,7.6
E00248,P00433,Project Team Member,2024-12-08,2024-12-12,1,7.8,7.3,7.6
E00248,P00462,Project Team Member,2025-12-11,2025-12-20,1,6.8,7.6,7.1
E00248,P00489,Project Team Member,2024-10-25,2024-10-31,1,7.3,8.6,7.4
E00248,P00499,Project Team Member,2025-06-10,2025-06-20,1,5.6,6.6,6.5
E00248,P00527,Project Team Member,2025-02-26,2025-03-16,1,5.9,6.4,6.6
E00248,P00540,Project Team Member,2025-03-02,2025-03-17,1,6.4,7.4,6.9
E00248,P00543,Project Team Member,2023-03-19,2023-04-02,1,5.5,5.0,6.4
E00248,P00561,Project Team Member,2023-10-31,2023-11-15,1,5.8,5.0,6.6
E00248,P00569,Project Team Member,2025-08-09,2025-08-23,1,9.0,9.5,8.2
E00248,P00594,Project Team Member,2024-02-07,2024-02-22,1,5.9,5.5,6.6
E00248,P00600,Project Team Member,2025-04-27,2025-04-30,1,7.8,9.1,7.6
E00248,P00614,Project Team Member,2026-03-03,2026-03-12,1,5.5,5.0,6.4
E00248,P00615,Project Team Member,2024-12-28,2025-01-09,1,5.5,5.0,6.4
E00248,P00694,Project Team Member,2023-08-07,2023-08-22,1,7.8,9.1,7.6
E00248,P00769,Project Team Member,2025-11-21,2025-12-04,1,7.8,9.1,7.6
E00248,P00819,Project Team Member,2025-11-29,2025-12-01,1,7.6,8.9,7.5
E00248,P00827,Project Team Member,2024-06-13,2024-06-15,1,9.6,9.7,8.5
E00248,P00828,Project Team Member,2025-10-28,2025-11-10,1,6.6,7.7,7.0
E00248,P00840,Project Team Member,2023-09-05,2023-09-12,1,5.5,5.0,6.4
E00248,P00844,Project Team Member,2025-08-25,2025-09-01,1,7.5,8.3,7.4
E00248,P00865,Project Team Member,2023-03-10,2023-03-18,1,6.8,7.1,7.1
E00248,P00893,Project Team Member,2026-01-30,2026-02-13,1,6.3,6.3,6.8
E00248,P00897,Project Team Member,2025-03-25,2025-03-29,1,7.2,7.9,7.3
E00249,P00042,Contributor,2023-10-25,2024-04-25,2,6.7,6.0,8.2
E00249,P00066,Contributor,2024-06-22,2024-07-04,1,6.0,5.7,7.8
E00249,P00086,Contributor,2024-10-07,2024-10-15,1,6.6,7.6,8.1
E00249,P00105,Contributor,2024-05-08,2024-05-12,1,8.0,9.4,8.8
E00249,P00116,Contributor,2025-06-03,2025-06-20,1,5.5,5.0,7.6
E00249,P00130,Contributor,2025-10-29,2025-11-08,1,7.1,7.6,8.4
E00249,P00134,Contributor,2026-03-28,2026-03-31,1,6.4,6.5,8.0
E00249,P00148,Contributor,2024-08-03,2024-08-11,1,5.5,5.0,7.6
E00249,P00162,Contributor,2025-07-17,2025-07-28,1,6.5,6.7,8.0
E00249,P00198,Contributor,2025-01-08,2025-01-27,1,7.6,8.6,8.6
E00249,P00240,Contributor,2023-07-31,2023-08-16,1,9.0,9.4,9.3
E00249,P00243,Contributor,2025-10-24,2025-10-29,1,6.2,7.4,7.9
E00249,P00264,Contributor,2026-03-01,2026-03-10,1,6.5,6.6,8.0
E00249,P00274,Contributor,2024-07-12,2024-07-24,1,6.4,7.3,8.0
E00249,P00280,Contributor,2025-02-25,2025-03-11,1,5.5,5.0,7.6
E00249,P00281,Contributor,2023-07-19,2023-07-23,1,6.4,5.4,8.0
E00249,P00301,Contributor,2023-06-05,2023-06-14,1,5.9,5.2,7.8
E00249,P00312,Contributor,2024-10-21,2024-10-26,1,5.5,5.0,7.6
E00249,P00319,Contributor,2024-07-12,2024-07-20,1,5.5,5.0,7.6
E00249,P00324,Contributor,2024-12-10,2024-12-22,1,5.5,5.0,7.6
E00249,P00340,Contributor,2024-10-14,2024-10-20,1,6.6,7.7,8.1
E00249,P00366,Contributor,2023-12-18,2023-12-27,1,5.5,5.0,7.6
E00249,P00367,Contributor,2025-02-27,2025-03-10,1,7.0,7.7,8.3
E00249,P00369,Contributor,2024-04-02,2024-04-12,1,6.4,6.1,8.0
E00249,P00380,Contributor,2023-11-22,2023-11-25,1,8.8,9.5,9.2
E00249,P00399,Contributor,2023-12-30,2024-01-05,1,8.0,9.4,8.8
E00249,P00428,Contributor,2025-06-03,2025-06-17,1,5.8,5.6,7.7
E00249,P00443,Contributor,2023-08-11,2023-08-13,1,6.7,5.7,8.2
E00249,P00452,Contributor,2024-01-22,2024-02-16,1,5.5,5.0,7.6
E00249,P00465,Contributor,2025-03-11,2025-03-18,1,8.6,9.6,9.1
E00249,P00470,Contributor,2023-07-21,2023-08-01,1,7.6,8.8,8.6
E00249,P00482,Contributor,2023-10-27,2023-11-07,1,5.5,5.0,7.6
E00249,P00500,Contributor,2024-03-05,2024-03-18,1,5.5,5.0,7.6
E00249,P00514,Contributor,2024-12-26,2024-12-30,1,7.8,9.2,8.7
E00249,P00526,Contributor,2025-05-04,2025-05-10,1,5.5,5.0,7.6
E00249,P00536,Contributor,2024-01-29,2024-02-02,1,8.4,8.4,9.0
E00249,P00538,Contributor,2025-08-10,2025-08-21,1,5.9,5.8,7.8
E00249,P00568,Contributor,2024-10-26,2024-11-06,1,5.5,5.0,7.6
E00249,P00582,Contributor,2024-08-22,2024-09-03,1,5.5,5.0,7.6
E00249,P00584,Contributor,2024-06-02,2024-06-08,1,6.8,7.1,8.2
E00249,P00610,Contributor,2023-12-29,2024-01-03,1,6.1,7.0,7.8
E00249,P00623,Contributor,2024-02-20,2024-02-27,1,6.8,8.0,8.2
E00249,P00627,Contributor,2024-08-01,2024-08-07,1,7.5,8.9,8.6
E00249,P00658,Contributor,2025-10-31,2025-11-07,1,5.8,5.0,7.7
E00249,P00660,Contributor,2024-06-12,2024-06-14,1,7.8,9.2,8.7
E00249,P00665,Contributor,2025-12-20,2025-12-26,1,7.6,8.4,8.6
E00249,P00670,Contributor,2025-01-14,2025-01-26,1,6.7,8.0,8.2
E00249,P00675,Contributor,2023-12-06,2023-12-27,1,5.5,5.0,7.6
E00249,P00713,Contributor,2023-11-03,2023-11-09,1,5.5,5.0,7.6
E00249,P00743,Contributor,2024-02-07,2024-02-12,1,5.5,5.0,7.6
E00249,P00761,Contributor,2025-10-06,2025-10-19,1,9.7,9.7,9.6
E00249,P00767,Contributor,2024-09-10,2024-09-29,1,8.1,9.1,8.8
E00249,P00817,Contributor,2026-01-01,2026-01-14,1,5.5,5.0,7.6
E00249,P00830,Contributor,2025-12-19,2026-01-01,1,7.9,9.0,8.8
E00249,P00882,Contributor,2023-11-26,2023-12-09,1,6.8,8.1,8.2
E00249,P00891,Contributor,2023-08-18,2024-03-13,2,7.1,7.6,8.4
E00250,P00005,Project Team Member,2024-01-22,2024-02-04,1,7.2,6.2,7.8
E00250,P00016,Project Team Member,2024-08-13,2024-08-22,1,9.2,9.7,8.8
E00250,P00021,Project Team Member,2026-02-12,2026-02-28,1,5.7,5.9,7.0
E00250,P00026,Project Team Member,2023-08-02,2023-08-17,1,7.7,8.8,8.0
E00250,P00039,Project Team Member,2023-05-05,2023-05-15,1,6.9,8.0,7.6
E00250,P00040,Project Team Member,2023-09-28,2023-10-13,1,6.7,7.6,7.6
E00250,P00061,Project Team Member,2023-03-12,2023-03-16,1,5.5,5.0,7.0
E00250,P00075,Project Team Member,2026-04-27,2026-05-09,1,7.4,8.8,7.9
E00250,P00079,Project Team Member,2024-04-19,2024-05-06,1,8.4,9.1,8.4
E00250,P00086,Project Team Member,2025-03-22,2025-04-03,1,8.7,9.7,8.6
E00250,P00100,Project Team Member,2024-01-15,2024-01-17,1,5.5,5.0,7.0
E00250,P00131,Project Team Member,2025-12-13,2025-12-28,1,5.5,5.2,7.0
E00250,P00169,Project Team Member,2023-08-17,2023-08-29,1,9.3,9.7,8.9
E00250,P00179,Project Team Member,2026-03-24,2026-03-29,1,7.2,6.2,7.8
E00250,P00189,Project Team Member,2024-10-01,2024-10-05,1,6.6,7.5,7.5
E00250,P00196,Project Team Member,2025-10-05,2025-10-11,1,6.2,6.0,7.3
E00250,P00242,Project Team Member,2024-08-26,2024-09-03,1,5.5,5.3,7.0
E00250,P00247,Project Team Member,2026-02-25,2026-03-04,1,5.5,5.0,7.0
E00250,P00249,Project Team Member,2023-12-07,2023-12-20,1,8.8,9.1,8.6
E00250,P00256,Project Team Member,2025-09-06,2025-09-17,1,6.2,7.1,7.3
E00250,P00261,Project Team Member,2024-04-29,2024-05-11,1,5.8,5.9,7.1
E00250,P00319,Project Team Member,2025-04-18,2025-04-26,1,5.5,5.0,7.0
E00250,P00327,Project Team Member,2026-01-15,2026-01-18,1,5.5,5.0,7.0
E00250,P00329,Project Team Member,2023-11-08,2023-11-22,1,5.5,5.0,7.0
E00250,P00337,Project Team Member,2023-07-09,2023-07-27,1,8.0,9.3,8.2
E00250,P00348,Project Team Member,2025-09-14,2025-09-28,1,6.3,5.9,7.4
E00250,P00350,Project Team Member,2026-02-03,2026-02-08,1,5.5,5.0,7.0
E00250,P00369,Project Team Member,2023-12-27,2023-12-31,1,7.5,8.4,8.0
E00250,P00379,Project Team Member,2023-10-08,2023-11-03,2,6.7,7.1,7.6
E00250,P00381,Project Team Member,2025-06-15,2025-06-27,1,5.5,5.0,7.0
E00250,P00385,Project Team Member,2024-01-29,2024-02-08,1,5.5,5.6,7.0
E00250,P00389,Project Team Member,2025-03-03,2025-03-14,1,5.5,5.0,7.0
E00250,P00391,Project Team Member,2024-02-22,2024-04-24,2,7.6,7.7,8.0
E00250,P00393,Project Team Member,2026-01-26,2026-02-07,1,6.6,6.7,7.5
E00250,P00409,Project Team Member,2024-01-10,2024-01-22,1,7.6,8.8,8.0
E00250,P00411,Project Team Member,2023-11-01,2023-11-12,1,7.7,9.0,8.0
E00250,P00432,Project Team Member,2024-11-07,2024-11-12,1,7.2,6.2,7.8
E00250,P00438,Project Team Member,2025-07-16,2025-08-06,1,6.4,7.5,7.4
E00250,P00441,Project Team Member,2025-12-31,2026-01-18,1,7.4,7.5,7.9
E00250,P00449,Project Team Member,2025-12-20,2025-12-29,1,6.8,7.4,7.6
E00250,P00451,Project Team Member,2025-09-03,2025-09-17,1,5.8,5.3,7.1
E00250,P00454,Project Team Member,2024-08-11,2024-08-18,1,8.4,9.6,8.4
E00250,P00460,Project Team Member,2025-07-28,2025-08-13,1,5.6,5.1,7.0
E00250,P00471,Project Team Member,2023-09-29,2023-10-09,1,7.8,9.2,8.1
E00250,P00472,Project Team Member,2025-03-05,2025-03-19,1,5.9,5.5,7.2
E00250,P00496,Project Team Member,2024-07-20,2024-07-26,1,5.5,5.0,7.0
E00250,P00501,Project Team Member,2025-04-04,2025-04-09,1,6.6,7.3,7.5
E00250,P00509,Project Team Member,2026-03-30,2026-02-28,1,7.1,7.8,7.8
E00250,P00516,Project Team Member,2024-04-23,2024-05-01,1,7.1,8.5,7.8
E00250,P00535,Project Team Member,2026-04-19,2026-04-23,1,5.5,5.0,7.0
E00250,P00549,Project Team Member,2024-12-10,2024-12-20,1,5.5,5.0,7.0
E00250,P00569,Project Team Member,2025-04-25,2025-05-06,1,7.8,8.0,8.1
E00250,P00583,Project Team Member,2026-03-24,2026-04-05,1,5.5,5.0,7.0
E00250,P00586,Project Team Member,2026-03-19,2026-04-06,1,6.4,6.6,7.4
E00250,P00602,Project Team Member,2024-01-24,2024-01-26,1,6.0,5.0,7.2
E00250,P00611,Project Team Member,2024-05-10,2024-05-14,1,6.4,6.5,7.4
E00250,P00613,Project Team Member,2026-03-30,2026-04-10,1,5.5,5.0,7.0
E00250,P00615,Project Team Member,2024-11-23,2024-12-03,1,5.8,5.4,7.1
E00250,P00617,Project Team Member,2025-07-07,2025-07-20,1,8.5,8.9,8.4
E00250,P00627,Project Team Member,2023-12-17,2023-12-30,1,7.9,9.2,8.2
E00250,P00634,Project Team Member,2024-09-18,2024-09-29,1,5.5,5.0,7.0
E00250,P00657,Project Team Member,2026-03-19,2026-04-18,1,5.5,5.0,7.0
E00250,P00670,Project Team Member,2024-08-08,2024-08-16,1,7.7,7.1,8.0
E00250,P00671,Project Team Member,2023-08-04,2023-08-08,1,8.7,8.9,8.6
E00250,P00672,Project Team Member,2025-12-19,2025-12-31,1,5.5,5.0,7.0
E00250,P00673,Project Team Member,2024-02-16,2024-02-27,1,6.5,6.6,7.4
E00250,P00729,Project Team Member,2023-08-04,2023-08-16,1,7.4,8.4,7.9
E00250,P00744,Project Team Member,2024-06-17,2024-06-23,1,6.7,7.0,7.6
E00250,P00749,Project Team Member,2026-03-21,2026-04-04,1,5.5,5.0,7.0
E00250,P00751,Project Team Member,2024-08-22,2024-09-03,1,5.5,5.0,7.0
E00250,P00762,Project Team Member,2025-08-30,2025-09-08,1,5.5,5.3,7.0
E00250,P00772,Project Team Member,2024-07-27,2024-08-09,1,6.3,6.9,7.4
E00250,P00821,Project Team Member,2023-12-15,2023-12-23,1,6.5,7.3,7.4
E00250,P00826,Project Team Member,2025-05-15,2025-05-22,1,5.5,5.0,7.0
E00250,P00870,Project Team Member,2023-09-15,2023-09-30,1,7.1,6.6,7.8
E00250,P00871,Project Team Member,2025-05-27,2025-06-18,1,5.8,6.8,7.1
E00250,P00890,Project Team Member,2024-06-22,2024-07-06,1,7.1,7.8,7.8
E00250,P00892,Project Team Member,2025-04-26,2025-05-04,1,8.0,7.7,8.2
E00251,P00034,Specialist,2024-07-08,2024-07-12,1,6.7,7.8,6.8
E00251,P00045,Specialist,2023-07-24,2023-08-04,1,8.0,9.3,7.4
E00251,P00084,Specialist,2023-10-04,2023-10-16,1,5.5,5.3,6.2
E00251,P00094,Specialist,2026-04-15,2026-04-30,1,6.8,7.3,6.8
E00251,P00104,Specialist,2023-10-24,2023-11-11,1,5.5,5.0,6.2
E00251,P00133,Specialist,2024-07-30,2024-08-03,1,5.5,5.0,6.2
E00251,P00180,Specialist,2025-06-25,2025-07-11,1,8.0,8.2,7.4
E00251,P00207,Specialist,2024-06-14,2024-06-23,1,7.2,6.2,7.0
E00251,P00232,Specialist,2023-09-08,2023-09-24,1,7.3,8.0,7.0
E00251,P00274,Specialist,2025-03-09,2025-03-25,1,5.5,5.0,6.2
E00251,P00278,Specialist,2024-04-27,2024-05-05,1,6.0,6.2,6.4
E00251,P00284,Specialist,2025-04-07,2025-04-28,1,5.5,5.9,6.2
E00251,P00329,Specialist,2023-11-09,2023-12-08,1,8.4,9.2,7.6
E00251,P00433,Specialist,2024-08-17,2024-08-29,1,7.4,8.7,7.1
E00251,P00442,Specialist,2024-10-15,2024-10-25,1,7.1,7.8,7.0
E00251,P00447,Specialist,2023-10-22,2023-10-29,1,7.6,8.1,7.2
E00251,P00478,Specialist,2024-08-14,2024-08-22,1,6.1,6.6,6.4
E00251,P00504,Specialist,2023-07-22,2023-07-27,1,8.4,8.9,7.6
E00251,P00528,Specialist,2023-06-12,2023-06-19,1,7.5,8.9,7.2
E00251,P00552,Specialist,2025-10-14,2025-10-22,1,5.5,5.0,6.2
E00251,P00585,Specialist,2025-02-24,2025-02-28,1,5.5,5.0,6.2
E00251,P00601,Specialist,2024-09-18,2024-09-26,1,7.0,7.6,6.9
E00251,P00633,Specialist,2026-03-19,2026-03-24,1,7.8,9.0,7.3
E00251,P00645,Specialist,2024-12-20,2025-01-01,1,6.8,8.0,6.8
E00251,P00655,Specialist,2026-03-14,2026-03-16,1,7.6,8.6,7.2
E00251,P00672,Specialist,2025-11-14,2025-11-24,1,6.7,8.0,6.8
E00251,P00689,Specialist,2026-01-18,2026-01-25,1,6.0,5.7,6.4
E00251,P00721,Specialist,2026-02-26,2026-03-06,1,7.0,8.1,6.9
E00251,P00755,Specialist,2025-10-08,2025-10-23,1,5.8,5.9,6.3
E00251,P00830,Specialist,2025-11-27,2026-02-05,2,7.5,7.6,7.2
E00251,P00854,Specialist,2026-03-24,2026-04-20,1,8.4,8.4,7.6
E00251,P00866,Specialist,2024-06-11,2024-07-04,1,7.4,8.7,7.1
E00251,P00895,Specialist,2026-03-18,2026-03-22,1,6.8,8.1,6.8
E00252,P00114,Project Team Member,2024-01-20,2024-01-31,1,7.6,9.0,8.2
E00252,P00146,Project Team Member,2024-09-09,2024-09-20,1,9.4,9.7,9.1
E00252,P00181,Project Team Member,2025-10-26,2025-10-29,1,5.5,5.0,7.2
E00252,P00201,Project Team Member,2025-07-01,2025-07-13,1,8.0,8.5,8.4
E00252,P00217,Project Team Member,2024-11-30,2024-12-13,1,5.5,5.0,7.2
E00252,P00354,Project Team Member,2025-07-29,2025-08-06,1,5.5,5.0,7.2
E00252,P00426,Project Team Member,2023-11-05,2023-11-28,1,8.0,9.4,8.4
E00252,P00429,Project Team Member,2025-09-15,2025-09-17,1,8.1,9.1,8.4
E00252,P00538,Project Team Member,2025-07-05,2025-10-13,2,5.7,5.0,7.2
E00252,P00554,Project Team Member,2025-02-18,2025-03-05,1,7.3,8.6,8.0
E00252,P00575,Project Team Member,2024-11-16,2024-11-24,1,5.9,5.2,7.4
E00252,P00579,Project Team Member,2024-05-16,2024-06-12,1,5.5,5.2,7.2
E00252,P00606,Project Team Member,2023-05-22,2023-06-04,1,7.2,8.4,8.0
E00252,P00733,Project Team Member,2024-03-22,2024-04-06,1,7.5,8.5,8.2
E00252,P00746,Project Team Member,2026-01-25,2026-02-09,1,5.5,5.0,7.2
E00252,P00753,Project Team Member,2023-05-22,2023-06-01,1,7.7,7.8,8.2
E00252,P00801,Project Team Member,2024-09-30,2024-10-02,1,7.9,7.7,8.4
E00252,P00825,Project Team Member,2026-04-12,2026-04-22,1,6.0,6.3,7.4
E00252,P00833,Project Team Member,2025-05-05,2025-05-11,1,5.5,5.0,7.2
E00252,P00836,Project Team Member,2025-12-23,2025-12-28,1,8.5,8.6,8.6
E00252,P00851,Project Team Member,2023-05-30,2023-06-01,1,7.3,8.5,8.0
E00252,P00893,Project Team Member,2026-02-21,2026-03-09,1,5.5,5.0,7.2
E00253,P00007,Coordinator,2024-10-15,2024-10-21,1,6.1,5.9,8.0
E00253,P00026,Coordinator,2023-09-11,2023-10-05,1,7.2,8.4,8.6
E00253,P00060,Coordinator,2024-09-10,2024-09-14,1,8.0,9.3,9.0
E00253,P00103,Coordinator,2024-06-25,2024-07-05,1,9.0,9.7,9.5
E00253,P00113,Coordinator,2024-06-21,2024-07-06,1,8.0,9.3,9.0
E00253,P00135,Coordinator,2023-11-23,2023-11-27,1,7.0,8.0,8.5
E00253,P00138,Coordinator,2024-08-16,2024-08-24,1,8.1,9.4,9.0
E00253,P00147,Coordinator,2024-10-10,2024-10-31,1,5.5,5.0,7.8
E00253,P00149,Coordinator,2023-12-04,2023-12-12,1,7.2,6.2,8.6
E00253,P00171,Coordinator,2024-03-20,2024-03-25,1,7.3,8.6,8.6
E00253,P00178,Coordinator,2026-04-14,2026-05-06,1,6.3,6.3,8.2
E00253,P00189,Coordinator,2024-09-22,2024-10-04,1,8.0,9.3,9.0
E00253,P00244,Coordinator,2026-04-11,2026-03-02,1,8.4,8.3,9.2
E00253,P00246,Coordinator,2025-10-23,2025-10-25,1,5.5,5.3,7.8
E00253,P00248,Coordinator,2026-02-06,2026-02-17,1,8.0,9.3,9.0
E00253,P00264,Coordinator,2026-03-24,2026-03-28,1,6.6,6.8,8.3
E00253,P00288,Coordinator,2025-03-26,2025-04-04,1,7.5,8.8,8.8
E00253,P00291,Coordinator,2024-12-20,2025-01-01,1,7.0,8.4,8.5
E00253,P00412,Coordinator,2024-10-14,2024-10-16,1,7.9,8.8,9.0
E00253,P00485,Coordinator,2023-10-16,2023-10-30,1,7.1,6.6,8.6
E00253,P00501,Coordinator,2025-01-20,2025-01-30,1,7.2,7.9,8.6
E00253,P00506,Coordinator,2023-07-28,2023-08-12,1,6.2,6.2,8.1
E00253,P00566,Coordinator,2025-11-18,2025-12-02,1,8.4,9.0,9.2
E00253,P00607,Coordinator,2026-03-09,2026-03-17,1,8.0,9.3,9.0
E00253,P00619,Coordinator,2024-10-12,2024-10-26,1,5.5,5.0,7.8
E00253,P00621,Coordinator,2024-01-20,2024-01-25,1,6.7,6.1,8.4
E00253,P00675,Coordinator,2023-07-26,2023-07-30,1,8.1,7.8,9.0
E00253,P00679,Coordinator,2026-03-21,2026-02-28,1,5.5,5.0,7.8
E00253,P00775,Coordinator,2023-07-20,2023-08-07,2,8.1,8.2,9.0
E00253,P00794,Coordinator,2024-11-28,2024-12-02,1,8.0,8.8,9.0
E00253,P00809,Coordinator,2025-01-11,2025-01-25,1,6.3,5.9,8.2
E00253,P00867,Coordinator,2024-03-26,2024-03-31,1,8.8,9.0,9.4
E00254,P00041,Project Team Member,2025-08-14,2025-08-28,1,8.0,9.3,8.5
E00254,P00073,Project Team Member,2024-03-02,2024-03-06,1,5.5,5.0,7.2
E00254,P00108,Project Team Member,2025-04-09,2025-04-15,1,8.0,9.3,8.5
E00254,P00133,Project Team Member,2024-11-26,2024-11-28,1,8.5,8.5,8.8
E00254,P00139,Project Team Member,2025-03-30,2025-04-03,1,6.4,7.2,7.7
E00254,P00174,Project Team Member,2026-04-26,2026-05-05,1,5.5,5.0,7.2
E00254,P00219,Project Team Member,2024-08-30,2024-09-11,1,5.5,5.0,7.2
E00254,P00310,Project Team Member,2023-04-19,2023-04-30,1,5.5,5.0,7.2
E00254,P00337,Project Team Member,2023-06-09,2023-06-17,1,8.0,9.4,8.5
E00254,P00384,Project Team Member,2025-09-23,2025-10-04,1,6.9,8.1,8.0
E00254,P00438,Project Team Member,2025-04-22,2025-05-07,1,8.8,9.6,8.9
E00254,P00465,Project Team Member,2025-06-20,2025-06-30,1,5.5,5.0,7.2
E00254,P00600,Project Team Member,2025-09-24,2025-09-27,1,6.5,7.4,7.8
E00254,P00708,Project Team Member,2025-11-11,2025-11-20,1,5.5,5.5,7.2
E00254,P00722,Project Team Member,2024-03-25,2024-04-08,1,5.5,5.0,7.2
E00254,P00777,Project Team Member,2025-06-01,2025-06-05,1,5.6,5.2,7.3
E00254,P00816,Project Team Member,2025-12-11,2026-01-01,2,7.4,6.5,8.2
E00254,P00881,Project Team Member,2023-10-03,2023-10-13,1,6.4,7.7,7.7
E00255,P00003,Project Team Member,2026-02-19,2026-03-04,1,7.4,8.5,7.0
E00255,P00054,Project Team Member,2023-04-11,2023-04-23,1,6.2,6.1,6.4
E00255,P00064,Project Team Member,2025-09-13,2025-09-17,1,6.8,7.9,6.7
E00255,P00074,Project Team Member,2026-01-30,2026-02-05,1,8.3,9.3,7.4
E00255,P00100,Project Team Member,2024-12-16,2025-01-15,1,5.5,5.2,6.0
E00255,P00101,Project Team Member,2025-10-17,2025-10-23,1,7.2,6.2,6.9
E00255,P00105,Project Team Member,2024-05-16,2024-05-19,1,6.9,8.2,6.8
E00255,P00115,Project Team Member,2025-08-23,2025-09-06,1,8.0,9.3,7.3
E00255,P00167,Project Team Member,2025-07-23,2025-08-06,1,6.4,6.5,6.5
E00255,P00185,Project Team Member,2026-03-14,2026-03-22,1,8.8,9.4,7.7
E00255,P00221,Project Team Member,2026-01-26,2026-02-02,1,7.9,7.5,7.2
E00255,P00236,Project Team Member,2025-07-07,2025-07-12,1,6.9,8.3,6.8
E00255,P00241,Project Team Member,2025-03-06,2025-03-10,1,6.6,8.0,6.6
E00255,P00265,Project Team Member,2025-04-22,2025-04-29,1,5.5,5.0,6.0
E00255,P00267,Project Team Member,2025-02-06,2025-02-19,1,6.3,5.3,6.4
E00255,P00303,Project Team Member,2023-12-27,2024-01-17,1,7.0,8.4,6.8
E00255,P00308,Project Team Member,2023-09-30,2023-10-14,1,5.5,5.0,6.0
E00255,P00316,Project Team Member,2023-04-28,2023-05-03,1,7.2,6.2,6.9
E00255,P00340,Project Team Member,2024-04-19,2024-04-27,1,7.3,8.2,7.0
E00255,P00344,Project Team Member,2024-02-05,2024-02-08,1,7.6,8.9,7.1
E00255,P00357,Project Team Member,2023-04-30,2023-05-08,1,6.9,7.4,6.8
E00255,P00363,Project Team Member,2026-03-07,2026-02-23,1,7.4,8.7,7.0
E00255,P00406,Project Team Member,2023-12-19,2023-12-27,1,8.5,8.7,7.6
E00255,P00437,Project Team Member,2024-10-19,2024-11-01,1,7.4,8.8,7.0
E00255,P00502,Project Team Member,2025-07-15,2025-07-25,1,9.7,9.7,8.1
E00255,P00504,Project Team Member,2023-03-03,2023-06-05,2,8.4,9.2,7.5
E00255,P00510,Project Team Member,2026-03-13,2026-03-28,1,7.3,8.5,7.0
E00255,P00513,Project Team Member,2025-05-28,2025-06-27,1,5.5,5.0,6.0
E00255,P00516,Project Team Member,2024-07-09,2024-08-08,1,5.5,5.0,6.0
E00255,P00535,Project Team Member,2026-04-19,2026-04-26,1,6.8,7.1,6.7
E00255,P00571,Project Team Member,2024-03-31,2024-04-14,1,7.0,7.7,6.8
E00255,P00626,Project Team Member,2025-11-09,2025-11-22,1,7.1,7.9,6.8
E00255,P00628,Project Team Member,2024-02-28,2024-03-04,1,5.5,5.0,6.0
E00255,P00677,Project Team Member,2025-05-01,2025-05-14,1,7.1,8.4,6.8
E00255,P00680,Project Team Member,2024-09-12,2024-09-27,1,6.2,6.9,6.4
E00255,P00690,Project Team Member,2025-02-06,2025-02-08,1,5.5,5.0,6.0
E00255,P00697,Project Team Member,2026-01-06,2026-01-19,1,7.5,8.4,7.0
E00255,P00706,Project Team Member,2023-11-28,2023-12-05,1,5.7,6.3,6.2
E00255,P00761,Project Team Member,2025-11-08,2025-12-01,2,5.5,5.0,6.0
E00255,P00762,Project Team Member,2025-11-02,2025-11-15,1,5.5,5.0,6.0
E00255,P00767,Project Team Member,2024-05-27,2025-01-14,2,6.8,6.8,6.7
E00255,P00782,Project Team Member,2025-08-28,2025-09-02,1,6.1,7.1,6.4
E00255,P00788,Project Team Member,2024-07-04,2024-07-13,1,8.0,8.9,7.3
E00255,P00799,Project Team Member,2024-09-13,2024-09-15,1,9.7,9.7,8.1
E00255,P00805,Project Team Member,2025-02-06,2025-02-17,1,7.2,7.7,6.9
E00255,P00815,Project Team Member,2025-11-04,2025-11-14,1,7.3,7.4,7.0
E00255,P00819,Project Team Member,2026-01-14,2026-01-28,1,9.7,9.7,8.1
E00255,P00820,Project Team Member,2024-05-04,2024-05-11,1,7.2,8.6,6.9
E00255,P00826,Project Team Member,2025-03-15,2025-04-10,1,6.6,7.6,6.6
E00255,P00898,Project Team Member,2024-10-17,2024-10-21,1,5.5,5.0,6.0
E00256,P00032,Contributor,2024-12-30,2025-01-11,1,7.3,8.5,7.4
E00256,P00056,Contributor,2026-03-06,2026-03-19,1,7.5,7.9,7.6
E00256,P00076,Contributor,2026-03-13,2026-03-27,1,5.5,5.0,6.6
E00256,P00077,Contributor,2023-12-26,2024-01-05,1,6.8,7.2,7.2
E00256,P00099,Contributor,2025-03-04,2025-03-17,1,6.8,8.2,7.2
E00256,P00107,Contributor,2026-04-16,2026-04-21,1,7.2,8.5,7.4
E00256,P00149,Contributor,2023-08-17,2023-08-19,1,6.1,6.7,6.8
E00256,P00366,Contributor,2024-02-28,2024-02-28,1,8.0,8.8,7.8
E00256,P00425,Contributor,2026-01-12,2026-01-30,1,6.7,6.6,7.2
E00256,P00548,Contributor,2023-07-29,2023-08-03,1,5.5,5.0,6.6
E00256,P00562,Contributor,2026-04-12,2026-04-20,1,8.6,9.6,8.1
E00256,P00628,Contributor,2024-01-16,2024-02-13,1,7.6,8.9,7.6
E00256,P00629,Contributor,2026-02-24,2026-03-01,1,7.7,9.0,7.6
E00256,P00653,Contributor,2026-03-03,2026-03-08,1,8.0,9.0,7.8
E00256,P00680,Contributor,2024-08-24,2024-09-01,1,7.9,9.2,7.8
E00256,P00708,Contributor,2025-11-28,2025-12-05,1,5.9,5.6,6.8
E00256,P00715,Contributor,2026-02-01,2026-02-16,1,7.0,8.2,7.3
E00256,P00744,Contributor,2024-03-31,2024-04-28,1,6.3,6.3,7.0
E00256,P00806,Contributor,2025-06-03,2025-06-10,1,5.5,5.0,6.6
E00256,P00809,Contributor,2025-07-08,2025-07-13,1,6.6,8.0,7.1
E00256,P00880,Contributor,2026-01-13,2026-01-19,1,5.5,5.0,6.6
E00257,P00010,Project Team Member,2023-12-12,2023-12-14,1,6.7,7.4,8.0
E00257,P00015,Project Team Member,2026-03-21,2026-03-23,1,5.5,5.0,7.4
E00257,P00081,Project Team Member,2024-07-09,2024-07-22,1,8.0,9.4,8.6
E00257,P00153,Project Team Member,2024-12-08,2024-12-11,1,6.5,6.6,7.8
E00257,P00245,Project Team Member,2025-08-10,2025-08-25,1,6.8,6.8,8.0
E00257,P00345,Project Team Member,2023-10-17,2023-10-21,1,8.5,8.6,8.8
E00257,P00443,Project Team Member,2023-07-31,2023-08-09,1,5.8,5.4,7.5
E00257,P00491,Project Team Member,2024-08-21,2024-09-18,1,5.5,5.5,7.4
E00257,P00521,Project Team Member,2023-10-17,2023-11-05,1,5.5,5.7,7.4
E00257,P00581,Project Team Member,2023-07-15,2023-07-22,1,5.5,5.0,7.4
E00257,P00586,Project Team Member,2026-01-30,2026-02-12,1,7.8,9.0,8.5
E00257,P00616,Project Team Member,2025-02-18,2025-02-28,1,6.5,7.5,7.8
E00257,P00623,Project Team Member,2024-01-22,2024-01-29,1,6.8,7.3,8.0
E00257,P00632,Project Team Member,2026-03-16,2026-03-03,1,7.4,8.8,8.3
E00257,P00843,Project Team Member,2024-12-02,2025-03-30,2,6.5,6.3,7.8
E00258,P00013,Project Team Member,2023-07-30,2023-08-08,1,5.5,5.0,6.4
E00258,P00031,Project Team Member,2023-03-18,2023-05-25,2,6.5,6.3,7.0
E00258,P00033,Project Team Member,2025-01-02,2025-01-10,1,5.5,5.0,6.4
E00258,P00064,Project Team Member,2025-10-22,2025-10-25,1,7.5,8.4,7.4
E00258,P00067,Project Team Member,2025-08-16,2025-08-20,1,8.4,9.2,7.9
E00258,P00069,Project Team Member,2023-11-18,2023-11-30,1,7.3,8.2,7.4
E00258,P00077,Project Team Member,2024-02-06,2024-02-19,1,7.8,9.1,7.6
E00258,P00092,Project Team Member,2026-04-26,2026-05-02,1,7.2,8.4,7.3
E00258,P00094,Project Team Member,2026-04-15,2026-05-14,1,6.5,6.7,7.0
E00258,P00165,Project Team Member,2023-02-27,2024-01-03,2,7.3,6.7,7.4
E00258,P00177,Project Team Member,2024-04-19,2024-04-23,1,8.8,9.7,8.1
E00258,P00223,Project Team Member,2025-02-23,2025-03-09,1,7.3,8.7,7.4
E00258,P00246,Project Team Member,2025-07-13,2025-07-21,1,5.8,6.3,6.6
E00258,P00255,Project Team Member,2023-12-08,2023-12-20,1,5.5,5.0,6.4
E00258,P00267,Project Team Member,2025-07-30,2025-08-14,1,8.0,9.3,7.7
E00258,P00308,Project Team Member,2024-03-04,2024-03-08,1,5.5,5.0,6.4
E00258,P00313,Project Team Member,2025-03-26,2025-04-11,1,8.0,9.3,7.7
E00258,P00333,Project Team Member,2026-03-03,2026-03-09,1,8.9,9.7,8.2
E00258,P00338,Project Team Member,2024-01-20,2024-02-13,1,6.5,6.1,7.0
E00258,P00341,Project Team Member,2023-05-24,2023-06-22,1,5.5,5.0,6.4
E00258,P00343,Project Team Member,2024-04-23,2024-05-15,1,5.7,6.5,6.6
E00258,P00346,Project Team Member,2026-02-15,2026-02-18,1,8.0,9.3,7.7
E00258,P00378,Project Team Member,2024-11-09,2024-11-21,1,7.1,8.4,7.2
E00258,P00382,Project Team Member,2024-01-22,2024-02-13,1,7.3,6.7,7.4
E00258,P00406,Project Team Member,2024-09-01,2024-09-07,1,7.3,8.6,7.4
E00258,P00409,Project Team Member,2023-11-26,2023-12-07,1,6.8,7.2,7.1
E00258,P00421,Project Team Member,2024-02-25,2024-03-05,1,8.0,9.4,7.7
E00258,P00435,Project Team Member,2026-03-10,2026-02-21,1,8.0,9.3,7.7
E00258,P00440,Project Team Member,2023-09-16,2023-09-28,1,6.5,6.6,7.0
E00258,P00452,Project Team Member,2023-10-26,2023-10-30,1,6.6,7.9,7.0
E00258,P00487,Project Team Member,2023-09-19,2023-09-28,1,8.0,8.7,7.7
E00258,P00502,Project Team Member,2025-04-06,2025-04-22,1,7.5,8.9,7.4
E00258,P00511,Project Team Member,2025-10-07,2025-10-14,1,6.6,6.9,7.0
E00258,P00524,Project Team Member,2023-12-30,2024-01-05,1,6.8,8.2,7.1
E00258,P00546,Project Team Member,2024-04-30,2024-05-11,1,6.0,6.7,6.7
E00258,P00567,Project Team Member,2024-10-23,2024-11-06,1,8.6,9.6,8.0
E00258,P00599,Project Team Member,2024-05-19,2024-06-04,1,7.6,8.3,7.5
E00258,P00644,Project Team Member,2025-10-15,2025-10-27,1,5.5,5.0,6.4
E00258,P00665,Project Team Member,2026-02-03,2026-02-26,1,6.3,7.0,6.8
E00258,P00666,Project Team Member,2023-11-26,2023-12-03,1,6.6,7.3,7.0
E00258,P00680,Project Team Member,2024-12-18,2025-01-19,2,6.9,6.6,7.2
E00258,P00729,Project Team Member,2023-06-06,2023-06-30,1,7.1,8.0,7.2
E00258,P00739,Project Team Member,2025-12-16,2025-12-21,1,5.5,5.0,6.4
E00258,P00742,Project Team Member,2024-03-04,2024-03-11,1,5.5,5.0,6.4
E00258,P00745,Project Team Member,2025-12-26,2026-01-09,1,9.7,9.7,8.6
E00258,P00772,Project Team Member,2024-05-22,2024-06-01,1,6.7,6.6,7.0
E00258,P00792,Project Team Member,2023-09-30,2023-10-05,1,6.9,8.3,7.2
E00258,P00814,Project Team Member,2024-08-08,2024-08-15,1,6.2,6.1,6.8
E00258,P00826,Project Team Member,2025-03-21,2025-04-02,1,7.1,7.6,7.2
E00258,P00846,Project Team Member,2023-05-24,2023-06-04,1,8.0,9.3,7.7
E00258,P00851,Project Team Member,2023-08-24,2023-08-27,1,7.3,8.6,7.4
E00258,P00857,Project Team Member,2025-09-07,2025-09-17,1,6.4,7.3,6.9
E00259,P00033,Contributor,2025-04-29,2025-05-01,1,5.5,5.0,7.0
E00259,P00035,Contributor,2025-08-26,2025-08-30,1,7.2,6.2,7.8
E00259,P00044,Contributor,2024-03-18,2024-03-25,1,9.0,9.5,8.7
E00259,P00101,Contributor,2025-03-26,2025-04-10,1,7.1,7.8,7.8
E00259,P00247,Contributor,2025-10-23,2025-11-17,1,5.5,5.0,7.0
E00259,P00263,Contributor,2023-12-30,2024-01-03,1,8.0,9.3,8.2
E00259,P00345,Contributor,2023-11-26,2023-12-08,1,5.5,5.0,7.0
E00259,P00350,Contributor,2025-05-01,2025-05-06,1,8.0,9.3,8.2
E00259,P00362,Contributor,2023-09-04,2023-09-19,1,8.0,9.3,8.2
E00259,P00390,Contributor,2025-06-28,2025-07-01,1,6.3,6.3,7.4
E00259,P00433,Contributor,2025-02-19,2025-03-06,1,5.5,5.0,7.0
E00259,P00446,Contributor,2025-07-17,2025-07-21,1,7.1,7.9,7.8
E00259,P00457,Contributor,2025-07-01,2025-07-11,1,7.0,7.4,7.7
E00259,P00491,Contributor,2024-06-06,2024-06-21,1,7.8,8.6,8.1
E00259,P00533,Contributor,2025-10-17,2025-11-16,1,6.6,6.8,7.5
E00259,P00585,Contributor,2025-03-21,2025-03-28,1,6.1,5.9,7.2
E00259,P00597,Contributor,2023-11-28,2023-12-01,1,7.4,8.3,7.9
E00259,P00651,Contributor,2026-02-27,2026-03-03,1,5.5,5.1,7.0
E00259,P00758,Contributor,2023-08-01,2023-08-04,1,6.9,7.9,7.6
E00259,P00760,Contributor,2023-02-05,2023-02-17,1,8.0,7.7,8.2
E00259,P00847,Contributor,2023-06-01,2023-06-09,1,5.5,5.5,7.0
E00259,P00848,Contributor,2025-12-11,2025-12-19,1,5.8,5.8,7.1
E00259,P00861,Contributor,2025-11-30,2025-12-15,1,7.7,8.9,8.0
E00260,P00003,Coordinator,2026-02-01,2026-02-09,1,6.7,7.6,7.6
E00260,P00023,Coordinator,2024-06-16,2024-06-21,1,6.4,7.4,7.5
E00260,P00051,Coordinator,2025-01-10,2025-01-24,1,7.2,6.2,7.9
E00260,P00071,Coordinator,2023-09-29,2023-10-07,1,6.4,7.4,7.5
E00260,P00090,Coordinator,2025-10-24,2025-11-01,1,7.2,6.2,7.9
E00260,P00094,Coordinator,2026-04-15,2026-04-23,1,8.8,9.5,8.7
E00260,P00129,Coordinator,2026-04-10,2026-04-15,1,5.5,5.0,7.0
E00260,P00169,Coordinator,2023-11-11,2023-11-21,1,6.5,5.5,7.6
E00260,P00201,Coordinator,2025-04-05,2025-04-07,1,8.7,9.7,8.6
E00260,P00220,Coordinator,2023-03-27,2023-04-04,1,6.7,7.5,7.6
E00260,P00246,Coordinator,2025-12-08,2025-12-10,1,5.7,5.0,7.2
E00260,P00264,Coordinator,2026-03-15,2026-03-19,1,6.6,6.9,7.6
E00260,P00286,Coordinator,2025-05-17,2025-05-26,1,8.2,9.3,8.4
E00260,P00294,Coordinator,2024-03-03,2024-03-12,1,6.6,7.5,7.6
E00260,P00395,Coordinator,2026-01-16,2026-03-14,2,6.5,6.0,7.6
E00260,P00403,Coordinator,2024-05-11,2024-05-24,1,6.6,7.5,7.6
E00260,P00459,Coordinator,2025-04-23,2025-05-07,1,6.3,7.3,7.4
E00260,P00463,Coordinator,2026-04-28,2026-02-19,2,7.6,8.4,8.1
E00260,P00496,Coordinator,2024-01-24,2024-02-20,1,5.5,5.0,7.0
E00260,P00509,Coordinator,2026-03-30,2026-02-28,1,5.5,5.0,7.0
E00260,P00525,Coordinator,2026-02-27,2026-03-28,1,5.5,5.0,7.0
E00260,P00561,Coordinator,2024-03-31,2024-04-13,1,5.5,5.0,7.0
E00260,P00612,Coordinator,2023-05-09,2023-06-06,1,6.8,7.9,7.7
E00260,P00630,Coordinator,2025-03-18,2025-03-26,1,9.7,9.7,9.1
E00260,P00634,Coordinator,2024-09-15,2024-10-02,1,6.1,6.2,7.4
E00260,P00667,Coordinator,2024-01-30,2024-02-11,1,7.2,8.3,7.9
E00260,P00687,Coordinator,2024-12-28,2025-01-04,1,6.6,8.0,7.6
E00260,P00755,Coordinator,2025-12-11,2025-12-13,1,5.5,5.0,7.0
E00260,P00766,Coordinator,2024-07-10,2024-08-06,1,5.5,5.0,7.0
E00260,P00796,Coordinator,2025-10-13,2025-10-17,1,5.6,5.7,7.1
E00260,P00844,Coordinator,2025-04-28,2025-05-08,1,5.7,5.3,7.2
E00260,P00858,Coordinator,2025-08-13,2025-08-24,1,5.5,5.0,7.0
E00260,P00865,Coordinator,2023-03-09,2023-03-29,2,8.1,8.1,8.4
E00260,P00898,Coordinator,2024-09-28,2024-10-11,1,5.5,5.0,7.0
E00261,P00003,Project Team Member,2026-02-23,2026-03-01,1,7.7,9.0,7.4
E00261,P00006,Project Team Member,2024-04-26,2024-10-26,2,7.7,8.0,7.4
E00261,P00012,Project Team Member,2025-08-11,2025-08-23,1,6.1,6.2,6.6
E00261,P00023,Project Team Member,2024-07-02,2024-07-13,1,6.2,6.2,6.7
E00261,P00069,Project Team Member,2024-09-22,2024-10-02,1,5.5,5.0,6.4
E00261,P00097,Project Team Member,2026-01-27,2026-02-07,1,8.0,9.3,7.6
E00261,P00159,Project Team Member,2025-07-14,2025-07-19,1,7.8,9.0,7.5
E00261,P00162,Project Team Member,2025-06-13,2025-06-18,1,6.6,6.6,6.9
E00261,P00164,Project Team Member,2024-04-12,2024-04-24,1,7.0,7.5,7.1
E00261,P00186,Project Team Member,2026-03-11,2026-03-24,1,5.5,5.0,6.4
E00261,P00240,Project Team Member,2023-10-28,2023-11-12,1,6.4,6.3,6.8
E00261,P00253,Project Team Member,2024-09-27,2024-10-15,2,6.8,6.3,7.0
E00261,P00276,Project Team Member,2025-06-04,2025-06-15,1,6.5,6.7,6.8
E00261,P00321,Project Team Member,2024-04-07,2024-04-12,1,5.5,5.0,6.4
E00261,P00340,Project Team Member,2024-11-26,2024-11-29,1,5.6,5.0,6.4
E00261,P00361,Project Team Member,2024-10-23,2024-10-29,1,7.6,8.8,7.4
E00261,P00388,Project Team Member,2023-03-24,2023-04-07,1,7.6,8.3,7.4
E00261,P00408,Project Team Member,2023-06-21,2023-07-05,1,6.0,6.0,6.6
E00261,P00410,Project Team Member,2024-07-02,2024-07-13,1,7.4,8.4,7.3
E00261,P00423,Project Team Member,2026-03-15,2026-04-09,1,5.7,6.1,6.4
E00261,P00429,Project Team Member,2026-01-17,2026-01-31,1,6.5,7.5,6.8
E00261,P00440,Project Team Member,2023-08-15,2023-08-23,1,7.6,8.6,7.4
E00261,P00441,Project Team Member,2026-01-17,2026-01-31,1,7.8,7.7,7.5
E00261,P00454,Project Team Member,2024-07-30,2024-08-12,1,6.5,5.5,6.8
E00261,P00476,Project Team Member,2023-10-23,2023-11-07,1,8.1,7.8,7.6
E00261,P00477,Project Team Member,2025-12-02,2025-12-11,1,6.6,7.9,6.9
E00261,P00478,Project Team Member,2024-07-18,2024-08-02,1,5.5,5.0,6.4
E00261,P00488,Project Team Member,2023-09-11,2023-09-13,1,9.7,9.7,8.4
E00261,P00490,Project Team Member,2025-07-14,2025-07-28,1,5.8,6.6,6.5
E00261,P00499,Project Team Member,2025-06-02,2025-06-12,1,7.2,7.9,7.2
E00261,P00519,Project Team Member,2025-11-05,2025-11-20,1,8.0,9.3,7.6
E00261,P00530,Project Team Member,2025-12-01,2025-12-06,1,7.3,8.7,7.2
E00261,P00559,Project Team Member,2025-09-24,2025-10-07,1,7.2,7.6,7.2
E00261,P00575,Project Team Member,2024-12-23,2024-12-28,1,7.9,8.7,7.6
E00261,P00585,Project Team Member,2025-02-07,2025-02-13,1,7.3,8.6,7.2
E00261,P00611,Project Team Member,2024-02-13,2024-02-20,1,9.2,9.7,8.2
E00261,P00635,Project Team Member,2023-07-26,2023-08-06,1,5.5,5.0,6.4
E00261,P00644,Project Team Member,2025-12-14,2025-12-25,1,9.7,9.7,8.4
E00261,P00657,Project Team Member,2026-03-03,2026-03-09,1,5.7,5.8,6.4
E00261,P00673,Project Team Member,2023-09-22,2023-10-16,1,5.5,5.2,6.4
E00261,P00684,Project Team Member,2024-08-17,2024-08-19,1,7.1,7.7,7.2
E00261,P00725,Project Team Member,2026-04-13,2026-04-20,1,6.9,7.4,7.0
E00261,P00727,Project Team Member,2024-12-13,2024-12-28,1,5.5,5.3,6.4
E00261,P00731,Project Team Member,2024-10-02,2024-11-01,1,7.4,8.3,7.3
E00261,P00754,Project Team Member,2025-07-16,2025-07-21,1,7.1,8.4,7.2
E00261,P00774,Project Team Member,2024-11-21,2024-12-05,1,7.5,8.4,7.4
E00261,P00782,Project Team Member,2025-08-12,2025-08-26,1,5.5,5.0,6.4
E00261,P00793,Project Team Member,2026-01-21,2026-01-23,1,7.0,6.0,7.1
E00261,P00827,Project Team Member,2025-03-06,2025-03-17,1,6.3,5.3,6.8
E00261,P00847,Project Team Member,2023-05-19,2023-05-24,1,5.5,5.0,6.4
E00261,P00851,Project Team Member,2023-07-10,2023-07-18,1,7.7,8.7,7.4
E00261,P00900,Project Team Member,2026-01-02,2026-01-22,1,5.5,5.0,6.4
E00262,P00048,Contributor,2025-10-02,2025-10-07,1,6.5,7.8,7.2
E00262,P00065,Contributor,2024-10-24,2024-10-26,1,7.8,7.2,7.9
E00262,P00092,Contributor,2026-04-26,2026-05-06,1,6.1,6.8,7.0
E00262,P00107,Contributor,2026-04-16,2026-04-27,1,8.0,9.3,8.0
E00262,P00112,Contributor,2025-08-24,2025-09-12,1,7.8,7.2,7.9
E00262,P00134,Contributor,2026-03-28,2026-04-23,1,6.0,5.8,7.0
E00262,P00174,Contributor,2026-04-26,2026-05-06,1,5.5,5.0,6.8
E00262,P00192,Contributor,2024-03-17,2024-03-19,1,8.1,9.4,8.0
E00262,P00335,Contributor,2024-05-15,2024-05-21,1,6.5,7.3,7.2
E00262,P00392,Contributor,2023-08-12,2023-08-16,1,5.9,5.6,7.0
E00262,P00423,Contributor,2026-02-06,2026-02-17,1,9.7,9.7,8.8
E00262,P00484,Contributor,2025-04-10,2025-04-16,1,7.1,8.4,7.6
E00262,P00515,Contributor,2025-03-25,2025-04-01,1,6.3,6.0,7.2
E00262,P00522,Contributor,2025-09-09,2025-10-04,1,8.0,9.3,8.0
E00262,P00572,Contributor,2023-10-20,2023-10-22,1,7.5,8.4,7.8
E00262,P00574,Contributor,2024-09-25,2024-10-09,1,5.5,5.0,6.8
E00262,P00608,Contributor,2025-04-27,2025-04-29,1,7.2,8.6,7.6
E00262,P00711,Contributor,2024-12-05,2024-12-10,1,7.6,8.8,7.8
E00262,P00767,Contributor,2025-01-08,2025-01-12,1,5.5,5.0,6.8
E00262,P00806,Contributor,2025-12-11,2025-12-19,1,7.9,9.2,8.0
E00262,P00829,Contributor,2023-12-18,2023-12-31,1,6.8,7.8,7.4
E00262,P00852,Contributor,2026-02-05,2026-02-09,1,6.6,7.6,7.3
E00262,P00890,Contributor,2024-02-02,2024-02-07,1,7.1,8.0,7.6
E00263,P00011,Project Team Member,2024-04-04,2024-04-12,1,6.9,8.2,6.2
E00263,P00033,Project Team Member,2024-06-18,2025-06-20,2,6.7,5.9,6.2
E00263,P00054,Project Team Member,2023-05-02,2023-05-14,1,6.1,6.0,5.8
E00263,P00064,Project Team Member,2025-09-23,2025-10-17,1,7.6,9.0,6.6
E00263,P00069,Project Team Member,2024-09-24,2024-10-02,1,5.5,5.0,5.6
E00263,P00101,Project Team Member,2025-08-24,2025-09-03,1,5.5,5.3,5.6
E00263,P00121,Project Team Member,2024-04-26,2024-05-01,1,6.0,6.0,5.8
E00263,P00140,Project Team Member,2024-06-18,2024-06-25,1,7.9,9.1,6.8
E00263,P00149,Project Team Member,2023-04-29,2023-05-11,1,5.5,5.0,5.6
E00263,P00154,Project Team Member,2024-04-10,2024-04-18,1,5.5,5.0,5.6
E00263,P00164,Project Team Member,2024-03-20,2024-03-24,1,9.1,9.7,7.4
E00263,P00175,Project Team Member,2023-07-17,2023-08-11,2,7.3,6.5,6.4
E00263,P00223,Project Team Member,2024-11-04,2024-11-12,1,8.0,8.8,6.8
E00263,P00234,Project Team Member,2025-02-16,2025-02-25,1,5.7,5.5,5.6
E00263,P00256,Project Team Member,2025-11-11,2025-11-16,1,7.5,8.4,6.6
E00263,P00292,Project Team Member,2024-03-12,2024-03-21,1,5.5,5.0,5.6
E00263,P00307,Project Team Member,2024-10-22,2024-10-25,1,5.5,5.0,5.6
E00263,P00309,Project Team Member,2026-03-23,2026-04-01,1,5.7,6.0,5.6
E00263,P00312,Project Team Member,2024-12-04,2024-12-09,1,5.5,5.1,5.6
E00263,P00329,Project Team Member,2023-06-26,2023-07-11,1,6.0,6.4,5.8
E00263,P00351,Project Team Member,2024-11-21,2024-11-25,1,6.7,7.6,6.2
E00263,P00373,Project Team Member,2025-03-31,2025-04-07,1,5.5,5.0,5.6
E00263,P00413,Project Team Member,2024-06-30,2024-07-02,1,5.5,5.0,5.6
E00263,P00435,Project Team Member,2026-03-10,2026-02-21,1,5.5,5.0,5.6
E00263,P00446,Project Team Member,2025-04-27,2025-05-02,1,7.5,8.0,6.6
E00263,P00462,Project Team Member,2025-09-19,2025-09-29,1,5.5,5.0,5.6
E00263,P00518,Project Team Member,2024-02-08,2024-02-17,1,6.3,6.8,5.9
E00263,P00547,Project Team Member,2023-05-20,2023-06-01,1,5.5,5.0,5.6
E00263,P00548,Project Team Member,2023-10-10,2023-10-25,1,7.6,8.9,6.6
E00263,P00550,Project Team Member,2023-07-22,2023-07-29,1,6.3,7.6,5.9
E00263,P00585,Project Team Member,2025-03-07,2025-04-02,1,7.4,8.8,6.5
E00263,P00615,Project Team Member,2024-09-11,2024-09-15,1,7.2,8.4,6.4
E00263,P00622,Project Team Member,2024-09-01,2024-09-08,1,5.5,5.0,5.6
E00263,P00633,Project Team Member,2026-03-24,2026-03-26,1,6.6,7.2,6.1
E00263,P00646,Project Team Member,2024-07-11,2024-07-14,1,6.9,8.2,6.2
E00263,P00707,Project Team Member,2023-12-26,2023-12-31,1,6.7,7.9,6.2
E00263,P00718,Project Team Member,2026-02-20,2026-03-01,1,7.1,8.3,6.4
E00263,P00733,Project Team Member,2024-04-04,2024-05-05,2,6.9,6.9,6.2
E00263,P00744,Project Team Member,2024-11-21,2024-12-05,1,8.0,9.3,6.8
E00263,P00774,Project Team Member,2025-09-25,2025-10-04,1,6.6,7.4,6.1
E00263,P00778,Project Team Member,2024-09-25,2024-09-30,1,6.8,7.5,6.2
E00263,P00822,Project Team Member,2025-09-15,2025-09-25,1,5.5,5.0,5.6
E00263,P00833,Project Team Member,2025-11-15,2025-11-20,1,5.9,5.2,5.8
E00263,P00851,Project Team Member,2023-08-22,2023-09-06,1,8.0,9.3,6.8
E00263,P00859,Project Team Member,2026-04-06,2026-03-13,1,7.8,9.0,6.7
E00263,P00862,Project Team Member,2026-02-02,2026-02-07,1,5.5,5.0,5.6
E00264,P00045,Project Team Member,2023-06-13,2023-06-17,1,6.8,7.7,6.9
E00264,P00057,Project Team Member,2023-06-09,2023-06-23,1,6.3,7.3,6.6
E00264,P00063,Project Team Member,2026-03-21,2026-03-31,1,6.8,6.2,6.9
E00264,P00084,Project Team Member,2023-05-11,2023-05-20,1,5.9,6.2,6.4
E00264,P00098,Project Team Member,2024-09-17,2024-09-30,1,6.4,6.1,6.7
E00264,P00119,Project Team Member,2024-11-05,2024-12-01,1,5.5,5.0,6.2
E00264,P00173,Project Team Member,2025-09-26,2025-10-02,1,5.5,5.0,6.2
E00264,P00198,Project Team Member,2023-11-10,2024-06-17,2,5.5,5.5,6.2
E00264,P00217,Project Team Member,2025-07-29,2025-08-10,1,5.5,5.0,6.2
E00264,P00227,Project Team Member,2026-03-11,2026-03-18,1,5.5,5.5,6.2
E00264,P00228,Project Team Member,2023-06-22,2023-06-27,1,5.5,5.0,6.2
E00264,P00236,Project Team Member,2025-04-20,2025-04-24,1,5.9,7.3,6.4
E00264,P00240,Project Team Member,2023-10-30,2023-11-04,1,6.4,6.8,6.7
E00264,P00242,Project Team Member,2024-05-25,2024-06-15,1,5.5,5.0,6.2
E00264,P00249,Project Team Member,2023-09-20,2023-10-10,1,6.0,5.0,6.5
E00264,P00266,Project Team Member,2023-05-12,2023-05-17,1,5.5,5.0,6.2
E00264,P00276,Project Team Member,2025-06-16,2025-06-26,1,8.0,9.3,7.5
E00264,P00293,Project Team Member,2024-07-27,2024-08-03,1,7.8,9.0,7.4
E00264,P00341,Project Team Member,2023-08-09,2023-08-15,1,5.5,5.0,6.2
E00264,P00354,Project Team Member,2025-04-14,2025-05-10,1,8.0,9.3,7.5
E00264,P00370,Project Team Member,2025-03-14,2025-03-21,1,7.3,8.5,7.2
E00264,P00385,Project Team Member,2023-09-25,2023-10-01,1,7.0,8.3,7.0
E00264,P00399,Project Team Member,2024-10-05,2024-10-17,1,7.2,7.7,7.1
E00264,P00446,Project Team Member,2025-09-28,2025-09-30,1,5.6,6.0,6.3
E00264,P00460,Project Team Member,2025-07-18,2025-07-26,1,5.5,5.0,6.2
E00264,P00473,Project Team Member,2025-12-30,2026-01-14,1,7.7,8.9,7.4
E00264,P00478,Project Team Member,2024-10-15,2024-10-31,1,6.4,6.6,6.7
E00264,P00486,Project Team Member,2023-02-04,2023-02-24,1,7.8,9.1,7.4
E00264,P00487,Project Team Member,2023-03-04,2023-03-19,1,8.0,9.3,7.5
E00264,P00497,Project Team Member,2023-07-16,2023-07-24,1,5.5,5.0,6.2
E00264,P00537,Project Team Member,2024-04-27,2024-05-04,1,7.3,8.6,7.2
E00264,P00545,Project Team Member,2024-09-07,2024-09-12,1,7.1,8.3,7.0
E00264,P00548,Project Team Member,2023-09-08,2023-09-19,1,5.5,5.1,6.2
E00264,P00556,Project Team Member,2024-08-19,2024-09-02,1,7.4,7.8,7.2
E00264,P00586,Project Team Member,2026-02-21,2026-02-24,1,6.6,7.8,6.8
E00264,P00624,Project Team Member,2025-06-21,2025-06-23,1,9.0,9.7,8.0
E00264,P00644,Project Team Member,2025-05-03,2025-05-05,1,5.8,5.7,6.4
E00264,P00656,Project Team Member,2025-06-28,2025-07-06,1,6.0,7.3,6.5
E00264,P00662,Project Team Member,2025-08-19,2025-08-22,1,7.6,7.8,7.3
E00264,P00678,Project Team Member,2025-07-14,2025-08-05,1,5.5,5.0,6.2
E00264,P00692,Project Team Member,2025-02-14,2025-02-16,1,6.8,8.2,6.9
E00264,P00697,Project Team Member,2025-11-25,2025-12-05,1,5.5,5.0,6.2
E00264,P00709,Project Team Member,2024-03-19,2024-06-13,2,7.2,7.3,7.1
E00264,P00729,Project Team Member,2023-02-21,2023-07-05,2,7.9,8.2,7.4
E00264,P00766,Project Team Member,2024-09-19,2024-09-29,1,8.0,9.4,7.5
E00264,P00855,Project Team Member,2026-01-17,2026-01-29,1,7.6,7.9,7.3
E00264,P00861,Project Team Member,2026-02-23,2026-03-05,1,6.2,5.7,6.6
E00264,P00866,Project Team Member,2024-09-12,2024-09-14,1,7.8,8.5,7.4
E00264,P00873,Project Team Member,2024-11-15,2026-01-16,3,6.0,5.0,6.5
E00264,P00886,Project Team Member,2026-04-05,2026-03-05,2,6.3,5.7,6.6
E00264,P00889,Project Team Member,2024-09-13,2024-09-19,1,6.8,8.1,6.9
E00265,P00025,Project Team Member,2024-11-12,2024-12-10,1,5.5,5.0,6.6
E00265,P00036,Project Team Member,2024-01-19,2024-01-26,1,5.5,5.3,6.6
E00265,P00045,Project Team Member,2023-08-03,2023-08-05,1,5.5,6.0,6.6
E00265,P00079,Project Team Member,2024-03-11,2024-03-23,1,8.7,9.7,8.2
E00265,P00088,Project Team Member,2025-01-30,2025-02-13,1,7.8,8.6,7.8
E00265,P00103,Project Team Member,2024-10-02,2024-10-08,1,6.4,6.6,7.1
E00265,P00176,Project Team Member,2025-03-19,2025-04-06,1,5.5,5.0,6.6
E00265,P00195,Project Team Member,2024-01-20,2024-01-30,1,7.8,9.1,7.8
E00265,P00200,Project Team Member,2025-04-10,2025-04-17,1,7.1,7.6,7.4
E00265,P00238,Project Team Member,2024-01-27,2024-04-01,2,5.6,5.1,6.7
E00265,P00240,Project Team Member,2023-08-21,2023-08-24,1,5.5,5.0,6.6
E00265,P00244,Project Team Member,2026-04-11,2026-03-02,1,5.5,5.0,6.6
E00265,P00248,Project Team Member,2026-02-23,2026-03-01,1,5.5,5.0,6.6
E00265,P00254,Project Team Member,2023-09-29,2023-10-03,1,5.5,5.0,6.6
E00265,P00256,Project Team Member,2025-07-02,2025-07-11,1,7.5,8.4,7.6
E00265,P00288,Project Team Member,2024-09-22,2024-10-02,1,6.4,7.7,7.1
E00265,P00294,Project Team Member,2024-05-25,2024-05-31,1,5.5,5.0,6.6
E00265,P00328,Project Team Member,2024-10-15,2024-10-30,1,8.3,9.5,8.0
E00265,P00365,Project Team Member,2025-07-01,2025-07-11,1,7.2,8.5,7.5
E00265,P00376,Project Team Member,2025-10-10,2025-10-16,1,6.8,7.8,7.3
E00265,P00424,Project Team Member,2024-01-26,2024-02-06,1,6.8,5.8,7.3
E00265,P00429,Project Team Member,2025-07-24,2025-07-29,1,5.9,6.3,6.8
E00265,P00442,Project Team Member,2024-07-20,2024-08-02,1,5.5,5.0,6.6
E00265,P00461,Project Team Member,2023-04-02,2023-04-04,1,6.7,7.9,7.2
E00265,P00472,Project Team Member,2024-12-21,2025-01-19,1,7.3,8.7,7.6
E00265,P00497,Project Team Member,2023-12-12,2023-12-27,1,5.5,5.0,6.6
E00265,P00516,Project Team Member,2024-05-24,2024-06-02,1,5.5,5.0,6.6
E00265,P00518,Project Team Member,2023-11-15,2023-11-18,1,5.5,5.0,6.6
E00265,P00525,Project Team Member,2026-01-01,2026-01-05,1,5.5,5.0,6.6
E00265,P00555,Project Team Member,2024-03-29,2024-04-12,1,7.3,8.6,7.6
E00265,P00578,Project Team Member,2026-03-20,2026-04-04,1,5.5,5.6,6.6
E00265,P00585,Project Team Member,2025-03-26,2025-04-02,1,6.5,7.5,7.2
E00265,P00627,Project Team Member,2024-07-16,2024-07-23,1,7.9,9.2,7.8
E00265,P00630,Project Team Member,2025-02-15,2025-02-19,1,6.4,6.0,7.1
E00265,P00668,Project Team Member,2025-11-22,2025-12-03,1,7.5,8.3,7.6
E00265,P00693,Project Team Member,2025-04-02,2025-04-11,1,7.4,8.0,7.6
E00265,P00694,Project Team Member,2024-02-04,2024-02-13,1,7.5,7.3,7.6
E00265,P00696,Project Team Member,2025-07-30,2025-08-19,1,8.0,9.4,7.9
E00265,P00733,Project Team Member,2024-04-10,2024-04-23,1,7.5,8.7,7.6
E00265,P00741,Project Team Member,2026-01-08,2026-01-13,1,7.6,6.9,7.7
E00265,P00756,Project Team Member,2024-02-16,2024-03-08,1,6.6,7.9,7.2
E00265,P00784,Project Team Member,2026-01-14,2026-01-29,1,7.0,8.4,7.4
E00265,P00803,Project Team Member,2026-03-19,2026-02-25,1,5.8,5.5,6.8
E00265,P00830,Project Team Member,2026-02-21,2026-02-23,1,5.5,5.4,6.6
E00265,P00832,Project Team Member,2025-11-30,2025-12-11,1,6.8,7.2,7.3
E00265,P00834,Project Team Member,2024-02-27,2024-03-20,1,5.5,5.0,6.6
E00265,P00846,Project Team Member,2023-07-20,2023-08-03,1,6.9,7.3,7.4
E00265,P00876,Project Team Member,2025-07-31,2025-08-29,1,5.5,5.0,6.6
E00266,P00008,Contributor,2024-11-02,2024-11-29,1,7.5,8.4,7.2
E00266,P00037,Contributor,2026-01-28,2026-02-04,1,6.4,5.4,6.6
E00266,P00064,Contributor,2026-02-04,2026-02-17,1,7.3,7.4,7.0
E00266,P00136,Contributor,2024-12-30,2025-01-11,1,7.6,8.9,7.2
E00266,P00151,Contributor,2025-11-25,2025-12-04,1,5.5,5.0,6.2
E00266,P00163,Contributor,2024-09-30,2024-10-04,1,5.5,5.0,6.2
E00266,P00164,Contributor,2024-02-19,2024-02-22,1,7.0,8.4,6.9
E00266,P00185,Contributor,2026-03-25,2026-04-03,1,5.5,6.4,6.2
E00266,P00201,Contributor,2025-04-12,2025-04-23,1,5.5,5.0,6.2
E00266,P00213,Contributor,2023-05-12,2023-05-22,1,6.5,7.7,6.6
E00266,P00221,Contributor,2026-02-03,2026-02-14,1,5.5,5.0,6.2
E00266,P00243,Contributor,2025-07-12,2025-07-22,1,6.9,8.1,6.8
E00266,P00258,Contributor,2024-04-22,2024-04-27,1,7.0,7.9,6.9
E00266,P00280,Contributor,2025-01-29,2025-01-31,1,5.5,5.0,6.2
E00266,P00295,Contributor,2024-11-20,2024-11-27,1,5.5,5.0,6.2
E00266,P00318,Contributor,2024-06-01,2024-06-09,1,5.5,5.0,6.2
E00266,P00320,Contributor,2025-07-18,2025-07-27,1,9.5,9.7,8.2
E00266,P00363,Contributor,2026-03-07,2026-02-23,1,6.3,7.1,6.6
E00266,P00399,Contributor,2024-02-21,2024-03-20,1,5.5,5.1,6.2
E00266,P00406,Contributor,2024-03-05,2024-03-10,1,7.8,8.9,7.3
E00266,P00421,Contributor,2024-02-20,2024-03-06,1,7.8,8.9,7.3
E00266,P00447,Contributor,2023-07-23,2023-08-07,1,7.4,8.3,7.1
E00266,P00451,Contributor,2025-06-17,2025-06-19,1,7.6,9.0,7.2
E00266,P00480,Contributor,2024-01-08,2024-01-13,1,7.0,8.4,6.9
E00266,P00509,Contributor,2026-03-30,2026-02-28,1,5.5,5.0,6.2
E00266,P00540,Contributor,2024-07-23,2024-07-31,1,8.1,9.1,7.4
E00266,P00558,Contributor,2023-07-06,2023-07-10,1,5.5,5.1,6.2
E00266,P00609,Contributor,2023-09-05,2023-09-19,1,5.5,5.0,6.2
E00266,P00625,Contributor,2025-03-25,2025-03-31,1,7.2,6.2,7.0
E00266,P00668,Contributor,2026-01-19,2026-02-02,1,7.3,8.7,7.0
E00266,P00669,Contributor,2024-10-19,2024-11-02,1,7.7,9.0,7.2
E00266,P00681,Contributor,2026-02-01,2026-02-16,1,6.1,7.1,6.4
E00266,P00696,Contributor,2025-07-31,2025-08-15,1,7.8,7.9,7.3
E00266,P00699,Contributor,2025-01-09,2025-01-15,1,7.5,8.5,7.2
E00266,P00755,Contributor,2025-12-21,2026-02-08,2,8.3,8.8,7.6
E00266,P00774,Contributor,2025-03-24,2025-04-08,1,6.0,5.0,6.4
E00266,P00781,Contributor,2024-08-08,2024-08-13,1,7.6,9.0,7.2
E00266,P00792,Contributor,2023-12-01,2023-12-04,1,8.4,9.0,7.6
E00266,P00795,Contributor,2024-05-17,2024-05-29,1,9.1,9.7,8.0
E00266,P00809,Contributor,2025-01-22,2025-02-05,1,9.6,9.7,8.2
E00266,P00812,Contributor,2024-02-29,2024-03-13,1,6.3,7.3,6.6
E00266,P00847,Contributor,2023-02-04,2023-05-10,2,6.8,7.2,6.8
E00266,P00861,Contributor,2025-11-06,2025-11-16,1,9.0,9.6,7.9
E00266,P00869,Contributor,2025-03-14,2025-03-22,1,6.6,7.5,6.7
E00267,P00061,Coordinator,2023-06-29,2023-06-30,1,8.0,9.3,8.7
E00267,P00070,Coordinator,2023-11-13,2023-11-19,1,5.5,5.7,7.4
E00267,P00086,Coordinator,2025-05-28,2025-06-03,1,8.4,9.0,8.9
E00267,P00155,Coordinator,2024-01-05,2024-01-12,1,5.5,5.0,7.4
E00267,P00215,Coordinator,2026-02-24,2026-03-08,1,6.3,5.3,7.8
E00267,P00239,Coordinator,2025-01-21,2025-01-23,1,7.3,8.6,8.4
E00267,P00255,Coordinator,2024-01-26,2024-02-02,1,5.6,5.0,7.5
E00267,P00262,Coordinator,2024-09-18,2024-10-02,1,7.8,9.0,8.6
E00267,P00264,Coordinator,2026-02-20,2026-03-04,1,8.4,9.7,8.9
E00267,P00286,Coordinator,2025-07-21,2025-07-26,1,6.5,7.4,8.0
E00267,P00288,Coordinator,2024-06-03,2024-06-18,1,5.5,5.0,7.4
E00267,P00310,Coordinator,2023-04-30,2023-05-15,1,6.6,7.4,8.0
E00267,P00381,Coordinator,2025-02-11,2025-02-17,1,5.8,5.8,7.6
E00267,P00382,Coordinator,2023-07-25,2023-08-05,1,6.4,6.4,7.9
E00267,P00405,Coordinator,2025-05-09,2025-05-14,1,7.3,8.7,8.4
E00267,P00427,Coordinator,2025-04-15,2025-04-26,1,7.4,8.5,8.4
E00267,P00436,Coordinator,2023-08-18,2023-08-24,1,7.1,8.5,8.2
E00267,P00482,Coordinator,2023-07-23,2023-08-02,1,7.8,9.2,8.6
E00267,P00495,Coordinator,2026-03-19,2026-04-02,1,5.9,5.2,7.6
E00267,P00557,Coordinator,2026-01-26,2026-02-10,1,5.5,5.0,7.4
E00267,P00566,Coordinator,2025-01-06,2025-01-08,1,7.0,7.6,8.2
E00267,P00609,Coordinator,2023-08-04,2023-08-17,1,5.5,5.0,7.4
E00267,P00621,Coordinator,2024-02-15,2024-02-18,1,5.7,6.0,7.6
E00267,P00631,Coordinator,2024-04-03,2024-04-18,1,8.0,9.3,8.7
E00267,P00659,Coordinator,2023-05-23,2023-05-26,1,8.6,9.6,9.0
E00267,P00666,Coordinator,2023-06-19,2023-07-04,1,5.5,5.0,7.4
E00267,P00707,Coordinator,2024-06-01,2024-06-06,1,6.9,7.5,8.2
E00267,P00713,Coordinator,2024-05-05,2024-05-14,1,8.7,9.7,9.0
E00267,P00771,Coordinator,2024-09-10,2024-09-18,1,8.4,8.4,8.9
E00267,P00772,Coordinator,2024-05-20,2024-06-02,1,7.1,8.1,8.2
E00267,P00792,Coordinator,2023-10-17,2023-11-22,2,5.8,5.6,7.6
E00267,P00804,Coordinator,2024-03-11,2024-04-02,2,6.4,6.1,7.9
E00267,P00812,Coordinator,2024-01-27,2024-02-08,1,8.0,9.3,8.7
E00267,P00819,Coordinator,2026-03-24,2026-04-05,1,7.0,8.3,8.2
E00267,P00834,Coordinator,2024-03-10,2024-03-22,1,7.0,6.0,8.2
E00267,P00836,Coordinator,2025-12-30,2026-01-08,1,6.6,7.1,8.0
E00267,P00887,Coordinator,2023-12-25,2023-12-30,1,6.6,8.0,8.0
E00267,P00892,Coordinator,2026-03-06,2026-03-19,1,7.0,7.4,8.2
E00268,P00098,Contributor,2024-08-23,2024-08-29,1,7.2,6.2,7.0
E00268,P00120,Contributor,2025-02-07,2025-02-17,1,5.9,6.1,6.4
E00268,P00124,Contributor,2026-01-13,2026-01-26,1,7.0,7.7,6.9
E00268,P00133,Contributor,2024-08-25,2024-09-06,1,6.6,7.5,6.7
E00268,P00139,Contributor,2025-02-20,2025-02-24,1,5.5,5.0,6.2
E00268,P00172,Contributor,2025-09-12,2025-09-18,1,5.6,5.4,6.2
E00268,P00177,Contributor,2024-05-18,2024-05-30,1,8.2,9.5,7.5
E00268,P00199,Contributor,2026-03-19,2026-04-02,1,6.2,7.2,6.5
E00268,P00230,Contributor,2025-07-29,2025-08-06,1,7.3,8.7,7.0
E00268,P00255,Contributor,2024-08-05,2024-08-15,1,6.3,7.4,6.6
E00268,P00295,Contributor,2024-05-06,2024-05-18,1,6.7,7.2,6.8
E00268,P00311,Contributor,2023-09-08,2023-09-19,1,7.2,8.0,7.0
E00268,P00359,Contributor,2025-10-24,2025-11-07,1,7.2,7.0,7.0
E00268,P00401,Contributor,2023-04-08,2023-04-15,1,7.9,8.9,7.4
E00268,P00415,Contributor,2024-04-26,2024-05-11,1,7.6,8.8,7.2
E00268,P00447,Contributor,2023-12-06,2023-12-08,1,5.5,5.0,6.2
E00268,P00468,Contributor,2023-05-31,2023-06-02,1,7.8,9.0,7.3
E00268,P00493,Contributor,2023-07-15,2023-08-07,1,7.4,8.5,7.1
E00268,P00498,Contributor,2025-12-09,2025-12-15,1,5.5,5.0,6.2
E00268,P00507,Contributor,2025-04-08,2025-04-15,1,6.6,7.7,6.7
E00268,P00510,Contributor,2026-03-15,2026-03-24,1,8.7,9.7,7.8
E00268,P00532,Contributor,2025-07-29,2025-08-13,1,7.3,8.6,7.0
E00268,P00540,Contributor,2024-10-12,2024-10-18,1,5.5,5.0,6.2
E00268,P00556,Contributor,2024-05-24,2024-06-08,1,7.4,8.7,7.1
E00268,P00606,Contributor,2023-09-19,2023-09-25,1,8.0,7.7,7.4
E00268,P00619,Contributor,2024-07-20,2024-11-18,2,6.8,6.8,6.8
E00268,P00686,Contributor,2024-12-22,2024-12-30,1,5.9,6.0,6.4
E00268,P00696,Contributor,2025-08-21,2025-09-01,1,6.5,6.7,6.6
E00268,P00706,Contributor,2023-08-19,2023-09-01,1,8.2,9.4,7.5
E00268,P00711,Contributor,2024-12-06,2024-12-08,1,5.5,5.0,6.2
E00268,P00720,Contributor,2024-12-08,2024-12-22,1,5.9,5.5,6.4
E00268,P00725,Contributor,2026-04-13,2026-04-26,1,8.0,9.4,7.4
E00268,P00743,Contributor,2023-09-25,2023-10-07,1,5.5,5.0,6.2
E00268,P00752,Contributor,2025-06-15,2025-07-06,1,7.0,8.3,6.9
E00268,P00762,Contributor,2025-02-25,2025-03-05,1,7.8,7.6,7.3
E00268,P00773,Contributor,2025-09-20,2025-09-30,1,6.8,7.9,6.8
E00268,P00794,Contributor,2025-01-15,2025-01-30,1,6.0,5.0,6.4
E00268,P00795,Contributor,2023-12-06,2023-12-08,1,5.5,5.0,6.2
E00268,P00815,Contributor,2025-06-07,2025-06-19,1,5.5,5.1,6.2
E00268,P00853,Contributor,2026-01-11,2026-01-16,1,7.8,9.1,7.3
E00268,P00856,Contributor,2025-07-23,2025-08-06,1,9.2,9.7,8.0
E00268,P00864,Contributor,2024-02-03,2024-02-15,1,7.4,8.3,7.1
E00268,P00875,Contributor,2025-05-01,2025-05-08,1,7.5,8.4,7.2
E00268,P00876,Contributor,2025-07-16,2025-07-26,1,8.1,9.4,7.4
E00269,P00089,Project Team Member,2025-09-19,2025-09-27,1,6.8,8.2,7.2
E00269,P00149,Project Team Member,2023-05-27,2023-06-05,1,6.8,7.2,7.2
E00269,P00164,Project Team Member,2024-04-19,2024-05-02,1,5.5,5.4,6.6
E00269,P00184,Project Team Member,2024-12-28,2025-01-04,1,7.0,8.3,7.3
E00269,P00246,Project Team Member,2025-08-01,2025-08-22,1,7.0,7.4,7.3
E00269,P00414,Project Team Member,2026-03-25,2026-04-07,1,8.2,9.2,7.9
E00269,P00466,Project Team Member,2026-01-26,2026-02-07,1,8.7,8.9,8.1
E00269,P00575,Project Team Member,2024-11-16,2024-11-22,1,5.5,5.0,6.6
E00269,P00591,Project Team Member,2023-09-06,2023-09-12,1,5.5,5.0,6.6
E00269,P00629,Project Team Member,2025-12-13,2025-12-25,1,6.2,5.7,6.9
E00269,P00698,Project Team Member,2024-08-03,2024-08-19,1,5.5,5.7,6.6
E00269,P00743,Project Team Member,2023-09-23,2023-09-28,1,5.7,6.6,6.6
E00269,P00852,Project Team Member,2025-08-14,2025-08-16,1,6.7,7.6,7.2
E00270,P00084,Coordinator,2023-03-02,2023-03-05,1,6.9,8.2,7.6
E00270,P00105,Coordinator,2023-12-05,2023-12-30,1,7.1,6.9,7.6
E00270,P00134,Coordinator,2026-03-28,2026-03-31,1,5.5,5.0,6.8
E00270,P00146,Coordinator,2024-09-02,2024-09-07,1,5.5,5.0,6.8
E00270,P00225,Coordinator,2026-03-23,2026-03-26,1,5.5,5.0,6.8
E00270,P00280,Coordinator,2025-01-05,2025-01-08,1,6.5,7.9,7.4
E00270,P00350,Coordinator,2025-02-22,2025-03-15,1,7.1,7.8,7.6
E00270,P00370,Coordinator,2024-11-29,2024-12-04,1,6.9,8.2,7.6
E00270,P00372,Coordinator,2026-01-13,2026-01-24,1,7.8,7.4,8.0
E00270,P00390,Coordinator,2025-07-07,2025-07-13,1,5.7,6.4,7.0
E00270,P00410,Coordinator,2024-04-25,2024-05-08,1,8.0,9.3,8.1
E00270,P00412,Coordinator,2024-12-03,2024-12-10,1,9.2,9.7,8.7
E00270,P00457,Coordinator,2025-11-07,2025-12-02,1,6.0,5.7,7.1
E00270,P00459,Coordinator,2025-02-17,2025-02-21,1,6.3,6.4,7.2
E00270,P00472,Coordinator,2024-11-15,2024-12-01,1,6.8,7.2,7.5
E00270,P00494,Coordinator,2024-10-24,2024-11-06,1,5.5,5.0,6.8
E00270,P00506,Coordinator,2023-07-15,2023-07-28,1,5.5,5.0,6.8
E00270,P00536,Coordinator,2023-08-17,2023-08-22,1,5.5,5.0,6.8
E00270,P00553,Coordinator,2024-09-21,2024-10-06,1,6.0,6.0,7.1
E00270,P00570,Coordinator,2025-10-21,2025-10-30,1,6.2,6.6,7.2
E00270,P00586,Coordinator,2026-03-15,2026-03-26,1,7.2,7.9,7.7
E00270,P00616,Coordinator,2025-02-23,2025-02-28,1,7.6,8.6,7.9
E00270,P00626,Coordinator,2026-03-07,2026-03-17,1,7.7,8.8,8.0
E00270,P00634,Coordinator,2025-06-12,2025-06-16,1,5.5,5.0,6.8
E00270,P00676,Coordinator,2026-03-05,2026-02-18,1,5.7,5.6,7.0
E00270,P00689,Coordinator,2026-02-21,2026-03-07,1,5.5,5.0,6.8
E00270,P00705,Coordinator,2024-10-25,2024-10-31,1,6.1,5.1,7.2
E00270,P00731,Coordinator,2023-10-16,2023-11-02,1,7.1,8.4,7.6
E00270,P00732,Coordinator,2026-04-12,2026-04-27,1,6.8,8.1,7.5
E00270,P00734,Coordinator,2024-02-27,2024-03-05,1,8.8,9.4,8.5
E00270,P00787,Coordinator,2026-04-03,2026-04-12,1,7.0,8.4,7.6
E00270,P00799,Coordinator,2024-06-14,2024-06-28,1,7.2,8.1,7.7
E00270,P00828,Coordinator,2025-07-21,2025-08-10,1,5.5,5.0,6.8
E00270,P00848,Coordinator,2025-06-11,2025-06-15,1,7.1,8.3,7.6
E00270,P00850,Coordinator,2026-03-19,2026-03-27,1,7.6,9.0,7.9
E00270,P00869,Coordinator,2025-02-14,2025-02-26,1,6.4,5.4,7.3
E00271,P00018,Contributor,2025-02-03,2025-02-12,1,6.0,6.8,7.6
E00271,P00032,Contributor,2025-02-10,2025-02-14,1,7.3,8.1,8.2
E00271,P00101,Contributor,2025-10-05,2025-10-18,1,7.4,8.2,8.3
E00271,P00170,Contributor,2025-11-26,2025-12-07,1,5.5,5.0,7.4
E00271,P00174,Contributor,2026-04-26,2026-05-04,2,5.5,5.0,7.4
E00271,P00263,Contributor,2024-01-29,2024-02-04,1,8.4,9.4,8.8
E00271,P00484,Contributor,2025-04-29,2025-05-10,1,6.5,7.1,7.8
E00271,P00535,Contributor,2026-04-19,2026-05-10,1,6.5,6.6,7.8
E00271,P00545,Contributor,2024-02-05,2024-02-09,1,7.3,7.7,8.2
E00271,P00622,Contributor,2024-08-26,2024-09-03,1,6.5,7.5,7.8
E00271,P00695,Contributor,2023-06-16,2023-06-23,1,6.7,7.6,8.0
E00271,P00762,Contributor,2025-11-26,2025-12-26,1,6.8,7.8,8.0
E00271,P00900,Contributor,2026-02-15,2026-03-01,1,6.5,6.6,7.8
E00272,P00232,Project Team Member,2023-09-29,2023-10-08,1,7.4,8.7,7.1
E00272,P00235,Project Team Member,2024-03-19,2024-03-21,1,7.6,8.8,7.2
E00272,P00262,Project Team Member,2024-12-29,2025-01-04,1,8.8,9.7,7.8
E00272,P00277,Project Team Member,2026-01-23,2026-02-04,1,5.5,5.5,6.2
E00272,P00295,Project Team Member,2024-08-20,2024-09-13,1,5.7,5.0,6.2
E00272,P00309,Project Team Member,2026-03-10,2026-03-16,1,7.7,8.9,7.2
E00272,P00326,Project Team Member,2026-04-21,2026-05-05,1,7.3,8.7,7.0
E00272,P00331,Project Team Member,2025-02-14,2025-02-18,1,6.0,5.0,6.4
E00272,P00332,Project Team Member,2025-11-05,2025-11-20,1,8.0,9.2,7.4
E00272,P00333,Project Team Member,2026-03-04,2026-03-08,1,7.4,8.3,7.1
E00272,P00371,Project Team Member,2025-05-19,2025-05-25,1,6.5,7.2,6.6
E00272,P00397,Project Team Member,2023-08-10,2023-08-14,1,7.6,8.8,7.2
E00272,P00430,Project Team Member,2024-12-21,2025-01-09,2,5.9,5.3,6.4
E00272,P00453,Project Team Member,2025-09-23,2025-10-04,1,5.5,5.0,6.2
E00272,P00471,Project Team Member,2023-12-01,2023-12-11,1,5.6,5.3,6.2
E00272,P00478,Project Team Member,2024-07-25,2024-08-20,1,7.9,8.7,7.4
E00272,P00495,Project Team Member,2026-02-02,2026-02-04,1,7.9,8.7,7.4
E00272,P00535,Project Team Member,2026-04-19,2026-04-30,1,5.5,5.0,6.2
E00272,P00552,Project Team Member,2026-02-15,2026-02-22,1,5.5,5.0,6.2
E00272,P00564,Project Team Member,2025-06-01,2025-06-28,1,7.5,8.9,7.2
E00272,P00569,Project Team Member,2025-08-04,2025-08-12,1,7.8,8.4,7.3
E00272,P00571,Project Team Member,2023-12-31,2024-01-05,1,6.1,5.9,6.4
E00272,P00596,Project Team Member,2024-11-15,2024-11-26,1,5.9,5.2,6.4
E00272,P00637,Project Team Member,2024-02-22,2024-02-26,1,6.1,6.9,6.4
E00272,P00664,Project Team Member,2024-06-21,2024-07-12,1,6.8,6.1,6.8
E00272,P00745,Project Team Member,2026-01-27,2026-02-04,1,6.9,8.2,6.8
E00272,P00759,Project Team Member,2026-03-17,2026-03-30,1,5.5,6.4,6.2
E00272,P00768,Project Team Member,2023-04-29,2023-05-11,1,6.1,6.0,6.4
E00272,P00769,Project Team Member,2026-02-15,2026-02-28,1,7.5,8.5,7.2
E00272,P00892,Project Team Member,2025-10-05,2025-10-08,1,5.5,5.0,6.2
E00273,P00029,Specialist,2025-12-06,2025-12-18,1,5.5,5.0,7.2
E00273,P00032,Specialist,2025-05-01,2025-05-04,1,7.6,8.7,8.3
E00273,P00042,Specialist,2024-10-16,2024-10-22,1,5.9,6.8,7.4
E00273,P00070,Specialist,2023-07-15,2023-07-22,1,6.6,6.3,7.8
E00273,P00131,Specialist,2025-12-12,2026-01-09,1,7.5,8.0,8.2
E00273,P00145,Specialist,2026-04-06,2026-03-14,1,6.4,7.7,7.7
E00273,P00146,Specialist,2024-10-01,2024-10-05,1,5.5,5.0,7.2
E00273,P00161,Specialist,2025-06-08,2025-07-31,2,6.6,6.2,7.8
E00273,P00188,Specialist,2026-01-01,2026-01-15,1,7.4,8.4,8.2
E00273,P00204,Specialist,2025-09-18,2025-09-26,1,7.2,6.2,8.1
E00273,P00207,Specialist,2024-07-07,2024-07-14,1,6.0,6.4,7.5
E00273,P00213,Specialist,2023-05-10,2023-05-12,1,5.5,5.0,7.2
E00273,P00227,Specialist,2026-03-22,2026-04-01,1,7.2,6.2,8.1
E00273,P00230,Specialist,2025-04-02,2025-04-11,1,5.5,5.0,7.2
E00273,P00234,Specialist,2024-08-28,2024-10-30,2,6.6,6.5,7.8
E00273,P00306,Specialist,2025-07-05,2025-07-15,1,5.5,5.0,7.2
E00273,P00348,Specialist,2025-05-03,2025-05-11,1,5.5,6.2,7.2
E00273,P00355,Specialist,2023-12-24,2024-01-02,1,6.7,7.0,7.8
E00273,P00411,Specialist,2023-11-24,2023-12-04,1,8.9,9.4,9.0
E00273,P00454,Specialist,2024-06-25,2024-07-06,1,5.5,5.3,7.2
E00273,P00470,Specialist,2023-10-03,2023-10-10,1,5.5,5.1,7.2
E00273,P00480,Specialist,2023-12-14,2023-12-28,1,7.3,8.6,8.2
E00273,P00543,Specialist,2023-04-14,2023-04-16,1,8.0,9.3,8.5
E00273,P00580,Specialist,2025-04-17,2025-04-30,1,5.5,5.0,7.2
E00273,P00599,Specialist,2023-07-03,2023-07-13,1,5.9,6.5,7.4
E00273,P00612,Specialist,2023-07-12,2023-07-24,1,7.4,8.3,8.2
E00273,P00633,Specialist,2026-03-25,2026-04-07,1,5.8,6.2,7.4
E00273,P00641,Specialist,2024-01-17,2024-01-28,1,7.2,7.9,8.1
E00273,P00649,Specialist,2024-02-09,2024-02-17,1,7.6,9.0,8.3
E00273,P00660,Specialist,2024-04-16,2024-04-21,1,5.5,5.0,7.2
E00273,P00668,Specialist,2025-12-10,2025-12-23,1,5.5,5.0,7.2
E00273,P00696,Specialist,2025-07-28,2025-08-08,1,6.2,6.2,7.6
E00273,P00704,Specialist,2025-04-18,2025-04-21,1,5.5,5.0,7.2
E00273,P00722,Specialist,2023-10-25,2023-11-08,1,7.5,8.9,8.2
E00273,P00740,Specialist,2026-02-18,2026-03-05,1,6.4,6.2,7.7
E00273,P00741,Specialist,2025-05-18,2025-06-02,1,6.8,8.1,7.9
E00273,P00755,Specialist,2025-09-25,2025-09-29,1,8.3,8.9,8.6
E00273,P00800,Specialist,2025-09-06,2025-09-15,1,7.2,6.2,8.1
E00273,P00807,Specialist,2024-03-03,2024-03-04,1,6.1,6.5,7.6
E00273,P00812,Specialist,2023-01-29,2023-02-01,1,6.7,6.7,7.8
E00273,P00815,Specialist,2025-10-02,2025-10-17,1,6.2,6.2,7.6
E00273,P00821,Specialist,2024-01-01,2024-01-06,1,7.2,8.2,8.1
E00273,P00825,Specialist,2026-04-12,2026-04-19,1,9.0,9.7,9.0
E00273,P00826,Specialist,2025-04-17,2025-05-13,1,6.5,7.6,7.8
E00273,P00851,Specialist,2023-06-21,2023-07-02,1,7.0,6.0,8.0
E00273,P00858,Specialist,2025-07-25,2025-08-01,1,7.2,6.2,8.1
E00273,P00862,Specialist,2026-03-13,2026-03-21,1,7.0,7.7,8.0
E00274,P00003,Project Team Member,2026-03-17,2026-03-31,1,7.6,9.0,7.8
E00274,P00028,Project Team Member,2025-07-08,2025-07-17,1,7.0,8.0,7.5
E00274,P00071,Project Team Member,2023-10-19,2023-10-28,1,6.6,6.7,7.3
E00274,P00101,Project Team Member,2025-10-14,2025-10-17,1,7.1,7.7,7.6
E00274,P00136,Project Team Member,2024-11-28,2024-12-20,2,6.5,6.6,7.2
E00274,P00140,Project Team Member,2025-02-13,2025-02-17,1,5.5,5.1,6.8
E00274,P00164,Project Team Member,2024-04-10,2024-05-15,2,6.9,6.9,7.4
E00274,P00178,Project Team Member,2026-04-14,2026-04-29,1,5.8,5.9,6.9
E00274,P00234,Project Team Member,2024-07-01,2024-07-22,1,5.5,5.0,6.8
E00274,P00244,Project Team Member,2026-04-11,2026-03-02,1,7.0,6.0,7.5
E00274,P00270,Project Team Member,2024-02-24,2024-03-20,1,7.6,8.4,7.8
E00274,P00274,Project Team Member,2025-07-19,2025-07-31,1,5.5,5.0,6.8
E00274,P00336,Project Team Member,2025-03-22,2025-03-29,1,7.4,6.5,7.7
E00274,P00337,Project Team Member,2023-07-31,2023-08-08,1,7.4,8.8,7.7
E00274,P00355,Project Team Member,2023-05-01,2023-07-01,2,6.7,6.4,7.4
E00274,P00371,Project Team Member,2025-04-01,2025-04-08,1,5.5,5.0,6.8
E00274,P00373,Project Team Member,2025-07-03,2025-07-14,1,6.5,6.7,7.2
E00274,P00374,Project Team Member,2025-12-22,2026-01-01,1,8.0,9.3,8.0
E00274,P00417,Project Team Member,2024-08-12,2024-08-27,1,5.5,5.0,6.8
E00274,P00450,Project Team Member,2024-12-13,2024-12-23,1,8.0,9.3,8.0
E00274,P00491,Project Team Member,2024-11-01,2024-11-02,1,7.0,8.3,7.5
E00274,P00494,Project Team Member,2024-11-17,2024-12-01,1,8.7,9.3,8.4
E00274,P00498,Project Team Member,2026-01-10,2026-01-13,1,6.5,7.3,7.2
E00274,P00520,Project Team Member,2024-04-28,2024-05-12,1,6.3,6.4,7.2
E00274,P00546,Project Team Member,2024-11-17,2024-11-23,1,6.2,6.4,7.1
E00274,P00598,Project Team Member,2023-09-28,2023-09-30,1,8.0,9.3,8.0
E00274,P00663,Project Team Member,2025-07-10,2025-07-20,1,8.2,9.2,8.1
E00274,P00668,Project Team Member,2025-11-13,2026-02-07,2,6.8,6.6,7.4
E00274,P00669,Project Team Member,2024-10-28,2024-11-05,1,7.1,8.3,7.6
E00274,P00672,Project Team Member,2025-11-04,2025-11-19,1,7.6,8.6,7.8
E00274,P00688,Project Team Member,2023-08-06,2023-08-13,1,7.4,7.8,7.7
E00274,P00724,Project Team Member,2025-10-15,2025-11-07,1,6.4,6.5,7.2
E00274,P00743,Project Team Member,2023-09-22,2024-01-17,2,6.9,6.9,7.4
E00274,P00773,Project Team Member,2025-05-17,2025-05-31,1,7.1,8.5,7.6
E00274,P00792,Project Team Member,2023-11-06,2023-11-16,1,7.1,8.4,7.6
E00274,P00815,Project Team Member,2025-06-11,2025-07-02,1,6.1,6.5,7.0
E00274,P00816,Project Team Member,2025-11-18,2025-11-22,1,8.1,9.4,8.0
E00274,P00833,Project Team Member,2025-06-27,2025-07-01,1,6.5,7.8,7.2
E00274,P00841,Project Team Member,2024-02-19,2024-03-04,1,5.5,5.3,6.8
E00274,P00873,Project Team Member,2025-04-19,2025-05-04,1,5.5,5.0,6.8
E00274,P00894,Project Team Member,2025-07-25,2025-08-01,1,5.8,6.6,6.9
E00275,P00075,Project Team Member,2026-04-27,2026-05-03,1,5.5,5.0,6.4
E00275,P00101,Project Team Member,2025-03-30,2025-04-02,1,6.4,7.0,6.8
E00275,P00105,Project Team Member,2023-11-06,2023-11-30,1,6.7,7.3,7.0
E00275,P00161,Project Team Member,2025-10-13,2026-01-26,2,9.1,9.5,8.2
E00275,P00256,Project Team Member,2025-04-13,2025-04-28,1,8.0,8.9,7.6
E00275,P00280,Project Team Member,2025-01-01,2025-01-03,1,8.2,8.5,7.7
E00275,P00344,Project Team Member,2024-02-07,2024-02-08,1,5.5,5.3,6.4
E00275,P00357,Project Team Member,2023-05-26,2023-05-29,1,6.5,6.7,6.8
E00275,P00379,Project Team Member,2023-09-30,2023-10-19,1,7.0,7.9,7.1
E00275,P00388,Project Team Member,2023-09-18,2023-10-17,1,7.9,9.1,7.6
E00275,P00395,Project Team Member,2025-12-28,2026-01-07,1,6.2,6.2,6.7
E00275,P00419,Project Team Member,2023-11-27,2023-12-12,1,6.1,7.0,6.6
E00275,P00443,Project Team Member,2023-07-18,2023-08-01,1,5.5,5.4,6.4
E00275,P00458,Project Team Member,2026-02-22,2026-02-26,1,7.2,8.4,7.2
E00275,P00526,Project Team Member,2026-01-31,2026-02-11,1,7.4,8.4,7.3
E00275,P00527,Project Team Member,2024-03-29,2024-03-31,1,5.5,5.0,6.4
E00275,P00529,Project Team Member,2023-02-12,2023-02-22,1,6.5,6.8,6.8
E00275,P00586,Project Team Member,2026-03-17,2026-04-02,1,7.8,9.2,7.5
E00275,P00689,Project Team Member,2026-02-22,2026-03-06,1,6.8,6.9,7.0
E00275,P00719,Project Team Member,2025-12-01,2025-12-10,1,5.5,5.0,6.4
E00275,P00723,Project Team Member,2023-03-28,2023-04-08,1,5.5,5.0,6.4
E00275,P00786,Project Team Member,2025-09-25,2025-09-27,1,5.6,6.2,6.4
E00275,P00855,Project Team Member,2026-02-15,2026-03-02,1,5.8,5.0,6.5
E00276,P00091,Project Team Member,2026-01-09,2026-01-23,1,5.9,5.8,7.2
E00276,P00267,Project Team Member,2025-01-30,2025-02-03,1,6.0,6.6,7.2
E00276,P00375,Project Team Member,2025-03-11,2025-03-21,1,8.5,9.1,8.4
E00276,P00488,Project Team Member,2023-10-20,2023-11-02,1,5.7,5.2,7.0
E00276,P00523,Project Team Member,2025-10-15,2025-10-20,1,7.2,8.5,7.8
E00276,P00556,Project Team Member,2024-09-04,2024-09-07,1,6.7,7.9,7.6
E00276,P00583,Project Team Member,2026-03-25,2026-04-07,1,7.4,7.9,7.9
E00276,P00598,Project Team Member,2023-06-28,2023-06-30,1,6.6,6.5,7.5
E00276,P00618,Project Team Member,2023-06-21,2023-06-26,1,6.8,7.2,7.6
E00277,P00201,Contributor,2025-06-04,2025-06-16,1,5.7,5.9,7.0
E00277,P00235,Contributor,2024-04-16,2024-05-01,1,5.5,5.0,6.8
E00277,P00281,Contributor,2023-06-09,2023-06-20,1,5.5,5.0,6.8
E00277,P00619,Contributor,2024-07-26,2024-08-11,1,7.0,8.4,7.6
E00277,P00736,Contributor,2025-07-26,2025-08-09,1,5.5,5.0,6.8
E00277,P00759,Contributor,2026-03-11,2026-03-29,1,5.5,5.0,6.8
E00278,P00013,Contributor,2023-09-07,2023-09-12,1,8.7,9.1,8.0
E00278,P00050,Contributor,2025-08-30,2025-09-08,1,8.4,9.7,7.9
E00278,P00091,Contributor,2026-01-28,2026-02-05,1,7.3,8.6,7.4
E00278,P00241,Contributor,2025-01-10,2025-01-21,1,7.4,7.8,7.4
E00278,P00283,Contributor,2026-04-22,2026-04-27,1,8.2,9.2,7.8
E00278,P00293,Contributor,2024-08-16,2024-08-18,1,6.8,7.9,7.1
E00278,P00301,Contributor,2023-09-22,2023-10-06,1,7.2,7.9,7.3
E00278,P00318,Contributor,2024-06-18,2024-06-24,1,6.0,6.1,6.7
E00278,P00339,Contributor,2026-02-21,2026-02-27,1,5.7,6.0,6.6
E00278,P00342,Contributor,2026-03-15,2026-03-28,1,6.4,7.4,6.9
E00278,P00350,Contributor,2025-12-18,2025-12-20,1,8.0,9.3,7.7
E00278,P00451,Contributor,2025-05-31,2025-06-07,1,5.5,5.0,6.4
E00278,P00488,Contributor,2023-11-02,2023-11-08,1,5.5,5.0,6.4
E00278,P00512,Contributor,2024-06-06,2024-06-12,1,7.8,9.1,7.6
E00278,P00581,Contributor,2023-04-30,2023-05-19,1,8.0,9.4,7.7
E00278,P00616,Contributor,2025-02-03,2025-02-07,1,8.0,7.5,7.7
E00278,P00806,Contributor,2025-05-31,2025-06-11,1,6.6,7.8,7.0
E00278,P00811,Contributor,2024-03-31,2024-08-19,2,7.8,7.8,7.6
E00278,P00823,Contributor,2025-03-20,2025-04-08,1,5.9,6.8,6.6
E00278,P00824,Contributor,2023-06-19,2023-06-24,1,8.4,9.7,7.9
E00278,P00829,Contributor,2023-12-10,2023-12-17,1,6.2,6.6,6.8
E00278,P00880,Contributor,2026-02-16,2026-02-28,1,5.5,5.0,6.4
E00278,P00899,Contributor,2024-06-17,2024-06-21,1,7.0,7.6,7.2
E00279,P00002,Coordinator,2025-09-09,2025-09-19,1,5.5,5.0,6.8
E00279,P00018,Coordinator,2025-05-07,2025-05-09,1,8.0,9.3,8.0
E00279,P00062,Coordinator,2025-05-26,2025-07-11,2,6.4,6.5,7.2
E00279,P00095,Coordinator,2025-06-14,2025-06-21,1,5.5,5.0,6.8
E00279,P00104,Coordinator,2023-10-02,2023-10-10,1,8.6,8.9,8.3
E00279,P00106,Coordinator,2025-07-12,2026-03-06,2,6.6,6.4,7.3
E00279,P00127,Coordinator,2025-01-03,2025-01-10,1,7.9,9.2,8.0
E00279,P00146,Coordinator,2025-01-05,2025-01-13,1,7.8,9.1,7.9
E00279,P00167,Coordinator,2025-05-24,2025-05-29,1,5.5,5.0,6.8
E00279,P00168,Coordinator,2023-04-17,2023-04-28,1,5.5,5.0,6.8
E00279,P00170,Coordinator,2025-11-29,2025-12-11,1,7.7,9.0,7.8
E00279,P00173,Coordinator,2025-12-08,2025-12-20,1,5.5,5.0,6.8
E00279,P00190,Coordinator,2023-10-09,2023-10-19,1,7.9,9.2,8.0
E00279,P00197,Coordinator,2026-01-25,2026-02-01,1,5.5,5.0,6.8
E00279,P00203,Coordinator,2024-03-12,2024-03-19,1,5.5,5.0,6.8
E00279,P00223,Coordinator,2025-05-17,2025-05-19,1,5.5,5.0,6.8
E00279,P00231,Coordinator,2025-04-02,2025-04-12,1,5.7,6.0,6.8
E00279,P00234,Coordinator,2024-09-03,2024-09-25,1,5.8,5.3,6.9
E00279,P00238,Coordinator,2024-03-30,2024-04-14,1,6.4,7.1,7.2
E00279,P00241,Coordinator,2024-10-23,2024-11-02,1,6.2,6.9,7.1
E00279,P00245,Coordinator,2025-09-14,2025-09-27,1,5.5,5.0,6.8
E00279,P00249,Coordinator,2023-11-23,2024-01-31,2,6.0,5.5,7.0
E00279,P00254,Coordinator,2023-06-04,2023-06-12,1,8.0,9.3,8.0
E00279,P00265,Coordinator,2025-06-21,2025-06-29,1,6.7,8.0,7.4
E00279,P00289,Coordinator,2025-11-04,2025-11-28,1,6.9,8.2,7.4
E00279,P00302,Coordinator,2024-04-29,2024-05-13,1,6.7,6.6,7.4
E00279,P00304,Coordinator,2025-07-13,2025-07-25,1,7.2,7.8,7.6
E00279,P00321,Coordinator,2024-06-18,2024-06-28,1,7.5,8.4,7.8
E00279,P00374,Coordinator,2025-12-06,2025-12-12,1,8.2,8.6,8.1
E00279,P00376,Coordinator,2026-01-16,2026-01-27,1,7.5,8.5,7.8
E00279,P00379,Coordinator,2023-08-12,2023-08-17,1,6.5,6.7,7.2
E00279,P00388,Coordinator,2023-04-18,2023-04-20,1,8.7,9.4,8.4
E00279,P00391,Coordinator,2024-03-17,2024-03-25,1,5.5,5.0,6.8
E00279,P00403,Coordinator,2024-06-23,2024-07-03,1,8.0,9.3,8.0
E00279,P00418,Coordinator,2023-02-11,2023-02-25,1,5.5,5.2,6.8
E00279,P00447,Coordinator,2023-11-19,2023-11-23,1,7.2,6.5,7.6
E00279,P00448,Coordinator,2024-08-19,2024-09-15,1,8.0,9.3,8.0
E00279,P00514,Coordinator,2024-11-07,2024-11-11,1,6.8,7.9,7.4
E00279,P00517,Coordinator,2024-04-06,2024-04-19,1,5.5,5.0,6.8
E00279,P00519,Coordinator,2026-02-13,2026-03-01,1,5.5,6.1,6.8
E00279,P00526,Coordinator,2026-02-16,2026-02-26,1,6.7,7.0,7.4
E00279,P00540,Coordinator,2024-10-15,2024-11-02,1,5.8,5.8,6.9
E00279,P00575,Coordinator,2025-01-05,2025-01-13,1,6.1,5.1,7.0
E00279,P00578,Coordinator,2026-03-24,2026-04-02,1,5.5,5.0,6.8
E00279,P00600,Coordinator,2025-06-16,2025-06-23,1,5.5,5.0,6.8
E00279,P00605,Coordinator,2026-03-11,2026-03-28,1,5.9,5.2,7.0
E00279,P00612,Coordinator,2023-12-04,2023-12-08,1,8.7,9.7,8.4
E00279,P00613,Coordinator,2026-03-30,2026-04-01,1,7.6,8.9,7.8
E00279,P00625,Coordinator,2025-08-06,2025-08-10,1,5.5,5.1,6.8
E00279,P00627,Coordinator,2024-03-18,2024-03-23,1,7.5,8.8,7.8
E00279,P00639,Coordinator,2023-12-01,2023-12-08,1,6.6,7.9,7.3
E00279,P00646,Coordinator,2024-05-13,2024-07-15,2,6.3,5.9,7.2
E00279,P00649,Coordinator,2024-04-24,2024-04-30,1,7.5,8.0,7.8
E00279,P00668,Coordinator,2025-11-26,2025-12-02,1,7.5,8.8,7.8
E00279,P00675,Coordinator,2024-02-11,2024-02-20,1,6.0,5.6,7.0
E00279,P00681,Coordinator,2026-01-16,2026-01-22,1,7.8,9.1,7.9
E00279,P00699,Coordinator,2025-01-10,2025-01-15,1,7.1,8.5,7.6
E00279,P00794,Coordinator,2025-03-28,2025-03-31,1,6.2,6.2,7.1
E00279,P00807,Coordinator,2023-05-22,2023-06-21,1,6.9,8.1,7.4
E00279,P00843,Coordinator,2024-11-08,2024-11-26,1,5.5,5.1,6.8
E00279,P00845,Coordinator,2026-04-26,2026-05-01,1,7.1,7.9,7.6
E00279,P00846,Coordinator,2023-09-05,2023-09-08,1,6.8,7.9,7.4
E00279,P00848,Coordinator,2025-11-26,2025-12-01,1,7.4,8.3,7.7
E00279,P00862,Coordinator,2026-03-24,2026-03-27,1,8.1,9.1,8.0
E00279,P00864,Coordinator,2024-04-07,2024-04-13,1,5.5,5.0,6.8
E00279,P00872,Coordinator,2023-08-01,2023-08-15,1,6.7,7.2,7.4
E00280,P00024,Contributor,2024-02-28,2024-03-11,1,5.5,5.0,6.6
E00280,P00041,Contributor,2026-01-23,2026-01-27,1,5.5,5.0,6.6
E00280,P00075,Contributor,2026-04-27,2026-05-18,1,5.5,5.0,6.6
E00280,P00090,Contributor,2026-01-03,2026-01-09,1,7.0,8.4,7.3
E00280,P00094,Contributor,2026-04-15,2026-04-22,1,6.5,5.5,7.0
E00280,P00135,Contributor,2024-03-03,2024-03-12,1,7.3,8.7,7.4
E00280,P00161,Contributor,2026-01-22,2026-02-10,1,7.1,7.8,7.4
E00280,P00180,Contributor,2025-09-05,2025-09-08,1,5.5,5.0,6.6
E00280,P00211,Contributor,2025-08-08,2025-08-16,1,7.0,8.4,7.3
E00280,P00230,Contributor,2025-07-29,2025-08-08,1,6.5,7.2,7.0
E00280,P00232,Contributor,2023-09-04,2023-09-12,1,8.5,8.6,8.0
E00280,P00278,Contributor,2023-12-16,2024-03-05,2,7.3,7.9,7.4
E00280,P00282,Contributor,2023-08-31,2023-09-25,1,8.6,9.5,8.1
E00280,P00286,Contributor,2026-01-23,2026-01-25,1,5.6,6.4,6.6
E00280,P00302,Contributor,2024-03-06,2024-03-09,1,7.3,8.0,7.4
E00280,P00352,Contributor,2023-03-19,2023-03-29,1,7.2,7.7,7.4
E00280,P00361,Contributor,2025-05-29,2025-05-31,1,5.5,5.0,6.6
E00280,P00454,Contributor,2024-02-15,2024-02-21,1,5.5,5.2,6.6
E00280,P00463,Contributor,2026-04-28,2026-02-19,1,8.0,9.3,7.8
E00280,P00477,Contributor,2026-03-18,2026-03-21,1,7.5,8.4,7.6
E00280,P00479,Contributor,2025-07-01,2025-07-06,1,6.3,6.7,7.0
E00280,P00495,Contributor,2025-06-19,2025-07-15,1,6.5,6.7,7.0
E00280,P00503,Contributor,2023-08-29,2023-09-07,1,5.9,5.9,6.8
E00280,P00563,Contributor,2023-08-25,2023-08-27,1,7.4,8.3,7.5
E00280,P00568,Contributor,2024-08-04,2024-08-19,1,5.5,5.0,6.6
E00280,P00591,Contributor,2023-09-08,2023-09-12,1,7.3,8.2,7.4
E00280,P00623,Contributor,2024-02-14,2024-02-28,1,7.1,8.5,7.4
E00280,P00633,Contributor,2026-03-22,2026-04-01,1,5.9,5.2,6.8
E00280,P00647,Contributor,2025-04-12,2025-06-15,2,5.8,5.6,6.7
E00280,P00653,Contributor,2026-03-05,2026-03-14,1,6.2,7.2,6.9
E00280,P00655,Contributor,2026-03-03,2026-03-12,1,5.5,5.0,6.6
E00280,P00678,Contributor,2025-06-04,2025-06-24,1,5.5,5.0,6.6
E00280,P00683,Contributor,2024-12-23,2024-12-25,1,6.9,8.2,7.2
E00280,P00748,Contributor,2025-12-29,2026-01-04,1,8.8,9.7,8.2
E00280,P00809,Contributor,2025-09-07,2025-09-11,1,5.5,5.0,6.6
E00280,P00863,Contributor,2025-09-06,2025-09-20,1,5.5,5.0,6.6
E00280,P00881,Contributor,2024-01-04,2024-01-11,1,6.2,6.1,6.9
E00280,P00900,Contributor,2026-03-10,2026-03-17,1,6.7,8.1,7.2
E00281,P00023,Project Team Member,2025-01-30,2025-02-11,1,6.3,7.0,7.2
E00281,P00030,Project Team Member,2024-03-21,2024-04-05,1,6.3,6.5,7.2
E00281,P00084,Project Team Member,2023-03-19,2023-03-26,1,6.7,8.0,7.4
E00281,P00098,Project Team Member,2024-09-18,2024-09-21,1,7.4,7.4,7.8
E00281,P00127,Project Team Member,2025-11-07,2025-11-07,1,7.2,6.2,7.7
E00281,P00271,Project Team Member,2024-03-17,2024-03-23,1,5.5,5.0,6.8
E00281,P00310,Project Team Member,2023-03-05,2023-03-07,1,5.6,6.1,6.9
E00281,P00334,Project Team Member,2025-03-20,2025-03-22,1,9.5,9.7,8.8
E00281,P00358,Project Team Member,2025-04-15,2025-04-27,1,7.2,7.5,7.7
E00281,P00369,Project Team Member,2024-03-11,2024-03-21,1,8.4,9.7,8.3
E00281,P00381,Project Team Member,2025-07-03,2026-01-07,2,6.7,6.2,7.4
E00281,P00408,Project Team Member,2023-08-17,2023-09-08,1,8.4,9.3,8.3
E00281,P00433,Project Team Member,2024-11-21,2024-11-25,1,5.5,5.0,6.8
E00281,P00516,Project Team Member,2024-04-14,2024-04-21,1,7.0,8.3,7.6
E00281,P00605,Project Team Member,2025-09-29,2025-10-13,1,5.5,5.0,6.8
E00281,P00649,Project Team Member,2024-02-02,2024-02-07,1,8.0,9.3,8.1
E00281,P00673,Project Team Member,2024-03-26,2024-04-03,1,5.5,5.0,6.8
E00281,P00677,Project Team Member,2025-01-15,2025-02-10,1,6.6,7.5,7.4
E00281,P00690,Project Team Member,2024-12-28,2025-01-04,1,7.6,8.3,7.9
E00281,P00715,Project Team Member,2025-12-22,2025-12-28,1,6.9,7.7,7.6
E00281,P00726,Project Team Member,2025-02-20,2025-03-04,1,6.5,6.7,7.4
E00281,P00747,Project Team Member,2023-12-29,2024-01-11,1,5.5,5.0,6.8
E00281,P00774,Project Team Member,2025-02-24,2025-03-11,1,5.5,5.0,6.8
E00281,P00803,Project Team Member,2026-03-19,2026-02-25,1,8.0,9.4,8.1
E00281,P00818,Project Team Member,2023-11-16,2023-11-28,2,7.9,8.3,8.0
E00281,P00822,Project Team Member,2025-09-14,2025-09-22,1,6.2,7.5,7.2
E00281,P00832,Project Team Member,2025-12-22,2025-12-26,1,7.5,6.8,7.8
E00281,P00846,Project Team Member,2023-07-31,2023-08-13,1,7.2,8.1,7.7
E00281,P00859,Project Team Member,2026-04-06,2026-03-13,1,6.2,7.4,7.2
E00282,P00011,Project Team Member,2024-06-15,2024-06-19,1,5.5,5.0,7.0
E00282,P00014,Project Team Member,2024-10-29,2024-11-07,1,6.7,7.5,7.6
E00282,P00022,Project Team Member,2025-03-13,2025-03-18,1,7.5,6.7,8.0
E00282,P00034,Project Team Member,2024-01-27,2024-02-05,1,6.9,8.0,7.8
E00282,P00045,Project Team Member,2023-07-28,2023-08-13,1,7.4,8.4,8.0
E00282,P00064,Project Team Member,2025-07-19,2025-07-25,1,7.7,8.9,8.2
E00282,P00070,Project Team Member,2023-08-08,2023-08-21,1,6.6,8.0,7.6
E00282,P00086,Project Team Member,2024-11-08,2024-11-18,1,6.5,7.2,7.6
E00282,P00091,Project Team Member,2026-02-07,2026-02-13,1,8.2,8.0,8.4
E00282,P00108,Project Team Member,2024-11-22,2024-12-03,1,6.9,7.5,7.8
E00282,P00121,Project Team Member,2024-05-19,2024-05-21,1,8.0,9.3,8.3
E00282,P00154,Project Team Member,2024-07-03,2024-07-11,1,5.5,5.0,7.0
E00282,P00167,Project Team Member,2025-05-03,2025-05-16,1,6.8,7.7,7.7
E00282,P00169,Project Team Member,2023-11-05,2023-11-13,1,5.8,6.2,7.2
E00282,P00175,Project Team Member,2023-10-17,2023-10-30,1,6.9,7.5,7.8
E00282,P00189,Project Team Member,2024-08-07,2024-08-25,1,7.1,8.4,7.8
E00282,P00204,Project Team Member,2025-10-22,2025-11-03,1,7.2,6.2,7.9
E00282,P00219,Project Team Member,2024-04-27,2024-05-07,1,7.4,8.4,8.0
E00282,P00224,Project Team Member,2024-05-17,2024-05-29,1,6.2,7.1,7.4
E00282,P00238,Project Team Member,2024-02-27,2024-03-25,1,7.6,7.0,8.1
E00282,P00252,Project Team Member,2025-04-21,2025-04-30,1,5.5,5.0,7.0
E00282,P00256,Project Team Member,2025-07-21,2025-07-26,1,5.8,6.0,7.2
E00282,P00263,Project Team Member,2024-02-19,2024-02-21,1,7.8,7.6,8.2
E00282,P00271,Project Team Member,2024-06-20,2024-06-25,1,5.9,5.2,7.2
E00282,P00276,Project Team Member,2024-10-23,2024-10-26,1,8.2,9.5,8.4
E00282,P00293,Project Team Member,2024-07-20,2024-09-03,2,7.5,8.3,8.0
E00282,P00337,Project Team Member,2023-07-21,2023-08-16,1,6.5,6.6,7.6
E00282,P00338,Project Team Member,2024-02-20,2024-02-26,1,9.7,9.7,9.1
E00282,P00339,Project Team Member,2026-02-18,2026-03-11,1,6.9,7.5,7.8
E00282,P00340,Project Team Member,2024-04-29,2024-05-08,1,6.4,6.6,7.5
E00282,P00350,Project Team Member,2025-08-10,2025-08-29,1,7.5,8.5,8.0
E00282,P00361,Project Team Member,2024-08-27,2024-09-03,1,6.3,5.8,7.4
E00282,P00371,Project Team Member,2025-04-17,2025-04-23,1,7.8,9.1,8.2
E00282,P00378,Project Team Member,2024-05-22,2024-05-25,1,8.0,9.4,8.3
E00282,P00384,Project Team Member,2025-02-18,2025-03-17,1,6.5,7.4,7.6
E00282,P00397,Project Team Member,2023-07-21,2023-07-24,1,6.0,6.4,7.3
E00282,P00516,Project Team Member,2024-05-30,2024-06-11,1,7.2,6.2,7.9
E00282,P00522,Project Team Member,2025-08-12,2025-08-22,1,5.5,5.0,7.0
E00282,P00549,Project Team Member,2025-09-15,2025-09-25,1,7.0,8.2,7.8
E00282,P00568,Project Team Member,2024-08-10,2024-08-13,1,7.8,9.0,8.2
E00282,P00578,Project Team Member,2026-03-12,2026-03-23,2,5.5,5.0,7.0
E00282,P00583,Project Team Member,2026-03-23,2026-04-10,1,6.7,8.0,7.6
E00282,P00645,Project Team Member,2024-10-21,2024-10-27,1,5.5,5.0,7.0
E00282,P00648,Project Team Member,2025-05-18,2025-05-31,1,5.5,5.0,7.0
E00282,P00659,Project Team Member,2023-11-29,2023-12-01,1,7.8,7.2,8.2
E00282,P00675,Project Team Member,2023-06-27,2023-07-02,1,5.5,5.0,7.0
E00282,P00728,Project Team Member,2024-06-29,2024-07-03,1,5.5,5.0,7.0
E00282,P00738,Project Team Member,2024-05-09,2024-05-19,1,5.9,5.5,7.2
E00282,P00768,Project Team Member,2024-02-20,2024-03-02,1,5.5,5.0,7.0
E00282,P00814,Project Team Member,2024-10-30,2024-11-06,1,8.6,8.8,8.6
E00282,P00828,Project Team Member,2025-08-14,2025-09-13,1,5.9,5.9,7.2
E00282,P00838,Project Team Member,2024-07-21,2024-08-05,1,6.4,5.4,7.5
E00282,P00846,Project Team Member,2023-08-15,2023-08-23,1,5.8,5.4,7.2
E00282,P00898,Project Team Member,2024-09-09,2024-09-24,1,5.5,5.0,7.0
E00283,P00029,Project Team Member,2025-11-11,2025-11-20,1,5.5,5.0,7.4
E00283,P00080,Project Team Member,2026-01-24,2026-02-23,1,5.5,5.0,7.4
E00283,P00102,Project Team Member,2024-02-16,2024-03-02,1,6.6,5.9,8.0
E00283,P00123,Project Team Member,2024-12-22,2025-01-03,1,7.1,7.8,8.2
E00283,P00136,Project Team Member,2024-11-18,2024-11-26,1,8.0,8.8,8.7
E00283,P00144,Project Team Member,2024-02-02,2024-02-24,1,7.9,8.0,8.6
E00283,P00161,Project Team Member,2026-02-07,2026-02-14,1,5.5,5.6,7.4
E00283,P00179,Project Team Member,2026-03-03,2026-03-05,1,5.9,6.1,7.6
E00283,P00185,Project Team Member,2026-03-24,2026-04-05,1,6.6,7.5,8.0
E00283,P00197,Project Team Member,2026-02-08,2026-02-15,1,8.4,9.2,8.9
E00283,P00239,Project Team Member,2024-07-23,2024-08-05,1,5.5,5.0,7.4
E00283,P00255,Project Team Member,2025-02-09,2025-02-13,1,5.5,5.0,7.4
E00283,P00262,Project Team Member,2024-10-07,2024-10-14,1,7.1,8.4,8.2
E00283,P00267,Project Team Member,2025-06-23,2025-06-29,1,6.3,6.4,7.8
E00283,P00276,Project Team Member,2025-06-06,2025-06-20,1,7.1,7.7,8.2
E00283,P00279,Project Team Member,2025-12-02,2025-12-16,1,7.5,8.8,8.4
E00283,P00314,Project Team Member,2025-05-19,2025-05-22,1,7.5,8.9,8.4
E00283,P00326,Project Team Member,2026-04-21,2026-04-30,1,6.4,7.8,7.9
E00283,P00383,Project Team Member,2023-11-02,2023-11-07,1,8.0,8.5,8.7
E00283,P00399,Project Team Member,2024-10-15,2024-10-25,1,5.9,5.9,7.6
E00283,P00425,Project Team Member,2026-02-23,2026-04-01,2,8.3,8.6,8.9
E00283,P00441,Project Team Member,2026-03-22,2026-03-26,1,6.5,6.3,8.0
E00283,P00443,Project Team Member,2023-04-21,2023-04-27,1,5.9,5.2,7.6
E00283,P00444,Project Team Member,2024-05-17,2024-05-29,1,7.7,8.8,8.6
E00283,P00463,Project Team Member,2026-04-28,2026-02-19,1,5.8,6.5,7.6
E00283,P00473,Project Team Member,2025-10-22,2025-10-29,1,6.1,6.7,7.8
E00283,P00500,Project Team Member,2023-06-08,2023-06-13,1,6.4,6.6,7.9
E00283,P00508,Project Team Member,2024-06-12,2024-06-27,1,6.7,7.0,8.0
E00283,P00526,Project Team Member,2025-11-01,2025-11-03,1,8.4,9.7,8.9
E00283,P00538,Project Team Member,2025-08-07,2025-08-12,1,6.7,6.7,8.0
E00283,P00561,Project Team Member,2024-05-06,2024-05-19,1,7.0,7.9,8.2
E00283,P00580,Project Team Member,2025-09-11,2025-09-21,1,8.0,8.1,8.7
E00283,P00594,Project Team Member,2024-06-05,2024-06-12,1,7.8,8.8,8.6
E00283,P00699,Project Team Member,2024-07-18,2024-07-22,1,5.5,5.0,7.4
E00283,P00721,Project Team Member,2026-02-23,2026-03-11,1,7.4,8.3,8.4
E00283,P00730,Project Team Member,2026-02-14,2026-02-19,1,5.5,5.0,7.4
E00283,P00750,Project Team Member,2026-01-12,2026-01-16,1,7.8,9.0,8.6
E00283,P00753,Project Team Member,2023-06-21,2023-07-07,1,8.1,8.8,8.8
E00283,P00782,Project Team Member,2025-08-28,2025-09-07,1,6.2,6.1,7.8
E00283,P00791,Project Team Member,2025-07-24,2025-07-29,1,7.6,8.1,8.5
E00283,P00804,Project Team Member,2024-06-14,2024-06-20,1,6.8,8.0,8.1
E00283,P00807,Project Team Member,2023-04-19,2023-09-14,2,6.9,7.5,8.2
E00283,P00825,Project Team Member,2026-04-12,2026-04-20,1,7.1,8.2,8.2
E00283,P00831,Project Team Member,2026-01-08,2026-01-12,1,5.7,5.9,7.6
E00283,P00893,Project Team Member,2025-12-11,2025-12-29,1,6.2,7.1,7.8
E00284,P00003,Project Team Member,2026-03-09,2026-03-23,1,7.0,7.9,6.9
E00284,P00023,Project Team Member,2024-02-20,2024-03-16,1,5.5,5.0,6.2
E00284,P00096,Project Team Member,2025-11-02,2025-11-08,1,9.7,9.7,8.2
E00284,P00152,Project Team Member,2026-01-17,2026-01-27,1,6.8,7.7,6.8
E00284,P00167,Project Team Member,2025-02-19,2025-02-27,1,7.2,7.9,7.0
E00284,P00243,Project Team Member,2025-06-23,2025-06-30,1,7.7,9.1,7.2
E00284,P00249,Project Team Member,2023-09-10,2023-09-18,1,6.8,8.1,6.8
E00284,P00265,Project Team Member,2025-05-24,2025-06-05,1,7.4,8.4,7.1
E00284,P00296,Project Team Member,2025-02-27,2025-03-05,1,5.5,6.1,6.2
E00284,P00314,Project Team Member,2025-08-12,2025-08-15,1,7.8,9.1,7.3
E00284,P00316,Project Team Member,2023-05-11,2023-05-13,1,5.5,5.0,6.2
E00284,P00414,Project Team Member,2026-02-08,2026-02-19,1,5.6,5.8,6.2
E00284,P00460,Project Team Member,2025-11-11,2025-11-25,1,5.9,5.2,6.4
E00284,P00504,Project Team Member,2023-05-04,2023-05-09,1,7.1,7.9,7.0
E00284,P00541,Project Team Member,2024-10-27,2024-10-29,1,5.6,5.5,6.2
E00284,P00553,Project Team Member,2025-03-27,2025-03-31,1,5.5,5.0,6.2
E00284,P00563,Project Team Member,2024-01-28,2024-02-17,1,7.6,8.3,7.2
E00284,P00566,Project Team Member,2025-12-21,2026-01-14,1,7.4,8.5,7.1
E00284,P00587,Project Team Member,2024-01-26,2024-01-29,1,5.5,5.0,6.2
E00284,P00631,Project Team Member,2024-05-24,2024-06-02,1,7.1,7.8,7.0
E00284,P00648,Project Team Member,2026-01-13,2026-01-19,1,8.0,9.4,7.4
E00284,P00699,Project Team Member,2024-06-11,2024-07-09,1,6.7,5.7,6.8
E00284,P00702,Project Team Member,2024-12-24,2025-01-04,1,5.5,5.0,6.2
E00284,P00774,Project Team Member,2024-09-23,2024-12-16,2,8.7,9.5,7.8
E00284,P00807,Project Team Member,2023-10-08,2023-10-13,1,6.0,6.8,6.4
E00284,P00813,Project Team Member,2024-03-25,2024-03-29,1,7.7,8.3,7.2
E00284,P00828,Project Team Member,2026-02-10,2026-02-21,1,6.3,6.4,6.6
E00285,P00032,Contributor,2024-11-09,2024-11-11,1,6.8,7.1,8.4
E00285,P00039,Contributor,2023-02-19,2023-03-04,1,9.4,9.7,9.7
E00285,P00052,Contributor,2023-08-10,2023-08-16,1,5.5,5.0,7.8
E00285,P00105,Contributor,2023-12-26,2024-01-07,1,6.1,6.3,8.0
E00285,P00163,Contributor,2024-09-14,2024-09-21,1,8.0,9.3,9.0
E00285,P00171,Contributor,2024-04-14,2024-04-20,1,6.2,7.1,8.1
E00285,P00180,Contributor,2025-04-27,2025-04-29,1,5.9,5.2,8.0
E00285,P00306,Contributor,2025-06-19,2025-06-29,1,7.2,7.9,8.6
E00285,P00307,Contributor,2024-04-15,2024-04-17,1,6.4,7.5,8.2
E00285,P00323,Contributor,2026-02-05,2026-02-20,1,7.2,6.2,8.6
E00285,P00326,Contributor,2026-04-21,2026-05-01,1,8.0,9.3,9.0
E00285,P00328,Contributor,2025-06-17,2025-06-19,1,7.3,8.1,8.6
E00285,P00361,Contributor,2025-01-12,2025-01-18,1,6.0,6.1,8.0
E00285,P00371,Contributor,2025-03-18,2025-04-01,1,5.5,5.0,7.8
E00285,P00394,Contributor,2024-04-23,2024-04-28,1,9.5,9.7,9.8
E00285,P00405,Contributor,2025-04-11,2025-04-22,1,6.1,6.0,8.0
E00285,P00414,Contributor,2026-03-09,2026-03-24,1,7.4,8.4,8.7
E00285,P00424,Contributor,2024-06-21,2024-06-30,1,5.5,5.0,7.8
E00285,P00483,Contributor,2025-02-18,2025-02-28,1,5.5,5.0,7.8
E00285,P00521,Contributor,2023-07-03,2023-07-27,1,6.9,7.5,8.4
E00285,P00534,Contributor,2024-11-26,2024-11-28,1,5.5,5.5,7.8
E00285,P00545,Contributor,2025-01-02,2025-01-13,1,6.8,5.8,8.4
E00285,P00562,Contributor,2026-04-12,2026-04-15,1,7.3,8.6,8.6
E00285,P00563,Contributor,2023-08-13,2023-08-22,1,5.5,5.0,7.8
E00285,P00574,Contributor,2024-12-25,2024-12-31,1,7.4,8.8,8.7
E00285,P00596,Contributor,2024-11-21,2024-12-05,1,8.0,9.3,9.0
E00285,P00610,Contributor,2024-03-19,2024-04-06,1,7.4,8.2,8.7
E00285,P00671,Contributor,2023-10-24,2023-10-31,1,5.5,5.0,7.8
E00285,P00689,Contributor,2026-03-13,2026-03-14,1,6.0,5.8,8.0
E00285,P00690,Contributor,2024-09-17,2024-09-19,1,5.5,5.0,7.8
E00285,P00712,Contributor,2026-03-21,2026-04-01,1,6.6,6.9,8.3
E00285,P00829,Contributor,2023-10-04,2023-10-08,1,5.5,5.5,7.8
E00285,P00865,Contributor,2023-01-21,2023-01-27,1,6.2,5.2,8.1
E00285,P00866,Contributor,2024-10-19,2024-10-30,1,8.2,9.2,9.1
E00285,P00873,Contributor,2025-08-27,2025-09-01,1,5.5,5.0,7.8
E00286,P00007,Project Team Member,2025-03-16,2025-04-02,1,5.5,5.0,5.8
E00286,P00022,Project Team Member,2025-04-05,2025-04-08,1,7.7,7.5,7.0
E00286,P00039,Project Team Member,2023-05-20,2023-06-08,1,8.3,8.2,7.2
E00286,P00159,Project Team Member,2025-10-29,2025-11-01,1,5.7,5.4,6.0
E00286,P00167,Project Team Member,2025-07-24,2025-08-02,1,6.1,6.9,6.2
E00286,P00176,Project Team Member,2024-12-24,2024-12-29,1,7.4,7.0,6.8
E00286,P00189,Project Team Member,2025-01-20,2025-02-10,1,6.2,5.6,6.2
E00286,P00191,Project Team Member,2025-08-30,2025-09-11,1,7.1,8.5,6.6
E00286,P00196,Project Team Member,2025-09-22,2025-10-01,1,7.0,7.5,6.6
E00286,P00228,Project Team Member,2023-08-12,2023-08-17,1,6.0,6.3,6.1
E00286,P00256,Project Team Member,2026-01-16,2026-01-27,1,7.6,7.6,6.9
E00286,P00291,Project Team Member,2024-09-16,2024-09-20,1,8.5,8.6,7.4
E00286,P00303,Project Team Member,2023-08-13,2023-08-28,1,5.5,5.0,5.8
E00286,P00330,Project Team Member,2025-07-18,2025-07-21,1,6.8,8.1,6.5
E00286,P00337,Project Team Member,2023-07-16,2023-07-29,1,7.2,8.0,6.7
E00286,P00338,Project Team Member,2023-12-05,2023-12-11,1,7.4,8.3,6.8
E00286,P00434,Project Team Member,2025-01-12,2025-01-21,1,7.8,8.3,7.0
E00286,P00453,Project Team Member,2025-09-16,2025-09-20,1,7.3,8.1,6.8
E00286,P00460,Project Team Member,2025-09-05,2025-09-17,1,5.5,5.0,5.8
E00286,P00470,Project Team Member,2024-02-15,2024-02-26,1,7.1,7.6,6.6
E00286,P00480,Project Team Member,2024-02-13,2024-02-15,1,7.8,9.1,7.0
E00286,P00513,Project Team Member,2025-09-03,2025-09-08,1,6.6,7.5,6.4
E00286,P00569,Project Team Member,2025-12-30,2026-01-02,1,5.9,6.1,6.1
E00286,P00622,Project Team Member,2024-10-19,2024-10-26,1,6.0,5.8,6.1
E00286,P00628,Project Team Member,2024-03-09,2024-03-24,1,5.8,5.6,6.0
E00286,P00639,Project Team Member,2024-04-24,2024-04-26,1,7.0,6.5,6.6
E00286,P00649,Project Team Member,2024-01-22,2024-01-27,1,6.7,6.6,6.4
E00286,P00655,Project Team Member,2026-03-13,2026-03-15,1,5.9,5.6,6.1
E00286,P00677,Project Team Member,2025-08-09,2025-08-14,1,6.3,6.3,6.2
E00286,P00690,Project Team Member,2024-10-15,2024-10-30,1,8.0,9.4,7.1
E00286,P00740,Project Team Member,2026-03-24,2026-04-03,1,5.5,5.0,5.8
E00286,P00747,Project Team Member,2024-01-04,2024-01-10,1,7.4,7.9,6.8
E00286,P00813,Project Team Member,2024-04-21,2024-10-18,2,6.9,6.7,6.6
E00286,P00832,Project Team Member,2026-01-22,2026-02-03,1,5.8,6.4,6.0
E00286,P00865,Project Team Member,2023-05-12,2023-05-24,1,5.5,5.0,5.8
E00286,P00886,Project Team Member,2026-04-05,2026-03-05,1,8.4,9.6,7.3
E00287,P00031,Project Team Member,2023-07-10,2023-07-12,1,5.7,5.6,6.8
E00287,P00053,Project Team Member,2025-01-18,2025-02-02,1,5.5,5.0,6.6
E00287,P00079,Project Team Member,2023-10-04,2024-04-28,2,7.4,7.3,7.6
E00287,P00092,Project Team Member,2026-04-26,2026-05-11,1,7.9,9.2,7.8
E00287,P00094,Project Team Member,2026-04-15,2026-04-22,1,7.2,8.1,7.5
E00287,P00115,Project Team Member,2025-01-14,2025-01-16,1,5.5,5.0,6.6
E00287,P00138,Project Team Member,2025-01-26,2025-02-18,1,5.7,5.0,6.8
E00287,P00141,Project Team Member,2026-01-30,2026-02-06,1,6.2,6.9,7.0
E00287,P00165,Project Team Member,2023-03-21,2023-03-29,1,5.5,5.0,6.6
E00287,P00183,Project Team Member,2023-09-30,2023-10-14,1,5.5,5.0,6.6
E00287,P00232,Project Team Member,2023-08-30,2023-09-05,1,7.4,7.9,7.6
E00287,P00244,Project Team Member,2026-04-11,2026-03-02,1,6.2,6.0,7.0
E00287,P00245,Project Team Member,2025-08-26,2025-08-28,1,7.2,8.2,7.5
E00287,P00251,Project Team Member,2026-02-18,2026-03-05,1,9.5,9.7,8.6
E00287,P00263,Project Team Member,2024-01-03,2024-01-06,1,6.6,6.8,7.2
E00287,P00273,Project Team Member,2026-03-25,2026-03-27,1,7.7,8.4,7.8
E00287,P00297,Project Team Member,2025-04-12,2025-05-09,1,6.0,6.5,6.9
E00287,P00308,Project Team Member,2024-08-26,2024-09-21,1,5.5,5.0,6.6
E00287,P00320,Project Team Member,2025-04-17,2025-05-15,1,6.8,7.8,7.3
E00287,P00321,Project Team Member,2023-07-11,2023-07-21,1,5.5,5.0,6.6
E00287,P00322,Project Team Member,2025-02-18,2025-03-01,1,5.8,6.3,6.8
E00287,P00344,Project Team Member,2024-02-02,2024-02-08,1,6.5,5.5,7.2
E00287,P00359,Project Team Member,2026-01-12,2026-02-11,1,7.2,8.0,7.5
E00287,P00363,Project Team Member,2026-03-07,2026-02-23,1,7.0,7.6,7.4
E00287,P00367,Project Team Member,2025-04-25,2025-05-01,1,5.5,5.0,6.6
E00287,P00379,Project Team Member,2023-09-07,2023-11-02,2,6.3,5.5,7.0
E00287,P00390,Project Team Member,2025-05-06,2025-05-10,1,5.5,5.0,6.6
E00287,P00452,Project Team Member,2023-09-07,2023-11-03,2,6.2,5.9,7.0
E00287,P00471,Project Team Member,2023-07-31,2023-08-06,1,5.5,6.1,6.6
E00287,P00489,Project Team Member,2024-09-06,2024-09-10,1,5.5,5.0,6.6
E00287,P00492,Project Team Member,2024-08-25,2024-09-01,1,9.0,9.6,8.4
E00287,P00494,Project Team Member,2023-12-20,2024-10-27,2,7.1,7.5,7.4
E00287,P00497,Project Team Member,2023-10-31,2023-11-12,1,6.6,6.7,7.2
E00287,P00501,Project Team Member,2025-02-02,2025-02-09,1,5.6,5.0,6.7
E00287,P00556,Project Team Member,2024-07-29,2024-08-13,1,7.4,8.3,7.6
E00287,P00562,Project Team Member,2026-04-12,2026-04-18,1,7.5,8.9,7.6
E00287,P00600,Project Team Member,2025-08-03,2025-08-17,1,6.8,8.1,7.3
E00287,P00637,Project Team Member,2024-11-17,2024-11-25,1,5.6,5.0,6.7
E00287,P00642,Project Team Member,2025-05-27,2025-05-28,1,7.0,7.6,7.4
E00287,P00654,Project Team Member,2026-03-22,2026-04-06,1,6.8,7.3,7.3
E00287,P00657,Project Team Member,2026-02-18,2026-03-03,1,7.6,8.8,7.7
E00287,P00687,Project Team Member,2024-08-28,2024-09-17,1,5.5,5.0,6.6
E00287,P00693,Project Team Member,2025-01-10,2025-01-18,1,5.5,5.3,6.6
E00287,P00736,Project Team Member,2025-11-16,2025-11-23,1,9.5,9.7,8.6
E00287,P00796,Project Team Member,2025-12-27,2026-01-01,1,8.3,9.2,8.0
E00287,P00801,Project Team Member,2024-02-20,2024-03-21,1,5.5,5.1,6.6
E00287,P00812,Project Team Member,2023-07-03,2023-07-06,1,6.4,6.1,7.1
E00287,P00820,Project Team Member,2023-12-01,2023-12-14,1,9.2,9.7,8.5
E00287,P00831,Project Team Member,2025-10-08,2025-10-27,1,6.8,8.1,7.3
E00287,P00858,Project Team Member,2025-06-26,2025-07-03,1,5.5,5.0,6.6
E00287,P00861,Project Team Member,2025-12-30,2026-01-05,1,6.2,6.9,7.0
E00287,P00868,Project Team Member,2025-07-22,2025-08-05,1,6.6,6.8,7.2
E00287,P00869,Project Team Member,2025-02-05,2025-02-09,1,7.0,8.3,7.4
E00287,P00883,Project Team Member,2026-01-02,2026-01-08,1,6.8,8.2,7.3
E00287,P00900,Project Team Member,2026-01-29,2026-02-13,1,5.9,5.5,6.8
E00288,P00073,Project Team Member,2024-02-20,2024-03-02,1,6.8,7.7,7.7
E00288,P00110,Project Team Member,2024-07-12,2024-07-17,1,7.9,9.2,8.2
E00288,P00129,Project Team Member,2026-04-10,2026-04-19,1,7.6,8.2,8.1
E00288,P00192,Project Team Member,2024-07-23,2024-08-05,1,7.5,6.8,8.0
E00288,P00361,Project Team Member,2025-03-24,2025-04-03,1,5.5,5.0,7.0
E00288,P00517,Project Team Member,2024-02-17,2024-03-03,1,5.5,5.0,7.0
E00288,P00547,Project Team Member,2023-06-26,2023-07-04,1,7.7,8.7,8.2
E00288,P00564,Project Team Member,2025-02-20,2025-03-04,1,7.5,8.3,8.0
E00288,P00578,Project Team Member,2026-03-04,2026-03-21,1,7.1,8.4,7.8
E00288,P00582,Project Team Member,2024-07-22,2024-08-04,1,5.5,5.0,7.0
E00288,P00797,Project Team Member,2024-05-17,2024-05-19,1,6.6,8.0,7.6
E00288,P00818,Project Team Member,2023-08-08,2023-08-24,1,9.1,9.6,8.8
E00288,P00834,Project Team Member,2024-02-23,2024-02-29,1,7.5,8.5,8.0
E00289,P00010,Project Team Member,2023-09-23,2023-10-03,1,6.7,7.1,7.4
E00289,P00032,Project Team Member,2024-06-14,2024-06-16,1,6.8,7.6,7.5
E00289,P00076,Project Team Member,2026-01-16,2026-01-24,1,6.4,6.6,7.3
E00289,P00091,Project Team Member,2025-12-23,2025-12-31,1,6.1,5.9,7.2
E00289,P00113,Project Team Member,2024-07-04,2024-07-17,1,5.7,5.0,7.0
E00289,P00120,Project Team Member,2025-01-15,2025-01-25,1,7.9,8.4,8.0
E00289,P00129,Project Team Member,2026-04-10,2026-04-17,1,5.9,5.2,7.0
E00289,P00131,Project Team Member,2026-03-03,2026-03-05,1,7.6,8.6,7.9
E00289,P00182,Project Team Member,2024-01-26,2024-02-11,1,9.7,9.7,9.0
E00289,P00203,Project Team Member,2024-10-25,2024-11-02,1,5.5,5.0,6.8
E00289,P00230,Project Team Member,2025-05-29,2025-06-09,1,6.0,5.7,7.1
E00289,P00250,Project Team Member,2024-07-25,2024-07-29,1,6.7,8.1,7.4
E00289,P00276,Project Team Member,2025-08-24,2025-09-01,1,5.5,6.5,6.8
E00289,P00382,Project Team Member,2024-05-04,2024-05-09,1,7.4,8.7,7.8
E00289,P00388,Project Team Member,2023-07-25,2023-08-04,1,7.4,8.7,7.8
E00289,P00408,Project Team Member,2023-06-19,2023-06-21,1,5.5,5.0,6.8
E00289,P00419,Project Team Member,2023-12-30,2024-01-10,1,6.8,6.8,7.5
E00289,P00423,Project Team Member,2026-03-03,2026-03-05,1,8.0,9.4,8.1
E00289,P00515,Project Team Member,2024-09-19,2024-09-30,1,9.0,9.7,8.6
E00289,P00602,Project Team Member,2024-09-03,2024-09-03,1,6.9,8.0,7.6
E00289,P00623,Project Team Member,2023-12-24,2024-01-01,1,5.5,5.0,6.8
E00289,P00642,Project Team Member,2025-05-04,2025-05-15,1,5.5,5.1,6.8
E00289,P00660,Project Team Member,2024-07-12,2024-07-16,1,6.8,8.1,7.5
E00289,P00737,Project Team Member,2024-12-27,2025-01-01,1,5.5,5.3,6.8
E00289,P00824,Project Team Member,2023-10-03,2023-10-20,1,9.5,9.7,8.8
E00289,P00843,Project Team Member,2024-11-30,2024-12-04,1,5.5,5.0,6.8
E00289,P00870,Project Team Member,2023-06-07,2023-06-19,1,6.6,6.3,7.4
E00289,P00900,Project Team Member,2026-02-24,2026-03-02,1,6.2,7.3,7.2
E00290,P00301,Project Team Member,2023-05-18,2023-05-31,1,5.5,5.6,6.4
E00290,P00332,Project Team Member,2025-09-09,2025-09-13,1,7.9,8.9,7.6
E00290,P00547,Project Team Member,2023-05-29,2023-06-11,1,8.5,9.5,8.0
E00290,P00555,Project Team Member,2023-12-17,2024-04-06,2,6.4,6.6,6.9
E00290,P00576,Project Team Member,2025-06-10,2025-06-23,1,8.4,9.7,7.9
E00290,P00598,Project Team Member,2024-07-11,2024-07-20,1,5.5,5.0,6.4
E00290,P00676,Project Team Member,2026-03-05,2026-02-18,1,5.5,5.0,6.4
E00290,P00678,Project Team Member,2025-06-06,2025-06-09,1,5.5,5.0,6.4
E00290,P00788,Project Team Member,2024-07-16,2024-07-20,1,7.5,8.1,7.4
E00290,P00852,Project Team Member,2025-08-26,2025-09-05,1,5.8,5.7,6.6
E00291,P00014,Project Team Member,2024-05-09,2024-05-16,1,7.8,8.5,7.8
E00291,P00030,Project Team Member,2024-03-26,2024-04-07,1,7.0,8.3,7.4
E00291,P00044,Project Team Member,2024-04-16,2024-04-27,1,7.2,8.0,7.5
E00291,P00052,Project Team Member,2023-11-18,2023-11-21,1,8.3,9.1,8.0
E00291,P00075,Project Team Member,2026-04-27,2026-05-07,1,8.1,7.8,8.0
E00291,P00077,Project Team Member,2024-01-02,2024-01-12,1,7.4,8.6,7.6
E00291,P00135,Project Team Member,2023-11-17,2023-11-27,1,7.0,8.3,7.4
E00291,P00212,Project Team Member,2025-03-03,2025-04-23,2,6.4,6.1,7.1
E00291,P00259,Project Team Member,2025-03-21,2025-04-01,1,5.5,5.0,6.6
E00291,P00276,Project Team Member,2025-04-10,2025-04-30,1,5.5,5.0,6.6
E00291,P00299,Project Team Member,2025-10-17,2025-11-01,1,9.0,9.5,8.4
E00291,P00302,Project Team Member,2024-08-27,2024-08-31,1,5.5,5.0,6.6
E00291,P00304,Project Team Member,2025-08-20,2025-09-12,1,6.0,5.7,6.9
E00291,P00357,Project Team Member,2023-02-19,2023-02-24,1,7.9,9.1,7.8
E00291,P00379,Project Team Member,2023-07-18,2023-07-20,1,7.2,8.1,7.5
E00291,P00388,Project Team Member,2023-09-29,2023-10-12,1,7.3,8.5,7.6
E00291,P00401,Project Team Member,2023-06-06,2023-06-10,1,5.5,5.0,6.6
E00291,P00403,Project Team Member,2024-07-17,2024-07-25,1,6.5,7.0,7.2
E00291,P00404,Project Team Member,2025-07-02,2025-07-11,1,6.5,5.5,7.2
E00291,P00420,Project Team Member,2023-12-19,2023-12-30,1,5.6,5.0,6.7
E00291,P00425,Project Team Member,2026-02-20,2026-03-07,1,6.4,6.8,7.1
E00291,P00433,Project Team Member,2024-12-26,2025-01-04,1,6.6,7.9,7.2
E00291,P00454,Project Team Member,2024-04-06,2024-04-10,1,7.3,8.7,7.6
E00291,P00512,Project Team Member,2024-06-15,2024-07-13,1,7.5,8.4,7.6
E00291,P00534,Project Team Member,2024-08-16,2024-08-31,1,7.3,8.6,7.6
E00291,P00586,Project Team Member,2026-02-06,2026-02-08,1,5.8,5.9,6.8
E00291,P00596,Project Team Member,2024-09-26,2024-10-04,1,5.5,5.0,6.6
E00291,P00599,Project Team Member,2023-07-22,2023-07-26,1,5.5,5.0,6.6
E00291,P00617,Project Team Member,2026-01-22,2026-01-29,1,8.4,9.0,8.1
E00291,P00680,Project Team Member,2025-04-13,2025-04-25,1,8.4,9.2,8.1
E00291,P00682,Project Team Member,2023-07-18,2023-07-20,1,6.4,5.4,7.1
E00291,P00710,Project Team Member,2025-10-16,2026-02-26,2,7.1,6.9,7.4
E00291,P00737,Project Team Member,2024-12-10,2024-12-14,1,5.5,5.9,6.6
E00291,P00762,Project Team Member,2025-07-28,2025-08-22,1,5.5,5.0,6.6
E00291,P00766,Project Team Member,2024-09-12,2024-09-18,1,5.9,5.5,6.8
E00291,P00768,Project Team Member,2023-12-03,2023-12-06,1,8.2,9.2,8.0
E00291,P00772,Project Team Member,2024-03-10,2024-03-23,1,6.9,7.8,7.4
E00291,P00779,Project Team Member,2023-05-06,2023-05-21,1,7.2,8.3,7.5
E00291,P00799,Project Team Member,2024-09-17,2024-10-24,2,7.5,7.8,7.6
E00291,P00800,Project Team Member,2025-10-10,2025-10-18,1,6.1,7.1,7.0
E00291,P00812,Project Team Member,2023-08-07,2023-08-09,1,7.1,7.3,7.4
E00291,P00814,Project Team Member,2024-08-27,2024-09-02,1,8.3,9.4,8.0
E00291,P00815,Project Team Member,2025-07-05,2025-07-17,1,6.6,7.0,7.2
E00291,P00824,Project Team Member,2023-09-06,2023-09-08,1,6.4,7.4,7.1
E00291,P00837,Project Team Member,2024-05-21,2024-06-04,1,9.5,9.7,8.6
E00291,P00840,Project Team Member,2023-11-17,2023-11-28,1,7.0,7.4,7.4
E00291,P00842,Project Team Member,2024-08-27,2024-09-02,1,7.2,7.8,7.5
E00291,P00845,Project Team Member,2026-04-26,2026-05-19,1,7.0,7.2,7.4
E00291,P00857,Project Team Member,2024-11-16,2024-11-20,1,6.9,8.2,7.4
E00291,P00865,Project Team Member,2023-01-26,2023-02-08,1,7.0,7.7,7.4
E00291,P00870,Project Team Member,2023-09-19,2023-09-27,1,6.5,7.3,7.2
E00292,P00117,Project Team Member,2026-02-04,2026-02-07,1,5.5,5.0,6.6
E00292,P00119,Project Team Member,2025-01-22,2025-02-08,1,6.3,7.5,7.0
E00292,P00134,Project Team Member,2026-03-28,2026-04-15,1,8.0,9.3,7.8
E00292,P00186,Project Team Member,2026-02-22,2026-03-14,1,8.6,8.7,8.1
E00292,P00270,Project Team Member,2024-10-04,2024-10-08,1,7.2,8.1,7.4
E00292,P00306,Project Team Member,2026-01-12,2026-01-19,1,9.0,9.7,8.3
E00292,P00349,Project Team Member,2023-07-23,2023-07-29,1,7.4,7.9,7.5
E00292,P00374,Project Team Member,2025-09-28,2025-10-12,1,5.5,5.0,6.6
E00292,P00450,Project Team Member,2025-04-12,2025-04-20,1,7.0,8.2,7.3
E00292,P00505,Project Team Member,2024-03-31,2024-04-03,1,7.6,8.8,7.6
E00292,P00538,Project Team Member,2025-07-13,2025-07-24,1,6.9,7.4,7.2
E00292,P00541,Project Team Member,2025-07-01,2025-07-05,1,7.3,8.0,7.4
E00292,P00559,Project Team Member,2026-02-19,2026-02-20,1,6.2,7.5,6.9
E00292,P00577,Project Team Member,2025-10-23,2025-11-05,1,5.5,5.0,6.6
E00292,P00579,Project Team Member,2023-11-21,2023-12-04,1,5.5,5.0,6.6
E00292,P00612,Project Team Member,2023-05-23,2023-05-29,1,7.2,8.3,7.4
E00292,P00665,Project Team Member,2025-08-08,2025-08-22,1,7.5,8.9,7.6
E00292,P00683,Project Team Member,2025-01-14,2025-01-18,1,6.3,6.9,7.0
E00292,P00705,Project Team Member,2024-10-11,2024-10-18,1,6.6,7.9,7.1
E00292,P00755,Project Team Member,2025-10-25,2025-11-02,1,5.5,5.4,6.6
E00292,P00774,Project Team Member,2025-11-23,2025-11-29,1,5.5,5.1,6.6
E00292,P00784,Project Team Member,2026-01-06,2026-01-20,1,7.2,8.5,7.4
E00292,P00815,Project Team Member,2025-10-10,2025-10-21,1,7.0,8.3,7.3
E00293,P00070,Project Team Member,2023-11-01,2023-11-08,1,9.0,9.7,8.2
E00293,P00073,Project Team Member,2024-04-03,2024-04-17,1,7.3,8.6,7.4
E00293,P00087,Project Team Member,2025-08-21,2025-08-26,1,5.9,5.6,6.6
E00293,P00089,Project Team Member,2025-07-23,2025-08-02,1,7.2,6.9,7.3
E00293,P00091,Project Team Member,2026-02-08,2026-02-18,1,8.0,9.2,7.7
E00293,P00096,Project Team Member,2025-04-18,2025-04-20,1,6.0,5.7,6.7
E00293,P00098,Project Team Member,2024-11-03,2024-11-08,1,5.5,5.0,6.4
E00293,P00114,Project Team Member,2023-10-08,2023-10-18,1,6.7,7.0,7.0
E00293,P00115,Project Team Member,2025-07-16,2025-10-29,2,6.3,5.5,6.8
E00293,P00130,Project Team Member,2025-12-28,2026-01-06,1,7.6,8.6,7.5
E00293,P00168,Project Team Member,2023-02-03,2023-02-20,1,6.4,7.4,6.9
E00293,P00191,Project Team Member,2025-09-22,2025-10-03,1,8.0,9.3,7.7
E00293,P00236,Project Team Member,2025-06-10,2025-06-12,1,8.0,9.3,7.7
E00293,P00259,Project Team Member,2025-02-22,2025-02-26,1,8.6,9.6,8.0
E00293,P00293,Project Team Member,2024-10-10,2024-10-24,1,6.4,7.3,6.9
E00293,P00315,Project Team Member,2026-01-02,2026-01-04,1,5.5,5.0,6.4
E00293,P00349,Project Team Member,2023-08-15,2023-08-28,1,5.5,5.8,6.4
E00293,P00381,Project Team Member,2025-10-10,2025-10-24,1,7.8,9.1,7.6
E00293,P00395,Project Team Member,2026-01-24,2026-01-31,1,7.6,6.9,7.5
E00293,P00425,Project Team Member,2026-03-19,2026-03-25,1,7.5,8.4,7.4
E00293,P00428,Project Team Member,2025-03-28,2025-04-09,1,5.5,5.0,6.4
E00293,P00432,Project Team Member,2024-09-22,2024-09-25,1,7.2,8.3,7.3
E00293,P00448,Project Team Member,2024-10-10,2024-10-18,1,5.5,5.0,6.4
E00293,P00451,Project Team Member,2025-12-30,2026-01-08,1,5.5,5.0,6.4
E00293,P00466,Project Team Member,2025-12-25,2025-12-29,1,7.5,8.6,7.4
E00293,P00477,Project Team Member,2025-10-18,2026-01-24,2,7.7,6.2,7.6
E00293,P00483,Project Team Member,2024-10-03,2024-10-11,1,6.6,7.7,7.0
E00293,P00501,Project Team Member,2025-03-29,2025-04-09,1,5.7,5.4,6.6
E00293,P00507,Project Team Member,2025-09-13,2025-09-20,1,6.7,7.8,7.0
E00293,P00509,Project Team Member,2026-03-30,2026-02-28,1,7.5,8.6,7.4
E00293,P00527,Project Team Member,2024-04-08,2024-04-16,1,5.5,5.0,6.4
E00293,P00539,Project Team Member,2024-02-12,2024-02-27,1,7.5,8.9,7.4
E00293,P00573,Project Team Member,2024-01-05,2024-01-20,1,6.9,7.9,7.2
E00293,P00583,Project Team Member,2026-03-21,2026-03-23,1,8.0,9.3,7.7
E00293,P00644,Project Team Member,2025-06-15,2025-06-26,1,5.7,6.0,6.6
E00293,P00665,Project Team Member,2025-08-13,2025-08-23,1,6.6,8.0,7.0
E00293,P00666,Project Team Member,2023-12-26,2024-01-01,1,5.5,5.0,6.4
E00293,P00680,Project Team Member,2024-09-19,2024-09-25,1,8.5,8.6,8.0
E00293,P00695,Project Team Member,2023-04-24,2023-05-06,1,9.0,9.7,8.2
E00293,P00710,Project Team Member,2025-11-24,2025-12-03,1,8.4,8.9,7.9
E00293,P00729,Project Team Member,2023-06-04,2023-06-07,1,5.5,5.0,6.4
E00293,P00747,Project Team Member,2023-09-22,2023-09-30,1,6.6,6.9,7.0
E00293,P00766,Project Team Member,2024-10-11,2024-10-15,1,7.5,8.4,7.4
E00293,P00794,Project Team Member,2025-02-21,2025-03-05,1,6.0,5.7,6.7
E00293,P00802,Project Team Member,2024-07-15,2024-07-22,1,9.2,9.7,8.3
E00293,P00804,Project Team Member,2023-12-31,2024-01-10,1,6.0,6.3,6.7
E00293,P00833,Project Team Member,2025-02-04,2025-02-10,1,6.9,8.2,7.2
E00293,P00840,Project Team Member,2024-04-14,2024-04-28,1,7.0,8.4,7.2
E00293,P00855,Project Team Member,2025-09-16,2025-09-22,1,5.5,5.0,6.4
E00293,P00857,Project Team Member,2025-04-22,2025-04-26,1,6.1,5.1,6.8
E00293,P00878,Project Team Member,2025-12-16,2026-02-17,2,6.3,5.3,6.8
E00293,P00882,Project Team Member,2023-11-08,2023-11-22,1,7.9,9.2,7.6
E00293,P00889,Project Team Member,2025-01-28,2025-02-17,1,6.5,6.8,7.0
E00294,P00009,Coordinator,2023-10-30,2023-11-05,1,9.5,9.7,9.2
E00294,P00018,Coordinator,2024-12-09,2024-12-12,1,5.7,6.5,7.2
E00294,P00073,Coordinator,2024-05-05,2024-05-12,1,6.1,6.7,7.4
E00294,P00085,Coordinator,2023-07-19,2023-08-03,1,7.8,9.1,8.3
E00294,P00087,Coordinator,2026-02-09,2026-02-20,1,6.9,6.8,7.8
E00294,P00095,Coordinator,2025-11-03,2025-11-15,1,6.5,7.0,7.6
E00294,P00124,Coordinator,2025-10-05,2025-10-17,1,8.0,9.3,8.4
E00294,P00138,Coordinator,2024-07-05,2024-07-09,1,8.8,9.7,8.8
E00294,P00175,Coordinator,2023-06-23,2023-07-18,1,7.1,8.5,8.0
E00294,P00189,Coordinator,2024-10-23,2024-10-26,1,5.5,5.0,7.2
E00294,P00271,Coordinator,2024-08-24,2024-09-08,1,6.9,7.2,7.8
E00294,P00309,Coordinator,2026-03-08,2026-03-22,1,7.5,8.5,8.2
E00294,P00338,Coordinator,2024-03-05,2024-03-19,1,6.9,8.1,7.8
E00294,P00365,Coordinator,2025-01-07,2025-01-10,1,5.5,5.0,7.2
E00294,P00378,Coordinator,2024-09-16,2024-09-25,1,6.4,7.2,7.6
E00294,P00379,Coordinator,2023-08-24,2023-09-08,1,5.5,5.0,7.2
E00294,P00399,Coordinator,2024-10-10,2024-10-21,1,6.1,6.9,7.4
E00294,P00403,Coordinator,2024-03-19,2024-03-25,1,7.4,8.8,8.1
E00294,P00406,Coordinator,2023-12-03,2023-12-24,1,7.5,8.9,8.2
E00294,P00407,Coordinator,2024-10-08,2024-10-15,1,9.5,9.7,9.2
E00294,P00423,Coordinator,2026-03-14,2026-03-18,1,7.8,9.0,8.3
E00294,P00424,Coordinator,2024-04-24,2024-05-03,1,9.3,9.7,9.0
E00294,P00432,Coordinator,2024-07-31,2024-08-13,1,5.5,5.0,7.2
E00294,P00454,Coordinator,2024-04-27,2024-05-03,1,6.9,8.0,7.8
E00294,P00464,Coordinator,2026-04-10,2026-02-27,1,7.1,7.9,8.0
E00294,P00478,Coordinator,2024-08-30,2024-09-12,1,6.0,5.9,7.4
E00294,P00486,Coordinator,2023-04-30,2023-05-14,1,6.0,6.9,7.4
E00294,P00488,Coordinator,2023-03-09,2023-03-12,1,5.5,5.0,7.2
E00294,P00494,Coordinator,2024-08-27,2024-09-03,1,5.5,5.0,7.2
E00294,P00500,Coordinator,2024-01-25,2024-02-16,1,7.7,7.1,8.2
E00294,P00503,Coordinator,2023-09-25,2023-09-28,1,9.2,9.7,9.0
E00294,P00512,Coordinator,2024-03-18,2024-03-29,1,6.8,8.0,7.8
E00294,P00552,Coordinator,2026-02-25,2026-03-04,1,5.5,5.0,7.2
E00294,P00560,Coordinator,2024-08-13,2024-08-19,1,6.7,6.5,7.8
E00294,P00567,Coordinator,2024-07-15,2024-07-22,1,5.5,5.8,7.2
E00294,P00571,Coordinator,2024-02-26,2024-03-02,1,8.0,7.9,8.4
E00294,P00572,Coordinator,2023-11-12,2023-11-16,1,7.5,8.3,8.2
E00294,P00607,Coordinator,2026-03-11,2026-03-17,1,7.3,8.6,8.0
E00294,P00617,Coordinator,2025-10-11,2025-10-25,1,7.8,8.9,8.3
E00294,P00625,Coordinator,2025-11-11,2025-11-14,1,7.4,8.7,8.1
E00294,P00631,Coordinator,2024-04-25,2024-05-09,1,9.1,9.6,9.0
E00294,P00632,Coordinator,2026-03-16,2026-03-03,1,6.1,7.3,7.4
E00294,P00635,Coordinator,2023-09-16,2023-09-21,1,5.5,5.5,7.2
E00294,P00636,Coordinator,2024-03-24,2024-04-04,1,6.2,5.2,7.5
E00294,P00641,Coordinator,2023-09-02,2023-10-11,2,7.0,7.9,7.9
E00294,P00654,Coordinator,2026-02-28,2026-03-13,1,5.5,5.0,7.2
E00294,P00687,Coordinator,2025-03-04,2025-03-13,1,7.5,8.4,8.2
E00294,P00697,Coordinator,2025-11-06,2025-11-16,1,7.0,8.3,7.9
E00294,P00717,Coordinator,2025-07-04,2025-07-11,1,7.2,8.0,8.0
E00294,P00734,Coordinator,2024-08-25,2024-09-08,1,7.7,8.4,8.2
E00294,P00757,Coordinator,2025-07-02,2025-07-17,1,7.3,7.0,8.0
E00294,P00771,Coordinator,2024-09-09,2024-09-27,1,7.2,7.9,8.0
E00294,P00772,Coordinator,2024-04-09,2024-04-11,1,7.1,8.4,8.0
E00294,P00781,Coordinator,2024-08-04,2024-08-16,1,6.5,6.6,7.6
E00294,P00802,Coordinator,2024-06-14,2024-06-21,1,7.3,8.6,8.0
E00294,P00815,Coordinator,2025-11-10,2025-11-16,1,5.5,5.0,7.2
E00294,P00825,Coordinator,2026-04-12,2026-04-16,1,6.8,7.7,7.8
E00294,P00827,Coordinator,2025-04-09,2025-04-17,1,6.2,7.1,7.5
E00294,P00834,Coordinator,2024-03-24,2024-04-07,1,5.5,5.0,7.2
E00294,P00836,Coordinator,2025-06-22,2025-06-27,1,7.4,7.5,8.1
E00294,P00868,Coordinator,2025-08-12,2025-08-23,1,7.2,8.4,8.0
E00294,P00869,Coordinator,2024-12-06,2024-12-17,1,6.7,8.1,7.8
E00294,P00890,Coordinator,2024-03-31,2024-07-18,2,6.8,7.0,7.8
E00295,P00002,Coordinator,2025-06-27,2025-07-04,1,8.4,9.7,8.4
E00295,P00007,Coordinator,2025-02-03,2025-02-05,1,5.5,5.0,7.0
E00295,P00026,Coordinator,2023-09-22,2023-09-28,1,5.5,5.0,7.0
E00295,P00047,Coordinator,2025-05-25,2025-05-29,1,8.6,8.6,8.5
E00295,P00083,Coordinator,2024-05-10,2024-05-16,1,8.2,8.0,8.3
E00295,P00091,Coordinator,2025-12-27,2026-01-06,1,5.5,5.0,7.0
E00295,P00116,Coordinator,2025-05-29,2025-06-13,1,5.5,5.0,7.0
E00295,P00131,Coordinator,2026-02-06,2026-02-13,1,7.4,8.8,7.9
E00295,P00176,Coordinator,2024-11-14,2024-11-18,1,6.2,6.5,7.3
E00295,P00190,Coordinator,2024-03-02,2024-03-11,1,5.5,5.0,7.0
E00295,P00196,Coordinator,2025-12-28,2026-01-03,1,6.6,7.4,7.5
E00295,P00204,Coordinator,2026-01-22,2026-01-30,1,9.7,9.7,9.0
E00295,P00206,Coordinator,2026-01-13,2026-01-20,1,5.5,5.9,7.0
E00295,P00219,Coordinator,2024-06-14,2024-06-18,1,5.5,5.0,7.0
E00295,P00359,Coordinator,2025-12-24,2025-12-27,1,5.6,5.7,7.0
E00295,P00376,Coordinator,2025-09-24,2025-10-05,1,5.5,5.0,7.0
E00295,P00392,Coordinator,2023-08-28,2023-09-02,1,7.4,8.4,7.9
E00295,P00403,Coordinator,2024-09-05,2024-09-13,1,7.4,8.2,7.9
E00295,P00495,Coordinator,2025-09-07,2026-03-16,2,7.0,7.0,7.7
E00295,P00506,Coordinator,2023-05-12,2023-05-24,1,5.5,5.0,7.0
E00295,P00521,Coordinator,2023-07-09,2023-08-02,1,6.8,7.8,7.6
E00295,P00556,Coordinator,2024-09-08,2024-09-23,1,5.5,5.0,7.0
E00295,P00558,Coordinator,2023-12-19,2023-12-26,1,5.5,5.0,7.0
E00295,P00595,Coordinator,2026-01-18,2026-01-22,1,5.5,5.0,7.0
E00295,P00630,Coordinator,2024-08-30,2024-09-05,1,6.8,8.1,7.6
E00295,P00668,Coordinator,2026-01-08,2026-01-12,1,7.8,9.0,8.1
E00295,P00707,Coordinator,2024-02-07,2024-03-04,1,5.5,5.0,7.0
E00295,P00710,Coordinator,2025-08-09,2025-08-22,1,7.6,8.7,8.0
E00295,P00767,Coordinator,2024-08-10,2024-08-26,1,9.2,9.7,8.8
E00295,P00782,Coordinator,2025-06-30,2025-07-02,1,7.3,8.7,7.8
E00295,P00857,Coordinator,2025-06-22,2025-07-04,1,6.6,7.9,7.5
E00295,P00859,Coordinator,2026-04-06,2026-03-13,1,5.5,5.0,7.0
E00295,P00861,Coordinator,2026-03-18,2026-03-29,1,5.9,6.0,7.2
E00295,P00887,Coordinator,2023-07-23,2023-07-25,1,7.4,8.2,7.9
E00296,P00034,Project Team Member,2024-03-17,2024-03-24,1,5.7,5.0,6.6
E00296,P00115,Project Team Member,2026-02-01,2026-02-16,1,6.5,6.7,7.0
E00296,P00118,Project Team Member,2025-05-11,2025-05-14,1,6.3,6.9,6.8
E00296,P00137,Project Team Member,2025-06-03,2025-06-15,1,7.5,8.6,7.4
E00296,P00267,Project Team Member,2025-04-01,2025-04-11,1,5.8,5.0,6.6
E00296,P00282,Project Team Member,2023-05-16,2023-05-31,1,7.3,8.2,7.4
E00296,P00322,Project Team Member,2025-04-22,2025-05-05,1,7.6,7.8,7.5
E00296,P00383,Project Team Member,2023-10-14,2023-10-17,1,5.5,5.0,6.4
E00296,P00384,Project Team Member,2025-11-24,2025-12-19,1,9.7,9.7,8.6
E00296,P00491,Project Team Member,2024-06-17,2024-07-09,1,6.6,7.3,7.0
E00296,P00614,Project Team Member,2026-03-10,2026-03-19,1,8.7,9.7,8.0
E00296,P00636,Project Team Member,2024-01-31,2024-02-06,1,8.4,9.1,7.9
E00296,P00771,Project Team Member,2024-08-19,2024-08-24,1,5.5,5.2,6.4
E00296,P00791,Project Team Member,2025-06-23,2025-06-29,1,6.2,7.5,6.8
E00297,P00056,Project Team Member,2026-01-16,2026-02-09,3,8.3,8.3,8.6
E00297,P00075,Project Team Member,2026-04-27,2026-05-24,1,7.1,6.1,8.0
E00297,P00107,Project Team Member,2026-04-16,2026-04-27,1,7.4,8.3,8.1
E00297,P00187,Project Team Member,2025-09-28,2025-10-12,1,5.9,6.7,7.4
E00297,P00222,Project Team Member,2023-11-08,2023-11-15,1,5.5,5.0,7.2
E00297,P00342,Project Team Member,2026-03-25,2026-03-30,1,5.5,5.0,7.2
E00297,P00422,Project Team Member,2025-01-15,2025-01-26,1,7.0,7.3,7.9
E00297,P00498,Project Team Member,2025-09-17,2025-09-19,1,5.5,5.0,7.2
E00297,P00521,Project Team Member,2023-08-30,2023-09-04,1,7.7,8.5,8.2
E00297,P00574,Project Team Member,2025-05-11,2025-05-16,1,7.6,8.9,8.2
E00297,P00617,Project Team Member,2025-07-24,2025-09-09,2,7.9,8.2,8.4
E00297,P00708,Project Team Member,2026-02-19,2026-03-18,1,6.1,6.9,7.4
E00297,P00717,Project Team Member,2025-09-05,2025-09-13,1,5.5,5.0,7.2
E00297,P00839,Project Team Member,2026-03-12,2026-03-19,1,6.9,7.8,7.8
E00297,P00843,Project Team Member,2025-08-27,2025-09-14,1,5.5,5.0,7.2
E00297,P00873,Project Team Member,2025-12-22,2026-01-05,1,6.7,7.3,7.8
E00297,P00883,Project Team Member,2026-01-18,2026-01-27,1,5.5,5.0,7.2
E00298,P00034,Specialist,2023-11-25,2023-12-23,1,6.9,8.0,7.6
E00298,P00036,Specialist,2024-02-12,2024-02-17,1,7.8,9.1,8.0
E00298,P00068,Specialist,2026-03-23,2026-04-02,1,7.8,7.3,8.0
E00298,P00088,Specialist,2024-09-12,2024-10-01,1,9.3,9.7,8.8
E00298,P00100,Specialist,2024-11-14,2024-11-22,1,7.1,8.4,7.6
E00298,P00167,Specialist,2025-07-31,2025-08-04,1,5.5,5.0,6.8
E00298,P00187,Specialist,2026-01-08,2026-01-21,1,7.5,8.5,7.8
E00298,P00215,Specialist,2025-10-22,2025-11-05,1,7.0,6.0,7.6
E00298,P00233,Specialist,2026-01-09,2026-01-20,1,5.5,5.9,6.8
E00298,P00240,Specialist,2023-05-16,2023-06-04,1,6.7,7.5,7.4
E00298,P00255,Specialist,2025-02-06,2025-02-13,1,6.6,7.3,7.4
E00298,P00270,Specialist,2025-01-02,2025-01-22,1,5.5,5.0,6.8
E00298,P00287,Specialist,2026-01-17,2026-01-31,1,6.0,6.4,7.1
E00298,P00290,Specialist,2024-09-05,2024-09-13,1,5.5,5.0,6.8
E00298,P00310,Specialist,2023-05-30,2023-06-12,1,5.5,5.0,6.8
E00298,P00349,Specialist,2023-04-16,2023-05-26,2,6.1,5.4,7.2
E00298,P00399,Specialist,2023-10-27,2023-11-04,1,7.7,8.9,8.0
E00298,P00462,Specialist,2025-12-09,2025-12-17,1,9.2,9.7,8.7
E00298,P00521,Specialist,2023-09-20,2023-09-30,1,5.5,5.0,6.8
E00298,P00533,Specialist,2026-03-09,2026-03-20,1,8.0,9.3,8.1
E00298,P00559,Specialist,2025-12-23,2025-12-26,1,7.1,8.2,7.6
E00298,P00594,Specialist,2024-02-17,2024-02-29,1,7.1,8.4,7.6
E00298,P00704,Specialist,2025-02-24,2025-03-06,1,8.3,8.1,8.2
E00298,P00740,Specialist,2026-01-28,2026-02-09,1,8.0,8.3,8.1
E00298,P00812,Specialist,2023-10-20,2023-11-17,1,6.3,6.3,7.2
E00298,P00824,Specialist,2023-04-24,2023-05-04,1,6.1,5.1,7.2
E00298,P00840,Specialist,2023-08-05,2023-09-01,1,8.4,9.7,8.3
E00298,P00845,Specialist,2026-04-26,2026-05-06,2,6.1,6.1,7.2
E00298,P00869,Specialist,2025-02-28,2025-03-06,1,5.9,5.9,7.0
E00299,P00045,Contributor,2023-07-27,2023-08-04,1,7.4,8.8,8.1
E00299,P00060,Contributor,2025-05-15,2025-05-27,1,8.2,9.2,8.5
E00299,P00068,Contributor,2026-03-14,2026-03-20,1,5.5,5.0,7.2
E00299,P00101,Contributor,2025-05-15,2025-05-22,1,6.5,7.0,7.6
E00299,P00113,Contributor,2024-01-09,2024-01-22,1,5.5,5.0,7.2
E00299,P00117,Contributor,2026-03-06,2026-03-09,1,6.5,7.2,7.6
E00299,P00146,Contributor,2025-07-05,2025-07-29,1,7.6,8.9,8.2
E00299,P00174,Contributor,2026-04-26,2026-05-11,1,6.9,7.4,7.8
E00299,P00202,Contributor,2024-09-04,2024-09-19,1,7.2,8.4,8.0
E00299,P00263,Contributor,2024-01-16,2024-01-20,1,7.3,8.3,8.0
E00299,P00298,Contributor,2025-04-15,2025-04-30,1,7.3,8.2,8.0
E00299,P00311,Contributor,2023-11-06,2023-11-25,1,5.5,5.0,7.2
E00299,P00317,Contributor,2024-06-28,2024-07-05,1,5.5,5.0,7.2
E00299,P00335,Contributor,2025-03-08,2025-03-11,1,7.2,7.4,8.0
E00299,P00367,Contributor,2025-03-01,2025-03-09,1,5.5,5.0,7.2
E00299,P00384,Contributor,2025-03-04,2025-03-15,1,6.4,6.5,7.6
E00299,P00406,Contributor,2024-09-26,2024-09-28,1,5.8,5.0,7.3
E00299,P00415,Contributor,2024-07-29,2024-08-27,1,5.9,6.5,7.4
E00299,P00458,Contributor,2026-02-22,2026-02-24,1,5.5,5.0,7.2
E00299,P00467,Contributor,2025-02-03,2025-02-08,1,9.4,9.7,9.1
E00299,P00476,Contributor,2024-09-18,2024-09-29,1,6.4,7.0,7.6
E00299,P00526,Contributor,2025-12-03,2025-12-15,1,5.9,6.3,7.4
E00299,P00601,Contributor,2024-03-17,2024-03-25,1,5.5,5.0,7.2
E00299,P00617,Contributor,2025-11-08,2025-11-13,1,8.0,8.9,8.4
E00299,P00623,Contributor,2024-02-29,2024-03-09,1,6.5,6.5,7.6
E00299,P00632,Contributor,2026-03-16,2026-03-03,1,6.4,6.6,7.6
E00299,P00706,Contributor,2023-09-16,2023-10-01,1,6.4,6.8,7.6
E00299,P00728,Contributor,2024-04-12,2024-04-27,1,8.0,9.4,8.4
E00299,P00788,Contributor,2024-07-10,2024-08-05,1,8.0,9.3,8.4
E00299,P00838,Contributor,2024-11-10,2024-11-23,1,5.5,5.0,7.2
E00299,P00853,Contributor,2025-06-05,2025-06-16,1,5.5,5.0,7.2
E00299,P00881,Contributor,2023-09-04,2023-09-08,1,6.1,6.0,7.4
E00300,P00005,Project Team Member,2024-07-01,2024-07-11,1,6.0,6.5,7.3
E00300,P00024,Project Team Member,2024-02-12,2024-02-19,1,7.9,9.2,8.2
E00300,P00043,Project Team Member,2024-02-07,2024-02-11,1,6.3,7.3,7.4
E00300,P00045,Project Team Member,2023-07-24,2023-07-28,1,9.2,9.7,8.9
E00300,P00074,Project Team Member,2026-02-07,2026-02-13,1,7.2,8.4,7.9
E00300,P00090,Project Team Member,2026-02-20,2026-02-22,1,7.8,7.8,8.2
E00300,P00109,Project Team Member,2023-05-06,2023-05-15,1,5.5,5.0,7.0
E00300,P00155,Project Team Member,2023-06-25,2023-07-04,1,5.8,6.0,7.2
E00300,P00160,Project Team Member,2023-12-12,2023-12-23,1,7.6,8.8,8.1
E00300,P00180,Project Team Member,2025-08-02,2025-08-14,1,8.5,8.9,8.6
E00300,P00185,Project Team Member,2026-03-10,2026-03-25,1,5.5,5.0,7.0
E00300,P00252,Project Team Member,2025-05-29,2025-06-06,1,5.5,5.0,7.0
E00300,P00365,Project Team Member,2025-07-22,2025-07-22,1,5.5,5.0,7.0
E00300,P00377,Project Team Member,2024-02-07,2024-02-11,1,7.4,8.3,8.0
E00300,P00385,Project Team Member,2023-10-11,2023-10-18,1,5.5,5.0,7.0
E00300,P00417,Project Team Member,2024-09-19,2024-10-01,1,6.4,6.1,7.5
E00300,P00449,Project Team Member,2026-03-23,2026-04-16,1,5.9,5.2,7.2
E00300,P00464,Project Team Member,2026-04-10,2026-02-27,2,8.2,8.6,8.4
E00300,P00527,Project Team Member,2024-10-31,2024-11-15,1,5.5,5.0,7.0
E00300,P00548,Project Team Member,2023-10-11,2023-10-28,1,7.3,8.6,8.0
E00300,P00563,Project Team Member,2024-01-05,2024-01-11,1,6.3,6.4,7.4
E00300,P00621,Project Team Member,2024-08-04,2024-08-17,1,6.1,6.8,7.4
E00300,P00638,Project Team Member,2026-03-10,2026-04-05,2,8.3,8.7,8.4
E00300,P00692,Project Team Member,2024-09-15,2024-09-25,1,5.5,5.0,7.0
E00300,P00747,Project Team Member,2023-12-12,2023-12-26,1,7.4,8.7,8.0
E00300,P00756,Project Team Member,2024-06-01,2024-06-03,1,6.6,7.6,7.6
E00300,P00820,Project Team Member,2024-04-04,2024-04-15,1,5.7,6.5,7.2
E00301,P00028,Project Team Member,2024-07-07,2024-07-21,1,5.5,5.0,6.4
E00301,P00057,Project Team Member,2023-02-28,2023-03-08,2,6.1,5.6,6.6
E00301,P00128,Project Team Member,2024-03-07,2024-03-14,1,5.5,5.0,6.4
E00301,P00165,Project Team Member,2023-05-03,2023-05-07,1,8.0,9.3,7.6
E00301,P00237,Project Team Member,2025-04-12,2025-05-12,1,6.5,6.8,6.8
E00301,P00244,Project Team Member,2026-04-11,2026-03-02,1,7.5,8.8,7.4
E00301,P00289,Project Team Member,2025-09-22,2025-10-09,1,5.9,5.7,6.6
E00301,P00351,Project Team Member,2025-03-10,2025-03-19,1,5.5,5.0,6.4
E00301,P00378,Project Team Member,2025-04-15,2025-05-07,1,5.5,5.4,6.4
E00301,P00479,Project Team Member,2025-07-30,2025-08-12,1,8.0,9.3,7.6
E00301,P00494,Project Team Member,2024-08-22,2024-09-14,1,5.6,6.5,6.4
E00301,P00571,Project Team Member,2024-03-29,2024-04-01,1,5.5,5.0,6.4
E00301,P00581,Project Team Member,2023-06-10,2024-03-27,2,7.2,7.0,7.2
E00301,P00637,Project Team Member,2024-12-17,2024-12-21,1,8.2,9.2,7.7
E00301,P00650,Project Team Member,2024-06-24,2024-07-08,1,5.5,5.0,6.4
E00301,P00662,Project Team Member,2025-08-01,2025-08-14,1,6.9,7.4,7.0
E00301,P00731,Project Team Member,2023-12-25,2024-01-04,1,7.7,8.4,7.4
E00301,P00761,Project Team Member,2025-10-17,2025-10-29,1,6.6,6.4,6.9
E00301,P00799,Project Team Member,2024-09-06,2024-09-20,1,5.5,5.0,6.4
E00301,P00839,Project Team Member,2026-01-24,2026-01-28,1,5.6,5.0,6.4
E00302,P00025,Project Team Member,2024-10-21,2024-11-01,1,8.3,8.5,7.8
E00302,P00034,Project Team Member,2023-11-18,2023-11-26,1,6.9,8.1,7.2
E00302,P00045,Project Team Member,2023-07-09,2023-08-02,1,6.2,6.2,6.8
E00302,P00061,Project Team Member,2023-02-21,2023-03-09,1,6.5,5.5,7.0
E00302,P00062,Project Team Member,2025-04-09,2025-04-19,1,5.5,5.0,6.4
E00302,P00080,Project Team Member,2026-03-04,2026-03-08,1,6.8,8.1,7.1
E00302,P00091,Project Team Member,2026-01-10,2026-01-25,1,8.0,9.3,7.7
E00302,P00093,Project Team Member,2024-12-04,2024-12-06,1,5.5,5.0,6.4
E00302,P00109,Project Team Member,2023-06-24,2023-07-06,1,6.3,6.4,6.8
E00302,P00125,Project Team Member,2025-06-25,2025-06-28,1,7.0,6.0,7.2
E00302,P00162,Project Team Member,2026-01-26,2026-02-04,1,6.6,7.7,7.0
E00302,P00176,Project Team Member,2024-10-30,2024-11-10,1,6.8,8.1,7.1
E00302,P00190,Project Team Member,2023-09-14,2023-09-26,1,6.6,6.9,7.0
E00302,P00204,Project Team Member,2025-09-18,2025-10-01,1,9.0,9.7,8.2
E00302,P00222,Project Team Member,2023-09-14,2023-09-17,1,7.5,8.7,7.4
E00302,P00230,Project Team Member,2025-10-05,2025-10-08,1,5.8,5.9,6.6
E00302,P00242,Project Team Member,2023-09-11,2023-09-22,1,8.4,9.7,7.9
E00302,P00243,Project Team Member,2025-04-18,2025-04-21,1,5.5,5.0,6.4
E00302,P00271,Project Team Member,2023-11-20,2023-11-23,1,6.4,6.9,6.9
E00302,P00288,Project Team Member,2025-03-31,2025-04-13,1,6.2,7.2,6.8
E00302,P00325,Project Team Member,2026-04-15,2026-04-30,1,6.5,7.5,7.0
E00302,P00365,Project Team Member,2025-04-06,2025-04-11,1,9.5,9.7,8.4
E00302,P00375,Project Team Member,2025-09-13,2025-09-30,1,7.2,8.3,7.3
E00302,P00389,Project Team Member,2025-03-26,2025-04-16,1,5.5,5.0,6.4
E00302,P00408,Project Team Member,2023-11-09,2023-11-13,1,6.8,8.1,7.1
E00302,P00479,Project Team Member,2025-07-31,2025-08-09,1,5.5,5.0,6.4
E00302,P00527,Project Team Member,2024-05-08,2024-05-14,1,7.1,7.8,7.2
E00302,P00536,Project Team Member,2024-07-27,2024-08-07,1,5.5,5.3,6.4
E00302,P00558,Project Team Member,2023-06-27,2023-06-30,1,6.8,5.8,7.1
E00302,P00574,Project Team Member,2025-02-21,2025-02-23,1,6.4,7.0,6.9
E00302,P00593,Project Team Member,2025-05-18,2025-06-02,1,5.5,5.0,6.4
E00302,P00601,Project Team Member,2025-01-28,2025-02-02,1,5.5,5.0,6.4
E00302,P00625,Project Team Member,2025-01-16,2025-01-27,1,8.6,8.8,8.0
E00302,P00626,Project Team Member,2026-02-13,2026-02-26,1,6.5,6.5,7.0
E00302,P00632,Project Team Member,2026-03-16,2026-03-03,1,6.9,8.2,7.2
E00302,P00671,Project Team Member,2023-09-27,2023-10-03,1,8.4,9.6,7.9
E00302,P00697,Project Team Member,2026-03-24,2026-03-27,1,7.0,8.0,7.2
E00302,P00698,Project Team Member,2024-10-18,2024-10-28,1,5.9,5.2,6.6
E00302,P00732,Project Team Member,2026-04-12,2026-04-14,1,7.0,7.6,7.2
E00302,P00749,Project Team Member,2026-03-20,2026-04-17,1,5.5,5.0,6.4
E00302,P00767,Project Team Member,2024-11-14,2024-11-25,1,7.5,8.4,7.4
E00302,P00783,Project Team Member,2023-10-04,2023-10-12,1,7.3,8.7,7.4
E00302,P00791,Project Team Member,2026-02-14,2026-02-19,1,5.5,5.0,6.4
E00302,P00821,Project Team Member,2023-11-02,2023-12-02,1,6.8,8.2,7.1
E00302,P00822,Project Team Member,2025-09-08,2025-09-11,1,6.6,6.1,7.0
E00302,P00832,Project Team Member,2026-03-11,2026-03-23,1,6.5,6.9,7.0
E00302,P00840,Project Team Member,2024-02-15,2024-02-21,1,5.5,5.0,6.4
E00302,P00858,Project Team Member,2025-05-28,2025-06-06,1,7.0,7.1,7.2
E00302,P00882,Project Team Member,2024-02-28,2024-03-11,1,7.5,8.4,7.4
E00303,P00011,Project Team Member,2024-07-29,2024-08-01,1,5.5,5.0,7.0
E00303,P00017,Project Team Member,2023-06-29,2023-07-01,1,8.0,9.3,8.3
E00303,P00021,Project Team Member,2025-10-23,2025-11-06,1,7.8,9.2,8.2
E00303,P00042,Project Team Member,2023-12-31,2024-01-11,1,5.5,5.0,7.0
E00303,P00132,Project Team Member,2024-01-14,2024-01-20,1,6.8,7.2,7.7
E00303,P00266,Project Team Member,2023-03-11,2023-03-21,1,7.3,8.7,8.0
E00303,P00314,Project Team Member,2025-05-14,2025-05-19,1,6.5,5.5,7.6
E00303,P00401,Project Team Member,2023-06-27,2023-07-08,1,7.4,8.7,8.0
E00303,P00427,Project Team Member,2025-02-14,2025-02-18,1,7.1,8.4,7.8
E00303,P00569,Project Team Member,2025-04-24,2025-04-30,1,6.9,5.9,7.8
E00303,P00577,Project Team Member,2025-08-26,2025-09-22,1,6.0,5.9,7.3
E00303,P00624,Project Team Member,2025-01-08,2025-01-21,1,5.5,5.0,7.0
E00303,P00658,Project Team Member,2025-12-09,2025-12-17,1,6.6,7.7,7.6
E00303,P00677,Project Team Member,2025-08-08,2025-08-13,1,6.2,5.6,7.4
E00303,P00703,Project Team Member,2025-08-10,2025-08-23,1,5.9,6.5,7.2
E00303,P00731,Project Team Member,2025-02-01,2025-02-07,1,5.5,5.0,7.0
E00303,P00742,Project Team Member,2024-06-12,2024-06-29,1,6.1,7.4,7.4
E00303,P00757,Project Team Member,2025-11-22,2025-11-30,1,6.3,6.3,7.4
E00303,P00761,Project Team Member,2025-09-09,2025-09-16,1,7.7,8.8,8.2
E00303,P00768,Project Team Member,2024-05-23,2024-05-30,1,7.3,8.6,8.0
E00303,P00785,Project Team Member,2025-05-20,2025-06-03,1,5.5,5.0,7.0
E00303,P00816,Project Team Member,2025-12-20,2026-02-20,2,7.5,7.5,8.0
E00303,P00839,Project Team Member,2026-01-10,2026-01-20,1,5.5,5.9,7.0
E00304,P00163,Project Team Member,2025-02-06,2025-02-11,1,6.5,7.9,7.6
E00304,P00199,Project Team Member,2025-07-01,2025-07-25,1,5.6,5.3,7.1
E00304,P00210,Project Team Member,2024-09-24,2024-09-25,1,8.9,9.7,8.8
E00304,P00248,Project Team Member,2026-02-07,2026-02-17,1,6.8,6.7,7.7
E00304,P00387,Project Team Member,2024-02-04,2024-02-10,1,6.9,6.6,7.8
E00304,P00394,Project Team Member,2023-11-04,2023-11-13,1,7.3,8.4,8.0
E00304,P00404,Project Team Member,2025-05-25,2025-06-24,1,5.9,5.7,7.2
E00304,P00436,Project Team Member,2024-02-22,2024-02-24,1,5.5,5.0,7.0
E00304,P00447,Project Team Member,2023-12-01,2023-12-13,1,8.4,9.7,8.5
E00304,P00473,Project Team Member,2026-01-18,2026-01-30,1,5.6,6.5,7.1
E00304,P00517,Project Team Member,2024-04-11,2024-04-22,1,6.9,8.2,7.8
E00304,P00523,Project Team Member,2025-08-20,2025-09-03,1,7.1,8.4,7.8
E00304,P00547,Project Team Member,2023-07-18,2023-07-20,1,6.0,7.1,7.3
E00304,P00571,Project Team Member,2024-04-15,2024-05-12,1,7.7,8.9,8.2
E00304,P00587,Project Team Member,2024-02-22,2024-03-03,1,7.1,8.5,7.8
E00304,P00636,Project Team Member,2023-10-06,2023-10-15,1,8.4,9.7,8.5
E00304,P00656,Project Team Member,2025-12-28,2026-01-12,1,7.3,7.0,8.0
E00304,P00663,Project Team Member,2025-11-28,2025-12-03,1,5.9,5.2,7.2
E00304,P00733,Project Team Member,2024-03-30,2024-04-04,1,7.1,7.9,7.8
E00304,P00768,Project Team Member,2023-12-18,2023-12-20,1,7.8,9.1,8.2
E00304,P00774,Project Team Member,2025-11-29,2025-12-02,1,6.1,6.7,7.4
E00304,P00802,Project Team Member,2024-05-29,2024-06-21,1,7.5,8.5,8.0
E00304,P00824,Project Team Member,2023-07-21,2023-07-23,1,5.9,6.3,7.2
E00304,P00842,Project Team Member,2023-12-30,2024-01-20,1,7.4,8.8,8.0
E00304,P00899,Project Team Member,2024-03-28,2024-04-10,1,5.5,5.0,7.0
E00305,P00016,Project Team Member,2024-09-30,2024-10-25,1,7.8,7.4,7.9
E00305,P00046,Project Team Member,2025-06-25,2025-07-15,1,7.5,8.5,7.8
E00305,P00096,Project Team Member,2025-12-14,2025-12-31,1,7.5,8.5,7.8
E00305,P00121,Project Team Member,2024-03-21,2024-04-19,1,8.4,9.7,8.2
E00305,P00141,Project Team Member,2025-11-16,2025-11-26,1,7.7,8.9,7.8
E00305,P00155,Project Team Member,2023-05-07,2023-10-05,2,6.0,5.1,7.0
E00305,P00165,Project Team Member,2023-04-11,2023-04-18,1,6.3,7.2,7.2
E00305,P00197,Project Team Member,2026-03-10,2026-03-17,1,8.0,9.4,8.0
E00305,P00212,Project Team Member,2025-02-13,2025-02-15,1,7.4,7.0,7.7
E00305,P00245,Project Team Member,2025-10-20,2025-10-30,1,7.9,9.2,8.0
E00305,P00259,Project Team Member,2025-03-08,2025-03-17,1,9.5,9.7,8.8
E00305,P00262,Project Team Member,2024-11-30,2024-12-09,1,7.0,7.5,7.5
E00305,P00321,Project Team Member,2024-07-25,2024-08-06,1,6.4,7.8,7.2
E00305,P00333,Project Team Member,2026-02-13,2026-02-17,1,6.7,7.4,7.4
E00305,P00341,Project Team Member,2023-07-19,2023-08-03,1,6.9,6.6,7.4
E00305,P00347,Project Team Member,2025-07-19,2025-07-22,1,7.6,7.4,7.8
E00305,P00380,Project Team Member,2023-10-12,2023-10-14,1,6.6,7.9,7.3
E00305,P00381,Project Team Member,2025-05-24,2025-06-03,1,5.5,5.0,6.8
E00305,P00424,Project Team Member,2024-04-15,2024-05-15,1,5.5,5.0,6.8
E00305,P00427,Project Team Member,2025-05-14,2025-05-28,1,7.8,9.1,7.9
E00305,P00473,Project Team Member,2026-03-14,2026-03-26,1,6.5,7.9,7.2
E00305,P00508,Project Team Member,2024-03-20,2024-04-03,1,5.5,5.0,6.8
E00305,P00509,Project Team Member,2026-03-30,2026-02-28,1,7.4,8.7,7.7
E00305,P00579,Project Team Member,2024-05-25,2024-05-30,1,6.0,5.8,7.0
E00305,P00592,Project Team Member,2024-07-16,2024-07-23,1,7.6,9.0,7.8
E00305,P00608,Project Team Member,2025-10-08,2025-10-19,1,7.3,8.6,7.6
E00305,P00636,Project Team Member,2024-04-28,2024-05-08,1,5.5,5.0,6.8
E00305,P00663,Project Team Member,2025-10-21,2025-10-27,1,7.2,7.5,7.6
E00305,P00674,Project Team Member,2024-04-28,2024-05-28,1,8.0,9.3,8.0
E00305,P00677,Project Team Member,2025-04-30,2025-05-26,1,7.8,9.0,7.9
E00305,P00690,Project Team Member,2025-01-17,2025-01-24,1,7.0,8.0,7.5
E00305,P00735,Project Team Member,2024-03-02,2024-03-19,1,5.5,5.0,6.8
E00305,P00768,Project Team Member,2023-08-19,2023-09-03,1,5.5,5.0,6.8
E00305,P00772,Project Team Member,2024-03-02,2024-03-10,1,6.5,7.7,7.2
E00305,P00773,Project Team Member,2026-01-10,2026-01-15,1,7.2,8.5,7.6
E00305,P00789,Project Team Member,2026-04-30,2026-05-08,1,7.2,6.2,7.6
E00305,P00802,Project Team Member,2024-08-09,2024-08-15,1,5.5,5.0,6.8
E00305,P00806,Project Team Member,2025-12-12,2025-12-17,1,8.4,9.4,8.2
E00305,P00818,Project Team Member,2023-11-14,2023-11-19,1,7.7,9.0,7.8
E00305,P00843,Project Team Member,2025-09-22,2025-09-26,1,5.5,5.0,6.8
E00305,P00855,Project Team Member,2026-01-19,2026-01-30,1,6.6,7.5,7.3
E00305,P00876,Project Team Member,2025-07-17,2025-07-20,1,5.5,5.0,6.8
E00305,P00879,Project Team Member,2024-05-08,2024-05-21,1,5.9,5.9,7.0
E00305,P00900,Project Team Member,2026-02-07,2026-02-21,1,5.5,5.7,6.8
E00306,P00013,Project Team Member,2023-03-23,2023-03-28,1,5.9,5.6,7.0
E00306,P00020,Project Team Member,2024-07-29,2024-08-24,1,7.3,8.4,7.8
E00306,P00037,Project Team Member,2026-01-05,2026-01-13,1,6.4,7.4,7.3
E00306,P00075,Project Team Member,2026-04-27,2026-04-29,1,7.0,7.6,7.6
E00306,P00122,Project Team Member,2025-03-20,2025-03-22,1,6.8,7.2,7.5
E00306,P00240,Project Team Member,2023-08-24,2023-08-29,1,7.0,8.3,7.6
E00306,P00278,Project Team Member,2024-06-12,2024-06-25,1,7.3,8.6,7.8
E00306,P00301,Project Team Member,2023-08-19,2023-09-09,1,6.9,7.8,7.6
E00306,P00337,Project Team Member,2023-08-18,2023-08-24,1,8.3,8.5,8.2
E00306,P00348,Project Team Member,2025-06-20,2025-06-23,1,6.6,7.4,7.4
E00306,P00423,Project Team Member,2026-03-23,2026-03-31,1,7.6,8.3,7.9
E00306,P00534,Project Team Member,2024-10-19,2024-10-24,1,6.9,8.0,7.6
E00306,P00572,Project Team Member,2023-11-09,2023-11-19,1,8.7,8.9,8.4
E00306,P00629,Project Team Member,2025-12-12,2025-12-19,1,7.8,8.6,8.0
E00306,P00681,Project Team Member,2026-01-27,2026-02-15,2,6.4,5.5,7.3
E00306,P00727,Project Team Member,2024-06-05,2024-06-16,1,9.4,9.7,8.8
E00306,P00749,Project Team Member,2026-03-25,2026-04-04,1,5.5,5.0,6.8
E00306,P00753,Project Team Member,2023-06-22,2023-07-06,1,7.1,7.8,7.6
E00306,P00869,Project Team Member,2025-05-12,2025-05-18,1,6.4,7.3,7.3
E00306,P00873,Project Team Member,2024-12-27,2025-07-05,2,7.1,7.0,7.6
E00307,P00009,Project Team Member,2024-02-06,2024-02-08,1,5.5,5.0,7.4
E00307,P00013,Project Team Member,2023-08-01,2023-08-12,1,6.7,7.6,8.0
E00307,P00031,Project Team Member,2023-06-27,2023-07-07,1,6.6,6.9,7.9
E00307,P00063,Project Team Member,2026-03-23,2026-03-31,1,7.1,7.8,8.1
E00307,P00071,Project Team Member,2023-07-08,2023-07-19,1,7.3,8.6,8.2
E00307,P00118,Project Team Member,2025-07-16,2025-07-23,1,6.8,8.0,8.0
E00307,P00133,Project Team Member,2024-11-17,2024-11-24,1,7.2,6.2,8.2
E00307,P00141,Project Team Member,2025-11-09,2025-11-23,1,7.0,7.9,8.1
E00307,P00185,Project Team Member,2026-03-25,2026-04-08,1,6.5,6.4,7.8
E00307,P00259,Project Team Member,2025-03-13,2025-03-27,1,8.0,9.3,8.6
E00307,P00264,Project Team Member,2026-03-16,2026-03-29,1,6.7,7.1,8.0
E00307,P00304,Project Team Member,2025-03-29,2025-04-05,1,6.7,7.1,8.0
E00307,P00316,Project Team Member,2023-05-13,2023-05-22,1,5.5,5.4,7.4
E00307,P00343,Project Team Member,2024-02-24,2024-03-11,1,5.5,5.1,7.4
E00307,P00349,Project Team Member,2023-06-07,2023-06-11,1,6.9,7.7,8.0
E00307,P00363,Project Team Member,2026-03-07,2026-02-23,1,7.3,8.1,8.2
E00307,P00381,Project Team Member,2025-10-05,2025-10-11,1,5.5,5.0,7.4
E00307,P00382,Project Team Member,2023-11-03,2023-11-06,1,5.5,5.4,7.4
E00307,P00386,Project Team Member,2023-11-05,2023-11-12,1,5.5,5.0,7.4
E00307,P00389,Project Team Member,2025-02-18,2025-03-28,2,5.8,5.0,7.5
E00307,P00414,Project Team Member,2026-03-06,2026-03-10,1,7.7,8.8,8.4
E00307,P00426,Project Team Member,2023-12-10,2023-12-17,1,6.6,7.2,7.9
E00307,P00428,Project Team Member,2025-07-01,2025-07-15,1,6.5,6.7,7.8
E00307,P00433,Project Team Member,2024-10-23,2024-11-06,1,5.9,5.2,7.6
E00307,P00479,Project Team Member,2025-06-23,2025-07-08,1,9.4,9.7,9.3
E00307,P00481,Project Team Member,2023-12-28,2024-01-11,1,6.9,7.4,8.0
E00307,P00492,Project Team Member,2024-04-28,2024-05-02,1,7.2,6.2,8.2
E00307,P00522,Project Team Member,2025-08-25,2025-09-04,1,5.7,5.0,7.4
E00307,P00523,Project Team Member,2025-12-14,2025-12-31,1,5.5,5.0,7.4
E00307,P00546,Project Team Member,2024-09-08,2024-09-27,1,6.4,6.5,7.8
E00307,P00558,Project Team Member,2023-10-27,2023-10-29,1,7.8,9.1,8.5
E00307,P00610,Project Team Member,2024-02-25,2024-03-05,1,9.6,9.7,9.4
E00307,P00640,Project Team Member,2024-08-19,2024-08-22,1,6.6,7.9,7.9
E00307,P00643,Project Team Member,2025-06-07,2025-06-19,1,7.8,9.0,8.5
E00307,P00644,Project Team Member,2025-10-05,2025-10-17,1,5.5,5.0,7.4
E00307,P00657,Project Team Member,2026-02-06,2026-02-08,1,8.3,9.5,8.8
E00307,P00659,Project Team Member,2023-03-16,2023-03-23,1,8.4,9.6,8.8
E00307,P00663,Project Team Member,2025-07-06,2025-07-08,1,6.0,6.5,7.6
E00307,P00678,Project Team Member,2025-05-29,2025-06-10,1,7.2,6.2,8.2
E00307,P00684,Project Team Member,2024-07-08,2024-07-20,1,7.2,6.2,8.2
E00307,P00693,Project Team Member,2025-04-11,2025-04-17,1,5.5,5.0,7.4
E00307,P00694,Project Team Member,2023-10-09,2023-10-12,1,7.5,8.4,8.4
E00307,P00737,Project Team Member,2025-01-07,2025-01-10,1,6.8,8.1,8.0
E00307,P00751,Project Team Member,2024-05-30,2024-06-07,1,5.5,5.0,7.4
E00307,P00775,Project Team Member,2023-07-25,2023-07-28,1,6.5,7.4,7.8
E00307,P00802,Project Team Member,2024-06-13,2024-06-15,1,6.6,8.0,7.9
E00307,P00806,Project Team Member,2025-07-04,2025-07-11,1,5.5,5.0,7.4
E00307,P00819,Project Team Member,2025-10-04,2025-10-18,1,5.5,5.0,7.4
E00307,P00826,Project Team Member,2025-07-13,2025-07-20,1,6.8,8.1,8.0
E00307,P00866,Project Team Member,2024-10-11,2024-10-18,1,9.3,9.7,9.2
E00307,P00876,Project Team Member,2025-11-20,2025-12-13,1,6.2,6.1,7.7
E00307,P00885,Project Team Member,2024-10-25,2024-11-06,1,7.1,8.3,8.1
E00307,P00900,Project Team Member,2026-01-04,2026-01-09,1,5.5,5.0,7.4
E00308,P00020,Project Team Member,2024-03-12,2024-04-04,1,6.9,8.3,7.2
E00308,P00034,Project Team Member,2024-01-29,2024-02-12,1,7.9,8.7,7.6
E00308,P00104,Project Team Member,2024-07-03,2024-07-16,1,5.5,5.0,6.4
E00308,P00117,Project Team Member,2026-02-02,2026-02-12,1,8.7,9.5,8.0
E00308,P00137,Project Team Member,2024-08-26,2024-09-10,1,7.4,8.2,7.4
E00308,P00200,Project Team Member,2025-03-05,2025-03-09,1,5.5,5.4,6.4
E00308,P00349,Project Team Member,2023-04-21,2023-05-19,1,5.6,5.5,6.5
E00308,P00465,Project Team Member,2025-03-11,2025-03-21,1,8.2,9.2,7.8
E00308,P00475,Project Team Member,2024-07-23,2024-07-30,1,6.5,7.8,7.0
E00308,P00481,Project Team Member,2023-08-08,2023-08-21,1,6.8,7.9,7.1
E00308,P00520,Project Team Member,2024-05-27,2024-06-04,1,7.0,7.5,7.2
E00308,P00559,Project Team Member,2025-06-09,2025-06-12,1,6.2,6.9,6.8
E00308,P00643,Project Team Member,2025-07-28,2025-08-01,1,7.6,8.2,7.5
E00308,P00850,Project Team Member,2026-02-25,2026-03-12,1,7.1,8.5,7.2
E00309,P00022,Specialist,2025-01-21,2025-01-25,1,5.5,5.0,7.0
E00309,P00060,Specialist,2024-10-23,2024-10-26,1,6.8,7.6,7.6
E00309,P00077,Specialist,2024-04-14,2024-04-19,1,7.2,7.6,7.8
E00309,P00079,Specialist,2023-12-16,2023-12-27,1,9.7,9.7,9.0
E00309,P00096,Specialist,2025-04-07,2025-04-13,1,8.4,9.7,8.4
E00309,P00124,Specialist,2025-12-07,2025-12-10,1,7.8,7.4,8.1
E00309,P00126,Specialist,2025-11-30,2025-12-04,1,6.0,5.9,7.2
E00309,P00127,Specialist,2025-05-27,2025-06-06,1,7.0,7.7,7.7
E00309,P00132,Specialist,2023-06-28,2023-07-12,1,6.3,6.2,7.4
E00309,P00139,Specialist,2025-06-17,2025-06-27,1,7.6,8.2,8.0
E00309,P00181,Specialist,2025-11-10,2025-11-14,1,5.5,5.0,7.0
E00309,P00198,Specialist,2024-07-09,2024-07-19,1,7.0,8.2,7.7
E00309,P00210,Specialist,2023-12-23,2023-12-26,1,7.0,7.5,7.7
E00309,P00215,Specialist,2026-03-20,2026-04-03,1,5.5,5.7,7.0
E00309,P00229,Specialist,2026-01-27,2026-02-13,1,6.8,7.2,7.6
E00309,P00242,Specialist,2024-08-06,2024-08-10,1,5.5,5.0,7.0
E00309,P00249,Specialist,2024-01-03,2024-01-18,1,6.8,6.8,7.6
E00309,P00256,Specialist,2025-01-27,2025-02-01,1,5.5,5.0,7.0
E00309,P00260,Specialist,2025-12-08,2025-12-14,1,6.5,7.6,7.4
E00309,P00261,Specialist,2024-01-12,2024-01-14,1,6.6,7.8,7.5
E00309,P00264,Specialist,2026-02-23,2026-03-10,2,7.8,8.1,8.1
E00309,P00270,Specialist,2025-03-22,2025-03-22,1,6.0,6.4,7.2
E00309,P00294,Specialist,2024-07-05,2024-07-18,1,7.4,8.8,7.9
E00309,P00310,Specialist,2023-05-26,2023-06-01,1,5.5,5.0,7.0
E00309,P00319,Specialist,2024-06-30,2024-07-08,1,5.5,5.0,7.0
E00309,P00329,Specialist,2023-11-13,2023-12-03,1,6.7,7.6,7.6
E00309,P00331,Specialist,2024-09-28,2024-10-03,1,5.5,5.0,7.0
E00309,P00378,Specialist,2024-10-21,2024-11-05,1,6.8,8.1,7.6
E00309,P00403,Specialist,2024-08-04,2024-08-08,1,8.7,9.3,8.6
E00309,P00445,Specialist,2024-11-16,2024-12-01,1,6.6,7.6,7.5
E00309,P00462,Specialist,2025-07-21,2025-08-01,1,7.5,8.8,8.0
E00309,P00473,Specialist,2025-06-03,2025-06-11,1,8.1,9.1,8.2
E00309,P00474,Specialist,2026-02-28,2026-03-03,1,6.4,7.2,7.4
E00309,P00541,Specialist,2024-10-01,2024-10-24,1,8.0,9.3,8.2
E00309,P00569,Specialist,2025-07-09,2025-07-18,1,5.6,5.0,7.0
E00309,P00600,Specialist,2025-07-15,2025-07-27,1,7.4,8.2,7.9
E00309,P00634,Specialist,2025-05-10,2025-05-15,1,6.1,6.5,7.2
E00309,P00657,Specialist,2026-02-23,2026-03-26,2,8.4,8.9,8.4
E00309,P00661,Specialist,2023-05-05,2023-05-11,1,6.5,6.6,7.4
E00309,P00687,Specialist,2025-01-02,2025-01-10,1,5.5,5.0,7.0
E00309,P00743,Specialist,2023-09-17,2023-09-23,1,9.2,9.7,8.8
E00309,P00747,Specialist,2023-12-09,2023-12-16,1,7.5,8.8,8.0
E00309,P00794,Specialist,2025-01-13,2025-01-21,1,9.1,9.6,8.8
E00309,P00795,Specialist,2024-01-18,2024-01-20,1,7.0,8.4,7.7
E00309,P00808,Specialist,2024-06-02,2024-07-02,1,7.3,8.2,7.8
E00309,P00826,Specialist,2025-06-05,2025-07-02,1,5.5,5.0,7.0
E00309,P00863,Specialist,2025-09-30,2025-10-13,1,6.4,6.6,7.4
E00309,P00882,Specialist,2024-02-24,2024-03-08,1,7.5,8.8,8.0
E00309,P00886,Specialist,2026-04-05,2026-03-05,1,5.5,5.0,7.0
E00309,P00888,Specialist,2026-02-13,2026-02-25,1,5.5,5.0,7.0
E00309,P00891,Specialist,2023-11-23,2023-12-04,1,7.3,8.6,7.8
E00309,P00894,Specialist,2025-05-14,2025-05-23,1,7.3,7.9,7.8
E00309,P00895,Specialist,2026-03-21,2026-03-31,1,7.6,7.7,8.0
E00310,P00095,Project Team Member,2025-10-12,2025-11-06,1,5.7,5.6,6.8
E00310,P00263,Project Team Member,2024-02-15,2024-02-27,1,5.5,5.7,6.6
E00310,P00267,Project Team Member,2025-08-09,2025-08-13,1,6.6,6.9,7.2
E00310,P00298,Project Team Member,2025-02-23,2025-02-25,1,5.9,5.2,6.8
E00310,P00360,Project Team Member,2025-06-25,2025-07-07,1,9.3,9.7,8.6
E00310,P00375,Project Team Member,2025-03-23,2025-04-04,1,8.7,9.2,8.2
E00310,P00415,Project Team Member,2024-07-10,2024-07-15,1,5.6,6.1,6.7
E00310,P00577,Project Team Member,2025-07-07,2025-07-15,1,5.5,5.6,6.6
E00310,P00578,Project Team Member,2026-03-16,2026-03-31,1,5.5,5.0,6.6
E00310,P00781,Project Team Member,2024-11-24,2024-12-10,1,8.1,8.1,8.0
E00310,P00792,Project Team Member,2023-10-30,2023-11-01,1,5.5,5.0,6.6
E00310,P00806,Project Team Member,2025-10-12,2025-10-16,1,5.5,5.0,6.6
E00310,P00839,Project Team Member,2025-11-09,2025-11-30,1,7.4,8.2,7.6
E00311,P00007,Project Team Member,2024-07-19,2024-07-27,1,7.5,8.5,7.6
E00311,P00013,Project Team Member,2023-08-25,2023-09-03,1,7.6,8.6,7.7
E00311,P00019,Project Team Member,2026-04-13,2026-04-23,1,7.9,8.0,7.8
E00311,P00026,Project Team Member,2023-10-21,2023-10-22,1,9.7,9.7,8.8
E00311,P00055,Project Team Member,2026-02-11,2026-02-25,1,5.5,5.0,6.6
E00311,P00095,Project Team Member,2025-09-02,2025-09-14,1,6.6,7.9,7.2
E00311,P00104,Project Team Member,2023-12-10,2023-12-14,1,5.5,5.0,6.6
E00311,P00141,Project Team Member,2026-03-24,2026-04-02,1,5.5,5.0,6.6
E00311,P00151,Project Team Member,2025-10-17,2025-10-28,1,6.7,7.6,7.2
E00311,P00169,Project Team Member,2024-03-14,2024-04-10,1,5.7,5.1,6.8
E00311,P00176,Project Team Member,2024-06-01,2024-06-27,1,5.5,5.0,6.6
E00311,P00190,Project Team Member,2023-02-24,2023-03-11,1,7.4,8.4,7.6
E00311,P00224,Project Team Member,2024-05-28,2024-06-06,1,7.0,7.7,7.4
E00311,P00240,Project Team Member,2023-05-10,2023-05-17,1,5.5,5.0,6.6
E00311,P00250,Project Team Member,2023-09-27,2023-09-30,1,5.5,5.0,6.6
E00311,P00276,Project Team Member,2025-06-25,2025-07-10,1,5.5,5.0,6.6
E00311,P00293,Project Team Member,2024-05-29,2024-06-18,1,6.3,7.2,7.0
E00311,P00304,Project Team Member,2025-07-20,2025-07-30,1,8.1,9.4,8.0
E00311,P00446,Project Team Member,2025-09-19,2025-09-27,1,6.2,7.1,7.0
E00311,P00489,Project Team Member,2025-03-26,2025-04-10,1,7.6,8.8,7.7
E00311,P00495,Project Team Member,2026-02-08,2026-02-20,1,7.4,7.9,7.6
E00311,P00523,Project Team Member,2025-09-03,2025-09-17,1,6.8,8.2,7.3
E00311,P00533,Project Team Member,2025-09-18,2025-10-04,1,8.4,9.7,8.1
E00311,P00617,Project Team Member,2025-09-01,2025-09-11,1,8.5,9.0,8.2
E00311,P00623,Project Team Member,2024-01-02,2024-01-10,1,6.8,8.2,7.3
E00311,P00681,Project Team Member,2025-12-09,2025-12-17,1,6.8,8.1,7.3
E00311,P00697,Project Team Member,2025-11-26,2025-12-07,1,7.9,9.2,7.8
E00311,P00699,Project Team Member,2024-04-18,2024-04-29,1,7.1,7.6,7.4
E00311,P00710,Project Team Member,2025-11-04,2025-11-09,1,5.5,5.0,6.6
E00311,P00720,Project Team Member,2025-03-24,2025-03-27,1,7.7,8.4,7.8
E00311,P00729,Project Team Member,2023-04-24,2023-05-08,1,8.0,9.3,7.9
E00311,P00758,Project Team Member,2023-10-30,2023-11-09,1,5.5,5.0,6.6
E00311,P00779,Project Team Member,2023-08-27,2023-08-30,1,9.0,9.7,8.4
E00311,P00812,Project Team Member,2023-05-05,2023-05-15,1,7.4,8.3,7.6
E00312,P00115,Project Team Member,2025-01-12,2025-01-19,1,8.3,8.8,8.6
E00312,P00245,Project Team Member,2025-11-27,2025-12-26,1,5.5,5.0,7.2
E00312,P00281,Project Team Member,2023-12-20,2024-01-01,1,9.2,9.7,9.1
E00312,P00518,Project Team Member,2023-12-21,2024-01-06,1,5.5,5.0,7.2
E00312,P00583,Project Team Member,2026-03-17,2026-03-22,1,9.3,9.7,9.2
E00312,P00595,Project Team Member,2026-02-13,2026-02-21,1,7.4,8.8,8.2
E00312,P00629,Project Team Member,2025-12-21,2026-01-03,1,6.1,6.4,7.6
E00312,P00678,Project Team Member,2026-01-19,2026-01-25,1,5.5,5.0,7.2
E00312,P00681,Project Team Member,2026-01-11,2026-01-14,1,9.4,9.7,9.2
E00312,P00859,Project Team Member,2026-04-06,2026-03-13,1,6.0,6.9,7.5
E00313,P00060,Project Team Member,2024-11-14,2024-11-24,1,5.5,5.0,7.2
E00313,P00066,Project Team Member,2024-06-21,2024-07-01,1,5.5,5.3,7.2
E00313,P00141,Project Team Member,2025-12-08,2025-12-15,1,9.7,9.7,9.2
E00313,P00331,Project Team Member,2024-09-13,2024-09-26,1,6.9,7.9,7.8
E00313,P00346,Project Team Member,2026-02-06,2026-02-09,1,7.7,8.6,8.2
E00313,P00362,Project Team Member,2023-09-14,2023-09-17,1,5.5,5.0,7.2
E00313,P00387,Project Team Member,2024-02-18,2024-02-20,1,7.8,9.1,8.3
E00313,P00473,Project Team Member,2025-09-04,2025-09-23,1,7.8,9.0,8.3
E00313,P00492,Project Team Member,2024-05-21,2024-05-29,1,6.6,8.0,7.7
E00313,P00513,Project Team Member,2025-12-23,2026-01-06,1,6.0,6.6,7.4
E00313,P00635,Project Team Member,2023-09-16,2023-09-24,1,6.3,6.4,7.6
E00313,P00667,Project Team Member,2024-03-09,2024-03-13,1,5.5,5.0,7.2
E00313,P00712,Project Team Member,2026-03-24,2026-04-08,1,6.0,5.8,7.4
E00313,P00728,Project Team Member,2024-02-22,2024-06-09,2,7.5,8.3,8.2
E00313,P00768,Project Team Member,2024-02-14,2024-02-22,1,6.1,5.1,7.4
E00313,P00797,Project Team Member,2024-09-22,2024-10-03,1,8.4,8.3,8.6
E00313,P00863,Project Team Member,2025-09-03,2025-09-16,1,6.2,6.0,7.5
E00313,P00873,Project Team Member,2025-12-08,2025-12-15,1,6.6,7.9,7.7
E00314,P00003,Project Team Member,2026-02-22,2026-02-27,1,9.0,9.7,8.9
E00314,P00005,Project Team Member,2024-05-11,2024-05-13,1,6.4,6.0,7.6
E00314,P00062,Project Team Member,2025-04-20,2025-05-05,1,6.4,5.4,7.6
E00314,P00077,Project Team Member,2024-01-09,2024-01-15,1,9.4,9.7,9.1
E00314,P00078,Project Team Member,2024-11-30,2024-12-05,1,6.0,6.8,7.4
E00314,P00129,Project Team Member,2026-04-10,2026-04-19,1,9.2,9.7,9.0
E00314,P00151,Project Team Member,2025-11-14,2025-12-01,1,6.5,6.7,7.6
E00314,P00160,Project Team Member,2023-12-06,2023-12-12,1,7.6,8.7,8.2
E00314,P00189,Project Team Member,2024-08-26,2024-09-08,1,8.6,9.6,8.7
E00314,P00205,Project Team Member,2025-07-07,2025-07-18,1,5.5,5.0,7.2
E00314,P00213,Project Team Member,2023-06-05,2023-06-12,1,7.3,8.6,8.0
E00314,P00218,Project Team Member,2025-11-18,2025-11-28,1,7.7,8.7,8.2
E00314,P00223,Project Team Member,2025-03-28,2025-04-12,1,7.7,8.9,8.2
E00314,P00300,Project Team Member,2023-05-06,2023-05-29,1,6.8,8.1,7.8
E00314,P00307,Project Team Member,2024-07-01,2024-07-14,1,7.8,7.2,8.3
E00314,P00334,Project Team Member,2025-10-08,2025-10-16,1,6.0,5.3,7.4
E00314,P00337,Project Team Member,2023-05-01,2023-05-05,1,5.5,5.0,7.2
E00314,P00343,Project Team Member,2023-10-22,2023-11-04,2,7.7,8.4,8.2
E00314,P00344,Project Team Member,2023-11-09,2023-11-13,1,8.2,8.3,8.5
E00314,P00357,Project Team Member,2023-06-10,2023-06-12,1,6.9,5.9,7.8
E00314,P00362,Project Team Member,2024-02-14,2024-02-18,1,5.9,6.8,7.4
E00314,P00376,Project Team Member,2025-11-05,2025-11-08,1,7.9,9.2,8.4
E00314,P00377,Project Team Member,2024-04-29,2024-05-11,2,5.5,5.0,7.2
E00314,P00379,Project Team Member,2023-09-14,2023-09-19,1,7.0,8.1,7.9
E00314,P00380,Project Team Member,2023-11-28,2023-11-29,1,6.7,8.0,7.8
E00314,P00388,Project Team Member,2023-07-31,2023-08-07,1,5.6,6.6,7.2
E00314,P00403,Project Team Member,2024-06-03,2024-06-06,1,5.5,5.0,7.2
E00314,P00410,Project Team Member,2024-06-19,2024-07-03,1,6.4,7.6,7.6
E00314,P00411,Project Team Member,2024-03-17,2024-03-25,1,8.4,9.7,8.6
E00314,P00448,Project Team Member,2025-09-02,2025-09-14,1,6.5,7.2,7.6
E00314,P00450,Project Team Member,2024-10-19,2024-10-31,1,5.5,5.0,7.2
E00314,P00510,Project Team Member,2026-03-13,2026-03-22,1,7.2,8.5,8.0
E00314,P00540,Project Team Member,2024-06-13,2024-06-22,1,6.4,5.4,7.6
E00314,P00612,Project Team Member,2023-03-18,2023-03-20,1,8.2,8.0,8.5
E00314,P00684,Project Team Member,2024-05-29,2024-06-09,1,5.5,5.0,7.2
E00314,P00700,Project Team Member,2024-06-23,2024-07-05,1,6.3,6.3,7.6
E00314,P00740,Project Team Member,2026-02-13,2026-02-22,1,6.4,6.5,7.6
E00314,P00747,Project Team Member,2023-09-22,2023-10-07,1,7.8,8.4,8.3
E00314,P00758,Project Team Member,2023-04-01,2023-04-13,1,6.7,8.0,7.8
E00314,P00769,Project Team Member,2025-08-24,2025-09-16,1,7.9,9.1,8.4
E00314,P00850,Project Team Member,2025-05-19,2025-05-31,1,5.5,5.0,7.2
E00314,P00864,Project Team Member,2024-02-29,2024-03-08,1,7.5,8.9,8.2
E00314,P00868,Project Team Member,2025-08-17,2025-09-06,1,7.0,8.4,7.9
E00315,P00053,Project Team Member,2025-02-13,2025-03-10,1,7.6,7.9,8.4
E00315,P00065,Project Team Member,2024-10-04,2024-11-01,1,7.9,7.4,8.6
E00315,P00085,Project Team Member,2023-03-24,2023-04-06,1,7.8,8.5,8.5
E00315,P00091,Project Team Member,2026-01-30,2026-02-26,1,6.6,7.5,7.9
E00315,P00116,Project Team Member,2024-11-06,2024-11-19,1,8.0,9.3,8.6
E00315,P00134,Project Team Member,2026-03-28,2026-04-08,1,6.3,6.4,7.8
E00315,P00136,Project Team Member,2024-11-02,2024-11-08,1,5.5,5.1,7.4
E00315,P00223,Project Team Member,2025-04-16,2025-04-29,1,5.5,5.0,7.4
E00315,P00348,Project Team Member,2025-02-10,2025-02-15,1,6.3,7.3,7.8
E00315,P00353,Project Team Member,2024-12-10,2025-09-02,2,7.5,7.5,8.4
E00315,P00511,Project Team Member,2025-06-04,2025-06-13,1,7.8,9.0,8.5
E00315,P00554,Project Team Member,2024-09-17,2024-09-22,1,8.4,9.7,8.8
E00315,P00560,Project Team Member,2025-04-07,2025-04-22,1,6.9,8.2,8.0
E00315,P00595,Project Team Member,2026-02-17,2026-02-21,1,6.1,6.9,7.6
E00315,P00601,Project Team Member,2024-10-08,2024-10-20,1,6.8,7.7,8.0
E00315,P00622,Project Team Member,2024-09-12,2024-09-19,1,5.5,5.0,7.4
E00315,P00626,Project Team Member,2026-01-09,2026-01-20,1,7.7,8.5,8.4
E00315,P00728,Project Team Member,2024-04-20,2024-04-30,1,5.7,5.7,7.4
E00315,P00736,Project Team Member,2025-09-28,2025-10-24,1,6.2,7.0,7.7
E00315,P00749,Project Team Member,2026-03-22,2026-03-24,1,5.5,5.4,7.4
E00315,P00767,Project Team Member,2024-11-19,2024-11-26,1,5.9,6.8,7.6
E00315,P00843,Project Team Member,2025-05-31,2025-06-20,1,5.6,5.6,7.4
E00316,P00025,Project Team Member,2024-11-05,2024-11-14,1,6.2,6.7,7.1
E00316,P00049,Project Team Member,2024-06-22,2024-06-25,1,7.5,8.4,7.8
E00316,P00063,Project Team Member,2026-03-25,2026-03-29,1,8.0,9.3,8.0
E00316,P00087,Project Team Member,2026-03-01,2026-03-09,1,5.5,5.0,6.8
E00316,P00104,Project Team Member,2023-04-14,2023-04-24,1,7.0,7.6,7.5
E00316,P00121,Project Team Member,2024-04-18,2024-05-03,1,5.5,5.0,6.8
E00316,P00154,Project Team Member,2025-08-09,2025-08-18,1,7.1,8.4,7.6
E00316,P00210,Project Team Member,2024-02-12,2024-03-03,1,5.9,5.6,7.0
E00316,P00217,Project Team Member,2025-06-15,2025-06-22,1,7.4,8.2,7.7
E00316,P00249,Project Team Member,2023-09-14,2023-09-16,1,5.9,6.7,7.0
E00316,P00252,Project Team Member,2025-12-14,2026-01-07,1,8.3,8.2,8.2
E00316,P00310,Project Team Member,2023-05-29,2023-06-06,1,7.9,7.5,8.0
E00316,P00337,Project Team Member,2023-07-22,2023-08-05,1,8.4,9.7,8.2
E00316,P00352,Project Team Member,2023-04-27,2023-05-06,1,7.9,8.7,8.0
E00316,P00480,Project Team Member,2024-01-10,2024-01-12,1,6.5,7.4,7.2
E00316,P00494,Project Team Member,2024-09-12,2024-09-24,1,5.5,5.0,6.8
E00316,P00547,Project Team Member,2024-06-26,2024-07-20,1,7.2,7.7,7.6
E00316,P00592,Project Team Member,2025-01-05,2025-01-07,1,7.8,9.0,7.9
E00316,P00604,Project Team Member,2024-05-09,2024-05-15,1,8.0,9.1,8.0
E00316,P00673,Project Team Member,2024-03-31,2024-04-13,1,7.4,7.4,7.7
E00316,P00677,Project Team Member,2025-02-28,2025-03-07,1,8.8,9.6,8.4
E00316,P00679,Project Team Member,2026-03-21,2026-02-28,1,7.8,9.2,7.9
E00316,P00703,Project Team Member,2025-05-03,2025-05-28,2,8.3,9.0,8.2
E00316,P00715,Project Team Member,2026-01-05,2026-01-14,1,6.2,7.6,7.1
E00316,P00721,Project Team Member,2026-03-03,2026-03-11,1,5.5,5.0,6.8
E00316,P00731,Project Team Member,2024-03-01,2024-03-09,1,8.0,7.7,8.0
E00316,P00761,Project Team Member,2025-09-10,2025-09-19,1,5.5,5.0,6.8
E00316,P00794,Project Team Member,2025-01-14,2025-02-04,1,6.7,7.4,7.4
E00316,P00799,Project Team Member,2024-08-01,2024-10-29,2,5.5,5.0,6.8
E00316,P00850,Project Team Member,2026-01-01,2026-01-06,1,7.0,7.8,7.5
E00316,P00858,Project Team Member,2025-10-07,2025-10-14,1,7.4,8.3,7.7
E00317,P00026,Project Team Member,2023-09-07,2023-09-18,1,7.8,8.9,8.2
E00317,P00061,Project Team Member,2023-04-12,2023-04-18,1,6.8,7.1,7.7
E00317,P00076,Project Team Member,2026-02-14,2026-03-05,1,5.5,5.0,7.0
E00317,P00099,Project Team Member,2024-11-08,2024-11-21,1,5.5,5.9,7.0
E00317,P00108,Project Team Member,2024-11-26,2024-12-08,1,5.5,5.0,7.0
E00317,P00109,Project Team Member,2023-02-08,2023-02-11,1,7.2,6.2,7.9
E00317,P00118,Project Team Member,2025-04-28,2025-04-30,1,5.7,5.4,7.2
E00317,P00182,Project Team Member,2024-04-23,2024-05-08,1,8.2,8.9,8.4
E00317,P00220,Project Team Member,2023-08-08,2023-08-14,1,7.0,8.4,7.8
E00317,P00227,Project Team Member,2026-03-14,2026-04-11,1,6.4,7.4,7.5
E00317,P00233,Project Team Member,2026-01-26,2026-02-20,1,7.8,9.1,8.2
E00317,P00240,Project Team Member,2023-06-02,2023-06-05,1,5.6,5.0,7.1
E00317,P00269,Project Team Member,2024-01-11,2024-01-20,1,8.0,9.4,8.3
E00317,P00388,Project Team Member,2023-07-25,2023-07-30,1,6.3,7.3,7.4
E00317,P00450,Project Team Member,2025-01-07,2025-01-14,1,7.6,8.7,8.1
E00317,P00527,Project Team Member,2025-02-08,2025-03-07,1,6.1,6.9,7.4
E00317,P00574,Project Team Member,2024-10-07,2024-10-11,1,5.9,6.2,7.2
E00317,P00597,Project Team Member,2024-01-04,2024-01-19,1,7.3,8.6,8.0
E00317,P00644,Project Team Member,2025-08-06,2025-08-13,1,6.8,8.1,7.7
E00317,P00671,Project Team Member,2024-01-07,2024-01-07,1,6.4,7.7,7.5
E00317,P00749,Project Team Member,2026-03-21,2026-03-26,1,5.5,5.0,7.0
E00317,P00821,Project Team Member,2024-03-23,2024-03-24,1,7.6,9.0,8.1
E00317,P00850,Project Team Member,2025-05-03,2025-05-07,1,5.5,5.0,7.0
E00317,P00855,Project Team Member,2025-08-28,2025-09-02,1,5.5,6.6,7.0
E00318,P00037,Project Team Member,2025-11-04,2025-11-17,1,5.8,5.6,6.8
E00318,P00044,Project Team Member,2024-05-31,2024-06-07,1,7.1,7.8,7.4
E00318,P00045,Project Team Member,2023-08-18,2023-09-02,1,7.6,8.9,7.7
E00318,P00095,Project Team Member,2025-08-21,2025-09-19,1,5.5,5.0,6.6
E00318,P00100,Project Team Member,2024-02-09,2024-02-24,1,6.1,6.9,7.0
E00318,P00104,Project Team Member,2023-11-01,2023-11-04,1,7.8,8.6,7.8
E00318,P00127,Project Team Member,2025-10-17,2025-10-27,1,7.8,9.0,7.8
E00318,P00148,Project Team Member,2023-10-17,2023-10-23,1,8.0,9.3,7.9
E00318,P00158,Project Team Member,2025-11-05,2025-11-28,1,5.5,5.0,6.6
E00318,P00163,Project Team Member,2024-10-10,2024-10-22,1,7.0,8.3,7.4
E00318,P00178,Project Team Member,2026-04-14,2026-04-20,1,7.3,8.6,7.6
E00318,P00222,Project Team Member,2023-06-17,2023-06-19,1,8.0,7.5,7.9
E00318,P00230,Project Team Member,2025-06-08,2025-06-20,1,6.9,8.3,7.4
E00318,P00252,Project Team Member,2025-10-13,2025-10-24,1,9.7,9.7,8.8
E00318,P00270,Project Team Member,2025-03-18,2025-03-22,1,5.5,5.0,6.6
E00318,P00371,Project Team Member,2025-06-16,2025-06-28,1,6.7,7.7,7.2
E00318,P00394,Project Team Member,2023-07-21,2023-07-28,1,6.5,7.1,7.2
E00318,P00396,Project Team Member,2025-08-31,2025-09-13,1,5.5,5.0,6.6
E00318,P00402,Project Team Member,2026-03-21,2026-03-30,1,6.1,5.1,7.0
E00318,P00438,Project Team Member,2025-08-04,2025-08-08,1,9.5,9.7,8.6
E00318,P00449,Project Team Member,2026-01-02,2026-01-13,1,5.5,5.0,6.6
E00318,P00494,Project Team Member,2024-10-25,2024-11-07,1,6.9,8.2,7.4
E00318,P00520,Project Team Member,2023-11-03,2023-11-25,1,8.6,9.6,8.2
E00318,P00538,Project Team Member,2025-07-07,2025-07-15,1,5.5,5.0,6.6
E00318,P00543,Project Team Member,2023-05-01,2023-05-21,1,6.6,8.0,7.2
E00318,P00596,Project Team Member,2024-09-25,2024-09-27,1,6.7,7.6,7.2
E00318,P00600,Project Team Member,2025-09-13,2025-09-19,1,6.1,6.9,7.0
E00318,P00605,Project Team Member,2025-12-28,2026-01-24,1,5.5,5.0,6.6
E00318,P00610,Project Team Member,2023-12-05,2023-12-18,1,6.4,7.6,7.1
E00318,P00638,Project Team Member,2026-03-02,2026-03-13,1,5.9,5.2,6.8
E00318,P00654,Project Team Member,2026-03-06,2026-03-16,1,7.4,6.8,7.6
E00318,P00679,Project Team Member,2026-03-21,2026-02-28,1,6.6,6.3,7.2
E00318,P00735,Project Team Member,2024-06-27,2024-07-09,1,9.3,9.7,8.6
E00318,P00800,Project Team Member,2025-10-08,2025-10-10,1,8.0,9.4,7.9
E00318,P00887,Project Team Member,2023-11-20,2023-11-27,1,5.6,6.2,6.7
E00319,P00070,Coordinator,2023-08-13,2023-08-24,1,5.8,5.5,7.0
E00319,P00080,Coordinator,2025-12-19,2025-12-22,1,8.0,9.3,8.1
E00319,P00167,Coordinator,2025-05-11,2025-05-13,1,5.5,5.1,6.8
E00319,P00173,Coordinator,2025-08-20,2025-08-27,1,5.5,5.0,6.8
E00319,P00190,Coordinator,2023-09-02,2023-09-11,1,5.5,5.0,6.8
E00319,P00257,Coordinator,2023-02-16,2023-03-02,1,5.5,5.0,6.8
E00319,P00359,Coordinator,2026-02-26,2026-03-08,1,5.5,5.0,6.8
E00319,P00363,Coordinator,2026-03-07,2026-02-23,1,5.5,5.0,6.8
E00319,P00419,Coordinator,2024-03-24,2024-04-08,1,7.2,6.2,7.7
E00319,P00475,Coordinator,2024-11-27,2024-12-03,1,5.9,5.5,7.0
E00319,P00521,Coordinator,2023-07-12,2023-07-18,1,5.5,5.0,6.8
E00319,P00559,Coordinator,2025-06-29,2025-07-13,1,6.6,6.3,7.4
E00319,P00628,Coordinator,2023-10-27,2023-11-24,1,7.3,8.2,7.8
E00319,P00654,Coordinator,2026-03-05,2026-03-14,1,6.2,7.6,7.2
E00319,P00657,Coordinator,2026-02-16,2026-02-27,1,6.2,7.6,7.2
E00319,P00685,Coordinator,2026-03-11,2026-03-19,1,8.3,9.0,8.2
E00319,P00712,Coordinator,2026-03-17,2026-03-27,1,7.4,7.7,7.8
E00319,P00811,Coordinator,2024-04-15,2024-04-17,1,6.5,6.2,7.4
E00319,P00843,Coordinator,2025-11-22,2025-12-21,1,6.7,6.0,7.4
E00319,P00870,Coordinator,2023-08-10,2023-08-22,1,6.3,6.6,7.2
E00320,P00002,Project Team Member,2025-06-22,2025-06-25,1,6.4,5.4,7.1
E00320,P00017,Project Team Member,2024-07-31,2024-08-08,1,9.3,9.7,8.6
E00320,P00054,Project Team Member,2023-03-25,2023-03-29,1,8.0,8.9,7.9
E00320,P00098,Project Team Member,2024-11-16,2024-11-30,1,8.4,8.8,8.1
E00320,P00130,Project Team Member,2025-12-01,2025-12-14,1,5.5,5.0,6.6
E00320,P00176,Project Team Member,2025-02-04,2025-02-11,1,5.5,5.0,6.6
E00320,P00178,Project Team Member,2026-04-14,2026-04-21,1,7.2,6.2,7.5
E00320,P00260,Project Team Member,2025-06-27,2025-07-08,1,7.5,8.4,7.6
E00320,P00360,Project Team Member,2025-04-05,2025-04-08,1,7.1,8.5,7.4
E00320,P00403,Project Team Member,2024-10-13,2024-10-19,1,6.3,7.6,7.0
E00320,P00407,Project Team Member,2024-11-16,2025-02-27,2,7.7,8.5,7.8
E00320,P00432,Project Team Member,2024-10-31,2024-11-04,1,5.5,5.0,6.6
E00320,P00555,Project Team Member,2024-01-31,2024-02-15,1,5.5,5.0,6.6
E00320,P00573,Project Team Member,2023-12-15,2023-12-18,1,7.1,8.2,7.4
E00320,P00590,Project Team Member,2025-12-22,2026-01-06,1,5.5,5.0,6.6
E00320,P00664,Project Team Member,2024-12-13,2024-12-31,1,5.5,5.0,6.6
E00320,P00679,Project Team Member,2026-03-21,2026-02-28,1,8.0,9.3,7.9
E00320,P00836,Project Team Member,2025-05-10,2025-05-19,1,6.0,6.9,6.9
E00320,P00851,Project Team Member,2023-09-12,2023-09-17,1,6.0,5.8,6.9
E00320,P00867,Project Team Member,2024-01-20,2024-01-28,1,5.7,5.9,6.8
E00321,P00051,Project Team Member,2024-11-09,2024-11-19,1,7.5,8.5,7.8
E00321,P00112,Project Team Member,2025-07-14,2025-07-22,1,5.6,5.2,6.8
E00321,P00127,Project Team Member,2025-04-02,2025-04-21,1,8.8,9.7,8.4
E00321,P00132,Project Team Member,2023-09-21,2023-10-03,1,6.6,6.8,7.3
E00321,P00168,Project Team Member,2023-05-01,2023-05-04,1,5.5,5.0,6.8
E00321,P00180,Project Team Member,2025-06-21,2025-07-04,1,5.5,5.0,6.8
E00321,P00212,Project Team Member,2025-03-28,2025-04-06,1,6.8,6.7,7.4
E00321,P00234,Project Team Member,2024-07-31,2024-08-06,1,7.4,8.4,7.7
E00321,P00248,Project Team Member,2026-02-08,2026-02-12,1,7.6,9.0,7.8
E00321,P00260,Project Team Member,2025-06-22,2025-06-28,1,7.3,8.6,7.6
E00321,P00271,Project Team Member,2024-05-03,2024-05-18,1,5.5,5.0,6.8
E00321,P00280,Project Team Member,2025-01-13,2025-01-23,1,5.5,5.5,6.8
E00321,P00289,Project Team Member,2025-07-16,2025-07-31,1,5.5,5.2,6.8
E00321,P00357,Project Team Member,2023-05-22,2023-06-06,1,5.5,5.0,6.8
E00321,P00362,Project Team Member,2024-08-07,2024-08-13,1,7.8,8.9,7.9
E00321,P00371,Project Team Member,2025-04-28,2025-05-13,1,6.3,6.4,7.2
E00321,P00374,Project Team Member,2025-09-12,2025-09-21,1,5.7,5.4,6.8
E00321,P00412,Project Team Member,2024-08-13,2024-08-28,1,5.5,5.0,6.8
E00321,P00470,Project Team Member,2023-04-24,2023-05-07,1,7.8,7.2,7.9
E00321,P00474,Project Team Member,2026-02-08,2026-02-21,2,5.5,5.0,6.8
E00321,P00657,Project Team Member,2026-03-13,2026-04-01,1,7.0,8.4,7.5
E00321,P00662,Project Team Member,2025-07-29,2025-08-07,1,7.2,8.5,7.6
E00321,P00664,Project Team Member,2024-09-21,2024-10-09,1,5.5,5.0,6.8
E00321,P00684,Project Team Member,2024-12-06,2024-12-20,1,7.3,8.7,7.6
E00321,P00694,Project Team Member,2023-12-21,2023-12-27,1,6.4,6.6,7.2
E00321,P00738,Project Team Member,2024-04-17,2024-04-26,1,6.4,7.4,7.2
E00321,P00748,Project Team Member,2026-01-03,2026-01-13,1,5.6,5.9,6.8
E00321,P00787,Project Team Member,2026-04-03,2026-05-01,1,6.4,6.9,7.2
E00321,P00834,Project Team Member,2024-01-07,2024-01-15,1,5.7,5.9,6.8
E00321,P00888,Project Team Member,2025-12-26,2026-02-05,2,7.3,7.0,7.6
E00321,P00893,Project Team Member,2025-12-10,2025-12-24,1,5.5,5.0,6.8
E00321,P00894,Project Team Member,2025-10-23,2025-11-01,1,6.5,7.3,7.2
E00321,P00895,Project Team Member,2026-03-18,2026-03-28,1,8.9,9.7,8.4
E00322,P00026,Project Team Member,2023-09-28,2023-10-08,1,7.5,8.9,8.0
E00322,P00036,Project Team Member,2023-12-25,2023-12-29,1,5.5,5.0,7.0
E00322,P00039,Project Team Member,2023-02-25,2023-03-18,1,6.2,7.0,7.4
E00322,P00050,Project Team Member,2025-11-08,2025-12-05,1,7.8,9.2,8.2
E00322,P00052,Project Team Member,2024-01-11,2024-01-13,1,8.4,9.7,8.5
E00322,P00057,Project Team Member,2023-03-05,2023-03-30,1,6.9,8.2,7.8
E00322,P00077,Project Team Member,2024-01-13,2024-01-18,1,8.5,9.5,8.6
E00322,P00103,Project Team Member,2024-08-07,2024-09-06,1,7.0,7.6,7.8
E00322,P00145,Project Team Member,2026-04-06,2026-03-14,1,5.7,5.7,7.2
E00322,P00158,Project Team Member,2025-09-08,2025-09-16,1,7.4,6.5,8.0
E00322,P00159,Project Team Member,2025-10-08,2025-10-22,1,6.3,7.2,7.4
E00322,P00178,Project Team Member,2026-04-14,2026-04-22,1,5.5,5.0,7.0
E00322,P00234,Project Team Member,2024-06-17,2024-06-26,1,7.3,7.5,8.0
E00322,P00280,Project Team Member,2025-02-05,2025-02-15,1,5.5,5.0,7.0
E00322,P00285,Project Team Member,2023-06-13,2023-06-28,1,7.0,7.9,7.8
E00322,P00313,Project Team Member,2025-07-20,2025-07-27,1,8.5,8.5,8.6
E00322,P00321,Project Team Member,2023-12-04,2023-12-19,1,6.2,6.6,7.4
E00322,P00331,Project Team Member,2025-04-05,2025-04-15,1,6.4,6.4,7.5
E00322,P00358,Project Team Member,2024-12-24,2024-12-29,1,9.2,9.7,8.9
E00322,P00369,Project Team Member,2024-02-07,2024-02-20,1,6.4,6.6,7.5
E00322,P00377,Project Team Member,2025-03-03,2025-03-18,1,9.2,9.7,8.9
E00322,P00389,Project Team Member,2025-03-18,2025-03-21,1,9.7,9.7,9.1
E00322,P00393,Project Team Member,2026-02-18,2026-02-24,1,5.5,5.0,7.0
E00322,P00396,Project Team Member,2026-02-07,2026-02-14,1,8.0,9.3,8.3
E00322,P00463,Project Team Member,2026-04-28,2026-02-19,1,5.5,5.0,7.0
E00322,P00489,Project Team Member,2024-11-03,2024-11-17,1,5.5,5.0,7.0
E00322,P00514,Project Team Member,2024-10-18,2024-11-08,1,5.5,5.4,7.0
E00322,P00564,Project Team Member,2025-08-01,2025-08-11,1,8.0,9.3,8.3
E00322,P00566,Project Team Member,2025-12-19,2025-12-26,1,6.5,6.9,7.6
E00322,P00573,Project Team Member,2024-08-11,2024-08-22,1,7.3,8.6,8.0
E00322,P00578,Project Team Member,2026-03-09,2026-03-20,1,5.7,6.1,7.2
E00322,P00611,Project Team Member,2024-02-17,2024-06-02,2,7.8,8.0,8.2
E00322,P00628,Project Team Member,2024-08-26,2024-08-29,1,7.9,7.4,8.2
E00322,P00634,Project Team Member,2025-03-05,2025-03-08,1,6.0,5.8,7.3
E00322,P00647,Project Team Member,2025-01-09,2025-01-19,1,6.5,6.2,7.6
E00322,P00671,Project Team Member,2023-10-04,2023-10-06,1,6.3,6.5,7.4
E00322,P00721,Project Team Member,2026-03-10,2026-03-11,1,6.7,7.9,7.6
E00322,P00723,Project Team Member,2023-05-04,2023-06-01,1,5.5,5.0,7.0
E00322,P00762,Project Team Member,2025-08-18,2025-08-30,1,8.3,9.3,8.4
E00322,P00805,Project Team Member,2025-05-06,2025-05-18,1,6.8,7.8,7.7
E00322,P00815,Project Team Member,2025-09-22,2025-09-25,1,6.6,6.8,7.6
E00322,P00831,Project Team Member,2025-11-10,2025-11-18,1,6.7,7.0,7.6
E00322,P00849,Project Team Member,2024-08-29,2024-09-06,1,6.1,5.1,7.4
E00322,P00864,Project Team Member,2024-04-08,2024-04-23,1,6.2,6.8,7.4
E00322,P00875,Project Team Member,2024-10-08,2025-02-10,2,5.7,5.0,7.2
E00322,P00889,Project Team Member,2024-03-03,2024-03-17,1,7.9,8.6,8.2
E00322,P00891,Project Team Member,2023-09-21,2023-10-06,1,7.3,8.6,8.0
E00323,P00004,Coordinator,2024-04-01,2024-04-15,1,8.0,9.3,7.6
E00323,P00094,Coordinator,2026-04-15,2026-04-27,1,6.9,6.9,7.0
E00323,P00110,Coordinator,2023-12-29,2024-01-01,1,7.8,8.7,7.5
E00323,P00134,Coordinator,2026-03-28,2026-04-10,1,5.5,5.0,6.4
E00323,P00161,Coordinator,2025-05-20,2025-05-25,1,5.5,5.1,6.4
E00323,P00169,Coordinator,2023-10-02,2023-10-07,1,7.6,8.2,7.4
E00323,P00188,Coordinator,2025-10-30,2025-11-11,1,5.5,5.0,6.4
E00323,P00204,Coordinator,2025-02-15,2025-02-28,1,6.3,6.3,6.8
E00323,P00208,Coordinator,2025-02-27,2025-03-12,1,7.7,9.0,7.4
E00323,P00222,Coordinator,2023-06-09,2023-06-18,1,6.5,6.5,6.8
E00323,P00232,Coordinator,2023-09-16,2023-09-20,1,8.6,9.1,7.9
E00323,P00247,Coordinator,2026-02-12,2026-02-25,1,6.7,7.0,7.0
E00323,P00250,Coordinator,2024-10-12,2024-10-26,1,8.0,9.3,7.6
E00323,P00262,Coordinator,2024-07-28,2024-08-04,1,8.0,9.3,7.6
E00323,P00282,Coordinator,2023-10-30,2023-11-08,1,5.5,5.5,6.4
E00323,P00289,Coordinator,2025-06-22,2025-06-28,1,8.0,9.3,7.6
E00323,P00348,Coordinator,2026-02-16,2026-02-20,1,6.2,6.2,6.7
E00323,P00365,Coordinator,2025-04-01,2025-04-03,1,9.7,9.7,8.4
E00323,P00366,Coordinator,2023-09-16,2023-09-24,1,5.5,5.6,6.4
E00323,P00369,Coordinator,2024-04-17,2024-04-20,1,7.3,8.7,7.2
E00323,P00389,Coordinator,2025-03-13,2025-03-19,1,6.4,7.4,6.8
E00323,P00438,Coordinator,2025-09-02,2025-09-06,1,5.8,6.7,6.5
E00323,P00447,Coordinator,2023-08-18,2023-08-30,1,5.5,5.0,6.4
E00323,P00461,Coordinator,2023-07-05,2023-07-19,1,6.9,8.3,7.0
E00323,P00469,Coordinator,2024-05-30,2024-06-12,1,8.1,9.3,7.6
E00323,P00474,Coordinator,2026-03-14,2026-03-29,1,5.5,5.0,6.4
E00323,P00488,Coordinator,2023-06-27,2023-07-11,1,6.3,6.8,6.8
E00323,P00503,Coordinator,2023-09-01,2023-09-17,1,6.6,6.8,6.9
E00323,P00538,Coordinator,2025-10-27,2025-11-01,1,5.5,5.0,6.4
E00323,P00543,Coordinator,2023-03-23,2023-03-31,1,5.5,5.0,6.4
E00323,P00547,Coordinator,2023-05-30,2023-06-06,1,7.1,8.5,7.2
E00323,P00549,Coordinator,2025-08-10,2025-08-20,1,6.1,7.1,6.6
E00323,P00558,Coordinator,2023-10-02,2023-10-17,1,5.5,5.0,6.4
E00323,P00640,Coordinator,2024-10-04,2024-10-07,1,7.4,8.7,7.3
E00323,P00642,Coordinator,2025-03-16,2025-04-06,1,6.7,7.0,7.0
E00323,P00650,Coordinator,2024-09-13,2024-09-28,1,6.8,7.1,7.0
E00323,P00652,Coordinator,2024-09-25,2024-10-21,1,6.0,6.4,6.6
E00323,P00655,Coordinator,2026-03-09,2026-03-16,1,7.4,8.3,7.3
E00323,P00690,Coordinator,2024-12-30,2025-01-20,1,6.4,7.7,6.8
E00323,P00700,Coordinator,2024-11-29,2024-12-08,1,7.5,8.9,7.4
E00323,P00750,Coordinator,2025-12-27,2026-01-05,1,6.9,6.4,7.0
E00323,P00772,Coordinator,2024-08-22,2024-09-05,1,7.6,8.3,7.4
E00323,P00775,Coordinator,2023-07-21,2023-07-27,1,6.8,7.2,7.0
E00323,P00779,Coordinator,2023-08-25,2023-08-27,1,6.2,5.2,6.7
E00323,P00794,Coordinator,2025-04-24,2025-05-01,1,6.0,6.4,6.6
E00323,P00804,Coordinator,2024-03-02,2024-03-13,1,7.2,8.1,7.2
E00323,P00835,Coordinator,2024-08-13,2024-08-23,1,5.5,5.0,6.4
E00323,P00845,Coordinator,2026-04-26,2026-05-04,1,6.6,7.6,6.9
E00323,P00868,Coordinator,2025-07-15,2025-07-30,1,5.5,5.0,6.4
E00323,P00880,Coordinator,2026-01-03,2026-01-08,1,7.2,8.4,7.2
E00323,P00883,Coordinator,2025-12-24,2026-01-08,1,7.8,7.2,7.5
E00324,P00011,Contributor,2024-05-27,2024-06-08,1,5.8,6.7,7.8
E00324,P00021,Contributor,2025-12-17,2025-12-26,1,7.0,7.5,8.4
E00324,P00031,Contributor,2023-10-07,2023-10-10,1,7.3,8.2,8.6
E00324,P00058,Contributor,2025-05-31,2025-06-20,1,8.8,9.7,9.3
E00324,P00075,Contributor,2026-04-27,2026-05-14,1,6.4,6.4,8.1
E00324,P00076,Contributor,2026-01-16,2026-01-19,1,6.7,8.1,8.2
E00324,P00133,Contributor,2024-10-22,2024-11-05,1,6.4,7.0,8.1
E00324,P00183,Contributor,2023-09-06,2023-10-01,1,5.5,5.0,7.6
E00324,P00192,Contributor,2023-11-13,2023-11-28,1,6.3,7.6,8.0
E00324,P00232,Contributor,2023-09-10,2023-09-15,1,7.0,7.6,8.4
E00324,P00252,Contributor,2025-04-20,2025-04-26,1,6.1,6.0,8.0
E00324,P00283,Contributor,2026-04-22,2026-05-03,1,6.4,7.4,8.1
E00324,P00304,Contributor,2025-07-06,2025-07-08,1,5.5,5.0,7.6
E00324,P00351,Contributor,2025-03-12,2025-03-26,1,5.5,5.0,7.6
E00324,P00364,Contributor,2025-08-25,2025-09-23,1,5.9,5.6,7.8
E00324,P00382,Contributor,2024-01-15,2024-01-17,1,7.3,8.6,8.6
E00324,P00411,Contributor,2024-04-29,2024-05-03,1,5.5,5.0,7.6
E00324,P00416,Contributor,2025-06-11,2025-06-25,1,8.5,9.5,9.2
E00324,P00417,Contributor,2024-11-17,2024-11-27,1,8.0,9.3,8.9
E00324,P00421,Contributor,2023-09-16,2023-09-27,1,6.4,6.4,8.1
E00324,P00424,Contributor,2024-02-08,2024-02-21,1,8.1,9.2,9.0
E00324,P00426,Contributor,2023-09-18,2023-09-26,1,6.3,6.5,8.0
E00324,P00428,Contributor,2025-07-05,2025-07-16,1,7.0,7.9,8.4
E00324,P00463,Contributor,2026-04-28,2026-02-19,1,6.8,6.8,8.3
E00324,P00466,Contributor,2025-12-20,2025-12-24,1,5.6,6.0,7.7
E00324,P00477,Contributor,2025-12-19,2025-12-28,1,6.1,6.0,8.0
E00324,P00478,Contributor,2024-12-02,2024-12-16,1,7.4,8.4,8.6
E00324,P00488,Contributor,2023-06-18,2023-06-27,1,6.5,7.0,8.2
E00324,P00492,Contributor,2024-02-25,2024-02-29,1,6.1,6.0,8.0
E00324,P00512,Contributor,2024-04-19,2024-05-12,1,5.9,6.1,7.8
E00324,P00515,Contributor,2024-09-22,2024-09-27,1,6.8,7.2,8.3
E00324,P00541,Contributor,2025-02-17,2025-03-03,1,7.3,7.7,8.6
E00324,P00574,Contributor,2024-12-19,2025-01-03,1,5.5,5.0,7.6
E00324,P00591,Contributor,2023-08-06,2023-08-09,1,6.5,5.5,8.2
E00324,P00602,Contributor,2024-04-06,2024-04-18,1,6.0,5.5,7.9
E00324,P00632,Contributor,2026-03-16,2026-03-03,2,7.7,8.2,8.8
E00324,P00651,Contributor,2026-02-08,2026-02-11,1,8.1,9.1,9.0
E00324,P00653,Contributor,2026-02-22,2026-03-01,1,6.5,7.4,8.2
E00324,P00660,Contributor,2024-06-28,2024-07-06,1,7.1,8.4,8.4
E00324,P00665,Contributor,2026-01-13,2026-01-22,1,8.0,9.3,8.9
E00324,P00692,Contributor,2024-12-27,2025-01-07,1,6.3,6.7,8.0
E00324,P00693,Contributor,2024-11-24,2024-12-12,1,6.1,5.7,8.0
E00324,P00697,Contributor,2025-08-11,2025-08-19,1,6.2,6.1,8.0
E00324,P00705,Contributor,2024-11-03,2024-11-10,1,7.8,8.6,8.8
E00324,P00737,Contributor,2024-12-21,2025-01-10,1,6.2,6.8,8.0
E00324,P00759,Contributor,2026-03-06,2026-03-09,1,6.7,8.0,8.2
E00324,P00761,Contributor,2026-02-11,2026-02-14,1,7.1,7.2,8.4
E00324,P00767,Contributor,2024-01-06,2024-01-11,1,5.9,6.1,7.8
E00324,P00786,Contributor,2025-11-25,2025-12-07,1,5.5,5.0,7.6
E00324,P00809,Contributor,2025-04-15,2025-04-28,1,6.2,6.2,8.0
E00324,P00811,Contributor,2024-03-29,2024-04-12,1,9.3,9.7,9.6
E00324,P00828,Contributor,2025-09-13,2025-09-19,1,7.3,8.1,8.6
E00324,P00831,Contributor,2026-01-29,2026-02-04,1,7.3,8.4,8.6
E00324,P00866,Contributor,2024-06-07,2024-06-21,1,5.8,5.5,7.8
E00324,P00889,Contributor,2025-01-12,2025-01-26,1,6.6,6.9,8.2
E00325,P00004,Coordinator,2024-04-05,2024-04-11,1,6.1,6.6,6.6
E00325,P00013,Coordinator,2023-11-07,2023-11-20,1,7.1,8.4,7.0
E00325,P00017,Coordinator,2023-10-05,2023-10-18,1,8.4,8.3,7.7
E00325,P00022,Coordinator,2024-11-10,2024-11-21,1,5.9,7.2,6.4
E00325,P00052,Coordinator,2024-02-22,2024-03-07,1,5.5,5.4,6.2
E00325,P00062,Coordinator,2025-07-13,2025-07-15,1,6.4,7.4,6.7
E00325,P00076,Coordinator,2025-11-25,2025-12-11,1,5.5,5.0,6.2
E00325,P00091,Coordinator,2025-11-29,2025-12-08,1,7.5,8.5,7.2
E00325,P00120,Coordinator,2025-01-27,2025-02-01,1,7.6,8.3,7.3
E00325,P00130,Coordinator,2026-02-18,2026-03-02,1,6.9,7.9,7.0
E00325,P00143,Coordinator,2025-12-05,2025-12-18,1,6.6,7.6,6.8
E00325,P00153,Coordinator,2024-08-18,2024-09-08,1,7.5,8.8,7.2
E00325,P00155,Coordinator,2023-12-21,2023-12-29,1,8.4,9.7,7.7
E00325,P00159,Coordinator,2025-09-20,2025-09-23,1,6.7,8.0,6.8
E00325,P00196,Coordinator,2026-02-17,2026-03-10,1,6.4,7.3,6.7
E00325,P00226,Coordinator,2025-08-14,2025-08-22,1,7.6,7.1,7.3
E00325,P00233,Coordinator,2025-09-30,2025-10-06,1,7.7,9.0,7.4
E00325,P00240,Coordinator,2023-09-15,2023-09-27,1,5.7,5.2,6.4
E00325,P00243,Coordinator,2025-06-25,2025-06-27,1,6.5,7.4,6.8
E00325,P00255,Coordinator,2024-11-24,2024-12-06,1,6.4,7.3,6.7
E00325,P00259,Coordinator,2025-04-04,2025-04-15,1,6.6,5.6,6.8
E00325,P00316,Coordinator,2023-07-23,2023-07-24,1,6.8,8.1,6.9
E00325,P00344,Coordinator,2023-09-20,2023-12-02,2,6.4,5.5,6.7
E00325,P00345,Coordinator,2023-11-27,2023-12-01,1,7.2,7.9,7.1
E00325,P00346,Coordinator,2026-01-23,2026-02-03,1,6.2,6.1,6.6
E00325,P00389,Coordinator,2025-03-04,2025-03-16,1,5.5,5.0,6.2
E00325,P00398,Coordinator,2025-10-23,2025-11-04,1,5.7,5.3,6.4
E00325,P00404,Coordinator,2025-12-04,2025-12-17,1,7.9,9.1,7.4
E00325,P00409,Coordinator,2023-08-22,2023-09-04,1,5.9,5.2,6.4
E00325,P00419,Coordinator,2024-03-10,2024-03-19,1,7.8,9.1,7.4
E00325,P00423,Coordinator,2026-02-26,2026-03-02,1,7.2,6.2,7.1
E00325,P00426,Coordinator,2023-08-14,2023-08-21,1,7.6,8.7,7.3
E00325,P00458,Coordinator,2026-02-15,2026-02-27,1,5.5,5.0,6.2
E00325,P00479,Coordinator,2025-07-05,2025-08-03,1,7.2,7.9,7.1
E00325,P00535,Coordinator,2026-04-19,2026-05-02,1,7.6,8.9,7.3
E00325,P00538,Coordinator,2025-08-01,2025-08-15,1,9.4,9.7,8.2
E00325,P00548,Coordinator,2023-08-26,2023-08-31,1,5.5,5.0,6.2
E00325,P00578,Coordinator,2026-03-17,2026-03-20,1,5.5,5.0,6.2
E00325,P00584,Coordinator,2024-10-08,2024-10-09,1,6.0,5.7,6.5
E00325,P00601,Coordinator,2024-08-15,2024-08-29,1,5.5,5.0,6.2
E00325,P00641,Coordinator,2024-10-06,2024-10-15,1,6.1,7.1,6.6
E00325,P00665,Coordinator,2025-09-18,2025-10-18,1,7.5,8.8,7.2
E00325,P00667,Coordinator,2024-05-17,2024-06-20,2,6.1,5.6,6.6
E00325,P00693,Coordinator,2024-12-03,2024-12-15,1,6.9,8.1,7.0
E00325,P00703,Coordinator,2025-04-03,2025-04-07,1,7.0,7.9,7.0
E00325,P00745,Coordinator,2025-12-15,2025-12-26,1,7.6,8.6,7.3
E00325,P00754,Coordinator,2025-09-30,2025-10-09,1,7.0,8.3,7.0
E00325,P00759,Coordinator,2026-03-16,2026-03-24,1,5.5,5.5,6.2
E00325,P00763,Coordinator,2025-08-23,2025-08-28,1,7.3,8.6,7.2
E00325,P00791,Coordinator,2025-05-09,2025-05-23,1,7.3,8.5,7.2
E00325,P00796,Coordinator,2025-07-08,2025-07-19,1,6.6,6.8,6.8
E00325,P00801,Coordinator,2024-02-12,2024-02-15,1,6.2,5.2,6.6
E00325,P00809,Coordinator,2025-09-10,2025-09-19,1,5.5,5.0,6.2
E00325,P00810,Coordinator,2025-10-22,2025-10-30,1,8.7,9.7,7.8
E00325,P00817,Coordinator,2025-10-10,2025-10-21,1,5.5,5.0,6.2
E00325,P00820,Coordinator,2023-10-19,2023-10-21,1,7.5,8.9,7.2
E00325,P00834,Coordinator,2024-02-16,2024-02-18,1,6.1,7.0,6.6
E00325,P00845,Coordinator,2026-04-26,2026-04-30,1,5.5,5.0,6.2
E00325,P00850,Coordinator,2025-03-13,2025-03-15,1,8.0,9.3,7.5
E00325,P00862,Coordinator,2026-02-18,2026-02-21,1,5.5,5.0,6.2
E00325,P00880,Coordinator,2026-03-12,2026-03-24,1,6.6,7.6,6.8
E00325,P00885,Coordinator,2025-01-22,2025-02-18,1,5.9,6.9,6.4
E00325,P00900,Coordinator,2026-01-01,2026-01-06,1,5.5,5.0,6.2
E00326,P00011,Coordinator,2024-05-10,2024-05-19,1,8.0,7.5,7.5
E00326,P00079,Coordinator,2023-12-31,2024-01-27,1,5.5,5.0,6.2
E00326,P00107,Coordinator,2026-04-16,2026-04-20,1,6.7,8.0,6.8
E00326,P00109,Coordinator,2023-05-05,2023-05-19,1,5.5,5.0,6.2
E00326,P00365,Coordinator,2025-05-22,2025-05-25,1,8.3,9.0,7.6
E00326,P00376,Coordinator,2025-10-21,2025-10-25,1,7.5,8.4,7.2
E00326,P00396,Coordinator,2026-02-16,2026-02-22,1,7.0,8.2,7.0
E00326,P00462,Coordinator,2025-08-18,2025-09-03,1,7.4,8.3,7.2
E00326,P00476,Coordinator,2023-10-17,2023-10-23,1,5.9,6.2,6.4
E00326,P00484,Coordinator,2024-12-11,2024-12-16,1,5.5,5.0,6.2
E00326,P00506,Coordinator,2023-08-06,2023-08-13,1,7.9,9.2,7.4
E00326,P00521,Coordinator,2023-08-08,2023-08-14,1,6.9,7.3,7.0
E00326,P00613,Coordinator,2026-03-30,2026-04-08,1,5.5,5.1,6.2
E00326,P00619,Coordinator,2024-10-18,2024-11-11,1,5.5,5.0,6.2
E00326,P00657,Coordinator,2026-03-24,2026-04-23,1,5.9,5.2,6.4
E00326,P00704,Coordinator,2025-04-23,2025-05-08,1,7.4,8.3,7.2
E00326,P00722,Coordinator,2024-10-09,2024-10-22,1,5.5,5.0,6.2
E00326,P00725,Coordinator,2026-04-13,2026-04-16,1,5.5,5.0,6.2
E00326,P00732,Coordinator,2026-04-12,2026-04-19,1,7.4,6.6,7.2
E00326,P00809,Coordinator,2025-08-19,2025-08-28,1,7.6,8.7,7.3
E00326,P00870,Coordinator,2023-05-06,2023-05-17,1,6.3,7.4,6.6
E00326,P00886,Coordinator,2026-04-05,2026-03-05,1,5.5,5.0,6.2
E00327,P00162,Project Team Member,2025-11-17,2025-11-20,1,6.9,7.8,8.0
E00327,P00184,Project Team Member,2024-05-09,2024-05-21,1,5.5,5.0,7.2
E00327,P00186,Project Team Member,2026-02-28,2026-03-11,1,7.7,9.0,8.4
E00327,P00198,Project Team Member,2024-10-18,2024-10-25,1,7.9,7.8,8.4
E00327,P00270,Project Team Member,2024-11-20,2024-11-23,1,8.0,9.3,8.5
E00327,P00275,Project Team Member,2026-01-12,2026-01-20,1,7.0,8.2,8.0
E00327,P00299,Project Team Member,2025-07-04,2025-07-17,1,7.0,7.5,8.0
E00327,P00465,Project Team Member,2025-04-30,2025-05-06,1,5.5,5.0,7.2
E00327,P00572,Project Team Member,2023-10-15,2023-10-23,1,8.2,8.0,8.6
E00327,P00619,Project Team Member,2024-10-29,2024-10-31,1,5.5,5.0,7.2
E00327,P00622,Project Team Member,2024-07-19,2024-07-31,1,7.2,6.2,8.1
E00327,P00699,Project Team Member,2024-04-21,2024-04-27,1,7.3,8.4,8.2
E00327,P00758,Project Team Member,2023-12-27,2024-01-01,1,5.5,5.0,7.2
E00327,P00769,Project Team Member,2026-01-21,2026-02-01,1,5.9,5.2,7.4
E00327,P00788,Project Team Member,2024-06-27,2024-07-09,1,5.9,5.2,7.4
E00327,P00850,Project Team Member,2026-02-09,2026-02-12,1,5.5,5.0,7.2
E00328,P00018,Project Team Member,2025-02-17,2025-02-24,1,5.5,5.0,7.2
E00328,P00119,Project Team Member,2025-01-13,2025-01-26,1,5.5,5.0,7.2
E00328,P00120,Project Team Member,2024-10-12,2024-10-16,1,7.6,8.8,8.2
E00328,P00134,Project Team Member,2026-03-28,2026-03-31,1,5.5,5.0,7.2
E00328,P00183,Project Team Member,2023-09-08,2023-09-16,1,7.6,8.5,8.2
E00328,P00366,Project Team Member,2023-09-10,2023-09-12,1,7.5,8.7,8.2
E00328,P00372,Project Team Member,2025-12-11,2025-12-13,1,5.8,6.2,7.3
E00328,P00383,Project Team Member,2024-02-04,2024-02-17,1,6.6,7.9,7.7
E00328,P00454,Project Team Member,2024-06-13,2024-06-26,1,5.5,5.0,7.2
E00328,P00554,Project Team Member,2025-03-09,2025-03-21,1,9.7,9.7,9.2
E00328,P00595,Project Team Member,2026-01-14,2026-01-26,1,6.5,5.5,7.6
E00328,P00608,Project Team Member,2026-01-17,2026-01-29,1,5.7,6.0,7.2
E00328,P00651,Project Team Member,2025-12-12,2026-02-17,2,6.2,6.3,7.5
E00328,P00701,Project Team Member,2024-09-15,2024-10-01,1,6.4,5.4,7.6
E00328,P00723,Project Team Member,2023-02-22,2023-02-25,1,7.5,7.0,8.2
E00328,P00777,Project Team Member,2025-04-26,2025-05-02,1,6.2,6.5,7.5
E00328,P00781,Project Team Member,2024-09-07,2024-09-30,1,8.2,9.0,8.5
E00328,P00816,Project Team Member,2025-12-23,2025-12-30,1,5.5,5.0,7.2
E00329,P00023,Project Team Member,2024-09-25,2024-10-01,1,8.1,8.9,8.4
E00329,P00047,Project Team Member,2025-03-19,2025-04-03,1,5.5,5.0,7.0
E00329,P00100,Project Team Member,2023-12-12,2024-01-07,1,7.3,8.2,8.0
E00329,P00145,Project Team Member,2026-04-06,2026-03-14,1,5.5,5.0,7.0
E00329,P00220,Project Team Member,2023-09-18,2023-09-26,1,7.7,9.0,8.2
E00329,P00231,Project Team Member,2025-05-21,2025-05-26,1,5.7,6.2,7.2
E00329,P00243,Project Team Member,2025-05-29,2025-06-08,1,7.2,8.3,7.9
E00329,P00261,Project Team Member,2024-11-13,2024-11-16,1,5.7,5.0,7.2
E00329,P00280,Project Team Member,2025-01-01,2025-01-03,1,5.8,5.7,7.2
E00329,P00336,Project Team Member,2025-04-30,2025-05-12,1,7.0,6.0,7.8
E00329,P00491,Project Team Member,2024-09-18,2024-10-09,1,6.4,6.5,7.5
E00329,P00518,Project Team Member,2024-02-17,2024-02-23,1,5.6,5.7,7.1
E00329,P00530,Project Team Member,2025-12-03,2025-12-12,1,5.9,5.7,7.2
E00329,P00563,Project Team Member,2023-07-27,2023-07-29,1,5.5,5.0,7.0
E00329,P00643,Project Team Member,2025-07-21,2025-07-31,1,5.9,6.9,7.2
E00329,P00675,Project Team Member,2024-05-24,2024-06-06,1,6.8,5.8,7.7
E00329,P00683,Project Team Member,2024-10-15,2024-10-22,1,6.5,7.2,7.6
E00329,P00703,Project Team Member,2025-11-05,2025-11-06,1,5.5,5.0,7.0
E00329,P00751,Project Team Member,2024-10-27,2024-11-04,1,9.4,9.7,9.0
E00329,P00782,Project Team Member,2025-09-09,2025-09-13,1,5.5,5.0,7.0
E00329,P00789,Project Team Member,2026-04-30,2026-05-28,1,7.1,7.8,7.8
E00329,P00792,Project Team Member,2023-10-20,2023-11-05,1,5.5,5.0,7.0
E00329,P00889,Project Team Member,2024-06-20,2024-07-05,1,5.5,5.0,7.0
E00329,P00890,Project Team Member,2024-05-08,2024-05-11,1,5.8,5.6,7.2
E00330,P00005,Contributor,2024-03-06,2024-03-13,1,6.5,7.5,7.6
E00330,P00058,Contributor,2025-10-12,2025-10-18,1,6.4,6.4,7.5
E00330,P00097,Contributor,2025-10-05,2025-10-15,1,5.5,5.0,7.0
E00330,P00105,Contributor,2023-12-27,2023-12-31,1,5.8,5.0,7.2
E00330,P00137,Contributor,2024-12-25,2025-01-07,1,7.6,8.9,8.1
E00330,P00158,Contributor,2025-09-14,2025-09-19,1,9.3,9.7,9.0
E00330,P00174,Contributor,2026-04-26,2026-05-06,1,5.5,5.0,7.0
E00330,P00200,Contributor,2025-03-11,2025-03-28,1,6.9,7.4,7.8
E00330,P00267,Contributor,2025-07-23,2025-08-04,1,6.5,6.7,7.6
E00330,P00282,Contributor,2023-07-24,2023-07-31,1,6.6,7.8,7.6
E00330,P00483,Contributor,2024-12-04,2024-12-15,1,7.3,6.8,8.0
E00330,P00522,Contributor,2025-11-08,2025-12-07,1,5.5,5.0,7.0
E00330,P00545,Contributor,2024-11-13,2024-11-17,1,5.5,5.0,7.0
E00330,P00554,Contributor,2025-04-19,2025-04-27,1,5.9,5.2,7.2
E00330,P00647,Contributor,2025-03-27,2025-06-15,2,7.0,7.7,7.8
E00330,P00653,Contributor,2026-02-10,2026-02-18,1,5.5,5.0,7.0
E00330,P00668,Contributor,2025-12-06,2025-12-15,1,5.5,5.0,7.0
E00330,P00705,Contributor,2025-01-14,2025-01-22,1,6.6,6.5,7.6
E00330,P00741,Contributor,2025-09-15,2025-09-17,1,5.5,5.7,7.0
E00330,P00774,Contributor,2025-09-11,2025-09-17,1,8.2,8.1,8.4
E00330,P00787,Contributor,2026-04-03,2026-04-06,1,5.5,5.0,7.0
E00330,P00843,Contributor,2024-12-08,2024-12-14,1,9.0,9.7,8.8
E00330,P00849,Contributor,2025-01-08,2025-01-09,1,7.0,8.3,7.8
E00330,P00880,Contributor,2025-12-23,2026-01-04,1,7.6,8.7,8.1
E00330,P00887,Contributor,2024-06-06,2024-06-11,1,8.0,9.3,8.3
E00330,P00900,Contributor,2025-12-31,2026-01-08,1,5.5,5.0,7.0
E00331,P00002,Project Team Member,2025-11-06,2025-11-19,1,8.0,9.3,8.0
E00331,P00009,Project Team Member,2023-05-23,2023-05-30,1,6.5,7.2,7.2
E00331,P00010,Project Team Member,2023-10-30,2023-11-01,1,8.6,9.4,8.3
E00331,P00031,Project Team Member,2023-02-23,2023-03-05,1,5.5,5.0,6.8
E00331,P00062,Project Team Member,2025-06-19,2025-06-29,1,5.8,6.2,6.9
E00331,P00067,Project Team Member,2025-04-21,2025-05-06,1,5.5,5.6,6.8
E00331,P00077,Project Team Member,2024-01-18,2024-01-25,1,5.5,5.0,6.8
E00331,P00098,Project Team Member,2024-11-23,2024-12-18,1,5.5,5.0,6.8
E00331,P00102,Project Team Member,2024-07-07,2024-07-12,1,5.5,5.0,6.8
E00331,P00140,Project Team Member,2025-01-27,2025-02-02,1,7.4,8.4,7.7
E00331,P00142,Project Team Member,2024-05-13,2024-05-17,1,7.5,8.5,7.8
E00331,P00159,Project Team Member,2025-08-09,2025-08-22,1,8.0,9.3,8.0
E00331,P00194,Project Team Member,2025-11-21,2025-12-02,1,5.5,5.5,6.8
E00331,P00197,Project Team Member,2026-03-11,2026-03-19,1,6.4,7.7,7.2
E00331,P00208,Project Team Member,2024-08-12,2024-08-31,1,7.8,9.0,7.9
E00331,P00215,Project Team Member,2026-02-17,2026-02-24,1,7.4,8.2,7.7
E00331,P00219,Project Team Member,2024-07-08,2024-07-21,1,5.5,5.0,6.8
E00331,P00227,Project Team Member,2026-03-03,2026-03-05,1,7.4,8.5,7.7
E00331,P00249,Project Team Member,2023-07-27,2023-11-06,2,5.5,5.0,6.8
E00331,P00302,Project Team Member,2024-05-06,2024-05-16,1,5.8,6.5,6.9
E00331,P00338,Project Team Member,2024-01-24,2024-01-31,1,6.8,7.2,7.4
E00331,P00343,Project Team Member,2023-12-14,2023-12-24,1,6.7,8.0,7.4
E00331,P00351,Project Team Member,2025-06-13,2025-06-16,1,5.5,5.0,6.8
E00331,P00369,Project Team Member,2024-04-12,2024-04-15,1,7.4,8.6,7.7
E00331,P00380,Project Team Member,2023-10-13,2023-11-05,1,5.8,6.9,6.9
E00331,P00387,Project Team Member,2023-12-19,2023-12-27,1,6.9,8.3,7.4
E00331,P00407,Project Team Member,2025-06-11,2025-06-21,1,8.4,9.7,8.2
E00331,P00410,Project Team Member,2024-05-28,2024-06-20,1,5.5,5.0,6.8
E00331,P00412,Project Team Member,2024-12-23,2024-12-30,1,6.8,8.0,7.4
E00331,P00416,Project Team Member,2025-04-04,2025-04-13,1,8.0,9.3,8.0
E00331,P00424,Project Team Member,2024-04-12,2024-04-30,1,7.1,6.6,7.6
E00331,P00438,Project Team Member,2025-08-28,2025-08-31,1,8.0,9.4,8.0
E00331,P00462,Project Team Member,2026-01-31,2026-01-31,1,7.1,7.1,7.6
E00331,P00491,Project Team Member,2024-07-25,2024-08-12,1,5.5,5.0,6.8
E00331,P00510,Project Team Member,2026-03-21,2026-04-05,1,7.8,9.0,7.9
E00331,P00514,Project Team Member,2025-02-23,2025-02-27,1,5.6,6.2,6.8
E00331,P00553,Project Team Member,2024-10-22,2024-10-24,1,5.5,5.0,6.8
E00331,P00556,Project Team Member,2023-12-13,2024-01-06,1,7.2,7.9,7.6
E00331,P00561,Project Team Member,2023-09-27,2023-10-02,1,7.8,9.1,7.9
E00331,P00637,Project Team Member,2024-11-02,2024-11-10,1,8.0,9.3,8.0
E00331,P00650,Project Team Member,2024-08-26,2024-09-08,1,8.4,9.7,8.2
E00331,P00674,Project Team Member,2024-06-10,2024-06-17,1,6.8,7.7,7.4
E00331,P00691,Project Team Member,2024-06-20,2024-07-04,1,6.2,7.0,7.1
E00331,P00729,Project Team Member,2023-08-21,2023-08-23,1,8.9,9.7,8.4
E00331,P00754,Project Team Member,2025-08-18,2025-08-30,1,6.5,7.8,7.2
E00331,P00781,Project Team Member,2024-09-07,2024-09-16,1,5.5,5.0,6.8
E00331,P00800,Project Team Member,2025-11-09,2025-11-13,1,5.9,5.2,7.0
E00331,P00810,Project Team Member,2025-11-29,2025-12-14,1,6.9,7.4,7.4
E00331,P00812,Project Team Member,2024-04-16,2024-04-19,1,7.2,7.9,7.6
E00331,P00827,Project Team Member,2024-05-29,2024-06-08,1,6.8,7.7,7.4
E00331,P00844,Project Team Member,2026-01-25,2026-01-26,1,8.8,9.7,8.4
E00331,P00865,Project Team Member,2023-01-08,2023-01-23,1,9.2,9.7,8.6
E00331,P00868,Project Team Member,2025-08-01,2025-08-11,1,7.2,8.3,7.6
E00332,P00010,Contributor,2023-10-02,2023-10-11,1,9.6,9.7,8.4
E00332,P00027,Contributor,2025-11-21,2025-11-27,1,8.0,9.4,7.6
E00332,P00050,Contributor,2025-12-01,2025-12-15,1,7.6,8.6,7.4
E00332,P00080,Contributor,2026-02-17,2026-03-05,1,7.2,8.2,7.2
E00332,P00099,Contributor,2025-01-16,2025-02-13,1,5.5,5.0,6.4
E00332,P00130,Contributor,2025-12-30,2026-01-02,1,7.9,8.0,7.6
E00332,P00146,Contributor,2024-11-11,2024-11-24,1,8.0,9.4,7.6
E00332,P00150,Contributor,2023-06-07,2023-06-18,1,5.5,5.2,6.4
E00332,P00158,Contributor,2025-11-26,2025-12-02,1,5.5,5.0,6.4
E00332,P00162,Contributor,2025-11-05,2025-11-17,1,5.5,5.0,6.4
E00332,P00180,Contributor,2025-07-21,2025-08-11,1,7.8,9.0,7.5
E00332,P00196,Contributor,2025-08-10,2025-08-25,1,9.3,9.7,8.2
E00332,P00233,Contributor,2026-02-01,2026-02-12,1,5.5,5.0,6.4
E00332,P00259,Contributor,2025-02-09,2025-02-21,1,8.9,9.7,8.0
E00332,P00276,Contributor,2025-01-05,2025-01-15,1,5.5,5.0,6.4
E00332,P00283,Contributor,2026-04-22,2026-05-03,1,6.2,7.2,6.7
E00332,P00327,Contributor,2025-10-10,2025-10-31,2,7.0,6.7,7.1
E00332,P00339,Contributor,2025-09-12,2025-09-21,1,7.5,6.7,7.4
E00332,P00351,Contributor,2025-04-01,2025-04-04,1,5.8,5.3,6.5
E00332,P00357,Contributor,2023-04-05,2023-04-19,1,7.4,7.7,7.3
E00332,P00404,Contributor,2025-10-16,2025-10-28,1,8.0,9.4,7.6
E00332,P00408,Contributor,2023-10-05,2023-10-17,1,5.5,5.0,6.4
E00332,P00501,Contributor,2025-02-12,2025-03-19,2,6.1,5.9,6.6
E00332,P00503,Contributor,2024-02-07,2024-02-12,1,5.5,6.0,6.4
E00332,P00520,Contributor,2024-06-15,2024-06-18,1,5.6,5.6,6.4
E00332,P00523,Contributor,2025-11-13,2025-11-21,1,8.2,9.2,7.7
E00332,P00543,Contributor,2023-07-18,2023-08-07,1,6.5,7.5,6.8
E00332,P00547,Contributor,2024-04-05,2024-04-10,1,7.0,6.0,7.1
E00332,P00556,Contributor,2024-08-26,2024-09-04,1,7.8,9.0,7.5
E00332,P00573,Contributor,2023-12-31,2024-01-05,1,8.8,9.5,8.0
E00332,P00626,Contributor,2025-10-27,2025-11-14,1,6.7,7.6,7.0
E00332,P00639,Contributor,2023-11-19,2023-11-28,1,8.0,9.4,7.6
E00332,P00653,Contributor,2026-02-28,2026-03-10,1,5.5,5.0,6.4
E00332,P00660,Contributor,2023-09-19,2023-09-25,1,5.5,5.0,6.4
E00332,P00696,Contributor,2025-08-16,2025-08-22,1,5.9,5.2,6.6
E00332,P00716,Contributor,2024-08-03,2024-08-12,1,5.5,5.0,6.4
E00332,P00718,Contributor,2025-12-13,2025-12-20,1,9.7,9.7,8.4
E00332,P00723,Contributor,2023-03-21,2023-03-30,1,8.0,8.8,7.6
E00332,P00754,Contributor,2026-02-10,2026-02-12,1,8.0,9.3,7.6
E00332,P00755,Contributor,2025-08-15,2025-08-19,1,6.7,7.7,7.0
E00332,P00760,Contributor,2023-01-12,2023-01-14,1,6.3,6.4,6.8
E00332,P00774,Contributor,2025-03-03,2025-03-25,1,9.1,9.7,8.2
E00332,P00797,Contributor,2024-09-15,2024-12-14,2,5.7,5.0,6.4
E00332,P00818,Contributor,2023-10-27,2023-10-29,1,6.4,6.6,6.8
E00332,P00820,Contributor,2023-09-23,2023-10-05,1,6.7,8.0,7.0
E00332,P00831,Contributor,2025-12-30,2026-01-20,1,5.5,5.0,6.4
E00332,P00847,Contributor,2023-06-19,2023-07-01,1,6.6,6.8,6.9
E00333,P00047,Contributor,2025-07-25,2025-07-27,1,6.2,6.4,7.1
E00333,P00050,Contributor,2025-10-29,2025-11-02,1,6.7,7.8,7.4
E00333,P00055,Contributor,2026-02-20,2026-02-22,1,8.4,9.7,8.2
E00333,P00068,Contributor,2026-03-12,2026-03-15,1,6.6,7.0,7.3
E00333,P00075,Contributor,2026-04-27,2026-04-29,1,7.3,8.6,7.6
E00333,P00085,Contributor,2023-04-18,2023-05-05,1,6.3,6.1,7.2
E00333,P00088,Contributor,2025-05-01,2025-05-11,1,7.3,8.2,7.6
E00333,P00100,Contributor,2025-03-25,2025-04-03,1,5.5,6.2,6.8
E00333,P00170,Contributor,2025-07-25,2025-07-29,1,5.5,5.3,6.8
E00333,P00171,Contributor,2024-04-04,2024-04-18,1,6.8,7.3,7.4
E00333,P00196,Contributor,2025-10-05,2025-10-29,1,6.3,7.5,7.2
E00333,P00202,Contributor,2024-10-09,2024-10-14,1,8.0,9.3,8.0
E00333,P00227,Contributor,2026-02-27,2026-03-03,1,5.5,5.0,6.8
E00333,P00281,Contributor,2023-04-27,2023-05-10,1,8.3,9.3,8.2
E00333,P00311,Contributor,2024-06-17,2024-06-30,1,6.9,8.0,7.4
E00333,P00339,Contributor,2026-02-25,2026-03-08,1,5.9,5.2,7.0
E00333,P00357,Contributor,2023-04-30,2023-05-11,1,7.5,8.5,7.8
E00333,P00383,Contributor,2023-09-18,2023-09-20,1,7.7,7.1,7.8
E00333,P00423,Contributor,2026-02-11,2026-02-24,1,7.4,8.6,7.7
E00333,P00545,Contributor,2024-11-20,2024-12-01,1,5.5,5.0,6.8
E00333,P00550,Contributor,2023-11-22,2023-12-02,1,7.6,8.6,7.8
E00333,P00597,Contributor,2023-10-17,2023-11-01,1,7.8,8.9,7.9
E00333,P00642,Contributor,2025-02-23,2025-03-02,1,6.3,6.3,7.2
E00333,P00678,Contributor,2025-08-08,2025-08-13,1,7.9,8.4,8.0
E00333,P00680,Contributor,2025-02-23,2025-03-09,1,5.5,5.0,6.8
E00333,P00760,Contributor,2023-06-14,2023-06-29,1,6.0,6.9,7.0
E00333,P00779,Contributor,2023-09-06,2023-09-13,1,8.9,9.3,8.4
E00333,P00787,Contributor,2026-04-03,2026-04-14,1,7.0,7.5,7.5
E00333,P00792,Contributor,2023-12-06,2023-12-09,1,6.1,6.7,7.0
E00333,P00805,Contributor,2025-06-04,2025-06-08,1,7.0,8.4,7.5
E00333,P00829,Contributor,2023-09-22,2023-12-15,2,6.3,6.5,7.2
E00333,P00858,Contributor,2025-10-09,2025-10-14,1,5.5,5.0,6.8
E00333,P00877,Contributor,2024-04-18,2024-04-24,1,8.0,9.3,8.0
E00333,P00889,Contributor,2024-12-02,2025-01-01,1,5.5,5.0,6.8
E00334,P00015,Contributor,2025-11-24,2025-11-26,1,6.9,8.2,7.2
E00334,P00092,Contributor,2026-04-26,2026-05-08,2,6.0,6.2,6.7
E00334,P00129,Contributor,2026-04-10,2026-04-22,1,7.6,8.6,7.5
E00334,P00157,Contributor,2024-03-01,2024-03-12,1,6.7,7.6,7.0
E00334,P00283,Contributor,2026-04-22,2026-04-29,1,5.5,5.0,6.4
E00334,P00554,Contributor,2024-10-17,2024-10-26,1,7.3,8.0,7.4
E00334,P00577,Contributor,2025-10-09,2025-10-11,1,7.0,7.6,7.2
E00334,P00777,Contributor,2025-02-18,2025-02-20,1,7.0,7.5,7.2
E00334,P00792,Contributor,2023-12-11,2023-12-17,1,5.5,5.0,6.4
E00334,P00806,Contributor,2025-11-30,2025-12-24,1,5.5,5.0,6.4
E00334,P00816,Contributor,2026-02-14,2026-02-26,1,5.5,6.0,6.4
E00335,P00056,Project Team Member,2026-02-02,2026-02-16,1,7.5,8.8,8.2
E00335,P00091,Project Team Member,2026-01-31,2026-02-10,1,7.6,8.6,8.2
E00335,P00276,Project Team Member,2025-07-07,2025-07-20,1,5.5,5.6,7.2
E00335,P00297,Project Team Member,2025-07-04,2025-07-05,1,5.5,5.0,7.2
E00335,P00512,Project Team Member,2024-06-20,2024-06-29,1,5.5,5.0,7.2
E00335,P00579,Project Team Member,2024-05-25,2024-06-07,1,6.6,7.1,7.7
E00335,P00598,Project Team Member,2024-05-20,2024-06-08,1,7.3,8.6,8.0
E00335,P00617,Project Team Member,2025-11-26,2025-12-02,1,7.4,8.2,8.1
E00335,P00636,Project Team Member,2023-11-26,2023-12-09,1,7.5,8.8,8.2
E00335,P00791,Project Team Member,2025-04-07,2025-04-17,1,5.5,5.0,7.2
E00336,P00007,Contributor,2025-03-13,2025-03-25,1,5.5,5.0,6.6
E00336,P00041,Contributor,2025-10-01,2025-10-12,1,7.7,8.7,7.8
E00336,P00071,Contributor,2023-10-12,2023-10-28,1,6.0,5.7,6.9
E00336,P00199,Contributor,2025-12-30,2026-01-14,1,7.2,8.5,7.5
E00336,P00283,Contributor,2026-04-22,2026-05-07,1,7.9,8.8,7.8
E00336,P00296,Contributor,2025-02-12,2025-02-17,1,6.8,8.1,7.3
E00336,P00442,Contributor,2024-11-08,2024-11-09,1,5.6,5.6,6.7
E00336,P00670,Contributor,2024-11-11,2024-11-21,1,6.2,6.1,7.0
E00336,P00725,Contributor,2026-04-13,2026-04-16,1,5.5,5.0,6.6
E00336,P00755,Contributor,2025-10-22,2025-11-05,1,5.5,5.0,6.6
E00336,P00807,Contributor,2023-05-19,2023-05-30,1,7.0,8.0,7.4
E00336,P00855,Contributor,2025-11-22,2025-12-03,1,7.8,9.2,7.8
E00336,P00892,Contributor,2026-03-06,2026-03-13,1,5.5,5.0,6.6
E00337,P00147,Project Team Member,2023-12-03,2023-12-06,1,6.8,8.2,7.0
E00337,P00183,Project Team Member,2023-08-23,2023-09-05,1,6.1,5.1,6.6
E00337,P00195,Project Team Member,2023-11-28,2023-12-05,1,5.5,5.0,6.4
E00337,P00201,Project Team Member,2025-06-20,2025-06-24,1,7.2,8.5,7.2
E00337,P00345,Project Team Member,2023-09-20,2023-10-16,1,6.4,7.6,6.8
E00337,P00394,Project Team Member,2024-08-16,2024-08-21,1,5.7,5.6,6.4
E00337,P00538,Project Team Member,2025-08-09,2025-08-19,1,6.1,6.3,6.6
E00337,P00632,Project Team Member,2026-03-16,2026-03-03,1,7.1,8.3,7.2
E00337,P00660,Project Team Member,2024-02-10,2024-02-27,1,7.2,7.0,7.2
E00337,P00781,Project Team Member,2024-07-25,2024-08-02,1,9.2,9.7,8.2
E00338,P00002,Coordinator,2025-08-15,2025-08-24,1,5.5,5.7,6.6
E00338,P00017,Coordinator,2023-10-09,2023-10-15,1,6.6,7.5,7.2
E00338,P00099,Coordinator,2025-07-23,2025-08-01,1,7.2,8.3,7.5
E00338,P00124,Coordinator,2026-02-14,2026-03-05,1,7.5,8.5,7.6
E00338,P00142,Coordinator,2024-10-23,2024-11-18,1,6.2,7.0,7.0
E00338,P00182,Coordinator,2023-12-27,2023-12-31,1,5.5,5.0,6.6
E00338,P00197,Coordinator,2026-02-25,2026-03-01,1,6.5,6.4,7.2
E00338,P00208,Coordinator,2024-08-21,2024-08-31,1,6.4,7.7,7.1
E00338,P00209,Coordinator,2025-12-30,2026-01-12,1,7.4,8.5,7.6
E00338,P00224,Coordinator,2024-07-02,2024-07-13,1,6.8,8.1,7.3
E00338,P00226,Coordinator,2026-01-07,2026-01-20,1,5.9,5.2,6.8
E00338,P00233,Coordinator,2025-11-27,2025-11-29,1,5.6,5.0,6.7
E00338,P00256,Coordinator,2025-04-17,2025-05-02,1,7.4,8.6,7.6
E00338,P00266,Coordinator,2023-06-19,2023-06-24,1,6.9,8.2,7.4
E00338,P00292,Coordinator,2024-04-29,2024-05-02,1,5.6,5.0,6.7
E00338,P00295,Coordinator,2024-10-02,2024-10-06,1,7.4,8.7,7.6
E00338,P00326,Coordinator,2026-04-21,2026-04-24,1,7.7,9.1,7.8
E00338,P00338,Coordinator,2023-11-14,2023-11-20,1,6.3,7.3,7.0
E00338,P00386,Coordinator,2023-09-13,2023-09-25,1,5.5,5.0,6.6
E00338,P00388,Coordinator,2023-07-16,2023-07-28,1,6.8,7.1,7.3
E00338,P00401,Coordinator,2023-05-02,2023-05-04,1,6.9,8.0,7.4
E00338,P00409,Coordinator,2023-11-12,2023-11-19,1,6.9,6.5,7.4
E00338,P00416,Coordinator,2025-07-11,2025-07-26,1,6.0,5.6,6.9
E00338,P00434,Coordinator,2024-03-26,2024-04-10,1,7.4,8.7,7.6
E00338,P00461,Coordinator,2023-06-23,2023-06-28,1,5.5,5.0,6.6
E00338,P00473,Coordinator,2026-02-16,2026-03-18,1,5.5,5.0,6.6
E00338,P00477,Coordinator,2025-12-07,2025-12-15,1,8.4,8.7,8.1
E00338,P00488,Coordinator,2023-05-08,2023-11-02,2,7.1,6.3,7.4
E00338,P00504,Coordinator,2023-02-01,2023-02-15,1,9.0,9.7,8.4
E00338,P00506,Coordinator,2023-06-28,2023-10-06,2,7.1,6.9,7.4
E00338,P00515,Coordinator,2024-10-11,2024-10-26,1,7.3,8.7,7.6
E00338,P00578,Coordinator,2026-03-10,2026-03-25,1,7.6,8.2,7.7
E00338,P00588,Coordinator,2026-03-25,2026-03-28,1,5.7,6.0,6.8
E00338,P00592,Coordinator,2024-09-22,2024-10-22,1,5.7,6.4,6.8
E00338,P00596,Coordinator,2024-12-01,2024-12-12,1,6.4,7.7,7.1
E00338,P00612,Coordinator,2023-05-23,2023-06-02,1,6.4,5.8,7.1
E00338,P00618,Coordinator,2023-09-10,2023-10-06,1,6.0,5.8,6.9
E00338,P00632,Coordinator,2026-03-16,2026-03-03,1,5.5,5.0,6.6
E00338,P00675,Coordinator,2023-11-11,2023-11-17,1,7.2,6.4,7.5
E00338,P00683,Coordinator,2025-05-19,2025-05-22,1,5.9,5.2,6.8
E00338,P00704,Coordinator,2025-05-25,2025-06-04,1,6.5,5.5,7.2
E00338,P00723,Coordinator,2023-07-02,2023-08-01,1,7.3,8.6,7.6
E00338,P00726,Coordinator,2024-05-25,2024-06-04,1,8.0,9.4,7.9
E00338,P00732,Coordinator,2026-04-12,2026-04-22,2,5.7,5.0,6.8
E00338,P00763,Coordinator,2025-10-17,2025-10-19,1,5.5,5.0,6.6
E00338,P00776,Coordinator,2024-05-13,2024-05-23,1,6.0,6.8,6.9
E00338,P00803,Coordinator,2026-03-19,2026-02-25,1,7.1,6.6,7.4
E00338,P00812,Coordinator,2024-02-03,2024-02-17,1,6.4,7.2,7.1
E00338,P00825,Coordinator,2026-04-12,2026-04-21,1,7.2,7.9,7.5
E00338,P00881,Coordinator,2023-12-28,2023-12-30,1,6.7,7.8,7.2
E00339,P00032,Project Team Member,2024-06-30,2024-07-17,2,7.3,7.4,7.8
E00339,P00090,Project Team Member,2026-03-02,2026-03-09,1,5.5,5.0,7.0
E00339,P00105,Project Team Member,2023-12-13,2023-12-20,1,7.2,6.2,7.8
E00339,P00119,Project Team Member,2025-03-01,2025-03-05,1,5.9,5.2,7.2
E00339,P00139,Project Team Member,2025-03-31,2025-04-13,1,5.5,5.0,7.0
E00339,P00225,Project Team Member,2026-01-15,2026-01-23,1,5.5,5.0,7.0
E00339,P00232,Project Team Member,2023-10-18,2023-10-27,1,7.0,7.9,7.7
E00339,P00254,Project Team Member,2023-12-20,2024-01-05,1,6.3,7.2,7.4
E00339,P00302,Project Team Member,2024-05-11,2024-05-22,1,7.5,8.4,8.0
E00339,P00350,Project Team Member,2026-02-17,2026-02-27,1,6.1,6.5,7.2
E00339,P00366,Project Team Member,2024-01-07,2024-01-12,1,7.1,8.5,7.8
E00339,P00427,Project Team Member,2024-08-25,2024-08-30,1,7.4,8.4,7.9
E00339,P00444,Project Team Member,2024-05-15,2024-06-06,1,6.0,6.0,7.2
E00339,P00450,Project Team Member,2025-01-29,2025-02-01,1,6.5,7.5,7.4
E00339,P00478,Project Team Member,2024-12-16,2024-12-19,1,5.5,5.0,7.0
E00339,P00510,Project Team Member,2026-03-20,2026-04-08,1,9.7,9.7,9.0
E00339,P00523,Project Team Member,2025-11-09,2025-11-11,1,5.5,5.0,7.0
E00339,P00609,Project Team Member,2023-06-08,2023-06-22,1,6.0,5.8,7.2
E00339,P00615,Project Team Member,2024-10-07,2024-10-19,1,5.5,5.0,7.0
E00339,P00640,Project Team Member,2024-09-09,2024-09-24,1,7.7,7.5,8.0
E00339,P00651,Project Team Member,2026-01-25,2026-02-03,1,6.5,5.5,7.4
E00339,P00652,Project Team Member,2024-09-19,2024-09-27,1,6.0,6.0,7.2
E00339,P00676,Project Team Member,2026-03-05,2026-02-18,1,6.9,5.9,7.6
E00339,P00714,Project Team Member,2024-11-06,2024-11-21,2,6.2,5.5,7.3
E00339,P00752,Project Team Member,2025-06-19,2025-07-02,1,7.0,8.3,7.7
E00339,P00798,Project Team Member,2023-06-02,2023-06-09,1,7.2,7.2,7.8
E00339,P00831,Project Team Member,2025-12-23,2026-01-12,1,5.8,6.6,7.1
E00339,P00860,Project Team Member,2025-07-22,2025-07-26,1,5.7,5.7,7.0
E00339,P00885,Project Team Member,2025-07-14,2025-07-21,1,6.0,5.9,7.2
E00340,P00041,Contributor,2025-12-28,2026-01-04,1,7.6,9.0,7.5
E00340,P00104,Contributor,2024-03-21,2024-04-05,1,5.6,5.8,6.5
E00340,P00245,Contributor,2025-10-29,2025-11-26,1,7.2,8.1,7.3
E00340,P00283,Contributor,2026-04-22,2026-05-15,1,6.9,7.5,7.2
E00340,P00323,Contributor,2025-12-03,2025-12-13,1,9.1,9.6,8.2
E00340,P00384,Contributor,2025-10-06,2026-01-11,2,6.8,7.3,7.1
E00340,P00468,Contributor,2023-08-19,2023-08-30,1,8.0,9.3,7.7
E00340,P00545,Contributor,2024-12-30,2025-01-08,1,8.0,9.3,7.7
E00340,P00649,Contributor,2024-02-20,2024-02-24,1,6.2,6.4,6.8
E00340,P00811,Contributor,2024-05-04,2024-05-29,1,5.5,5.0,6.4
E00341,P00029,Project Team Member,2025-07-27,2025-08-05,1,5.5,5.0,6.4
E00341,P00035,Project Team Member,2026-02-22,2026-03-04,1,7.0,7.6,7.1
E00341,P00047,Project Team Member,2024-12-17,2024-12-27,1,6.5,7.9,6.8
E00341,P00075,Project Team Member,2026-04-27,2026-05-15,1,5.5,5.0,6.4
E00341,P00134,Project Team Member,2026-03-28,2026-04-05,1,8.0,9.4,7.6
E00341,P00176,Project Team Member,2024-10-20,2024-10-31,1,7.2,6.2,7.2
E00341,P00195,Project Team Member,2023-11-09,2023-11-20,1,5.5,5.0,6.4
E00341,P00219,Project Team Member,2024-03-31,2024-04-03,1,5.5,5.2,6.4
E00341,P00289,Project Team Member,2025-10-25,2025-11-05,1,7.1,7.8,7.2
E00341,P00313,Project Team Member,2025-07-25,2025-07-27,1,5.5,5.0,6.4
E00341,P00329,Project Team Member,2023-08-26,2023-09-01,1,5.6,5.8,6.4
E00341,P00383,Project Team Member,2024-02-13,2024-02-26,1,8.0,8.9,7.6
E00341,P00419,Project Team Member,2023-11-23,2023-11-30,1,5.7,6.3,6.4
E00341,P00477,Project Team Member,2025-09-26,2025-10-08,1,6.4,7.7,6.8
E00341,P00497,Project Team Member,2023-10-07,2023-10-13,1,5.8,5.0,6.5
E00341,P00549,Project Team Member,2025-11-21,2025-11-30,1,6.6,7.4,6.9
E00341,P00565,Project Team Member,2024-04-29,2024-05-01,1,7.5,8.7,7.4
E00341,P00576,Project Team Member,2025-05-09,2025-05-24,1,6.1,5.9,6.6
E00341,P00599,Project Team Member,2024-06-14,2024-06-19,1,6.9,7.9,7.0
E00341,P00703,Project Team Member,2025-04-03,2025-09-16,2,7.6,7.9,7.4
E00341,P00718,Project Team Member,2025-09-30,2025-12-08,2,6.0,5.3,6.6
E00341,P00721,Project Team Member,2026-03-08,2026-03-11,1,8.7,9.7,8.0
E00341,P00732,Project Team Member,2026-04-12,2026-04-27,1,5.5,5.0,6.4
E00341,P00776,Project Team Member,2024-05-18,2024-05-31,1,6.5,6.6,6.8
E00341,P00798,Project Team Member,2023-08-18,2023-09-05,1,6.6,6.7,6.9
E00341,P00805,Project Team Member,2025-02-18,2025-03-16,1,6.7,7.8,7.0
E00341,P00870,Project Team Member,2023-09-07,2023-09-22,1,5.5,5.0,6.4
E00341,P00892,Project Team Member,2025-06-21,2025-06-27,1,7.4,8.2,7.3
E00341,P00893,Project Team Member,2026-02-23,2026-03-05,1,7.6,7.4,7.4
E00342,P00004,Contributor,2024-05-11,2024-05-15,1,5.5,5.0,6.8
E00342,P00016,Contributor,2024-09-08,2024-09-16,1,5.5,5.0,6.8
E00342,P00018,Contributor,2025-02-07,2025-02-14,1,6.5,6.7,7.4
E00342,P00022,Contributor,2025-02-26,2025-03-04,1,7.0,7.5,7.6
E00342,P00027,Contributor,2026-01-01,2026-01-09,1,8.5,9.1,8.4
E00342,P00033,Contributor,2024-07-01,2024-07-08,1,9.4,9.7,8.8
E00342,P00043,Contributor,2023-07-13,2023-07-28,1,8.4,9.7,8.3
E00342,P00080,Contributor,2026-03-16,2026-04-06,1,5.5,5.0,6.8
E00342,P00091,Contributor,2026-01-10,2026-01-28,1,8.0,8.9,8.1
E00342,P00129,Contributor,2026-04-10,2026-04-22,1,6.2,6.2,7.2
E00342,P00158,Contributor,2025-11-26,2025-11-29,1,7.6,8.6,7.9
E00342,P00163,Contributor,2024-11-07,2024-11-15,1,6.1,6.0,7.2
E00342,P00183,Contributor,2023-10-20,2023-10-28,1,5.5,5.0,6.8
E00342,P00189,Contributor,2024-11-23,2024-12-05,1,6.5,7.9,7.4
E00342,P00194,Contributor,2025-05-11,2025-05-17,1,7.5,8.7,7.8
E00342,P00197,Contributor,2026-01-08,2026-01-22,1,5.5,5.0,6.8
E00342,P00208,Contributor,2024-10-14,2024-10-29,1,5.5,5.0,6.8
E00342,P00210,Contributor,2024-02-16,2024-03-03,1,6.5,7.5,7.4
E00342,P00226,Contributor,2025-09-15,2025-09-24,1,5.5,5.0,6.8
E00342,P00227,Contributor,2026-03-17,2026-03-24,1,5.9,5.2,7.0
E00342,P00283,Contributor,2026-04-22,2026-04-29,1,5.9,7.0,7.0
E00342,P00320,Contributor,2025-06-06,2025-06-29,1,6.9,8.3,7.6
E00342,P00345,Contributor,2023-08-21,2023-08-27,1,7.8,9.1,8.0
E00342,P00346,Contributor,2026-01-18,2026-01-22,1,7.6,7.4,7.9
E00342,P00355,Contributor,2023-03-25,2023-07-27,2,6.5,6.1,7.4
E00342,P00379,Contributor,2023-09-25,2023-09-30,1,6.4,7.3,7.3
E00342,P00388,Contributor,2023-07-18,2023-08-26,3,7.5,7.3,7.8
E00342,P00393,Contributor,2026-02-23,2026-02-26,1,5.6,5.7,6.9
E00342,P00426,Contributor,2023-10-07,2023-10-15,1,5.9,5.2,7.0
E00342,P00441,Contributor,2026-02-23,2026-03-04,1,6.4,6.9,7.3
E00342,P00483,Contributor,2024-09-29,2024-10-06,1,7.0,7.0,7.6
E00342,P00492,Contributor,2024-05-07,2024-05-30,1,8.3,8.7,8.2
E00342,P00547,Contributor,2023-09-14,2024-02-14,2,7.0,7.4,7.6
E00342,P00562,Contributor,2026-04-12,2026-04-22,1,5.5,5.0,6.8
E00342,P00571,Contributor,2023-12-09,2023-12-14,1,6.5,7.4,7.4
E00342,P00578,Contributor,2026-03-15,2026-03-20,1,6.9,6.6,7.6
E00342,P00583,Contributor,2026-03-16,2026-03-21,1,8.0,9.3,8.1
E00342,P00589,Contributor,2026-04-01,2026-03-14,1,7.3,8.0,7.8
E00342,P00642,Contributor,2024-11-29,2024-12-03,1,6.3,6.4,7.2
E00342,P00655,Contributor,2026-03-11,2026-03-16,1,7.3,8.6,7.8
E00342,P00660,Contributor,2024-05-30,2024-06-02,1,9.2,9.7,8.7
E00342,P00680,Contributor,2024-11-12,2024-11-26,1,5.5,6.2,6.8
E00342,P00689,Contributor,2026-01-28,2026-02-08,1,5.5,5.0,6.8
E00342,P00699,Contributor,2024-05-09,2024-05-20,1,5.7,5.6,7.0
E00342,P00715,Contributor,2026-02-17,2026-03-02,1,5.5,5.0,6.8
E00342,P00723,Contributor,2023-08-25,2023-09-24,2,6.7,6.9,7.4
E00342,P00732,Contributor,2026-04-12,2026-05-06,1,7.3,8.7,7.8
E00342,P00733,Contributor,2024-04-13,2024-04-16,1,8.0,9.3,8.1
E00342,P00761,Contributor,2025-12-21,2026-01-01,1,8.0,9.3,8.1
E00342,P00812,Contributor,2023-05-08,2023-05-17,1,7.2,7.9,7.7
E00342,P00813,Contributor,2024-10-01,2024-10-10,1,8.0,9.4,8.1
E00342,P00816,Contributor,2026-01-09,2026-01-17,1,7.1,8.1,7.6
E00342,P00870,Contributor,2023-06-26,2023-07-22,1,6.6,7.1,7.4
E00343,P00033,Project Team Member,2024-11-29,2024-12-01,1,5.5,5.0,6.8
E00343,P00045,Project Team Member,2023-08-01,2023-08-04,1,8.2,8.8,8.2
E00343,P00130,Project Team Member,2025-11-03,2025-11-06,1,8.0,9.2,8.1
E00343,P00134,Project Team Member,2026-03-28,2026-04-05,1,8.4,9.7,8.3
E00343,P00137,Project Team Member,2024-11-12,2024-11-24,1,8.2,9.2,8.2
E00343,P00146,Project Team Member,2025-01-07,2025-01-15,1,6.4,6.6,7.3
E00343,P00148,Project Team Member,2024-05-19,2024-06-02,1,5.5,5.0,6.8
E00343,P00152,Project Team Member,2026-02-15,2026-02-23,1,6.3,7.0,7.2
E00343,P00153,Project Team Member,2025-05-01,2025-05-12,1,6.3,6.3,7.2
E00343,P00156,Project Team Member,2024-01-29,2024-02-09,1,6.3,5.3,7.2
E00343,P00183,Project Team Member,2023-11-10,2024-03-26,2,7.4,8.2,7.8
E00343,P00205,Project Team Member,2024-07-14,2024-07-17,1,6.4,7.5,7.3
E00343,P00208,Project Team Member,2024-09-28,2024-10-06,1,8.0,9.3,8.1
E00343,P00249,Project Team Member,2023-12-22,2024-01-16,1,5.5,5.0,6.8
E00343,P00259,Project Team Member,2025-04-21,2025-04-30,1,6.1,6.0,7.2
E00343,P00274,Project Team Member,2025-05-28,2025-06-04,1,6.7,8.0,7.4
E00343,P00299,Project Team Member,2025-10-09,2025-10-20,1,7.6,8.9,7.9
E00343,P00346,Project Team Member,2026-02-22,2026-02-28,1,7.2,8.0,7.7
E00343,P00349,Project Team Member,2023-08-27,2023-08-29,1,7.9,8.1,8.0
E00343,P00407,Project Team Member,2024-11-06,2024-11-19,1,7.5,8.6,7.8
E00343,P00413,Project Team Member,2024-07-21,2024-08-04,1,7.0,7.6,7.6
E00343,P00436,Project Team Member,2023-08-31,2023-11-29,2,6.2,5.2,7.2
E00343,P00475,Project Team Member,2024-10-22,2024-10-24,1,5.5,5.0,6.8
E00343,P00490,Project Team Member,2025-08-08,2025-08-16,1,5.5,5.3,6.8
E00343,P00504,Project Team Member,2023-02-22,2023-03-03,1,5.7,5.4,7.0
E00343,P00507,Project Team Member,2025-07-31,2025-08-02,1,6.7,6.5,7.4
E00343,P00570,Project Team Member,2025-12-06,2025-12-08,1,7.4,8.2,7.8
E00343,P00571,Project Team Member,2024-01-13,2024-06-20,2,5.8,5.0,7.0
E00343,P00579,Project Team Member,2024-02-06,2024-02-20,1,6.2,6.6,7.2
E00343,P00584,Project Team Member,2024-07-18,2024-07-25,1,5.5,5.0,6.8
E00343,P00592,Project Team Member,2024-09-22,2024-10-05,1,8.0,9.3,8.1
E00343,P00617,Project Team Member,2026-01-10,2026-01-14,1,5.5,5.0,6.8
E00343,P00680,Project Team Member,2024-11-14,2024-11-18,1,8.0,9.3,8.1
E00343,P00694,Project Team Member,2023-12-10,2023-12-20,1,6.2,6.6,7.2
E00343,P00724,Project Team Member,2025-12-04,2025-12-20,1,5.5,5.0,6.8
E00343,P00761,Project Team Member,2026-01-12,2026-01-23,1,6.9,7.8,7.6
E00343,P00803,Project Team Member,2026-03-19,2026-02-25,1,5.5,5.0,6.8
E00343,P00812,Project Team Member,2023-07-20,2023-08-17,1,7.4,8.8,7.8
E00343,P00890,Project Team Member,2023-12-31,2024-01-09,1,5.5,6.1,6.8
E00344,P00044,Contributor,2024-12-17,2025-01-01,1,5.5,5.0,6.6
E00344,P00091,Contributor,2025-12-30,2026-01-02,1,5.9,6.8,6.8
E00344,P00134,Contributor,2026-03-28,2026-04-08,1,8.0,9.3,7.8
E00344,P00194,Contributor,2025-05-26,2025-06-17,1,7.7,7.1,7.6
E00344,P00298,Contributor,2025-04-17,2025-04-29,1,6.6,7.7,7.1
E00344,P00568,Contributor,2024-08-10,2024-08-20,1,5.5,5.0,6.6
E00344,P00581,Contributor,2023-11-08,2023-11-10,1,5.5,5.0,6.6
E00344,P00620,Contributor,2024-05-20,2024-05-22,1,7.4,8.3,7.5
E00344,P00681,Contributor,2026-03-06,2026-03-09,1,7.0,8.1,7.3
E00344,P00805,Contributor,2025-08-28,2025-09-08,1,7.9,8.9,7.8
E00344,P00900,Contributor,2026-01-10,2026-02-07,1,5.5,5.0,6.6
E00345,P00025,Contributor,2025-03-31,2025-04-10,1,7.8,9.1,7.7
E00345,P00125,Contributor,2025-11-16,2025-11-22,1,6.6,7.3,7.1
E00345,P00198,Contributor,2024-05-11,2024-05-26,1,6.4,6.6,7.0
E00345,P00237,Contributor,2025-03-17,2025-03-22,1,7.8,9.0,7.7
E00345,P00254,Contributor,2023-08-10,2023-08-22,1,5.5,5.0,6.6
E00345,P00261,Contributor,2024-11-16,2024-11-18,1,8.0,9.3,7.8
E00345,P00367,Contributor,2025-02-28,2025-03-09,1,5.5,5.0,6.6
E00345,P00498,Contributor,2026-02-03,2026-02-16,1,5.5,5.0,6.6
E00345,P00545,Contributor,2024-08-05,2024-08-10,1,5.6,6.2,6.6
E00345,P00555,Contributor,2024-03-27,2024-04-03,1,5.6,5.6,6.6
E00345,P00578,Contributor,2026-03-20,2026-03-26,1,7.0,8.0,7.3
E00345,P00643,Contributor,2025-06-02,2025-06-07,1,6.6,6.8,7.1
E00345,P00645,Contributor,2025-03-28,2025-04-12,1,6.3,7.3,7.0
E00345,P00712,Contributor,2026-03-13,2026-03-15,1,5.5,5.0,6.6
E00345,P00728,Contributor,2024-03-21,2024-04-21,2,5.5,5.0,6.6
E00345,P00883,Contributor,2026-01-19,2026-01-28,1,6.0,5.8,6.8
E00345,P00900,Contributor,2026-02-21,2026-03-05,1,7.2,6.2,7.4
E00346,P00051,Project Team Member,2025-01-06,2025-01-24,1,7.3,8.2,7.8
E00346,P00094,Project Team Member,2026-04-15,2026-04-30,1,5.5,5.0,6.8
E00346,P00125,Project Team Member,2025-08-07,2025-08-13,1,9.7,9.7,9.0
E00346,P00133,Project Team Member,2025-01-10,2025-01-16,1,5.9,5.0,7.0
E00346,P00143,Project Team Member,2025-11-12,2025-11-21,1,6.8,7.3,7.5
E00346,P00160,Project Team Member,2023-11-18,2023-11-21,1,9.0,9.7,8.6
E00346,P00164,Project Team Member,2024-03-26,2024-04-07,1,8.0,8.8,8.1
E00346,P00244,Project Team Member,2026-04-11,2026-03-02,1,8.0,9.3,8.1
E00346,P00355,Project Team Member,2024-02-27,2024-03-09,1,6.8,7.2,7.5
E00346,P00437,Project Team Member,2025-02-26,2025-03-04,1,5.9,6.4,7.0
E00346,P00444,Project Team Member,2024-01-25,2024-02-01,1,7.6,8.9,7.9
E00346,P00471,Project Team Member,2023-07-29,2023-08-08,1,6.0,5.8,7.1
E00346,P00497,Project Team Member,2024-02-08,2024-02-19,1,6.6,7.5,7.4
E00346,P00530,Project Team Member,2025-11-08,2025-11-30,1,7.1,8.3,7.6
E00346,P00705,Project Team Member,2024-10-24,2024-11-01,1,5.5,5.0,6.8
E00346,P00743,Project Team Member,2023-12-15,2023-12-29,1,6.9,8.2,7.6
E00346,P00796,Project Team Member,2025-08-28,2025-09-03,1,5.5,5.0,6.8
E00346,P00801,Project Team Member,2024-07-08,2024-07-20,1,5.5,5.0,6.8
E00346,P00819,Project Team Member,2025-08-28,2025-09-01,1,9.4,9.7,8.8
E00346,P00871,Project Team Member,2025-01-22,2025-01-24,1,6.3,7.6,7.2
E00347,P00013,Coordinator,2023-05-30,2023-06-14,1,5.5,5.0,6.0
E00347,P00047,Coordinator,2025-01-26,2025-05-17,2,8.0,8.9,7.3
E00347,P00085,Coordinator,2023-03-17,2023-10-31,2,6.3,6.5,6.4
E00347,P00092,Coordinator,2026-04-26,2026-05-01,1,8.0,9.3,7.3
E00347,P00107,Coordinator,2026-04-16,2026-04-24,1,7.4,7.3,7.0
E00347,P00112,Coordinator,2026-01-08,2026-01-12,1,5.9,5.6,6.2
E00347,P00143,Coordinator,2025-02-14,2025-02-16,1,5.5,5.0,6.0
E00347,P00168,Coordinator,2023-03-26,2023-03-30,1,8.0,9.4,7.3
E00347,P00189,Coordinator,2024-12-15,2024-12-24,1,7.2,8.3,6.9
E00347,P00196,Coordinator,2025-12-28,2026-01-08,1,6.9,8.2,6.8
E00347,P00204,Coordinator,2025-02-21,2025-02-26,1,5.5,5.0,6.0
E00347,P00219,Coordinator,2023-12-11,2024-09-02,2,5.7,5.0,6.2
E00347,P00247,Coordinator,2026-01-13,2026-01-23,1,7.1,7.1,6.8
E00347,P00251,Coordinator,2026-02-13,2026-02-22,1,6.1,6.7,6.4
E00347,P00256,Coordinator,2025-11-23,2025-12-06,1,8.0,9.3,7.3
E00347,P00267,Coordinator,2025-05-24,2025-06-08,1,5.9,6.2,6.2
E00347,P00271,Coordinator,2023-10-28,2023-10-30,1,9.7,9.7,8.1
E00347,P00274,Coordinator,2024-10-05,2024-10-08,1,6.6,6.8,6.6
E00347,P00290,Coordinator,2025-04-05,2025-04-19,1,6.8,7.9,6.7
E00347,P00303,Coordinator,2023-05-19,2023-06-14,1,5.8,5.1,6.2
E00347,P00315,Coordinator,2026-01-11,2026-03-14,2,5.7,5.1,6.2
E00347,P00324,Coordinator,2024-10-16,2024-10-29,1,7.1,7.8,6.8
E00347,P00373,Coordinator,2025-11-01,2025-11-12,1,5.5,5.0,6.0
E00347,P00404,Coordinator,2025-11-27,2025-12-05,1,8.0,9.3,7.3
E00347,P00409,Coordinator,2023-08-22,2023-09-03,1,5.5,5.0,6.0
E00347,P00416,Coordinator,2024-10-26,2024-11-05,1,7.7,8.6,7.2
E00347,P00423,Coordinator,2026-02-15,2026-02-26,1,7.8,9.1,7.2
E00347,P00424,Coordinator,2024-06-26,2024-07-10,1,5.5,5.0,6.0
E00347,P00481,Coordinator,2023-09-20,2023-10-03,1,6.7,7.5,6.6
E00347,P00526,Coordinator,2025-06-30,2025-07-15,1,8.0,7.5,7.3
E00347,P00534,Coordinator,2024-09-17,2024-09-23,1,5.8,5.9,6.2
E00347,P00565,Coordinator,2024-07-07,2024-07-12,1,6.8,8.2,6.7
E00347,P00578,Coordinator,2026-03-21,2026-04-02,1,6.8,7.7,6.7
E00347,P00582,Coordinator,2024-03-13,2024-03-16,1,5.5,5.0,6.0
E00347,P00611,Coordinator,2024-07-04,2024-07-18,1,8.2,8.4,7.4
E00347,P00612,Coordinator,2023-11-21,2023-12-01,1,8.9,9.6,7.8
E00347,P00641,Coordinator,2023-08-10,2023-08-21,1,8.0,9.3,7.3
E00347,P00661,Coordinator,2023-07-16,2023-07-19,1,5.5,5.0,6.0
E00347,P00666,Coordinator,2023-06-05,2023-06-07,1,7.4,8.4,7.0
E00347,P00685,Coordinator,2026-03-13,2026-03-25,1,7.4,7.2,7.0
E00347,P00687,Coordinator,2024-09-12,2025-05-19,2,6.5,6.6,6.6
E00347,P00710,Coordinator,2025-11-22,2025-12-03,1,6.1,7.0,6.4
E00347,P00718,Coordinator,2026-02-27,2026-03-01,1,6.0,5.8,6.3
E00347,P00719,Coordinator,2025-11-02,2025-11-12,1,5.5,5.2,6.0
E00347,P00728,Coordinator,2024-04-30,2024-05-14,1,8.0,9.3,7.3
E00347,P00732,Coordinator,2026-04-12,2026-04-21,1,7.0,8.3,6.8
E00347,P00752,Coordinator,2025-02-19,2025-02-28,1,5.5,5.0,6.0
E00347,P00763,Coordinator,2026-01-28,2026-01-31,1,8.0,9.3,7.3
E00347,P00787,Coordinator,2026-04-03,2026-04-20,1,8.8,9.1,7.7
E00347,P00853,Coordinator,2025-08-22,2025-08-30,1,7.7,8.7,7.2
E00347,P00864,Coordinator,2024-02-17,2024-02-26,1,6.5,7.4,6.6
E00347,P00887,Coordinator,2023-06-06,2023-06-14,1,6.3,7.6,6.4
E00348,P00031,Project Team Member,2023-04-29,2023-05-26,1,7.8,7.3,7.3
E00348,P00035,Project Team Member,2026-01-09,2026-01-12,1,6.8,7.6,6.8
E00348,P00076,Project Team Member,2026-02-10,2026-02-21,1,7.4,8.6,7.1
E00348,P00120,Project Team Member,2024-08-28,2024-08-31,1,7.0,6.9,6.9
E00348,P00123,Project Team Member,2025-06-26,2025-07-04,1,6.5,7.8,6.6
E00348,P00139,Project Team Member,2025-07-18,2025-07-20,1,5.5,5.0,6.2
E00348,P00142,Project Team Member,2024-09-13,2024-09-23,1,6.6,7.9,6.7
E00348,P00181,Project Team Member,2026-02-18,2026-02-25,1,5.8,6.3,6.3
E00348,P00196,Project Team Member,2025-08-08,2025-08-16,1,6.6,7.9,6.7
E00348,P00217,Project Team Member,2025-06-17,2025-06-29,1,9.2,9.7,8.0
E00348,P00218,Project Team Member,2025-12-13,2025-12-25,1,7.4,8.7,7.1
E00348,P00239,Project Team Member,2024-03-02,2024-03-15,1,8.3,9.4,7.6
E00348,P00267,Project Team Member,2025-03-20,2025-03-26,1,7.2,8.1,7.0
E00348,P00301,Project Team Member,2023-09-21,2023-09-29,1,5.5,5.0,6.2
E00348,P00314,Project Team Member,2025-08-10,2025-08-18,1,7.2,8.1,7.0
E00348,P00331,Project Team Member,2025-02-21,2025-03-09,1,5.8,6.3,6.3
E00348,P00425,Project Team Member,2026-01-14,2026-01-27,1,5.9,6.7,6.4
E00348,P00508,Project Team Member,2024-08-01,2024-08-14,1,8.3,9.3,7.6
E00348,P00512,Project Team Member,2024-03-29,2024-04-09,1,7.6,8.7,7.2
E00348,P00532,Project Team Member,2025-12-10,2025-12-25,1,7.8,9.2,7.3
E00348,P00537,Project Team Member,2023-12-21,2023-12-29,1,9.7,9.7,8.2
E00348,P00561,Project Team Member,2023-09-06,2023-09-20,1,6.4,6.5,6.6
E00348,P00579,Project Team Member,2024-04-10,2024-05-06,1,6.2,7.6,6.5
E00348,P00592,Project Team Member,2024-12-25,2025-01-08,1,7.6,8.9,7.2
E00348,P00604,Project Team Member,2024-05-29,2024-06-02,1,5.5,5.0,6.2
E00348,P00607,Project Team Member,2026-03-08,2026-03-13,1,9.0,9.7,7.9
E00348,P00634,Project Team Member,2025-02-18,2025-02-21,1,6.6,7.5,6.7
E00348,P00638,Project Team Member,2026-03-17,2026-03-27,1,6.3,6.4,6.6
E00348,P00659,Project Team Member,2023-11-03,2023-11-16,1,5.5,5.0,6.2
E00348,P00735,Project Team Member,2024-02-17,2024-02-20,1,6.9,6.7,6.8
E00348,P00758,Project Team Member,2024-03-06,2024-03-31,1,5.7,6.2,6.2
E00348,P00763,Project Team Member,2025-09-21,2026-01-16,2,7.0,7.3,6.9
E00348,P00780,Project Team Member,2026-02-05,2026-02-16,1,6.9,8.3,6.8
E00348,P00790,Project Team Member,2025-10-02,2025-10-04,1,5.5,5.0,6.2
E00348,P00791,Project Team Member,2026-03-25,2026-04-01,1,7.8,8.9,7.3
E00348,P00850,Project Team Member,2025-04-21,2025-05-02,1,6.2,6.7,6.5
E00348,P00868,Project Team Member,2025-07-07,2025-07-19,1,8.0,9.3,7.4
E00348,P00869,Project Team Member,2025-04-22,2025-05-03,1,5.5,5.0,6.2
E00348,P00884,Project Team Member,2023-08-06,2023-09-03,1,7.6,8.7,7.2
E00348,P00890,Project Team Member,2024-08-22,2024-08-29,1,7.4,8.7,7.1
E00349,P00010,Project Team Member,2023-09-07,2023-09-15,1,6.2,5.2,6.8
E00349,P00104,Project Team Member,2024-05-25,2024-06-02,1,7.9,9.0,7.6
E00349,P00119,Project Team Member,2025-01-14,2025-01-21,1,6.4,7.8,6.9
E00349,P00120,Project Team Member,2025-01-02,2025-01-06,1,8.2,8.0,7.8
E00349,P00123,Project Team Member,2024-12-20,2024-12-22,1,5.8,6.4,6.6
E00349,P00170,Project Team Member,2025-10-12,2025-10-16,1,5.5,5.0,6.4
E00349,P00438,Project Team Member,2025-09-14,2025-10-13,1,8.0,9.4,7.7
E00349,P00498,Project Team Member,2026-01-27,2026-01-30,1,5.9,5.2,6.6
E00349,P00601,Project Team Member,2024-08-21,2024-08-25,1,5.5,5.0,6.4
E00349,P00660,Project Team Member,2023-11-24,2023-11-28,1,9.7,9.7,8.6
E00349,P00764,Project Team Member,2024-03-26,2024-03-28,1,5.9,6.0,6.6
E00350,P00001,Project Team Member,2025-03-24,2025-04-08,1,6.8,7.8,7.3
E00350,P00086,Project Team Member,2025-06-20,2025-06-21,1,9.0,9.7,8.4
E00350,P00287,Project Team Member,2025-05-07,2025-05-17,1,6.7,6.5,7.2
E00350,P00329,Project Team Member,2023-07-19,2023-07-25,1,5.5,5.0,6.6
E00350,P00561,Project Team Member,2023-08-14,2023-08-28,1,6.5,7.9,7.2
E00350,P00604,Project Team Member,2023-10-15,2023-11-03,1,7.9,9.2,7.8
E00350,P00629,Project Team Member,2025-12-11,2025-12-16,1,9.3,9.7,8.6
E00350,P00725,Project Team Member,2026-04-13,2026-04-27,1,5.8,5.3,6.8
E00350,P00731,Project Team Member,2023-11-20,2023-11-25,1,7.4,7.0,7.6
E00350,P00742,Project Team Member,2024-04-17,2024-04-20,1,8.3,9.3,8.0
E00350,P00748,Project Team Member,2026-01-06,2026-01-13,1,5.5,5.0,6.6
E00350,P00755,Project Team Member,2025-06-22,2025-06-30,1,7.4,8.4,7.6
E00350,P00839,Project Team Member,2025-12-11,2025-12-20,1,8.4,9.7,8.1
E00350,P00888,Project Team Member,2026-01-07,2026-01-12,1,7.3,8.6,7.6
E00351,P00016,Project Team Member,2025-01-02,2025-01-13,1,5.5,5.0,6.8
E00351,P00053,Project Team Member,2024-09-04,2024-09-15,1,7.9,8.7,8.0
E00351,P00090,Project Team Member,2025-12-07,2025-12-12,1,6.3,6.5,7.2
E00351,P00107,Project Team Member,2026-04-16,2026-04-29,1,5.5,5.0,6.8
E00351,P00132,Project Team Member,2023-11-01,2023-11-15,1,5.5,5.0,6.8
E00351,P00237,Project Team Member,2025-01-25,2025-02-04,1,5.5,5.0,6.8
E00351,P00256,Project Team Member,2026-02-04,2026-02-12,1,7.2,7.9,7.7
E00351,P00455,Project Team Member,2025-04-06,2025-04-19,1,5.5,5.0,6.8
E00351,P00481,Project Team Member,2023-09-30,2023-10-12,1,7.3,8.1,7.8
E00351,P00484,Project Team Member,2025-02-07,2025-02-17,1,7.3,8.6,7.8
E00351,P00487,Project Team Member,2023-09-05,2023-09-10,1,6.5,6.0,7.4
E00351,P00608,Project Team Member,2025-11-11,2025-11-29,1,7.8,9.2,8.0
E00351,P00622,Project Team Member,2024-08-13,2024-09-06,1,9.4,9.7,8.8
E00351,P00728,Project Team Member,2024-06-08,2024-06-18,1,6.2,6.1,7.2
E00351,P00748,Project Team Member,2025-11-26,2025-12-07,1,7.2,6.2,7.7
E00351,P00761,Project Team Member,2026-01-19,2026-02-01,1,5.5,5.0,6.8
E00351,P00784,Project Team Member,2025-10-15,2025-10-22,1,8.8,9.6,8.5
E00351,P00785,Project Team Member,2025-04-11,2025-04-25,1,6.4,6.5,7.3
E00351,P00797,Project Team Member,2024-04-19,2024-04-21,1,5.5,5.0,6.8
E00351,P00801,Project Team Member,2024-08-28,2024-09-04,1,6.9,8.2,7.6
E00351,P00809,Project Team Member,2025-05-12,2025-05-24,1,6.9,8.2,7.6
E00351,P00823,Project Team Member,2024-10-30,2024-11-04,1,5.8,5.3,7.0
E00352,P00041,Contributor,2025-10-12,2025-10-25,1,8.0,9.4,8.7
E00352,P00233,Contributor,2025-10-08,2025-10-14,1,7.5,8.4,8.4
E00352,P00298,Contributor,2025-04-02,2025-04-07,1,5.5,5.3,7.4
E00352,P00367,Contributor,2025-01-27,2025-02-03,1,6.9,6.4,8.2
E00352,P00383,Contributor,2023-12-12,2023-12-19,1,6.9,7.8,8.2
E00352,P00414,Contributor,2026-01-23,2026-02-03,1,6.7,5.7,8.0
E00352,P00670,Contributor,2024-07-04,2024-07-06,1,6.4,6.4,7.9
E00352,P00771,Contributor,2024-04-09,2024-04-12,1,5.5,5.2,7.4
E00352,P00816,Contributor,2026-02-16,2026-03-10,1,6.9,7.4,8.2
E00352,P00881,Contributor,2023-12-01,2023-12-16,1,7.6,8.9,8.5
E00353,P00009,Contributor,2023-06-24,2023-07-19,1,7.1,7.7,8.0
E00353,P00047,Contributor,2025-09-24,2025-09-29,1,7.6,8.2,8.2
E00353,P00113,Contributor,2024-08-19,2024-08-27,1,7.8,8.0,8.3
E00353,P00120,Contributor,2024-09-11,2024-09-20,1,8.0,8.9,8.4
E00353,P00157,Contributor,2024-04-08,2024-04-15,1,5.5,5.0,7.2
E00353,P00185,Contributor,2026-03-20,2026-03-27,1,5.5,5.3,7.2
E00353,P00199,Contributor,2025-12-12,2026-01-03,1,7.0,7.6,7.9
E00353,P00211,Contributor,2025-08-10,2025-08-14,1,5.6,5.5,7.2
E00353,P00218,Contributor,2025-11-16,2025-11-27,1,7.1,7.7,8.0
E00353,P00221,Contributor,2025-12-25,2026-01-07,1,5.5,5.0,7.2
E00353,P00222,Contributor,2023-11-11,2023-11-28,1,9.7,9.7,9.2
E00353,P00249,Contributor,2023-12-09,2023-12-16,1,9.1,9.7,9.0
E00353,P00250,Contributor,2023-10-29,2023-11-13,1,5.5,5.0,7.2
E00353,P00256,Contributor,2025-11-12,2025-11-23,1,5.6,5.1,7.2
E00353,P00289,Contributor,2026-01-03,2026-01-06,1,8.0,8.9,8.4
E00353,P00301,Contributor,2023-09-24,2023-09-30,1,5.8,5.9,7.3
E00353,P00320,Contributor,2025-02-03,2025-02-08,1,8.0,9.4,8.4
E00353,P00397,Contributor,2023-07-26,2023-08-02,1,6.8,7.3,7.8
E00353,P00402,Contributor,2026-03-19,2026-04-12,1,5.7,6.2,7.2
E00353,P00417,Contributor,2025-01-14,2025-02-06,1,5.7,5.7,7.2
E00353,P00432,Contributor,2024-09-13,2024-09-21,1,5.5,5.7,7.2
E00353,P00461,Contributor,2023-06-29,2023-07-06,1,6.1,6.0,7.4
E00353,P00463,Contributor,2026-04-28,2026-02-19,1,6.9,7.8,7.8
E00353,P00475,Contributor,2025-05-24,2025-06-03,1,5.5,5.0,7.2
E00353,P00498,Contributor,2025-09-15,2025-09-21,1,5.5,5.0,7.2
E00353,P00511,Contributor,2025-09-08,2026-02-01,2,7.1,6.7,8.0
E00353,P00526,Contributor,2025-07-22,2025-11-03,2,6.6,7.1,7.7
E00353,P00577,Contributor,2025-08-28,2025-09-08,1,5.5,5.0,7.2
E00353,P00582,Contributor,2024-04-07,2024-04-17,1,7.9,9.2,8.4
E00353,P00603,Contributor,2024-04-27,2024-05-23,1,5.9,5.2,7.4
E00353,P00629,Contributor,2025-12-28,2026-01-02,1,8.2,9.2,8.5
E00353,P00718,Contributor,2026-02-02,2026-02-11,1,8.6,8.7,8.7
E00353,P00723,Contributor,2023-06-28,2023-07-05,1,6.0,5.0,7.4
E00353,P00725,Contributor,2026-04-13,2026-04-19,1,9.0,9.5,8.9
E00353,P00742,Contributor,2024-03-03,2024-03-15,1,7.1,8.4,8.0
E00353,P00749,Contributor,2026-03-21,2026-03-27,1,6.4,6.6,7.6
E00353,P00760,Contributor,2023-02-25,2023-03-09,1,5.5,5.0,7.2
E00353,P00772,Contributor,2024-01-24,2024-02-07,1,5.7,5.0,7.2
E00353,P00797,Contributor,2023-11-15,2023-12-01,1,5.5,5.0,7.2
E00353,P00835,Contributor,2024-04-11,2024-05-05,1,5.5,5.9,7.2
E00353,P00860,Contributor,2026-01-18,2026-02-02,1,5.5,5.0,7.2
E00353,P00878,Contributor,2025-12-22,2026-01-05,1,5.5,6.3,7.2
E00353,P00879,Contributor,2024-05-21,2024-06-01,1,6.5,5.5,7.6
E00353,P00897,Contributor,2025-02-01,2025-02-05,1,7.8,8.9,8.3
E00354,P00157,Specialist,2024-01-25,2024-01-28,1,6.3,6.8,7.0
E00354,P00162,Specialist,2025-10-07,2025-10-24,1,6.4,7.8,7.1
E00354,P00185,Specialist,2026-02-27,2026-03-09,1,5.9,6.5,6.8
E00354,P00187,Specialist,2025-12-13,2026-01-06,1,8.0,8.6,7.9
E00354,P00218,Specialist,2025-12-18,2026-01-17,1,6.6,6.8,7.2
E00354,P00366,Specialist,2023-06-05,2023-06-08,1,5.8,6.0,6.8
E00354,P00467,Specialist,2025-01-26,2025-02-05,1,5.5,5.0,6.6
E00354,P00551,Specialist,2023-07-14,2023-07-28,1,8.4,9.4,8.1
E00354,P00563,Specialist,2024-01-21,2024-01-26,1,5.5,5.0,6.6
E00354,P00574,Specialist,2024-10-01,2024-10-09,1,6.7,7.1,7.2
E00354,P00603,Specialist,2024-02-25,2024-03-14,1,5.6,5.5,6.7
E00354,P00765,Specialist,2025-01-25,2025-01-30,1,5.5,5.0,6.6
E00355,P00015,Project Team Member,2026-01-07,2026-01-13,1,7.4,8.2,7.7
E00355,P00055,Project Team Member,2026-03-11,2026-03-18,1,7.5,7.8,7.8
E00355,P00085,Project Team Member,2023-05-27,2023-06-06,1,5.9,6.5,7.0
E00355,P00147,Project Team Member,2024-09-03,2024-09-18,1,6.0,5.7,7.0
E00355,P00153,Project Team Member,2024-12-17,2024-12-19,1,8.1,9.1,8.0
E00355,P00208,Project Team Member,2025-03-28,2025-04-07,1,7.8,9.1,7.9
E00355,P00279,Project Team Member,2025-08-05,2025-08-19,1,5.6,5.2,6.8
E00355,P00372,Project Team Member,2025-12-08,2026-02-22,2,7.5,7.7,7.8
E00355,P00391,Project Team Member,2024-03-29,2024-04-24,1,6.2,6.2,7.1
E00355,P00405,Project Team Member,2025-07-12,2025-07-22,1,5.5,5.0,6.8
E00355,P00406,Project Team Member,2024-12-18,2024-12-24,1,8.6,9.3,8.3
E00355,P00414,Project Team Member,2026-01-11,2026-01-19,1,8.0,9.4,8.0
E00355,P00508,Project Team Member,2024-04-25,2024-05-09,1,6.8,8.2,7.4
E00355,P00559,Project Team Member,2026-01-17,2026-01-29,1,6.0,5.7,7.0
E00355,P00563,Project Team Member,2023-08-21,2023-08-25,1,8.0,9.3,8.0
E00355,P00568,Project Team Member,2024-06-14,2024-11-06,2,5.6,5.0,6.8
E00355,P00681,Project Team Member,2026-01-30,2026-02-07,1,7.6,8.2,7.8
E00356,P00064,Contributor,2025-09-22,2025-09-27,1,6.5,7.5,6.8
E00356,P00075,Contributor,2026-04-27,2026-05-07,1,6.0,5.9,6.5
E00356,P00086,Contributor,2025-01-16,2025-02-09,1,7.0,8.1,7.0
E00356,P00107,Contributor,2026-04-16,2026-04-20,1,5.5,5.0,6.2
E00356,P00127,Contributor,2025-03-30,2025-04-04,1,5.9,5.2,6.4
E00356,P00142,Contributor,2024-09-06,2024-09-19,1,6.9,7.7,7.0
E00356,P00152,Contributor,2026-03-10,2026-03-14,1,8.0,9.3,7.5
E00356,P00155,Contributor,2023-04-11,2023-04-24,1,8.1,7.9,7.6
E00356,P00177,Contributor,2024-03-02,2024-03-09,1,7.8,8.1,7.4
E00356,P00186,Contributor,2026-03-16,2026-03-25,1,5.5,5.6,6.2
E00356,P00202,Contributor,2024-09-19,2024-10-03,1,6.0,5.6,6.5
E00356,P00222,Contributor,2023-03-29,2023-04-05,1,6.4,6.8,6.7
E00356,P00229,Contributor,2025-12-14,2025-12-16,1,5.5,5.0,6.2
E00356,P00274,Contributor,2025-09-07,2025-09-10,1,6.9,6.9,7.0
E00356,P00358,Contributor,2024-12-19,2024-12-24,1,7.7,9.0,7.4
E00356,P00381,Contributor,2025-01-06,2025-01-08,1,7.4,8.7,7.2
E00356,P00400,Contributor,2024-06-30,2024-07-09,1,6.4,5.4,6.7
E00356,P00410,Contributor,2024-04-23,2024-05-05,1,5.5,5.0,6.2
E00356,P00417,Contributor,2025-03-12,2025-03-15,1,6.2,6.0,6.6
E00356,P00425,Contributor,2026-03-16,2026-03-20,1,5.5,5.0,6.2
E00356,P00426,Contributor,2023-12-02,2023-12-10,1,6.4,7.2,6.7
E00356,P00445,Contributor,2025-06-06,2025-06-15,1,5.5,5.0,6.2
E00356,P00487,Contributor,2023-09-18,2023-09-28,1,7.6,8.7,7.3
E00356,P00489,Contributor,2025-02-19,2025-02-22,1,6.4,7.3,6.7
E00356,P00506,Contributor,2023-07-18,2023-07-20,1,6.5,7.4,6.8
E00356,P00511,Contributor,2026-02-18,2026-02-25,1,8.1,9.2,7.6
E00356,P00542,Contributor,2023-08-01,2023-08-31,1,6.9,8.0,7.0
E00356,P00558,Contributor,2023-12-01,2023-12-22,1,6.1,6.8,6.6
E00356,P00586,Contributor,2026-01-29,2026-02-11,1,5.6,5.8,6.3
E00356,P00597,Contributor,2023-08-23,2023-08-31,1,6.2,7.2,6.6
E00356,P00620,Contributor,2024-08-22,2024-09-04,1,7.1,7.0,7.0
E00356,P00641,Contributor,2024-10-30,2024-11-20,1,5.5,5.0,6.2
E00356,P00646,Contributor,2024-08-02,2024-08-06,1,7.3,8.7,7.2
E00356,P00689,Contributor,2026-03-06,2026-03-14,1,5.5,5.0,6.2
E00356,P00745,Contributor,2026-02-16,2026-03-02,1,5.5,5.3,6.2
E00356,P00800,Contributor,2025-09-18,2025-09-26,1,6.4,5.4,6.7
E00356,P00811,Contributor,2024-07-05,2024-07-09,1,7.6,8.3,7.3
E00356,P00814,Contributor,2024-08-17,2024-08-29,1,7.0,8.1,7.0
E00356,P00861,Contributor,2026-02-13,2026-02-28,1,6.9,7.8,7.0
E00357,P00031,Contributor,2023-08-02,2023-09-24,2,5.5,5.0,6.8
E00357,P00054,Contributor,2023-03-17,2023-04-07,1,6.8,7.2,7.4
E00357,P00158,Contributor,2026-01-11,2026-01-15,1,5.5,5.0,6.8
E00357,P00205,Contributor,2024-09-28,2024-10-01,1,7.6,7.8,7.8
E00357,P00212,Contributor,2025-07-14,2025-07-18,1,5.5,5.0,6.8
E00357,P00232,Contributor,2023-10-07,2023-10-15,1,7.4,8.3,7.7
E00357,P00262,Contributor,2024-06-21,2024-07-05,1,7.5,8.9,7.8
E00357,P00283,Contributor,2026-04-22,2026-05-03,1,7.1,6.1,7.6
E00357,P00346,Contributor,2026-01-24,2026-01-28,1,6.7,5.7,7.4
E00357,P00357,Contributor,2023-06-13,2023-06-15,1,6.6,7.9,7.3
E00357,P00371,Contributor,2025-03-31,2025-04-08,1,7.2,7.8,7.6
E00357,P00379,Contributor,2023-09-20,2023-09-24,1,8.0,9.4,8.0
E00357,P00381,Contributor,2025-08-12,2025-08-23,1,8.4,9.4,8.2
E00357,P00398,Contributor,2026-03-04,2026-03-31,1,6.7,7.6,7.4
E00357,P00402,Contributor,2026-03-21,2026-04-19,1,6.5,6.7,7.2
E00357,P00425,Contributor,2026-02-19,2026-03-06,1,7.9,8.3,8.0
E00357,P00428,Contributor,2025-08-01,2025-08-08,1,6.1,6.8,7.0
E00357,P00432,Contributor,2024-10-31,2024-11-14,1,6.0,5.7,7.0
E00357,P00447,Contributor,2023-12-27,2024-01-03,1,5.9,6.2,7.0
E00357,P00452,Contributor,2024-02-19,2024-02-23,1,5.5,5.0,6.8
E00357,P00495,Contributor,2025-11-17,2025-11-25,1,5.9,5.5,7.0
E00357,P00500,Contributor,2023-08-26,2023-09-04,1,6.6,7.6,7.3
E00357,P00560,Contributor,2024-09-21,2024-10-01,1,6.7,7.7,7.4
E00357,P00579,Contributor,2024-07-24,2024-08-03,1,7.8,9.0,7.9
E00357,P00626,Contributor,2025-10-20,2025-10-24,1,7.6,8.9,7.8
E00357,P00681,Contributor,2025-12-17,2025-12-25,1,9.2,9.7,8.6
E00357,P00719,Contributor,2026-02-07,2026-02-18,1,6.9,8.2,7.4
E00357,P00797,Contributor,2024-05-06,2024-05-10,1,7.6,8.2,7.8
E00357,P00807,Contributor,2023-08-24,2023-08-31,1,5.9,5.6,7.0
E00357,P00808,Contributor,2024-02-17,2024-02-19,1,6.5,5.5,7.2
E00357,P00813,Contributor,2024-06-03,2024-06-10,1,5.5,5.0,6.8
E00357,P00819,Contributor,2025-08-17,2025-08-20,1,5.5,5.0,6.8
E00357,P00850,Contributor,2025-04-05,2025-05-03,1,5.5,5.0,6.8
E00357,P00857,Contributor,2025-10-04,2025-10-06,1,7.4,7.9,7.7
E00357,P00861,Contributor,2025-10-28,2025-11-10,1,9.7,9.7,8.8
E00357,P00871,Contributor,2025-07-14,2025-07-25,1,6.5,6.7,7.2
E00358,P00096,Project Team Member,2025-08-30,2025-09-08,1,5.5,5.0,6.6
E00358,P00147,Project Team Member,2025-01-01,2025-01-09,1,5.5,5.0,6.6
E00358,P00176,Project Team Member,2024-12-09,2024-12-11,1,5.8,5.0,6.8
E00358,P00199,Project Team Member,2025-06-06,2025-06-16,1,5.6,5.6,6.7
E00358,P00221,Project Team Member,2026-02-25,2026-02-26,1,7.1,8.3,7.4
E00358,P00258,Project Team Member,2024-08-07,2024-08-12,1,7.4,8.5,7.6
E00358,P00335,Project Team Member,2025-02-12,2025-02-14,1,6.0,6.6,6.9
E00358,P00439,Project Team Member,2024-04-27,2024-05-10,1,8.6,9.6,8.2
E00358,P00467,Project Team Member,2025-03-12,2025-03-22,1,6.4,6.5,7.1
E00358,P00504,Project Team Member,2023-06-30,2023-07-27,1,5.7,5.0,6.8
E00358,P00576,Project Team Member,2025-04-26,2025-05-10,1,5.9,6.5,6.8
E00358,P00577,Project Team Member,2025-09-26,2025-10-06,1,6.8,7.3,7.3
E00358,P00690,Project Team Member,2024-10-28,2024-11-01,1,5.5,5.0,6.6
E00358,P00698,Project Team Member,2024-07-29,2024-08-12,1,7.8,9.1,7.8
E00358,P00723,Project Team Member,2023-06-14,2023-06-22,1,5.6,6.2,6.7
E00358,P00758,Project Team Member,2023-11-26,2023-11-28,1,6.2,6.1,7.0
E00358,P00762,Project Team Member,2025-04-04,2025-04-19,1,5.5,5.0,6.6
E00358,P00817,Project Team Member,2025-11-09,2025-11-17,1,5.5,5.0,6.6
E00358,P00857,Project Team Member,2025-03-13,2025-03-19,1,6.7,5.7,7.2
E00358,P00874,Project Team Member,2023-09-15,2023-09-24,1,6.0,6.8,6.9
E00359,P00121,Project Team Member,2024-05-03,2024-05-16,1,6.9,8.2,7.6
E00359,P00226,Project Team Member,2024-10-25,2024-10-30,1,7.7,9.0,8.0
E00359,P00228,Project Team Member,2023-06-03,2023-06-11,1,6.7,8.0,7.4
E00359,P00232,Project Team Member,2023-09-16,2023-09-26,1,6.8,7.9,7.5
E00359,P00256,Project Team Member,2025-08-30,2025-09-14,1,5.8,5.5,7.0
E00359,P00261,Project Team Member,2024-12-30,2025-01-07,1,6.0,5.6,7.1
E00359,P00387,Project Team Member,2024-05-13,2024-05-30,1,5.5,5.0,6.8
E00359,P00487,Project Team Member,2023-04-08,2023-04-14,1,5.5,5.0,6.8
E00359,P00524,Project Team Member,2024-04-14,2024-04-26,1,5.6,5.0,6.9
E00359,P00531,Project Team Member,2024-07-10,2024-07-14,1,7.8,9.0,8.0
E00359,P00604,Project Team Member,2024-05-23,2024-05-27,1,6.5,7.7,7.4
E00359,P00656,Project Team Member,2025-03-30,2025-07-04,2,7.0,7.6,7.6
E00359,P00707,Project Team Member,2024-03-31,2024-04-11,1,6.5,6.7,7.4
E00359,P00772,Project Team Member,2024-09-02,2024-09-09,1,5.9,6.9,7.0
E00359,P00834,Project Team Member,2024-01-08,2024-01-21,1,5.5,5.0,6.8
E00359,P00874,Project Team Member,2023-10-22,2023-11-06,1,8.0,9.4,8.1
E00359,P00885,Project Team Member,2025-01-20,2025-01-28,1,5.5,5.0,6.8
E00360,P00123,Specialist,2024-11-17,2024-11-28,1,7.2,6.2,7.2
E00360,P00158,Specialist,2025-08-11,2025-08-20,1,7.2,6.2,7.2
E00360,P00169,Specialist,2023-10-02,2023-10-12,1,7.5,8.9,7.4
E00360,P00170,Specialist,2025-11-08,2025-11-11,1,5.5,5.0,6.4
E00360,P00250,Specialist,2023-11-01,2023-11-09,1,6.2,6.0,6.7
E00360,P00262,Specialist,2024-10-16,2024-10-26,1,5.5,5.0,6.4
E00360,P00274,Specialist,2025-05-08,2025-05-13,1,5.5,5.6,6.4
E00360,P00287,Specialist,2026-02-01,2026-02-15,1,5.5,5.0,6.4
E00360,P00293,Specialist,2024-09-27,2024-10-08,1,8.3,9.3,7.8
E00360,P00295,Specialist,2024-07-08,2024-07-22,1,6.7,7.9,7.0
E00360,P00300,Specialist,2023-10-26,2023-10-28,1,5.5,5.0,6.4
E00360,P00313,Specialist,2025-03-29,2025-04-17,1,7.9,9.2,7.6
E00360,P00336,Specialist,2025-02-06,2025-02-11,1,7.4,8.2,7.3
E00360,P00376,Specialist,2025-10-15,2025-11-12,1,7.8,9.0,7.5
E00360,P00466,Specialist,2025-12-11,2025-12-17,1,7.8,9.2,7.5
E00360,P00489,Specialist,2024-07-28,2024-08-09,1,5.7,5.4,6.4
E00360,P00617,Specialist,2025-09-29,2025-10-26,1,7.1,8.3,7.2
E00360,P00670,Specialist,2025-01-09,2025-01-21,1,7.9,9.2,7.6
E00360,P00696,Specialist,2025-11-07,2025-11-20,1,5.8,6.4,6.5
E00360,P00708,Specialist,2026-02-01,2026-02-05,1,8.4,9.6,7.8
E00360,P00722,Specialist,2023-12-28,2024-01-12,1,6.4,7.0,6.8
E00360,P00727,Specialist,2024-07-19,2024-08-01,1,7.4,8.4,7.3
E00360,P00767,Specialist,2024-04-27,2024-11-29,2,6.2,5.6,6.7
E00360,P00817,Specialist,2026-03-02,2026-03-06,1,7.0,6.9,7.1
E00360,P00867,Specialist,2024-06-03,2024-06-09,1,6.2,7.5,6.7
E00360,P00891,Specialist,2023-07-20,2023-07-31,1,5.9,5.9,6.6
E00360,P00899,Specialist,2023-12-18,2024-02-14,2,5.5,5.0,6.4
E00361,P00090,Contributor,2025-10-18,2025-10-27,1,6.8,7.6,7.6
E00361,P00142,Contributor,2025-05-20,2025-06-04,1,5.5,5.9,7.0
E00361,P00181,Contributor,2025-12-06,2025-12-17,1,5.5,5.0,7.0
E00361,P00305,Contributor,2025-06-21,2025-06-26,1,6.2,6.4,7.3
E00361,P00373,Contributor,2025-05-20,2025-05-22,1,7.3,8.5,7.8
E00361,P00379,Contributor,2023-07-15,2023-07-22,1,6.9,7.9,7.6
E00361,P00455,Contributor,2025-02-25,2025-03-09,1,6.7,7.1,7.6
E00361,P00463,Contributor,2026-04-28,2026-02-19,1,8.1,9.0,8.2
E00361,P00474,Contributor,2026-01-17,2026-01-28,1,6.9,8.2,7.6
E00361,P00590,Contributor,2026-02-19,2026-02-21,1,5.5,5.0,7.0
E00361,P00668,Contributor,2026-01-04,2026-01-07,1,5.5,5.0,7.0
E00361,P00698,Contributor,2024-08-16,2024-08-26,1,6.8,7.2,7.6
E00361,P00770,Contributor,2024-09-13,2024-09-19,1,6.8,7.8,7.6
E00361,P00793,Contributor,2025-09-01,2025-09-14,1,5.5,5.0,7.0
E00362,P00062,Coordinator,2025-05-05,2025-05-10,1,5.5,5.0,7.4
E00362,P00117,Coordinator,2026-02-23,2026-03-04,1,6.9,8.1,8.2
E00362,P00300,Coordinator,2023-04-10,2023-04-12,1,5.5,5.4,7.4
E00362,P00306,Coordinator,2025-11-11,2025-11-16,1,6.9,7.9,8.2
E00362,P00335,Coordinator,2024-04-03,2024-04-07,1,6.2,6.4,7.8
E00362,P00481,Coordinator,2024-01-18,2024-02-14,1,8.0,9.3,8.7
E00362,P00489,Coordinator,2024-10-09,2024-10-19,1,5.6,5.1,7.5
E00362,P00835,Coordinator,2024-06-08,2024-06-19,1,5.5,5.0,7.4
E00362,P00884,Coordinator,2023-04-05,2023-04-07,1,7.2,6.2,8.3
E00362,P00892,Coordinator,2025-07-09,2025-07-20,1,8.6,9.5,9.0
E00363,P00010,Project Team Member,2023-11-14,2023-11-29,1,8.0,7.6,8.0
E00363,P00016,Project Team Member,2024-08-11,2024-12-17,2,7.8,7.7,7.9
E00363,P00150,Project Team Member,2024-05-17,2024-05-22,1,5.5,5.0,6.8
E00363,P00240,Project Team Member,2023-06-05,2023-06-20,1,6.4,6.4,7.2
E00363,P00249,Project Team Member,2024-01-10,2024-01-25,1,5.5,5.0,6.8
E00363,P00344,Project Team Member,2023-10-15,2023-10-28,1,7.0,6.0,7.5
E00363,P00394,Project Team Member,2024-07-16,2024-07-21,1,5.5,5.0,6.8
E00363,P00438,Project Team Member,2025-10-05,2025-11-03,1,6.9,8.2,7.4
E00363,P00447,Project Team Member,2023-07-21,2023-07-27,1,5.5,5.0,6.8
E00363,P00461,Project Team Member,2023-07-03,2023-07-11,1,7.6,8.9,7.8
E00363,P00498,Project Team Member,2025-12-27,2026-01-10,1,7.2,8.5,7.6
E00363,P00500,Project Team Member,2023-09-13,2023-09-25,1,7.3,8.0,7.6
E00363,P00544,Project Team Member,2026-01-21,2026-01-27,1,5.5,5.0,6.8
E00363,P00549,Project Team Member,2025-03-05,2025-03-13,1,6.2,6.2,7.1
E00363,P00582,Project Team Member,2024-11-10,2024-11-14,1,6.6,7.5,7.3
E00363,P00642,Project Team Member,2025-02-28,2025-03-13,1,5.5,5.0,6.8
E00363,P00644,Project Team Member,2025-01-05,2025-01-08,1,7.2,7.9,7.6
E00363,P00665,Project Team Member,2026-01-26,2026-01-28,1,7.0,7.8,7.5
E00363,P00690,Project Team Member,2025-01-27,2025-02-17,1,6.0,6.1,7.0
E00363,P00869,Project Team Member,2025-04-12,2025-04-24,1,5.5,5.0,6.8
E00363,P00877,Project Team Member,2024-05-20,2024-05-22,1,5.5,5.0,6.8
E00363,P00894,Project Team Member,2025-10-11,2025-11-04,1,8.8,9.7,8.4
E00364,P00009,Project Team Member,2023-08-09,2023-08-17,1,5.8,5.9,7.1
E00364,P00032,Project Team Member,2025-02-23,2025-03-02,1,5.5,5.0,7.0
E00364,P00054,Project Team Member,2023-04-28,2023-05-20,1,7.0,7.9,7.7
E00364,P00070,Project Team Member,2023-07-21,2023-07-24,1,5.8,5.6,7.1
E00364,P00093,Project Team Member,2024-11-20,2024-11-25,1,6.0,6.9,7.2
E00364,P00124,Project Team Member,2025-12-20,2026-01-08,1,7.2,8.5,7.8
E00364,P00165,Project Team Member,2023-09-23,2023-10-06,1,6.7,8.0,7.6
E00364,P00212,Project Team Member,2025-04-26,2025-05-03,1,5.5,5.0,7.0
E00364,P00232,Project Team Member,2023-10-27,2023-10-27,1,8.4,9.6,8.4
E00364,P00244,Project Team Member,2026-04-11,2026-03-02,1,8.0,9.3,8.2
E00364,P00284,Project Team Member,2025-02-27,2025-03-01,1,6.1,7.3,7.2
E00364,P00285,Project Team Member,2023-03-15,2023-03-26,1,7.3,7.8,7.8
E00364,P00305,Project Team Member,2025-03-23,2025-04-01,1,5.5,5.0,7.0
E00364,P00306,Project Team Member,2025-12-24,2025-12-31,1,6.5,6.6,7.4
E00364,P00321,Project Team Member,2024-09-10,2024-09-15,1,8.0,9.3,8.2
E00364,P00329,Project Team Member,2023-09-17,2023-09-27,1,9.0,9.7,8.7
E00364,P00334,Project Team Member,2025-08-07,2025-08-18,1,5.5,5.0,7.0
E00364,P00356,Project Team Member,2025-12-16,2026-01-13,1,6.1,6.1,7.2
E00364,P00365,Project Team Member,2025-03-31,2025-04-04,1,6.0,6.5,7.2
E00364,P00372,Project Team Member,2025-12-16,2025-12-18,1,8.5,9.1,8.4
E00364,P00389,Project Team Member,2025-02-12,2025-02-15,1,6.2,5.2,7.3
E00364,P00396,Project Team Member,2025-09-14,2025-09-28,1,8.0,7.6,8.2
E00364,P00414,Project Team Member,2026-02-12,2026-02-26,1,6.2,6.5,7.3
E00364,P00427,Project Team Member,2024-11-17,2024-12-02,1,6.0,6.1,7.2
E00364,P00533,Project Team Member,2025-09-01,2025-09-06,1,6.2,5.2,7.3
E00364,P00604,Project Team Member,2023-06-09,2023-06-18,1,6.2,5.7,7.3
E00364,P00645,Project Team Member,2025-01-29,2025-02-13,1,5.7,5.3,7.0
E00364,P00682,Project Team Member,2023-07-19,2023-07-25,1,5.5,5.3,7.0
E00364,P00697,Project Team Member,2025-08-05,2025-09-01,1,5.5,5.0,7.0
E00364,P00714,Project Team Member,2024-12-14,2024-12-24,1,6.0,6.9,7.2
E00364,P00718,Project Team Member,2025-12-09,2025-12-19,1,7.6,8.8,8.0
E00364,P00724,Project Team Member,2025-11-19,2026-03-16,2,8.1,8.5,8.2
E00364,P00760,Project Team Member,2023-08-20,2023-08-23,1,5.5,5.0,7.0
E00364,P00800,Project Team Member,2025-11-23,2025-11-29,1,5.9,5.2,7.2
E00364,P00802,Project Team Member,2024-06-24,2024-07-03,1,7.0,8.0,7.7
E00364,P00827,Project Team Member,2024-07-10,2024-07-24,1,6.2,6.2,7.3
E00364,P00834,Project Team Member,2024-03-07,2024-03-15,1,5.5,5.0,7.0
E00364,P00893,Project Team Member,2025-12-11,2025-12-19,1,7.6,8.7,8.0
E00365,P00002,Coordinator,2025-07-11,2025-11-19,2,8.2,8.8,8.4
E00365,P00017,Coordinator,2023-06-28,2023-07-06,1,7.3,6.4,8.0
E00365,P00103,Coordinator,2024-08-30,2024-09-11,1,6.1,5.9,7.4
E00365,P00114,Coordinator,2023-12-21,2023-12-27,1,6.5,5.5,7.6
E00365,P00122,Coordinator,2025-03-08,2025-03-18,1,6.3,7.3,7.4
E00365,P00123,Coordinator,2024-12-26,2025-01-09,1,5.5,5.0,7.0
E00365,P00155,Coordinator,2024-02-29,2024-03-07,1,6.0,7.1,7.3
E00365,P00160,Coordinator,2023-06-26,2023-06-30,1,8.7,9.4,8.6
E00365,P00176,Coordinator,2025-04-02,2025-04-11,1,7.9,7.5,8.2
E00365,P00186,Coordinator,2026-03-03,2026-03-19,1,8.6,9.6,8.6
E00365,P00233,Coordinator,2025-09-25,2025-10-01,1,7.7,8.3,8.2
E00365,P00267,Coordinator,2025-06-29,2025-07-12,1,5.5,5.0,7.0
E00365,P00292,Coordinator,2024-08-12,2024-08-19,1,9.2,9.7,8.9
E00365,P00297,Coordinator,2024-12-29,2025-01-16,1,5.5,5.0,7.0
E00365,P00346,Coordinator,2026-02-08,2026-02-28,1,5.5,5.0,7.0
E00365,P00379,Coordinator,2023-11-03,2023-11-21,1,6.1,6.5,7.4
E00365,P00395,Coordinator,2025-12-07,2025-12-21,1,5.5,5.0,7.0
E00365,P00404,Coordinator,2025-04-26,2025-04-30,1,5.5,5.0,7.0
E00365,P00475,Coordinator,2025-04-05,2025-04-18,1,8.0,8.7,8.3
E00365,P00611,Coordinator,2024-03-02,2024-03-06,1,7.8,8.4,8.2
E00365,P00619,Coordinator,2024-07-25,2024-08-05,1,8.3,8.4,8.4
E00365,P00628,Coordinator,2024-04-21,2024-05-06,1,5.5,5.0,7.0
E00365,P00640,Coordinator,2024-06-07,2024-06-19,1,6.3,6.5,7.4
E00365,P00646,Coordinator,2024-08-06,2024-08-09,1,9.6,9.7,9.1
E00365,P00697,Coordinator,2026-03-13,2026-03-25,1,9.4,9.7,9.0
E00365,P00754,Coordinator,2025-05-12,2025-05-19,1,5.9,6.4,7.2
E00365,P00778,Coordinator,2024-11-25,2024-12-06,1,5.6,5.9,7.1
E00365,P00789,Coordinator,2026-04-30,2026-05-14,1,7.2,8.5,7.9
E00365,P00818,Coordinator,2023-11-14,2023-11-27,1,5.5,5.0,7.0
E00365,P00834,Coordinator,2024-04-01,2024-04-03,1,6.8,7.1,7.7
E00365,P00841,Coordinator,2023-10-26,2023-10-30,1,6.3,7.0,7.4
E00365,P00860,Coordinator,2026-01-17,2026-01-24,1,5.5,5.0,7.0
E00365,P00874,Coordinator,2023-07-28,2024-01-08,2,6.9,7.1,7.8
E00365,P00889,Coordinator,2025-01-18,2025-02-06,1,6.2,6.2,7.4
E00365,P00899,Coordinator,2024-07-07,2024-07-14,1,8.0,9.3,8.3
E00366,P00010,Coordinator,2023-09-26,2023-10-11,1,5.5,5.0,6.6
E00366,P00033,Coordinator,2024-04-18,2024-04-30,1,6.0,5.8,6.8
E00366,P00096,Coordinator,2025-04-23,2025-05-08,1,7.3,8.7,7.4
E00366,P00110,Coordinator,2024-03-09,2024-04-05,1,5.9,6.2,6.8
E00366,P00123,Coordinator,2025-06-29,2025-07-12,1,7.2,8.1,7.4
E00366,P00132,Coordinator,2023-12-13,2023-12-18,1,6.9,8.3,7.2
E00366,P00296,Coordinator,2024-11-24,2024-11-30,1,6.5,7.4,7.0
E00366,P00299,Coordinator,2025-11-18,2025-12-12,1,6.2,7.2,6.9
E00366,P00344,Coordinator,2023-11-23,2023-12-07,1,6.9,7.3,7.2
E00366,P00358,Coordinator,2025-05-18,2025-05-28,1,7.8,7.6,7.7
E00366,P00389,Coordinator,2025-02-25,2025-03-11,1,6.9,8.2,7.2
E00366,P00421,Coordinator,2023-10-17,2023-10-31,1,5.9,6.7,6.8
E00366,P00473,Coordinator,2025-11-15,2025-11-26,1,5.5,5.0,6.6
E00366,P00474,Coordinator,2026-03-21,2026-03-27,1,7.4,8.7,7.5
E00366,P00496,Coordinator,2023-09-07,2023-09-20,1,5.5,5.0,6.6
E00366,P00566,Coordinator,2025-01-27,2025-02-02,1,8.2,8.1,7.9
E00366,P00589,Coordinator,2026-04-01,2026-03-14,1,6.0,5.9,6.8
E00366,P00641,Coordinator,2024-02-26,2024-03-09,1,7.2,6.2,7.4
E00366,P00646,Coordinator,2024-04-30,2024-05-02,1,8.0,9.2,7.8
E00366,P00650,Coordinator,2024-11-02,2024-11-15,1,6.2,5.2,6.9
E00366,P00659,Coordinator,2023-07-13,2023-07-19,1,8.5,9.5,8.0
E00366,P00667,Coordinator,2024-06-02,2024-06-13,1,5.5,5.1,6.6
E00366,P00675,Coordinator,2024-05-05,2024-05-11,1,5.5,5.0,6.6
E00366,P00681,Coordinator,2026-01-08,2026-01-17,1,5.5,5.0,6.6
E00366,P00688,Coordinator,2023-05-25,2023-06-20,1,8.0,9.3,7.8
E00366,P00721,Coordinator,2026-02-22,2026-03-03,1,8.0,9.3,7.8
E00366,P00745,Coordinator,2026-01-17,2026-01-19,1,7.7,8.7,7.6
E00366,P00747,Coordinator,2023-10-12,2023-10-22,1,6.8,8.1,7.2
E00366,P00819,Coordinator,2025-11-23,2025-12-07,1,5.5,5.8,6.6
E00366,P00833,Coordinator,2025-05-22,2025-05-25,1,5.9,5.2,6.8
E00366,P00868,Coordinator,2025-08-23,2025-09-02,1,7.5,8.5,7.6
E00366,P00871,Coordinator,2024-10-08,2024-10-24,1,7.1,8.5,7.4
E00366,P00878,Coordinator,2025-12-11,2025-12-16,1,7.6,8.6,7.6
E00366,P00881,Coordinator,2023-06-26,2023-07-10,1,7.2,7.5,7.4
E00367,P00036,Project Team Member,2023-12-22,2023-12-25,1,6.4,7.4,7.3
E00367,P00093,Project Team Member,2024-09-24,2024-09-28,1,5.5,5.0,6.8
E00367,P00109,Project Team Member,2023-02-27,2023-05-13,2,7.4,7.8,7.8
E00367,P00117,Project Team Member,2026-02-21,2026-02-23,1,9.2,9.7,8.7
E00367,P00122,Project Team Member,2024-12-14,2024-12-21,1,7.3,7.1,7.8
E00367,P00170,Project Team Member,2025-08-23,2025-09-09,1,5.5,5.0,6.8
E00367,P00177,Project Team Member,2024-05-30,2024-06-09,1,5.5,5.0,6.8
E00367,P00214,Project Team Member,2025-11-18,2025-11-27,1,6.7,8.1,7.4
E00367,P00325,Project Team Member,2026-04-15,2026-04-18,1,5.9,5.2,7.0
E00367,P00487,Project Team Member,2023-08-10,2023-08-14,1,8.0,9.3,8.1
E00367,P00532,Project Team Member,2025-07-31,2025-08-12,1,7.6,8.7,7.9
E00367,P00712,Project Team Member,2026-03-24,2026-03-29,1,5.5,5.0,6.8
E00367,P00840,Project Team Member,2023-10-15,2023-10-28,1,5.5,5.0,6.8
E00367,P00847,Project Team Member,2023-11-20,2023-11-25,1,6.9,7.5,7.6
E00367,P00868,Project Team Member,2025-08-25,2025-08-29,1,6.0,6.8,7.1
E00367,P00891,Project Team Member,2024-02-29,2024-03-03,1,8.6,9.5,8.4
E00368,P00010,Project Team Member,2023-12-05,2023-12-12,1,7.7,8.9,7.8
E00368,P00029,Project Team Member,2025-12-13,2025-12-27,1,7.0,7.6,7.5
E00368,P00121,Project Team Member,2024-01-11,2024-01-24,1,5.5,5.0,6.8
E00368,P00128,Project Team Member,2023-12-15,2023-12-30,1,5.5,5.0,6.8
E00368,P00172,Project Team Member,2025-08-24,2025-09-06,1,5.5,5.5,6.8
E00368,P00182,Project Team Member,2024-02-14,2024-02-23,1,8.1,9.1,8.0
E00368,P00185,Project Team Member,2026-02-25,2026-03-10,1,6.6,7.3,7.3
E00368,P00249,Project Team Member,2023-09-25,2023-10-04,1,8.3,8.8,8.2
E00368,P00294,Project Team Member,2025-03-20,2025-04-02,1,5.5,5.0,6.8
E00368,P00302,Project Team Member,2024-11-18,2024-12-02,1,5.5,5.0,6.8
E00368,P00313,Project Team Member,2025-04-11,2025-04-18,1,8.4,8.3,8.2
E00368,P00317,Project Team Member,2024-01-06,2024-01-11,1,6.3,7.4,7.2
E00368,P00373,Project Team Member,2025-07-31,2025-08-11,1,7.3,8.4,7.6
E00368,P00417,Project Team Member,2024-08-03,2024-08-07,1,6.6,6.9,7.3
E00368,P00461,Project Team Member,2023-05-28,2023-06-06,1,5.5,5.3,6.8
E00368,P00504,Project Team Member,2023-01-29,2023-02-03,1,6.8,7.3,7.4
E00368,P00511,Project Team Member,2025-08-11,2025-08-23,1,7.4,8.5,7.7
E00368,P00538,Project Team Member,2025-10-13,2025-10-17,1,8.6,8.8,8.3
E00368,P00582,Project Team Member,2024-05-04,2024-05-10,1,6.3,6.9,7.2
E00368,P00584,Project Team Member,2024-04-21,2024-05-05,1,7.0,8.4,7.5
E00368,P00586,Project Team Member,2026-03-14,2026-03-20,1,8.4,9.7,8.2
E00368,P00592,Project Team Member,2024-09-15,2024-09-24,1,7.8,9.0,7.9
E00368,P00617,Project Team Member,2025-08-15,2025-08-30,1,7.4,8.5,7.7
E00368,P00644,Project Team Member,2025-12-05,2025-12-10,1,8.4,9.7,8.2
E00368,P00646,Project Team Member,2024-08-06,2024-08-09,1,7.8,9.0,7.9
E00368,P00662,Project Team Member,2025-08-29,2025-09-10,1,7.7,8.3,7.8
E00368,P00675,Project Team Member,2023-07-15,2023-07-28,1,8.0,9.0,8.0
E00368,P00689,Project Team Member,2026-01-15,2026-01-23,1,6.2,6.2,7.1
E00368,P00754,Project Team Member,2025-09-21,2025-10-06,1,7.8,8.6,7.9
E00368,P00756,Project Team Member,2024-08-16,2024-08-31,1,5.6,5.2,6.8
E00368,P00775,Project Team Member,2023-07-04,2023-07-18,1,7.3,8.7,7.6
E00368,P00797,Project Team Member,2024-06-10,2024-06-17,1,6.5,7.5,7.2
E00368,P00800,Project Team Member,2025-12-17,2025-12-30,1,7.7,9.0,7.8
E00368,P00805,Project Team Member,2025-11-03,2025-11-17,1,5.9,5.2,7.0
E00368,P00850,Project Team Member,2025-10-13,2025-10-16,1,7.0,8.0,7.5
E00368,P00892,Project Team Member,2025-10-26,2025-11-06,2,6.1,5.8,7.0
E00369,P00006,Contributor,2024-07-18,2024-08-28,2,8.5,9.4,8.2
E00369,P00030,Contributor,2023-08-22,2023-08-30,1,7.8,9.0,7.9
E00369,P00091,Contributor,2026-03-01,2026-03-03,1,5.5,5.0,6.8
E00369,P00125,Contributor,2025-10-02,2025-10-20,1,7.0,7.9,7.5
E00369,P00273,Contributor,2026-01-26,2026-02-09,1,8.1,7.8,8.0
E00369,P00322,Contributor,2025-01-12,2025-01-18,1,7.2,8.0,7.6
E00369,P00332,Contributor,2025-11-25,2025-11-27,1,5.5,5.0,6.8
E00369,P00394,Contributor,2024-07-09,2024-07-18,1,5.8,6.3,6.9
E00369,P00404,Contributor,2025-12-19,2025-12-28,1,7.1,8.4,7.6
E00369,P00473,Contributor,2025-10-08,2025-10-23,1,7.8,9.1,7.9
E00369,P00498,Contributor,2025-10-15,2025-10-25,1,6.0,5.0,7.0
E00369,P00532,Contributor,2025-12-20,2025-12-27,1,8.0,9.3,8.0
E00369,P00573,Contributor,2023-12-29,2024-01-09,1,7.3,8.6,7.6
E00369,P00577,Contributor,2025-10-10,2025-10-21,1,7.5,8.7,7.8
E00369,P00604,Contributor,2024-03-27,2024-03-30,1,6.7,6.2,7.4
E00369,P00615,Contributor,2024-11-11,2024-11-16,1,7.4,7.8,7.7
E00369,P00637,Contributor,2025-01-09,2025-01-23,1,7.8,9.2,7.9
E00369,P00708,Contributor,2025-11-08,2025-11-12,1,6.5,6.0,7.2
E00369,P00741,Contributor,2025-03-22,2025-04-03,1,7.3,8.7,7.6
E00369,P00758,Contributor,2023-06-16,2023-06-18,1,6.4,5.9,7.2
E00369,P00793,Contributor,2025-09-20,2025-09-22,1,6.5,7.1,7.2
E00370,P00086,Project Team Member,2025-02-05,2025-02-17,1,6.7,7.1,7.0
E00370,P00153,Project Team Member,2024-08-06,2024-08-09,1,6.4,6.6,6.9
E00370,P00163,Project Team Member,2024-07-18,2024-07-26,1,6.0,7.1,6.7
E00370,P00164,Project Team Member,2024-03-21,2024-05-12,2,5.9,5.7,6.6
E00370,P00210,Project Team Member,2023-12-25,2023-12-27,1,5.5,5.0,6.4
E00370,P00295,Project Team Member,2024-05-06,2024-05-12,1,8.9,9.7,8.2
E00370,P00345,Project Team Member,2023-11-01,2023-12-01,1,6.5,7.4,7.0
E00370,P00372,Project Team Member,2025-12-10,2025-12-19,1,6.0,5.7,6.7
E00370,P00439,Project Team Member,2024-05-26,2024-06-02,1,5.5,5.0,6.4
E00370,P00496,Project Team Member,2023-11-02,2023-11-11,1,5.5,5.6,6.4
E00370,P00563,Project Team Member,2023-11-18,2023-11-20,1,5.5,5.0,6.4
E00370,P00668,Project Team Member,2025-11-20,2025-11-22,1,7.2,6.2,7.3
E00370,P00756,Project Team Member,2024-02-21,2024-03-04,1,6.6,6.8,7.0
E00370,P00807,Project Team Member,2023-05-01,2023-05-11,1,5.8,6.4,6.6
E00370,P00843,Project Team Member,2025-12-17,2025-12-30,1,6.2,5.2,6.8
E00370,P00847,Project Team Member,2023-06-19,2023-07-06,1,7.7,9.0,7.6
E00370,P00864,Project Team Member,2024-03-06,2024-03-17,1,5.5,5.0,6.4
E00370,P00875,Project Team Member,2024-10-06,2024-10-22,1,9.0,9.4,8.2
E00371,P00012,Project Team Member,2025-10-18,2025-10-22,1,7.2,6.2,7.6
E00371,P00013,Project Team Member,2023-06-16,2023-06-26,1,8.9,9.3,8.4
E00371,P00017,Project Team Member,2023-07-10,2023-07-14,1,5.5,5.0,6.8
E00371,P00093,Project Team Member,2024-11-22,2024-11-25,1,8.0,9.3,8.0
E00371,P00146,Project Team Member,2025-06-26,2025-07-09,1,7.6,8.1,7.8
E00371,P00185,Project Team Member,2026-03-21,2026-03-28,1,5.7,6.2,6.8
E00371,P00240,Project Team Member,2023-04-22,2023-05-07,1,6.9,8.0,7.4
E00371,P00244,Project Team Member,2026-04-11,2026-03-02,1,8.1,8.9,8.0
E00371,P00267,Project Team Member,2024-11-26,2024-12-03,1,7.2,7.4,7.6
E00371,P00276,Project Team Member,2024-10-19,2024-10-24,1,5.5,5.0,6.8
E00371,P00287,Project Team Member,2025-07-01,2025-07-12,1,6.8,8.1,7.4
E00371,P00305,Project Team Member,2024-11-11,2024-11-23,1,7.8,9.2,7.9
E00371,P00306,Project Team Member,2025-08-16,2025-08-19,1,7.8,8.8,7.9
E00371,P00321,Project Team Member,2024-07-02,2024-07-09,1,7.6,8.9,7.8
E00371,P00371,Project Team Member,2025-03-15,2025-06-11,2,7.6,7.6,7.8
E00371,P00376,Project Team Member,2026-01-10,2026-01-24,1,5.5,5.0,6.8
E00371,P00434,Project Team Member,2024-12-13,2024-12-27,1,7.3,8.1,7.6
E00371,P00466,Project Team Member,2026-01-19,2026-01-30,1,5.5,5.0,6.8
E00371,P00496,Project Team Member,2024-03-17,2024-03-25,1,7.5,8.8,7.8
E00371,P00497,Project Team Member,2023-08-05,2023-08-16,1,5.8,5.6,6.9
E00371,P00530,Project Team Member,2025-11-30,2026-01-11,2,5.9,5.1,7.0
E00371,P00584,Project Team Member,2024-03-11,2024-04-09,1,7.6,8.7,7.8
E00371,P00590,Project Team Member,2026-02-23,2026-03-09,1,6.3,7.1,7.2
E00371,P00607,Project Team Member,2026-03-16,2026-03-17,1,5.5,5.0,6.8
E00371,P00613,Project Team Member,2026-03-30,2026-04-17,1,5.5,5.0,6.8
E00371,P00683,Project Team Member,2025-04-05,2025-04-19,1,6.4,6.6,7.2
E00371,P00693,Project Team Member,2025-03-25,2025-04-03,1,8.0,9.3,8.0
E00371,P00758,Project Team Member,2023-05-11,2023-05-16,1,6.3,7.4,7.2
E00371,P00819,Project Team Member,2025-11-17,2025-12-01,1,7.4,8.3,7.7
E00371,P00860,Project Team Member,2026-01-17,2026-01-31,1,7.2,6.2,7.6
E00372,P00163,Contributor,2024-07-11,2024-07-24,1,5.5,5.0,7.0
E00372,P00281,Contributor,2024-01-02,2024-01-19,1,5.5,5.0,7.0
E00372,P00466,Contributor,2026-02-09,2026-02-24,1,9.2,9.7,8.8
E00372,P00670,Contributor,2024-10-22,2024-11-11,1,6.6,6.9,7.5
E00372,P00760,Contributor,2023-08-02,2023-08-27,1,6.2,6.1,7.3
E00372,P00771,Contributor,2024-04-26,2024-05-03,1,8.4,9.7,8.4
E00373,P00018,Project Team Member,2025-02-17,2025-03-02,1,5.9,6.1,7.6
E00373,P00112,Project Team Member,2026-02-04,2026-02-06,1,6.9,7.5,8.2
E00373,P00123,Project Team Member,2025-05-04,2025-05-13,1,8.4,8.4,8.9
E00373,P00181,Project Team Member,2025-11-30,2025-12-12,1,8.0,9.3,8.7
E00373,P00231,Project Team Member,2025-05-10,2025-05-24,1,5.5,5.0,7.4
E00373,P00252,Project Team Member,2025-04-07,2025-04-13,1,5.5,5.0,7.4
E00373,P00256,Project Team Member,2025-09-05,2025-12-04,2,6.6,5.9,8.0
E00373,P00270,Project Team Member,2024-12-13,2024-12-18,1,5.5,5.1,7.4
E00373,P00374,Project Team Member,2025-09-19,2025-10-03,1,7.6,6.9,8.5
E00373,P00380,Project Team Member,2023-10-23,2023-11-07,1,5.6,5.7,7.5
E00373,P00525,Project Team Member,2026-02-25,2026-03-01,1,6.0,5.8,7.7
E00373,P00589,Project Team Member,2026-04-01,2026-03-14,1,7.3,8.1,8.4
E00373,P00593,Project Team Member,2024-12-24,2025-01-03,1,5.5,5.0,7.4
E00373,P00721,Project Team Member,2026-02-26,2026-02-28,1,5.5,5.0,7.4
E00373,P00727,Project Team Member,2024-03-06,2024-03-15,1,5.5,5.0,7.4
E00373,P00788,Project Team Member,2024-05-11,2024-05-16,1,6.5,7.4,8.0
E00373,P00865,Project Team Member,2023-02-15,2023-02-18,1,5.5,5.0,7.4
E00374,P00025,Project Team Member,2025-04-28,2025-05-14,1,6.8,8.2,7.8
E00374,P00036,Project Team Member,2023-12-05,2023-12-17,2,7.7,7.7,8.2
E00374,P00178,Project Team Member,2026-04-14,2026-04-24,1,6.9,7.7,7.8
E00374,P00215,Project Team Member,2025-12-18,2025-12-30,1,5.5,5.0,7.2
E00374,P00226,Project Team Member,2025-02-23,2025-04-20,2,8.1,8.9,8.4
E00374,P00300,Project Team Member,2023-02-25,2023-03-06,1,7.0,6.0,7.9
E00374,P00323,Project Team Member,2025-08-22,2025-09-06,1,5.5,5.0,7.2
E00374,P00373,Project Team Member,2025-10-21,2025-11-03,1,8.0,9.3,8.4
E00374,P00396,Project Team Member,2025-11-06,2025-11-17,1,5.7,5.2,7.2
E00374,P00434,Project Team Member,2024-05-01,2024-05-10,1,5.6,5.0,7.2
E00374,P00470,Project Team Member,2023-11-09,2023-11-15,1,7.0,8.3,7.9
E00374,P00546,Project Team Member,2024-06-16,2024-06-21,1,7.8,9.0,8.3
E00374,P00559,Project Team Member,2025-07-08,2025-07-17,1,7.1,8.3,8.0
E00374,P00576,Project Team Member,2025-07-06,2025-07-12,1,7.1,7.2,8.0
E00374,P00596,Project Team Member,2025-01-15,2025-01-18,1,9.0,9.7,8.9
E00374,P00604,Project Team Member,2024-05-21,2024-05-31,1,5.5,5.0,7.2
E00374,P00700,Project Team Member,2024-09-28,2024-10-05,1,8.4,9.7,8.6
E00374,P00720,Project Team Member,2025-03-12,2025-03-26,1,5.5,5.1,7.2
E00374,P00747,Project Team Member,2024-01-07,2024-01-11,1,5.7,5.2,7.2
E00374,P00761,Project Team Member,2025-12-27,2026-01-15,1,7.9,9.3,8.4
E00374,P00784,Project Team Member,2025-09-24,2025-10-05,1,7.5,8.8,8.2
E00374,P00804,Project Team Member,2024-05-09,2024-05-24,1,5.5,5.0,7.2
E00374,P00865,Project Team Member,2023-02-03,2023-02-12,1,9.5,9.7,9.2
E00375,P00581,Contributor,2023-09-29,2023-10-10,1,6.4,6.9,8.2
E00375,P00583,Contributor,2026-03-19,2026-03-30,1,7.3,8.6,8.6
E00375,P00584,Contributor,2024-08-30,2024-09-02,1,7.8,9.1,8.9
E00375,P00771,Contributor,2024-11-13,2024-11-22,1,5.5,5.0,7.8
E00375,P00792,Contributor,2023-11-19,2023-12-10,1,9.2,9.7,9.6
E00375,P00793,Contributor,2026-02-27,2026-03-14,1,6.2,6.8,8.1
E00375,P00811,Contributor,2024-04-01,2024-04-15,1,5.5,5.3,7.8
E00375,P00825,Contributor,2026-04-12,2026-04-21,1,5.5,5.7,7.8
E00376,P00771,Contributor,2024-03-05,2024-03-15,1,5.5,5.0,6.4
E00377,P00099,Project Team Member,2024-10-22,2024-11-02,1,8.0,9.2,8.4
E00377,P00169,Project Team Member,2023-11-18,2023-11-20,1,6.3,7.7,7.6
E00377,P00228,Project Team Member,2023-06-08,2023-06-20,1,6.9,5.9,7.8
E00377,P00235,Project Team Member,2023-12-03,2023-12-18,1,6.9,8.2,7.8
E00377,P00299,Project Team Member,2025-06-12,2025-06-26,1,5.5,5.0,7.2
E00377,P00330,Project Team Member,2024-09-08,2024-09-19,1,9.4,9.7,9.1
E00377,P00331,Project Team Member,2024-08-08,2024-08-18,1,7.1,7.7,8.0
E00377,P00358,Project Team Member,2025-04-06,2025-04-18,1,6.9,8.3,7.8
E00377,P00487,Project Team Member,2023-08-27,2023-09-02,1,6.7,7.6,7.8
E00377,P00489,Project Team Member,2025-01-13,2025-01-17,1,6.6,7.9,7.7
E00377,P00547,Project Team Member,2024-08-10,2024-08-12,1,8.0,9.3,8.4
E00377,P00735,Project Team Member,2024-07-03,2024-07-13,1,6.4,7.7,7.6
E00377,P00744,Project Team Member,2024-04-30,2024-05-14,1,5.5,5.0,7.2
E00377,P00758,Project Team Member,2023-05-08,2023-05-18,1,7.6,8.9,8.2
E00377,P00788,Project Team Member,2024-10-09,2024-10-15,1,6.3,6.7,7.6
E00377,P00814,Project Team Member,2024-09-08,2024-10-29,2,5.9,5.3,7.4
E00377,P00833,Project Team Member,2025-10-30,2025-11-11,1,8.0,8.9,8.4
E00377,P00857,Project Team Member,2025-02-23,2025-03-04,1,5.5,5.0,7.2
E00378,P00016,Project Team Member,2025-01-22,2025-02-03,1,6.9,8.3,7.6
E00378,P00017,Project Team Member,2024-10-09,2024-10-17,1,6.8,8.2,7.5
E00378,P00088,Project Team Member,2024-12-02,2024-12-16,1,8.6,9.6,8.4
E00378,P00113,Project Team Member,2023-10-13,2023-11-03,1,5.5,5.0,6.8
E00378,P00121,Project Team Member,2023-11-02,2023-11-12,1,6.5,5.5,7.4
E00378,P00140,Project Team Member,2025-05-09,2025-05-17,1,7.9,9.1,8.0
E00378,P00168,Project Team Member,2023-03-03,2023-03-09,1,5.5,5.0,6.8
E00378,P00177,Project Team Member,2024-01-14,2024-01-20,1,5.5,5.0,6.8
E00378,P00183,Project Team Member,2023-10-05,2023-10-19,1,7.8,9.2,8.0
E00378,P00198,Project Team Member,2023-11-19,2023-12-03,1,7.3,8.2,7.8
E00378,P00242,Project Team Member,2024-01-16,2024-01-28,1,7.6,8.9,7.9
E00378,P00274,Project Team Member,2024-07-12,2024-07-14,1,8.2,8.9,8.2
E00378,P00295,Project Team Member,2024-06-14,2024-06-18,1,7.3,8.1,7.8
E00378,P00346,Project Team Member,2026-02-05,2026-02-10,1,8.0,9.3,8.1
E00378,P00362,Project Team Member,2023-12-31,2024-01-28,1,5.5,5.0,6.8
E00378,P00373,Project Team Member,2025-12-02,2025-12-04,1,5.5,5.0,6.8
E00378,P00398,Project Team Member,2026-01-31,2026-02-11,1,6.0,5.7,7.1
E00378,P00454,Project Team Member,2024-07-07,2024-07-30,1,5.7,5.6,7.0
E00378,P00479,Project Team Member,2025-08-01,2025-08-12,1,6.7,8.1,7.4
E00378,P00484,Project Team Member,2024-10-02,2025-01-17,2,6.2,5.2,7.2
E00378,P00538,Project Team Member,2025-09-21,2025-09-23,1,8.0,7.7,8.1
E00378,P00539,Project Team Member,2024-06-21,2024-06-25,1,7.0,8.3,7.6
E00378,P00613,Project Team Member,2026-03-30,2026-04-09,1,6.8,7.2,7.5
E00378,P00635,Project Team Member,2023-08-12,2023-09-08,1,5.5,5.0,6.8
E00378,P00641,Project Team Member,2023-09-01,2024-01-03,2,8.0,8.7,8.1
E00378,P00644,Project Team Member,2025-10-03,2025-10-05,1,5.8,5.6,7.0
E00378,P00654,Project Team Member,2026-02-22,2026-02-25,1,6.9,7.5,7.6
E00378,P00666,Project Team Member,2023-09-19,2023-09-23,1,8.2,9.0,8.2
E00378,P00700,Project Team Member,2024-09-21,2024-09-27,1,5.5,5.2,6.8
E00378,P00710,Project Team Member,2025-10-09,2025-10-14,1,6.0,6.2,7.1
E00378,P00732,Project Team Member,2026-04-12,2026-04-24,1,5.5,5.0,6.8
E00378,P00800,Project Team Member,2026-03-25,2026-04-10,1,8.4,9.7,8.3
E00378,P00802,Project Team Member,2024-07-19,2024-08-18,1,5.5,5.0,6.8
E00378,P00804,Project Team Member,2023-12-21,2023-12-23,1,6.4,7.7,7.3
E00378,P00818,Project Team Member,2023-08-02,2023-09-01,1,8.0,9.3,8.1
E00378,P00833,Project Team Member,2024-12-25,2025-01-02,1,6.0,5.7,7.1
E00378,P00851,Project Team Member,2023-09-08,2023-09-26,1,6.1,6.2,7.2
E00378,P00885,Project Team Member,2025-08-01,2025-08-04,1,7.4,7.3,7.8
E00379,P00002,Contributor,2025-09-11,2025-09-24,1,5.7,5.6,7.8
E00379,P00051,Contributor,2024-07-10,2024-07-25,1,5.5,5.0,7.8
E00379,P00063,Contributor,2026-03-25,2026-03-29,1,6.6,6.7,8.3
E00379,P00157,Contributor,2024-01-30,2024-02-07,1,7.4,8.2,8.7
E00379,P00178,Contributor,2026-04-14,2026-04-29,1,7.4,8.8,8.7
E00379,P00214,Contributor,2025-08-11,2025-12-04,2,7.3,7.9,8.6
E00379,P00218,Contributor,2026-02-22,2026-03-07,1,7.4,8.0,8.7
E00379,P00235,Contributor,2024-04-10,2024-04-16,1,8.0,9.3,9.0
E00379,P00242,Contributor,2023-09-15,2023-09-30,1,5.6,5.5,7.8
E00379,P00306,Contributor,2026-02-26,2026-03-07,1,8.4,9.7,9.2
E00379,P00368,Contributor,2026-02-15,2026-02-20,1,7.2,6.2,8.6
E00379,P00371,Contributor,2025-06-18,2025-06-30,1,6.4,6.9,8.2
E00379,P00404,Contributor,2025-12-19,2025-12-31,1,6.0,6.9,8.0
E00379,P00436,Contributor,2024-02-05,2024-02-19,1,7.1,8.2,8.6
E00379,P00463,Contributor,2026-04-28,2026-02-19,1,8.2,9.5,9.1
E00379,P00484,Contributor,2025-03-14,2025-03-25,1,7.5,7.3,8.8
E00379,P00528,Contributor,2023-06-24,2023-06-28,1,6.2,5.2,8.1
E00379,P00544,Contributor,2025-01-22,2025-01-24,1,5.5,5.0,7.8
E00379,P00546,Contributor,2024-12-10,2024-12-17,1,6.6,6.8,8.3
E00379,P00554,Contributor,2024-11-14,2024-11-23,1,8.0,9.3,9.0
E00379,P00587,Contributor,2024-01-12,2024-01-18,1,7.4,8.8,8.7
E00379,P00617,Contributor,2025-08-27,2025-09-09,1,7.1,8.1,8.6
E00379,P00641,Contributor,2023-08-13,2023-08-16,1,5.5,5.0,7.8
E00379,P00681,Contributor,2026-03-21,2026-03-23,1,7.1,7.8,8.6
E00379,P00688,Contributor,2023-03-17,2023-03-20,1,7.0,8.1,8.5
E00379,P00697,Contributor,2025-05-14,2025-06-12,2,8.6,9.0,9.3
E00379,P00720,Contributor,2025-01-31,2025-02-15,1,7.7,8.9,8.8
E00379,P00741,Contributor,2025-04-29,2025-05-05,1,7.3,7.3,8.6
E00379,P00788,Contributor,2024-11-18,2024-11-19,1,5.5,5.0,7.8
E00379,P00796,Contributor,2026-02-15,2026-02-27,1,8.7,9.7,9.4
E00380,P00016,Project Team Member,2024-10-09,2024-10-31,1,5.5,5.0,6.4
E00380,P00026,Project Team Member,2023-07-02,2023-07-07,1,6.9,6.4,7.0
E00380,P00060,Project Team Member,2025-01-24,2025-02-06,1,5.5,5.0,6.4
E00380,P00113,Project Team Member,2024-07-12,2024-07-22,1,5.5,5.6,6.4
E00380,P00212,Project Team Member,2025-10-02,2025-10-10,1,5.5,5.0,6.4
E00380,P00225,Project Team Member,2026-03-03,2026-03-15,1,6.2,7.3,6.7
E00380,P00261,Project Team Member,2024-06-24,2024-07-06,1,5.5,5.5,6.4
E00380,P00305,Project Team Member,2025-03-11,2025-03-21,1,6.0,7.4,6.6
E00380,P00317,Project Team Member,2024-06-27,2024-07-01,1,7.0,8.2,7.1
E00380,P00322,Project Team Member,2025-02-03,2025-02-15,1,6.2,6.1,6.7
E00380,P00354,Project Team Member,2025-05-15,2025-05-28,1,9.0,9.7,8.1
E00380,P00357,Project Team Member,2023-06-22,2023-06-24,1,5.5,5.3,6.4
E00380,P00371,Project Team Member,2025-05-22,2025-05-24,1,8.1,8.9,7.6
E00380,P00410,Project Team Member,2024-07-11,2024-07-23,1,6.6,6.7,6.9
E00380,P00437,Project Team Member,2025-01-30,2025-02-09,1,6.4,5.9,6.8
E00380,P00487,Project Team Member,2023-06-28,2023-07-02,1,5.5,5.0,6.4
E00380,P00490,Project Team Member,2025-06-25,2025-07-05,1,8.0,9.4,7.6
E00380,P00497,Project Team Member,2024-06-01,2024-06-04,1,7.4,8.6,7.3
E00380,P00597,Project Team Member,2023-09-25,2023-09-29,1,7.3,8.6,7.2
E00380,P00612,Project Team Member,2023-06-14,2023-06-17,1,6.0,5.8,6.6
E00380,P00628,Project Team Member,2023-10-05,2023-10-13,1,5.5,5.0,6.4
E00380,P00646,Project Team Member,2024-08-04,2024-08-07,1,6.2,7.1,6.7
E00380,P00654,Project Team Member,2026-03-18,2026-04-07,1,7.8,9.0,7.5
E00380,P00659,Project Team Member,2023-09-03,2023-09-23,1,8.9,9.7,8.0
E00380,P00761,Project Team Member,2025-12-03,2025-12-17,1,5.5,5.6,6.4
E00380,P00783,Project Team Member,2023-12-31,2024-01-03,1,6.4,6.5,6.8
E00380,P00834,Project Team Member,2024-03-17,2024-03-22,1,8.0,9.4,7.6
E00380,P00848,Project Team Member,2025-12-20,2025-12-25,1,5.5,5.3,6.4
E00381,P00017,Project Team Member,2024-01-21,2024-02-02,1,5.5,5.0,6.4
E00381,P00043,Project Team Member,2023-07-25,2023-08-05,1,5.5,5.0,6.4
E00381,P00060,Project Team Member,2025-07-20,2025-07-27,1,6.5,7.5,6.8
E00381,P00183,Project Team Member,2024-03-15,2024-03-19,1,5.7,5.7,6.4
E00381,P00258,Project Team Member,2024-06-19,2024-06-26,1,7.2,6.9,7.2
E00381,P00355,Project Team Member,2024-04-21,2024-05-03,1,7.8,7.8,7.5
E00381,P00380,Project Team Member,2023-10-26,2023-10-28,1,7.3,8.5,7.2
E00381,P00463,Project Team Member,2026-04-28,2026-02-19,1,5.5,5.0,6.4
E00381,P00560,Project Team Member,2025-03-14,2025-03-18,1,7.8,7.2,7.5
E00381,P00574,Project Team Member,2024-10-16,2024-10-25,1,5.5,5.0,6.4
E00381,P00615,Project Team Member,2025-01-23,2025-02-04,1,6.9,7.9,7.0
E00381,P00640,Project Team Member,2024-06-28,2024-07-08,1,6.8,7.1,7.0
E00381,P00650,Project Team Member,2024-06-19,2024-07-04,1,8.0,9.0,7.6
E00381,P00666,Project Team Member,2023-08-20,2023-09-12,1,7.4,8.3,7.3
E00381,P00676,Project Team Member,2026-03-05,2026-02-18,1,6.3,7.3,6.8
E00381,P00723,Project Team Member,2023-04-01,2023-04-10,1,5.9,6.7,6.6
E00381,P00875,Project Team Member,2025-02-19,2025-03-16,1,7.1,8.5,7.2
E00381,P00885,Project Team Member,2024-11-20,2024-12-01,1,7.5,8.3,7.4
E00381,P00894,Project Team Member,2025-02-09,2025-02-12,1,8.4,9.7,7.8
E00382,P00013,Specialist,2023-08-04,2023-08-09,1,7.0,8.3,7.2
E00382,P00093,Specialist,2024-11-09,2024-11-24,1,5.5,5.0,6.4
E00382,P00132,Specialist,2024-04-08,2024-04-16,1,8.3,9.2,7.8
E00382,P00135,Specialist,2023-11-18,2023-11-21,1,5.9,6.5,6.6
E00382,P00158,Specialist,2025-11-07,2025-11-11,1,8.8,9.7,8.1
E00382,P00172,Specialist,2025-06-20,2025-07-08,1,7.4,8.6,7.4
E00382,P00232,Specialist,2023-09-24,2023-10-08,1,8.9,9.7,8.2
E00382,P00275,Specialist,2026-02-09,2026-02-24,1,6.4,7.4,6.9
E00382,P00336,Specialist,2024-11-30,2024-12-09,1,7.6,6.9,7.5
E00382,P00377,Specialist,2024-07-25,2024-08-02,1,7.7,8.8,7.6
E00382,P00434,Specialist,2024-05-23,2024-06-05,1,5.9,6.4,6.6
E00382,P00518,Specialist,2024-01-04,2024-01-11,1,7.5,7.1,7.4
E00382,P00615,Specialist,2024-08-12,2024-08-27,1,5.5,5.0,6.4
E00382,P00617,Specialist,2025-11-07,2025-11-27,1,8.0,9.3,7.7
E00382,P00643,Specialist,2025-08-22,2025-08-27,1,5.5,5.0,6.4
E00382,P00668,Specialist,2025-12-27,2026-01-09,1,7.7,8.8,7.6
E00382,P00764,Specialist,2024-10-21,2024-10-23,1,6.8,7.7,7.1
E00382,P00831,Specialist,2025-11-07,2025-11-11,1,5.5,5.0,6.4
E00382,P00859,Specialist,2026-04-06,2026-03-13,1,5.5,5.0,6.4
E00382,P00891,Specialist,2024-03-23,2024-04-20,1,6.2,6.9,6.8
E00383,P00010,Contributor,2023-09-04,2023-09-12,1,6.8,8.1,6.4
E00383,P00041,Contributor,2025-11-27,2025-12-02,1,6.4,7.1,6.2
E00383,P00046,Contributor,2025-07-14,2025-07-15,1,7.3,8.4,6.6
E00383,P00074,Contributor,2026-02-14,2026-02-20,1,5.5,5.1,5.8
E00383,P00295,Contributor,2024-05-29,2024-06-05,1,6.7,6.1,6.4
E00383,P00333,Contributor,2026-02-12,2026-02-26,1,5.5,5.0,5.8
E00383,P00355,Contributor,2024-04-11,2024-04-29,1,7.6,7.9,6.8
E00383,P00418,Contributor,2023-04-29,2023-05-14,1,5.5,5.0,5.8
E00383,P00542,Contributor,2024-01-08,2024-01-12,1,6.7,6.3,6.4
E00383,P00591,Contributor,2023-06-14,2023-07-12,1,8.0,9.3,7.0
E00383,P00636,Contributor,2024-03-27,2024-04-17,1,5.5,5.0,5.8
E00383,P00670,Contributor,2025-01-06,2025-01-12,1,6.3,6.5,6.2
E00383,P00692,Contributor,2025-01-25,2025-02-01,1,8.1,9.3,7.0
E00383,P00700,Contributor,2024-09-21,2024-09-24,1,5.5,5.0,5.8
E00383,P00726,Contributor,2024-05-16,2024-05-20,1,7.0,8.3,6.5
E00383,P00770,Contributor,2024-06-21,2024-07-05,1,6.3,7.0,6.2
E00383,P00802,Contributor,2024-08-05,2024-08-20,1,8.0,9.4,7.0
E00383,P00810,Contributor,2025-12-31,2026-01-02,1,6.7,8.0,6.4
E00383,P00831,Contributor,2026-02-20,2026-02-22,1,6.6,6.8,6.3
E00383,P00843,Contributor,2025-11-24,2025-12-09,1,6.4,6.5,6.2
E00383,P00861,Contributor,2025-10-16,2025-10-22,1,5.7,5.8,5.8
E00384,P00004,Coordinator,2024-06-04,2024-06-18,1,7.5,8.7,7.6
E00384,P00040,Coordinator,2023-10-19,2023-10-24,1,5.9,5.2,6.8
E00384,P00046,Coordinator,2025-02-04,2025-02-19,1,8.4,9.0,8.0
E00384,P00060,Coordinator,2024-09-09,2024-09-14,1,6.3,7.0,7.0
E00384,P00065,Coordinator,2025-01-17,2025-01-29,1,7.3,8.6,7.4
E00384,P00131,Coordinator,2025-12-16,2025-12-22,1,6.8,7.1,7.2
E00384,P00150,Coordinator,2023-02-18,2023-03-01,1,5.5,5.0,6.6
E00384,P00173,Coordinator,2025-09-23,2025-10-05,1,6.4,7.7,7.0
E00384,P00186,Coordinator,2026-03-05,2026-03-28,1,7.1,8.2,7.4
E00384,P00189,Coordinator,2025-05-02,2025-05-15,1,6.6,7.8,7.1
E00384,P00225,Coordinator,2026-02-16,2026-02-24,1,6.6,6.5,7.1
E00384,P00250,Coordinator,2023-07-22,2023-07-25,1,5.5,5.0,6.6
E00384,P00273,Coordinator,2026-01-26,2026-02-16,2,5.5,5.0,6.6
E00384,P00284,Coordinator,2025-04-02,2025-04-07,1,6.3,7.2,7.0
E00384,P00289,Coordinator,2026-03-02,2026-03-14,1,6.8,7.3,7.2
E00384,P00290,Coordinator,2024-09-09,2024-09-12,1,7.5,8.5,7.6
E00384,P00310,Coordinator,2023-06-28,2023-06-30,1,7.8,9.2,7.7
E00384,P00366,Coordinator,2024-01-24,2024-02-07,1,6.4,6.8,7.0
E00384,P00386,Coordinator,2023-10-16,2023-10-22,1,9.7,9.7,8.6
E00384,P00404,Coordinator,2025-10-08,2025-10-16,1,6.2,6.1,6.9
E00384,P00418,Coordinator,2023-04-22,2023-04-28,1,5.5,5.3,6.6
E00384,P00452,Coordinator,2023-12-19,2023-12-26,1,6.8,8.1,7.2
E00384,P00457,Coordinator,2025-03-26,2025-04-08,1,8.4,9.7,8.0
E00384,P00479,Coordinator,2025-07-08,2025-07-22,1,5.5,5.0,6.6
E00384,P00497,Coordinator,2023-07-13,2023-07-17,1,5.5,5.0,6.6
E00384,P00517,Coordinator,2024-05-12,2024-05-22,1,5.5,5.0,6.6
E00384,P00539,Coordinator,2024-07-25,2024-07-29,1,6.9,8.0,7.2
E00384,P00556,Coordinator,2024-08-07,2024-08-12,1,7.3,8.1,7.4
E00384,P00603,Coordinator,2024-05-14,2024-06-12,1,6.2,6.2,6.9
E00384,P00674,Coordinator,2024-04-07,2024-04-19,1,6.8,5.8,7.2
E00384,P00723,Coordinator,2023-04-01,2023-04-23,1,6.7,7.9,7.2
E00384,P00739,Coordinator,2025-10-22,2025-10-30,1,5.5,5.6,6.6
E00384,P00747,Coordinator,2023-12-30,2024-01-02,1,5.7,6.4,6.6
E00384,P00810,Coordinator,2025-11-25,2025-11-29,1,7.5,8.2,7.6
E00384,P00818,Coordinator,2023-09-26,2023-10-07,1,6.7,8.0,7.2
E00384,P00848,Coordinator,2026-01-27,2026-02-08,1,6.5,6.8,7.0
E00384,P00874,Coordinator,2024-01-10,2024-01-15,1,6.8,7.4,7.2
E00385,P00049,Contributor,2024-06-23,2024-07-06,1,7.3,8.6,7.4
E00385,P00058,Contributor,2025-09-21,2025-09-23,1,5.5,5.0,6.4
E00385,P00194,Contributor,2026-01-09,2026-01-13,1,6.5,7.5,7.0
E00385,P00250,Contributor,2024-02-29,2024-03-02,1,7.9,9.2,7.6
E00385,P00278,Contributor,2024-04-09,2024-04-20,1,6.3,6.8,6.8
E00385,P00364,Contributor,2025-07-06,2025-07-08,1,6.0,5.8,6.7
E00385,P00367,Contributor,2025-08-07,2025-08-11,1,5.5,5.0,6.4
E00385,P00574,Contributor,2025-03-11,2025-03-22,1,8.0,9.4,7.7
E00385,P00593,Contributor,2024-10-28,2024-11-07,1,7.1,8.0,7.2
E00385,P00616,Contributor,2024-12-27,2025-01-09,1,5.5,5.0,6.4
E00385,P00636,Contributor,2024-01-25,2024-02-18,1,7.6,8.9,7.5
E00385,P00673,Contributor,2023-11-19,2023-11-26,1,6.1,6.9,6.8
E00385,P00682,Contributor,2023-08-25,2023-09-20,1,7.7,8.1,7.6
E00385,P00768,Contributor,2023-06-17,2023-06-23,1,5.5,5.0,6.4
E00386,P00103,Project Team Member,2024-09-02,2024-09-17,1,6.0,6.4,7.1
E00386,P00162,Project Team Member,2025-11-01,2025-11-13,1,7.5,8.8,7.8
E00386,P00189,Project Team Member,2024-09-07,2024-09-11,1,8.1,9.1,8.1
E00386,P00261,Project Team Member,2024-06-10,2024-06-18,1,7.1,8.0,7.6
E00386,P00301,Project Team Member,2023-08-02,2023-08-04,1,5.5,5.0,6.8
E00386,P00364,Project Team Member,2025-05-21,2025-05-30,1,7.2,7.0,7.7
E00386,P00530,Project Team Member,2025-08-08,2025-08-18,1,7.0,7.1,7.6
E00386,P00585,Project Team Member,2025-07-07,2025-07-18,1,7.0,8.4,7.6
E00386,P00589,Project Team Member,2026-04-01,2026-03-14,1,6.5,7.0,7.4
E00386,P00611,Project Team Member,2024-05-06,2024-05-12,1,9.7,9.7,9.0
E00386,P00704,Project Team Member,2025-01-31,2025-02-15,1,7.6,8.8,7.9
E00386,P00804,Project Team Member,2024-02-28,2024-03-09,1,7.4,7.8,7.8
E00386,P00810,Project Team Member,2025-08-08,2025-08-16,2,6.2,5.3,7.2
E00386,P00847,Project Team Member,2023-06-15,2023-06-19,1,5.5,5.0,6.8
E00387,P00554,Contributor,2025-01-26,2025-02-04,1,5.5,5.0,7.0
E00387,P00713,Contributor,2024-07-04,2024-07-13,1,6.3,6.3,7.4
E00388,P00028,Project Team Member,2024-11-02,2024-11-20,1,5.5,5.8,7.6
E00388,P00107,Project Team Member,2026-04-16,2026-04-24,1,6.4,7.1,8.0
E00388,P00166,Project Team Member,2023-09-11,2023-09-16,1,8.9,9.3,9.2
E00388,P00202,Project Team Member,2024-05-19,2024-06-03,1,6.6,7.9,8.1
E00388,P00272,Project Team Member,2025-05-07,2025-05-12,1,7.1,7.3,8.4
E00388,P00335,Project Team Member,2024-11-02,2024-11-17,1,6.5,7.7,8.0
E00388,P00386,Project Team Member,2023-10-12,2023-10-25,1,7.4,8.3,8.5
E00388,P00437,Project Team Member,2025-01-30,2025-02-09,1,8.3,8.2,9.0
E00388,P00452,Project Team Member,2024-01-22,2024-02-19,1,5.5,5.0,7.6
E00388,P00532,Project Team Member,2025-02-23,2025-03-21,1,6.8,7.7,8.2
E00388,P00537,Project Team Member,2023-12-31,2024-01-07,1,7.0,7.5,8.3
E00388,P00629,Project Team Member,2025-11-20,2025-12-03,1,5.9,6.2,7.8
E00388,P00643,Project Team Member,2025-06-26,2025-07-10,1,8.4,8.7,9.0
E00388,P00752,Project Team Member,2025-07-22,2025-07-26,1,6.2,7.1,7.9
E00388,P00780,Project Team Member,2026-02-17,2026-03-04,1,5.5,5.0,7.6
E00388,P00821,Project Team Member,2023-10-24,2023-10-29,1,9.1,9.6,9.4
E00388,P00850,Project Team Member,2025-05-23,2025-05-30,1,6.2,5.2,7.9
E00389,P00017,Project Team Member,2023-09-21,2023-09-27,1,5.5,5.0,7.2
E00389,P00025,Project Team Member,2025-04-05,2025-04-10,1,5.5,5.0,7.2
E00389,P00027,Project Team Member,2025-11-05,2025-11-12,1,6.3,6.8,7.6
E00389,P00047,Project Team Member,2025-04-25,2025-04-28,1,8.2,9.3,8.5
E00389,P00048,Project Team Member,2026-02-22,2026-02-26,1,6.8,7.7,7.8
E00389,P00122,Project Team Member,2025-04-08,2025-04-10,1,6.8,7.3,7.8
E00389,P00128,Project Team Member,2024-05-30,2024-06-05,1,5.5,5.0,7.2
E00389,P00148,Project Team Member,2024-11-01,2024-11-14,1,9.1,9.6,9.0
E00389,P00160,Project Team Member,2023-11-19,2023-11-25,1,5.5,5.0,7.2
E00389,P00231,Project Team Member,2025-04-11,2025-04-16,1,5.5,5.0,7.2
E00389,P00268,Project Team Member,2024-05-17,2024-05-30,1,7.7,8.7,8.2
E00389,P00272,Project Team Member,2026-01-24,2026-01-29,1,7.3,8.6,8.0
E00389,P00344,Project Team Member,2023-10-03,2023-10-10,1,6.6,7.9,7.7
E00389,P00374,Project Team Member,2025-10-06,2025-10-24,1,7.0,8.3,7.9
E00389,P00427,Project Team Member,2024-11-09,2024-11-20,1,6.6,5.6,7.7
E00389,P00428,Project Team Member,2025-04-04,2025-04-10,1,7.8,9.1,8.3
E00389,P00432,Project Team Member,2024-09-06,2024-09-21,1,5.9,5.2,7.4
E00389,P00447,Project Team Member,2023-11-02,2023-11-07,1,5.8,6.8,7.3
E00389,P00463,Project Team Member,2026-04-28,2026-02-19,1,5.5,5.9,7.2
E00389,P00493,Project Team Member,2023-12-10,2023-12-12,1,9.3,9.7,9.0
E00389,P00506,Project Team Member,2023-05-12,2023-05-18,1,5.5,5.0,7.2
E00389,P00534,Project Team Member,2024-08-05,2024-08-18,1,5.5,5.0,7.2
E00389,P00556,Project Team Member,2024-01-12,2024-01-17,1,7.2,7.4,8.0
E00389,P00564,Project Team Member,2025-02-20,2025-03-02,1,6.5,6.6,7.6
E00389,P00579,Project Team Member,2024-01-26,2024-02-07,1,7.3,8.7,8.0
E00389,P00580,Project Team Member,2025-03-11,2025-03-20,1,7.0,7.6,7.9
E00389,P00617,Project Team Member,2025-10-20,2025-10-26,1,5.5,5.0,7.2
E00389,P00635,Project Team Member,2023-06-08,2023-06-20,1,5.5,5.0,7.2
E00389,P00636,Project Team Member,2023-12-19,2023-12-26,1,8.4,9.7,8.6
E00389,P00638,Project Team Member,2026-03-12,2026-03-18,1,5.5,5.0,7.2
E00389,P00644,Project Team Member,2024-12-25,2025-01-01,1,7.1,6.1,8.0
E00389,P00651,Project Team Member,2026-03-23,2026-03-30,1,7.5,8.4,8.2
E00389,P00667,Project Team Member,2024-01-10,2024-01-15,1,6.2,6.1,7.5
E00389,P00693,Project Team Member,2025-04-11,2025-04-23,1,7.2,6.2,8.0
E00389,P00701,Project Team Member,2025-02-02,2025-02-13,1,5.5,5.3,7.2
E00389,P00788,Project Team Member,2024-09-30,2024-10-03,1,5.9,5.2,7.4
E00390,P00215,Project Team Member,2025-09-19,2025-09-25,1,6.9,6.3,7.2
E00390,P00251,Project Team Member,2026-02-25,2026-03-15,1,6.2,7.3,6.8
E00390,P00276,Project Team Member,2025-08-28,2025-09-07,1,6.2,7.3,6.8
E00390,P00290,Project Team Member,2025-03-25,2025-03-29,1,5.5,5.0,6.4
E00390,P00317,Project Team Member,2023-12-09,2023-12-23,1,5.5,5.0,6.4
E00390,P00325,Project Team Member,2026-04-15,2026-04-26,1,5.5,5.0,6.4
E00390,P00381,Project Team Member,2025-07-21,2025-08-14,1,8.8,9.7,8.1
E00390,P00397,Project Team Member,2023-11-30,2023-11-30,1,5.7,5.5,6.6
E00390,P00429,Project Team Member,2025-07-30,2025-08-19,1,5.7,6.0,6.6
E00390,P00434,Project Team Member,2025-02-04,2025-03-03,1,6.3,7.1,6.8
E00390,P00441,Project Team Member,2026-02-24,2026-03-07,1,5.8,6.5,6.6
E00390,P00456,Project Team Member,2025-05-25,2025-05-29,1,7.2,7.5,7.3
E00390,P00470,Project Team Member,2023-03-27,2023-12-07,2,6.9,6.7,7.2
E00390,P00506,Project Team Member,2023-07-13,2023-07-18,1,5.5,5.0,6.4
E00390,P00559,Project Team Member,2025-09-06,2025-09-11,1,7.9,8.8,7.6
E00390,P00582,Project Team Member,2024-05-05,2024-05-16,1,5.7,5.4,6.6
E00390,P00589,Project Team Member,2026-04-01,2026-03-14,1,8.5,9.2,8.0
E00390,P00599,Project Team Member,2023-11-20,2023-11-23,1,7.4,7.9,7.4
E00390,P00640,Project Team Member,2024-03-03,2024-03-20,1,6.8,8.2,7.1
E00390,P00644,Project Team Member,2025-11-13,2025-11-28,1,6.6,7.8,7.0
E00390,P00656,Project Team Member,2025-12-14,2025-12-21,1,6.9,7.8,7.2
E00390,P00681,Project Team Member,2026-02-22,2026-03-01,1,7.1,7.9,7.2
E00390,P00800,Project Team Member,2025-09-04,2026-02-25,2,5.5,5.0,6.4
E00390,P00805,Project Team Member,2025-05-04,2025-05-06,1,6.6,8.0,7.0
E00390,P00842,Project Team Member,2024-03-17,2024-03-23,1,7.6,8.6,7.5
E00390,P00860,Project Team Member,2026-02-02,2026-03-08,2,6.3,5.5,6.8
E00390,P00875,Project Team Member,2024-09-24,2024-10-07,1,5.5,5.0,6.4
E00390,P00889,Project Team Member,2024-06-02,2024-06-08,1,5.9,5.5,6.6
E00391,P00027,Project Team Member,2025-11-14,2025-12-13,1,6.6,6.8,6.9
E00391,P00035,Project Team Member,2025-09-11,2025-09-20,1,6.1,6.3,6.6
E00391,P00062,Project Team Member,2025-04-25,2025-05-22,1,6.6,7.0,6.9
E00391,P00124,Project Team Member,2026-02-24,2026-02-26,1,7.7,8.7,7.4
E00391,P00132,Project Team Member,2023-12-12,2023-12-25,1,6.6,6.9,6.9
E00391,P00172,Project Team Member,2025-05-24,2025-06-02,1,7.3,8.5,7.2
E00391,P00225,Project Team Member,2026-03-11,2026-03-18,1,7.8,9.0,7.5
E00391,P00259,Project Team Member,2025-01-07,2025-01-30,1,5.5,5.0,6.4
E00391,P00290,Project Team Member,2025-05-27,2025-06-09,1,6.9,6.8,7.0
E00391,P00333,Project Team Member,2026-02-24,2026-03-07,1,6.4,7.2,6.8
E00391,P00386,Project Team Member,2023-09-08,2023-09-18,1,7.0,7.4,7.1
E00391,P00387,Project Team Member,2024-04-10,2024-04-13,1,6.6,7.5,6.9
E00391,P00402,Project Team Member,2026-03-20,2026-03-23,1,7.8,7.7,7.5
E00391,P00410,Project Team Member,2024-07-05,2024-08-07,2,7.0,7.3,7.1
E00391,P00542,Project Team Member,2023-08-27,2023-09-04,1,5.5,5.0,6.4
E00391,P00604,Project Team Member,2024-05-12,2024-05-25,1,5.5,5.1,6.4
E00391,P00621,Project Team Member,2024-07-09,2024-07-20,1,6.5,6.7,6.8
E00391,P00689,Project Team Member,2026-02-02,2026-02-04,1,5.5,5.0,6.4
E00391,P00692,Project Team Member,2024-07-06,2024-07-19,1,5.5,5.0,6.4
E00391,P00705,Project Team Member,2024-12-05,2024-12-07,1,6.1,7.0,6.6
E00391,P00707,Project Team Member,2024-04-20,2024-04-26,1,9.7,9.7,8.4
E00391,P00723,Project Team Member,2023-03-24,2023-03-28,1,7.4,6.6,7.3
E00391,P00754,Project Team Member,2025-05-05,2025-05-20,1,5.6,5.9,6.4
E00391,P00796,Project Team Member,2025-09-04,2025-09-10,1,6.8,8.1,7.0
E00391,P00805,Project Team Member,2025-03-18,2025-04-02,1,5.5,5.0,6.4
E00392,P00028,Contributor,2025-07-08,2025-07-15,1,6.6,7.2,7.5
E00392,P00040,Contributor,2023-10-10,2023-10-23,1,7.5,8.5,8.0
E00392,P00121,Contributor,2024-05-26,2024-06-02,1,8.1,8.7,8.2
E00392,P00274,Contributor,2025-04-08,2025-04-11,1,9.0,9.7,8.7
E00392,P00305,Contributor,2024-09-09,2025-01-16,2,7.4,7.7,7.9
E00392,P00377,Contributor,2024-08-17,2024-08-26,1,7.2,6.2,7.8
E00392,P00381,Contributor,2026-01-22,2026-01-30,1,6.2,7.3,7.3
E00392,P00398,Contributor,2026-03-23,2026-04-03,1,5.5,5.0,7.0
E00392,P00533,Contributor,2025-10-15,2025-10-26,1,7.2,7.0,7.8
E00392,P00558,Contributor,2023-07-26,2023-07-29,1,5.5,5.0,7.0
E00392,P00613,Contributor,2026-03-30,2026-04-12,1,6.6,7.5,7.5
E00392,P00653,Contributor,2026-02-17,2026-03-11,1,5.5,5.2,7.0
E00392,P00760,Contributor,2023-08-20,2023-08-28,1,5.5,5.0,7.0
E00392,P00884,Contributor,2023-11-06,2023-11-11,1,7.9,7.5,8.2
E00393,P00026,Specialist,2023-09-03,2023-09-08,1,7.8,9.2,7.3
E00393,P00070,Specialist,2023-08-13,2023-08-20,1,8.7,9.7,7.8
E00393,P00230,Specialist,2025-07-02,2025-07-09,1,7.4,6.6,7.1
E00393,P00235,Specialist,2023-11-16,2023-12-01,1,5.5,5.0,6.2
E00393,P00270,Specialist,2024-07-29,2024-08-12,1,6.4,6.4,6.6
E00393,P00297,Specialist,2025-06-13,2025-06-21,1,7.4,8.7,7.1
E00393,P00310,Specialist,2023-06-11,2023-07-01,1,7.5,8.5,7.2
E00393,P00322,Specialist,2025-05-09,2025-05-17,1,5.5,5.0,6.2
E00393,P00394,Specialist,2023-07-28,2023-07-31,1,7.6,8.2,7.2
E00393,P00405,Specialist,2025-05-14,2025-05-25,1,6.9,7.9,6.8
E00393,P00531,Specialist,2024-09-25,2024-10-05,1,7.2,7.8,7.0
E00393,P00555,Specialist,2023-12-03,2023-12-05,1,7.2,6.2,7.0
E00393,P00585,Specialist,2025-06-09,2025-06-16,1,5.5,6.2,6.2
E00393,P00612,Specialist,2023-12-04,2023-12-08,1,5.5,5.0,6.2
E00393,P00704,Specialist,2025-03-28,2025-04-07,1,7.5,8.6,7.2
E00393,P00705,Specialist,2024-12-02,2024-12-07,1,7.3,8.2,7.0
E00393,P00707,Specialist,2024-04-04,2024-04-10,1,7.0,8.3,6.9
E00393,P00774,Specialist,2025-09-06,2025-09-21,1,7.3,8.6,7.0
E00393,P00787,Specialist,2026-04-03,2026-04-11,1,8.4,9.7,7.6
E00393,P00789,Specialist,2026-04-30,2026-05-02,1,5.5,5.1,6.2
E00394,P00013,Project Team Member,2023-07-23,2023-07-30,1,7.6,8.6,8.6
E00394,P00066,Project Team Member,2024-11-09,2024-11-21,1,8.6,9.6,9.1
E00394,P00070,Project Team Member,2023-06-28,2023-07-06,1,5.8,5.6,7.7
E00394,P00103,Project Team Member,2024-06-01,2024-10-03,2,7.7,7.8,8.6
E00394,P00119,Project Team Member,2024-09-10,2024-09-23,1,5.5,5.0,7.6
E00394,P00131,Project Team Member,2025-12-14,2025-12-16,1,7.2,6.2,8.4
E00394,P00148,Project Team Member,2023-10-17,2023-10-31,1,5.5,5.5,7.6
E00394,P00283,Project Team Member,2026-04-22,2026-04-29,1,5.5,5.0,7.6
E00394,P00332,Project Team Member,2025-10-30,2025-11-05,1,8.0,7.6,8.8
E00394,P00443,Project Team Member,2023-06-20,2023-07-03,1,7.2,7.4,8.4
E00394,P00524,Project Team Member,2024-05-12,2024-05-20,1,5.5,5.0,7.6
E00394,P00550,Project Team Member,2023-09-15,2023-09-20,1,7.3,8.7,8.4
E00394,P00579,Project Team Member,2024-04-29,2024-05-17,1,7.1,8.5,8.4
E00394,P00580,Project Team Member,2025-09-27,2025-10-03,1,5.5,5.0,7.6
E00394,P00622,Project Team Member,2024-08-16,2024-08-28,1,6.6,7.9,8.1
E00394,P00659,Project Team Member,2023-06-30,2023-07-12,1,6.5,7.4,8.0
E00394,P00671,Project Team Member,2023-11-24,2023-12-04,1,8.0,8.6,8.8
E00394,P00689,Project Team Member,2026-02-26,2026-03-14,1,5.5,5.3,7.6
E00394,P00704,Project Team Member,2025-03-21,2025-03-31,1,7.4,8.1,8.5
E00394,P00831,Project Team Member,2025-09-01,2025-09-15,1,7.3,8.4,8.4
E00394,P00841,Project Team Member,2023-03-02,2023-03-15,1,6.0,6.5,7.8
E00394,P00842,Project Team Member,2024-04-25,2024-04-30,1,6.6,6.8,8.1
E00394,P00868,Project Team Member,2025-08-23,2025-09-02,1,7.6,8.7,8.6
E00395,P00046,Coordinator,2025-03-22,2025-04-03,1,5.9,5.7,7.4
E00395,P00148,Coordinator,2023-11-11,2023-11-13,1,6.0,5.0,7.5
E00395,P00202,Coordinator,2024-07-06,2024-07-08,1,8.0,9.3,8.5
E00395,P00285,Coordinator,2023-02-19,2023-03-17,1,6.3,6.9,7.6
E00395,P00333,Coordinator,2026-02-16,2026-02-27,1,5.5,5.0,7.2
E00395,P00345,Coordinator,2024-01-28,2024-02-05,1,6.9,8.3,8.0
E00395,P00381,Coordinator,2025-01-27,2025-02-01,1,6.1,6.5,7.6
E00395,P00407,Coordinator,2024-08-25,2024-09-06,1,6.2,6.7,7.6
E00395,P00416,Coordinator,2024-12-23,2025-01-02,1,9.2,9.7,9.1
E00395,P00447,Coordinator,2023-09-17,2023-09-23,1,6.2,7.6,7.6
E00395,P00448,Coordinator,2024-08-24,2024-09-03,1,5.5,5.0,7.2
E00395,P00458,Coordinator,2026-02-28,2026-03-08,1,8.6,9.6,8.8
E00395,P00468,Coordinator,2023-12-18,2023-12-30,1,7.4,8.3,8.2
E00395,P00494,Coordinator,2024-05-06,2024-05-10,1,6.6,6.8,7.8
E00395,P00532,Coordinator,2025-11-04,2025-11-24,1,5.5,5.0,7.2
E00395,P00559,Coordinator,2025-10-09,2025-10-20,1,5.5,5.0,7.2
E00395,P00579,Coordinator,2023-11-22,2023-11-29,1,5.5,5.0,7.2
E00395,P00623,Coordinator,2023-12-07,2023-12-09,1,5.6,5.9,7.3
E00395,P00725,Coordinator,2026-04-13,2026-04-23,1,7.6,7.0,8.3
E00395,P00732,Coordinator,2026-04-12,2026-04-14,1,5.9,6.6,7.4
E00395,P00821,Coordinator,2024-03-22,2024-03-24,1,6.6,7.5,7.8
E00396,P00070,Coordinator,2023-08-25,2023-09-04,1,6.8,8.2,7.2
E00396,P00313,Coordinator,2025-06-10,2025-06-19,1,8.4,9.7,8.0
E00396,P00542,Coordinator,2023-10-30,2023-11-09,1,6.5,5.5,7.0
E00396,P00563,Coordinator,2023-10-25,2023-11-02,1,5.8,5.4,6.7
E00396,P00628,Coordinator,2023-12-25,2024-01-06,1,8.1,8.3,7.8
E00396,P00732,Coordinator,2026-04-12,2026-04-17,1,5.5,5.0,6.6
E00396,P00849,Coordinator,2024-11-16,2024-11-25,1,5.5,5.0,6.6
E00397,P00016,Project Team Member,2024-11-12,2024-11-23,1,8.8,9.7,7.6
E00397,P00063,Project Team Member,2026-03-22,2026-03-30,1,6.4,7.2,6.4
E00397,P00124,Project Team Member,2025-10-02,2025-10-15,1,5.9,6.2,6.2
E00397,P00155,Project Team Member,2024-01-31,2024-02-15,1,5.8,5.8,6.1
E00397,P00173,Project Team Member,2026-01-07,2026-01-15,1,8.7,9.7,7.6
E00397,P00208,Project Team Member,2025-02-27,2025-03-01,1,7.3,8.3,6.8
E00397,P00259,Project Team Member,2025-02-26,2025-03-08,1,6.5,6.7,6.4
E00397,P00268,Project Team Member,2024-03-03,2024-03-17,1,7.6,8.6,7.0
E00397,P00290,Project Team Member,2024-05-01,2024-05-04,1,5.5,5.0,6.0
E00397,P00335,Project Team Member,2024-09-21,2024-10-06,1,5.5,5.0,6.0
E00397,P00393,Project Team Member,2026-02-15,2026-02-17,1,9.0,9.5,7.7
E00397,P00397,Project Team Member,2023-05-30,2023-06-08,1,7.0,7.9,6.7
E00397,P00447,Project Team Member,2023-08-28,2023-09-04,1,5.5,6.0,6.0
E00397,P00479,Project Team Member,2025-08-10,2025-08-12,1,8.6,8.6,7.5
E00397,P00559,Project Team Member,2025-09-27,2025-10-11,1,6.2,6.2,6.3
E00397,P00570,Project Team Member,2025-09-23,2025-10-02,1,8.0,9.3,7.2
E00397,P00573,Project Team Member,2023-10-26,2023-11-02,1,7.4,8.7,6.9
E00397,P00584,Project Team Member,2024-06-22,2024-07-03,1,8.7,9.7,7.6
E00397,P00654,Project Team Member,2026-02-23,2026-03-02,1,9.1,9.6,7.8
E00397,P00690,Project Team Member,2024-09-28,2024-10-13,1,5.5,5.0,6.0
E00397,P00696,Project Team Member,2025-10-20,2025-10-30,1,7.2,6.2,6.8
E00397,P00705,Project Team Member,2025-01-15,2025-02-01,1,6.2,5.7,6.3
E00397,P00720,Project Team Member,2025-06-28,2025-07-11,1,9.7,9.7,8.0
E00397,P00775,Project Team Member,2023-06-29,2023-07-05,1,8.0,9.4,7.2
E00397,P00789,Project Team Member,2026-04-30,2026-05-15,2,5.9,5.0,6.2
E00397,P00863,Project Team Member,2025-08-24,2025-09-06,1,5.9,5.8,6.2
E00398,P00028,Project Team Member,2025-03-27,2025-04-07,1,7.0,7.6,8.1
E00398,P00323,Project Team Member,2026-01-22,2026-02-05,1,5.6,5.5,7.4
E00398,P00331,Project Team Member,2024-10-25,2024-11-05,1,9.4,9.7,9.3
E00398,P00410,Project Team Member,2024-05-21,2024-05-28,1,5.5,5.0,7.4
E00398,P00542,Project Team Member,2023-05-22,2023-11-20,2,7.2,7.4,8.2
E00398,P00643,Project Team Member,2025-07-14,2025-07-28,1,5.5,5.0,7.4
E00398,P00705,Project Team Member,2024-12-30,2025-01-06,1,6.1,6.7,7.6
E00398,P00872,Project Team Member,2023-05-25,2023-06-01,1,6.6,6.8,7.9
E00399,P00033,Project Team Member,2024-07-05,2024-07-10,1,7.8,8.5,7.8
E00399,P00040,Project Team Member,2023-10-19,2023-10-24,1,5.5,5.0,6.6
E00399,P00065,Project Team Member,2025-03-17,2025-04-10,1,6.2,7.1,7.0
E00399,P00068,Project Team Member,2026-03-03,2026-03-12,1,7.6,8.3,7.7
E00399,P00123,Project Team Member,2025-01-23,2025-01-31,1,5.9,6.1,6.8
E00399,P00202,Project Team Member,2024-05-04,2024-05-19,1,6.8,7.1,7.3
E00399,P00237,Project Team Member,2025-01-05,2025-01-10,1,7.8,9.0,7.8
E00399,P00447,Project Team Member,2023-09-08,2023-09-22,1,5.5,5.8,6.6
E00399,P00452,Project Team Member,2023-09-18,2023-09-25,1,7.5,8.4,7.6
E00399,P00469,Project Team Member,2023-11-13,2023-11-21,1,7.0,8.3,7.4
E00399,P00506,Project Team Member,2023-07-09,2023-07-23,1,5.5,5.0,6.6
E00399,P00616,Project Team Member,2025-01-12,2025-01-23,1,7.9,8.2,7.8
E00399,P00645,Project Team Member,2024-10-02,2025-10-28,2,7.3,6.7,7.6
E00399,P00688,Project Team Member,2023-02-26,2023-03-10,1,7.5,7.6,7.6
E00399,P00690,Project Team Member,2024-09-17,2024-09-30,1,5.5,5.0,6.6
E00399,P00715,Project Team Member,2025-12-30,2026-01-01,1,7.2,6.2,7.5
E00399,P00744,Project Team Member,2024-08-03,2024-08-07,1,7.6,8.8,7.7
E00399,P00857,Project Team Member,2025-06-10,2025-06-24,1,5.7,5.6,6.8
E00399,P00861,Project Team Member,2026-01-30,2026-02-01,1,5.8,6.3,6.8
E00399,P00863,Project Team Member,2025-09-02,2025-09-16,1,5.5,5.0,6.6
E00399,P00885,Project Team Member,2025-05-11,2025-05-16,1,8.7,9.0,8.2
E00400,P00135,Project Team Member,2023-11-08,2023-11-14,1,5.5,5.0,7.4
E00400,P00157,Project Team Member,2024-04-13,2024-04-18,1,5.5,5.0,7.4
E00400,P00613,Project Team Member,2026-03-30,2026-04-26,1,7.1,8.4,8.1
E00400,P00645,Project Team Member,2025-07-13,2025-07-23,1,6.8,8.1,8.0
E00401,P00022,Coordinator,2024-11-03,2024-11-14,1,8.0,9.3,7.3
E00401,P00053,Coordinator,2025-01-02,2025-01-06,1,6.9,8.2,6.8
E00401,P00058,Coordinator,2025-06-25,2025-07-01,1,5.8,6.0,6.2
E00401,P00112,Coordinator,2025-08-17,2025-08-27,1,7.5,8.4,7.0
E00401,P00189,Coordinator,2024-11-29,2024-12-03,1,6.6,7.9,6.6
E00401,P00242,Coordinator,2024-05-06,2024-05-20,1,7.0,8.3,6.8
E00401,P00295,Coordinator,2024-05-19,2024-05-23,1,5.9,6.3,6.2
E00401,P00458,Coordinator,2026-02-27,2026-03-05,1,6.9,8.2,6.8
E00401,P00534,Coordinator,2024-02-18,2024-02-20,1,5.5,5.6,6.0
E00401,P00666,Coordinator,2023-11-23,2023-11-29,1,8.5,9.3,7.6
E00401,P00670,Coordinator,2025-05-13,2025-05-28,1,6.3,7.2,6.4
E00401,P00704,Coordinator,2025-06-21,2025-06-27,1,5.5,5.0,6.0
E00401,P00710,Coordinator,2025-07-26,2025-08-20,1,6.2,7.5,6.4
E00401,P00751,Coordinator,2024-09-28,2024-10-03,1,5.5,5.0,6.0
E00401,P00868,Coordinator,2025-06-10,2025-06-18,1,6.8,7.6,6.7
E00401,P00877,Coordinator,2024-03-11,2024-03-20,1,7.0,8.4,6.8
E00401,P00897,Coordinator,2025-04-21,2025-04-24,1,5.5,5.0,6.0
E00402,P00027,Project Team Member,2026-02-01,2026-02-07,1,6.4,6.6,6.9
E00402,P00054,Project Team Member,2023-02-18,2023-03-13,1,5.5,5.0,6.4
E00402,P00066,Project Team Member,2024-08-08,2024-08-13,1,9.4,9.7,8.4
E00402,P00103,Project Team Member,2024-09-10,2024-09-22,1,7.9,9.2,7.6
E00402,P00354,Project Team Member,2025-01-06,2025-01-14,1,7.2,7.4,7.3
E00402,P00417,Project Team Member,2025-03-06,2025-03-15,1,8.0,9.3,7.7
E00402,P00558,Project Team Member,2023-10-13,2023-10-20,1,5.5,5.5,6.4
E00402,P00576,Project Team Member,2025-05-30,2025-06-09,1,6.2,7.6,6.8
E00402,P00581,Project Team Member,2023-10-21,2023-11-11,1,5.6,5.4,6.5
E00402,P00596,Project Team Member,2024-11-25,2024-11-27,1,9.6,9.7,8.5
E00402,P00604,Project Team Member,2023-09-08,2023-09-22,1,6.9,8.3,7.2
E00402,P00666,Project Team Member,2023-08-10,2023-08-16,1,6.7,6.9,7.0
E00402,P00676,Project Team Member,2026-03-05,2026-02-18,1,9.1,9.7,8.2
E00402,P00678,Project Team Member,2025-03-14,2025-03-18,1,8.9,9.7,8.2
E00402,P00731,Project Team Member,2024-09-16,2024-10-12,1,5.5,5.0,6.4
E00402,P00781,Project Team Member,2024-11-12,2024-12-10,2,6.6,6.0,7.0
E00402,P00788,Project Team Member,2024-10-23,2024-11-02,1,7.4,8.8,7.4
E00402,P00861,Project Team Member,2026-01-27,2026-02-11,1,5.5,5.0,6.4
E00402,P00865,Project Team Member,2023-03-01,2023-03-08,1,6.5,7.3,7.0
E00403,P00090,Project Team Member,2025-11-12,2025-11-23,1,5.5,5.0,6.8
E00403,P00128,Project Team Member,2024-05-29,2024-06-11,1,5.5,5.0,6.8
E00403,P00152,Project Team Member,2026-02-14,2026-02-18,1,5.9,6.1,7.0
E00403,P00217,Project Team Member,2025-04-25,2025-04-28,1,6.5,6.7,7.2
E00403,P00274,Project Team Member,2024-05-14,2024-05-26,1,8.0,9.3,8.0
E00403,P00417,Project Team Member,2024-12-02,2024-12-05,1,5.5,5.0,6.8
E00403,P00463,Project Team Member,2026-04-28,2026-02-19,1,8.2,9.5,8.1
E00403,P00596,Project Team Member,2024-10-07,2024-10-21,1,7.7,9.0,7.8
E00403,P00654,Project Team Member,2026-03-01,2026-04-01,2,5.9,5.0,7.0
E00403,P00891,Project Team Member,2024-03-25,2024-03-28,1,5.5,5.0,6.8
E00404,P00076,Project Team Member,2026-02-07,2026-02-16,1,6.2,6.2,7.1
E00404,P00111,Project Team Member,2023-12-09,2024-01-03,1,7.0,8.3,7.5
E00404,P00166,Project Team Member,2024-01-21,2024-01-31,1,6.8,7.3,7.4
E00404,P00206,Project Team Member,2026-03-19,2026-03-25,1,6.7,7.7,7.4
E00404,P00230,Project Team Member,2025-06-16,2025-06-27,1,7.6,8.9,7.8
E00404,P00272,Project Team Member,2026-02-12,2026-02-13,1,5.5,5.0,6.8
E00404,P00295,Project Team Member,2024-05-25,2024-06-14,1,5.9,5.5,7.0
E00404,P00325,Project Team Member,2026-04-15,2026-04-26,1,5.5,5.1,6.8
E00404,P00335,Project Team Member,2024-08-21,2024-08-28,1,5.5,5.7,6.8
E00404,P00377,Project Team Member,2024-12-26,2025-01-04,1,5.5,5.0,6.8
E00404,P00493,Project Team Member,2023-07-22,2023-07-30,1,5.5,5.2,6.8
E00404,P00521,Project Team Member,2023-11-26,2023-12-08,1,5.5,5.0,6.8
E00404,P00537,Project Team Member,2024-01-28,2024-02-05,1,5.5,5.0,6.8
E00404,P00558,Project Team Member,2023-11-24,2023-12-07,1,5.5,5.9,6.8
E00404,P00671,Project Team Member,2023-05-25,2023-05-27,1,7.8,8.0,7.9
E00404,P00749,Project Team Member,2026-03-22,2026-04-05,1,8.8,9.6,8.4
E00404,P00780,Project Team Member,2026-03-07,2026-03-21,1,7.8,7.6,7.9
E00404,P00795,Project Team Member,2024-01-21,2024-01-30,1,5.5,5.0,6.8
E00404,P00847,Project Team Member,2023-05-16,2023-06-11,1,5.9,5.2,7.0
E00404,P00884,Project Team Member,2023-09-21,2023-09-27,1,6.8,8.2,7.4
E00405,P00027,Project Team Member,2025-10-23,2025-10-28,1,5.6,5.5,6.6
E00405,P00030,Project Team Member,2023-12-25,2023-12-29,1,6.8,7.2,7.2
E00405,P00059,Project Team Member,2024-01-27,2024-02-20,1,7.4,7.3,7.5
E00405,P00068,Project Team Member,2026-03-15,2026-03-29,1,6.2,7.0,6.9
E00405,P00075,Project Team Member,2026-04-27,2026-05-04,1,6.9,8.2,7.2
E00405,P00107,Project Team Member,2026-04-16,2026-04-22,1,9.6,9.7,8.6
E00405,P00217,Project Team Member,2024-11-30,2024-12-19,1,5.5,5.0,6.6
E00405,P00230,Project Team Member,2025-05-29,2025-06-02,1,8.4,9.7,8.0
E00405,P00421,Project Team Member,2023-06-02,2023-06-04,1,9.7,9.7,8.6
E00405,P00429,Project Team Member,2025-08-23,2025-08-25,1,7.9,7.5,7.8
E00405,P00457,Project Team Member,2025-10-28,2025-11-12,1,6.4,6.4,7.0
E00405,P00468,Project Team Member,2023-04-17,2023-04-30,1,5.5,5.0,6.6
E00405,P00533,Project Team Member,2025-05-01,2025-05-28,1,7.4,8.8,7.5
E00405,P00586,Project Team Member,2026-01-23,2026-02-03,1,5.7,6.2,6.6
E00405,P00877,Project Team Member,2024-02-17,2024-02-24,1,6.3,7.5,7.0
E00406,P00157,Specialist,2024-03-30,2024-04-08,1,7.1,7.7,7.8
E00406,P00184,Specialist,2025-02-06,2025-02-12,1,8.6,9.6,8.6
E00406,P00368,Specialist,2025-12-22,2025-12-29,1,7.0,8.4,7.8
E00406,P00447,Specialist,2023-10-07,2023-10-17,1,7.5,8.0,8.0
E00406,P00585,Specialist,2025-02-10,2025-02-12,1,7.7,8.4,8.2
E00406,P00705,Specialist,2024-10-09,2024-10-11,1,8.0,9.3,8.3
E00406,P00727,Specialist,2024-02-07,2024-02-10,1,5.5,5.0,7.0
E00406,P00804,Specialist,2023-12-16,2023-12-28,1,6.0,6.1,7.3
E00406,P00841,Specialist,2024-03-13,2024-03-15,1,5.5,5.0,7.0
E00407,P00012,Project Team Member,2026-01-12,2026-01-20,1,7.9,9.2,7.4
E00407,P00152,Project Team Member,2026-01-29,2026-02-05,1,6.8,7.1,6.9
E00407,P00214,Project Team Member,2025-03-17,2025-03-19,1,5.5,5.0,6.2
E00407,P00231,Project Team Member,2025-01-06,2025-01-09,1,7.7,9.0,7.4
E00407,P00407,Project Team Member,2024-10-28,2024-11-05,1,5.5,5.0,6.2
E00407,P00410,Project Team Member,2024-06-28,2024-07-04,1,7.4,8.3,7.2
E00407,P00565,Project Team Member,2024-10-03,2024-10-05,1,5.5,5.0,6.2
E00407,P00611,Project Team Member,2024-06-28,2024-06-30,1,7.7,7.1,7.4
E00407,P00638,Project Team Member,2026-03-12,2026-03-27,1,7.8,9.0,7.4
E00407,P00656,Project Team Member,2025-05-06,2025-05-14,1,8.0,9.3,7.5
E00407,P00818,Project Team Member,2023-09-20,2023-10-03,1,5.9,5.1,6.4
E00408,P00150,Project Team Member,2024-05-21,2024-05-23,1,7.0,8.1,7.4
E00408,P00239,Project Team Member,2024-10-30,2024-11-21,1,6.1,6.6,7.0
E00408,P00259,Project Team Member,2025-01-05,2025-01-18,1,6.6,7.9,7.2
E00408,P00285,Project Team Member,2023-06-30,2023-07-23,1,8.0,9.3,7.9
E00408,P00334,Project Team Member,2025-03-26,2025-04-09,1,8.0,9.3,7.9
E00408,P00448,Project Team Member,2025-01-24,2025-02-02,1,7.4,8.7,7.6
E00408,P00596,Project Team Member,2024-12-10,2024-12-24,1,7.6,8.6,7.7
E00408,P00645,Project Team Member,2025-10-18,2025-10-28,1,5.9,5.0,6.8
E00408,P00674,Project Team Member,2024-06-20,2024-06-30,1,8.0,9.3,7.9
E00408,P00745,Project Team Member,2026-02-24,2026-03-04,1,5.5,5.0,6.6
E00408,P00893,Project Team Member,2026-02-06,2026-02-17,1,6.8,7.2,7.3
E00409,P00046,Project Team Member,2025-03-14,2025-03-20,1,5.9,5.9,7.0
E00409,P00061,Project Team Member,2023-01-26,2023-02-27,2,5.5,5.0,6.8
E00409,P00428,Project Team Member,2025-08-25,2025-08-29,1,5.5,5.0,6.8
E00409,P00528,Project Team Member,2023-03-21,2023-03-31,1,6.7,7.7,7.4
E00409,P00542,Project Team Member,2023-11-15,2023-11-26,1,5.5,5.9,6.8
E00409,P00605,Project Team Member,2026-03-19,2026-03-28,1,8.4,9.7,8.3
E00409,P00683,Project Team Member,2024-11-04,2024-11-20,1,6.5,7.4,7.4
E00409,P00726,Project Team Member,2025-02-11,2025-03-07,1,7.3,7.7,7.8
E00409,P00747,Project Team Member,2024-01-08,2024-01-11,1,8.0,9.3,8.1
E00409,P00752,Project Team Member,2025-07-06,2025-07-14,1,5.5,5.0,6.8
E00409,P00790,Project Team Member,2025-08-03,2025-08-11,1,7.3,8.1,7.8
E00410,P00013,Project Team Member,2023-08-04,2023-08-06,1,6.0,6.2,7.2
E00410,P00057,Project Team Member,2023-04-10,2023-04-16,1,9.7,9.7,9.0
E00410,P00070,Project Team Member,2023-08-05,2023-08-26,1,8.0,9.0,8.2
E00410,P00127,Project Team Member,2025-01-28,2025-02-11,1,5.5,5.2,7.0
E00410,P00155,Project Team Member,2023-09-29,2023-10-11,1,5.9,5.6,7.2
E00410,P00158,Project Team Member,2025-12-29,2026-01-13,1,5.8,5.8,7.1
E00410,P00181,Project Team Member,2026-01-17,2026-01-29,1,7.3,8.6,7.8
E00410,P00228,Project Team Member,2023-07-09,2023-07-20,1,6.5,7.8,7.4
E00410,P00331,Project Team Member,2024-07-11,2025-04-30,2,6.7,6.1,7.6
E00410,P00394,Project Team Member,2024-06-04,2024-06-10,1,6.0,7.1,7.2
E00410,P00448,Project Team Member,2025-06-01,2025-06-03,1,8.0,9.3,8.2
E00410,P00519,Project Team Member,2026-01-01,2026-01-08,1,8.0,9.3,8.2
E00410,P00547,Project Team Member,2024-01-16,2024-01-31,1,5.5,5.2,7.0
E00410,P00621,Project Team Member,2023-12-17,2023-12-24,1,8.0,9.4,8.2
E00410,P00654,Project Team Member,2026-03-11,2026-04-10,1,6.5,6.7,7.4
E00410,P00713,Project Team Member,2023-10-31,2023-11-15,1,7.9,9.0,8.2
E00410,P00861,Project Team Member,2025-12-26,2026-01-25,1,7.1,8.4,7.8
E00411,P00030,Project Team Member,2023-10-26,2023-10-30,1,5.5,5.0,7.0
E00411,P00060,Project Team Member,2025-07-15,2025-07-21,1,8.5,8.7,8.6
E00411,P00075,Project Team Member,2026-04-27,2026-04-30,1,6.2,7.5,7.4
E00411,P00132,Project Team Member,2023-08-25,2023-09-07,1,7.0,8.3,7.8
E00411,P00144,Project Team Member,2024-01-16,2024-01-19,1,6.8,7.3,7.7
E00411,P00155,Project Team Member,2024-01-07,2024-01-09,1,7.5,8.5,8.0
E00411,P00168,Project Team Member,2023-01-25,2023-01-30,1,5.9,6.2,7.2
E00411,P00542,Project Team Member,2023-07-16,2023-07-22,1,8.0,9.3,8.3
E00411,P00565,Project Team Member,2023-09-20,2023-09-28,1,7.3,8.2,8.0
E00411,P00566,Project Team Member,2025-03-04,2025-03-10,1,5.5,5.0,7.0
E00411,P00640,Project Team Member,2024-07-03,2024-07-17,1,7.2,8.0,7.9
E00411,P00715,Project Team Member,2025-10-10,2025-10-20,1,5.5,5.0,7.0
E00411,P00831,Project Team Member,2026-01-27,2026-02-02,1,7.8,9.0,8.2
E00411,P00895,Project Team Member,2026-03-21,2026-03-31,1,5.5,5.0,7.0
E00411,P00896,Project Team Member,2024-03-30,2024-04-03,1,6.8,7.2,7.7
E00412,P00054,Project Team Member,2023-03-02,2023-03-06,1,7.6,7.7,7.3
E00412,P00211,Project Team Member,2025-08-05,2025-08-20,1,7.3,8.5,7.2
E00412,P00242,Project Team Member,2024-01-11,2024-02-09,1,7.9,9.2,7.4
E00412,P00356,Project Team Member,2026-03-13,2026-03-26,1,6.6,7.8,6.8
E00412,P00405,Project Team Member,2025-04-19,2025-04-29,1,7.2,6.2,7.1
E00412,P00528,Project Team Member,2024-05-25,2024-06-13,1,7.0,7.6,7.0
E00412,P00592,Project Team Member,2024-10-04,2024-10-10,1,5.6,5.0,6.3
E00412,P00659,Project Team Member,2023-09-13,2023-09-19,1,7.1,8.4,7.0
E00412,P00682,Project Team Member,2023-07-29,2023-08-01,1,7.7,7.7,7.4
E00412,P00731,Project Team Member,2024-07-09,2024-07-22,1,6.0,6.4,6.5
E00412,P00867,Project Team Member,2024-12-01,2024-12-04,1,5.9,6.6,6.4
E00413,P00022,Contributor,2025-01-22,2025-01-26,1,6.7,7.2,6.6
E00413,P00040,Contributor,2023-10-12,2023-10-24,1,8.0,8.9,7.3
E00413,P00051,Contributor,2025-01-16,2025-01-19,1,6.7,8.1,6.6
E00413,P00217,Contributor,2025-09-03,2025-09-04,1,5.7,5.4,6.2
E00413,P00356,Contributor,2025-03-23,2025-04-04,1,5.8,6.3,6.2
E00413,P00364,Contributor,2025-09-04,2025-09-15,1,7.6,8.9,7.1
E00413,P00405,Contributor,2025-08-02,2025-08-10,1,9.3,9.7,8.0
E00413,P00434,Contributor,2025-01-31,2025-02-06,1,7.0,8.4,6.8
E00413,P00445,Contributor,2025-07-04,2025-07-10,1,8.4,8.3,7.5
E00413,P00528,Contributor,2023-09-25,2023-10-04,1,7.7,8.4,7.2
E00413,P00605,Contributor,2025-04-25,2025-04-29,1,6.3,6.5,6.4
E00413,P00710,Contributor,2025-08-14,2025-08-29,1,8.0,9.2,7.3
E00413,P00717,Contributor,2025-11-08,2025-11-21,1,5.5,5.0,6.0
E00413,P00764,Contributor,2024-05-12,2024-05-15,1,8.3,9.3,7.4
E00413,P00842,Contributor,2024-03-05,2024-03-13,1,5.5,5.0,6.0
E00413,P00849,Contributor,2024-10-03,2024-10-18,1,7.5,8.8,7.0
E00413,P00864,Contributor,2024-05-27,2024-06-08,1,8.1,7.9,7.4
E00413,P00883,Contributor,2026-01-06,2026-02-02,1,7.5,8.8,7.0
E00414,P00033,Project Team Member,2025-05-02,2025-05-05,1,6.5,7.8,7.8
E00414,P00051,Project Team Member,2024-08-05,2024-08-10,1,7.0,6.0,8.1
E00414,P00054,Project Team Member,2023-07-12,2023-07-13,1,7.6,8.9,8.4
E00414,P00070,Project Team Member,2023-07-15,2023-07-26,1,6.7,6.2,8.0
E00414,P00114,Project Team Member,2024-02-11,2024-02-16,1,6.5,7.8,7.8
E00414,P00197,Project Team Member,2026-03-07,2026-03-19,1,7.4,8.3,8.3
E00414,P00251,Project Team Member,2026-02-27,2026-03-11,1,5.5,5.0,7.4
E00414,P00272,Project Team Member,2026-01-25,2026-02-06,1,8.0,9.3,8.6
E00414,P00505,Project Team Member,2024-05-28,2024-06-09,1,8.4,9.7,8.8
E00414,P00512,Project Team Member,2024-06-17,2024-07-01,1,5.5,5.0,7.4
E00414,P00514,Project Team Member,2025-01-02,2025-01-04,1,8.6,9.5,8.9
E00414,P00539,Project Team Member,2024-07-03,2024-07-10,1,7.2,6.2,8.2
E00414,P00547,Project Team Member,2024-01-27,2024-02-08,1,5.5,6.0,7.4
E00414,P00564,Project Team Member,2025-04-16,2025-04-23,1,5.5,5.0,7.4
E00414,P00583,Project Team Member,2026-03-21,2026-03-25,1,5.5,5.0,7.4
E00414,P00588,Project Team Member,2026-03-24,2026-03-26,1,7.0,6.0,8.1
E00414,P00662,Project Team Member,2025-02-28,2025-03-09,1,5.7,6.7,7.4
E00414,P00718,Project Team Member,2026-02-01,2026-02-15,1,8.7,8.9,9.0
E00414,P00775,Project Team Member,2023-08-12,2023-08-14,1,5.5,5.2,7.4
E00414,P00781,Project Team Member,2024-08-20,2024-08-29,1,8.0,9.3,8.6
E00414,P00791,Project Team Member,2025-11-25,2025-11-30,1,7.4,8.3,8.3
E00414,P00813,Project Team Member,2023-11-14,2023-11-21,1,7.0,7.6,8.1
E00414,P00896,Project Team Member,2024-01-02,2024-01-08,1,5.5,5.2,7.4
E00414,P00899,Project Team Member,2024-05-26,2024-06-01,1,6.9,8.2,8.0
E00415,P00010,Coordinator,2023-09-10,2023-09-14,1,8.6,9.6,8.4
E00415,P00019,Coordinator,2026-04-13,2026-04-25,1,8.7,9.3,8.4
E00415,P00109,Coordinator,2023-05-26,2023-06-05,1,7.8,9.0,8.0
E00415,P00112,Coordinator,2025-10-24,2025-11-23,1,5.5,5.0,6.8
E00415,P00122,Coordinator,2025-04-19,2025-05-03,1,7.4,8.7,7.8
E00415,P00140,Coordinator,2025-01-14,2025-01-17,1,5.5,5.0,6.8
E00415,P00335,Coordinator,2024-05-05,2024-05-10,1,5.5,5.0,6.8
E00415,P00434,Coordinator,2025-01-25,2025-02-16,1,8.0,9.3,8.1
E00415,P00518,Coordinator,2023-06-22,2023-07-05,1,5.5,5.0,6.8
E00415,P00528,Coordinator,2024-04-03,2024-04-12,1,5.5,5.8,6.8
E00415,P00542,Coordinator,2024-01-04,2024-01-14,1,5.5,5.0,6.8
E00415,P00560,Coordinator,2024-07-14,2024-07-18,1,6.9,8.2,7.6
E00415,P00607,Coordinator,2026-03-12,2026-03-17,1,6.8,7.3,7.5
E00415,P00710,Coordinator,2025-10-30,2025-12-20,2,7.2,7.0,7.7
E00415,P00722,Coordinator,2024-01-21,2024-01-31,1,9.4,9.7,8.8
E00415,P00751,Coordinator,2024-12-25,2024-12-30,1,8.3,9.4,8.2
E00415,P00752,Coordinator,2025-02-24,2025-03-22,1,5.5,5.0,6.8
E00415,P00769,Coordinator,2026-02-26,2026-03-09,1,8.0,9.3,8.1
E00415,P00778,Coordinator,2024-07-09,2024-08-03,1,5.5,5.0,6.8
E00415,P00791,Coordinator,2025-09-27,2025-10-23,1,8.9,9.6,8.6
E00415,P00810,Coordinator,2025-11-30,2025-12-15,1,9.7,9.7,9.0
E00415,P00860,Coordinator,2025-08-08,2025-08-13,1,6.8,7.2,7.5
E00416,P00004,Contributor,2024-05-04,2024-05-08,1,7.4,8.2,7.4
E00416,P00108,Contributor,2024-10-29,2024-11-03,1,6.9,6.2,7.2
E00416,P00247,Contributor,2025-05-21,2025-05-24,1,7.0,7.5,7.2
E00416,P00353,Contributor,2025-03-20,2025-03-25,1,6.9,8.0,7.2
E00416,P00375,Contributor,2025-07-30,2025-08-04,1,5.5,5.0,6.4
E00416,P00405,Contributor,2025-06-01,2025-06-07,1,6.1,6.6,6.8
E00416,P00483,Contributor,2024-12-28,2024-12-30,1,7.1,8.0,7.2
E00416,P00511,Contributor,2025-08-16,2025-08-21,1,8.0,7.6,7.7
E00416,P00521,Contributor,2023-10-29,2023-11-05,1,6.3,7.6,6.8
E00416,P00653,Contributor,2026-02-14,2026-03-01,1,8.4,9.7,7.9
E00416,P00688,Contributor,2023-07-18,2023-07-24,1,5.5,5.0,6.4
E00417,P00043,Contributor,2023-09-23,2023-09-28,1,7.2,6.2,8.3
E00417,P00068,Contributor,2026-03-19,2026-03-29,1,5.9,5.7,7.6
E00417,P00110,Contributor,2024-04-22,2024-05-06,1,6.9,8.2,8.2
E00417,P00187,Contributor,2026-01-07,2026-02-04,1,7.0,8.3,8.2
E00417,P00242,Contributor,2024-08-19,2024-08-21,1,8.5,8.6,9.0
E00417,P00278,Contributor,2023-11-25,2023-12-01,1,9.2,9.7,9.3
E00417,P00295,Contributor,2024-07-15,2024-07-20,1,7.7,8.9,8.6
E00417,P00298,Contributor,2025-03-03,2025-03-20,1,6.6,5.6,8.0
E00417,P00539,Contributor,2024-07-29,2024-08-08,1,6.2,7.2,7.8
E00417,P00577,Contributor,2025-10-27,2025-10-31,1,5.5,5.0,7.4
E00417,P00586,Contributor,2026-03-13,2026-03-29,1,7.4,8.6,8.4
E00417,P00588,Contributor,2026-03-24,2026-04-01,1,6.5,5.5,8.0
E00417,P00603,Contributor,2024-03-12,2024-03-22,1,6.5,6.9,8.0
E00417,P00710,Contributor,2025-07-21,2025-07-23,1,5.5,5.0,7.4
E00417,P00770,Contributor,2024-07-05,2024-08-04,1,7.2,6.9,8.3
E00417,P00797,Contributor,2024-09-04,2024-09-25,1,5.6,5.0,7.5
E00417,P00802,Contributor,2024-06-08,2024-06-21,1,8.9,9.7,9.2
E00417,P00813,Contributor,2024-09-16,2024-09-22,1,6.4,7.1,7.9
E00417,P00821,Contributor,2023-11-15,2023-11-18,1,6.5,6.7,8.0
E00417,P00877,Contributor,2024-05-09,2024-05-16,1,5.9,5.2,7.6
E00418,P00033,Project Team Member,2024-10-16,2024-10-21,1,7.0,8.2,7.6
E00418,P00072,Project Team Member,2025-11-28,2025-12-03,1,7.6,8.8,7.9
E00418,P00121,Project Team Member,2023-11-03,2023-11-20,1,5.9,5.0,7.0
E00418,P00158,Project Team Member,2025-08-08,2025-08-10,1,6.1,5.4,7.2
E00418,P00226,Project Team Member,2025-01-01,2025-01-13,1,6.9,7.4,7.6
E00418,P00235,Project Team Member,2023-08-26,2023-09-05,1,6.8,8.2,7.5
E00418,P00376,Project Team Member,2025-10-15,2025-11-04,1,5.6,5.4,6.9
E00418,P00454,Project Team Member,2023-11-19,2024-02-20,2,8.0,8.2,8.1
E00418,P00518,Project Team Member,2023-08-15,2023-08-20,1,7.0,7.9,7.6
E00418,P00671,Project Team Member,2023-08-04,2023-08-07,1,5.7,6.3,7.0
E00418,P00704,Project Team Member,2025-04-07,2025-04-19,1,7.9,9.1,8.0
E00418,P00748,Project Team Member,2025-12-05,2025-12-16,1,6.4,7.7,7.3
E00418,P00775,Project Team Member,2023-08-06,2023-08-14,1,8.0,9.4,8.1
E00418,P00813,Project Team Member,2024-03-26,2024-04-12,2,6.9,7.3,7.6
E00418,P00814,Project Team Member,2024-08-20,2024-09-17,1,5.5,5.0,6.8
E00418,P00864,Project Team Member,2024-06-14,2024-06-16,1,5.5,5.0,6.8
E00418,P00893,Project Team Member,2026-01-15,2026-01-30,1,8.6,9.6,8.4
E00419,P00006,Contributor,2024-10-26,2024-10-26,1,6.4,6.5,7.7
E00419,P00058,Contributor,2025-08-01,2025-08-14,1,7.1,8.0,8.0
E00419,P00158,Contributor,2025-07-25,2025-08-02,1,6.4,6.6,7.7
E00419,P00364,Contributor,2025-08-02,2025-08-17,1,6.4,6.4,7.7
E00419,P00511,Contributor,2025-10-01,2025-10-16,1,5.5,5.0,7.2
E00419,P00551,Contributor,2023-07-12,2023-08-10,2,7.4,7.6,8.2
E00419,P00598,Contributor,2024-08-25,2024-08-31,1,6.3,7.6,7.6
E00419,P00688,Contributor,2023-06-05,2023-06-11,1,7.4,7.5,8.2
E00419,P00705,Contributor,2024-07-26,2024-09-12,2,6.4,6.3,7.7
E00419,P00769,Contributor,2025-11-28,2025-12-12,1,7.8,8.9,8.4
E00419,P00771,Contributor,2024-03-30,2024-04-03,1,8.4,9.0,8.7
E00419,P00860,Contributor,2025-10-15,2025-10-22,1,8.0,9.4,8.5
E00420,P00006,Project Team Member,2024-06-16,2024-09-26,2,6.7,6.3,7.4
E00420,P00022,Project Team Member,2025-03-02,2025-03-05,1,5.5,5.0,6.8
E00420,P00088,Project Team Member,2025-04-27,2025-05-11,1,5.7,5.2,6.8
E00420,P00117,Project Team Member,2026-01-01,2026-01-09,1,9.3,9.7,8.6
E00420,P00218,Project Team Member,2026-02-22,2026-03-08,1,9.2,9.7,8.6
E00420,P00251,Project Team Member,2026-02-21,2026-03-03,1,8.1,8.9,8.0
E00420,P00278,Project Team Member,2024-06-24,2024-06-26,1,6.4,7.4,7.2
E00420,P00335,Project Team Member,2024-08-25,2024-09-08,1,8.6,9.1,8.3
E00420,P00605,Project Team Member,2025-11-06,2025-11-27,1,5.5,5.0,6.8
E00420,P00613,Project Team Member,2026-03-30,2026-04-07,1,6.5,7.0,7.2
E00420,P00661,Project Team Member,2023-08-26,2023-08-29,1,5.5,5.0,6.8
E00420,P00676,Project Team Member,2026-03-05,2026-02-18,1,6.8,8.0,7.4
E00420,P00683,Project Team Member,2025-03-16,2025-04-11,1,8.8,9.7,8.4
E00420,P00752,Project Team Member,2025-05-21,2025-05-27,1,5.5,5.0,6.8
E00420,P00769,Project Team Member,2026-01-14,2026-02-12,1,5.5,5.3,6.8
E00420,P00790,Project Team Member,2026-01-04,2026-01-12,1,5.9,5.7,7.0
E00421,P00119,Project Team Member,2025-01-08,2025-01-20,1,6.4,5.9,8.1
E00421,P00125,Project Team Member,2025-07-29,2025-08-12,1,5.5,5.0,7.6
E00421,P00155,Project Team Member,2023-11-05,2023-11-07,1,6.4,6.6,8.1
E00421,P00194,Project Team Member,2025-06-16,2025-07-01,1,5.5,5.0,7.6
E00421,P00197,Project Team Member,2026-02-24,2026-03-05,1,8.4,9.7,9.1
E00421,P00504,Project Team Member,2023-01-26,2023-01-29,1,8.0,7.8,8.9
E00421,P00564,Project Team Member,2025-12-31,2026-01-19,1,7.1,7.8,8.4
E00421,P00586,Project Team Member,2026-01-13,2026-01-15,1,6.0,6.3,7.9
E00421,P00681,Project Team Member,2026-02-08,2026-02-22,1,6.9,8.3,8.4
E00421,P00727,Project Team Member,2024-06-05,2024-06-17,1,6.3,7.4,8.0
E00421,P00775,Project Team Member,2023-06-23,2023-06-26,1,8.7,9.5,9.2
E00421,P00837,Project Team Member,2024-02-29,2024-03-05,1,7.0,8.1,8.4
E00422,P00025,Project Team Member,2025-04-20,2025-05-04,1,6.4,7.2,8.0
E00422,P00173,Project Team Member,2026-01-18,2026-02-01,1,5.5,5.0,7.6
E00422,P00182,Project Team Member,2024-02-17,2024-03-03,1,6.5,7.4,8.0
E00422,P00224,Project Team Member,2024-06-29,2024-07-10,1,7.0,8.3,8.3
E00422,P00228,Project Team Member,2023-08-03,2023-08-06,1,6.9,8.2,8.2
E00422,P00346,Project Team Member,2026-02-26,2026-02-28,1,7.9,9.2,8.8
E00422,P00356,Project Team Member,2025-03-03,2025-03-14,1,6.0,5.0,7.8
E00422,P00444,Project Team Member,2024-10-29,2024-11-07,1,7.1,7.9,8.4
E00422,P00518,Project Team Member,2023-11-08,2023-11-23,1,5.5,5.0,7.6
E00422,P00530,Project Team Member,2025-12-09,2025-12-16,1,6.4,6.6,8.0
E00422,P00588,Project Team Member,2026-03-24,2026-04-04,1,6.1,6.9,7.8
E00422,P00704,Project Team Member,2025-03-20,2025-04-04,1,5.5,5.0,7.6
E00422,P00860,Project Team Member,2025-05-02,2025-06-01,1,6.0,6.7,7.8
E00422,P00868,Project Team Member,2025-09-13,2025-09-27,1,6.3,6.6,8.0
E00422,P00878,Project Team Member,2026-02-13,2026-02-17,1,8.3,8.7,9.0
E00423,P00285,Project Team Member,2023-06-21,2023-07-19,1,8.5,9.5,8.2
E00423,P00367,Project Team Member,2024-12-11,2024-12-21,1,6.1,6.0,7.0
E00423,P00623,Project Team Member,2023-12-31,2024-01-15,1,5.5,5.0,6.6
E00423,P00713,Project Team Member,2024-09-30,2024-10-03,1,9.7,9.7,8.8
E00423,P00770,Project Team Member,2024-11-06,2024-11-19,1,5.5,5.0,6.6
E00424,P00055,Contributor,2026-03-01,2026-03-10,1,7.4,8.3,8.1
E00424,P00058,Contributor,2025-11-04,2025-11-17,1,9.3,9.7,9.0
E00424,P00283,Contributor,2026-04-22,2026-05-05,1,6.5,6.7,7.6
E00424,P00372,Contributor,2026-02-19,2026-02-22,1,5.5,5.0,7.2
E00424,P00809,Contributor,2025-03-07,2025-03-15,1,5.5,5.8,7.2
E00424,P00883,Contributor,2026-01-28,2026-02-01,1,6.7,8.0,7.8
E00425,P00198,Contributor,2024-10-28,2024-11-01,1,6.7,7.1,7.6
E00425,P00364,Contributor,2025-03-30,2025-04-10,1,6.6,6.8,7.6
E00425,P00580,Contributor,2025-10-21,2025-10-26,1,7.3,8.5,8.0
E00426,P00019,Coordinator,2026-04-13,2026-04-20,1,6.0,6.2,7.6
E00426,P00022,Coordinator,2025-01-10,2025-01-23,1,5.5,5.0,7.4
E00426,P00109,Coordinator,2023-02-27,2023-03-14,1,5.5,5.0,7.4
E00426,P00110,Coordinator,2024-05-03,2024-05-05,1,5.5,5.0,7.4
E00426,P00154,Coordinator,2025-04-14,2025-04-24,1,6.1,7.0,7.6
E00426,P00251,Coordinator,2026-02-28,2026-03-10,1,6.9,7.5,8.0
E00426,P00417,Coordinator,2024-09-11,2024-09-18,1,7.5,8.8,8.4
E00426,P00434,Coordinator,2024-06-28,2024-06-30,1,6.5,6.2,7.8
E00426,P00638,Coordinator,2026-02-22,2026-03-01,1,5.5,5.0,7.4
E00427,P00211,Project Team Member,2025-06-18,2025-06-22,1,7.0,7.2,7.1
E00427,P00259,Project Team Member,2025-03-13,2025-03-23,1,9.0,9.7,8.1
E00427,P00332,Project Team Member,2025-09-23,2025-10-04,1,5.5,5.0,6.4
E00427,P00377,Project Team Member,2025-02-07,2025-02-13,1,5.5,5.0,6.4
E00427,P00445,Project Team Member,2025-09-01,2025-09-03,1,6.6,6.8,6.9
E00427,P00576,Project Team Member,2025-08-11,2025-08-12,1,7.1,6.1,7.2
E00427,P00605,Project Team Member,2025-11-02,2025-11-12,1,8.0,9.3,7.6
E00428,P00035,Project Team Member,2025-09-22,2025-10-02,1,7.0,7.8,7.8
E00428,P00217,Project Team Member,2025-07-03,2025-07-11,1,8.6,8.9,8.6
E00428,P00277,Project Team Member,2025-09-02,2025-09-07,1,8.0,8.9,8.3
E00428,P00278,Project Team Member,2024-04-28,2024-05-06,1,5.5,5.0,7.0
E00428,P00356,Project Team Member,2026-01-21,2026-01-26,1,7.3,8.1,8.0
E00428,P00396,Project Team Member,2025-08-26,2025-09-04,1,6.0,5.7,7.3
E00428,P00529,Project Team Member,2023-03-24,2023-04-03,1,6.4,6.6,7.5
E00428,P00638,Project Team Member,2026-03-02,2026-03-13,1,5.5,5.0,7.0
E00428,P00683,Project Team Member,2025-03-07,2025-03-11,1,8.2,9.5,8.4
E00428,P00696,Project Team Member,2025-11-03,2025-11-23,1,5.5,5.0,7.0
E00428,P00752,Project Team Member,2025-07-15,2025-07-29,1,5.5,5.0,7.0
E00429,P00006,Project Team Member,2024-10-17,2024-10-25,1,5.5,5.0,7.2
E00429,P00061,Project Team Member,2023-06-19,2023-06-30,1,6.5,6.4,7.8
E00429,P00076,Project Team Member,2025-11-29,2025-12-02,1,5.5,5.9,7.2
E00429,P00181,Project Team Member,2026-02-16,2026-02-23,1,5.7,5.7,7.4
E00429,P00205,Project Team Member,2025-05-22,2025-05-27,1,5.9,5.2,7.4
E00429,P00239,Project Team Member,2025-02-04,2025-02-10,1,6.7,6.3,7.8
E00429,P00268,Project Team Member,2023-12-17,2023-12-23,1,7.9,9.2,8.4
E00429,P00317,Project Team Member,2023-11-09,2023-11-24,1,6.9,8.1,8.0
E00429,P00334,Project Team Member,2025-04-26,2025-11-06,2,6.7,6.5,7.8
E00429,P00375,Project Team Member,2025-02-09,2025-02-18,1,7.4,8.3,8.2
E00429,P00397,Project Team Member,2023-05-26,2023-09-25,3,7.8,7.1,8.4
E00429,P00473,Project Team Member,2025-11-16,2025-11-28,1,6.6,6.3,7.8
E00429,P00476,Project Team Member,2024-05-03,2024-05-12,1,7.6,8.7,8.3
E00429,P00511,Project Team Member,2025-08-18,2025-08-24,1,9.2,9.7,9.1
E00429,P00524,Project Team Member,2024-03-13,2024-04-04,1,5.5,5.0,7.2
E00429,P00621,Project Team Member,2024-03-21,2024-04-10,1,6.9,8.2,8.0
E00429,P00671,Project Team Member,2023-08-03,2023-08-11,1,6.3,7.6,7.6
E00429,P00765,Project Team Member,2025-02-18,2025-02-20,1,6.8,7.6,7.9
E00429,P00781,Project Team Member,2024-11-01,2024-11-09,1,5.5,5.0,7.2
E00429,P00808,Project Team Member,2024-02-26,2024-03-12,1,5.5,5.8,7.2
E00430,P00015,Contributor,2025-11-09,2025-11-13,1,6.3,7.3,6.4
E00430,P00018,Contributor,2025-04-13,2025-04-19,1,8.0,9.3,7.2
E00430,P00041,Contributor,2025-08-21,2025-08-23,1,6.5,7.7,6.4
E00430,P00205,Contributor,2024-12-02,2024-12-09,1,6.3,6.6,6.4
E00430,P00283,Contributor,2026-04-22,2026-04-30,1,5.6,5.8,6.0
E00430,P00417,Contributor,2024-09-15,2024-09-20,1,5.6,5.9,6.0
E00430,P00422,Contributor,2024-12-29,2025-01-07,1,6.6,7.9,6.5
E00430,P00511,Contributor,2025-05-25,2025-11-05,2,6.5,6.0,6.4
E00430,P00547,Contributor,2024-08-04,2024-08-15,1,8.2,8.7,7.3
E00430,P00603,Contributor,2023-11-14,2023-11-29,1,9.6,9.7,8.0
E00430,P00760,Contributor,2023-06-14,2023-06-16,1,5.5,5.0,6.0
E00430,P00802,Contributor,2024-05-30,2024-06-04,1,6.3,7.2,6.4
E00430,P00810,Contributor,2025-09-10,2025-09-20,1,7.5,8.7,7.0
E00430,P00859,Contributor,2026-04-06,2026-03-13,1,7.1,7.7,6.8
E00431,P00018,Project Team Member,2024-12-26,2025-01-08,1,7.3,8.7,7.2
E00431,P00111,Project Team Member,2024-02-19,2024-02-25,1,7.4,8.2,7.2
E00431,P00174,Project Team Member,2026-04-26,2026-05-01,1,6.4,6.6,6.7
E00431,P00202,Project Team Member,2024-03-28,2024-03-31,1,5.6,5.2,6.3
E00431,P00258,Project Team Member,2024-03-20,2024-03-30,1,6.6,5.6,6.8
E00431,P00336,Project Team Member,2025-05-07,2025-05-16,1,9.3,9.7,8.2
E00431,P00468,Project Team Member,2023-07-24,2023-08-01,1,8.7,9.7,7.8
E00431,P00681,Project Team Member,2026-01-22,2026-02-06,1,7.0,8.3,7.0
E00431,P00787,Project Team Member,2026-04-03,2026-04-14,1,6.6,6.8,6.8
E00431,P00809,Project Team Member,2025-02-02,2025-03-13,2,6.4,6.1,6.7
E00431,P00810,Project Team Member,2025-08-10,2025-08-17,1,5.7,5.0,6.4
E00431,P00891,Project Team Member,2024-01-30,2024-02-09,1,9.1,9.7,8.0
E00432,P00046,Contributor,2025-02-07,2025-02-17,1,7.9,8.7,7.0
E00432,P00065,Contributor,2024-09-24,2024-10-09,1,7.7,8.9,7.0
E00432,P00068,Contributor,2026-03-04,2026-03-17,1,6.8,7.1,6.5
E00432,P00085,Contributor,2023-04-28,2023-05-16,1,7.7,8.9,7.0
E00432,P00258,Contributor,2024-02-25,2024-02-28,1,6.1,7.4,6.2
E00432,P00283,Contributor,2026-04-22,2026-05-09,1,6.4,6.4,6.3
E00432,P00331,Contributor,2025-01-22,2025-02-17,1,8.6,8.8,7.4
E00432,P00498,Contributor,2026-02-08,2026-02-15,1,6.7,6.2,6.4
E00432,P00512,Contributor,2024-06-19,2024-06-30,1,5.5,5.0,5.8
E00432,P00547,Contributor,2024-08-07,2024-08-17,1,6.1,5.1,6.2
E00432,P00568,Contributor,2024-09-18,2024-09-24,1,7.2,7.9,6.7
E00432,P00570,Contributor,2025-12-03,2025-12-05,1,7.3,8.1,6.8
E00432,P00588,Contributor,2026-03-25,2026-04-07,1,6.7,7.0,6.4
E00432,P00631,Contributor,2024-03-22,2024-04-03,1,7.3,8.4,6.8
E00432,P00810,Contributor,2025-11-27,2025-12-02,1,6.1,6.5,6.2
E00432,P00813,Contributor,2025-01-20,2025-01-30,1,7.2,7.1,6.7
E00432,P00818,Contributor,2023-10-31,2023-11-02,1,5.5,5.0,5.8
E00432,P00889,Contributor,2025-01-21,2025-02-01,1,5.5,5.0,5.8
E00433,P00004,Coordinator,2024-03-29,2024-04-05,1,5.5,5.0,6.6
E00433,P00171,Coordinator,2024-08-27,2024-08-31,1,7.2,8.5,7.5
E00433,P00418,Coordinator,2023-02-01,2023-04-24,2,8.3,9.2,8.0
E00433,P00443,Coordinator,2023-06-28,2023-07-03,1,5.5,5.0,6.6
E00433,P00539,Coordinator,2024-08-07,2024-08-08,1,6.7,7.6,7.2
E00433,P00659,Coordinator,2023-03-28,2023-04-12,1,5.5,5.0,6.6
E00433,P00751,Coordinator,2025-01-27,2025-02-02,1,7.2,6.2,7.5
E00433,P00809,Coordinator,2024-12-26,2025-01-18,1,6.4,7.7,7.1
E00433,P00813,Coordinator,2023-11-18,2023-11-20,1,7.1,7.8,7.4
E00433,P00854,Coordinator,2025-12-07,2025-12-31,1,8.7,9.5,8.2
E00433,P00872,Coordinator,2023-04-10,2023-04-13,1,5.5,5.0,6.6
E00433,P00878,Coordinator,2026-02-24,2026-03-01,1,6.3,6.8,7.0
E00434,P00058,Specialist,2025-11-15,2025-11-17,1,7.1,7.8,7.8
E00434,P00135,Specialist,2023-11-08,2023-11-13,1,7.8,9.0,8.2
E00434,P00208,Specialist,2024-10-22,2024-10-28,1,5.5,5.0,7.0
E00434,P00533,Specialist,2025-09-08,2025-09-11,1,5.5,5.0,7.0
E00434,P00613,Specialist,2026-03-30,2026-04-13,1,6.4,7.8,7.5
E00434,P00616,Specialist,2025-02-15,2025-02-26,1,8.0,9.4,8.3
E00434,P00683,Specialist,2025-02-14,2025-02-25,1,5.9,5.6,7.2
E00434,P00752,Specialist,2025-05-10,2025-05-18,1,7.3,8.5,8.0
E00435,P00019,Project Team Member,2026-04-13,2026-04-22,1,9.0,9.7,9.2
E00435,P00025,Project Team Member,2025-03-23,2025-03-31,1,7.6,8.6,8.5
E00435,P00060,Project Team Member,2025-03-14,2025-03-26,1,6.4,6.1,7.9
E00435,P00152,Project Team Member,2026-01-16,2026-01-19,1,5.5,5.0,7.4
E00435,P00217,Project Team Member,2025-07-08,2025-07-15,1,6.1,6.0,7.8
E00435,P00400,Project Team Member,2024-01-25,2024-02-22,1,7.5,7.5,8.4
E00435,P00622,Project Team Member,2024-09-19,2024-10-16,1,6.4,7.1,7.9
E00435,P00681,Project Team Member,2026-01-04,2026-01-18,1,5.8,6.7,7.6
E00435,P00764,Project Team Member,2024-12-21,2024-12-30,1,6.1,7.1,7.8
E00435,P00771,Project Team Member,2024-10-06,2024-10-08,1,6.4,6.6,7.9
E00435,P00859,Project Team Member,2026-04-06,2026-03-13,1,5.5,5.0,7.4
E00435,P00893,Project Team Member,2026-02-18,2026-02-27,1,5.8,6.2,7.6
E00436,P00033,Project Team Member,2024-12-26,2025-01-06,1,8.7,9.7,8.4
E00436,P00054,Project Team Member,2023-03-02,2023-03-10,1,6.9,8.2,7.4
E00436,P00329,Project Team Member,2023-12-21,2024-01-05,1,8.1,7.9,8.0
E00436,P00479,Project Team Member,2025-08-08,2025-08-12,1,5.5,5.0,6.8
E00436,P00580,Project Team Member,2025-05-19,2025-05-30,1,8.1,8.9,8.0
E00436,P00584,Project Team Member,2024-04-05,2024-04-27,1,7.0,7.7,7.5
E00436,P00588,Project Team Member,2026-03-25,2026-04-06,1,5.5,5.0,6.8
E00436,P00592,Project Team Member,2024-09-23,2024-10-14,1,5.5,5.0,6.8
E00436,P00631,Project Team Member,2024-03-30,2024-04-10,1,7.4,8.6,7.7
E00437,P00300,Contributor,2023-07-03,2023-07-15,1,5.9,5.9,7.6
E00437,P00301,Contributor,2023-06-01,2023-09-03,2,6.8,7.2,8.1
E00437,P00512,Contributor,2024-03-16,2024-03-29,1,7.4,8.7,8.4
E00438,P00173,Contributor,2025-10-06,2025-10-19,1,5.5,5.3,6.2
E00438,P00283,Contributor,2026-04-22,2026-05-03,1,8.0,9.3,7.4
E00438,P00364,Contributor,2025-04-27,2025-05-08,1,5.5,5.0,6.2
E00438,P00441,Contributor,2026-03-16,2026-03-30,1,5.5,5.0,6.2
E00438,P00621,Contributor,2024-05-29,2024-06-25,1,7.8,9.1,7.3
E00438,P00753,Contributor,2023-07-27,2023-07-30,1,5.9,7.0,6.4
E00438,P00768,Contributor,2023-11-18,2023-12-01,1,8.0,9.3,7.4
E00438,P00770,Contributor,2024-11-26,2024-11-30,1,6.7,6.9,6.8
E00439,P00006,Specialist,2024-08-21,2024-09-06,1,5.5,5.0,6.0
E00439,P00061,Specialist,2023-04-02,2023-04-09,1,5.5,5.2,6.0
E00439,P00182,Specialist,2024-01-06,2024-02-01,1,5.5,5.0,6.0
E00439,P00235,Specialist,2023-11-15,2023-11-23,1,5.5,5.0,6.0
E00439,P00717,Specialist,2025-11-19,2025-11-27,1,7.0,8.4,6.7
E00439,P00727,Specialist,2024-01-29,2024-03-09,2,8.4,9.3,7.4
E00439,P00891,Specialist,2023-10-31,2023-11-06,1,6.5,7.2,6.4
E00440,P00018,Contributor,2025-01-30,2025-02-02,1,7.6,8.9,7.8
E00440,P00152,Contributor,2026-02-18,2026-02-27,1,7.3,8.7,7.6
E00440,P00283,Contributor,2026-04-22,2026-05-15,1,6.1,7.0,7.0
E00440,P00367,Contributor,2025-03-18,2025-03-24,1,7.5,8.4,7.8
E00440,P00445,Contributor,2024-12-24,2025-01-03,1,7.2,8.3,7.6
E00440,P00643,Contributor,2025-07-09,2025-07-23,1,8.0,8.1,8.0
E00440,P00883,Contributor,2026-02-22,2026-02-27,1,6.8,6.7,7.4
E00441,P00043,Project Team Member,2023-10-26,2023-10-29,1,5.5,5.0,7.0
E00441,P00088,Project Team Member,2025-01-29,2025-02-10,1,8.0,9.3,8.2
E00441,P00125,Project Team Member,2025-06-13,2025-06-20,1,7.3,8.4,7.8
E00441,P00400,Project Team Member,2024-08-07,2024-08-07,1,6.4,7.0,7.4
E00442,P00128,Project Team Member,2024-05-27,2024-06-04,1,9.7,9.7,8.8
E00442,P00207,Project Team Member,2024-10-21,2024-10-23,1,5.5,5.0,6.8
E00442,P00239,Project Team Member,2025-02-09,2025-02-18,1,5.5,5.3,6.8
E00442,P00317,Project Team Member,2024-05-23,2024-05-29,1,6.3,7.2,7.2
E00442,P00479,Project Team Member,2025-08-09,2025-08-12,1,6.4,7.3,7.2
E00442,P00590,Project Team Member,2026-03-23,2026-04-21,1,5.5,5.0,6.8
E00442,P00735,Project Team Member,2024-03-25,2024-04-07,1,8.0,8.6,8.0
E00442,P00764,Project Team Member,2024-06-15,2024-06-17,1,6.3,7.3,7.2
E00442,P00896,Project Team Member,2024-03-03,2024-03-18,1,8.5,9.1,8.2
E00443,P00004,Project Team Member,2024-11-15,2024-12-05,1,6.9,8.2,6.6
E00443,P00107,Project Team Member,2026-04-16,2026-04-29,1,6.6,7.1,6.4
E00443,P00550,Project Team Member,2023-07-27,2023-08-26,1,6.2,7.2,6.2
E00444,P00323,Contributor,2025-09-08,2025-09-12,1,6.1,5.1,7.0
E00444,P00568,Contributor,2024-09-24,2024-10-07,1,7.2,6.5,7.6
E00444,P00736,Contributor,2025-09-18,2025-10-04,1,7.1,8.1,7.6
E00445,P00108,Contributor,2025-05-21,2025-05-29,1,5.5,5.0,6.2
E00445,P00653,Contributor,2026-03-19,2026-03-29,1,8.0,9.3,7.4
E00445,P00777,Contributor,2025-01-31,2025-02-12,1,6.8,7.9,6.8
E00446,P00012,Project Team Member,2025-10-09,2025-11-08,1,5.6,5.9,7.1
E00446,P00019,Project Team Member,2026-04-13,2026-05-05,2,7.3,7.6,8.0
E00446,P00278,Project Team Member,2024-04-26,2024-05-21,1,5.5,5.0,7.0
E00446,P00584,Project Team Member,2024-08-29,2024-09-20,1,5.9,6.0,7.2
E00447,P00027,Project Team Member,2026-01-24,2026-02-06,1,7.0,6.6,7.7
E00447,P00046,Project Team Member,2025-02-17,2025-02-24,1,6.4,6.8,7.4
E00447,P00061,Project Team Member,2023-04-02,2023-04-07,1,6.1,6.6,7.2
E00447,P00076,Project Team Member,2026-01-04,2026-02-02,1,8.1,7.9,8.2
E00447,P00085,Project Team Member,2023-09-18,2023-09-28,1,6.5,6.8,7.4
E00447,P00202,Project Team Member,2024-04-07,2024-04-26,1,5.5,5.0,7.0
E00447,P00247,Project Team Member,2025-12-14,2025-12-28,1,5.5,5.0,7.0
E00447,P00346,Project Team Member,2026-01-19,2026-01-22,1,6.3,6.3,7.4
E00447,P00428,Project Team Member,2025-04-02,2025-04-04,1,5.8,6.6,7.1
E00447,P00448,Project Team Member,2024-08-08,2024-08-23,1,6.9,8.2,7.6
E00447,P00521,Project Team Member,2023-07-19,2023-10-13,2,7.3,8.0,7.8
E00447,P00570,Project Team Member,2025-08-31,2025-12-21,2,6.4,5.7,7.4
E00447,P00584,Project Team Member,2024-04-20,2024-05-01,1,7.2,8.2,7.8
E00447,P00623,Project Team Member,2024-01-03,2024-01-11,1,5.5,5.9,7.0
E00447,P00646,Project Team Member,2024-06-14,2024-06-24,1,6.2,5.7,7.3
E00447,P00765,Project Team Member,2024-10-17,2024-10-31,1,6.0,6.2,7.2
E00447,P00778,Project Team Member,2024-07-13,2024-07-21,1,7.2,8.4,7.8
E00447,P00797,Project Team Member,2023-12-17,2024-01-13,1,8.8,9.7,8.6
E00447,P00831,Project Team Member,2025-12-27,2025-12-30,1,6.6,8.0,7.5
E00447,P00883,Project Team Member,2026-01-14,2026-01-28,1,9.7,9.7,9.0
E00448,P00128,Project Team Member,2024-03-09,2024-03-22,1,7.5,8.7,7.4
E00448,P00152,Project Team Member,2026-02-21,2026-02-23,1,6.8,7.1,7.0
E00448,P00226,Project Team Member,2025-09-08,2025-09-17,1,5.5,5.0,6.4
E00448,P00456,Project Team Member,2025-04-01,2025-04-11,1,7.0,7.7,7.1
E00448,P00460,Project Team Member,2025-05-21,2025-06-04,1,5.5,5.1,6.4
E00448,P00831,Project Team Member,2025-12-15,2025-12-24,1,6.2,7.4,6.7
E00449,P00275,Specialist,2026-02-10,2026-02-20,1,5.5,5.7,6.6
E00449,P00436,Specialist,2024-04-14,2024-04-28,1,7.1,7.9,7.4
E00449,P00444,Specialist,2024-12-05,2024-12-17,1,6.3,6.7,7.0
E00449,P00514,Specialist,2024-11-24,2024-11-29,1,6.2,5.8,6.9
E00449,P00529,Specialist,2023-09-02,2023-09-23,1,6.1,7.0,6.8
E00450,P00108,Contributor,2025-06-27,2025-07-06,1,5.8,5.7,6.4
E00450,P00468,Contributor,2023-07-15,2023-07-17,1,9.6,9.7,8.3
E00450,P00760,Contributor,2023-04-11,2023-04-26,1,5.5,5.9,6.2
E00451,P00015,Project Team Member,2025-09-05,2025-09-09,1,5.5,5.0,6.8
E00451,P00043,Project Team Member,2023-10-10,2023-10-22,1,7.7,7.1,7.8
E00451,P00122,Project Team Member,2025-05-11,2025-05-21,1,6.7,7.5,7.4
E00451,P00847,Project Team Member,2023-05-23,2023-06-03,1,7.8,9.2,7.9
E00452,P00040,Coordinator,2023-09-07,2023-09-11,1,7.7,7.8,8.2
E00452,P00085,Coordinator,2023-10-15,2023-10-27,1,7.4,7.5,8.1
E00452,P00171,Coordinator,2024-09-14,2024-10-08,1,6.8,8.0,7.8
E00452,P00204,Coordinator,2025-08-30,2025-09-04,1,5.5,5.0,7.2
E00452,P00247,Coordinator,2025-11-19,2025-11-27,1,8.8,9.7,8.8
E00452,P00574,Coordinator,2025-05-20,2025-05-23,1,6.6,7.5,7.7
E00452,P00587,Coordinator,2023-12-21,2023-12-30,1,5.5,5.0,7.2
E00452,P00597,Coordinator,2024-05-20,2024-05-28,1,6.0,5.8,7.4
E00452,P00616,Coordinator,2024-11-20,2024-12-10,1,9.0,9.7,8.9
E00452,P00661,Coordinator,2023-08-26,2023-08-29,1,8.0,9.3,8.4
E00452,P00685,Coordinator,2026-02-24,2026-03-23,1,8.0,9.3,8.4
E00452,P00880,Coordinator,2026-01-19,2026-01-25,1,6.5,7.5,7.6
E00453,P00022,Project Team Member,2025-03-19,2025-03-31,1,7.0,7.7,7.1
E00453,P00205,Project Team Member,2024-09-04,2024-09-15,1,7.1,6.6,7.2
E00453,P00207,Project Team Member,2024-09-18,2024-10-01,1,7.6,8.9,7.4
E00453,P00217,Project Team Member,2024-10-17,2024-10-30,1,8.5,9.5,7.8
E00453,P00237,Project Team Member,2025-03-24,2025-04-08,1,5.8,5.9,6.5
E00453,P00325,Project Team Member,2026-04-15,2026-04-18,1,5.5,5.0,6.4
E00453,P00331,Project Team Member,2025-02-01,2025-02-09,1,5.5,5.0,6.4
E00453,P00356,Project Team Member,2026-01-05,2026-01-29,1,7.4,8.4,7.3
E00453,P00498,Project Team Member,2025-10-11,2025-10-26,1,7.1,8.1,7.2
E00453,P00590,Project Team Member,2026-03-07,2026-03-14,1,6.6,7.5,6.9
E00453,P00591,Project Team Member,2023-09-04,2023-10-02,1,6.0,6.3,6.6
E00453,P00592,Project Team Member,2024-10-09,2024-10-22,1,6.7,8.0,7.0
E00453,P00666,Project Team Member,2023-09-28,2023-10-10,1,6.8,8.1,7.0
E00453,P00671,Project Team Member,2023-12-20,2023-12-29,1,6.3,7.0,6.8
E00453,P00682,Project Team Member,2024-06-09,2024-06-21,1,6.1,6.7,6.6
E00453,P00704,Project Team Member,2025-05-03,2025-05-15,1,6.9,7.4,7.0
E00453,P00778,Project Team Member,2024-12-28,2025-01-01,1,5.9,5.2,6.6
E00453,P00790,Project Team Member,2025-09-27,2025-10-04,1,6.2,6.4,6.7
E00454,P00056,Project Team Member,2025-12-08,2025-12-14,1,5.5,5.0,7.0
E00454,P00498,Project Team Member,2025-12-11,2025-12-13,1,5.5,5.0,7.0
E00454,P00676,Project Team Member,2026-03-05,2026-02-18,1,6.4,6.5,7.4
E00454,P00689,Project Team Member,2026-02-17,2026-03-04,1,7.0,8.3,7.7
E00454,P00863,Project Team Member,2025-09-17,2025-09-19,1,6.4,7.7,7.4
E00454,P00896,Project Team Member,2024-07-04,2024-07-08,1,7.4,8.4,7.9
E00455,P00006,Coordinator,2024-09-04,2024-09-06,1,6.9,7.5,7.2
E00455,P00076,Coordinator,2026-01-24,2026-02-03,1,5.5,5.0,6.6
E00455,P00235,Coordinator,2023-11-02,2023-11-16,1,6.0,5.7,6.8
E00455,P00300,Coordinator,2023-04-13,2023-04-17,1,7.2,8.0,7.4
E00455,P00390,Coordinator,2025-04-22,2025-05-04,1,8.0,9.4,7.8
E00455,P00521,Coordinator,2023-07-02,2023-07-06,1,6.5,6.5,7.0
E00455,P00605,Coordinator,2026-03-24,2026-03-29,1,5.5,6.2,6.6
E00455,P00790,Coordinator,2025-07-02,2025-07-07,1,5.5,5.0,6.6
E00455,P00848,Coordinator,2025-07-19,2025-11-28,2,6.8,6.7,7.2
E00456,P00015,Contributor,2026-03-16,2026-03-28,1,6.9,8.2,7.0
E00456,P00051,Contributor,2024-11-18,2024-12-07,2,7.3,7.9,7.2
E00456,P00184,Contributor,2025-04-16,2025-04-18,1,5.5,5.0,6.4
E00456,P00302,Contributor,2024-04-03,2024-04-23,1,7.0,7.5,7.1
E00456,P00400,Contributor,2024-01-18,2024-01-30,1,6.8,6.2,7.0
E00456,P00445,Contributor,2024-11-27,2024-12-05,1,7.9,8.7,7.6
E00456,P00574,Contributor,2024-10-24,2024-10-29,1,5.5,5.0,6.4
E00456,P00577,Contributor,2025-11-14,2025-11-28,1,9.7,9.7,8.4
E00456,P00725,Contributor,2026-04-13,2026-04-19,1,6.0,6.1,6.6
E00456,P00771,Contributor,2024-11-08,2024-11-21,1,7.5,8.7,7.4
E00456,P00848,Contributor,2025-09-08,2025-09-13,1,6.3,6.3,6.8
E00457,P00125,Project Team Member,2025-08-30,2025-09-26,1,5.6,6.3,6.8
E00457,P00235,Project Team Member,2024-09-27,2024-10-04,1,7.7,8.8,7.8
E00457,P00700,Project Team Member,2024-11-07,2024-11-09,1,7.5,6.7,7.8
E00457,P00847,Project Team Member,2023-11-06,2023-11-13,1,8.0,9.3,8.0
E00458,P00030,Project Team Member,2024-05-25,2024-05-25,1,5.5,5.0,6.2
E00458,P00033,Project Team Member,2024-08-01,2024-08-03,1,6.5,7.9,6.8
E00458,P00040,Project Team Member,2023-09-15,2023-09-23,1,6.7,8.0,6.8
E00458,P00060,Project Team Member,2024-11-26,2024-12-01,1,7.5,8.7,7.2
E00458,P00076,Project Team Member,2026-01-14,2026-01-18,1,8.4,8.4,7.7
E00458,P00107,Project Team Member,2026-04-16,2026-04-24,1,5.8,6.1,6.4
E00458,P00166,Project Team Member,2023-12-03,2023-12-11,1,9.3,9.7,8.2
E00458,P00168,Project Team Member,2023-01-25,2023-03-21,2,6.9,7.2,7.0
E00458,P00203,Project Team Member,2024-12-07,2024-12-21,1,7.8,9.2,7.4
E00458,P00334,Project Team Member,2025-08-22,2025-08-26,1,5.9,5.2,6.4
E00458,P00391,Project Team Member,2023-12-05,2024-04-18,2,5.8,5.0,6.4
E00458,P00439,Project Team Member,2024-03-23,2024-03-30,1,8.2,8.8,7.6
E00458,P00460,Project Team Member,2025-10-29,2025-11-06,1,7.2,7.8,7.1
E00458,P00525,Project Team Member,2026-02-28,2026-03-12,1,5.5,5.0,6.2
E00458,P00528,Project Team Member,2024-01-05,2024-01-20,1,5.9,5.6,6.4
E00458,P00754,Project Team Member,2025-08-08,2025-08-14,1,7.0,7.1,7.0
E00458,P00837,Project Team Member,2023-11-26,2023-12-10,1,5.5,5.5,6.2
E00458,P00869,Project Team Member,2025-02-16,2025-02-21,1,5.5,5.0,6.2
E00459,P00145,Project Team Member,2026-04-06,2026-03-14,1,7.1,7.8,7.4
E00459,P00528,Project Team Member,2023-12-04,2023-12-13,1,5.9,5.9,6.8
E00459,P00591,Project Team Member,2023-07-23,2023-08-06,1,8.0,9.3,7.8
E00459,P00605,Project Team Member,2025-03-12,2025-03-23,1,6.3,7.6,7.0
E00460,P00012,Project Team Member,2025-04-23,2025-04-25,1,6.0,5.7,6.5
E00460,P00046,Project Team Member,2025-07-11,2025-07-13,1,6.1,6.0,6.6
E00460,P00332,Project Team Member,2025-08-26,2025-08-31,1,7.9,9.2,7.4
E00460,P00346,Project Team Member,2026-01-23,2026-01-26,1,7.3,6.8,7.2
E00460,P00454,Project Team Member,2024-06-11,2024-06-16,1,7.7,8.4,7.4
E00460,P00555,Project Team Member,2024-06-06,2024-06-14,1,5.6,5.9,6.3
E00460,P00603,Project Team Member,2023-12-18,2024-01-01,1,5.5,5.0,6.2
E00460,P00622,Project Team Member,2024-10-10,2024-10-25,1,5.5,6.0,6.2
E00460,P00674,Project Team Member,2024-04-07,2024-04-18,1,9.0,9.7,8.0
E00460,P00863,Project Team Member,2025-10-01,2025-10-11,2,7.6,8.2,7.3
E00461,P00128,Project Team Member,2024-06-15,2024-06-24,1,5.5,5.0,7.6
E00461,P00235,Project Team Member,2024-09-13,2024-09-17,1,7.2,6.2,8.5
E00461,P00251,Project Team Member,2026-02-09,2026-02-16,1,5.7,5.0,7.8
E00461,P00580,Project Team Member,2025-06-23,2025-07-08,1,6.4,6.5,8.1
E00461,P00808,Project Team Member,2024-02-02,2024-02-05,1,5.5,5.0,7.6
E00461,P00863,Project Team Member,2025-07-23,2025-07-26,1,7.4,8.8,8.6
E00461,P00865,Project Team Member,2023-04-09,2023-05-01,1,5.9,5.2,7.8
E00462,P00054,Project Team Member,2023-05-10,2023-05-19,1,6.4,6.5,7.2
E00462,P00317,Project Team Member,2023-11-18,2023-11-29,1,5.5,5.0,6.8
E00462,P00362,Project Team Member,2023-12-23,2024-01-04,1,7.1,8.3,7.6
E00462,P00441,Project Team Member,2026-03-23,2026-03-29,1,8.0,9.3,8.0
E00462,P00524,Project Team Member,2023-09-23,2023-10-06,1,5.8,6.7,6.9
E00462,P00580,Project Team Member,2025-05-01,2025-05-14,1,7.8,9.2,7.9
E00462,P00584,Project Team Member,2024-07-12,2024-07-19,1,7.6,8.3,7.8
E00462,P00726,Project Team Member,2024-09-20,2024-09-29,1,7.4,8.3,7.7
E00462,P00778,Project Team Member,2024-11-24,2024-11-28,1,9.0,9.7,8.5
E00462,P00797,Project Team Member,2024-03-04,2024-03-09,1,9.2,9.7,8.6
E00462,P00863,Project Team Member,2025-08-21,2025-08-23,1,5.5,5.0,6.8
E00463,P00881,Contributor,2023-08-23,2023-09-01,1,7.0,7.5,7.2
E00464,P00117,Specialist,2026-03-04,2026-03-09,1,5.5,5.0,6.8
E00464,P00301,Specialist,2023-07-29,2023-08-19,1,5.5,5.0,6.8
E00464,P00400,Specialist,2024-01-26,2024-02-09,1,5.5,5.0,6.8
E00464,P00551,Specialist,2023-07-08,2023-07-16,1,8.0,9.3,8.1
E00465,P00054,Contributor,2023-02-09,2023-02-16,1,7.2,8.0,7.5
E00465,P00171,Contributor,2024-03-24,2024-03-26,1,6.7,7.2,7.2
E00465,P00203,Contributor,2024-03-15,2024-03-17,1,6.2,6.7,7.0
E00465,P00237,Contributor,2025-03-18,2025-03-27,1,5.5,5.0,6.6
E00465,P00251,Contributor,2026-02-14,2026-03-13,1,7.7,9.0,7.8
E00465,P00367,Contributor,2025-02-10,2025-02-15,1,6.5,7.7,7.2
E00465,P00646,Contributor,2024-06-10,2024-06-16,1,7.7,8.1,7.8
E00466,P00012,Project Team Member,2025-06-29,2025-07-08,1,6.6,7.0,7.2
E00466,P00030,Project Team Member,2023-12-30,2024-01-02,1,6.5,7.2,7.2
E00466,P00060,Project Team Member,2025-07-01,2025-07-04,1,5.5,5.4,6.6
E00466,P00208,Project Team Member,2025-02-13,2025-02-25,1,7.3,8.6,7.6
E00466,P00302,Project Team Member,2025-02-01,2025-02-03,1,5.5,5.0,6.6
E00466,P00461,Project Team Member,2023-07-11,2023-07-25,1,7.2,7.9,7.5
E00466,P00525,Project Team Member,2026-02-28,2026-03-02,1,5.5,5.3,6.6
E00466,P00528,Project Team Member,2024-05-02,2024-05-13,1,6.4,7.0,7.1
E00466,P00556,Project Team Member,2024-09-22,2024-10-05,1,6.8,7.5,7.3
E00466,P00661,Project Team Member,2023-07-21,2023-08-04,1,7.0,7.9,7.4
E00466,P00666,Project Team Member,2024-01-11,2024-01-16,1,6.8,8.1,7.3
E00466,P00682,Project Team Member,2024-04-16,2024-05-15,1,5.5,5.0,6.6
E00466,P00790,Project Team Member,2025-06-25,2025-06-28,1,5.5,5.0,6.6
E00466,P00795,Project Team Member,2024-02-16,2024-02-18,1,7.8,8.9,7.8
E00467,P00061,Project Team Member,2023-03-19,2023-03-23,1,7.6,8.5,8.1
E00467,P00085,Project Team Member,2023-08-01,2023-08-05,1,7.7,7.3,8.2
E00467,P00182,Project Team Member,2024-01-06,2024-02-01,1,5.5,5.0,7.0
E00467,P00364,Project Team Member,2025-11-11,2025-11-17,1,6.6,7.6,7.6
E00467,P00439,Project Team Member,2024-06-02,2024-06-02,1,8.8,9.1,8.7
E00467,P00574,Project Team Member,2025-04-20,2025-04-28,1,7.2,8.0,7.9
E00467,P00653,Project Team Member,2026-02-20,2026-02-23,1,7.3,8.6,8.0
E00467,P00809,Project Team Member,2025-02-17,2025-02-20,1,7.5,8.8,8.0
E00467,P00880,Project Team Member,2025-12-31,2026-01-15,1,5.5,5.0,7.0
E00468,P00325,Specialist,2026-04-15,2026-04-23,1,6.0,5.8,7.3
E00468,P00612,Specialist,2023-05-22,2023-05-27,1,5.6,5.5,7.1
E00468,P00725,Specialist,2026-04-13,2026-04-27,1,5.8,6.6,7.2
E00468,P00751,Specialist,2024-08-14,2024-08-21,1,5.8,5.5,7.2
E00468,P00790,Specialist,2025-08-04,2025-08-12,1,6.6,6.5,7.6
E00469,P00476,Contributor,2023-12-07,2023-12-20,1,5.5,5.0,6.6
E00470,P00468,Contributor,2023-06-10,2023-06-17,1,7.6,8.3,7.5
E00470,P00849,Contributor,2024-10-03,2024-10-15,1,6.4,6.6,6.9
E00471,P00891,Contributor,2024-03-30,2024-04-11,1,7.6,8.9,7.7
E00472,P00207,Project Team Member,2024-07-22,2024-07-25,1,5.5,5.0,5.8
E00472,P00325,Project Team Member,2026-04-15,2026-04-28,1,7.1,7.8,6.6
E00472,P00362,Project Team Member,2024-03-24,2024-03-28,1,5.5,5.2,5.8
E00472,P00591,Project Team Member,2023-09-02,2023-09-12,1,5.9,6.4,6.0
E00472,P00676,Project Team Member,2026-03-05,2026-02-18,1,5.5,5.0,5.8
E00472,P00768,Project Team Member,2023-12-03,2023-12-15,1,6.8,8.1,6.4
E00472,P00778,Project Team Member,2024-08-11,2024-08-13,1,5.5,5.0,5.8
E00472,P00849,Project Team Member,2024-11-14,2024-11-24,1,6.5,7.3,6.2
E00472,P00878,Project Team Member,2025-12-23,2026-01-19,1,7.6,8.8,6.8
E00472,P00893,Project Team Member,2026-03-15,2026-03-28,1,6.3,6.3,6.2
E00473,P00258,Project Team Member,2024-04-08,2024-04-17,1,7.3,8.3,7.0
E00473,P00268,Project Team Member,2023-12-20,2024-01-04,1,6.2,6.7,6.4
E00473,P00441,Project Team Member,2026-02-26,2026-03-05,1,5.5,5.0,6.0
E00474,P00056,Contributor,2025-11-23,2025-11-28,1,5.7,5.3,7.4
E00474,P00171,Contributor,2024-04-02,2024-04-06,1,5.5,5.0,7.4
E00474,P00339,Contributor,2026-01-27,2026-02-08,1,5.5,5.0,7.4
E00474,P00483,Contributor,2024-11-06,2024-11-10,1,7.3,8.6,8.2
E00474,P00498,Contributor,2025-12-02,2025-12-08,1,5.5,5.6,7.4
E00474,P00591,Contributor,2023-10-25,2023-11-07,1,7.4,8.3,8.3
E00474,P00623,Contributor,2024-01-22,2024-02-05,1,8.0,9.3,8.6
E00474,P00646,Contributor,2024-05-18,2024-05-22,1,7.4,8.1,8.3
E00474,P00754,Contributor,2025-09-04,2025-09-19,1,5.5,5.0,7.4
E00474,P00770,Contributor,2024-10-31,2024-11-15,1,5.5,5.0,7.4
E00474,P00814,Contributor,2024-07-23,2024-08-03,1,8.0,9.3,8.6
E00475,P00028,Contributor,2024-05-11,2024-05-17,1,5.5,5.0,7.4
E00475,P00093,Contributor,2024-09-03,2024-09-15,1,6.7,7.6,8.0
E00475,P00353,Contributor,2024-07-19,2024-08-01,1,6.4,7.4,7.9
E00475,P00483,Contributor,2024-10-15,2024-10-19,1,6.9,8.3,8.2
E00475,P00741,Contributor,2026-02-11,2026-02-21,1,6.2,6.1,7.8
E00475,P00787,Contributor,2026-04-03,2026-04-16,1,6.2,6.2,7.8
E00475,P00880,Contributor,2026-03-03,2026-03-10,1,5.5,5.0,7.4
E00476,P00035,Project Team Member,2025-06-22,2025-06-28,1,7.6,8.4,7.7
E00476,P00051,Project Team Member,2024-07-16,2024-07-18,1,5.7,6.1,6.8
E00476,P00223,Project Team Member,2025-04-22,2025-04-25,1,6.6,7.9,7.2
E00476,P00622,Project Team Member,2024-10-01,2024-10-07,1,6.2,6.2,7.0
E00476,P00661,Project Team Member,2023-09-20,2023-09-21,1,6.1,6.0,7.0
E00477,P00085,Specialist,2023-04-19,2023-05-02,1,5.5,5.0,7.0
E00477,P00332,Specialist,2025-08-12,2025-08-20,1,7.9,8.0,8.2
E00477,P00529,Specialist,2023-04-11,2023-04-17,1,6.3,7.6,7.4
E00477,P00666,Specialist,2023-11-05,2023-11-15,1,7.3,8.5,8.0
E00477,P00717,Specialist,2025-11-02,2025-11-11,1,9.3,9.7,9.0
E00477,P00891,Specialist,2023-09-30,2023-10-15,1,6.4,5.7,7.5
E00478,P00121,Contributor,2024-04-24,2024-05-01,1,6.6,7.7,7.4
E00478,P00145,Contributor,2026-04-06,2026-03-14,1,5.6,6.1,6.9
E00478,P00364,Contributor,2025-07-19,2025-08-03,1,7.8,9.1,8.0
E00478,P00367,Contributor,2025-07-10,2025-07-31,1,8.3,8.2,8.2
E00478,P00568,Contributor,2024-06-24,2024-06-29,1,8.7,9.6,8.4
E00478,P00725,Contributor,2026-04-13,2026-04-28,1,6.0,6.9,7.1
E00478,P00754,Contributor,2025-06-03,2025-06-06,1,6.4,7.5,7.3
E00478,P00813,Contributor,2024-08-04,2024-08-06,1,7.1,8.5,7.6
E00479,P00015,Contributor,2025-10-09,2025-10-15,1,5.5,5.0,7.8
E00479,P00018,Contributor,2025-03-08,2025-03-18,1,5.5,5.0,7.8
E00479,P00068,Contributor,2026-03-12,2026-03-15,1,5.7,5.4,7.8
E00479,P00461,Contributor,2023-05-18,2023-05-28,1,7.6,8.6,8.8
E00479,P00539,Contributor,2024-01-25,2024-01-30,1,5.5,5.0,7.8
E00479,P00588,Contributor,2026-03-24,2026-04-01,1,6.9,8.3,8.4
E00479,P00592,Contributor,2024-12-04,2024-12-06,1,7.4,8.4,8.7
E00479,P00603,Contributor,2024-03-03,2024-03-12,1,8.4,9.7,9.2
E00479,P00646,Contributor,2024-05-05,2024-05-09,1,6.4,6.5,8.2
E00479,P00770,Contributor,2024-09-05,2024-09-08,1,9.6,9.7,9.8
E00479,P00793,Contributor,2025-11-07,2025-11-21,1,7.0,8.3,8.5
E00480,P00054,Coordinator,2023-04-18,2023-04-28,1,7.6,8.9,8.3
E00480,P00106,Coordinator,2025-05-19,2025-05-22,1,7.1,8.4,8.0
E00480,P00125,Coordinator,2025-08-03,2025-08-12,1,7.1,8.2,8.0
E00480,P00268,Coordinator,2024-07-07,2024-07-22,1,5.5,5.0,7.2
E00480,P00299,Coordinator,2025-03-15,2025-03-17,1,7.9,8.9,8.4
E00480,P00332,Coordinator,2025-09-21,2025-09-28,1,6.4,7.6,7.7
E00480,P00443,Coordinator,2023-11-12,2023-11-19,1,6.0,6.9,7.5
E00480,P00444,Coordinator,2024-07-28,2024-08-05,1,6.6,7.0,7.8
E00480,P00576,Coordinator,2025-07-21,2025-07-29,1,5.5,5.0,7.2
E00480,P00605,Coordinator,2026-01-21,2026-02-01,1,6.8,8.2,7.9
E00480,P00661,Coordinator,2023-06-03,2023-06-08,1,7.1,7.8,8.0
E00480,P00666,Coordinator,2023-08-29,2023-09-10,1,5.5,5.0,7.2
E00480,P00674,Coordinator,2024-03-28,2024-04-04,1,5.8,6.7,7.4
E00480,P00726,Coordinator,2024-06-17,2024-06-19,1,8.3,8.1,8.6
E00480,P00727,Coordinator,2024-08-02,2024-08-12,1,6.7,6.9,7.8
E00480,P00754,Coordinator,2025-10-04,2025-10-06,1,5.5,5.0,7.2
E00480,P00814,Coordinator,2024-07-30,2024-08-06,1,5.5,6.1,7.2
E00480,P00831,Coordinator,2025-10-07,2025-10-12,1,8.0,8.8,8.5
E00481,P00055,Specialist,2026-03-12,2026-03-22,1,6.3,6.7,7.0
E00481,P00121,Specialist,2024-03-19,2024-03-26,1,6.8,6.8,7.3
E00481,P00345,Specialist,2023-12-20,2023-12-28,1,5.5,5.0,6.6
E00481,P00521,Specialist,2023-10-12,2023-10-16,1,7.5,8.8,7.6
E00481,P00770,Specialist,2024-09-01,2024-09-15,1,7.2,6.2,7.5
E00481,P00780,Specialist,2026-02-16,2026-02-28,1,5.5,5.0,6.6
E00481,P00869,Specialist,2025-05-10,2025-05-18,1,5.7,5.9,6.8
E00482,P00054,Contributor,2023-07-01,2023-07-12,1,8.8,9.4,8.0
E00482,P00237,Contributor,2025-05-02,2025-05-05,1,5.5,5.0,6.4
E00482,P00364,Contributor,2025-05-23,2025-06-05,1,6.2,7.0,6.7
E00482,P00571,Contributor,2024-05-05,2024-05-09,1,9.5,9.7,8.4
E00483,P00171,Project Team Member,2024-08-12,2024-08-23,1,6.9,7.4,6.8
E00483,P00346,Project Team Member,2026-01-10,2026-01-17,1,6.3,5.3,6.4
E00483,P00550,Project Team Member,2023-10-01,2023-10-11,1,5.5,5.0,6.0
E00483,P00593,Project Team Member,2025-02-24,2025-03-05,1,6.8,8.1,6.7
E00483,P00768,Project Team Member,2023-05-14,2023-05-25,1,6.7,7.8,6.6
E00484,P00205,Project Team Member,2025-07-22,2025-07-25,1,7.0,7.8,7.6
E00484,P00301,Project Team Member,2023-09-11,2023-10-05,1,9.2,9.7,8.7
E00484,P00323,Project Team Member,2025-07-30,2025-08-08,1,5.6,5.9,6.9
E00484,P00336,Project Team Member,2024-12-16,2025-01-07,2,5.9,5.1,7.0
E00484,P00443,Project Team Member,2023-02-19,2023-02-26,1,9.3,9.7,8.8
E00484,P00746,Project Team Member,2025-08-24,2025-08-30,1,7.0,7.6,7.6
E00484,P00754,Project Team Member,2025-09-07,2025-09-17,1,6.4,7.6,7.3
E00484,P00768,Project Team Member,2023-06-06,2023-06-20,1,7.3,8.0,7.8
E00484,P00837,Project Team Member,2023-12-09,2024-01-03,1,5.5,5.0,6.8
E00484,P00859,Project Team Member,2026-04-06,2026-03-13,1,6.8,7.7,7.5
E00484,P00899,Project Team Member,2024-03-20,2024-04-15,1,6.4,7.3,7.3
E00485,P00018,Project Team Member,2025-04-21,2025-04-25,1,7.2,8.3,7.3
E00485,P00336,Project Team Member,2025-01-02,2025-01-10,1,6.5,7.5,7.0
E00485,P00418,Project Team Member,2023-05-22,2023-06-06,1,6.0,5.8,6.7
E00485,P00790,Project Team Member,2025-10-23,2025-10-25,1,7.5,8.5,7.4
E00485,P00859,Project Team Member,2026-04-06,2026-03-13,1,7.1,8.4,7.2
E00486,P00019,Coordinator,2026-04-13,2026-04-22,1,6.0,5.7,6.4
E00486,P00468,Coordinator,2023-12-03,2023-12-16,1,5.5,5.9,6.2
E00486,P00588,Coordinator,2026-03-25,2026-03-29,1,6.3,7.0,6.6
E00486,P00661,Coordinator,2023-09-02,2023-09-16,1,7.5,8.8,7.2
E00486,P00764,Coordinator,2024-03-30,2024-04-02,1,5.5,5.0,6.2
E00486,P00790,Coordinator,2025-10-12,2025-10-15,1,5.5,5.0,6.2
E00487,P00152,Project Team Member,2026-02-24,2026-03-02,1,7.5,7.0,7.4
E00487,P00205,Project Team Member,2025-06-21,2025-06-27,1,6.8,6.6,7.1
E00487,P00364,Project Team Member,2025-03-29,2025-04-06,1,7.9,9.2,7.6
E00487,P00683,Project Team Member,2025-03-23,2025-03-28,1,7.2,8.5,7.3
E00487,P00814,Project Team Member,2024-12-08,2024-12-08,1,9.4,9.7,8.4
E00488,P00054,Project Team Member,2023-04-11,2023-04-21,1,7.1,7.3,7.0
E00488,P00317,Project Team Member,2023-10-20,2023-10-31,1,6.1,6.0,6.6
E00488,P00591,Project Team Member,2023-08-24,2023-08-26,1,5.9,6.1,6.4
E00488,P00646,Project Team Member,2024-07-17,2024-08-07,1,7.8,9.2,7.4
E00488,P00662,Project Team Member,2025-02-04,2025-02-07,1,6.1,5.4,6.6
E00488,P00787,Project Team Member,2026-04-03,2026-04-08,1,9.0,9.7,8.0
E00488,P00841,Project Team Member,2024-02-07,2024-02-26,1,7.4,8.0,7.2
E00489,P00028,Specialist,2024-04-06,2024-04-14,1,5.5,5.0,7.6
E00489,P00332,Specialist,2025-10-09,2025-10-16,1,5.5,6.4,7.6
E00489,P00551,Specialist,2023-07-17,2023-07-30,1,6.7,7.7,8.2
E00489,P00764,Specialist,2024-05-21,2024-06-05,1,7.5,8.8,8.6
E00489,P00891,Specialist,2024-04-03,2024-04-12,1,5.5,5.9,7.6
E00490,P00054,Contributor,2023-03-09,2023-03-19,1,5.5,5.0,7.2
E00490,P00336,Contributor,2025-02-19,2025-02-23,1,6.5,6.6,7.6
E00490,P00531,Contributor,2024-07-22,2024-08-09,1,5.5,5.0,7.2
E00490,P00588,Contributor,2026-03-25,2026-04-05,1,9.0,9.7,8.9
E00490,P00661,Contributor,2023-07-06,2023-07-21,1,8.0,9.3,8.4
E00490,P00881,Contributor,2023-06-13,2023-06-23,1,6.4,6.4,7.6
E00490,P00897,Contributor,2025-03-31,2025-04-13,1,5.8,5.7,7.3
E00491,P00054,Coordinator,2023-04-06,2023-04-10,1,5.5,5.0,6.8
E00491,P00443,Coordinator,2023-08-27,2023-09-01,1,7.2,8.3,7.6
E00491,P00457,Coordinator,2026-02-07,2026-02-12,1,5.5,5.0,6.8
E00491,P00521,Coordinator,2023-11-22,2023-12-06,1,7.7,8.3,7.8
E00491,P00751,Coordinator,2024-04-20,2024-04-30,1,7.8,9.2,7.9
E00492,P00128,Project Team Member,2024-01-06,2024-02-03,1,9.2,9.7,9.3
E00492,P00441,Project Team Member,2026-03-03,2026-03-16,1,7.1,7.7,8.2
E00492,P00444,Project Team Member,2025-01-15,2025-01-20,1,7.4,8.3,8.4
E00492,P00674,Project Team Member,2024-06-04,2024-07-23,2,6.7,6.6,8.0
E00492,P00682,Project Team Member,2023-07-07,2023-07-17,1,6.9,7.5,8.2
E00492,P00881,Project Team Member,2023-12-08,2023-12-10,1,8.4,8.3,8.9
E00492,P00895,Project Team Member,2026-03-19,2026-03-28,1,5.5,5.0,7.4
E00493,P00035,Contributor,2025-11-19,2025-12-04,1,7.2,8.5,7.6
E00493,P00076,Contributor,2026-03-22,2026-03-28,1,5.7,5.5,6.8
E00493,P00278,Contributor,2024-03-13,2024-03-20,1,5.5,5.0,6.8
E00493,P00323,Contributor,2025-11-23,2025-11-26,1,6.8,7.8,7.4
E00493,P00329,Contributor,2024-01-10,2024-01-25,1,5.5,5.0,6.8
E00493,P00376,Contributor,2025-09-29,2025-10-08,1,8.2,9.0,8.1
E00493,P00465,Contributor,2025-02-05,2025-02-09,1,5.6,5.2,6.8
E00493,P00588,Contributor,2026-03-25,2026-04-17,1,8.4,8.9,8.2
E00494,P00027,Project Team Member,2026-02-21,2026-02-24,1,7.6,8.8,7.4
E00494,P00205,Project Team Member,2024-08-28,2024-09-06,1,6.0,6.5,6.6
E00494,P00334,Project Team Member,2025-09-28,2025-10-06,1,8.5,8.7,7.8
E00494,P00443,Project Team Member,2023-09-28,2023-10-12,1,5.5,5.0,6.4
E00494,P00539,Project Team Member,2024-03-20,2024-03-25,1,9.0,9.6,8.1
E00494,P00583,Project Team Member,2026-03-23,2026-04-02,1,7.3,8.7,7.2
E00494,P00605,Project Team Member,2026-02-04,2026-02-09,1,6.1,6.8,6.6
E00494,P00666,Project Team Member,2023-10-14,2023-11-04,1,5.5,5.3,6.4
E00494,P00768,Project Team Member,2023-10-03,2023-10-17,1,8.0,9.3,7.6
E00494,P00778,Project Team Member,2024-08-11,2024-08-18,1,7.7,7.1,7.4
E00495,P00018,Project Team Member,2025-03-27,2025-04-08,1,7.8,8.9,8.6
E00495,P00230,Project Team Member,2025-06-14,2025-06-28,1,9.2,9.7,9.3
E00495,P00468,Project Team Member,2023-04-26,2023-10-20,2,6.4,6.0,7.9
E00495,P00701,Project Team Member,2024-06-09,2024-06-29,1,7.2,7.9,8.3
E00495,P00823,Project Team Member,2025-02-19,2025-03-04,1,6.8,7.6,8.1
E00495,P00880,Project Team Member,2025-12-29,2026-01-02,1,6.0,6.4,7.7
E00496,P00058,Contributor,2025-10-07,2025-11-03,1,7.0,8.1,7.7
E00496,P00203,Contributor,2024-10-25,2024-10-29,1,5.5,5.0,7.0
E00496,P00247,Contributor,2025-09-30,2025-10-16,1,5.5,5.0,7.0
E00496,P00498,Contributor,2026-02-20,2026-02-24,1,5.5,5.0,7.0
E00496,P00591,Contributor,2023-07-09,2023-07-11,1,5.5,5.0,7.0
E00496,P00770,Contributor,2024-08-03,2024-08-17,1,6.6,6.8,7.5
E00497,P00030,Project Team Member,2023-11-05,2023-11-14,1,6.6,7.9,6.8
E00497,P00125,Project Team Member,2025-05-25,2025-05-29,1,9.2,9.7,8.1
E00497,P00277,Project Team Member,2025-09-10,2025-10-28,2,7.1,7.4,7.0
E00497,P00387,Project Team Member,2024-05-30,2024-06-02,1,7.1,8.4,7.0
E00497,P00529,Project Team Member,2023-04-25,2023-05-04,1,9.6,9.7,8.3
E00497,P00576,Project Team Member,2025-08-12,2025-08-12,1,6.0,5.8,6.5
E00497,P00590,Project Team Member,2026-01-23,2026-02-02,1,7.1,8.5,7.0
E00497,P00643,Project Team Member,2025-08-13,2025-09-01,1,5.9,6.2,6.4
E00498,P00204,Project Team Member,2025-03-27,2025-03-31,1,7.6,8.7,7.7
E00499,P00465,Project Team Member,2025-01-26,2025-02-09,1,6.3,7.3,6.8
E00499,P00531,Project Team Member,2024-05-10,2024-05-16,1,5.5,5.0,6.4
E00499,P00572,Project Team Member,2023-09-24,2023-10-05,1,6.7,7.6,7.0
E00499,P00605,Project Team Member,2025-12-26,2025-12-30,1,7.4,8.7,7.3
E00499,P00622,Project Team Member,2024-09-27,2024-10-26,1,6.2,6.2,6.7
E00499,P00673,Project Team Member,2024-02-22,2024-03-09,1,6.6,7.6,6.9
E00499,P00787,Project Team Member,2026-04-03,2026-04-07,1,8.0,9.3,7.6
E00501,P00061,Contributor,2023-03-04,2023-03-16,1,9.0,9.7,8.9
E00501,P00364,Contributor,2025-09-08,2025-09-11,1,6.2,7.0,7.5
E00501,P00428,Contributor,2025-02-09,2025-02-11,1,5.8,5.3,7.3
E00501,P00588,Contributor,2026-03-25,2026-03-28,1,5.9,5.2,7.4
E00501,P00592,Contributor,2025-02-12,2025-02-16,1,5.5,5.0,7.2
E00501,P00888,Contributor,2026-03-24,2026-04-01,1,8.9,9.5,8.9
E00501,P00891,Contributor,2024-03-04,2024-03-15,1,6.3,5.9,7.6
E00503,P00006,Project Team Member,2024-08-09,2024-08-13,1,5.5,5.2,6.2
E00503,P00329,Project Team Member,2024-01-15,2024-01-29,1,7.2,6.2,7.0
E00503,P00505,Project Team Member,2024-06-24,2024-06-29,1,6.9,8.2,6.8
E00503,P00673,Project Team Member,2023-11-17,2023-12-02,1,6.5,5.5,6.6
E00503,P00724,Project Team Member,2025-09-14,2025-10-06,1,5.5,5.0,6.2
E00503,P00754,Project Team Member,2025-12-19,2025-12-22,1,6.2,6.1,6.5
E00503,P00881,Project Team Member,2023-09-17,2023-10-06,1,5.8,6.7,6.3
E00504,P00701,Project Team Member,2024-06-21,2024-07-06,1,7.0,7.8,7.8
E00505,P00018,Project Team Member,2025-02-02,2025-04-08,2,8.7,8.5,8.0
E00505,P00465,Project Team Member,2025-06-30,2025-07-21,2,6.7,6.1,7.0
E00506,P00093,Coordinator,2024-12-31,2025-01-25,1,7.4,7.7,7.5
E00506,P00106,Coordinator,2025-11-23,2025-12-02,1,7.3,8.1,7.4
E00506,P00390,Coordinator,2025-04-25,2025-05-12,1,7.5,8.8,7.6
E00506,P00726,Coordinator,2024-11-06,2024-11-14,1,5.8,5.0,6.7
E00506,P00740,Coordinator,2026-03-01,2026-03-09,1,5.9,6.9,6.8
E00506,P00790,Coordinator,2025-06-23,2025-07-07,1,5.5,5.0,6.6
E00507,P00054,Contributor,2023-01-27,2023-02-10,1,7.2,7.9,7.3
E00507,P00302,Contributor,2025-01-04,2025-01-16,1,7.3,8.6,7.4
E00507,P00646,Contributor,2024-07-28,2024-08-03,1,6.4,6.9,6.9
E00507,P00726,Contributor,2024-10-12,2024-10-25,1,7.7,9.0,7.6
E00507,P00878,Contributor,2026-02-20,2026-03-01,1,7.9,8.1,7.6
E00508,P00390,Coordinator,2025-04-18,2025-05-02,1,6.1,6.6,6.6
E00508,P00597,Coordinator,2024-06-29,2024-07-14,1,7.2,6.3,7.2
E00508,P00685,Coordinator,2026-02-24,2026-03-04,1,8.0,9.3,7.6
E00508,P00880,Coordinator,2025-12-17,2025-12-19,1,7.5,8.4,7.4
E00509,P00859,Project Team Member,2026-04-06,2026-03-13,1,8.0,9.3,8.0
E00510,P00605,Project Team Member,2025-07-24,2025-07-26,1,8.3,9.5,7.8
E00510,P00751,Project Team Member,2024-11-01,2025-01-11,2,8.2,8.8,7.7
E00510,P00795,Project Team Member,2023-08-23,2023-08-28,1,6.6,6.5,6.9
E00511,P00058,Project Team Member,2025-04-24,2025-05-02,1,6.9,8.2,7.6
E00511,P00787,Project Team Member,2026-04-03,2026-04-06,1,5.6,5.4,6.9
E00511,P00897,Project Team Member,2024-12-10,2024-12-15,1,5.7,5.9,7.0
E00512,P00325,Contributor,2026-04-15,2026-04-23,1,6.5,7.0,7.2
E00513,P00055,Project Team Member,2026-02-16,2026-03-07,2,8.9,9.6,8.4
E00513,P00391,Project Team Member,2023-12-12,2023-12-19,1,8.5,8.6,8.2
E00513,P00809,Project Team Member,2025-07-09,2025-07-23,1,8.0,9.3,7.9
E00513,P00877,Project Team Member,2024-03-20,2024-03-28,1,7.6,8.9,7.7
E00514,P00171,Coordinator,2024-10-05,2024-10-07,1,6.7,7.4,7.0
E00514,P00533,Coordinator,2025-07-11,2025-11-16,2,6.6,5.9,6.9
E00515,P00053,Contributor,2025-01-16,2025-01-29,1,5.5,5.0,6.4
E00515,P00065,Contributor,2024-09-17,2024-09-28,1,6.4,5.4,6.9
E00516,P00207,Project Team Member,2024-06-25,2024-06-29,1,9.5,9.7,9.0
E00516,P00258,Project Team Member,2024-09-24,2024-09-27,1,7.4,7.3,8.0
E00516,P00302,Project Team Member,2024-10-04,2024-10-21,1,5.5,5.0,7.0
E00516,P00362,Project Team Member,2023-11-18,2023-11-21,1,7.5,8.8,8.0
E00516,P00436,Project Team Member,2024-05-18,2024-05-27,1,8.0,8.7,8.3
E00516,P00529,Project Team Member,2023-11-01,2023-11-12,1,5.7,5.8,7.2
E00516,P00572,Project Team Member,2023-11-15,2023-11-27,1,8.8,9.0,8.7
E00516,P00682,Project Team Member,2024-05-11,2024-05-16,1,9.5,9.7,9.0
E00516,P00746,Project Team Member,2026-03-07,2026-03-12,1,5.9,5.2,7.2
E00516,P00896,Project Team Member,2023-10-15,2023-10-17,1,6.7,7.0,7.6
E00517,P00512,Coordinator,2024-09-03,2024-09-06,1,5.9,6.3,7.2
E00518,P00235,Project Team Member,2024-10-28,2024-10-31,1,6.7,6.9,7.0
E00518,P00330,Project Team Member,2025-02-15,2025-02-21,1,7.0,8.0,7.1
E00518,P00484,Project Team Member,2024-03-07,2024-03-09,1,5.5,5.0,6.4
E00518,P00622,Project Team Member,2024-09-01,2024-09-15,1,6.3,7.0,6.8
E00518,P00673,Project Team Member,2024-03-29,2024-04-11,1,6.8,7.8,7.0
E00519,P00006,Project Team Member,2024-09-02,2024-09-04,1,9.2,9.7,8.6
E00519,P00025,Project Team Member,2025-02-25,2025-03-03,1,5.5,5.0,6.8
E00519,P00314,Project Team Member,2025-07-30,2025-08-11,1,8.3,8.5,8.2
E00519,P00555,Project Team Member,2024-03-30,2024-04-05,1,6.9,7.8,7.4
E00519,P00643,Project Team Member,2025-09-14,2025-09-18,1,6.5,6.1,7.2
E00519,P00691,Project Team Member,2024-02-24,2024-03-09,1,8.0,9.3,8.0
E00520,P00207,Project Team Member,2024-10-22,2024-10-23,1,6.2,6.8,7.4
E00520,P00301,Project Team Member,2023-08-29,2023-09-03,1,7.6,7.5,8.1
E00520,P00329,Project Team Member,2023-06-30,2023-10-05,2,6.8,6.6,7.7
E00520,P00387,Project Team Member,2024-06-14,2024-06-24,1,5.8,6.1,7.2
E00520,P00456,Project Team Member,2025-01-20,2025-01-26,1,5.5,5.0,7.0
E00520,P00460,Project Team Member,2025-09-07,2025-09-09,1,5.5,5.0,7.0
E00520,P00514,Project Team Member,2024-10-22,2024-11-18,1,5.9,5.2,7.2
E00520,P00623,Project Team Member,2024-03-13,2024-03-17,1,6.8,8.2,7.7
E00520,P00673,Project Team Member,2024-02-01,2024-02-03,1,7.3,6.6,8.0
E00520,P00682,Project Team Member,2024-07-31,2024-08-07,1,8.1,9.1,8.4
E00520,P00841,Project Team Member,2023-10-28,2023-11-07,1,6.5,7.9,7.6
E00520,P00877,Project Team Member,2024-05-17,2024-05-22,1,8.3,8.9,8.4
E00521,P00301,Project Team Member,2023-05-09,2023-05-16,1,5.7,5.7,6.1
E00521,P00317,Project Team Member,2023-12-26,2024-01-05,1,8.4,9.1,7.4
E00521,P00400,Project Team Member,2024-04-16,2024-04-20,1,6.0,6.0,6.2
E00521,P00555,Project Team Member,2024-04-22,2024-05-02,1,5.5,5.0,6.0
E00521,P00823,Project Team Member,2024-12-07,2024-12-20,1,5.5,5.0,6.0
E00521,P00877,Project Team Member,2023-12-16,2023-12-19,1,5.5,5.0,6.0
E00522,P00040,Project Team Member,2023-09-04,2023-09-10,1,5.9,6.0,7.2
E00522,P00283,Project Team Member,2026-04-22,2026-04-27,1,7.3,8.6,7.8
E00522,P00397,Project Team Member,2023-06-09,2023-06-15,1,5.5,5.0,7.0
E00522,P00457,Project Team Member,2025-05-23,2025-06-01,1,7.5,8.6,8.0
E00522,P00597,Project Team Member,2023-11-30,2023-12-02,1,5.9,5.5,7.2
E00523,P00076,Project Team Member,2026-01-09,2026-01-20,1,5.5,5.0,6.4
E00523,P00109,Project Team Member,2023-07-06,2023-07-21,1,6.0,5.0,6.7
E00523,P00204,Project Team Member,2025-02-14,2025-10-04,2,5.8,5.4,6.6
E00523,P00457,Project Team Member,2025-09-24,2025-09-30,1,5.5,5.0,6.4
E00523,P00483,Project Team Member,2024-11-21,2024-12-23,2,7.2,7.8,7.3
E00523,P00530,Project Team Member,2026-02-03,2026-02-05,1,6.6,7.4,7.0
E00523,P00531,Project Team Member,2025-03-24,2025-03-26,1,6.4,7.3,6.9
E00523,P00891,Project Team Member,2023-08-17,2023-08-19,1,8.2,8.0,7.8
E00524,P00035,Project Team Member,2025-08-04,2025-08-10,1,7.4,8.4,8.0
E00524,P00277,Project Team Member,2026-01-12,2026-01-16,1,7.1,8.5,7.8
E00524,P00550,Project Team Member,2024-08-17,2024-08-19,1,6.8,7.7,7.7
E00525,P00061,Contributor,2023-03-20,2023-03-28,1,5.5,5.0,6.4
E00525,P00109,Contributor,2023-07-10,2023-07-14,1,9.7,9.7,8.6
E00525,P00572,Contributor,2024-01-03,2024-01-12,1,7.6,8.2,7.5
E00525,P00897,Contributor,2025-03-05,2025-03-12,1,5.5,5.0,6.4
E00526,P00040,Coordinator,2023-09-22,2023-09-27,1,5.5,5.0,6.0
E00526,P00247,Coordinator,2025-06-05,2025-06-14,1,5.6,5.6,6.0
E00526,P00521,Coordinator,2023-11-30,2023-12-13,1,6.6,7.0,6.5
E00526,P00530,Coordinator,2025-07-31,2025-08-03,1,7.0,7.6,6.7
E00526,P00783,Coordinator,2023-10-30,2023-11-23,1,8.4,9.7,7.4
E00527,P00030,Project Team Member,2023-09-16,2023-09-20,1,5.5,5.0,6.0
E00527,P00061,Project Team Member,2023-06-15,2023-06-20,1,9.4,9.7,8.0
E00527,P00787,Project Team Member,2026-04-03,2026-04-09,1,5.5,5.6,6.0
E00527,P00897,Project Team Member,2024-11-14,2024-11-22,1,6.1,6.1,6.4
E00528,P00428,Project Team Member,2025-08-27,2025-09-07,1,6.5,6.8,7.2
E00529,P00505,Project Team Member,2024-04-25,2024-05-07,1,5.5,5.0,6.8
E00530,P00325,Contributor,2026-04-15,2026-04-17,1,6.6,7.4,6.9
E00530,P00878,Contributor,2026-01-04,2026-01-07,1,6.6,6.9,6.9
E00530,P00891,Contributor,2024-02-13,2024-02-27,1,7.2,8.5,7.2
E00531,P00397,Project Team Member,2023-06-25,2023-06-29,1,5.5,5.0,7.0
E00531,P00525,Project Team Member,2026-01-17,2026-01-25,1,5.5,5.0,7.0
E00531,P00529,Project Team Member,2023-02-15,2023-02-22,1,6.5,6.9,7.6
E00531,P00530,Project Team Member,2025-12-16,2025-12-21,1,6.7,7.9,7.6
E00531,P00715,Project Team Member,2026-01-31,2026-02-02,1,8.7,8.9,8.6
E00531,P00878,Project Team Member,2026-02-20,2026-02-22,1,6.7,8.0,7.6
E00532,P00754,Specialist,2025-09-16,2025-09-26,1,9.0,9.7,7.8
E00533,P00053,Coordinator,2024-12-21,2025-01-03,1,7.8,9.0,7.9
E00533,P00217,Coordinator,2024-10-24,2024-11-02,1,5.5,5.0,6.8
E00533,P00533,Coordinator,2025-10-23,2025-10-28,1,9.7,9.7,8.8
E00533,P00848,Coordinator,2026-03-12,2026-04-05,1,6.7,7.4,7.4
E00533,P00896,Coordinator,2024-03-30,2024-04-13,1,6.9,7.7,7.4
E00534,P00223,Project Team Member,2025-01-19,2025-01-23,1,8.0,9.3,7.5
E00534,P00593,Project Team Member,2025-01-08,2025-01-21,1,7.6,8.7,7.3
E00534,P00605,Project Team Member,2025-05-18,2025-05-31,1,7.1,8.5,7.0
E00534,P00790,Project Team Member,2025-08-16,2025-08-25,1,7.2,6.2,7.1
E00535,P00235,Specialist,2023-12-27,2024-01-23,1,5.5,5.0,6.4
E00535,P00270,Specialist,2024-05-05,2024-05-13,1,6.3,7.4,6.8
E00536,P00334,Project Team Member,2024-12-27,2024-12-29,1,6.6,7.0,7.3
E00536,P00881,Project Team Member,2023-07-16,2023-07-24,1,7.5,8.8,7.8
E00536,P00893,Project Team Member,2025-12-21,2025-12-31,1,8.0,7.8,8.0
E00537,P00330,Project Team Member,2025-01-27,2025-02-03,1,5.8,6.0,6.5
E00537,P00336,Project Team Member,2025-02-21,2025-03-12,1,7.3,8.6,7.2
E00537,P00444,Project Team Member,2024-09-02,2024-09-14,1,7.4,8.7,7.3
E00537,P00468,Project Team Member,2023-08-21,2024-01-28,2,6.8,7.0,7.0
E00537,P00735,Project Team Member,2023-11-15,2023-12-11,1,5.7,5.8,6.4
E00538,P00332,Project Team Member,2025-09-11,2025-09-26,1,8.0,9.3,7.8
E00538,P00863,Project Team Member,2025-08-26,2025-09-04,1,7.6,8.8,7.6
E00539,P00025,Project Team Member,2024-10-31,2024-11-12,1,6.8,7.7,7.9
E00539,P00166,Project Team Member,2023-12-27,2024-01-08,1,5.5,5.0,7.2
E00539,P00202,Project Team Member,2024-04-16,2024-05-01,1,8.0,9.3,8.5
E00539,P00258,Project Team Member,2024-06-13,2024-06-19,1,5.5,5.0,7.2
E00539,P00342,Project Team Member,2026-03-15,2026-03-21,1,5.6,5.8,7.3
E00539,P00366,Project Team Member,2024-01-20,2024-01-25,1,5.6,5.4,7.3
E00539,P00530,Project Team Member,2026-01-20,2026-02-03,1,8.0,9.4,8.5
E00539,P00896,Project Team Member,2024-03-22,2024-04-11,1,6.3,7.0,7.6
E00540,P00653,Contributor,2026-02-28,2026-03-20,1,5.5,5.0,6.4
E00541,P00551,Project Team Member,2023-09-23,2024-01-05,2,6.9,7.4,7.8
E00542,P00085,Project Team Member,2023-07-29,2023-08-26,1,7.4,8.7,7.2
E00542,P00366,Project Team Member,2023-09-23,2023-10-07,1,5.5,5.0,6.2
E00542,P00764,Project Team Member,2024-04-05,2024-04-20,1,7.4,8.6,7.2
E00543,P00899,Contributor,2024-05-02,2024-05-14,1,5.5,5.0,7.0
E00544,P00055,Project Team Member,2026-03-13,2026-03-16,1,5.5,5.0,7.4
E00544,P00483,Project Team Member,2025-01-14,2025-01-16,1,6.8,5.8,8.0
E00545,P00060,Project Team Member,2024-12-31,2025-01-04,1,8.6,9.6,7.2
E00545,P00301,Project Team Member,2023-06-27,2023-07-10,1,5.5,5.0,5.6
E00545,P00413,Project Team Member,2024-03-15,2024-04-09,1,7.4,7.8,6.6
E00545,P00484,Project Team Member,2024-04-03,2024-04-06,1,5.5,5.0,5.6
E00545,P00551,Project Team Member,2023-09-25,2023-10-03,1,6.6,7.9,6.2
E00545,P00682,Project Team Member,2024-05-05,2024-05-07,1,8.0,7.9,6.9
E00546,P00673,Project Team Member,2023-11-09,2023-11-19,1,8.5,8.9,7.8
E00547,P00484,Contributor,2024-12-30,2025-01-05,1,5.5,5.0,7.0
E00547,P00881,Contributor,2023-06-28,2023-07-18,1,5.8,6.6,7.2
E00548,P00345,Coordinator,2023-10-16,2023-11-06,1,5.6,6.0,6.7
E00548,P00391,Coordinator,2024-03-29,2024-04-12,1,5.5,5.0,6.6
E00549,P00147,Project Team Member,2024-05-31,2024-06-08,1,5.8,5.0,7.1
E00549,P00469,Project Team Member,2023-11-25,2023-12-22,1,6.8,6.3,7.6
E00549,P00551,Project Team Member,2023-12-13,2023-12-25,1,6.3,5.8,7.4
E00549,P00848,Project Team Member,2025-11-29,2025-12-10,1,5.5,5.0,7.0
E00550,P00068,Project Team Member,2026-03-15,2026-03-22,1,5.5,5.0,6.4
E00550,P00184,Project Team Member,2024-08-10,2024-08-15,1,6.8,7.3,7.1
E00550,P00531,Project Team Member,2025-03-05,2025-03-21,1,5.5,5.0,6.4
E00550,P00780,Project Team Member,2026-01-09,2026-01-16,1,5.5,5.0,6.4
E00551,P00391,Project Team Member,2024-01-07,2024-01-19,1,5.5,5.0,6.8
E00551,P00457,Project Team Member,2026-01-26,2026-02-05,1,5.5,5.0,6.8
E00552,P00550,Project Team Member,2023-09-21,2023-09-27,1,6.2,7.6,7.0
E00552,P00841,Project Team Member,2023-08-05,2023-08-17,1,6.8,6.5,7.3
E00552,P00897,Project Team Member,2025-09-14,2025-09-29,1,7.4,8.3,7.6
E00553,P00376,Project Team Member,2026-02-14,2026-02-22,1,5.5,5.0,7.2
E00553,P00764,Project Team Member,2024-06-20,2024-06-25,1,6.1,5.8,7.6
E00554,P00390,Coordinator,2025-05-23,2025-05-31,1,7.6,8.6,7.9
E00555,P00001,Project Team Member,2025-02-11,2025-02-22,1,9.1,9.7,8.8
E00555,P00258,Project Team Member,2024-03-12,2024-03-17,1,9.5,9.7,9.0
E00555,P00422,Project Team Member,2025-05-01,2025-05-15,1,6.0,6.6,7.2
E00555,P00460,Project Team Member,2025-06-07,2025-07-10,2,6.9,6.8,7.6
E00555,P00735,Project Team Member,2024-03-08,2024-03-22,1,5.9,5.6,7.2
E00555,P00841,Project Team Member,2023-06-11,2023-06-13,1,6.1,7.4,7.2
E00556,P00314,Project Team Member,2025-06-23,2025-07-04,1,5.5,5.0,6.6
E00556,P00413,Project Team Member,2023-12-03,2023-12-12,1,5.5,5.0,6.6
E00556,P00525,Project Team Member,2026-03-09,2026-03-12,1,5.5,5.0,6.6
E00556,P00841,Project Team Member,2024-03-13,2024-03-17,1,7.2,8.5,7.4
E00557,P00065,Project Team Member,2024-12-27,2025-01-06,1,8.3,8.2,8.0
E00557,P00848,Project Team Member,2025-09-30,2025-10-28,1,7.6,8.8,7.6
E00560,P00400,Project Team Member,2024-02-29,2024-03-21,1,7.3,6.9,7.4
E00561,P00258,Coordinator,2024-07-23,2024-08-02,1,6.5,6.2,7.4
E00561,P00345,Coordinator,2024-02-03,2024-02-05,1,8.0,9.3,8.1
E00561,P00428,Coordinator,2025-05-17,2025-05-27,1,7.5,8.7,7.8
E00561,P00469,Coordinator,2024-03-12,2024-04-08,1,7.2,6.2,7.7
E00561,P00533,Coordinator,2025-08-22,2025-08-30,1,6.0,6.6,7.1
E00561,P00754,Coordinator,2026-03-18,2026-03-26,1,5.5,5.0,6.8
E00563,P00277,Project Team Member,2026-01-11,2026-01-15,1,6.6,7.0,7.7
E00564,P00106,Coordinator,2025-12-21,2025-12-31,1,7.8,9.2,7.8
E00565,P00082,Project Team Member,2023-10-31,2023-11-15,1,8.4,9.7,8.7
E00565,P00525,Project Team Member,2026-01-12,2026-02-25,2,6.2,6.0,7.6
E00565,P00531,Project Team Member,2024-09-19,2024-09-30,1,8.9,9.2,9.0
E00565,P00593,Project Team Member,2024-12-17,2025-01-16,1,5.5,5.0,7.2
E00565,P00662,Project Team Member,2025-04-14,2025-04-28,1,7.4,8.4,8.2
E00566,P00422,Project Team Member,2025-06-29,2025-07-01,1,5.5,5.0,6.6
E00566,P00465,Project Team Member,2024-12-15,2024-12-29,1,6.5,7.4,7.0
E00567,P00662,Project Team Member,2025-09-05,2025-09-14,1,5.7,5.9,6.0
E00568,P00397,Project Team Member,2023-11-23,2023-11-27,1,7.0,7.9,7.0
E00569,P00550,Specialist,2023-10-07,2023-10-16,1,8.2,8.4,7.3
E00569,P00625,Specialist,2025-07-18,2025-07-28,1,7.2,6.2,6.8
E00569,P00751,Specialist,2025-03-27,2025-04-01,1,9.7,9.7,8.0
E00569,P00841,Specialist,2023-04-23,2023-05-05,1,6.4,6.4,6.4
E00571,P00065,Project Team Member,2025-03-21,2025-04-01,1,9.7,9.7,8.8
E00571,P00223,Project Team Member,2025-01-12,2025-01-26,1,7.1,7.7,7.6
E00571,P00257,Project Team Member,2023-09-01,2023-09-11,1,7.2,8.0,7.6
E00571,P00469,Project Team Member,2023-11-20,2023-11-28,1,5.5,5.0,6.8
E00571,P00524,Project Team Member,2023-10-29,2023-12-05,2,6.9,6.6,7.4
E00571,P00685,Project Team Member,2026-03-17,2026-03-30,1,6.8,7.6,7.4
E00571,P00765,Project Team Member,2025-01-22,2025-02-04,1,5.6,5.3,6.8
E00571,P00848,Project Team Member,2025-06-09,2025-06-18,1,5.9,5.2,7.0
E00571,P00863,Project Team Member,2025-08-20,2025-08-23,1,6.9,8.1,7.4
E00574,P00035,Project Team Member,2025-09-21,2025-10-14,1,6.5,6.7,7.2
E00574,P00505,Project Team Member,2024-05-16,2024-06-30,2,6.8,7.2,7.3
E00574,P00715,Project Team Member,2025-10-02,2025-10-10,1,6.3,6.5,7.0
E00575,P00053,Contributor,2024-12-23,2025-01-01,1,6.4,7.8,7.6
E00575,P00533,Contributor,2025-12-31,2026-01-07,1,6.9,7.0,7.8
E00578,P00053,Project Team Member,2024-09-28,2024-10-05,1,8.0,9.3,8.3
E00578,P00202,Project Team Member,2024-06-05,2024-07-04,1,6.4,7.4,7.5
E00578,P00258,Project Team Member,2024-04-02,2024-04-13,1,5.5,5.0,7.0
E00578,P00422,Project Team Member,2025-02-01,2025-02-14,1,8.3,8.1,8.4
E00578,P00574,Project Team Member,2025-05-04,2025-05-19,2,7.6,8.0,8.1
E00579,P00061,Specialist,2023-01-30,2023-02-07,1,5.5,5.0,6.0
E00579,P00184,Specialist,2025-01-20,2025-02-18,1,5.5,5.0,6.0
E00579,P00841,Specialist,2023-11-28,2023-12-05,1,5.5,5.2,6.0
E00579,P00881,Specialist,2023-08-06,2023-08-18,1,5.5,5.0,6.0
E00580,P00184,Project Team Member,2024-06-25,2024-07-09,1,6.4,7.4,7.7
E00580,P00893,Project Team Member,2026-03-25,2026-04-12,1,6.5,7.2,7.8
E00581,P00277,Project Team Member,2025-10-20,2025-10-26,1,6.2,5.2,7.3
E00585,P00524,Project Team Member,2024-01-11,2024-01-25,1,5.5,5.0,6.8
E00585,P00531,Project Team Member,2024-03-18,2024-03-31,1,6.8,7.3,7.5
E00586,P00147,Project Team Member,2024-11-01,2024-11-05,1,7.3,7.7,7.8
E00586,P00202,Project Team Member,2024-05-26,2024-06-15,1,6.8,7.1,7.5
E00586,P00574,Project Team Member,2024-10-30,2024-11-06,1,6.5,7.0,7.4
E00588,P00551,Specialist,2024-01-16,2024-01-28,1,7.2,8.5,7.2
E00589,P00751,Project Team Member,2024-07-13,2024-07-25,1,8.5,9.0,8.6
E00589,P00765,Project Team Member,2025-02-19,2025-03-04,1,5.5,5.0,7.2
E00591,P00460,Project Team Member,2025-10-26,2025-11-15,1,7.4,8.2,7.7
E00591,P00682,Project Team Member,2024-06-04,2024-06-10,1,5.5,5.0,6.8
E00592,P00317,Project Team Member,2024-05-28,2024-06-10,1,6.9,8.0,7.2
E00593,P00325,Specialist,2026-04-15,2026-04-29,1,7.9,9.2,8.2
E00593,P00465,Specialist,2025-03-09,2025-03-22,1,7.0,7.9,7.7
E00593,P00593,Specialist,2025-01-16,2025-01-19,1,5.8,5.7,7.1
E00593,P00863,Specialist,2025-08-17,2025-08-20,1,6.2,5.9,7.3
E00594,P00330,Project Team Member,2025-02-21,2025-03-03,1,5.5,5.0,7.0
E00594,P00336,Project Team Member,2025-02-19,2025-02-21,1,8.4,9.1,8.4
E00597,P00550,Project Team Member,2024-05-04,2024-05-16,1,5.5,5.0,6.6
E00598,P00746,Contributor,2026-03-06,2026-03-15,1,7.1,8.4,7.2
E00599,P00372,Project Team Member,2026-02-14,2026-02-22,1,7.6,8.8,7.6
E00599,P00391,Project Team Member,2023-11-26,2023-12-08,1,5.5,5.0,6.6
E00599,P00483,Project Team Member,2025-01-04,2025-01-07,1,6.8,7.2,7.2
E00599,P00574,Project Team Member,2024-12-28,2025-01-19,1,7.3,8.3,7.4
E00600,P00400,Contributor,2024-03-09,2024-03-29,2,5.8,5.6,7.1
E00600,P00859,Contributor,2026-04-06,2026-03-13,2,7.9,8.3,8.2
E00601,P00202,Project Team Member,2024-05-06,2024-05-08,1,5.5,5.0,7.0
E00601,P00372,Project Team Member,2026-01-13,2026-01-26,1,5.5,5.0,7.0
E00601,P00701,Project Team Member,2024-12-10,2024-12-18,1,5.5,5.0,7.0
E00604,P00235,Project Team Member,2023-08-06,2023-08-17,1,7.5,8.7,8.4
E00604,P00859,Project Team Member,2026-04-06,2026-03-13,1,6.0,6.4,7.6
E00604,P00896,Project Team Member,2024-07-18,2024-08-07,1,5.9,5.7,7.6
E00605,P00465,Project Team Member,2025-04-10,2025-04-13,1,8.4,9.7,8.4
E00605,P00593,Project Team Member,2025-03-09,2025-03-12,1,6.7,7.6,7.6
E00605,P00848,Project Team Member,2026-03-10,2026-03-20,1,6.6,8.0,7.5
E00607,P00376,Coordinator,2026-01-30,2026-02-01,1,8.4,9.6,7.9
E00608,P00701,Project Team Member,2025-01-01,2025-01-05,1,6.8,8.1,6.8
E00609,P00228,Project Team Member,2023-06-15,2023-06-23,1,7.2,7.9,6.8
E00609,P00531,Project Team Member,2024-06-06,2024-06-11,1,7.2,7.5,6.8
E00610,P00093,Specialist,2024-10-22,2024-10-26,1,7.8,8.9,8.6
E00610,P00505,Specialist,2024-03-30,2024-04-20,1,5.9,5.2,7.6
E00610,P00859,Specialist,2026-04-06,2026-03-13,1,6.1,5.9,7.8
E00610,P00897,Specialist,2024-11-14,2024-11-19,1,5.5,5.0,7.4
E00611,P00204,Project Team Member,2025-03-13,2025-03-21,1,7.8,8.8,8.2
E00614,P00783,Coordinator,2023-10-29,2023-11-02,1,6.2,7.6,6.6
E00615,P00065,Project Team Member,2025-02-07,2025-02-15,1,6.5,5.9,8.2
E00615,P00342,Project Team Member,2026-03-23,2026-03-29,1,9.5,9.7,9.8
E00615,P00345,Project Team Member,2023-10-23,2023-11-12,1,6.5,6.7,8.2
E00616,P00202,Project Team Member,2024-09-16,2024-11-07,2,5.5,5.0,6.8
E00616,P00877,Project Team Member,2024-02-06,2024-02-15,1,5.5,5.2,6.8
E00618,P00207,Contributor,2024-07-22,2024-08-02,1,7.4,8.8,8.0
E00619,P00387,Project Team Member,2023-12-05,2024-05-23,2,8.2,8.5,8.3
E00619,P00531,Project Team Member,2024-05-27,2024-06-03,1,6.3,5.3,7.4
E00619,P00674,Project Team Member,2024-06-09,2024-06-13,1,7.8,7.6,8.1
E00619,P00859,Project Team Member,2026-04-06,2026-03-13,1,6.6,6.9,7.5
E00620,P00277,Project Team Member,2026-02-10,2026-02-16,1,6.8,7.9,7.5
E00620,P00897,Project Team Member,2025-03-14,2025-03-31,1,5.5,5.0,6.8
E00621,P00228,Project Team Member,2023-06-23,2023-07-03,1,7.3,8.7,7.2
E00621,P00765,Project Team Member,2024-11-04,2025-06-25,2,7.3,7.6,7.2
E00622,P00342,Project Team Member,2026-03-23,2026-03-25,1,8.1,9.0,8.2
E00622,P00387,Project Team Member,2024-04-30,2024-05-22,1,8.0,9.3,8.2
E00622,P00390,Project Team Member,2025-07-08,2025-07-14,1,5.5,5.0,7.0
E00622,P00397,Project Team Member,2023-10-24,2023-10-28,1,7.1,8.3,7.8
E00622,P00428,Project Team Member,2025-03-12,2025-03-14,1,6.1,6.5,7.2
E00622,P00662,Project Team Member,2025-01-14,2025-02-13,1,6.8,7.9,7.6
E00622,P00735,Project Team Member,2024-05-30,2024-06-11,1,5.5,5.0,7.0
E00622,P00780,Project Team Member,2026-02-05,2026-02-09,1,6.0,5.7,7.2
E00623,P00128,Project Team Member,2024-04-18,2024-05-10,1,5.5,5.8,7.6
E00623,P00283,Project Team Member,2026-04-22,2026-05-01,1,5.5,5.5,7.6
E00623,P00456,Project Team Member,2025-03-23,2025-03-31,1,8.8,9.7,9.2
E00623,P00701,Project Team Member,2024-03-28,2024-04-08,1,5.6,5.2,7.6
E00623,P00715,Project Team Member,2025-11-02,2025-11-16,1,7.1,6.1,8.4
E00624,P00257,Project Team Member,2023-09-05,2023-09-19,1,5.5,5.0,7.4
E00624,P00457,Project Team Member,2025-12-27,2026-01-04,1,8.2,8.5,8.7
E00626,P00353,Contributor,2024-10-28,2024-11-18,1,5.5,5.0,6.6
E00626,P00863,Contributor,2025-08-10,2025-08-22,1,5.5,5.0,6.6
E00626,P00878,Contributor,2026-02-10,2026-02-17,1,5.5,5.1,6.6
E00627,P00353,Project Team Member,2024-08-29,2024-09-11,1,5.5,5.8,6.4
E00627,P00616,Project Team Member,2025-02-04,2025-02-09,1,5.5,5.0,6.4
E00627,P00848,Project Team Member,2026-02-15,2026-02-25,1,6.0,6.1,6.6
E00627,P00878,Project Team Member,2026-02-11,2026-02-25,1,5.5,5.0,6.4
E00628,P00317,Contributor,2024-02-12,2024-02-26,1,7.1,8.3,7.4
E00628,P00456,Contributor,2025-07-02,2025-07-08,1,5.6,5.2,6.7
E00628,P00551,Contributor,2023-07-29,2023-08-02,1,8.0,9.3,7.9
E00628,P00642,Contributor,2024-11-23,2024-12-08,1,9.7,9.7,8.8
E00629,P00505,Project Team Member,2024-03-18,2024-03-28,1,5.5,5.0,6.8
E00629,P00780,Project Team Member,2026-01-23,2026-02-02,1,7.0,7.4,7.5
E00631,P00715,Project Team Member,2025-11-29,2025-12-02,1,5.5,5.0,6.0
E00632,P00387,Project Team Member,2024-04-12,2024-04-17,1,6.6,7.8,8.0
E00632,P00715,Project Team Member,2025-10-21,2025-10-29,1,6.9,8.2,8.2
E00633,P00597,Project Team Member,2024-06-17,2024-06-28,1,5.5,5.0,6.6
E00634,P00342,Coordinator,2026-03-15,2026-03-27,1,7.2,8.1,7.4
E00634,P00574,Coordinator,2024-10-11,2024-10-13,1,5.5,5.3,6.6
E00635,P00147,Coordinator,2024-06-02,2024-06-11,1,5.7,6.1,6.4
E00635,P00258,Coordinator,2024-03-19,2024-04-01,1,6.8,6.8,6.9
E00635,P00391,Coordinator,2023-11-29,2023-12-25,2,6.8,5.9,6.9
E00635,P00616,Coordinator,2025-02-09,2025-02-12,1,7.6,9.0,7.3
E00636,P00422,Specialist,2025-01-05,2025-01-15,1,5.5,5.0,6.0
E00636,P00877,Specialist,2024-02-28,2024-03-02,1,7.0,8.1,6.8
E00639,P00202,Project Team Member,2024-07-26,2024-07-29,1,6.4,6.5,6.6
E00639,P00258,Project Team Member,2024-06-30,2024-07-05,1,5.5,5.0,6.2
E00639,P00317,Project Team Member,2024-04-11,2024-04-13,1,5.5,5.0,6.2
E00639,P00342,Project Team Member,2026-03-17,2026-03-31,1,8.4,9.7,7.6
E00639,P00387,Project Team Member,2024-05-26,2024-06-01,1,6.3,5.3,6.6
E00639,P00484,Project Team Member,2024-07-31,2024-08-08,1,5.5,5.0,6.2
E00639,P00597,Project Team Member,2023-10-24,2023-11-01,1,6.3,7.7,6.6
E00639,P00735,Project Team Member,2024-02-07,2024-02-22,1,5.5,5.0,6.2
E00640,P00342,Project Team Member,2026-03-16,2026-03-31,1,7.5,7.1,7.2
E00640,P00372,Project Team Member,2026-01-13,2026-01-18,1,8.0,9.3,7.4
E00640,P00400,Project Team Member,2024-05-27,2024-06-01,1,7.2,6.2,7.0
E00640,P00484,Project Team Member,2024-12-15,2024-12-30,1,7.2,8.0,7.0
E00641,P00625,Project Team Member,2026-01-26,2026-02-10,1,7.2,7.0,7.4
E00642,P00353,Project Team Member,2024-06-02,2024-06-22,1,5.5,5.4,7.6
E00642,P00625,Project Team Member,2025-12-21,2025-12-30,1,5.9,6.1,7.8
E00644,P00653,Contributor,2026-03-11,2026-03-18,1,8.3,8.3,7.4
E00645,P00317,Project Team Member,2023-11-02,2023-11-07,1,6.4,7.4,7.1
E00646,P00484,Contributor,2024-11-13,2024-11-28,1,7.6,8.9,7.7
E00647,P00065,Project Team Member,2024-12-09,2025-01-06,1,5.5,5.0,5.6
E00647,P00533,Project Team Member,2026-02-02,2026-02-14,1,7.6,8.6,6.6
E00648,P00317,Project Team Member,2024-05-27,2024-06-08,1,7.2,7.5,7.6
E00649,P00674,Project Team Member,2024-04-21,2024-04-26,1,5.5,5.0,6.6
E00649,P00863,Project Team Member,2025-07-05,2025-07-17,1,9.7,9.7,8.8
E00649,P00895,Project Team Member,2026-03-21,2026-04-11,1,5.5,5.0,6.6
E00650,P00334,Project Team Member,2025-02-09,2025-02-25,1,5.9,5.2,7.2
E00650,P00674,Project Team Member,2024-05-28,2024-05-31,1,6.3,6.4,7.4
E00651,P00125,Project Team Member,2025-09-11,2025-09-22,1,5.5,5.0,7.6
E00651,P00372,Project Team Member,2026-02-19,2026-02-22,1,7.3,8.6,8.4
E00651,P00484,Project Team Member,2024-11-10,2024-11-14,1,5.5,5.0,7.6
E00651,P00505,Project Team Member,2024-01-28,2024-02-20,1,7.2,8.3,8.4
E00651,P00597,Project Team Member,2023-11-26,2023-12-01,1,6.4,7.2,8.0
E00652,P00877,Project Team Member,2024-02-19,2024-03-01,1,5.5,5.0,7.2
E00653,P00317,Project Team Member,2024-04-15,2024-05-10,1,6.7,7.0,7.2
E00653,P00428,Project Team Member,2025-05-04,2025-05-12,1,8.0,9.4,7.9
E00653,P00460,Project Team Member,2026-01-24,2026-01-26,1,5.5,5.0,6.6
E00654,P00283,Contributor,2026-04-22,2026-05-06,1,8.0,9.2,7.5
E00654,P00353,Contributor,2024-08-18,2024-08-29,1,5.9,6.5,6.4
E00659,P00055,Project Team Member,2026-02-11,2026-02-18,1,7.6,8.6,7.9
E00659,P00068,Project Team Member,2026-03-20,2026-04-03,1,7.3,8.6,7.8
E00659,P00345,Project Team Member,2023-10-22,2023-11-01,1,6.8,7.2,7.5
E00660,P00400,Project Team Member,2024-02-28,2024-03-24,1,6.6,7.4,7.2
E00662,P00093,Coordinator,2025-02-11,2025-02-11,1,7.5,6.9,7.6
E00662,P00258,Coordinator,2024-03-04,2024-03-12,1,8.0,9.3,7.8
E00662,P00457,Coordinator,2025-12-02,2025-12-08,1,7.2,7.9,7.4
E00662,P00533,Coordinator,2025-09-08,2025-09-21,1,8.0,7.9,7.8
E00662,P00897,Coordinator,2025-03-08,2025-03-12,1,6.1,7.0,6.8
E00664,P00093,Coordinator,2024-08-27,2024-09-11,1,6.6,7.9,7.1
E00664,P00625,Coordinator,2025-02-15,2025-02-27,1,5.9,5.6,6.8
E00665,P00435,Project Team Member,2026-03-10,2026-02-21,1,5.5,5.0,6.4
E00668,P00082,Specialist,2024-04-27,2024-05-08,1,7.8,8.0,8.6
E00669,P00065,Project Team Member,2024-10-22,2024-11-05,1,8.0,9.3,6.8
E00669,P00125,Project Team Member,2025-12-03,2025-12-15,1,5.5,5.0,5.6
E00669,P00257,Project Team Member,2023-10-07,2023-10-15,1,6.8,6.7,6.2
E00669,P00387,Project Team Member,2024-02-10,2024-02-13,1,5.6,6.5,5.6
E00669,P00574,Project Team Member,2025-01-18,2025-01-24,1,6.4,5.4,6.0
E00670,P00390,Contributor,2025-05-12,2025-05-19,1,7.7,8.9,8.4
E00670,P00469,Contributor,2023-12-08,2023-12-14,1,5.9,5.5,7.4
E00670,P00780,Contributor,2026-01-01,2026-01-14,1,6.4,6.4,7.7
E00671,P00223,Project Team Member,2025-04-25,2025-05-06,1,7.2,6.2,8.2
E00672,P00724,Project Team Member,2025-09-30,2025-10-08,1,7.0,8.2,6.6
E00675,P00342,Project Team Member,2026-03-23,2026-03-30,1,5.5,5.0,6.2
E00675,P00551,Project Team Member,2023-09-02,2023-09-12,1,7.5,8.4,7.2
E00676,P00068,Contributor,2026-03-12,2026-03-16,1,7.5,8.4,7.4
E00676,P00372,Contributor,2025-12-08,2025-12-17,1,6.4,5.8,6.8
E00679,P00895,Project Team Member,2026-03-24,2026-04-05,1,5.5,5.0,7.2
E00680,P00674,Project Team Member,2024-05-30,2024-06-25,1,7.5,8.8,8.4
E00680,P00863,Project Team Member,2025-07-28,2025-07-30,1,7.5,8.4,8.4
E00682,P00391,Contributor,2024-04-19,2024-04-24,1,5.5,5.0,6.2
E00683,P00848,Contributor,2026-02-27,2026-03-03,1,6.9,8.2,7.2
E00688,P00533,Project Team Member,2026-01-15,2026-01-25,1,7.6,8.4,7.6
E00693,P00055,Project Team Member,2026-03-02,2026-03-17,1,6.7,6.9,6.8
E00693,P00625,Project Team Member,2025-06-08,2025-06-10,1,5.7,6.0,6.4
E00695,P00391,Coordinator,2023-12-23,2024-01-21,1,5.5,5.0,7.0
E00695,P00765,Coordinator,2024-10-20,2024-11-04,1,5.5,5.0,7.0
E00696,P00642,Contributor,2024-12-29,2025-01-12,1,5.5,5.0,6.6
E00698,P00400,Contributor,2024-08-07,2024-08-07,1,7.8,9.0,7.3
E00699,P00642,Contributor,2025-01-11,2025-01-26,1,6.0,5.0,7.4
E00699,P00848,Contributor,2025-11-26,2025-12-03,1,5.5,5.0,7.2
E00701,P00551,Project Team Member,2023-07-02,2023-07-11,1,6.2,6.5,6.9
E00702,P00848,Contributor,2025-07-22,2025-07-31,1,6.2,7.5,7.6
E00704,P00682,Project Team Member,2024-08-13,2024-08-19,1,6.2,7.4,6.5
E00705,P00574,Coordinator,2025-03-15,2025-03-21,1,8.0,9.3,7.3
E00705,P00783,Coordinator,2023-10-11,2023-10-16,1,7.3,8.0,7.0
E00708,P00625,Project Team Member,2025-09-08,2025-09-16,1,5.5,5.0,7.6
E00709,P00001,Project Team Member,2024-12-03,2024-12-18,1,5.5,5.0,5.8
E00710,P00625,Coordinator,2025-03-13,2025-03-20,1,8.0,9.2,8.8
E00710,P00888,Coordinator,2026-02-26,2026-02-28,1,6.0,6.8,7.8
E00711,P00724,Project Team Member,2025-09-09,2025-09-12,1,5.5,5.8,6.8
E00712,P00125,Project Team Member,2025-07-19,2025-08-01,1,7.0,8.4,7.5
E00712,P00662,Project Team Member,2025-05-27,2025-06-10,1,5.5,5.0,6.8
E00713,P00662,Project Team Member,2025-06-21,2025-07-21,1,6.3,5.9,7.0
E00714,P00746,Project Team Member,2026-01-11,2026-01-26,1,5.5,5.0,7.0
E00716,P00616,Project Team Member,2024-12-16,2025-02-20,2,6.8,6.9,7.9
E00719,P00336,Project Team Member,2024-12-05,2025-05-16,2,7.3,8.0,7.4
E00723,P00691,Project Team Member,2024-07-23,2024-07-25,1,6.6,6.5,6.7
E00724,P00765,Coordinator,2025-04-04,2025-04-23,1,8.0,9.3,8.3
E00725,P00387,Project Team Member,2024-03-19,2024-04-06,1,5.5,5.0,6.8
E00725,P00435,Project Team Member,2026-03-10,2026-02-21,1,9.1,9.6,8.6
E00726,P00524,Project Team Member,2024-03-17,2024-03-22,1,7.8,9.2,7.8
E00727,P00642,Specialist,2025-03-25,2025-05-03,2,5.7,5.3,6.8
E00729,P00551,Specialist,2023-07-09,2023-07-16,1,5.5,5.0,6.6
E00729,P00888,Specialist,2026-03-02,2026-03-17,1,7.2,8.2,7.4
E00732,P00387,Project Team Member,2024-05-15,2024-06-10,1,8.0,9.3,7.6
E00732,P00456,Project Team Member,2025-09-22,2025-09-26,1,6.6,7.2,6.9
E00733,P00435,Project Team Member,2026-03-10,2026-02-21,1,7.6,8.2,8.0
E00736,P00574,Coordinator,2025-04-17,2025-05-02,1,5.5,5.0,7.0
E00736,P00701,Coordinator,2025-01-23,2025-02-07,1,6.5,7.8,7.4
E00739,P00783,Coordinator,2023-06-30,2023-07-13,1,6.8,7.1,8.1
E00741,P00391,Project Team Member,2024-04-24,2024-04-24,1,6.7,7.4,6.6
E00741,P00456,Project Team Member,2025-02-02,2025-02-04,1,5.5,5.0,6.0
E00743,P00456,Project Team Member,2025-01-30,2025-02-11,1,8.2,8.2,7.8
E00745,P00390,Coordinator,2025-08-13,2025-08-20,1,6.0,6.4,7.2
E00745,P00746,Coordinator,2025-11-07,2025-12-06,2,8.2,8.6,8.3
E00748,P00524,Project Team Member,2023-09-17,2023-09-20,1,5.5,5.0,6.4
E00748,P00662,Project Team Member,2025-04-30,2025-05-13,1,5.8,5.5,6.6
E00750,P00257,Project Team Member,2023-10-15,2023-10-20,1,6.7,7.7,6.8
E00750,P00435,Project Team Member,2026-03-10,2026-02-21,1,8.4,9.7,7.6
E00751,P00662,Project Team Member,2025-07-16,2025-07-31,1,5.5,5.0,6.4
E00759,P00896,Project Team Member,2024-06-01,2024-06-16,1,6.9,6.6,7.0
E00761,P00257,Contributor,2023-08-03,2023-08-10,1,6.3,6.3,6.8
E00763,P00387,Specialist,2024-05-22,2024-05-29,1,6.4,5.4,8.2
E00771,P00524,Project Team Member,2024-01-20,2024-02-14,1,7.0,7.6,7.8
E00772,P00551,Contributor,2023-10-05,2023-10-08,1,8.5,8.6,8.0
E00782,P00642,Specialist,2025-02-25,2025-03-01,1,5.5,5.0,6.2
E00783,P00783,Project Team Member,2023-11-12,2023-11-14,1,7.5,8.8,8.0
E00786,P00662,Contributor,2025-04-06,2025-04-19,1,6.1,6.7,7.6
E00789,P00896,Project Team Member,2024-06-30,2024-07-07,1,8.0,8.6,8.0
E00792,P00642,Contributor,2024-11-23,2024-12-03,1,6.7,7.4,7.4
E00800,P00055,Project Team Member,2026-03-25,2026-03-27,1,7.7,9.0,7.8
E00811,P00001,Project Team Member,2025-06-11,2025-06-13,1,5.5,5.0,6.6
E00813,P00642,Project Team Member,2025-01-19,2025-01-27,1,5.5,5.0,7.4
E00823,P00524,Project Team Member,2023-09-19,2023-09-22,1,5.5,5.0,7.8
E00824,P00387,Project Team Member,2024-06-22,2024-06-29,1,6.4,7.3,7.0
E00825,P00691,Project Team Member,2024-04-14,2024-05-02,1,6.3,6.0,7.0
E00830,P00896,Contributor,2024-08-19,2024-08-23,1,5.5,5.0,6.6
E00838,P00435,Project Team Member,2026-03-10,2026-02-21,1,7.7,8.7,7.4
E00839,P00701,Project Team Member,2024-04-08,2024-04-16,1,6.4,7.3,7.6
E00844,P00257,Project Team Member,2023-04-05,2023-04-07,1,6.8,7.7,7.6
E00844,P00701,Project Team Member,2024-05-06,2024-05-11,1,7.3,8.4,7.8
E00847,P00257,Coordinator,2023-04-10,2023-04-13,1,7.2,6.2,7.7
E00850,P00783,Project Team Member,2023-07-03,2023-07-11,1,6.6,7.9,7.1
E00854,P00334,Project Team Member,2024-12-26,2025-01-08,1,5.5,5.0,7.2
E00856,P00505,Project Team Member,2024-04-13,2024-04-16,1,7.1,8.0,7.2
E00856,P00701,Project Team Member,2024-09-12,2024-09-25,1,8.1,9.3,7.8
E00858,P00524,Project Team Member,2024-01-22,2024-01-31,1,6.4,7.3,7.4
E00859,P00746,Contributor,2026-01-21,2026-01-29,1,7.0,8.3,7.3
E00867,P00456,Project Team Member,2024-11-26,2024-12-09,1,7.2,8.3,7.7
E00869,P00106,Coordinator,2025-06-05,2025-06-20,1,5.5,5.0,7.0
E00884,P00505,Contributor,2023-12-30,2024-01-05,1,6.5,5.5,7.8
E00889,P00505,Project Team Member,2024-06-11,2024-06-14,1,6.1,7.1,7.4
E00890,P00435,Specialist,2026-03-10,2026-02-21,1,5.5,5.0,7.2
E00891,P00691,Project Team Member,2024-05-24,2024-06-03,1,5.5,5.0,7.2
E00892,P00106,Coordinator,2025-06-15,2025-06-28,1,7.6,8.6,8.0
E00909,P00106,Coordinator,2026-02-09,2026-02-20,1,7.0,7.7,7.8
E00910,P00435,Project Team Member,2026-03-10,2026-02-21,1,7.9,8.7,9.0
E00916,P00691,Project Team Member,2024-03-31,2024-04-11,1,6.8,7.8,7.5
E00920,P00334,Project Team Member,2025-07-24,2025-08-16,1,6.5,7.4,7.4
E00920,P00642,Project Team Member,2025-01-05,2025-01-30,1,8.8,9.7,8.5
E00922,P00001,Coordinator,2024-11-28,2024-12-13,1,7.2,7.4,7.1
E00924,P00701,Project Team Member,2025-02-01,2025-02-14,1,6.8,7.8,7.1
E00925,P00765,Specialist,2025-03-19,2025-03-26,1,7.8,8.3,8.4
E00929,P00001,Specialist,2024-11-24,2024-11-26,1,5.5,5.0,7.4
E00936,P00701,Project Team Member,2025-01-09,2025-01-22,1,7.1,8.0,7.4
E00937,P00456,Project Team Member,2024-11-29,2024-12-09,1,8.9,9.7,8.0
E00941,P00685,Coordinator,2026-02-23,2026-03-24,1,5.5,5.0,6.2
E00944,P00001,Specialist,2025-01-09,2025-01-16,1,7.0,6.3,7.5
E00946,P00783,Coordinator,2023-07-24,2023-08-06,1,6.4,6.6,6.7
E00947,P00765,Coordinator,2025-06-21,2025-06-30,1,7.3,7.7,7.0
E00947,P00783,Coordinator,2023-11-09,2023-11-19,1,5.7,5.5,6.2
E00949,P00106,Coordinator,2025-05-31,2025-06-26,1,5.5,5.0,6.8
E00957,P00685,Project Team Member,2026-02-26,2026-03-09,1,7.6,8.7,8.0
E00963,P00435,Specialist,2026-03-10,2026-02-21,1,6.4,6.5,7.3
E00968,P00106,Coordinator,2025-12-31,2026-01-03,1,6.4,7.7,8.0
E00983,P00691,Project Team Member,2024-05-27,2024-06-18,1,5.9,5.2,6.6
E00984,P00765,Coordinator,2024-12-09,2025-01-27,2,7.2,6.8,7.6
E00997,P00685,Project Team Member,2026-03-01,2026-03-20,1,7.4,8.7,8.5
E01006,P00691,Project Team Member,2024-05-16,2024-05-26,1,6.0,5.0,7.2
E01009,P00783,Coordinator,2023-09-12,2023-09-26,1,8.9,9.6,9.0
E01016,P00435,Project Team Member,2026-03-10,2026-02-21,1,5.5,5.0,6.8
E01020,P00334,Project Team Member,2025-04-04,2025-04-19,1,6.9,6.9,7.6
E01024,P00435,Project Team Member,2026-03-10,2026-02-21,1,6.8,6.7,8.4
E01025,P00257,Coordinator,2023-04-19,2023-05-13,1,7.2,8.6,8.4
E01027,P00765,Project Team Member,2025-05-06,2025-05-17,1,5.5,5.5,6.8
E01038,P00701,Project Team Member,2024-05-28,2024-06-04,1,7.9,7.5,7.2
E01043,P00691,Contributor,2024-03-28,2024-04-11,1,6.1,5.1,7.6
E01045,P00765,Project Team Member,2025-03-11,2025-03-22,1,5.5,5.0,6.6
E01049,P00685,Project Team Member,2026-03-09,2026-03-14,1,7.0,8.3,8.2
E01059,P00257,Coordinator,2023-08-29,2023-09-17,1,5.5,5.0,7.0
E01066,P00387,Project Team Member,2023-12-22,2024-01-08,1,5.5,5.0,6.2
E01081,P00691,Project Team Member,2024-06-21,2024-06-24,1,7.9,9.2,7.8
E01082,P00691,Specialist,2024-03-27,2024-04-02,1,7.7,7.4,7.6
E01085,P00106,Coordinator,2026-02-15,2026-02-24,1,6.5,6.2,7.4
E01085,P00765,Coordinator,2024-10-31,2024-11-04,1,8.0,9.2,8.2
E01094,P00691,Project Team Member,2024-06-28,2024-07-04,1,5.5,5.0,6.8
E01100,P00106,Coordinator,2025-07-27,2025-08-03,1,5.5,5.3,7.0
E01112,P00334,Project Team Member,2025-05-11,2025-05-15,1,8.4,9.7,8.3
E01123,P00334,Project Team Member,2025-05-19,2025-06-03,1,5.5,5.0,7.0
E01127,P00783,Coordinator,2024-01-02,2024-01-12,1,6.0,5.9,7.1
E01140,P00701,Project Team Member,2025-01-03,2025-01-15,1,6.2,6.8,7.4
E01143,P00334,Project Team Member,2025-02-20,2025-02-27,1,5.5,5.0,6.6
E01200,P00701,Contributor,2024-04-01,2024-04-05,1,5.5,5.0,7.4
E01216,P00691,Project Team Member,2024-06-24,2024-06-28,1,6.0,6.0,7.6
E01249,P00701,Specialist,2024-06-15,2024-06-30,1,5.5,5.3,6.8
E01250,P00691,Specialist,2024-06-04,2024-06-18,1,5.5,5.0,6.0
E01437,P00106,Coordinator,2025-09-28,2025-10-02,1,8.0,9.3,7.9
E01586,P00106,Coordinator,2025-08-18,2025-08-28,1,7.1,7.8,7.8
E01657,P00106,Coordinator,2025-08-31,2025-09-09,1,7.9,9.2,8.0
E01707,P00106,Coordinator,2025-10-28,2025-11-16,1,6.5,6.2,7.6
E01757,P00106,Coordinator,2025-08-02,2025-08-14,1,5.5,5.0,6.6
