employee_id,available_from,available_to,allocation_percent,availability_status
E00001,2026-04-16,2026-05-05,100,Fully Allocated
E00002,2026-03-08,2026-04-14,90,Partially Available
E00003,2026-04-21,2026-05-17,70,Partially Available
E00004,2026-04-01,2026-05-05,50,Available
E00005,2026-04-25,2026-05-29,90,Partially Available
E00006,2026-04-07,2026-05-09,40,Available
E00007,2026-03-28,2026-05-04,70,Partially Available
E00008,2026-04-26,2026-05-27,60,Available
E00009,2026-04-05,2026-06-16,20,Available
E00010,2026-03-19,2026-04-22,70,Partially Available
E00011,2026-04-27,2026-05-28,40,Available
E00012,2026-04-26,2026-05-26,90,Partially Available
E00013,2026-03-18,2026-06-13,50,Available
E00014,2026-04-24,2026-07-02,20,Available
E00015,2026-04-15,2026-06-18,50,Available
E00016,2026-03-26,2026-06-16,50,Available
E00017,2026-05-11,2026-08-07,30,Available
E00018,2026-04-07,2026-04-25,80,Partially Available
E00019,2026-05-05,2026-07-26,40,Available
E00020,2026-05-30,2026-08-03,40,Available
E00021,2026-05-11,2026-05-25,100,Fully Allocated
E00022,2026-05-17,2026-06-06,90,Partially Available
E00023,2026-03-18,2026-04-15,70,Partially Available
E00024,2026-03-15,2026-04-28,10,Available
E00025,2026-04-18,2026-05-31,80,Partially Available
E00026,2026-04-20,2026-07-07,40,Available
E00027,2026-05-06,2026-07-11,10,Available
E00028,2026-05-08,2026-07-09,20,Available
E00029,2026-04-10,2026-05-06,70,Partially Available
E00030,2026-05-08,2026-06-25,20,Available
E00031,2026-05-12,2026-06-22,50,Available
E00032,2026-05-02,2026-07-13,50,Available
E00033,2026-05-04,2026-07-26,40,Available
E00034,2026-03-14,2026-04-21,10,Available
E00035,2026-04-28,2026-06-15,60,Available
E00036,2026-04-16,2026-06-16,30,Available
E00037,2026-03-29,2026-05-25,30,Available
E00038,2026-04-03,2026-05-30,20,Available
E00039,2026-05-15,2026-08-12,20,Available
E00040,2026-02-19,2026-04-20,60,Available
E00041,2026-03-03,2026-04-15,70,Partially Available
E00042,2026-03-21,2026-05-25,30,Available
E00043,2025-04-05,2025-05-02,80,Partially Available
E00044,2026-04-27,2026-07-07,30,Available
E00045,2026-04-21,2026-05-06,70,Partially Available
E00046,2026-04-28,2026-05-22,90,Partially Available
E00047,2026-04-09,2026-05-26,60,Available
E00048,2026-04-07,2026-06-04,10,Available
E00049,2026-04-23,2026-07-06,10,Available
E00050,2026-05-09,2026-07-16,30,Available
E00051,2026-04-16,2026-05-08,90,Partially Available
E00052,2026-03-24,2026-06-10,10,Available
E00053,2026-03-20,2026-06-14,50,Available
E00054,2026-05-10,2026-06-15,80,Partially Available
E00055,2026-04-22,2026-05-07,80,Partially Available
E00056,2026-03-19,2026-06-04,50,Available
E00057,2026-03-01,2026-04-30,60,Available
E00058,2026-03-04,2026-04-22,60,Available
E00059,2026-02-13,2026-04-19,10,Available
E00060,2026-03-30,2026-05-21,50,Available
E00061,2026-05-02,2026-06-17,10,Available
E00062,2026-04-27,2026-05-24,90,Partially Available
E00063,2026-04-18,2026-05-27,20,Available
E00064,2026-04-04,2026-04-27,80,Partially Available
E00065,2026-05-02,2026-07-16,50,Available
E00066,2026-02-06,2026-03-24,10,Available
E00067,2026-04-16,2026-07-12,20,Available
E00068,2026-04-14,2026-05-16,60,Available
E00069,2026-04-08,2026-04-23,90,Partially Available
E00070,2026-05-07,2026-06-06,40,Available
E00071,2026-03-14,2026-05-02,30,Available
E00072,2026-03-20,2026-03-28,100,Fully Allocated
E00073,2026-03-31,2026-05-15,50,Available
E00074,2026-04-08,2026-05-16,20,Available
E00075,2026-05-06,2026-06-18,50,Available
E00076,2026-03-16,2026-03-31,80,Partially Available
E00077,2026-05-09,2026-07-12,10,Available
E00078,2026-03-23,2026-05-09,20,Available
E00079,2026-05-05,2026-05-20,80,Partially Available
E00080,2026-04-03,2026-04-28,80,Partially Available
E00081,2026-04-28,2026-07-23,60,Available
E00082,2026-04-26,2026-05-30,60,Available
E00083,2026-05-15,2026-06-24,20,Available
E00084,2026-05-14,2026-07-20,10,Available
E00085,2026-03-11,2026-05-03,10,Available
E00086,2026-03-03,2026-05-10,30,Available
E00087,2026-02-26,2026-03-25,70,Partially Available
E00088,2026-03-29,2026-04-27,100,Fully Allocated
E00089,2026-05-14,2026-06-28,30,Available
E00090,2026-04-20,2026-05-29,80,Partially Available
E00091,2026-05-01,2026-06-02,30,Available
E00092,2026-04-13,2026-07-09,50,Available
E00093,2026-04-28,2026-07-13,30,Available
E00094,2026-04-01,2026-04-23,90,Partially Available
E00095,2026-05-01,2026-07-01,40,Available
E00096,2026-05-07,2026-06-12,90,Partially Available
E00097,2026-04-20,2026-05-28,70,Partially Available
E00098,2026-05-04,2026-06-07,70,Partially Available
E00099,2026-03-03,2026-04-02,80,Partially Available
E00100,2026-03-13,2026-04-28,60,Available
E00101,2026-04-30,2026-06-25,20,Available
E00102,2026-05-07,2026-05-26,100,Fully Allocated
E00103,2026-04-22,2026-05-24,20,Available
E00104,2026-04-13,2026-06-07,30,Available
E00105,2026-05-03,2026-07-06,50,Available
E00106,2026-05-09,2026-06-20,20,Available
E00107,2026-03-25,2026-05-10,10,Available
E00108,2026-03-25,2026-05-23,50,Available
E00109,2026-03-23,2026-05-20,60,Available
E00110,2026-04-29,2026-06-11,10,Available
E00111,2026-05-05,2026-07-03,30,Available
E00112,2026-05-03,2026-07-08,30,Available
E00113,2026-04-28,2026-07-10,30,Available
E00114,2026-04-18,2026-05-18,80,Partially Available
E00115,2026-04-30,2026-07-06,50,Available
E00116,2026-03-09,2026-04-16,20,Available
E00117,2026-04-04,2026-05-04,90,Partially Available
E00118,2026-05-07,2026-06-14,80,Partially Available
E00119,2026-04-14,2026-05-17,30,Available
E00120,2026-04-19,2026-05-24,60,Available
E00121,2026-04-26,2026-07-15,60,Available
E00122,2026-04-04,2026-05-04,60,Available
E00123,2026-03-26,2026-05-19,30,Available
E00124,2026-04-12,2026-06-20,60,Available
E00125,2026-05-02,2026-07-08,60,Available
E00126,2026-04-10,2026-05-12,20,Available
E00127,2026-04-24,2026-07-21,20,Available
E00128,2026-04-04,2026-05-09,90,Partially Available
E00129,2026-04-28,2026-06-10,20,Available
E00130,2026-05-02,2026-06-30,40,Available
E00131,2026-03-13,2026-06-07,10,Available
E00132,2026-04-08,2026-07-01,60,Available
E00133,2026-03-23,2026-03-31,100,Fully Allocated
E00134,2026-04-20,2026-05-20,90,Partially Available
E00135,2026-03-25,2026-05-15,40,Available
E00136,2026-04-10,2026-05-22,50,Available
E00137,2026-04-23,2026-06-16,10,Available
E00138,2026-03-25,2026-04-24,70,Partially Available
E00139,2026-04-07,2026-04-24,100,Fully Allocated
E00140,2026-04-07,2026-05-17,40,Available
E00141,2026-02-28,2026-05-16,40,Available
E00142,2026-03-29,2026-05-07,20,Available
E00143,2026-04-22,2026-07-09,10,Available
E00144,2026-01-26,2026-02-13,100,Fully Allocated
E00145,2026-04-10,2026-04-29,70,Partially Available
E00146,2026-05-11,2026-07-04,50,Available
E00147,2026-05-04,2026-07-16,40,Available
E00148,2026-04-23,2026-06-26,40,Available
E00149,2026-05-18,2026-06-12,100,Fully Allocated
E00150,2026-03-03,2026-04-29,20,Available
E00151,2026-04-21,2026-07-19,20,Available
E00152,2026-04-08,2026-06-18,40,Available
E00153,2026-03-21,2026-06-06,10,Available
E00154,2024-12-27,2025-03-23,40,Available
E00155,2026-05-09,2026-06-11,90,Partially Available
E00156,2026-04-08,2026-06-19,50,Available
E00157,2026-04-27,2026-06-05,70,Partially Available
E00158,2026-05-02,2026-07-18,30,Available
E00159,2026-05-08,2026-06-19,80,Partially Available
E00160,2026-03-27,2026-05-05,60,Available
E00161,2026-03-30,2026-04-28,90,Partially Available
E00162,2026-03-02,2026-05-02,50,Available
E00163,2026-04-23,2026-05-25,20,Available
E00164,2026-05-03,2026-06-25,40,Available
E00165,2026-02-20,2026-03-31,10,Available
E00166,2026-04-21,2026-07-03,20,Available
E00167,2026-04-27,2026-06-10,90,Partially Available
E00168,2026-04-06,2026-04-21,100,Fully Allocated
E00169,2026-03-30,2026-04-24,100,Fully Allocated
E00170,2026-04-28,2026-06-29,20,Available
E00171,2026-04-30,2026-07-13,30,Available
E00172,2025-11-25,2025-12-08,100,Fully Allocated
E00173,2026-03-31,2026-06-22,50,Available
E00174,2026-02-23,2026-05-23,30,Available
E00175,2026-05-06,2026-07-26,20,Available
E00176,2026-03-24,2026-06-14,20,Available
E00177,2026-04-29,2026-05-12,100,Fully Allocated
E00178,2026-04-22,2026-06-15,20,Available
E00179,2026-04-20,2026-05-10,70,Partially Available
E00180,2026-03-11,2026-04-21,10,Available
E00181,2026-04-23,2026-05-26,10,Available
E00182,2026-04-25,2026-06-21,20,Available
E00183,2026-04-14,2026-05-18,90,Partially Available
E00184,2026-03-29,2026-05-07,10,Available
E00185,2026-03-12,2026-05-11,60,Available
E00186,2026-04-28,2026-05-31,70,Partially Available
E00187,2026-04-01,2026-05-02,10,Available
E00188,2026-03-25,2026-04-27,50,Available
E00189,2026-04-21,2026-06-04,10,Available
E00190,2026-04-16,2026-06-22,10,Available
E00191,2026-04-19,2026-06-20,20,Available
E00192,2026-03-20,2026-05-06,30,Available
E00193,2026-03-30,2026-04-21,70,Partially Available
E00194,2026-01-21,2026-03-23,30,Available
E00195,2026-04-28,2026-05-25,80,Partially Available
E00196,2026-04-06,2026-05-09,70,Partially Available
E00197,2026-05-08,2026-06-22,20,Available
E00198,2026-04-16,2026-06-17,20,Available
E00199,2026-04-18,2026-06-20,30,Available
E00200,2026-05-10,2026-06-12,70,Partially Available
E00201,2026-04-01,2026-05-14,20,Available
E00202,2026-04-02,2026-06-17,30,Available
E00203,2026-04-01,2026-05-02,60,Available
E00204,2026-05-09,2026-06-05,70,Partially Available
E00205,2026-03-23,2026-04-26,70,Partially Available
E00206,2026-03-07,2026-05-04,10,Available
E00207,2026-04-30,2026-06-03,90,Partially Available
E00208,2026-05-07,2026-06-01,70,Partially Available
E00209,2026-03-26,2026-06-05,50,Available
E00210,2026-02-25,2026-04-29,10,Available
E00211,2026-04-21,2026-05-14,100,Fully Allocated
E00212,2026-04-01,2026-05-03,20,Available
E00213,2026-03-27,2026-05-25,20,Available
E00214,2026-04-19,2026-05-07,70,Partially Available
E00215,2026-04-27,2026-06-07,80,Partially Available
E00216,2026-05-23,2026-06-20,100,Fully Allocated
E00217,2026-03-29,2026-05-02,40,Available
E00218,2026-03-01,2026-04-01,10,Available
E00219,2026-03-30,2026-05-02,40,Available
E00220,2026-03-28,2026-06-09,20,Available
E00221,2026-04-03,2026-06-09,50,Available
E00222,2026-03-21,2026-06-18,30,Available
E00223,2026-04-12,2026-07-02,20,Available
E00224,2026-02-25,2026-04-22,30,Available
E00225,2026-04-03,2026-05-29,20,Available
E00226,2026-05-01,2026-06-14,10,Available
E00227,2026-05-18,2026-05-31,100,Fully Allocated
E00228,2026-05-03,2026-07-09,50,Available
E00229,2026-04-11,2026-05-17,90,Partially Available
E00230,2026-04-25,2026-06-04,80,Partially Available
E00231,2026-05-14,2026-06-26,10,Available
E00232,2026-04-18,2026-05-20,90,Partially Available
E00233,2026-05-03,2026-05-16,100,Fully Allocated
E00234,2026-04-24,2026-06-02,70,Partially Available
E00235,2026-05-26,2026-08-01,50,Available
E00236,2026-04-27,2026-06-19,10,Available
E00237,2026-05-14,2026-07-20,40,Available
E00238,2026-03-16,2026-04-20,30,Available
E00239,2026-04-24,2026-06-12,30,Available
E00240,2026-05-11,2026-06-16,90,Partially Available
E00241,2026-03-05,2026-05-15,60,Available
E00242,2026-02-20,2026-03-10,90,Partially Available
E00243,2026-05-04,2026-06-12,60,Available
E00244,2026-04-04,2026-05-25,20,Available
E00245,2026-02-07,2026-02-22,80,Partially Available
E00246,2026-05-24,2026-06-22,100,Fully Allocated
E00247,2026-04-22,2026-07-06,60,Available
E00248,2026-04-07,2026-05-01,100,Fully Allocated
E00249,2026-03-31,2026-06-22,30,Available
E00250,2026-05-09,2026-07-18,60,Available
E00251,2026-04-30,2026-07-10,50,Available
E00252,2026-04-22,2026-07-11,10,Available
E00253,2026-05-06,2026-06-08,50,Available
E00254,2026-05-05,2026-06-24,20,Available
E00255,2026-04-26,2026-06-03,80,Partially Available
E00256,2026-04-21,2026-05-18,80,Partially Available
E00257,2026-03-23,2026-06-02,60,Available
E00258,2026-05-14,2026-06-10,70,Partially Available
E00259,2026-03-03,2026-05-25,10,Available
E00260,2026-04-23,2026-06-03,50,Available
E00261,2026-04-20,2026-06-12,30,Available
E00262,2026-05-06,2026-07-09,60,Available
E00263,2026-04-01,2026-05-19,40,Available
E00264,2026-03-31,2026-05-08,30,Available
E00265,2026-04-19,2026-05-08,100,Fully Allocated
E00266,2026-04-08,2026-05-14,90,Partially Available
E00267,2026-04-05,2026-06-13,50,Available
E00268,2026-05-11,2026-05-21,100,Fully Allocated
E00269,2026-04-07,2026-05-12,70,Partially Available
E00270,2026-04-27,2026-06-23,40,Available
E00271,2026-05-25,2026-06-09,100,Fully Allocated
E00272,2026-05-05,2026-05-26,80,Partially Available
E00273,2026-04-24,2026-06-07,90,Partially Available
E00274,2026-04-29,2026-06-28,10,Available
E00275,2026-05-03,2026-07-24,10,Available
E00276,2026-04-12,2026-05-19,90,Partially Available
E00277,2026-04-13,2026-04-30,100,Fully Allocated
E00278,2026-04-27,2026-07-22,40,Available
E00279,2026-05-01,2026-06-14,80,Partially Available
E00280,2026-05-18,2026-07-01,50,Available
E00281,2026-03-13,2026-04-24,50,Available
E00282,2026-04-10,2026-06-13,40,Available
E00283,2026-04-30,2026-07-03,20,Available
E00284,2026-03-23,2026-05-11,30,Available
E00285,2026-05-01,2026-05-26,80,Partially Available
E00286,2026-04-03,2026-06-29,10,Available
E00287,2026-05-11,2026-06-17,80,Partially Available
E00288,2026-04-24,2026-05-29,90,Partially Available
E00289,2026-04-22,2026-05-11,90,Partially Available
E00290,2026-02-23,2026-03-29,90,Partially Available
E00291,2026-05-19,2026-08-12,30,Available
E00292,2026-04-15,2026-06-02,20,Available
E00293,2026-03-25,2026-06-06,60,Available
E00294,2026-04-16,2026-06-02,10,Available
E00295,2026-03-29,2026-05-01,20,Available
E00296,2026-03-19,2026-04-25,20,Available
E00297,2026-05-24,2026-06-21,80,Partially Available
E00298,2026-05-06,2026-07-04,60,Available
E00299,2026-05-16,2026-06-15,90,Partially Available
E00300,2026-04-16,2026-06-04,40,Available
E00301,2026-03-02,2026-04-08,30,Available
E00302,2026-04-30,2026-06-03,50,Available
E00303,2026-02-25,2026-03-20,90,Partially Available
E00304,2026-02-17,2026-03-05,70,Partially Available
E00305,2026-05-08,2026-05-30,80,Partially Available
E00306,2026-05-14,2026-05-27,100,Fully Allocated
E00307,2026-04-13,2026-05-15,90,Partially Available
E00308,2026-03-12,2026-06-02,50,Available
E00309,2026-04-03,2026-05-24,10,Available
E00310,2026-04-15,2026-04-30,100,Fully Allocated
E00311,2026-04-23,2026-06-02,60,Available
E00312,2026-03-22,2026-05-02,20,Available
E00313,2026-04-08,2026-05-15,10,Available
E00314,2026-04-24,2026-05-31,90,Partially Available
E00315,2026-04-13,2026-05-24,90,Partially Available
E00316,2026-03-29,2026-05-14,40,Available
E00317,2026-04-16,2026-05-26,90,Partially Available
E00318,2026-05-05,2026-05-30,100,Fully Allocated
E00319,2026-03-27,2026-04-11,70,Partially Available
E00320,2026-04-21,2026-05-31,70,Partially Available
E00321,2026-05-01,2026-06-21,10,Available
E00322,2026-04-22,2026-05-09,80,Partially Available
E00323,2026-05-19,2026-06-08,100,Fully Allocated
E00324,2026-05-14,2026-06-30,50,Available
E00325,2026-05-07,2026-06-19,90,Partially Available
E00326,2026-05-08,2026-05-16,100,Fully Allocated
E00327,2026-03-11,2026-05-19,60,Available
E00328,2026-03-31,2026-05-16,20,Available
E00329,2026-06-02,2026-06-25,90,Partially Available
E00330,2026-05-06,2026-06-16,10,Available
E00331,2026-04-05,2026-06-12,10,Available
E00332,2026-05-08,2026-05-23,90,Partially Available
E00333,2026-04-29,2026-06-29,30,Available
E00334,2026-05-08,2026-06-27,30,Available
E00335,2026-02-16,2026-03-23,80,Partially Available
E00336,2026-05-07,2026-06-04,80,Partially Available
E00337,2026-03-18,2026-03-26,100,Fully Allocated
E00338,2026-04-24,2026-07-11,50,Available
E00339,2026-04-08,2026-04-29,70,Partially Available
E00340,2026-05-15,2026-06-28,40,Available
E00341,2026-05-15,2026-07-14,20,Available
E00342,2026-05-06,2026-07-02,60,Available
E00343,2026-04-05,2026-06-14,20,Available
E00344,2026-04-08,2026-05-15,60,Available
E00345,2026-03-26,2026-05-01,10,Available
E00346,2026-04-30,2026-05-18,80,Partially Available
E00347,2026-05-01,2026-05-25,80,Partially Available
E00348,2026-04-01,2026-06-08,20,Available
E00349,2026-01-30,2026-04-16,20,Available
E00350,2026-04-27,2026-06-25,60,Available
E00351,2026-04-29,2026-07-12,20,Available
E00352,2026-03-10,2026-05-18,30,Available
E00353,2026-04-19,2026-05-12,70,Partially Available
E00354,2026-03-09,2026-05-18,30,Available
E00355,2026-03-18,2026-04-21,20,Available
E00356,2026-05-07,2026-06-11,70,Partially Available
E00357,2026-05-08,2026-05-28,90,Partially Available
E00358,2026-02-26,2026-04-12,30,Available
E00359,2025-09-19,2025-10-19,90,Partially Available
E00360,2026-03-21,2026-04-10,100,Fully Allocated
E00361,2026-02-21,2026-04-10,30,Available
E00362,2026-03-04,2026-04-21,30,Available
E00363,2026-02-12,2026-03-06,100,Fully Allocated
E00364,2026-03-16,2026-06-12,10,Available
E00365,2026-05-14,2026-06-02,80,Partially Available
E00366,2026-03-27,2026-06-23,20,Available
E00367,2026-04-18,2026-05-03,80,Partially Available
E00368,2026-03-25,2026-04-13,90,Partially Available
E00369,2026-03-03,2026-03-26,70,Partially Available
E00370,2025-12-30,2026-02-18,30,Available
E00371,2026-04-17,2026-05-08,70,Partially Available
E00372,2026-02-24,2026-05-06,40,Available
E00373,2026-03-14,2026-05-07,10,Available
E00374,2026-04-24,2026-07-18,40,Available
E00375,2026-04-21,2026-05-20,70,Partially Available
E00376,2024-03-15,2024-04-19,80,Partially Available
E00377,2025-11-11,2026-01-23,30,Available
E00378,2026-04-24,2026-05-21,70,Partially Available
E00379,2026-05-14,2026-06-07,100,Fully Allocated
E00380,2026-04-07,2026-05-27,40,Available
E00381,2026-03-06,2026-03-22,100,Fully Allocated
E00382,2026-03-13,2026-05-05,50,Available
E00383,2026-03-13,2026-03-20,100,Fully Allocated
E00384,2026-04-02,2026-05-12,90,Partially Available
E00385,2026-01-13,2026-03-19,30,Available
E00386,2026-03-14,2026-04-14,70,Partially Available
E00387,2025-02-04,2025-03-26,20,Available
E00388,2026-04-24,2026-07-07,20,Available
E00389,2026-03-30,2026-04-30,30,Available
E00390,2026-04-26,2026-05-25,70,Partially Available
E00391,2026-03-23,2026-06-04,10,Available
E00392,2026-04-12,2026-05-13,10,Available
E00393,2026-05-02,2026-05-23,80,Partially Available
E00394,2026-05-04,2026-05-22,90,Partially Available
E00395,2026-04-23,2026-05-21,70,Partially Available
E00396,2026-04-17,2026-05-19,70,Partially Available
E00397,2026-05-30,2026-06-16,100,Fully Allocated
E00398,2026-02-10,2026-02-27,90,Partially Available
E00399,2026-03-17,2026-04-03,90,Partially Available
E00400,2026-05-01,2026-06-02,90,Partially Available
E00401,2026-03-05,2026-04-11,70,Partially Available
E00402,2026-02-18,2026-04-21,40,Available
E00403,2026-04-01,2026-04-28,80,Partially Available
E00404,2026-04-26,2026-06-19,40,Available
E00405,2026-05-09,2026-05-28,90,Partially Available
E00406,2025-12-29,2026-03-04,40,Available
E00407,2026-03-27,2026-05-30,10,Available
E00408,2026-03-04,2026-04-21,50,Available
E00409,2026-03-28,2026-06-10,40,Available
E00410,2026-04-10,2026-06-26,60,Available
E00411,2026-04-30,2026-06-17,30,Available
E00412,2026-03-26,2026-05-27,20,Available
E00413,2026-02-02,2026-03-21,60,Available
E00414,2026-03-31,2026-05-11,90,Partially Available
E00415,2026-04-25,2026-06-08,80,Partially Available
E00416,2026-03-01,2026-04-30,50,Available
E00417,2026-04-01,2026-06-08,60,Available
E00418,2026-01-30,2026-02-16,70,Partially Available
E00419,2025-12-12,2026-02-01,10,Available
E00420,2026-04-07,2026-05-11,70,Partially Available
E00421,2026-03-05,2026-04-13,40,Available
E00422,2026-04-04,2026-06-25,10,Available
E00423,2024-12-26,2025-01-17,90,Partially Available
E00424,2026-05-05,2026-07-07,20,Available
E00425,2025-10-26,2025-11-19,80,Partially Available
E00426,2026-04-20,2026-07-11,60,Available
E00427,2025-11-12,2025-12-29,50,Available
E00428,2026-03-13,2026-04-23,10,Available
E00429,2026-02-23,2026-03-23,80,Partially Available
E00430,2026-05-05,2026-06-13,90,Partially Available
E00431,2026-05-16,2026-05-24,100,Fully Allocated
E00432,2026-05-09,2026-06-24,30,Available
E00433,2026-03-01,2026-05-21,60,Available
E00434,2026-04-13,2026-05-24,50,Available
E00435,2026-04-27,2026-05-18,90,Partially Available
E00436,2026-04-11,2026-05-10,90,Partially Available
E00437,2024-03-29,2024-04-29,30,Available
E00438,2026-05-03,2026-06-28,60,Available
E00439,2025-11-27,2026-01-21,60,Available
E00440,2026-05-15,2026-07-08,10,Available
E00441,2025-06-20,2025-07-31,10,Available
E00442,2026-04-21,2026-05-22,80,Partially Available
E00443,2026-04-29,2026-05-29,30,Available
E00444,2025-10-19,2025-11-02,100,Fully Allocated
E00445,2026-04-03,2026-04-22,90,Partially Available
E00446,2026-05-05,2026-07-01,50,Available
E00447,2026-02-06,2026-03-20,70,Partially Available
E00448,2026-02-23,2026-04-03,80,Partially Available
E00449,2026-02-20,2026-03-14,80,Partially Available
E00450,2025-07-06,2025-09-27,50,Available
E00451,2025-09-09,2025-11-29,40,Available
E00452,2026-03-23,2026-05-05,40,Available
E00453,2026-04-18,2026-05-23,40,Available
E00454,2026-03-04,2026-04-05,80,Partially Available
E00455,2026-04-13,2026-04-24,100,Fully Allocated
E00456,2026-04-24,2026-05-18,90,Partially Available
E00457,2025-09-26,2025-10-25,80,Partially Available
E00458,2026-04-24,2026-05-11,70,Partially Available
E00459,2026-03-14,2026-03-31,80,Partially Available
E00460,2026-01-31,2026-03-16,90,Partially Available
E00461,2026-02-16,2026-04-03,50,Available
E00462,2026-03-29,2026-06-12,50,Available
E00463,2023-09-01,2023-10-27,60,Available
E00464,2026-03-09,2026-05-01,40,Available
E00465,2026-03-13,2026-04-21,60,Available
E00466,2026-03-02,2026-05-21,10,Available
E00467,2026-02-23,2026-03-25,70,Partially Available
E00468,2026-04-27,2026-06-12,60,Available
E00469,2023-12-20,2024-03-10,40,Available
E00470,2024-10-20,2024-11-16,90,Partially Available
E00471,2024-04-11,2024-04-26,70,Partially Available
E00472,2026-04-28,2026-06-29,30,Available
E00473,2026-03-10,2026-04-10,90,Partially Available
E00474,2026-02-08,2026-03-27,40,Available
E00475,2026-04-16,2026-07-14,40,Available
E00476,2025-06-28,2025-09-14,10,Available
E00477,2025-11-11,2026-01-23,20,Available
E00478,2026-04-28,2026-05-18,80,Partially Available
E00479,2026-04-01,2026-05-07,30,Available
E00480,2026-02-01,2026-03-04,80,Partially Available
E00481,2026-03-22,2026-05-16,20,Available
E00482,2025-06-20,2025-07-12,100,Fully Allocated
E00483,2026-01-17,2026-02-16,30,Available
E00484,2026-03-13,2026-04-22,10,Available
E00485,2026-03-13,2026-04-21,10,Available
E00486,2026-04-22,2026-05-31,80,Partially Available
E00487,2026-03-02,2026-05-27,10,Available
E00488,2026-04-23,2026-04-30,100,Fully Allocated
E00489,2025-10-21,2025-11-15,90,Partially Available
E00490,2026-04-05,2026-06-29,20,Available
E00491,2026-02-12,2026-03-01,70,Partially Available
E00492,2026-03-28,2026-06-20,30,Available
E00493,2026-04-17,2026-05-17,70,Partially Available
E00494,2026-04-02,2026-05-02,10,Available
E00495,2026-01-02,2026-01-23,70,Partially Available
E00496,2026-02-24,2026-05-07,30,Available
E00497,2026-02-17,2026-03-12,100,Fully Allocated
E00498,2025-03-31,2025-06-19,30,Available
E00499,2026-04-07,2026-07-05,50,Available
E00500,2026-04-06,2026-05-04,90,Partially Available
E00501,2026-04-01,2026-05-23,60,Available
E00502,2026-04-16,2026-05-08,100,Fully Allocated
E00503,2025-12-22,2026-01-22,70,Partially Available
E00504,2024-07-06,2024-08-03,70,Partially Available
E00505,2025-07-21,2025-08-28,40,Available
E00506,2026-03-14,2026-04-18,90,Partially Available
E00507,2026-03-01,2026-05-14,50,Available
E00508,2026-03-04,2026-04-04,60,Available
E00509,2026-03-13,2026-06-02,50,Available
E00510,2025-07-26,2025-09-25,10,Available
E00511,2026-04-06,2026-05-13,40,Available
E00512,2026-04-23,2026-06-27,20,Available
E00513,2026-03-07,2026-04-16,70,Partially Available
E00514,2025-11-16,2026-01-21,20,Available
E00515,2025-01-29,2025-02-27,70,Partially Available
E00516,2026-03-12,2026-05-14,30,Available
E00517,2024-09-06,2024-10-26,50,Available
E00518,2025-02-21,2025-03-30,80,Partially Available
E00519,2025-09-18,2025-10-26,50,Available
E00520,2025-09-09,2025-11-17,40,Available
E00521,2024-12-25,2025-02-07,90,Partially Available
E00522,2026-04-27,2026-06-21,20,Available
E00523,2026-02-05,2026-04-18,30,Available
E00524,2026-01-16,2026-03-08,10,Available
E00525,2025-03-12,2025-04-23,50,Available
E00526,2025-08-08,2025-09-16,90,Partially Available
E00527,2026-04-09,2026-05-15,10,Available
E00528,2025-09-07,2025-11-26,60,Available
E00529,2024-05-07,2024-07-02,40,Available
E00530,2026-04-17,2026-05-31,40,Available
E00531,2026-02-27,2026-03-25,90,Partially Available
E00532,2025-10-11,2025-10-30,100,Fully Allocated
E00533,2026-04-05,2026-06-06,10,Available
E00534,2025-08-25,2025-09-29,80,Partially Available
E00535,2024-05-13,2024-07-06,50,Available
E00536,2025-12-31,2026-01-22,70,Partially Available
E00537,2025-03-12,2025-04-10,80,Partially Available
E00538,2025-10-01,2025-11-06,90,Partially Available
E00539,2026-03-21,2026-05-03,80,Partially Available
E00540,2026-03-20,2026-04-17,80,Partially Available
E00541,2024-01-10,2024-02-01,90,Partially Available
E00542,2024-04-20,2024-06-12,50,Available
E00543,2024-05-14,2024-06-15,50,Available
E00544,2026-03-16,2026-04-26,40,Available
E00545,2025-01-04,2025-03-21,40,Available
E00546,2023-11-19,2023-12-25,80,Partially Available
E00547,2025-01-05,2025-02-19,40,Available
E00548,2024-04-12,2024-05-18,60,Available
E00549,2025-12-10,2026-01-26,10,Available
E00550,2026-04-06,2026-04-25,100,Fully Allocated
E00551,2026-02-05,2026-05-04,30,Available
E00552,2025-09-29,2025-11-20,50,Available
E00553,2026-02-27,2026-04-08,90,Partially Available
E00554,2025-05-31,2025-08-06,10,Available
E00555,2025-07-10,2025-07-26,70,Partially Available
E00556,2026-03-12,2026-04-12,40,Available
E00557,2025-10-28,2025-12-18,60,Available
E00558,2026-04-01,2026-06-20,50,Available
E00559,2026-04-01,2026-06-07,50,Available
E00560,2024-03-21,2024-04-29,70,Partially Available
E00561,2026-03-31,2026-04-24,90,Partially Available
E00562,2026-04-01,2026-05-28,20,Available
E00563,2026-01-20,2026-02-20,90,Partially Available
E00564,2025-12-31,2026-03-21,40,Available
E00565,2026-03-12,2026-04-03,100,Fully Allocated
E00566,2025-07-06,2025-08-07,90,Partially Available
E00567,2025-09-14,2025-12-11,60,Available
E00568,2023-11-27,2023-12-30,70,Partially Available
E00569,2025-08-12,2025-08-20,100,Fully Allocated
E00570,2026-04-01,2026-06-04,10,Available
E00571,2026-03-30,2026-05-13,30,Available
E00572,2026-04-01,2026-05-15,20,Available
E00573,2026-04-01,2026-06-13,30,Available
E00574,2025-10-14,2026-01-03,20,Available
E00575,2026-01-07,2026-03-22,60,Available
E00576,2026-04-06,2026-05-13,90,Partially Available
E00577,2026-04-16,2026-04-24,100,Fully Allocated
E00578,2025-05-19,2025-06-20,80,Partially Available
E00579,2025-02-18,2025-04-03,60,Available
E00580,2026-04-12,2026-05-29,40,Available
E00581,2025-10-26,2025-11-22,80,Partially Available
E00582,2026-04-01,2026-06-07,40,Available
E00583,2026-04-01,2026-05-08,20,Available
E00584,2026-04-01,2026-05-01,80,Partially Available
E00585,2024-03-31,2024-05-04,70,Partially Available
E00586,2024-11-06,2025-02-03,10,Available
E00587,2026-04-01,2026-05-11,80,Partially Available
E00588,2024-01-28,2024-04-01,30,Available
E00589,2025-03-19,2025-04-11,100,Fully Allocated
E00590,2026-04-01,2026-05-26,60,Available
E00591,2025-11-15,2026-01-01,10,Available
E00592,2024-06-25,2024-07-13,100,Fully Allocated
E00593,2026-04-29,2026-06-04,60,Available
E00594,2025-03-03,2025-03-29,80,Partially Available
E00595,2026-04-06,2026-04-23,90,Partially Available
E00596,2026-04-01,2026-05-12,60,Available
E00597,2024-05-16,2024-08-10,10,Available
E00598,2026-03-15,2026-05-30,20,Available
E00599,2026-02-22,2026-03-25,80,Partially Available
E00600,2026-03-13,2026-05-25,20,Available
E00601,2026-01-31,2026-02-23,90,Partially Available
E00602,2026-04-01,2026-06-23,30,Available
E00603,2026-04-01,2026-05-01,10,Available
E00604,2026-03-13,2026-05-06,60,Available
E00605,2026-03-20,2026-05-04,50,Available
E00606,2026-04-01,2026-05-10,70,Partially Available
E00607,2026-02-01,2026-04-29,50,Available
E00608,2025-01-05,2025-02-03,70,Partially Available
E00609,2024-06-11,2024-07-21,10,Available
E00610,2026-03-18,2026-04-06,90,Partially Available
E00611,2025-03-21,2025-05-28,20,Available
E00612,2026-04-01,2026-05-03,10,Available
E00613,2026-04-01,2026-06-14,20,Available
E00614,2023-11-02,2024-01-26,40,Available
E00615,2026-03-29,2026-04-25,80,Partially Available
E00616,2024-11-07,2025-01-26,50,Available
E00617,2026-04-01,2026-06-11,50,Available
E00618,2024-08-02,2024-10-09,10,Available
E00619,2026-03-18,2026-04-21,90,Partially Available
E00620,2026-02-16,2026-05-09,60,Available
E00621,2025-06-25,2025-08-16,30,Available
E00622,2026-03-25,2026-05-08,50,Available
E00623,2026-05-01,2026-06-17,30,Available
E00624,2026-01-04,2026-03-26,50,Available
E00625,2026-04-06,2026-04-27,90,Partially Available
E00626,2026-02-17,2026-03-06,80,Partially Available
E00627,2026-02-25,2026-04-24,20,Available
E00628,2025-07-08,2025-08-26,60,Available
E00629,2026-02-02,2026-04-14,10,Available
E00630,2026-04-01,2026-05-15,30,Available
E00631,2025-12-02,2025-12-28,70,Partially Available
E00632,2025-10-29,2025-11-28,80,Partially Available
E00633,2024-06-28,2024-09-21,10,Available
E00634,2026-03-27,2026-06-15,10,Available
E00635,2025-02-12,2025-03-25,50,Available
E00636,2025-01-15,2025-03-10,60,Available
E00637,2026-04-01,2026-06-22,20,Available
E00638,2026-04-01,2026-06-03,40,Available
E00639,2026-03-31,2026-05-07,50,Available
E00640,2026-04-15,2026-05-04,100,Fully Allocated
E00641,2026-02-25,2026-03-04,100,Fully Allocated
E00642,2025-12-30,2026-02-22,20,Available
E00643,2026-04-01,2026-04-17,70,Partially Available
E00644,2026-03-18,2026-04-30,40,Available
E00645,2023-11-07,2024-01-11,50,Available
E00646,2024-11-28,2025-01-02,10,Available
E00647,2026-02-14,2026-04-29,60,Available
E00648,2024-06-08,2024-07-16,20,Available
E00649,2026-04-11,2026-05-11,80,Partially Available
E00650,2025-03-02,2025-03-17,90,Partially Available
E00651,2026-02-22,2026-03-17,70,Partially Available
E00652,2024-03-01,2024-04-23,60,Available
E00653,2026-02-10,2026-02-23,100,Fully Allocated
E00654,2026-05-06,2026-06-22,40,Available
E00655,2026-04-01,2026-06-17,10,Available
E00656,2026-04-01,2026-04-22,80,Partially Available
E00657,2026-04-01,2026-05-18,20,Available
E00658,2026-04-01,2026-04-24,70,Partially Available
E00659,2026-04-03,2026-05-30,60,Available
E00660,2024-03-24,2024-06-13,20,Available
E00661,2026-04-01,2026-05-02,10,Available
E00662,2025-12-08,2026-02-12,20,Available
E00663,2026-04-01,2026-04-24,70,Partially Available
E00664,2025-02-27,2025-03-17,70,Partially Available
E00665,2026-02-26,2026-03-28,90,Partially Available
E00666,2026-04-01,2026-06-22,30,Available
E00667,2026-04-01,2026-05-24,10,Available
E00668,2024-05-08,2024-07-11,10,Available
E00669,2025-12-20,2026-01-09,90,Partially Available
E00670,2026-01-14,2026-03-01,10,Available
E00671,2025-05-21,2025-06-15,100,Fully Allocated
E00672,2025-10-08,2025-10-30,70,Partially Available
E00673,2026-04-01,2026-04-25,70,Partially Available
E00674,2026-04-01,2026-05-10,50,Available
E00675,2026-03-30,2026-05-14,60,Available
E00676,2026-03-16,2026-05-22,10,Available
E00677,2026-04-16,2026-05-12,100,Fully Allocated
E00678,2026-04-01,2026-05-13,80,Partially Available
E00679,2026-04-10,2026-05-02,90,Partially Available
E00680,2025-07-30,2025-10-02,30,Available
E00681,2026-04-01,2026-04-17,70,Partially Available
E00682,2024-04-24,2024-06-02,10,Available
E00683,2026-03-08,2026-03-30,90,Partially Available
E00684,2026-04-16,2026-05-04,100,Fully Allocated
E00685,2026-04-01,2026-06-21,50,Available
E00686,2026-04-01,2026-05-12,10,Available
E00687,2026-04-01,2026-06-10,10,Available
E00688,2026-01-25,2026-03-07,70,Partially Available
E00689,2026-04-01,2026-05-19,40,Available
E00690,2026-04-01,2026-05-10,80,Partially Available
E00691,2026-04-16,2026-05-14,100,Fully Allocated
E00692,2026-04-01,2026-05-15,30,Available
E00693,2026-04-01,2026-04-21,100,Fully Allocated
E00694,2026-04-01,2026-06-06,20,Available
E00695,2024-11-04,2024-12-17,80,Partially Available
E00696,2025-01-12,2025-02-28,60,Available
E00697,2026-04-16,2026-05-04,100,Fully Allocated
E00698,2024-08-07,2024-09-17,70,Partially Available
E00699,2025-12-03,2025-12-23,80,Partially Available
E00700,2026-04-01,2026-05-20,60,Available
E00701,2023-07-11,2023-08-30,50,Available
E00702,2025-07-31,2025-09-27,40,Available
E00703,2026-04-01,2026-06-12,50,Available
E00704,2024-08-19,2024-09-17,70,Partially Available
E00705,2025-03-21,2025-05-11,10,Available
E00706,2026-04-01,2026-05-08,80,Partially Available
E00707,2026-04-16,2026-04-26,100,Fully Allocated
E00708,2025-09-16,2025-12-13,40,Available
E00709,2024-12-18,2025-02-09,40,Available
E00710,2026-03-15,2026-04-04,100,Fully Allocated
E00711,2025-09-12,2025-10-01,70,Partially Available
E00712,2025-08-01,2025-09-07,70,Partially Available
E00713,2025-07-21,2025-10-12,30,Available
E00714,2026-01-31,2026-03-13,90,Partially Available
E00715,2026-04-01,2026-06-28,60,Available
E00716,2025-02-20,2025-03-27,80,Partially Available
E00717,2026-04-06,2026-05-13,90,Partially Available
E00718,2026-04-01,2026-06-12,20,Available
E00719,2025-05-16,2025-08-05,10,Available
E00720,2026-04-06,2026-04-27,90,Partially Available
E00721,2026-04-01,2026-05-13,10,Available
E00722,2026-04-01,2026-05-19,50,Available
E00723,2024-07-25,2024-10-18,20,Available
E00724,2025-04-23,2025-06-17,40,Available
E00725,2026-02-26,2026-03-16,90,Partially Available
E00726,2024-04-06,2024-05-02,100,Fully Allocated
E00727,2025-05-08,2025-06-03,90,Partially Available
E00728,2026-04-01,2026-06-15,50,Available
E00729,2026-03-17,2026-05-18,10,Available
E00730,2026-04-01,2026-06-09,30,Available
E00731,2026-04-01,2026-05-01,70,Partially Available
E00732,2025-10-01,2025-11-05,90,Partially Available
E00733,2026-02-21,2026-05-18,60,Available
E00734,2026-04-06,2026-05-09,90,Partially Available
E00735,2026-04-01,2026-04-20,70,Partially Available
E00736,2025-05-02,2025-06-14,20,Available
E00737,2026-04-01,2026-06-13,20,Available
E00738,2026-04-06,2026-05-02,90,Partially Available
E00739,2023-07-13,2023-09-10,40,Available
E00740,2026-04-01,2026-05-31,10,Available
E00741,2025-02-04,2025-03-25,50,Available
E00742,2026-04-06,2026-05-02,90,Partially Available
E00743,2025-02-11,2025-04-24,40,Available
E00744,2026-04-01,2026-06-16,10,Available
E00745,2025-12-06,2026-01-11,50,Available
E00746,2026-04-01,2026-04-25,80,Partially Available
E00747,2026-04-01,2026-06-06,20,Available
E00748,2025-05-13,2025-07-28,40,Available
E00749,2026-04-01,2026-04-17,80,Partially Available
E00750,2026-02-21,2026-04-13,50,Available
E00751,2025-07-31,2025-09-11,50,Available
E00752,2026-04-06,2026-05-04,90,Partially Available
E00753,2026-04-01,2026-06-21,50,Available
E00754,2026-04-01,2026-06-07,30,Available
E00755,2026-04-01,2026-05-31,40,Available
E00756,2026-04-16,2026-04-23,100,Fully Allocated
E00757,2026-04-01,2026-06-16,10,Available
E00758,2026-04-01,2026-06-12,50,Available
E00759,2024-06-16,2024-07-28,50,Available
E00760,2026-04-01,2026-06-29,30,Available
E00761,2023-08-10,2023-09-25,10,Available
E00762,2026-04-01,2026-05-04,10,Available
E00763,2024-05-29,2024-08-21,40,Available
E00764,2026-04-01,2026-06-12,40,Available
E00765,2026-04-01,2026-05-31,40,Available
E00766,2026-04-01,2026-06-24,20,Available
E00767,2026-04-01,2026-06-02,40,Available
E00768,2026-04-01,2026-05-14,60,Available
E00769,2026-04-06,2026-05-11,90,Partially Available
E00770,2026-04-01,2026-05-22,60,Available
E00771,2024-02-14,2024-03-19,60,Available
E00772,2023-10-13,2023-11-19,90,Partially Available
E00773,2026-04-16,2026-05-14,100,Fully Allocated
E00774,2026-04-16,2026-05-13,100,Fully Allocated
E00775,2026-04-06,2026-04-25,90,Partially Available
E00776,2026-04-01,2026-05-10,70,Partially Available
E00777,2026-04-01,2026-05-03,20,Available
E00778,2026-04-01,2026-06-10,20,Available
E00779,2026-04-01,2026-05-13,10,Available
E00780,2026-04-01,2026-04-26,80,Partially Available
E00781,2026-04-01,2026-06-19,10,Available
E00782,2025-03-01,2025-05-11,40,Available
E00783,2023-11-29,2023-12-28,100,Fully Allocated
E00784,2026-04-06,2026-04-26,90,Partially Available
E00785,2026-04-01,2026-05-24,50,Available
E00786,2025-04-24,2025-05-17,90,Partially Available
E00787,2026-04-16,2026-05-05,100,Fully Allocated
E00788,2026-04-01,2026-05-22,20,Available
E00789,2024-07-07,2024-08-08,70,Partially Available
E00790,2026-04-01,2026-05-10,40,Available
E00791,2026-04-01,2026-06-16,20,Available
E00792,2024-12-03,2025-01-13,30,Available
E00793,2026-04-01,2026-06-21,50,Available
E00794,2026-04-01,2026-05-30,20,Available
E00795,2026-04-06,2026-05-05,90,Partially Available
E00796,2026-04-01,2026-06-15,60,Available
E00797,2026-04-01,2026-05-19,50,Available
E00798,2026-04-01,2026-05-19,60,Available
E00799,2026-04-06,2026-05-11,90,Partially Available
E00800,2026-04-01,2026-04-25,90,Partially Available
E00801,2026-04-16,2026-04-23,100,Fully Allocated
E00802,2026-04-01,2026-06-26,10,Available
E00803,2026-04-01,2026-06-21,10,Available
E00804,2026-04-01,2026-04-22,70,Partially Available
E00805,2026-04-01,2026-06-24,40,Available
E00806,2026-04-01,2026-06-24,60,Available
E00807,2026-04-01,2026-05-11,10,Available
E00808,2026-04-01,2026-06-22,40,Available
E00809,2026-04-01,2026-04-19,80,Partially Available
E00810,2026-04-01,2026-04-19,70,Partially Available
E00811,2025-06-28,2025-07-25,100,Fully Allocated
E00812,2026-04-01,2026-05-22,30,Available
E00813,2025-01-27,2025-03-07,60,Available
E00814,2026-04-01,2026-05-23,30,Available
E00815,2026-04-16,2026-04-27,100,Fully Allocated
E00816,2026-04-01,2026-06-17,60,Available
E00817,2026-04-01,2026-06-29,10,Available
E00818,2026-04-01,2026-04-27,80,Partially Available
E00819,2026-04-01,2026-06-26,40,Available
E00820,2026-04-01,2026-05-30,20,Available
E00821,2026-04-01,2026-06-26,30,Available
E00822,2026-04-01,2026-06-02,30,Available
E00823,2023-09-22,2023-10-11,80,Partially Available
E00824,2024-06-29,2024-08-15,30,Available
E00825,2024-05-02,2024-06-04,60,Available
E00826,2026-04-01,2026-05-27,20,Available
E00827,2026-04-01,2026-04-30,80,Partially Available
E00828,2026-04-01,2026-05-23,50,Available
E00829,2026-04-01,2026-05-11,80,Partially Available
E00830,2024-08-23,2024-09-27,30,Available
E00831,2026-04-06,2026-04-27,90,Partially Available
E00832,2026-04-06,2026-05-09,90,Partially Available
E00833,2026-04-01,2026-06-15,60,Available
E00834,2026-04-01,2026-05-15,50,Available
E00835,2026-04-01,2026-06-22,10,Available
E00836,2026-04-16,2026-05-08,100,Fully Allocated
E00837,2026-04-01,2026-05-22,10,Available
E00838,2026-02-21,2026-04-23,60,Available
E00839,2024-04-16,2024-05-30,10,Available
E00840,2026-04-01,2026-05-12,70,Partially Available
E00841,2026-04-01,2026-05-06,60,Available
E00842,2026-04-01,2026-05-06,50,Available
E00843,2026-04-01,2026-05-10,70,Partially Available
E00844,2024-05-11,2024-05-31,80,Partially Available
E00845,2026-04-16,2026-05-04,100,Fully Allocated
E00846,2026-04-06,2026-04-22,90,Partially Available
E00847,2023-04-13,2023-06-06,10,Available
E00848,2026-04-01,2026-05-04,50,Available
E00849,2026-04-01,2026-06-24,30,Available
E00850,2023-07-11,2023-07-31,80,Partially Available
E00851,2026-04-01,2026-06-26,30,Available
E00852,2026-04-16,2026-05-02,100,Fully Allocated
E00853,2026-04-01,2026-06-20,40,Available
E00854,2025-01-08,2025-04-03,60,Available
E00855,2026-04-01,2026-06-06,20,Available
E00856,2024-09-25,2024-10-15,70,Partially Available
E00857,2026-04-01,2026-05-14,40,Available
E00858,2024-01-31,2024-04-16,60,Available
E00859,2026-01-29,2026-03-18,10,Available
E00860,2026-04-01,2026-06-20,20,Available
E00861,2026-04-01,2026-05-07,50,Available
E00862,2026-04-06,2026-05-12,90,Partially Available
E00863,2026-04-16,2026-05-10,100,Fully Allocated
E00864,2026-04-01,2026-06-27,40,Available
E00865,2026-04-16,2026-05-04,100,Fully Allocated
E00866,2026-04-01,2026-04-23,70,Partially Available
E00867,2024-12-09,2025-01-20,70,Partially Available
E00868,2026-04-01,2026-05-06,70,Partially Available
E00869,2025-06-20,2025-07-27,80,Partially Available
E00870,2026-04-01,2026-06-04,30,Available
E00871,2026-04-01,2026-06-16,60,Available
E00872,2026-04-01,2026-05-10,10,Available
E00873,2026-04-01,2026-06-22,10,Available
E00874,2026-04-06,2026-05-18,90,Partially Available
E00875,2026-04-01,2026-05-19,60,Available
E00876,2026-04-01,2026-06-13,10,Available
E00877,2026-04-01,2026-06-04,40,Available
E00878,2026-04-06,2026-05-18,90,Partially Available
E00879,2026-04-01,2026-06-15,10,Available
E00880,2026-04-01,2026-06-18,40,Available
E00881,2026-04-01,2026-05-12,70,Partially Available
E00882,2026-04-01,2026-05-03,60,Available
E00883,2026-04-01,2026-04-22,80,Partially Available
E00884,2024-01-05,2024-03-01,60,Available
E00885,2026-04-01,2026-05-10,70,Partially Available
E00886,2026-04-01,2026-05-17,50,Available
E00887,2026-04-01,2026-04-30,80,Partially Available
E00888,2026-04-01,2026-05-05,70,Partially Available
E00889,2024-06-14,2024-08-24,50,Available
E00890,2026-03-08,2026-03-21,100,Fully Allocated
E00891,2024-06-08,2024-07-14,90,Partially Available
E00892,2025-06-28,2025-08-16,20,Available
E00893,2026-04-01,2026-05-27,10,Available
E00894,2026-04-06,2026-04-23,90,Partially Available
E00895,2026-04-01,2026-05-07,70,Partially Available
E00896,2026-04-01,2026-06-16,40,Available
E00897,2026-04-01,2026-06-21,10,Available
E00898,2026-04-16,2026-04-27,100,Fully Allocated
E00899,2026-04-01,2026-05-02,20,Available
E00900,2026-04-06,2026-04-29,90,Partially Available
E00901,2026-04-16,2026-05-10,100,Fully Allocated
E00902,2026-04-01,2026-06-14,60,Available
E00903,2026-04-06,2026-05-10,90,Partially Available
E00904,2026-04-01,2026-05-09,80,Partially Available
E00905,2026-04-01,2026-05-07,50,Available
E00906,2026-04-01,2026-04-19,70,Partially Available
E00907,2026-04-01,2026-04-23,70,Partially Available
E00908,2026-04-01,2026-05-12,80,Partially Available
E00909,2026-02-20,2026-03-27,50,Available
E00910,2026-02-21,2026-04-15,10,Available
E00911,2026-04-01,2026-06-05,30,Available
E00912,2026-04-01,2026-04-20,70,Partially Available
E00913,2026-04-01,2026-05-20,40,Available
E00914,2026-04-01,2026-06-24,60,Available
E00915,2026-04-06,2026-05-10,90,Partially Available
E00916,2024-04-11,2024-05-16,80,Partially Available
E00917,2026-04-01,2026-06-10,40,Available
E00918,2026-04-01,2026-06-09,60,Available
E00919,2026-04-01,2026-06-03,60,Available
E00920,2025-08-16,2025-10-23,40,Available
E00921,2026-04-01,2026-06-29,30,Available
E00922,2024-12-13,2025-03-02,30,Available
E00923,2026-04-01,2026-04-25,70,Partially Available
E00924,2025-02-14,2025-03-18,60,Available
E00925,2025-03-26,2025-06-12,30,Available
E00926,2026-04-01,2026-06-03,50,Available
E00927,2026-04-01,2026-06-04,20,Available
E00928,2026-04-01,2026-06-06,20,Available
E00929,2024-11-26,2025-02-08,60,Available
E00930,2026-04-01,2026-06-14,20,Available
E00931,2026-04-01,2026-06-07,20,Available
E00932,2026-04-01,2026-04-29,70,Partially Available
E00933,2026-04-01,2026-05-08,70,Partially Available
E00934,2026-04-01,2026-06-06,50,Available
E00935,2026-04-01,2026-05-06,70,Partially Available
E00936,2025-02-06,2025-02-13,100,Fully Allocated
E00937,2024-12-09,2025-01-01,80,Partially Available
E00938,2026-04-01,2026-05-03,10,Available
E00939,2026-04-01,2026-06-28,60,Available
E00940,2026-04-01,2026-06-07,20,Available
E00941,2026-03-24,2026-05-28,40,Available
E00942,2026-04-01,2026-06-03,10,Available
E00943,2026-04-01,2026-05-15,80,Partially Available
E00944,2025-01-31,2025-02-22,100,Fully Allocated
E00945,2026-04-01,2026-05-14,80,Partially Available
E00946,2023-08-06,2023-09-10,10,Available
E00947,2025-06-30,2025-08-12,60,Available
E00948,2026-04-01,2026-04-25,80,Partially Available
E00949,2025-06-26,2025-08-18,50,Available
E00950,2026-04-06,2026-04-24,90,Partially Available
E00951,2026-04-01,2026-05-24,40,Available
E00952,2026-04-01,2026-05-07,40,Available
E00953,2026-04-06,2026-05-07,90,Partially Available
E00954,2026-04-01,2026-06-06,10,Available
E00955,2026-04-01,2026-06-15,20,Available
E00956,2026-04-01,2026-05-01,70,Partially Available
E00957,2026-03-09,2026-03-31,70,Partially Available
E00958,2026-04-01,2026-06-17,20,Available
E00959,2026-04-01,2026-06-07,60,Available
E00960,2026-04-01,2026-05-25,20,Available
E00961,2026-04-01,2026-06-12,30,Available
E00962,2026-04-01,2026-06-24,60,Available
E00963,2026-02-21,2026-04-25,60,Available
E00964,2026-04-01,2026-05-01,40,Available
E00965,2026-04-01,2026-05-28,20,Available
E00966,2026-04-01,2026-04-24,80,Partially Available
E00967,2026-04-01,2026-05-29,60,Available
E00968,2026-01-03,2026-01-22,80,Partially Available
E00969,2026-04-16,2026-04-24,100,Fully Allocated
E00970,2026-04-01,2026-06-28,10,Available
E00971,2026-04-01,2026-04-29,70,Partially Available
E00972,2026-04-01,2026-06-21,20,Available
E00973,2026-04-01,2026-05-11,80,Partially Available
E00974,2026-04-01,2026-05-13,40,Available
E00975,2026-04-16,2026-05-04,100,Fully Allocated
E00976,2026-04-01,2026-05-22,10,Available
E00977,2026-04-01,2026-05-09,50,Available
E00978,2026-04-01,2026-06-25,10,Available
E00979,2026-04-01,2026-05-06,20,Available
E00980,2026-04-01,2026-06-05,30,Available
E00981,2026-04-01,2026-05-15,80,Partially Available
E00982,2026-04-16,2026-05-02,100,Fully Allocated
E00983,2024-06-18,2024-07-07,70,Partially Available
E00984,2025-01-27,2025-04-25,30,Available
E00985,2026-04-01,2026-06-28,60,Available
E00986,2026-04-06,2026-04-24,90,Partially Available
E00987,2026-04-16,2026-05-12,100,Fully Allocated
E00988,2026-04-16,2026-04-26,100,Fully Allocated
E00989,2026-04-01,2026-05-13,60,Available
E00990,2026-04-01,2026-05-16,10,Available
E00991,2026-04-01,2026-06-12,40,Available
E00992,2026-04-01,2026-06-20,50,Available
E00993,2026-04-01,2026-06-19,10,Available
E00994,2026-04-01,2026-05-26,60,Available
E00995,2026-04-01,2026-06-02,50,Available
E00996,2026-04-06,2026-05-11,90,Partially Available
E00997,2026-03-20,2026-04-22,30,Available
E00998,2026-04-01,2026-05-26,20,Available
E00999,2026-04-16,2026-05-01,100,Fully Allocated
E01000,2026-04-01,2026-06-10,60,Available
E01001,2026-04-01,2026-05-11,60,Available
E01002,2026-04-01,2026-05-05,50,Available
E01003,2026-04-01,2026-06-22,10,Available
E01004,2026-04-01,2026-06-07,40,Available
E01005,2026-04-01,2026-06-21,50,Available
E01006,2024-05-26,2024-07-26,60,Available
E01007,2026-04-01,2026-05-29,30,Available
E01008,2026-04-01,2026-06-07,30,Available
E01009,2023-10-11,2023-10-25,100,Fully Allocated
E01010,2026-04-01,2026-05-28,40,Available
E01011,2026-04-06,2026-05-11,90,Partially Available
E01012,2026-04-01,2026-05-24,30,Available
E01013,2026-04-01,2026-06-25,40,Available
E01014,2026-04-01,2026-05-19,60,Available
E01015,2026-04-01,2026-05-07,70,Partially Available
E01016,2026-02-21,2026-03-23,20,Available
E01017,2026-04-16,2026-04-27,100,Fully Allocated
E01018,2026-04-16,2026-05-15,100,Fully Allocated
E01019,2026-04-01,2026-06-22,60,Available
E01020,2025-04-19,2025-06-06,30,Available
E01021,2026-04-01,2026-05-02,30,Available
E01022,2026-04-06,2026-05-18,90,Partially Available
E01023,2026-04-01,2026-06-17,10,Available
E01024,2026-02-26,2026-03-14,90,Partially Available
E01025,2023-05-13,2023-06-05,80,Partially Available
E01026,2026-04-01,2026-05-18,50,Available
E01027,2025-05-17,2025-07-01,50,Available
E01028,2026-04-01,2026-06-08,30,Available
E01029,2026-04-16,2026-05-01,100,Fully Allocated
E01030,2026-04-01,2026-06-13,10,Available
E01031,2026-04-01,2026-06-20,20,Available
E01032,2026-04-01,2026-05-08,80,Partially Available
E01033,2026-04-01,2026-06-02,50,Available
E01034,2026-04-01,2026-06-29,20,Available
E01035,2026-04-01,2026-06-07,30,Available
E01036,2026-04-01,2026-05-12,80,Partially Available
E01037,2026-04-01,2026-04-17,80,Partially Available
E01038,2024-06-09,2024-07-19,90,Partially Available
E01039,2026-04-06,2026-05-07,90,Partially Available
E01040,2026-04-01,2026-06-22,60,Available
E01041,2026-04-01,2026-05-14,60,Available
E01042,2026-04-16,2026-05-05,100,Fully Allocated
E01043,2024-04-11,2024-06-01,20,Available
E01044,2026-04-01,2026-06-12,10,Available
E01045,2025-03-22,2025-04-21,80,Partially Available
E01046,2026-04-16,2026-05-10,100,Fully Allocated
E01047,2026-04-16,2026-05-12,100,Fully Allocated
E01048,2026-04-16,2026-04-25,100,Fully Allocated
E01049,2026-03-14,2026-03-29,80,Partially Available
E01050,2026-04-01,2026-06-15,20,Available
E01051,2026-04-01,2026-05-17,40,Available
E01052,2026-04-01,2026-06-04,50,Available
E01053,2026-04-01,2026-05-12,30,Available
E01054,2026-04-01,2026-05-02,40,Available
E01055,2026-04-01,2026-06-03,60,Available
E01056,2026-04-16,2026-05-04,100,Fully Allocated
E01057,2026-04-01,2026-05-11,80,Partially Available
E01058,2026-04-01,2026-06-01,30,Available
E01059,2023-09-17,2023-10-22,70,Partially Available
E01060,2026-04-01,2026-04-20,70,Partially Available
E01061,2026-04-01,2026-05-28,50,Available
E01062,2026-04-01,2026-05-23,10,Available
E01063,2026-04-01,2026-06-17,10,Available
E01064,2026-04-06,2026-04-25,90,Partially Available
E01065,2026-04-01,2026-06-04,60,Available
E01066,2024-01-08,2024-04-04,20,Available
E01067,2026-04-01,2026-04-21,70,Partially Available
E01068,2026-04-01,2026-05-19,60,Available
E01069,2026-04-01,2026-06-13,60,Available
E01070,2026-04-16,2026-04-30,100,Fully Allocated
E01071,2026-04-16,2026-04-28,100,Fully Allocated
E01072,2026-04-01,2026-05-14,20,Available
E01073,2026-04-01,2026-06-24,30,Available
E01074,2026-04-01,2026-05-03,20,Available
E01075,2026-04-01,2026-05-11,60,Available
E01076,2026-04-01,2026-06-08,10,Available
E01077,2026-04-01,2026-06-10,20,Available
E01078,2026-04-01,2026-05-09,80,Partially Available
E01079,2026-04-01,2026-06-12,50,Available
E01080,2026-04-01,2026-06-14,40,Available
E01081,2024-06-24,2024-08-10,10,Available
E01082,2024-04-02,2024-06-01,10,Available
E01083,2026-04-01,2026-04-25,70,Partially Available
E01084,2026-04-06,2026-05-16,90,Partially Available
E01085,2026-03-01,2026-04-13,90,Partially Available
E01086,2026-04-01,2026-05-02,10,Available
E01087,2026-04-01,2026-05-15,70,Partially Available
E01088,2026-04-01,2026-04-22,70,Partially Available
E01089,2026-04-01,2026-06-16,10,Available
E01090,2026-04-06,2026-04-30,90,Partially Available
E01091,2026-04-01,2026-05-12,20,Available
E01092,2026-04-01,2026-05-05,80,Partially Available
E01093,2026-04-01,2026-05-10,80,Partially Available
E01094,2024-07-04,2024-09-25,60,Available
E01095,2026-04-01,2026-04-24,70,Partially Available
E01096,2026-04-01,2026-05-12,80,Partially Available
E01097,2026-04-06,2026-05-09,90,Partially Available
E01098,2026-04-01,2026-06-23,40,Available
E01099,2026-04-01,2026-05-06,30,Available
E01100,2025-08-03,2025-09-10,80,Partially Available
E01101,2026-04-01,2026-05-08,80,Partially Available
E01102,2026-04-01,2026-05-04,70,Partially Available
E01103,2026-04-01,2026-04-16,70,Partially Available
E01104,2026-04-01,2026-04-17,80,Partially Available
E01105,2026-04-01,2026-05-15,30,Available
E01106,2026-04-01,2026-05-11,40,Available
E01107,2026-04-01,2026-05-26,50,Available
E01108,2026-04-01,2026-05-18,40,Available
E01109,2026-04-06,2026-04-21,90,Partially Available
E01110,2026-04-01,2026-06-01,60,Available
E01111,2026-04-01,2026-05-04,10,Available
E01112,2025-05-15,2025-07-05,40,Available
E01113,2026-04-01,2026-06-05,40,Available
E01114,2026-04-06,2026-05-19,90,Partially Available
E01115,2026-04-01,2026-06-05,40,Available
E01116,2026-04-01,2026-06-28,50,Available
E01117,2026-04-06,2026-05-15,90,Partially Available
E01118,2026-04-01,2026-06-19,40,Available
E01119,2026-04-01,2026-06-02,50,Available
E01120,2026-04-06,2026-04-27,90,Partially Available
E01121,2026-04-16,2026-05-06,100,Fully Allocated
E01122,2026-04-01,2026-05-01,80,Partially Available
E01123,2025-06-18,2025-07-09,100,Fully Allocated
E01124,2026-04-06,2026-04-25,90,Partially Available
E01125,2026-04-16,2026-05-05,100,Fully Allocated
E01126,2026-04-01,2026-05-05,20,Available
E01127,2024-01-12,2024-03-31,50,Available
E01128,2026-04-01,2026-05-22,40,Available
E01129,2026-04-01,2026-05-05,50,Available
E01130,2026-04-01,2026-06-06,40,Available
E01131,2026-04-01,2026-06-07,20,Available
E01132,2026-04-01,2026-04-29,80,Partially Available
E01133,2026-04-16,2026-04-24,100,Fully Allocated
E01134,2026-04-01,2026-05-15,50,Available
E01135,2026-04-06,2026-05-06,90,Partially Available
E01136,2026-04-01,2026-04-20,80,Partially Available
E01137,2026-04-16,2026-05-08,100,Fully Allocated
E01138,2026-04-01,2026-05-01,30,Available
E01139,2026-04-06,2026-05-19,90,Partially Available
E01140,2025-01-15,2025-02-21,20,Available
E01141,2026-04-01,2026-06-02,50,Available
E01142,2026-04-01,2026-05-07,60,Available
E01143,2025-02-27,2025-04-26,10,Available
E01144,2026-04-01,2026-05-31,50,Available
E01145,2026-04-01,2026-06-07,40,Available
E01146,2026-04-01,2026-05-08,40,Available
E01147,2026-04-01,2026-04-20,80,Partially Available
E01148,2026-04-16,2026-05-07,100,Fully Allocated
E01149,2026-04-01,2026-06-23,30,Available
E01150,2026-04-01,2026-06-21,20,Available
E01151,2026-04-01,2026-06-27,40,Available
E01152,2026-04-01,2026-06-01,50,Available
E01153,2026-04-01,2026-05-11,70,Partially Available
E01154,2026-04-06,2026-05-06,90,Partially Available
E01155,2026-04-01,2026-06-18,40,Available
E01156,2026-04-01,2026-04-26,70,Partially Available
E01157,2026-04-01,2026-05-23,30,Available
E01158,2026-04-01,2026-06-03,10,Available
E01159,2026-04-16,2026-04-23,100,Fully Allocated
E01160,2026-04-06,2026-05-07,90,Partially Available
E01161,2026-04-01,2026-06-02,40,Available
E01162,2026-04-01,2026-05-02,40,Available
E01163,2026-04-01,2026-06-29,30,Available
E01164,2026-04-01,2026-06-18,20,Available
E01165,2026-04-01,2026-05-14,70,Partially Available
E01166,2026-04-16,2026-04-26,100,Fully Allocated
E01167,2026-04-01,2026-04-27,70,Partially Available
E01168,2026-04-01,2026-05-14,80,Partially Available
E01169,2026-04-01,2026-06-11,20,Available
E01170,2026-04-01,2026-06-11,20,Available
E01171,2026-04-06,2026-05-05,90,Partially Available
E01172,2026-04-01,2026-06-12,40,Available
E01173,2026-04-01,2026-04-22,80,Partially Available
E01174,2026-04-01,2026-06-11,30,Available
E01175,2026-04-16,2026-05-11,100,Fully Allocated
E01176,2026-04-06,2026-05-15,90,Partially Available
E01177,2026-04-06,2026-05-08,90,Partially Available
E01178,2026-04-01,2026-05-02,50,Available
E01179,2026-04-01,2026-05-07,40,Available
E01180,2026-04-01,2026-05-14,70,Partially Available
E01181,2026-04-01,2026-06-26,40,Available
E01182,2026-04-01,2026-06-15,10,Available
E01183,2026-04-01,2026-05-22,50,Available
E01184,2026-04-01,2026-04-26,80,Partially Available
E01185,2026-04-01,2026-06-02,20,Available
E01186,2026-04-01,2026-06-23,40,Available
E01187,2026-04-01,2026-05-20,60,Available
E01188,2026-04-06,2026-04-25,90,Partially Available
E01189,2026-04-01,2026-05-04,20,Available
E01190,2026-04-01,2026-05-14,40,Available
E01191,2026-04-16,2026-04-25,100,Fully Allocated
E01192,2026-04-01,2026-05-03,80,Partially Available
E01193,2026-04-01,2026-05-18,10,Available
E01194,2026-04-01,2026-06-27,20,Available
E01195,2026-04-06,2026-05-17,90,Partially Available
E01196,2026-04-16,2026-04-26,100,Fully Allocated
E01197,2026-04-01,2026-05-03,30,Available
E01198,2026-04-01,2026-05-27,20,Available
E01199,2026-04-01,2026-05-13,80,Partially Available
E01200,2024-04-05,2024-05-26,40,Available
E01201,2026-04-01,2026-04-25,80,Partially Available
E01202,2026-04-06,2026-05-19,90,Partially Available
E01203,2026-04-01,2026-05-16,20,Available
E01204,2026-04-01,2026-06-04,30,Available
E01205,2026-04-01,2026-05-19,30,Available
E01206,2026-04-06,2026-05-10,90,Partially Available
E01207,2026-04-01,2026-05-15,70,Partially Available
E01208,2026-04-01,2026-05-15,40,Available
E01209,2026-04-01,2026-05-05,10,Available
E01210,2026-04-01,2026-05-31,10,Available
E01211,2026-04-01,2026-06-12,60,Available
E01212,2026-04-16,2026-05-01,100,Fully Allocated
E01213,2026-04-01,2026-05-13,30,Available
E01214,2026-04-01,2026-06-12,60,Available
E01215,2026-04-01,2026-05-21,60,Available
E01216,2024-06-28,2024-09-11,10,Available
E01217,2026-04-01,2026-04-16,80,Partially Available
E01218,2026-04-01,2026-04-24,80,Partially Available
E01219,2026-04-01,2026-05-13,40,Available
E01220,2026-04-01,2026-06-03,50,Available
E01221,2026-04-01,2026-06-05,10,Available
E01222,2026-04-16,2026-05-08,100,Fully Allocated
E01223,2026-04-01,2026-05-10,30,Available
E01224,2026-04-01,2026-06-07,50,Available
E01225,2026-04-16,2026-05-01,100,Fully Allocated
E01226,2026-04-01,2026-06-03,50,Available
E01227,2026-04-01,2026-05-25,60,Available
E01228,2026-04-01,2026-06-26,10,Available
E01229,2026-04-01,2026-05-01,60,Available
E01230,2026-04-06,2026-05-02,90,Partially Available
E01231,2026-04-01,2026-06-29,10,Available
E01232,2026-04-16,2026-05-14,100,Fully Allocated
E01233,2026-04-16,2026-05-14,100,Fully Allocated
E01234,2026-04-01,2026-06-26,40,Available
E01235,2026-04-01,2026-05-22,40,Available
E01236,2026-04-16,2026-05-08,100,Fully Allocated
E01237,2026-04-01,2026-04-17,80,Partially Available
E01238,2026-04-01,2026-06-14,60,Available
E01239,2026-04-01,2026-05-08,20,Available
E01240,2026-04-01,2026-06-02,50,Available
E01241,2026-04-01,2026-05-05,40,Available
E01242,2026-04-01,2026-05-10,60,Available
E01243,2026-04-01,2026-04-18,80,Partially Available
E01244,2026-04-06,2026-05-01,90,Partially Available
E01245,2026-04-01,2026-06-23,10,Available
E01246,2026-04-01,2026-05-30,20,Available
E01247,2026-04-16,2026-04-27,100,Fully Allocated
E01248,2026-04-01,2026-04-27,80,Partially Available
E01249,2024-06-30,2024-09-11,20,Available
E01250,2024-07-03,2024-07-22,100,Fully Allocated
E01251,2026-04-01,2026-05-29,40,Available
E01252,2026-04-01,2026-05-26,60,Available
E01253,2026-04-01,2026-05-14,70,Partially Available
E01254,2026-04-01,2026-05-29,20,Available
E01255,2026-04-01,2026-05-14,40,Available
E01256,2026-04-01,2026-06-05,30,Available
E01257,2026-04-01,2026-06-04,40,Available
E01258,2026-04-01,2026-06-18,50,Available
E01259,2026-04-01,2026-05-08,30,Available
E01260,2026-04-01,2026-05-16,20,Available
E01261,2026-04-01,2026-04-26,80,Partially Available
E01262,2026-04-01,2026-05-05,50,Available
E01263,2026-04-16,2026-05-08,100,Fully Allocated
E01264,2026-04-06,2026-05-14,90,Partially Available
E01265,2026-04-01,2026-04-24,70,Partially Available
E01266,2026-04-06,2026-05-03,90,Partially Available
E01267,2026-04-01,2026-04-23,80,Partially Available
E01268,2026-04-01,2026-05-07,80,Partially Available
E01269,2026-04-01,2026-05-11,70,Partially Available
E01270,2026-04-01,2026-06-25,20,Available
E01271,2026-04-06,2026-04-25,90,Partially Available
E01272,2026-04-01,2026-05-09,30,Available
E01273,2026-04-01,2026-04-21,70,Partially Available
E01274,2026-04-06,2026-04-22,90,Partially Available
E01275,2026-04-06,2026-04-27,90,Partially Available
E01276,2026-04-01,2026-05-30,50,Available
E01277,2026-04-06,2026-05-07,90,Partially Available
E01278,2026-04-01,2026-05-11,80,Partially Available
E01279,2026-04-01,2026-06-13,40,Available
E01280,2026-04-01,2026-04-16,80,Partially Available
E01281,2026-04-01,2026-05-28,40,Available
E01282,2026-04-16,2026-05-07,100,Fully Allocated
E01283,2026-04-01,2026-05-09,80,Partially Available
E01284,2026-04-01,2026-05-31,60,Available
E01285,2026-04-01,2026-05-13,80,Partially Available
E01286,2026-04-01,2026-06-22,20,Available
E01287,2026-04-01,2026-05-11,30,Available
E01288,2026-04-01,2026-06-11,10,Available
E01289,2026-04-01,2026-05-16,50,Available
E01290,2026-04-01,2026-05-09,50,Available
E01291,2026-04-01,2026-05-30,50,Available
E01292,2026-04-01,2026-04-27,70,Partially Available
E01293,2026-04-01,2026-06-23,20,Available
E01294,2026-04-01,2026-06-16,10,Available
E01295,2026-04-01,2026-05-16,60,Available
E01296,2026-04-01,2026-06-02,50,Available
E01297,2026-04-01,2026-05-06,20,Available
E01298,2026-04-01,2026-06-14,60,Available
E01299,2026-04-01,2026-04-16,80,Partially Available
E01300,2026-04-06,2026-05-03,90,Partially Available
E01301,2026-04-01,2026-04-20,80,Partially Available
E01302,2026-04-16,2026-04-25,100,Fully Allocated
E01303,2026-04-01,2026-04-27,80,Partially Available
E01304,2026-04-01,2026-05-26,60,Available
E01305,2026-04-06,2026-04-30,90,Partially Available
E01306,2026-04-01,2026-05-09,50,Available
E01307,2026-04-16,2026-05-09,100,Fully Allocated
E01308,2026-04-01,2026-06-07,40,Available
E01309,2026-04-01,2026-06-15,40,Available
E01310,2026-04-06,2026-04-23,90,Partially Available
E01311,2026-04-01,2026-05-25,60,Available
E01312,2026-04-01,2026-06-19,30,Available
E01313,2026-04-01,2026-06-29,30,Available
E01314,2026-04-01,2026-06-28,60,Available
E01315,2026-04-01,2026-05-07,50,Available
E01316,2026-04-01,2026-06-10,20,Available
E01317,2026-04-01,2026-04-30,80,Partially Available
E01318,2026-04-06,2026-05-09,90,Partially Available
E01319,2026-04-16,2026-05-08,100,Fully Allocated
E01320,2026-04-01,2026-05-19,20,Available
E01321,2026-04-16,2026-05-11,100,Fully Allocated
E01322,2026-04-01,2026-05-17,10,Available
E01323,2026-04-01,2026-06-26,50,Available
E01324,2026-04-01,2026-06-26,10,Available
E01325,2026-04-06,2026-04-26,90,Partially Available
E01326,2026-04-01,2026-05-25,20,Available
E01327,2026-04-16,2026-04-23,100,Fully Allocated
E01328,2026-04-01,2026-05-19,10,Available
E01329,2026-04-01,2026-05-15,40,Available
E01330,2026-04-01,2026-04-18,80,Partially Available
E01331,2026-04-01,2026-05-02,80,Partially Available
E01332,2026-04-01,2026-06-01,10,Available
E01333,2026-04-01,2026-06-07,20,Available
E01334,2026-04-01,2026-04-19,70,Partially Available
E01335,2026-04-01,2026-04-23,70,Partially Available
E01336,2026-04-01,2026-05-07,70,Partially Available
E01337,2026-04-01,2026-06-05,40,Available
E01338,2026-04-01,2026-06-22,40,Available
E01339,2026-04-01,2026-06-29,20,Available
E01340,2026-04-16,2026-04-24,100,Fully Allocated
E01341,2026-04-01,2026-05-10,60,Available
E01342,2026-04-01,2026-06-13,10,Available
E01343,2026-04-01,2026-06-02,30,Available
E01344,2026-04-01,2026-06-13,40,Available
E01345,2026-04-01,2026-06-24,40,Available
E01346,2026-04-01,2026-05-10,40,Available
E01347,2026-04-01,2026-04-27,70,Partially Available
E01348,2026-04-01,2026-06-20,20,Available
E01349,2026-04-01,2026-05-14,80,Partially Available
E01350,2026-04-01,2026-06-04,40,Available
E01351,2026-04-01,2026-05-22,40,Available
E01352,2026-04-01,2026-06-20,40,Available
E01353,2026-04-01,2026-05-23,40,Available
E01354,2026-04-16,2026-04-29,100,Fully Allocated
E01355,2026-04-01,2026-05-21,50,Available
E01356,2026-04-06,2026-04-21,90,Partially Available
E01357,2026-04-01,2026-05-13,20,Available
E01358,2026-04-06,2026-04-29,90,Partially Available
E01359,2026-04-01,2026-06-17,50,Available
E01360,2026-04-01,2026-05-03,70,Partially Available
E01361,2026-04-01,2026-04-30,70,Partially Available
E01362,2026-04-16,2026-05-12,100,Fully Allocated
E01363,2026-04-16,2026-05-07,100,Fully Allocated
E01364,2026-04-01,2026-06-16,30,Available
E01365,2026-04-01,2026-05-10,30,Available
E01366,2026-04-01,2026-05-26,10,Available
E01367,2026-04-01,2026-06-19,30,Available
E01368,2026-04-01,2026-06-16,40,Available
E01369,2026-04-01,2026-06-13,10,Available
E01370,2026-04-01,2026-05-01,10,Available
E01371,2026-04-16,2026-05-05,100,Fully Allocated
E01372,2026-04-01,2026-05-17,20,Available
E01373,2026-04-01,2026-05-17,30,Available
E01374,2026-04-01,2026-06-08,20,Available
E01375,2026-04-01,2026-04-26,70,Partially Available
E01376,2026-04-01,2026-05-12,50,Available
E01377,2026-04-01,2026-06-10,20,Available
E01378,2026-04-01,2026-05-15,40,Available
E01379,2026-04-01,2026-05-01,20,Available
E01380,2026-04-01,2026-06-27,10,Available
E01381,2026-04-16,2026-05-14,100,Fully Allocated
E01382,2026-04-06,2026-05-01,90,Partially Available
E01383,2026-04-01,2026-05-05,60,Available
E01384,2026-04-01,2026-05-15,80,Partially Available
E01385,2026-04-01,2026-06-20,60,Available
E01386,2026-04-06,2026-05-08,90,Partially Available
E01387,2026-04-01,2026-06-19,30,Available
E01388,2026-04-06,2026-05-08,90,Partially Available
E01389,2026-04-16,2026-05-15,100,Fully Allocated
E01390,2026-04-01,2026-06-21,40,Available
E01391,2026-04-01,2026-05-07,60,Available
E01392,2026-04-01,2026-06-15,60,Available
E01393,2026-04-01,2026-05-26,40,Available
E01394,2026-04-06,2026-04-21,90,Partially Available
E01395,2026-04-01,2026-05-13,80,Partially Available
E01396,2026-04-01,2026-06-27,50,Available
E01397,2026-04-01,2026-05-05,80,Partially Available
E01398,2026-04-01,2026-06-10,30,Available
E01399,2026-04-01,2026-06-17,50,Available
E01400,2026-04-01,2026-05-08,70,Partially Available
E01401,2026-04-06,2026-05-16,90,Partially Available
E01402,2026-04-16,2026-04-28,100,Fully Allocated
E01403,2026-04-01,2026-06-08,20,Available
E01404,2026-04-01,2026-05-18,40,Available
E01405,2026-04-06,2026-04-21,90,Partially Available
E01406,2026-04-01,2026-05-11,70,Partially Available
E01407,2026-04-01,2026-05-25,50,Available
E01408,2026-04-01,2026-06-01,50,Available
E01409,2026-04-01,2026-05-01,80,Partially Available
E01410,2026-04-01,2026-06-19,30,Available
E01411,2026-04-16,2026-05-10,100,Fully Allocated
E01412,2026-04-01,2026-06-20,10,Available
E01413,2026-04-06,2026-05-18,90,Partially Available
E01414,2026-04-01,2026-05-13,40,Available
E01415,2026-04-01,2026-05-19,50,Available
E01416,2026-04-01,2026-05-03,50,Available
E01417,2026-04-16,2026-05-12,100,Fully Allocated
E01418,2026-04-16,2026-05-09,100,Fully Allocated
E01419,2026-04-16,2026-05-03,100,Fully Allocated
E01420,2026-04-01,2026-05-14,70,Partially Available
E01421,2026-04-01,2026-05-02,70,Partially Available
E01422,2026-04-01,2026-06-13,10,Available
E01423,2026-04-06,2026-05-02,90,Partially Available
E01424,2026-04-01,2026-06-21,40,Available
E01425,2026-04-01,2026-06-17,30,Available
E01426,2026-04-01,2026-06-02,40,Available
E01427,2026-04-01,2026-05-13,70,Partially Available
E01428,2026-04-01,2026-05-20,50,Available
E01429,2026-04-01,2026-06-14,30,Available
E01430,2026-04-01,2026-06-03,40,Available
E01431,2026-04-01,2026-05-16,60,Available
E01432,2026-04-16,2026-04-29,100,Fully Allocated
E01433,2026-04-01,2026-06-23,50,Available
E01434,2026-04-06,2026-04-22,90,Partially Available
E01435,2026-04-01,2026-06-19,40,Available
E01436,2026-04-01,2026-05-28,10,Available
E01437,2025-10-17,2025-11-09,100,Fully Allocated
E01438,2026-04-06,2026-05-06,90,Partially Available
E01439,2026-04-01,2026-05-05,80,Partially Available
E01440,2026-04-01,2026-05-18,40,Available
E01441,2026-04-06,2026-05-11,90,Partially Available
E01442,2026-04-01,2026-05-13,70,Partially Available
E01443,2026-04-01,2026-05-28,10,Available
E01444,2026-04-16,2026-05-12,100,Fully Allocated
E01445,2026-04-01,2026-05-16,20,Available
E01446,2026-04-01,2026-06-02,50,Available
E01447,2026-04-16,2026-05-13,100,Fully Allocated
E01448,2026-04-01,2026-05-05,60,Available
E01449,2026-04-16,2026-05-07,100,Fully Allocated
E01450,2026-04-01,2026-04-28,80,Partially Available
E01451,2026-04-01,2026-04-20,70,Partially Available
E01452,2026-04-06,2026-05-08,90,Partially Available
E01453,2026-04-01,2026-06-21,10,Available
E01454,2026-04-01,2026-05-15,80,Partially Available
E01455,2026-04-01,2026-05-05,30,Available
E01456,2026-04-01,2026-06-17,40,Available
E01457,2026-04-01,2026-06-12,50,Available
E01458,2026-04-01,2026-05-11,30,Available
E01459,2026-04-01,2026-05-07,70,Partially Available
E01460,2026-04-01,2026-05-23,20,Available
E01461,2026-04-01,2026-05-26,20,Available
E01462,2026-04-01,2026-05-27,60,Available
E01463,2026-04-01,2026-04-18,70,Partially Available
E01464,2026-04-01,2026-06-20,50,Available
E01465,2026-04-01,2026-04-25,80,Partially Available
E01466,2026-04-01,2026-05-13,80,Partially Available
E01467,2026-04-06,2026-04-22,90,Partially Available
E01468,2026-04-01,2026-06-26,10,Available
E01469,2026-04-06,2026-05-07,90,Partially Available
E01470,2026-04-01,2026-05-03,30,Available
E01471,2026-04-06,2026-04-23,90,Partially Available
E01472,2026-04-01,2026-04-23,80,Partially Available
E01473,2026-04-01,2026-05-16,40,Available
E01474,2026-04-01,2026-05-12,60,Available
E01475,2026-04-16,2026-05-14,100,Fully Allocated
E01476,2026-04-01,2026-06-20,10,Available
E01477,2026-04-01,2026-05-01,30,Available
E01478,2026-04-01,2026-06-20,40,Available
E01479,2026-04-01,2026-04-19,80,Partially Available
E01480,2026-04-16,2026-05-09,100,Fully Allocated
E01481,2026-04-01,2026-05-19,10,Available
E01482,2026-04-06,2026-04-24,90,Partially Available
E01483,2026-04-01,2026-06-16,20,Available
E01484,2026-04-01,2026-06-08,60,Available
E01485,2026-04-16,2026-05-12,100,Fully Allocated
E01486,2026-04-01,2026-06-18,40,Available
E01487,2026-04-01,2026-06-26,60,Available
E01488,2026-04-01,2026-05-07,80,Partially Available
E01489,2026-04-16,2026-05-01,100,Fully Allocated
E01490,2026-04-01,2026-06-08,10,Available
E01491,2026-04-01,2026-05-04,30,Available
E01492,2026-04-01,2026-05-17,20,Available
E01493,2026-04-01,2026-05-15,60,Available
E01494,2026-04-01,2026-06-24,40,Available
E01495,2026-04-01,2026-06-10,10,Available
E01496,2026-04-01,2026-05-28,50,Available
E01497,2026-04-01,2026-05-01,80,Partially Available
E01498,2026-04-01,2026-05-06,60,Available
E01499,2026-04-01,2026-05-28,50,Available
E01500,2026-04-01,2026-06-01,60,Available
E01501,2026-04-01,2026-05-17,60,Available
E01502,2026-04-01,2026-05-25,40,Available
E01503,2026-04-01,2026-06-08,30,Available
E01504,2026-04-16,2026-05-09,100,Fully Allocated
E01505,2026-04-01,2026-06-15,20,Available
E01506,2026-04-01,2026-04-30,80,Partially Available
E01507,2026-04-16,2026-05-12,100,Fully Allocated
E01508,2026-04-16,2026-05-13,100,Fully Allocated
E01509,2026-04-01,2026-06-19,60,Available
E01510,2026-04-06,2026-05-09,90,Partially Available
E01511,2026-04-01,2026-05-18,50,Available
E01512,2026-04-01,2026-06-15,60,Available
E01513,2026-04-01,2026-05-05,70,Partially Available
E01514,2026-04-01,2026-05-23,30,Available
E01515,2026-04-01,2026-05-05,50,Available
E01516,2026-04-01,2026-05-15,70,Partially Available
E01517,2026-04-01,2026-04-22,70,Partially Available
E01518,2026-04-01,2026-04-27,80,Partially Available
E01519,2026-04-06,2026-05-07,90,Partially Available
E01520,2026-04-01,2026-05-30,50,Available
E01521,2026-04-01,2026-05-04,80,Partially Available
E01522,2026-04-01,2026-06-01,30,Available
E01523,2026-04-01,2026-05-16,40,Available
E01524,2026-04-01,2026-05-02,50,Available
E01525,2026-04-06,2026-05-02,90,Partially Available
E01526,2026-04-01,2026-06-18,30,Available
E01527,2026-04-01,2026-06-22,50,Available
E01528,2026-04-01,2026-05-03,10,Available
E01529,2026-04-01,2026-05-08,40,Available
E01530,2026-04-01,2026-06-06,60,Available
E01531,2026-04-01,2026-06-22,30,Available
E01532,2026-04-01,2026-06-24,20,Available
E01533,2026-04-01,2026-05-09,70,Partially Available
E01534,2026-04-01,2026-06-18,30,Available
E01535,2026-04-01,2026-06-22,40,Available
E01536,2026-04-06,2026-05-15,90,Partially Available
E01537,2026-04-01,2026-06-28,20,Available
E01538,2026-04-16,2026-05-06,100,Fully Allocated
E01539,2026-04-01,2026-05-08,80,Partially Available
E01540,2026-04-01,2026-04-29,80,Partially Available
E01541,2026-04-01,2026-06-05,40,Available
E01542,2026-04-01,2026-04-30,70,Partially Available
E01543,2026-04-06,2026-04-22,90,Partially Available
E01544,2026-04-01,2026-05-21,40,Available
E01545,2026-04-01,2026-05-04,10,Available
E01546,2026-04-01,2026-05-14,70,Partially Available
E01547,2026-04-01,2026-06-18,30,Available
E01548,2026-04-01,2026-05-29,10,Available
E01549,2026-04-01,2026-05-23,30,Available
E01550,2026-04-01,2026-05-03,30,Available
E01551,2026-04-16,2026-05-14,100,Fully Allocated
E01552,2026-04-01,2026-06-29,30,Available
E01553,2026-04-01,2026-05-21,10,Available
E01554,2026-04-01,2026-05-16,20,Available
E01555,2026-04-01,2026-06-13,60,Available
E01556,2026-04-01,2026-05-20,30,Available
E01557,2026-04-01,2026-06-04,50,Available
E01558,2026-04-01,2026-06-26,60,Available
E01559,2026-04-16,2026-04-27,100,Fully Allocated
E01560,2026-04-01,2026-06-17,50,Available
E01561,2026-04-01,2026-05-26,40,Available
E01562,2026-04-01,2026-05-07,10,Available
E01563,2026-04-01,2026-06-21,50,Available
E01564,2026-04-01,2026-05-16,60,Available
E01565,2026-04-01,2026-05-17,60,Available
E01566,2026-04-01,2026-05-02,50,Available
E01567,2026-04-01,2026-05-12,40,Available
E01568,2026-04-01,2026-05-11,80,Partially Available
E01569,2026-04-01,2026-04-28,80,Partially Available
E01570,2026-04-01,2026-05-05,10,Available
E01571,2026-04-16,2026-05-08,100,Fully Allocated
E01572,2026-04-01,2026-05-15,80,Partially Available
E01573,2026-04-01,2026-05-28,60,Available
E01574,2026-04-01,2026-04-23,80,Partially Available
E01575,2026-04-01,2026-06-25,20,Available
E01576,2026-04-01,2026-05-28,50,Available
E01577,2026-04-01,2026-06-15,20,Available
E01578,2026-04-01,2026-04-23,80,Partially Available
E01579,2026-04-01,2026-05-29,30,Available
E01580,2026-04-01,2026-06-26,30,Available
E01581,2026-04-01,2026-05-18,10,Available
E01582,2026-04-16,2026-05-12,100,Fully Allocated
E01583,2026-04-01,2026-06-13,30,Available
E01584,2026-04-01,2026-06-12,60,Available
E01585,2026-04-01,2026-05-01,70,Partially Available
E01586,2025-08-28,2025-10-22,20,Available
E01587,2026-04-01,2026-05-07,70,Partially Available
E01588,2026-04-16,2026-05-07,100,Fully Allocated
E01589,2026-04-01,2026-04-28,70,Partially Available
E01590,2026-04-01,2026-05-22,60,Available
E01591,2026-04-01,2026-05-13,80,Partially Available
E01592,2026-04-16,2026-05-13,100,Fully Allocated
E01593,2026-04-01,2026-06-19,30,Available
E01594,2026-04-01,2026-05-24,40,Available
E01595,2026-04-01,2026-05-01,20,Available
E01596,2026-04-01,2026-05-29,10,Available
E01597,2026-04-06,2026-04-21,90,Partially Available
E01598,2026-04-01,2026-06-29,60,Available
E01599,2026-04-01,2026-04-16,80,Partially Available
E01600,2026-04-01,2026-04-24,80,Partially Available
E01601,2026-04-01,2026-05-21,30,Available
E01602,2026-04-16,2026-05-06,100,Fully Allocated
E01603,2026-04-01,2026-05-28,20,Available
E01604,2026-04-01,2026-05-03,80,Partially Available
E01605,2026-04-01,2026-05-12,70,Partially Available
E01606,2026-04-01,2026-06-02,10,Available
E01607,2026-04-01,2026-05-05,80,Partially Available
E01608,2026-04-01,2026-04-26,80,Partially Available
E01609,2026-04-01,2026-04-17,70,Partially Available
E01610,2026-04-01,2026-05-04,70,Partially Available
E01611,2026-04-16,2026-04-24,100,Fully Allocated
E01612,2026-04-16,2026-05-11,100,Fully Allocated
E01613,2026-04-01,2026-04-17,70,Partially Available
E01614,2026-04-01,2026-05-06,40,Available
E01615,2026-04-16,2026-05-15,100,Fully Allocated
E01616,2026-04-16,2026-05-07,100,Fully Allocated
E01617,2026-04-01,2026-06-26,60,Available
E01618,2026-04-01,2026-05-11,10,Available
E01619,2026-04-01,2026-06-27,30,Available
E01620,2026-04-01,2026-05-01,80,Partially Available
E01621,2026-04-01,2026-05-05,80,Partially Available
E01622,2026-04-01,2026-05-21,10,Available
E01623,2026-04-01,2026-05-27,60,Available
E01624,2026-04-01,2026-05-22,60,Available
E01625,2026-04-01,2026-04-18,80,Partially Available
E01626,2026-04-16,2026-04-25,100,Fully Allocated
E01627,2026-04-06,2026-05-09,90,Partially Available
E01628,2026-04-01,2026-05-21,10,Available
E01629,2026-04-06,2026-05-01,90,Partially Available
E01630,2026-04-16,2026-04-28,100,Fully Allocated
E01631,2026-04-01,2026-05-25,40,Available
E01632,2026-04-01,2026-06-10,20,Available
E01633,2026-04-01,2026-06-29,20,Available
E01634,2026-04-01,2026-06-06,40,Available
E01635,2026-04-01,2026-05-30,10,Available
E01636,2026-04-16,2026-04-29,100,Fully Allocated
E01637,2026-04-01,2026-05-20,50,Available
E01638,2026-04-01,2026-05-01,20,Available
E01639,2026-04-01,2026-06-04,30,Available
E01640,2026-04-01,2026-04-26,80,Partially Available
E01641,2026-04-01,2026-05-26,10,Available
E01642,2026-04-01,2026-05-21,50,Available
E01643,2026-04-16,2026-05-02,100,Fully Allocated
E01644,2026-04-01,2026-06-14,30,Available
E01645,2026-04-01,2026-05-29,50,Available
E01646,2026-04-01,2026-05-03,20,Available
E01647,2026-04-01,2026-06-12,60,Available
E01648,2026-04-01,2026-06-21,10,Available
E01649,2026-04-01,2026-06-10,60,Available
E01650,2026-04-01,2026-05-10,70,Partially Available
E01651,2026-04-01,2026-04-26,80,Partially Available
E01652,2026-04-01,2026-06-10,60,Available
E01653,2026-04-01,2026-04-28,80,Partially Available
E01654,2026-04-01,2026-05-09,60,Available
E01655,2026-04-01,2026-06-15,20,Available
E01656,2026-04-01,2026-05-16,20,Available
E01657,2025-09-09,2025-12-07,10,Available
E01658,2026-04-01,2026-05-02,70,Partially Available
E01659,2026-04-01,2026-05-10,70,Partially Available
E01660,2026-04-06,2026-05-05,90,Partially Available
E01661,2026-04-01,2026-05-28,20,Available
E01662,2026-04-01,2026-05-28,30,Available
E01663,2026-04-01,2026-05-11,30,Available
E01664,2026-04-01,2026-06-13,10,Available
E01665,2026-04-01,2026-05-30,20,Available
E01666,2026-04-01,2026-05-11,50,Available
E01667,2026-04-01,2026-05-14,80,Partially Available
E01668,2026-04-01,2026-06-19,60,Available
E01669,2026-04-01,2026-06-25,60,Available
E01670,2026-04-01,2026-06-26,10,Available
E01671,2026-04-16,2026-05-04,100,Fully Allocated
E01672,2026-04-01,2026-05-08,50,Available
E01673,2026-04-01,2026-06-26,40,Available
E01674,2026-04-01,2026-06-22,30,Available
E01675,2026-04-01,2026-04-25,80,Partially Available
E01676,2026-04-01,2026-05-13,70,Partially Available
E01677,2026-04-01,2026-05-08,70,Partially Available
E01678,2026-04-01,2026-06-28,60,Available
E01679,2026-04-01,2026-06-04,30,Available
E01680,2026-04-01,2026-06-21,40,Available
E01681,2026-04-01,2026-06-05,10,Available
E01682,2026-04-01,2026-05-13,30,Available
E01683,2026-04-01,2026-06-27,40,Available
E01684,2026-04-01,2026-06-21,10,Available
E01685,2026-04-01,2026-05-27,30,Available
E01686,2026-04-16,2026-04-30,100,Fully Allocated
E01687,2026-04-06,2026-04-22,90,Partially Available
E01688,2026-04-01,2026-05-28,40,Available
E01689,2026-04-01,2026-06-03,50,Available
E01690,2026-04-01,2026-05-21,50,Available
E01691,2026-04-01,2026-05-06,10,Available
E01692,2026-04-01,2026-06-21,40,Available
E01693,2026-04-01,2026-05-13,80,Partially Available
E01694,2026-04-01,2026-06-08,20,Available
E01695,2026-04-01,2026-05-26,10,Available
E01696,2026-04-01,2026-06-05,50,Available
E01697,2026-04-01,2026-06-09,50,Available
E01698,2026-04-01,2026-05-18,20,Available
E01699,2026-04-01,2026-06-11,50,Available
E01700,2026-04-01,2026-06-21,10,Available
E01701,2026-04-01,2026-06-12,30,Available
E01702,2026-04-01,2026-04-22,80,Partially Available
E01703,2026-04-01,2026-05-05,60,Available
E01704,2026-04-01,2026-05-26,50,Available
E01705,2026-04-01,2026-05-11,50,Available
E01706,2026-04-01,2026-06-19,40,Available
E01707,2025-11-16,2025-12-16,70,Partially Available
E01708,2026-04-01,2026-05-19,10,Available
E01709,2026-04-01,2026-06-21,50,Available
E01710,2026-04-01,2026-05-05,20,Available
E01711,2026-04-01,2026-05-07,20,Available
E01712,2026-04-01,2026-05-03,30,Available
E01713,2026-04-06,2026-05-15,90,Partially Available
E01714,2026-04-01,2026-05-10,50,Available
E01715,2026-04-01,2026-06-20,30,Available
E01716,2026-04-16,2026-04-27,100,Fully Allocated
E01717,2026-04-16,2026-04-27,100,Fully Allocated
E01718,2026-04-01,2026-06-24,40,Available
E01719,2026-04-01,2026-05-07,80,Partially Available
E01720,2026-04-16,2026-05-03,100,Fully Allocated
E01721,2026-04-01,2026-05-19,60,Available
E01722,2026-04-16,2026-05-04,100,Fully Allocated
E01723,2026-04-01,2026-05-31,30,Available
E01724,2026-04-01,2026-05-17,50,Available
E01725,2026-04-01,2026-05-22,10,Available
E01726,2026-04-01,2026-06-28,60,Available
E01727,2026-04-01,2026-06-23,40,Available
E01728,2026-04-01,2026-06-21,30,Available
E01729,2026-04-16,2026-05-07,100,Fully Allocated
E01730,2026-04-01,2026-06-19,30,Available
E01731,2026-04-06,2026-04-29,90,Partially Available
E01732,2026-04-01,2026-05-22,10,Available
E01733,2026-04-01,2026-05-14,70,Partially Available
E01734,2026-04-01,2026-05-02,70,Partially Available
E01735,2026-04-01,2026-06-25,30,Available
E01736,2026-04-01,2026-05-11,80,Partially Available
E01737,2026-04-01,2026-05-31,60,Available
E01738,2026-04-01,2026-06-24,30,Available
E01739,2026-04-01,2026-06-28,20,Available
E01740,2026-04-16,2026-05-03,100,Fully Allocated
E01741,2026-04-16,2026-04-28,100,Fully Allocated
E01742,2026-04-01,2026-05-12,10,Available
E01743,2026-04-01,2026-06-12,30,Available
E01744,2026-04-01,2026-05-27,50,Available
E01745,2026-04-16,2026-05-09,100,Fully Allocated
E01746,2026-04-01,2026-04-25,80,Partially Available
E01747,2026-04-06,2026-05-03,90,Partially Available
E01748,2026-04-01,2026-04-20,80,Partially Available
E01749,2026-04-01,2026-05-04,10,Available
E01750,2026-04-01,2026-06-08,50,Available
E01751,2026-04-01,2026-04-30,70,Partially Available
E01752,2026-04-01,2026-05-02,60,Available
E01753,2026-04-01,2026-06-18,10,Available
E01754,2026-04-01,2026-06-24,40,Available
E01755,2026-04-16,2026-05-13,100,Fully Allocated
E01756,2026-04-01,2026-05-08,30,Available
E01757,2025-08-19,2025-09-18,90,Partially Available
E01758,2026-04-01,2026-05-20,30,Available
E01759,2026-04-01,2026-05-24,30,Available
E01760,2026-04-01,2026-05-12,80,Partially Available
E01761,2026-04-01,2026-06-04,40,Available
E01762,2026-04-16,2026-05-15,100,Fully Allocated
E01763,2026-04-01,2026-06-23,60,Available
E01764,2026-04-01,2026-05-17,50,Available
E01765,2026-04-06,2026-04-25,90,Partially Available
E01766,2026-04-01,2026-04-29,80,Partially Available
E01767,2026-04-01,2026-05-14,40,Available
E01768,2026-04-01,2026-06-15,40,Available
E01769,2026-04-01,2026-04-26,80,Partially Available
E01770,2026-04-01,2026-05-13,70,Partially Available
E01771,2026-04-01,2026-05-31,60,Available
E01772,2026-04-01,2026-05-20,20,Available
E01773,2026-04-01,2026-04-28,80,Partially Available
E01774,2026-04-16,2026-05-14,100,Fully Allocated
E01775,2026-04-16,2026-05-01,100,Fully Allocated
E01776,2026-04-01,2026-05-05,80,Partially Available
E01777,2026-04-01,2026-06-03,20,Available
E01778,2026-04-06,2026-05-02,90,Partially Available
E01779,2026-04-01,2026-04-23,80,Partially Available
E01780,2026-04-16,2026-05-08,100,Fully Allocated
E01781,2026-04-01,2026-04-16,80,Partially Available
E01782,2026-04-01,2026-05-16,20,Available
E01783,2026-04-01,2026-05-06,50,Available
E01784,2026-04-01,2026-05-20,30,Available
E01785,2026-04-01,2026-05-06,30,Available
E01786,2026-04-01,2026-06-04,60,Available
E01787,2026-04-01,2026-06-10,30,Available
E01788,2026-04-01,2026-05-04,80,Partially Available
E01789,2026-04-16,2026-04-25,100,Fully Allocated
E01790,2026-04-01,2026-05-21,50,Available
E01791,2026-04-01,2026-05-07,50,Available
E01792,2026-04-01,2026-05-14,50,Available
E01793,2026-04-01,2026-05-30,40,Available
E01794,2026-04-01,2026-05-07,80,Partially Available
E01795,2026-04-01,2026-04-29,80,Partially Available
E01796,2026-04-01,2026-05-08,70,Partially Available
E01797,2026-04-01,2026-05-25,60,Available
E01798,2026-04-01,2026-04-18,80,Partially Available
E01799,2026-04-01,2026-05-05,40,Available
E01800,2026-04-01,2026-05-05,10,Available
E01801,2026-04-16,2026-05-11,100,Fully Allocated
E01802,2026-04-01,2026-06-28,50,Available
E01803,2026-04-01,2026-04-25,70,Partially Available
E01804,2026-04-01,2026-05-09,60,Available
E01805,2026-04-01,2026-05-14,70,Partially Available
E01806,2026-04-01,2026-06-17,40,Available
E01807,2026-04-01,2026-06-10,40,Available
E01808,2026-04-01,2026-06-07,40,Available
E01809,2026-04-01,2026-06-06,10,Available
E01810,2026-04-16,2026-04-26,100,Fully Allocated
E01811,2026-04-01,2026-05-20,10,Available
E01812,2026-04-01,2026-05-21,10,Available
E01813,2026-04-01,2026-06-19,20,Available
E01814,2026-04-01,2026-06-17,50,Available
E01815,2026-04-01,2026-05-09,80,Partially Available
E01816,2026-04-01,2026-06-29,20,Available
E01817,2026-04-01,2026-05-07,10,Available
E01818,2026-04-01,2026-06-15,40,Available
E01819,2026-04-01,2026-05-15,80,Partially Available
E01820,2026-04-01,2026-05-08,80,Partially Available
E01821,2026-04-16,2026-05-09,100,Fully Allocated
E01822,2026-04-01,2026-05-08,20,Available
E01823,2026-04-01,2026-05-11,30,Available
E01824,2026-04-01,2026-05-02,80,Partially Available
E01825,2026-04-16,2026-05-06,100,Fully Allocated
E01826,2026-04-01,2026-04-24,80,Partially Available
E01827,2026-04-01,2026-04-21,80,Partially Available
E01828,2026-04-16,2026-04-30,100,Fully Allocated
E01829,2026-04-01,2026-05-17,30,Available
E01830,2026-04-01,2026-06-23,50,Available
E01831,2026-04-01,2026-05-13,30,Available
E01832,2026-04-01,2026-06-14,30,Available
E01833,2026-04-01,2026-05-17,10,Available
E01834,2026-04-01,2026-05-04,80,Partially Available
E01835,2026-04-01,2026-04-17,80,Partially Available
E01836,2026-04-01,2026-05-30,20,Available
E01837,2026-04-01,2026-06-01,30,Available
E01838,2026-04-01,2026-06-19,10,Available
E01839,2026-04-01,2026-04-19,70,Partially Available
E01840,2026-04-06,2026-04-27,90,Partially Available
E01841,2026-04-06,2026-05-18,90,Partially Available
E01842,2026-04-01,2026-05-16,40,Available
E01843,2026-04-06,2026-05-09,90,Partially Available
E01844,2026-04-01,2026-05-15,10,Available
E01845,2026-04-01,2026-06-24,30,Available
E01846,2026-04-06,2026-05-15,90,Partially Available
E01847,2026-04-01,2026-05-14,30,Available
E01848,2026-04-01,2026-04-28,70,Partially Available
E01849,2026-04-01,2026-05-05,70,Partially Available
E01850,2026-04-01,2026-05-07,50,Available
E01851,2026-04-01,2026-04-30,70,Partially Available
E01852,2026-04-01,2026-06-02,50,Available
E01853,2026-04-06,2026-04-22,90,Partially Available
E01854,2026-04-01,2026-05-09,80,Partially Available
E01855,2026-04-01,2026-04-18,80,Partially Available
E01856,2026-04-01,2026-05-21,30,Available
E01857,2026-04-01,2026-05-24,30,Available
E01858,2026-04-01,2026-06-06,60,Available
E01859,2026-04-01,2026-05-16,40,Available
E01860,2026-04-01,2026-05-13,80,Partially Available
E01861,2026-04-01,2026-05-02,70,Partially Available
E01862,2026-04-01,2026-05-29,60,Available
E01863,2026-04-01,2026-05-18,50,Available
E01864,2026-04-01,2026-05-11,80,Partially Available
E01865,2026-04-01,2026-05-01,80,Partially Available
E01866,2026-04-06,2026-05-01,90,Partially Available
E01867,2026-04-06,2026-04-23,90,Partially Available
E01868,2026-04-01,2026-06-11,30,Available
E01869,2026-04-01,2026-05-18,50,Available
E01870,2026-04-06,2026-05-06,90,Partially Available
E01871,2026-04-01,2026-04-24,70,Partially Available
E01872,2026-04-16,2026-05-13,100,Fully Allocated
E01873,2026-04-01,2026-05-01,30,Available
E01874,2026-04-01,2026-06-12,60,Available
E01875,2026-04-16,2026-05-03,100,Fully Allocated
E01876,2026-04-01,2026-05-27,60,Available
E01877,2026-04-06,2026-05-03,90,Partially Available
E01878,2026-04-01,2026-05-28,40,Available
E01879,2026-04-01,2026-04-23,80,Partially Available
E01880,2026-04-01,2026-06-20,30,Available
E01881,2026-04-01,2026-05-27,60,Available
E01882,2026-04-16,2026-05-01,100,Fully Allocated
E01883,2026-04-01,2026-06-26,50,Available
E01884,2026-04-01,2026-06-29,20,Available
E01885,2026-04-01,2026-06-07,50,Available
E01886,2026-04-01,2026-06-05,40,Available
E01887,2026-04-01,2026-05-13,80,Partially Available
E01888,2026-04-16,2026-05-01,100,Fully Allocated
E01889,2026-04-01,2026-05-27,10,Available
E01890,2026-04-01,2026-06-26,40,Available
E01891,2026-04-01,2026-06-16,10,Available
E01892,2026-04-01,2026-05-03,80,Partially Available
E01893,2026-04-01,2026-05-26,50,Available
E01894,2026-04-01,2026-06-23,30,Available
E01895,2026-04-01,2026-05-12,80,Partially Available
E01896,2026-04-01,2026-05-04,10,Available
E01897,2026-04-01,2026-06-20,30,Available
E01898,2026-04-06,2026-05-16,90,Partially Available
E01899,2026-04-01,2026-06-17,40,Available
E01900,2026-04-01,2026-06-07,30,Available
E01901,2026-04-06,2026-05-17,90,Partially Available
E01902,2026-04-01,2026-05-12,40,Available
E01903,2026-04-01,2026-04-30,80,Partially Available
E01904,2026-04-01,2026-04-30,80,Partially Available
E01905,2026-04-06,2026-05-05,90,Partially Available
E01906,2026-04-16,2026-05-08,100,Fully Allocated
E01907,2026-04-16,2026-05-06,100,Fully Allocated
E01908,2026-04-06,2026-04-28,90,Partially Available
E01909,2026-04-01,2026-06-26,30,Available
E01910,2026-04-06,2026-05-18,90,Partially Available
E01911,2026-04-01,2026-06-26,30,Available
E01912,2026-04-01,2026-05-31,50,Available
E01913,2026-04-01,2026-05-02,60,Available
E01914,2026-04-06,2026-05-05,90,Partially Available
E01915,2026-04-01,2026-05-14,80,Partially Available
E01916,2026-04-06,2026-04-28,90,Partially Available
E01917,2026-04-01,2026-04-26,80,Partially Available
E01918,2026-04-01,2026-05-01,80,Partially Available
E01919,2026-04-01,2026-05-08,40,Available
E01920,2026-04-01,2026-05-05,10,Available
E01921,2026-04-01,2026-05-05,70,Partially Available
E01922,2026-04-01,2026-06-26,60,Available
E01923,2026-04-01,2026-05-04,50,Available
E01924,2026-04-01,2026-05-12,50,Available
E01925,2026-04-01,2026-05-10,50,Available
E01926,2026-04-01,2026-05-04,50,Available
E01927,2026-04-01,2026-05-04,70,Partially Available
E01928,2026-04-01,2026-05-10,10,Available
E01929,2026-04-01,2026-05-29,20,Available
E01930,2026-04-01,2026-05-13,70,Partially Available
E01931,2026-04-01,2026-05-14,80,Partially Available
E01932,2026-04-01,2026-05-04,70,Partially Available
E01933,2026-04-01,2026-06-20,40,Available
E01934,2026-04-01,2026-06-12,50,Available
E01935,2026-04-01,2026-06-24,60,Available
E01936,2026-04-01,2026-05-13,30,Available
E01937,2026-04-01,2026-06-22,30,Available
E01938,2026-04-01,2026-06-26,30,Available
E01939,2026-04-01,2026-06-03,40,Available
E01940,2026-04-01,2026-06-15,50,Available
E01941,2026-04-16,2026-05-12,100,Fully Allocated
E01942,2026-04-01,2026-05-18,60,Available
E01943,2026-04-01,2026-06-28,40,Available
E01944,2026-04-16,2026-05-08,100,Fully Allocated
E01945,2026-04-16,2026-04-26,100,Fully Allocated
E01946,2026-04-01,2026-05-01,30,Available
E01947,2026-04-01,2026-05-26,50,Available
E01948,2026-04-01,2026-05-03,50,Available
E01949,2026-04-01,2026-06-13,60,Available
E01950,2026-04-01,2026-06-24,10,Available
E01951,2026-04-01,2026-06-29,10,Available
E01952,2026-04-01,2026-05-03,30,Available
E01953,2026-04-01,2026-05-21,40,Available
E01954,2026-04-01,2026-05-03,80,Partially Available
E01955,2026-04-01,2026-05-31,40,Available
E01956,2026-04-01,2026-06-25,30,Available
E01957,2026-04-01,2026-06-05,30,Available
E01958,2026-04-01,2026-06-18,50,Available
E01959,2026-04-16,2026-05-04,100,Fully Allocated
E01960,2026-04-01,2026-05-05,80,Partially Available
E01961,2026-04-01,2026-05-31,30,Available
E01962,2026-04-01,2026-05-08,30,Available
E01963,2026-04-01,2026-05-25,30,Available
E01964,2026-04-01,2026-06-18,30,Available
E01965,2026-04-06,2026-05-04,90,Partially Available
E01966,2026-04-01,2026-06-23,20,Available
E01967,2026-04-01,2026-05-20,50,Available
E01968,2026-04-01,2026-04-26,70,Partially Available
E01969,2026-04-01,2026-06-09,20,Available
E01970,2026-04-01,2026-05-01,10,Available
E01971,2026-04-01,2026-05-21,30,Available
E01972,2026-04-06,2026-05-07,90,Partially Available
E01973,2026-04-01,2026-06-21,10,Available
E01974,2026-04-01,2026-05-28,30,Available
E01975,2026-04-01,2026-05-18,40,Available
E01976,2026-04-01,2026-05-29,60,Available
E01977,2026-04-01,2026-04-25,80,Partially Available
E01978,2026-04-01,2026-05-09,60,Available
E01979,2026-04-01,2026-06-03,20,Available
E01980,2026-04-16,2026-05-12,100,Fully Allocated
E01981,2026-04-01,2026-05-31,40,Available
E01982,2026-04-01,2026-05-03,20,Available
E01983,2026-04-01,2026-05-01,50,Available
E01984,2026-04-01,2026-06-29,30,Available
E01985,2026-04-01,2026-04-16,70,Partially Available
E01986,2026-04-01,2026-06-19,40,Available
E01987,2026-04-01,2026-05-08,20,Available
E01988,2026-04-16,2026-05-10,100,Fully Allocated
E01989,2026-04-06,2026-05-20,90,Partially Available
E01990,2026-04-01,2026-06-02,40,Available
E01991,2026-04-01,2026-05-22,20,Available
E01992,2026-04-01,2026-05-02,70,Partially Available
E01993,2026-04-01,2026-06-11,50,Available
E01994,2026-04-01,2026-05-09,30,Available
E01995,2026-04-01,2026-05-22,10,Available
E01996,2026-04-01,2026-04-25,70,Partially Available
E01997,2026-04-01,2026-05-07,70,Partially Available
E01998,2026-04-01,2026-06-02,40,Available
E01999,2026-04-06,2026-05-06,90,Partially Available
E02000,2026-04-01,2026-04-22,80,Partially Available
E02001,2026-04-01,2026-05-03,40,Available
E02002,2026-04-16,2026-05-09,100,Fully Allocated
E02003,2026-04-01,2026-04-24,70,Partially Available
E02004,2026-04-01,2026-04-30,70,Partially Available
E02005,2026-04-01,2026-06-09,30,Available
E02006,2026-04-01,2026-06-05,60,Available
E02007,2026-04-01,2026-05-19,20,Available
E02008,2026-04-01,2026-06-03,60,Available
E02009,2026-04-01,2026-04-17,70,Partially Available
E02010,2026-04-01,2026-06-14,50,Available
E02011,2026-04-16,2026-05-11,100,Fully Allocated
E02012,2026-04-01,2026-06-02,20,Available
E02013,2026-04-01,2026-05-13,80,Partially Available
E02014,2026-04-01,2026-05-11,70,Partially Available
E02015,2026-04-01,2026-05-08,70,Partially Available
E02016,2026-04-01,2026-06-16,40,Available
E02017,2026-04-01,2026-06-03,20,Available
E02018,2026-04-01,2026-05-28,40,Available
E02019,2026-04-01,2026-05-16,20,Available
E02020,2026-04-01,2026-05-22,20,Available
E02021,2026-04-01,2026-05-28,30,Available
E02022,2026-04-01,2026-05-14,20,Available
E02023,2026-04-01,2026-05-06,10,Available
E02024,2026-04-01,2026-05-11,60,Available
E02025,2026-04-01,2026-06-15,40,Available
E02026,2026-04-16,2026-05-12,100,Fully Allocated
E02027,2026-04-01,2026-06-05,40,Available
E02028,2026-04-01,2026-05-02,70,Partially Available
E02029,2026-04-01,2026-05-16,20,Available
E02030,2026-04-01,2026-06-28,10,Available
E02031,2026-04-01,2026-05-06,10,Available
E02032,2026-04-06,2026-04-28,90,Partially Available
E02033,2026-04-01,2026-06-14,20,Available
E02034,2026-04-01,2026-05-11,70,Partially Available
E02035,2026-04-01,2026-06-05,40,Available
E02036,2026-04-01,2026-06-17,20,Available
E02037,2026-04-01,2026-05-02,80,Partially Available
E02038,2026-04-01,2026-05-04,20,Available
E02039,2026-04-01,2026-06-17,30,Available
E02040,2026-04-01,2026-06-03,60,Available
E02041,2026-04-01,2026-05-20,10,Available
E02042,2026-04-01,2026-05-09,80,Partially Available
E02043,2026-04-01,2026-06-14,60,Available
E02044,2026-04-01,2026-05-03,10,Available
E02045,2026-04-06,2026-05-18,90,Partially Available
E02046,2026-04-01,2026-05-30,30,Available
E02047,2026-04-01,2026-05-29,60,Available
E02048,2026-04-01,2026-05-06,70,Partially Available
E02049,2026-04-01,2026-04-25,70,Partially Available
E02050,2026-04-01,2026-05-27,40,Available
E02051,2026-04-16,2026-05-10,100,Fully Allocated
E02052,2026-04-01,2026-05-25,60,Available
E02053,2026-04-01,2026-05-03,60,Available
E02054,2026-04-06,2026-04-21,90,Partially Available
E02055,2026-04-16,2026-05-15,100,Fully Allocated
E02056,2026-04-01,2026-06-12,10,Available
E02057,2026-04-01,2026-05-05,10,Available
E02058,2026-04-01,2026-05-31,10,Available
E02059,2026-04-16,2026-04-25,100,Fully Allocated
E02060,2026-04-01,2026-06-12,10,Available
E02061,2026-04-06,2026-04-21,90,Partially Available
E02062,2026-04-06,2026-05-05,90,Partially Available
E02063,2026-04-01,2026-06-08,20,Available
E02064,2026-04-01,2026-05-09,70,Partially Available
E02065,2026-04-01,2026-06-28,60,Available
E02066,2026-04-01,2026-06-03,40,Available
E02067,2026-04-01,2026-06-16,30,Available
E02068,2026-04-16,2026-05-10,100,Fully Allocated
E02069,2026-04-01,2026-05-10,70,Partially Available
E02070,2026-04-01,2026-06-05,20,Available
E02071,2026-04-16,2026-04-23,100,Fully Allocated
E02072,2026-04-01,2026-05-09,40,Available
E02073,2026-04-01,2026-06-10,10,Available
E02074,2026-04-06,2026-05-12,90,Partially Available
E02075,2026-04-01,2026-06-07,60,Available
E02076,2026-04-01,2026-06-15,60,Available
E02077,2026-04-01,2026-06-10,40,Available
E02078,2026-04-01,2026-05-02,50,Available
E02079,2026-04-01,2026-06-10,40,Available
E02080,2026-04-06,2026-05-03,90,Partially Available
E02081,2026-04-01,2026-06-21,30,Available
E02082,2026-04-01,2026-05-20,50,Available
E02083,2026-04-06,2026-05-19,90,Partially Available
E02084,2026-04-01,2026-06-26,50,Available
E02085,2026-04-01,2026-05-23,40,Available
E02086,2026-04-01,2026-05-12,40,Available
E02087,2026-04-01,2026-05-10,20,Available
E02088,2026-04-06,2026-05-18,90,Partially Available
E02089,2026-04-01,2026-06-01,10,Available
E02090,2026-04-01,2026-05-15,80,Partially Available
E02091,2026-04-01,2026-05-05,10,Available
E02092,2026-04-01,2026-06-25,60,Available
E02093,2026-04-01,2026-06-13,30,Available
E02094,2026-04-01,2026-05-29,40,Available
E02095,2026-04-16,2026-04-23,100,Fully Allocated
E02096,2026-04-01,2026-05-23,30,Available
E02097,2026-04-16,2026-04-26,100,Fully Allocated
E02098,2026-04-01,2026-05-13,50,Available
E02099,2026-04-01,2026-06-19,30,Available
E02100,2026-04-06,2026-04-22,90,Partially Available
E02101,2026-04-06,2026-05-01,90,Partially Available
E02102,2026-04-01,2026-05-28,40,Available
E02103,2026-04-01,2026-05-25,50,Available
E02104,2026-04-16,2026-05-14,100,Fully Allocated
E02105,2026-04-01,2026-06-28,20,Available
E02106,2026-04-01,2026-04-19,80,Partially Available
E02107,2026-04-16,2026-05-10,100,Fully Allocated
E02108,2026-04-01,2026-04-22,80,Partially Available
E02109,2026-04-01,2026-05-09,60,Available
E02110,2026-04-16,2026-04-24,100,Fully Allocated
E02111,2026-04-01,2026-06-05,50,Available
E02112,2026-04-01,2026-06-15,30,Available
E02113,2026-04-01,2026-05-17,40,Available
E02114,2026-04-01,2026-06-02,40,Available
E02115,2026-04-01,2026-06-04,60,Available
E02116,2026-04-01,2026-04-16,80,Partially Available
E02117,2026-04-01,2026-06-01,40,Available
E02118,2026-04-01,2026-05-05,80,Partially Available
E02119,2026-04-01,2026-05-30,20,Available
E02120,2026-04-01,2026-05-07,80,Partially Available
E02121,2026-04-01,2026-06-22,10,Available
E02122,2026-04-01,2026-05-25,20,Available
E02123,2026-04-01,2026-04-28,80,Partially Available
E02124,2026-04-01,2026-06-15,10,Available
E02125,2026-04-06,2026-05-02,90,Partially Available
E02126,2026-04-01,2026-05-11,10,Available
E02127,2026-04-01,2026-05-03,70,Partially Available
E02128,2026-04-01,2026-06-03,50,Available
E02129,2026-04-16,2026-04-25,100,Fully Allocated
E02130,2026-04-16,2026-04-26,100,Fully Allocated
E02131,2026-04-06,2026-04-29,90,Partially Available
E02132,2026-04-01,2026-06-12,60,Available
E02133,2026-04-06,2026-05-12,90,Partially Available
E02134,2026-04-01,2026-05-25,50,Available
E02135,2026-04-01,2026-05-21,20,Available
E02136,2026-04-01,2026-05-25,10,Available
E02137,2026-04-01,2026-06-10,50,Available
E02138,2026-04-01,2026-05-17,30,Available
E02139,2026-04-01,2026-04-30,70,Partially Available
E02140,2026-04-01,2026-06-10,40,Available
E02141,2026-04-01,2026-04-22,70,Partially Available
E02142,2026-04-01,2026-06-28,20,Available
E02143,2026-04-01,2026-04-23,70,Partially Available
E02144,2026-04-01,2026-05-03,10,Available
E02145,2026-04-01,2026-06-02,30,Available
E02146,2026-04-01,2026-06-05,50,Available
E02147,2026-04-06,2026-05-07,90,Partially Available
E02148,2026-04-01,2026-05-01,40,Available
E02149,2026-04-01,2026-06-05,40,Available
E02150,2026-04-01,2026-06-09,10,Available
E02151,2026-04-01,2026-06-29,40,Available
E02152,2026-04-01,2026-05-17,10,Available
E02153,2026-04-01,2026-06-27,50,Available
E02154,2026-04-01,2026-06-27,20,Available
E02155,2026-04-06,2026-05-02,90,Partially Available
E02156,2026-04-01,2026-06-26,60,Available
E02157,2026-04-01,2026-06-23,50,Available
E02158,2026-04-01,2026-06-17,50,Available
E02159,2026-04-01,2026-06-06,40,Available
E02160,2026-04-01,2026-05-25,30,Available
E02161,2026-04-01,2026-05-10,70,Partially Available
E02162,2026-04-01,2026-05-10,80,Partially Available
E02163,2026-04-01,2026-05-13,10,Available
E02164,2026-04-01,2026-05-13,20,Available
E02165,2026-04-16,2026-05-04,100,Fully Allocated
E02166,2026-04-01,2026-06-01,20,Available
E02167,2026-04-01,2026-06-04,30,Available
E02168,2026-04-01,2026-05-13,80,Partially Available
E02169,2026-04-01,2026-06-13,40,Available
E02170,2026-04-01,2026-06-25,60,Available
E02171,2026-04-01,2026-06-27,10,Available
E02172,2026-04-01,2026-06-21,20,Available
E02173,2026-04-01,2026-05-20,50,Available
E02174,2026-04-01,2026-05-13,70,Partially Available
E02175,2026-04-01,2026-05-08,80,Partially Available
E02176,2026-04-01,2026-05-09,70,Partially Available
E02177,2026-04-01,2026-06-21,10,Available
E02178,2026-04-01,2026-05-11,50,Available
E02179,2026-04-01,2026-06-11,10,Available
E02180,2026-04-01,2026-05-16,40,Available
E02181,2026-04-16,2026-04-28,100,Fully Allocated
E02182,2026-04-01,2026-05-17,50,Available
E02183,2026-04-01,2026-06-14,40,Available
E02184,2026-04-01,2026-05-03,80,Partially Available
E02185,2026-04-01,2026-06-13,20,Available
E02186,2026-04-01,2026-04-20,70,Partially Available
E02187,2026-04-01,2026-05-20,50,Available
E02188,2026-04-06,2026-05-06,90,Partially Available
E02189,2026-04-01,2026-06-04,20,Available
E02190,2026-04-01,2026-06-17,20,Available
E02191,2026-04-01,2026-06-12,10,Available
E02192,2026-04-01,2026-05-14,10,Available
E02193,2026-04-01,2026-05-07,80,Partially Available
E02194,2026-04-16,2026-05-14,100,Fully Allocated
E02195,2026-04-06,2026-05-03,90,Partially Available
E02196,2026-04-01,2026-06-12,40,Available
E02197,2026-04-01,2026-04-29,70,Partially Available
E02198,2026-04-01,2026-04-25,80,Partially Available
E02199,2026-04-16,2026-05-10,100,Fully Allocated
E02200,2026-04-16,2026-04-29,100,Fully Allocated
E02201,2026-04-16,2026-05-15,100,Fully Allocated
E02202,2026-04-01,2026-06-19,40,Available
E02203,2026-04-01,2026-05-22,60,Available
E02204,2026-04-01,2026-05-21,10,Available
E02205,2026-04-01,2026-06-03,20,Available
E02206,2026-04-01,2026-05-25,30,Available
E02207,2026-04-01,2026-06-09,20,Available
E02208,2026-04-16,2026-05-15,100,Fully Allocated
E02209,2026-04-01,2026-06-16,20,Available
E02210,2026-04-01,2026-05-30,20,Available
E02211,2026-04-01,2026-05-06,50,Available
E02212,2026-04-06,2026-05-11,90,Partially Available
E02213,2026-04-01,2026-06-14,60,Available
E02214,2026-04-16,2026-04-27,100,Fully Allocated
E02215,2026-04-01,2026-05-14,70,Partially Available
E02216,2026-04-16,2026-05-14,100,Fully Allocated
E02217,2026-04-06,2026-04-23,90,Partially Available
E02218,2026-04-06,2026-05-15,90,Partially Available
E02219,2026-04-01,2026-04-30,70,Partially Available
E02220,2026-04-16,2026-05-01,100,Fully Allocated
E02221,2026-04-01,2026-05-17,10,Available
E02222,2026-04-01,2026-06-18,60,Available
E02223,2026-04-01,2026-04-28,80,Partially Available
E02224,2026-04-16,2026-05-10,100,Fully Allocated
E02225,2026-04-06,2026-05-10,90,Partially Available
E02226,2026-04-01,2026-05-11,80,Partially Available
E02227,2026-04-01,2026-05-05,10,Available
E02228,2026-04-01,2026-04-28,80,Partially Available
E02229,2026-04-01,2026-04-22,70,Partially Available
E02230,2026-04-01,2026-04-19,70,Partially Available
E02231,2026-04-01,2026-04-28,70,Partially Available
E02232,2026-04-01,2026-05-17,40,Available
E02233,2026-04-06,2026-04-28,90,Partially Available
E02234,2026-04-01,2026-06-28,30,Available
E02235,2026-04-16,2026-04-25,100,Fully Allocated
E02236,2026-04-01,2026-06-26,20,Available
E02237,2026-04-01,2026-05-01,70,Partially Available
E02238,2026-04-01,2026-06-03,20,Available
E02239,2026-04-01,2026-06-28,10,Available
E02240,2026-04-06,2026-04-21,90,Partially Available
E02241,2026-04-01,2026-05-11,70,Partially Available
E02242,2026-04-01,2026-05-08,60,Available
E02243,2026-04-01,2026-05-30,40,Available
E02244,2026-04-06,2026-04-23,90,Partially Available
E02245,2026-04-06,2026-05-07,90,Partially Available
E02246,2026-04-01,2026-06-28,60,Available
E02247,2026-04-01,2026-06-20,60,Available
E02248,2026-04-01,2026-05-24,60,Available
E02249,2026-04-01,2026-05-16,20,Available
E02250,2026-04-01,2026-06-28,60,Available
E02251,2026-04-01,2026-05-20,10,Available
E02252,2026-04-01,2026-05-10,30,Available
E02253,2026-04-01,2026-05-12,80,Partially Available
E02254,2026-04-06,2026-05-13,90,Partially Available
E02255,2026-04-16,2026-05-07,100,Fully Allocated
E02256,2026-04-06,2026-04-27,90,Partially Available
E02257,2026-04-01,2026-06-17,40,Available
E02258,2026-04-01,2026-05-02,80,Partially Available
E02259,2026-04-01,2026-05-20,30,Available
E02260,2026-04-01,2026-05-13,10,Available
E02261,2026-04-01,2026-05-14,80,Partially Available
E02262,2026-04-01,2026-05-10,20,Available
E02263,2026-04-01,2026-05-09,60,Available
E02264,2026-04-01,2026-05-07,30,Available
E02265,2026-04-06,2026-05-02,90,Partially Available
E02266,2026-04-01,2026-06-02,20,Available
E02267,2026-04-01,2026-05-24,30,Available
E02268,2026-04-01,2026-05-16,50,Available
E02269,2026-04-16,2026-04-26,100,Fully Allocated
E02270,2026-04-01,2026-05-15,70,Partially Available
E02271,2026-04-01,2026-04-29,80,Partially Available
E02272,2026-04-16,2026-05-15,100,Fully Allocated
E02273,2026-04-01,2026-05-29,30,Available
E02274,2026-04-01,2026-05-22,30,Available
E02275,2026-04-16,2026-05-15,100,Fully Allocated
E02276,2026-04-01,2026-05-26,60,Available
E02277,2026-04-16,2026-05-09,100,Fully Allocated
E02278,2026-04-01,2026-06-13,30,Available
E02279,2026-04-01,2026-06-16,20,Available
E02280,2026-04-01,2026-05-07,70,Partially Available
E02281,2026-04-01,2026-06-13,60,Available
E02282,2026-04-01,2026-05-03,50,Available
E02283,2026-04-01,2026-06-11,50,Available
E02284,2026-04-01,2026-06-21,60,Available
E02285,2026-04-01,2026-05-02,80,Partially Available
E02286,2026-04-01,2026-05-14,30,Available
E02287,2026-04-01,2026-04-28,80,Partially Available
E02288,2026-04-01,2026-05-30,50,Available
E02289,2026-04-01,2026-04-28,70,Partially Available
E02290,2026-04-01,2026-05-11,80,Partially Available
E02291,2026-04-01,2026-04-23,70,Partially Available
E02292,2026-04-06,2026-05-04,90,Partially Available
E02293,2026-04-01,2026-04-17,80,Partially Available
E02294,2026-04-01,2026-06-20,60,Available
E02295,2026-04-01,2026-05-08,70,Partially Available
E02296,2026-04-01,2026-06-03,20,Available
E02297,2026-04-01,2026-06-13,60,Available
E02298,2026-04-16,2026-05-12,100,Fully Allocated
E02299,2026-04-01,2026-05-12,30,Available
E02300,2026-04-01,2026-05-23,40,Available
E02301,2026-04-01,2026-05-13,80,Partially Available
E02302,2026-04-01,2026-05-04,70,Partially Available
E02303,2026-04-06,2026-05-06,90,Partially Available
E02304,2026-04-01,2026-04-17,80,Partially Available
E02305,2026-04-01,2026-05-08,30,Available
E02306,2026-04-01,2026-06-03,60,Available
E02307,2026-04-01,2026-04-25,80,Partially Available
E02308,2026-04-01,2026-05-01,70,Partially Available
E02309,2026-04-01,2026-04-22,70,Partially Available
E02310,2026-04-01,2026-05-27,40,Available
E02311,2026-04-01,2026-06-20,50,Available
E02312,2026-04-01,2026-05-20,40,Available
E02313,2026-04-01,2026-06-23,40,Available
E02314,2026-04-01,2026-06-28,50,Available
E02315,2026-04-06,2026-04-23,90,Partially Available
E02316,2026-04-01,2026-05-17,50,Available
E02317,2026-04-01,2026-05-28,50,Available
E02318,2026-04-16,2026-04-30,100,Fully Allocated
E02319,2026-04-01,2026-04-19,70,Partially Available
E02320,2026-04-01,2026-04-16,80,Partially Available
E02321,2026-04-06,2026-05-08,90,Partially Available
E02322,2026-04-01,2026-05-07,70,Partially Available
E02323,2026-04-01,2026-05-31,30,Available
E02324,2026-04-01,2026-05-01,60,Available
E02325,2026-04-01,2026-06-10,10,Available
E02326,2026-04-01,2026-04-29,80,Partially Available
E02327,2026-04-06,2026-04-27,90,Partially Available
E02328,2026-04-01,2026-05-08,50,Available
E02329,2026-04-16,2026-04-30,100,Fully Allocated
E02330,2026-04-01,2026-05-07,70,Partially Available
E02331,2026-04-01,2026-05-24,40,Available
E02332,2026-04-01,2026-05-08,80,Partially Available
E02333,2026-04-06,2026-04-21,90,Partially Available
E02334,2026-04-06,2026-04-23,90,Partially Available
E02335,2026-04-01,2026-04-24,70,Partially Available
E02336,2026-04-01,2026-04-23,80,Partially Available
E02337,2026-04-01,2026-05-05,20,Available
E02338,2026-04-01,2026-06-01,30,Available
E02339,2026-04-16,2026-04-23,100,Fully Allocated
E02340,2026-04-01,2026-05-02,30,Available
E02341,2026-04-01,2026-06-11,40,Available
E02342,2026-04-01,2026-04-29,70,Partially Available
E02343,2026-04-06,2026-05-05,90,Partially Available
E02344,2026-04-01,2026-06-11,50,Available
E02345,2026-04-16,2026-05-01,100,Fully Allocated
E02346,2026-04-06,2026-05-02,90,Partially Available
E02347,2026-04-06,2026-04-30,90,Partially Available
E02348,2026-04-01,2026-05-24,60,Available
E02349,2026-04-01,2026-06-10,60,Available
E02350,2026-04-01,2026-06-19,20,Available
E02351,2026-04-01,2026-05-19,50,Available
E02352,2026-04-01,2026-06-20,60,Available
E02353,2026-04-01,2026-05-17,10,Available
E02354,2026-04-16,2026-04-24,100,Fully Allocated
E02355,2026-04-01,2026-04-25,80,Partially Available
E02356,2026-04-01,2026-05-05,40,Available
E02357,2026-04-01,2026-04-22,70,Partially Available
E02358,2026-04-01,2026-05-06,20,Available
E02359,2026-04-01,2026-05-15,70,Partially Available
E02360,2026-04-01,2026-05-02,40,Available
E02361,2026-04-01,2026-05-08,60,Available
E02362,2026-04-01,2026-05-04,30,Available
E02363,2026-04-16,2026-05-10,100,Fully Allocated
E02364,2026-04-01,2026-05-31,40,Available
E02365,2026-04-16,2026-04-26,100,Fully Allocated
E02366,2026-04-01,2026-05-08,60,Available
E02367,2026-04-01,2026-05-15,80,Partially Available
E02368,2026-04-01,2026-05-31,10,Available
E02369,2026-04-01,2026-05-17,50,Available
E02370,2026-04-06,2026-05-17,90,Partially Available
E02371,2026-04-06,2026-05-15,90,Partially Available
E02372,2026-04-01,2026-06-15,20,Available
E02373,2026-04-06,2026-04-28,90,Partially Available
E02374,2026-04-01,2026-05-14,60,Available
E02375,2026-04-01,2026-05-08,10,Available
E02376,2026-04-01,2026-06-27,30,Available
E02377,2026-04-01,2026-05-25,10,Available
E02378,2026-04-01,2026-05-14,30,Available
E02379,2026-04-01,2026-05-23,60,Available
E02380,2026-04-01,2026-06-12,50,Available
E02381,2026-04-01,2026-06-10,60,Available
E02382,2026-04-01,2026-05-17,50,Available
E02383,2026-04-01,2026-06-18,40,Available
E02384,2026-04-01,2026-04-27,70,Partially Available
E02385,2026-04-01,2026-05-20,40,Available
E02386,2026-04-01,2026-06-03,30,Available
E02387,2026-04-01,2026-06-25,20,Available
E02388,2026-04-16,2026-05-09,100,Fully Allocated
E02389,2026-04-01,2026-06-21,50,Available
E02390,2026-04-01,2026-05-11,50,Available
E02391,2026-04-01,2026-05-27,20,Available
E02392,2026-04-01,2026-05-09,60,Available
E02393,2026-04-01,2026-05-03,80,Partially Available
E02394,2026-04-01,2026-06-07,40,Available
E02395,2026-04-16,2026-04-26,100,Fully Allocated
E02396,2026-04-06,2026-05-04,90,Partially Available
E02397,2026-04-01,2026-05-28,20,Available
E02398,2026-04-06,2026-05-10,90,Partially Available
E02399,2026-04-01,2026-06-23,20,Available
E02400,2026-04-01,2026-06-11,20,Available
E02401,2026-04-16,2026-04-26,100,Fully Allocated
E02402,2026-04-01,2026-04-30,80,Partially Available
E02403,2026-04-01,2026-06-10,60,Available
E02404,2026-04-06,2026-05-02,90,Partially Available
E02405,2026-04-01,2026-05-28,10,Available
E02406,2026-04-16,2026-04-30,100,Fully Allocated
E02407,2026-04-01,2026-05-24,10,Available
E02408,2026-04-01,2026-06-06,50,Available
E02409,2026-04-06,2026-05-06,90,Partially Available
E02410,2026-04-01,2026-05-22,30,Available
E02411,2026-04-01,2026-06-16,60,Available
E02412,2026-04-01,2026-05-17,50,Available
E02413,2026-04-06,2026-04-21,90,Partially Available
E02414,2026-04-01,2026-05-31,60,Available
E02415,2026-04-01,2026-05-25,10,Available
E02416,2026-04-01,2026-04-27,80,Partially Available
E02417,2026-04-06,2026-05-10,90,Partially Available
E02418,2026-04-01,2026-05-19,10,Available
E02419,2026-04-01,2026-05-05,50,Available
E02420,2026-04-01,2026-05-15,20,Available
E02421,2026-04-06,2026-04-29,90,Partially Available
E02422,2026-04-01,2026-05-25,60,Available
E02423,2026-04-01,2026-04-18,70,Partially Available
E02424,2026-04-01,2026-04-27,80,Partially Available
E02425,2026-04-16,2026-05-15,100,Fully Allocated
E02426,2026-04-06,2026-05-09,90,Partially Available
E02427,2026-04-01,2026-04-30,80,Partially Available
E02428,2026-04-01,2026-05-03,50,Available
E02429,2026-04-01,2026-06-21,40,Available
E02430,2026-04-01,2026-05-18,40,Available
E02431,2026-04-01,2026-05-22,60,Available
E02432,2026-04-01,2026-05-16,10,Available
E02433,2026-04-01,2026-04-30,70,Partially Available
E02434,2026-04-01,2026-05-05,20,Available
E02435,2026-04-06,2026-04-30,90,Partially Available
E02436,2026-04-01,2026-06-11,50,Available
E02437,2026-04-01,2026-05-13,30,Available
E02438,2026-04-01,2026-05-03,70,Partially Available
E02439,2026-04-01,2026-05-28,20,Available
E02440,2026-04-01,2026-05-10,10,Available
E02441,2026-04-16,2026-05-08,100,Fully Allocated
E02442,2026-04-01,2026-05-02,30,Available
E02443,2026-04-06,2026-05-20,90,Partially Available
E02444,2026-04-01,2026-06-19,30,Available
E02445,2026-04-01,2026-04-19,80,Partially Available
E02446,2026-04-01,2026-05-04,70,Partially Available
E02447,2026-04-01,2026-05-25,30,Available
E02448,2026-04-06,2026-05-19,90,Partially Available
E02449,2026-04-01,2026-05-05,60,Available
E02450,2026-04-01,2026-05-28,30,Available
E02451,2026-04-01,2026-05-02,80,Partially Available
E02452,2026-04-01,2026-05-02,30,Available
E02453,2026-04-01,2026-04-30,70,Partially Available
E02454,2026-04-01,2026-06-24,20,Available
E02455,2026-04-01,2026-06-25,30,Available
E02456,2026-04-01,2026-04-21,80,Partially Available
E02457,2026-04-01,2026-05-29,40,Available
E02458,2026-04-16,2026-05-15,100,Fully Allocated
E02459,2026-04-01,2026-05-18,20,Available
E02460,2026-04-01,2026-05-14,50,Available
E02461,2026-04-01,2026-04-27,70,Partially Available
E02462,2026-04-16,2026-04-28,100,Fully Allocated
E02463,2026-04-01,2026-05-28,50,Available
E02464,2026-04-01,2026-06-23,20,Available
E02465,2026-04-01,2026-05-05,70,Partially Available
E02466,2026-04-01,2026-06-28,40,Available
E02467,2026-04-01,2026-06-21,50,Available
E02468,2026-04-01,2026-05-18,50,Available
E02469,2026-04-16,2026-04-25,100,Fully Allocated
E02470,2026-04-01,2026-06-27,40,Available
E02471,2026-04-01,2026-06-07,30,Available
E02472,2026-04-01,2026-05-04,50,Available
E02473,2026-04-01,2026-06-20,30,Available
E02474,2026-04-01,2026-06-18,30,Available
E02475,2026-04-06,2026-05-18,90,Partially Available
E02476,2026-04-01,2026-05-31,10,Available
E02477,2026-04-01,2026-05-11,60,Available
E02478,2026-04-01,2026-04-29,70,Partially Available
E02479,2026-04-01,2026-06-28,60,Available
E02480,2026-04-06,2026-05-01,90,Partially Available
E02481,2026-04-01,2026-05-29,40,Available
E02482,2026-04-01,2026-05-19,40,Available
E02483,2026-04-01,2026-05-02,70,Partially Available
E02484,2026-04-01,2026-05-04,20,Available
E02485,2026-04-01,2026-06-13,20,Available
E02486,2026-04-16,2026-04-26,100,Fully Allocated
E02487,2026-04-01,2026-06-28,40,Available
E02488,2026-04-01,2026-04-27,70,Partially Available
E02489,2026-04-01,2026-05-02,80,Partially Available
E02490,2026-04-01,2026-06-16,30,Available
E02491,2026-04-01,2026-05-07,40,Available
E02492,2026-04-06,2026-05-11,90,Partially Available
E02493,2026-04-01,2026-04-16,80,Partially Available
E02494,2026-04-01,2026-06-06,60,Available
E02495,2026-04-01,2026-05-12,30,Available
E02496,2026-04-01,2026-05-07,60,Available
E02497,2026-04-01,2026-06-23,60,Available
E02498,2026-04-01,2026-06-27,40,Available
E02499,2026-04-01,2026-05-15,60,Available
E02500,2026-04-01,2026-06-06,40,Available
