employee_id_1,employee_id_2,compatibility_score,collaboration_count,last_collaboration_date
E00105,E00350,7.3,1,2025-06-13
E00105,E00811,6.3,1,2025-06-13
E00130,E00555,7.8,1,2025-06-13
E00130,E00922,6.3,1,2025-06-13
E00143,E00555,8.1,1,2025-06-13
E00143,E00811,5.9,1,2025-06-13
E00143,E00922,7.3,1,2025-06-13
E00555,E00929,7.2,1,2025-06-13
E00811,E00944,6.3,1,2025-06-13
E00008,E00081,6.3,1,2026-03-14
E00008,E00230,6.0,1,2026-03-14
E00018,E00077,6.5,3,2026-03-14
E00077,E00379,5.5,1,2026-03-14
E00081,E00087,7.1,1,2026-03-14
E00081,E00230,7.0,1,2026-03-14
E00081,E00240,6.6,1,2026-03-14
E00087,E00230,6.9,1,2026-03-14
E00138,E00295,7.6,2,2026-03-14
E00138,E00338,6.2,1,2026-03-14
E00279,E00320,6.4,1,2026-03-14
E00279,E00338,5.5,1,2026-03-14
E00279,E00379,5.5,1,2026-03-14
E00320,E00331,7.2,1,2026-03-14
E00018,E00188,7.4,2,2026-04-10
E00019,E00095,6.1,2,2026-04-10
E00039,E00314,9.3,1,2026-04-10
E00053,E00284,7.7,1,2026-04-10
E00083,E00145,7.6,1,2026-04-10
E00083,E00274,7.6,1,2026-04-10
E00095,E00274,6.3,1,2026-04-10
E00095,E00284,6.2,1,2026-04-10
E00121,E00145,8.3,1,2026-04-10
E00121,E00274,8.4,1,2026-04-10
E00145,E00188,6.9,1,2026-04-10
E00188,E00260,6.0,1,2026-04-10
E00188,E00261,6.3,2,2026-04-10
E00188,E00274,6.1,1,2026-04-10
E00274,E00314,8.5,1,2026-04-10
E00072,E00118,7.4,1,2024-12-05
E00072,E00443,6.8,1,2024-12-05
E00175,E00384,7.4,1,2024-12-05
E00180,E00443,5.7,1,2024-12-05
E00323,E00443,7.5,1,2024-12-05
E00325,E00342,5.5,1,2024-12-05
E00325,E00443,6.5,1,2024-12-05
E00008,E00071,7.4,2,2025-01-07
E00008,E00145,7.7,1,2024-07-21
E00008,E00185,6.2,1,2024-07-21
E00008,E00300,6.6,1,2024-07-21
E00014,E00117,8.1,1,2024-07-21
E00071,E00162,5.9,1,2024-07-21
E00071,E00185,6.1,1,2024-07-21
E00117,E00127,7.2,1,2024-07-21
E00117,E00330,6.8,1,2024-07-21
E00119,E00314,5.6,1,2024-07-21
E00127,E00300,5.9,1,2024-07-21
E00142,E00300,6.0,1,2024-07-21
E00142,E00314,5.6,1,2024-07-21
E00145,E00162,6.9,1,2024-07-21
E00145,E00250,7.0,1,2024-07-21
E00236,E00250,6.0,2,2026-03-10
E00236,E00300,6.4,1,2024-07-21
E00300,E00314,6.6,2,2024-09-24
E00020,E00261,8.1,2,2026-04-08
E00020,E00439,7.4,1,2024-10-26
E00034,E00242,7.0,1,2024-10-26
E00034,E00261,7.3,2,2024-10-26
E00034,E00455,6.8,1,2024-10-26
E00070,E00503,6.2,1,2024-10-26
E00244,E00369,7.2,1,2024-10-26
E00244,E00455,6.4,1,2024-10-26
E00261,E00439,6.7,1,2024-10-26
E00369,E00455,8.1,1,2024-10-26
E00439,E00455,6.6,1,2024-10-26
E00503,E00519,7.9,1,2024-10-26
E00008,E00286,6.0,1,2025-07-29
E00008,E00311,7.2,1,2025-07-29
E00056,E00253,6.1,1,2025-07-29
E00056,E00286,5.5,1,2025-07-29
E00056,E00295,6.2,1,2025-07-29
E00056,E00311,6.7,1,2025-07-29
E00113,E00311,7.8,1,2025-07-29
E00198,E00286,5.5,1,2025-07-29
E00015,E00127,6.5,1,2025-07-19
E00015,E00205,5.5,1,2025-07-19
E00053,E00077,7.7,1,2025-07-19
E00053,E00266,9.1,1,2025-07-19
E00091,E00127,7.2,1,2025-07-19
E00091,E00247,6.2,1,2025-07-19
E00124,E00127,7.5,1,2025-07-19
E00124,E00175,7.4,2,2025-07-19
E00127,E00153,7.2,1,2025-07-19
E00153,E00266,6.7,1,2025-07-19
E00212,E00247,5.8,1,2025-07-19
E00007,E00069,7.1,2,2026-02-27
E00007,E00294,7.9,1,2024-02-24
E00007,E00307,7.3,2,2024-02-24
E00046,E00170,5.7,2,2025-11-20
E00046,E00294,8.1,1,2024-02-24
E00046,E00364,5.6,1,2024-02-24
E00060,E00064,6.6,1,2024-02-24
E00064,E00221,7.0,3,2026-01-16
E00069,E00294,7.1,2,2024-05-10
E00091,E00364,5.5,1,2024-02-24
E00140,E00152,6.1,1,2024-02-24
E00148,E00152,6.5,1,2024-02-24
E00148,E00215,7.1,1,2024-02-24
E00148,E00307,6.5,2,2024-02-24
E00152,E00215,6.7,1,2024-02-24
E00152,E00221,5.8,2,2026-04-03
E00152,E00294,8.5,1,2024-02-24
E00152,E00364,6.5,3,2026-04-10
E00170,E00215,6.5,1,2024-02-24
E00176,E00307,5.8,2,2025-02-11
E00190,E00364,6.3,2,2024-08-20
E00215,E00307,6.1,1,2024-02-24
E00215,E00353,6.8,1,2024-02-24
E00006,E00008,6.9,2,2026-02-20
E00006,E00192,6.3,2,2025-01-16
E00006,E00257,7.1,1,2023-12-14
E00006,E00349,6.8,1,2023-12-14
E00006,E00366,6.6,1,2023-12-14
E00008,E00383,6.8,1,2023-12-14
E00019,E00197,6.9,2,2026-03-27
E00019,E00221,7.0,2,2025-03-07
E00019,E00366,5.7,1,2023-12-14
E00019,E00368,6.7,1,2023-12-14
E00019,E00415,7.3,1,2023-12-14
E00029,E00331,8.0,1,2023-12-14
E00029,E00332,7.5,1,2023-12-14
E00031,E00131,7.1,1,2023-12-14
E00031,E00190,5.8,1,2023-12-14
E00031,E00368,6.3,1,2023-12-14
E00070,E00096,6.7,3,2026-03-28
E00096,E00332,8.6,1,2023-12-14
E00131,E00221,7.5,1,2023-12-14
E00131,E00368,7.6,1,2023-12-14
E00192,E00289,7.3,2,2025-05-01
E00192,E00349,6.3,1,2023-12-14
E00221,E00363,6.8,1,2023-12-14
E00257,E00349,6.6,1,2023-12-14
E00289,E00349,6.3,1,2023-12-14
E00289,E00363,7.4,1,2023-12-14
E00289,E00366,6.0,1,2023-12-14
E00289,E00383,6.2,2,2026-01-22
E00005,E00067,6.4,1,2024-08-01
E00031,E00047,8.0,1,2024-08-01
E00031,E00068,7.7,1,2024-08-01
E00047,E00226,9.0,1,2024-08-01
E00067,E00068,7.3,1,2024-08-01
E00067,E00226,7.5,2,2026-04-11
E00067,E00303,5.7,1,2024-08-01
E00067,E00324,5.7,1,2024-08-01
E00068,E00247,6.6,2,2024-08-01
E00083,E00226,7.9,1,2024-08-01
E00124,E00247,5.5,1,2024-08-01
E00124,E00263,6.4,1,2024-08-01
E00124,E00303,6.2,1,2024-08-01
E00247,E00324,6.3,2,2025-02-17
E00263,E00282,6.5,2,2024-08-01
E00263,E00303,6.2,1,2024-08-01
E00282,E00326,6.9,1,2024-08-01
E00024,E00195,5.5,1,2026-01-20
E00118,E00247,6.7,2,2026-01-20
E00118,E00261,5.9,2,2026-03-24
E00118,E00371,6.8,1,2026-01-20
E00131,E00407,8.3,1,2026-01-20
E00155,E00460,6.5,1,2026-01-20
E00195,E00247,6.6,2,2026-03-11
E00195,E00446,6.2,1,2026-01-20
E00247,E00261,6.5,2,2026-03-30
E00247,E00466,6.7,1,2026-01-20
E00020,E00077,7.8,1,2023-12-01
E00020,E00307,7.2,2,2025-08-30
E00020,E00371,7.7,1,2023-12-01
E00064,E00127,6.5,2,2023-12-05
E00064,E00278,7.6,1,2023-12-01
E00064,E00311,7.9,1,2023-12-01
E00077,E00278,9.3,1,2023-12-01
E00127,E00306,5.9,1,2023-12-01
E00127,E00382,7.5,1,2023-12-01
E00127,E00410,6.9,1,2023-12-01
E00195,E00325,6.1,1,2023-12-01
E00258,E00311,6.2,1,2023-12-01
E00258,E00325,6.6,2,2024-01-23
E00278,E00410,7.0,1,2023-12-01
E00306,E00311,6.5,1,2023-12-01
E00311,E00325,6.8,1,2023-12-01
E00347,E00394,6.8,1,2023-12-01
E00371,E00382,7.9,1,2023-12-01
E00007,E00129,5.9,1,2025-02-20
E00007,E00148,7.4,1,2025-02-20
E00053,E00141,8.1,1,2025-02-20
E00091,E00141,7.3,1,2025-02-20
E00100,E00129,6.0,1,2025-02-20
E00129,E00141,6.9,1,2025-02-20
E00131,E00282,7.7,1,2025-02-20
E00141,E00171,7.1,1,2025-02-20
E00148,E00282,7.9,1,2025-02-20
E00036,E00211,7.0,1,2026-04-06
E00036,E00226,5.5,1,2026-04-06
E00072,E00257,6.0,1,2026-04-06
E00072,E00456,6.4,1,2026-04-06
E00188,E00208,7.1,1,2026-04-06
E00188,E00227,6.4,1,2026-04-06
E00188,E00451,6.2,1,2026-04-06
E00194,E00215,7.0,3,2026-04-06
E00194,E00451,6.1,1,2026-04-06
E00194,E00456,6.8,1,2026-04-06
E00204,E00208,6.1,1,2026-04-06
E00208,E00456,6.2,1,2026-04-06
E00211,E00227,6.3,1,2026-04-06
E00211,E00334,7.1,1,2026-04-06
E00226,E00479,6.1,1,2026-04-06
E00005,E00076,5.9,2,2025-05-06
E00005,E00120,6.5,1,2025-02-27
E00005,E00137,6.9,2,2025-02-27
E00005,E00192,7.3,1,2025-02-27
E00005,E00237,6.8,2,2025-05-15
E00024,E00046,7.2,1,2025-02-27
E00024,E00162,7.0,1,2025-02-27
E00024,E00363,7.4,1,2025-02-27
E00046,E00228,7.3,1,2025-02-27
E00067,E00162,7.0,1,2025-02-27
E00067,E00185,6.5,1,2025-02-27
E00076,E00185,6.2,1,2025-02-27
E00076,E00202,6.2,1,2025-02-27
E00076,E00305,6.8,1,2025-02-27
E00078,E00162,7.1,1,2025-02-27
E00084,E00237,7.9,1,2025-02-27
E00084,E00378,6.3,1,2025-02-27
E00097,E00228,6.3,1,2025-02-27
E00097,E00397,6.8,2,2026-04-11
E00120,E00210,7.2,1,2025-02-27
E00120,E00342,5.5,1,2025-02-27
E00137,E00250,7.2,2,2026-02-28
E00162,E00192,7.8,1,2025-02-27
E00162,E00210,8.0,1,2025-02-27
E00162,E00305,8.0,1,2025-02-27
E00162,E00342,7.2,1,2025-02-27
E00162,E00351,6.4,2,2026-02-12
E00162,E00380,7.1,2,2025-02-27
E00185,E00228,6.6,1,2025-02-27
E00202,E00237,8.5,1,2025-02-27
E00202,E00363,7.3,2,2026-01-27
E00248,E00351,5.8,1,2025-02-27
E00305,E00351,6.4,1,2025-02-27
E00305,E00378,6.9,1,2025-02-27
E00351,E00397,7.2,1,2025-02-27
E00013,E00053,6.4,2,2025-11-20
E00013,E00378,5.9,1,2024-10-30
E00016,E00381,6.7,2,2025-08-04
E00058,E00371,6.1,1,2024-10-30
E00069,E00121,6.6,1,2024-10-30
E00074,E00121,6.3,2,2025-03-15
E00074,E00303,6.8,1,2024-10-30
E00123,E00365,7.1,1,2024-10-30
E00129,E00303,7.0,1,2024-10-30
E00179,E00338,6.9,1,2024-10-30
E00184,E00378,8.0,1,2024-10-30
E00338,E00381,5.8,1,2024-10-30
E00338,E00389,6.2,2,2024-10-30
E00365,E00381,6.0,1,2024-10-30
E00020,E00151,5.6,1,2025-07-17
E00020,E00342,5.9,1,2025-07-17
E00081,E00328,6.3,1,2025-07-17
E00081,E00440,6.4,1,2025-07-17
E00151,E00279,6.9,1,2025-07-17
E00151,E00431,6.4,1,2025-07-17
E00151,E00495,7.2,1,2025-07-17
E00165,E00279,6.6,1,2025-07-17
E00165,E00373,6.1,1,2025-07-17
E00167,E00215,6.9,2,2025-07-17
E00167,E00495,7.0,1,2025-07-17
E00167,E00505,8.3,1,2025-07-17
E00191,E00294,7.0,1,2025-07-17
E00191,E00431,7.9,1,2025-07-17
E00271,E00430,6.6,1,2025-07-17
E00279,E00328,6.4,1,2025-07-17
E00279,E00342,6.7,1,2025-07-17
E00294,E00495,6.7,1,2025-07-17
E00342,E00479,5.9,1,2025-07-17
E00430,E00505,8.2,1,2025-07-17
E00431,E00479,6.6,1,2025-07-17
E00031,E00246,7.0,1,2026-05-05
E00031,E00426,6.8,1,2026-05-05
E00083,E00175,7.0,3,2026-05-05
E00083,E00190,7.1,1,2026-05-05
E00083,E00435,8.1,1,2026-05-05
E00175,E00311,8.0,1,2026-05-05
E00179,E00446,7.6,1,2026-05-05
E00190,E00246,6.9,2,2026-05-05
E00190,E00247,6.7,3,2026-05-05
E00190,E00311,7.4,1,2026-05-05
E00207,E00311,6.5,1,2026-05-05
E00247,E00426,6.9,1,2026-05-05
E00001,E00036,7.4,1,2024-10-11
E00001,E00095,7.3,1,2024-10-11
E00001,E00216,8.0,1,2024-10-11
E00013,E00036,6.8,1,2024-10-11
E00013,E00110,7.5,1,2024-10-11
E00020,E00095,7.1,3,2026-04-04
E00020,E00166,6.6,1,2024-10-11
E00020,E00179,6.3,1,2024-10-11
E00020,E00308,6.3,1,2024-10-11
E00036,E00216,6.1,1,2024-10-11
E00050,E00142,5.7,1,2024-10-11
E00050,E00179,6.4,1,2024-10-11
E00074,E00230,7.1,1,2024-10-11
E00074,E00308,6.9,1,2024-10-11
E00095,E00306,7.0,1,2024-10-11
E00110,E00179,6.1,1,2024-10-11
E00110,E00306,7.1,1,2024-10-11
E00119,E00142,6.8,1,2024-10-11
E00142,E00306,6.0,1,2024-10-11
E00179,E00230,6.2,2,2026-03-07
E00179,E00306,6.0,1,2024-10-11
E00216,E00306,6.3,1,2024-10-11
E00019,E00246,5.6,1,2026-02-28
E00019,E00303,7.0,1,2026-02-28
E00067,E00096,5.6,1,2026-02-28
E00075,E00096,6.5,2,2026-02-28
E00096,E00246,6.1,1,2026-02-28
E00096,E00250,5.7,2,2026-02-28
E00180,E00214,6.6,1,2026-02-28
E00246,E00250,5.6,1,2026-02-28
E00247,E00250,5.5,1,2026-02-28
E00303,E00324,6.9,1,2026-02-28
E00042,E00196,6.6,2,2026-01-27
E00143,E00309,7.0,2,2025-04-08
E00143,E00453,7.3,1,2025-04-08
E00196,E00200,6.7,1,2025-04-08
E00200,E00325,5.5,1,2025-04-08
E00204,E00286,7.0,1,2025-04-08
E00204,E00309,6.0,1,2025-04-08
E00204,E00401,8.2,1,2025-04-08
E00282,E00342,7.9,2,2026-03-03
E00286,E00325,6.5,1,2025-04-08
E00286,E00426,6.6,1,2025-04-08
E00342,E00420,5.8,1,2025-04-08
E00420,E00453,6.8,1,2025-04-08
E00008,E00261,7.0,1,2025-02-11
E00094,E00183,6.1,1,2025-02-11
E00094,E00281,7.1,1,2025-02-11
E00103,E00143,7.4,1,2025-02-11
E00143,E00189,7.8,1,2025-02-11
E00189,E00281,6.4,2,2025-05-09
E00207,E00261,7.9,1,2025-02-11
E00260,E00329,7.7,1,2025-02-11
E00013,E00177,6.5,1,2024-04-03
E00013,E00182,6.0,1,2024-04-03
E00013,E00248,7.0,1,2024-04-03
E00074,E00109,7.2,1,2024-04-03
E00074,E00177,9.0,1,2024-04-03
E00074,E00214,7.9,1,2024-04-03
E00074,E00217,7.9,1,2024-04-03
E00074,E00248,8.4,1,2024-04-03
E00080,E00117,7.8,1,2024-04-03
E00080,E00162,9.0,1,2024-04-03
E00081,E00248,8.5,1,2024-04-03
E00081,E00300,8.6,1,2024-04-03
E00083,E00280,5.5,1,2024-04-03
E00109,E00117,6.0,2,2026-01-07
E00117,E00246,8.4,1,2024-04-03
E00162,E00177,8.8,1,2024-04-03
E00162,E00217,7.3,1,2024-04-03
E00162,E00247,7.3,1,2024-04-03
E00175,E00229,6.8,1,2024-04-03
E00175,E00280,6.6,2,2024-05-13
E00177,E00214,6.0,1,2024-04-03
E00214,E00229,6.5,1,2024-04-03
E00214,E00248,6.6,1,2024-04-03
E00217,E00229,7.3,1,2024-04-03
E00234,E00248,7.4,3,2025-04-28
E00246,E00300,8.4,1,2024-04-03
E00048,E00095,6.5,1,2025-05-14
E00067,E00115,9.0,1,2025-05-14
E00067,E00539,7.9,1,2025-05-14
E00095,E00190,6.8,1,2025-05-14
E00095,E00539,7.2,1,2025-05-14
E00115,E00166,7.5,1,2025-05-14
E00115,E00190,7.4,1,2025-05-14
E00115,E00302,7.8,2,2025-05-14
E00115,E00374,8.0,1,2025-05-14
E00115,E00435,8.6,1,2025-05-14
E00166,E00389,5.6,1,2025-05-14
E00171,E00435,7.8,1,2025-05-14
E00183,E00236,6.0,1,2025-05-14
E00183,E00316,6.2,1,2025-05-14
E00183,E00389,6.1,1,2025-05-14
E00183,E00519,6.2,1,2025-05-14
E00183,E00539,6.4,1,2025-05-14
E00302,E00539,7.3,1,2025-05-14
E00316,E00345,7.3,1,2025-05-14
E00316,E00435,6.9,1,2025-05-14
E00316,E00539,6.8,1,2025-05-14
E00345,E00539,7.9,1,2025-05-14
E00389,E00435,7.0,1,2025-05-14
E00051,E00060,6.0,1,2023-10-22
E00051,E00250,6.3,1,2023-10-22
E00051,E00322,6.9,1,2023-10-22
E00056,E00060,6.4,1,2023-10-22
E00060,E00143,6.0,1,2023-10-22
E00060,E00295,5.8,1,2023-10-22
E00060,E00311,8.5,1,2023-10-22
E00122,E00250,6.4,3,2026-02-12
E00122,E00253,6.7,2,2025-04-09
E00125,E00143,5.7,1,2023-10-22
E00143,E00250,6.3,1,2023-10-22
E00143,E00317,6.7,1,2023-10-22
E00175,E00295,7.1,1,2023-10-22
E00250,E00311,9.1,1,2023-10-22
E00250,E00322,7.4,2,2024-05-06
E00311,E00317,8.3,1,2023-10-22
E00015,E00235,6.8,1,2026-02-24
E00015,E00342,7.5,2,2026-02-24
E00016,E00391,7.4,1,2026-02-24
E00087,E00494,7.2,1,2026-02-24
E00332,E00389,6.7,1,2026-02-24
E00402,E00447,6.6,1,2026-02-24
E00053,E00071,7.1,1,2025-07-17
E00053,E00231,7.0,1,2025-07-17
E00071,E00091,7.2,2,2025-07-17
E00071,E00117,7.1,1,2025-07-17
E00071,E00197,6.9,2,2025-07-17
E00071,E00388,5.9,1,2025-07-17
E00076,E00388,5.8,1,2025-07-17
E00076,E00489,6.3,1,2025-07-17
E00089,E00091,7.7,1,2025-07-17
E00089,E00392,6.3,2,2025-07-17
E00090,E00091,7.9,1,2025-07-17
E00090,E00231,7.2,1,2025-07-17
E00090,E00475,6.3,1,2025-07-17
E00091,E00094,8.3,1,2025-07-17
E00091,E00475,7.0,1,2025-07-17
E00094,E00110,7.1,1,2025-07-17
E00094,E00116,6.4,2,2025-07-17
E00094,E00117,7.6,1,2025-07-17
E00094,E00475,6.0,1,2025-07-17
E00110,E00197,6.3,1,2025-07-17
E00110,E00392,6.7,1,2025-07-17
E00116,E00197,6.0,1,2025-07-17
E00116,E00301,6.2,1,2025-07-17
E00116,E00489,6.1,1,2025-07-17
E00197,E00235,7.8,1,2025-07-17
E00197,E00301,5.5,1,2025-07-17
E00197,E00475,5.7,1,2025-07-17
E00237,E00398,7.9,1,2025-07-17
E00274,E00301,6.2,1,2025-07-17
E00274,E00398,6.5,1,2025-07-17
E00042,E00283,5.5,1,2025-12-31
E00058,E00091,6.2,1,2025-12-31
E00058,E00196,6.9,2,2026-01-27
E00273,E00283,5.8,1,2025-12-31
E00019,E00054,6.2,3,2025-07-06
E00019,E00228,6.7,2,2025-10-28
E00039,E00228,6.8,1,2024-05-25
E00039,E00466,7.0,1,2024-05-25
E00041,E00281,7.1,1,2024-05-25
E00041,E00369,8.5,1,2024-05-25
E00067,E00129,5.5,1,2024-05-25
E00067,E00369,7.2,1,2024-05-25
E00067,E00497,5.9,1,2024-05-25
E00067,E00527,5.7,1,2024-05-25
E00129,E00223,6.9,2,2026-03-16
E00129,E00224,6.2,2,2026-03-01
E00129,E00369,7.1,1,2024-05-25
E00138,E00466,6.8,1,2024-05-25
E00213,E00281,6.8,1,2024-05-25
E00213,E00466,6.9,1,2024-05-25
E00224,E00466,5.5,1,2024-05-25
E00405,E00497,6.3,1,2024-05-25
E00031,E00097,7.0,2,2026-04-11
E00031,E00357,5.7,1,2023-10-10
E00035,E00097,6.2,1,2023-10-10
E00035,E00153,6.7,1,2023-10-10
E00053,E00331,7.2,1,2023-10-10
E00097,E00258,6.9,1,2023-10-10
E00153,E00258,6.8,1,2023-10-10
E00258,E00357,5.9,2,2024-03-03
E00017,E00065,7.0,1,2025-05-26
E00017,E00256,7.5,1,2025-05-26
E00020,E00082,5.8,1,2025-05-26
E00028,E00289,6.1,1,2025-05-26
E00065,E00234,6.0,2,2025-05-26
E00066,E00082,5.8,1,2025-05-26
E00066,E00285,6.8,1,2025-05-26
E00066,E00289,6.1,2,2026-03-28
E00068,E00271,6.2,1,2025-05-26
E00082,E00289,6.2,1,2025-05-26
E00095,E00234,6.7,2,2025-05-26
E00095,E00289,6.9,1,2025-05-26
E00212,E00273,6.6,1,2025-05-26
E00285,E00289,6.8,1,2025-05-26
E00339,E00364,5.9,1,2025-05-26
E00015,E00109,7.4,1,2025-07-12
E00015,E00263,7.4,1,2025-07-12
E00031,E00039,6.8,1,2025-07-12
E00031,E00109,8.5,1,2025-07-12
E00031,E00244,8.4,1,2025-07-12
E00070,E00152,7.0,1,2025-07-12
E00070,E00244,6.9,2,2026-02-28
E00070,E00342,8.7,1,2025-07-12
E00070,E00343,6.6,1,2025-07-12
E00109,E00342,7.3,2,2026-04-12
E00109,E00414,6.9,1,2025-07-12
E00128,E00259,6.4,1,2025-07-12
E00152,E00244,7.3,1,2025-07-12
E00152,E00259,6.7,1,2025-07-12
E00152,E00436,8.1,1,2025-07-12
E00244,E00258,6.7,1,2025-07-12
E00244,E00366,6.5,1,2025-07-12
E00259,E00436,7.0,1,2025-07-12
E00259,E00458,6.0,1,2025-07-12
E00366,E00436,7.3,1,2025-07-12
E00025,E00182,6.4,2,2025-07-22
E00025,E00298,6.7,1,2024-08-04
E00069,E00182,6.4,2,2025-05-21
E00069,E00214,7.3,2,2024-08-04
E00069,E00219,6.0,1,2024-08-04
E00069,E00238,5.9,1,2024-08-04
E00069,E00302,5.7,2,2025-05-02
E00071,E00238,5.7,1,2024-08-04
E00117,E00156,6.4,1,2024-08-04
E00117,E00182,6.8,1,2024-08-04
E00117,E00238,5.7,1,2024-08-04
E00156,E00282,7.4,1,2024-08-04
E00156,E00302,6.5,1,2024-08-04
E00165,E00296,6.6,1,2024-08-04
E00182,E00192,7.1,1,2024-08-04
E00182,E00298,7.5,1,2024-08-04
E00214,E00235,6.7,2,2026-02-27
E00214,E00308,8.1,1,2024-08-04
E00219,E00282,6.0,1,2024-08-04
E00219,E00296,6.3,2,2025-05-17
E00219,E00298,6.1,1,2024-08-04
E00251,E00302,6.9,2,2024-08-04
E00298,E00308,7.9,1,2024-08-04
E00020,E00045,6.6,1,2026-03-22
E00035,E00096,7.4,1,2026-03-22
E00035,E00109,7.0,1,2026-03-22
E00035,E00196,6.6,1,2026-03-22
E00035,E00476,7.2,1,2026-03-22
E00037,E00196,6.1,1,2026-03-22
E00040,E00152,6.0,1,2026-03-22
E00040,E00493,6.5,1,2026-03-22
E00045,E00180,6.8,1,2026-03-22
E00045,E00259,6.6,1,2026-03-22
E00092,E00391,6.4,1,2026-03-22
E00092,E00428,6.3,1,2026-03-22
E00092,E00476,6.6,1,2026-03-22
E00096,E00180,7.7,1,2026-03-22
E00096,E00238,7.4,1,2026-03-22
E00096,E00348,7.5,1,2026-03-22
E00096,E00476,7.0,2,2026-03-22
E00109,E00227,5.5,1,2026-03-22
E00109,E00493,6.7,1,2026-03-22
E00109,E00524,6.2,1,2026-03-22
E00142,E00259,7.4,1,2026-03-22
E00142,E00524,7.5,1,2026-03-22
E00152,E00348,6.9,1,2026-03-22
E00152,E00476,7.4,1,2026-03-22
E00180,E00524,7.2,1,2026-03-22
E00194,E00227,5.9,1,2026-03-22
E00194,E00476,6.9,1,2026-03-22
E00227,E00476,7.1,1,2026-03-22
E00341,E00524,7.8,1,2026-03-22
E00348,E00476,6.8,1,2026-03-22
E00053,E00110,8.6,1,2024-02-17
E00053,E00129,6.6,2,2026-03-19
E00129,E00138,6.6,1,2024-02-17
E00148,E00298,7.4,1,2024-02-17
E00148,E00322,6.2,1,2024-02-17
E00217,E00298,6.7,1,2024-02-17
E00265,E00367,5.7,1,2024-02-17
E00298,E00367,6.9,2,2024-10-21
E00322,E00367,5.8,1,2024-02-17
E00020,E00170,6.3,1,2026-03-01
E00020,E00215,5.5,1,2026-03-01
E00020,E00266,6.5,1,2026-03-01
E00020,E00306,6.4,2,2026-03-01
E00044,E00306,5.9,1,2026-03-01
E00044,E00318,6.1,1,2026-03-01
E00057,E00092,6.5,1,2026-03-01
E00057,E00108,5.6,1,2026-03-01
E00057,E00127,5.7,2,2026-03-01
E00057,E00215,5.5,1,2026-03-01
E00062,E00230,7.0,1,2026-03-01
E00063,E00306,6.2,1,2026-03-01
E00065,E00215,5.5,1,2026-03-01
E00108,E00170,6.7,1,2026-03-01
E00170,E00306,6.7,1,2026-03-01
E00008,E00214,6.4,1,2025-02-11
E00047,E00098,6.9,2,2026-03-09
E00047,E00197,7.2,1,2023-06-08
E00047,E00285,8.9,1,2023-06-08
E00098,E00197,6.5,1,2023-06-08
E00152,E00185,6.9,1,2023-06-08
E00155,E00322,6.5,1,2023-06-08
E00185,E00197,6.7,1,2023-06-08
E00185,E00285,7.4,2,2026-03-14
E00197,E00250,6.1,3,2026-04-16
E00197,E00286,7.2,1,2023-06-08
E00027,E00250,6.4,1,2023-10-24
E00027,E00522,5.9,1,2023-10-24
E00103,E00413,7.8,1,2023-10-24
E00150,E00392,7.8,1,2023-10-24
E00175,E00199,7.1,1,2023-10-24
E00175,E00225,8.6,1,2023-10-24
E00199,E00392,7.3,1,2023-10-24
E00199,E00458,6.1,1,2023-10-24
E00225,E00384,7.1,1,2023-10-24
E00225,E00458,7.3,1,2023-10-24
E00250,E00384,6.6,1,2023-10-24
E00384,E00413,7.0,1,2023-10-24
E00384,E00526,6.2,1,2023-10-24
E00413,E00522,6.4,1,2023-10-24
E00205,E00254,7.2,2,2026-02-24
E00254,E00340,7.5,1,2026-02-24
E00280,E00352,6.6,1,2026-02-24
E00340,E00430,6.6,1,2026-02-24
E00352,E00430,7.4,1,2026-02-24
E00009,E00071,5.5,1,2024-10-22
E00009,E00101,5.5,1,2024-10-22
E00009,E00103,7.4,1,2024-10-22
E00009,E00219,6.0,1,2024-10-22
E00055,E00119,7.4,1,2024-10-22
E00055,E00303,6.6,1,2024-10-22
E00060,E00196,7.3,1,2024-10-22
E00071,E00118,6.5,1,2024-10-22
E00071,E00249,6.3,1,2024-10-22
E00101,E00103,6.7,1,2024-10-22
E00101,E00121,6.3,3,2026-03-14
E00103,E00175,7.4,1,2024-10-22
E00103,E00219,6.1,2,2025-05-23
E00103,E00303,7.4,2,2024-10-22
E00118,E00181,7.2,1,2024-10-22
E00175,E00219,6.4,1,2024-10-22
E00175,E00249,7.5,1,2024-10-22
E00181,E00219,6.1,1,2024-10-22
E00182,E00249,7.1,2,2025-09-13
E00219,E00249,7.0,2,2025-07-26
E00219,E00303,5.7,1,2024-10-22
E00018,E00194,8.7,1,2024-02-22
E00021,E00441,5.5,1,2024-02-22
E00052,E00194,7.5,1,2024-02-22
E00052,E00300,6.8,1,2024-02-22
E00143,E00417,7.2,1,2024-02-22
E00188,E00417,8.3,1,2024-02-22
E00300,E00342,7.8,1,2024-02-22
E00031,E00318,6.8,1,2025-03-03
E00116,E00318,7.2,1,2025-03-03
E00139,E00194,7.1,1,2025-03-03
E00139,E00291,7.9,1,2025-03-03
E00165,E00220,6.8,1,2025-03-03
E00191,E00194,5.7,1,2025-03-03
E00200,E00344,6.2,1,2025-03-03
E00218,E00318,7.1,1,2025-03-03
E00218,E00344,5.5,1,2025-03-03
E00040,E00141,6.4,1,2024-01-09
E00042,E00046,6.1,1,2024-01-09
E00042,E00251,6.4,1,2024-01-09
E00046,E00112,6.3,1,2024-01-09
E00046,E00225,6.4,2,2024-01-09
E00162,E00343,7.8,1,2024-01-09
E00186,E00282,6.6,2,2025-09-16
E00186,E00318,7.0,1,2024-01-09
E00188,E00265,6.6,2,2026-02-07
E00188,E00282,8.0,1,2024-01-09
E00188,E00343,7.6,1,2024-01-09
E00209,E00299,7.1,1,2024-01-09
E00209,E00318,7.3,1,2024-01-09
E00210,E00212,6.6,1,2024-01-09
E00210,E00343,6.3,1,2024-01-09
E00212,E00282,6.9,1,2024-01-09
E00212,E00318,7.8,1,2024-01-09
E00225,E00343,7.3,1,2024-01-09
E00251,E00299,7.7,1,2024-01-09
E00251,E00300,8.7,1,2024-01-09
E00264,E00282,6.8,1,2024-01-09
E00264,E00299,6.9,1,2024-01-09
E00299,E00343,7.1,2,2026-01-29
E00046,E00070,6.8,2,2026-04-08
E00046,E00432,7.5,1,2025-07-15
E00053,E00070,6.1,2,2025-07-15
E00053,E00122,6.1,1,2025-07-15
E00070,E00080,5.5,1,2025-07-15
E00080,E00137,5.8,1,2025-07-15
E00080,E00447,6.3,1,2025-07-15
E00081,E00305,7.6,1,2025-07-15
E00081,E00432,8.1,1,2025-07-15
E00122,E00409,6.2,2,2025-07-15
E00186,E00432,7.2,1,2025-07-15
E00186,E00447,6.2,1,2025-07-15
E00202,E00383,6.1,1,2025-07-15
E00383,E00447,6.4,1,2025-07-15
E00384,E00395,6.6,1,2025-07-15
E00395,E00432,6.5,1,2025-07-15
E00053,E00149,6.6,1,2025-09-29
E00053,E00182,6.7,1,2025-09-29
E00053,E00353,6.0,1,2025-09-29
E00079,E00182,7.1,1,2025-09-29
E00087,E00105,6.6,1,2025-09-29
E00087,E00234,6.7,2,2025-09-29
E00105,E00295,8.1,1,2025-09-29
E00105,E00353,8.1,1,2025-09-29
E00120,E00122,7.0,1,2025-09-29
E00120,E00152,6.2,1,2025-09-29
E00120,E00182,7.3,1,2025-09-29
E00120,E00341,7.1,1,2025-09-29
E00120,E00353,6.3,2,2025-09-29
E00122,E00295,7.3,1,2025-09-29
E00122,E00333,6.6,1,2025-09-29
E00149,E00247,7.7,1,2025-09-29
E00149,E00329,6.7,1,2025-09-29
E00149,E00333,6.3,1,2025-09-29
E00149,E00341,6.1,1,2025-09-29
E00247,E00347,7.8,1,2025-09-29
E00248,E00295,7.7,1,2025-09-29
E00248,E00329,6.5,1,2025-09-29
E00248,E00347,7.7,1,2025-09-29
E00295,E00389,8.5,1,2025-09-29
E00329,E00341,6.2,1,2025-09-29
E00329,E00389,7.1,1,2025-09-29
E00101,E00177,7.1,1,2026-03-03
E00177,E00182,6.1,1,2026-03-03
E00177,E00230,6.2,1,2026-03-03
E00053,E00175,5.5,1,2024-12-07
E00053,E00183,6.4,1,2024-12-07
E00008,E00024,6.0,1,2026-03-16
E00008,E00322,7.1,1,2026-03-16
E00024,E00152,6.2,1,2026-03-16
E00024,E00218,6.0,1,2026-03-16
E00024,E00333,6.4,3,2026-03-16
E00025,E00165,6.7,1,2026-03-16
E00025,E00204,7.1,2,2026-03-23
E00025,E00222,7.7,1,2026-03-16
E00032,E00064,7.7,1,2026-03-16
E00032,E00333,7.3,1,2026-03-16
E00033,E00152,6.7,1,2026-03-16
E00053,E00218,6.6,1,2026-03-16
E00053,E00333,7.0,1,2026-03-16
E00084,E00165,6.1,1,2026-03-16
E00084,E00278,7.4,1,2026-03-16
E00164,E00332,7.6,2,2026-05-15
E00165,E00278,7.7,1,2026-03-16
E00165,E00333,6.5,1,2026-03-16
E00204,E00322,7.3,1,2026-03-16
E00218,E00332,6.6,1,2026-03-16
E00010,E00321,7.2,1,2025-01-24
E00050,E00095,7.0,2,2026-05-11
E00095,E00112,7.2,1,2025-01-24
E00112,E00379,6.5,1,2025-01-24
E00197,E00414,6.4,1,2025-01-24
E00321,E00476,6.5,1,2025-01-24
E00379,E00476,5.6,1,2025-01-24
E00413,E00414,6.8,1,2025-01-24
E00015,E00322,7.0,2,2024-12-05
E00175,E00322,6.8,1,2024-06-30
E00196,E00197,5.9,1,2024-06-30
E00113,E00199,6.4,1,2025-03-10
E00113,E00578,7.4,1,2025-03-10
E00315,E00515,6.3,1,2025-03-10
E00575,E00578,6.8,1,2025-03-10
E00071,E00364,6.2,1,2023-07-13
E00071,E00482,7.8,2,2024-06-20
E00071,E00488,6.5,1,2023-07-13
E00071,E00507,6.3,1,2023-07-13
E00122,E00138,6.3,1,2023-07-13
E00122,E00190,6.4,2,2024-03-30
E00122,E00320,6.5,1,2023-07-13
E00122,E00364,6.3,1,2023-07-13
E00138,E00482,7.1,1,2023-07-13
E00255,E00507,6.5,1,2023-07-13
E00263,E00357,6.7,1,2023-07-13
E00263,E00507,6.6,1,2023-07-13
E00320,E00414,8.3,1,2023-07-13
E00320,E00436,7.2,1,2023-07-13
E00357,E00364,6.9,1,2023-07-13
E00357,E00436,6.7,1,2023-07-13
E00357,E00480,6.8,1,2023-07-13
E00412,E00414,7.4,1,2023-07-13
E00412,E00488,7.1,1,2023-07-13
E00462,E00482,7.2,1,2023-07-13
E00465,E00488,7.7,2,2024-08-09
E00480,E00491,7.0,1,2023-07-13
E00482,E00507,8.3,1,2023-07-13
E00490,E00491,5.6,1,2023-07-13
E00028,E00029,5.6,1,2026-04-03
E00028,E00355,6.2,2,2026-04-03
E00029,E00481,6.5,1,2026-04-03
E00031,E00513,8.2,1,2026-04-03
E00063,E00424,7.1,1,2026-04-03
E00311,E00333,8.3,2,2026-04-03
E00311,E00693,6.6,1,2026-04-03
E00333,E00481,7.0,1,2026-04-03
E00086,E00256,6.3,1,2026-03-20
E00297,E00335,8.4,1,2026-03-20
E00297,E00474,6.6,1,2026-03-20
E00041,E00105,6.6,1,2023-06-23
E00041,E00117,5.7,1,2023-06-23
E00071,E00105,7.0,1,2023-06-23
E00071,E00201,6.7,1,2023-06-23
E00071,E00322,7.7,1,2023-06-23
E00117,E00122,5.9,1,2023-06-23
E00152,E00219,6.6,1,2023-06-23
E00002,E00146,5.5,1,2025-11-17
E00006,E00243,7.0,1,2025-11-17
E00006,E00496,6.7,1,2025-11-17
E00020,E00424,8.5,1,2025-11-17
E00031,E00146,5.5,1,2025-11-17
E00031,E00324,7.0,1,2025-11-17
E00105,E00146,6.3,3,2026-05-11
E00105,E00419,6.8,1,2025-11-17
E00105,E00511,6.4,1,2025-11-17
E00227,E00385,6.2,1,2025-11-17
E00330,E00385,6.4,1,2025-11-17
E00385,E00496,6.3,1,2025-11-17
E00401,E00496,6.4,1,2025-11-17
E00084,E00214,8.3,1,2024-02-21
E00131,E00246,6.7,1,2024-02-21
E00006,E00129,7.0,2,2025-09-28
E00006,E00380,6.6,1,2025-09-28
E00006,E00381,7.2,1,2025-09-28
E00010,E00074,7.7,1,2025-09-28
E00074,E00129,7.4,1,2025-09-28
E00074,E00309,6.3,2,2026-03-08
E00074,E00380,6.5,1,2025-09-28
E00074,E00411,8.0,1,2025-09-28
E00129,E00309,6.7,3,2025-09-28
E00147,E00309,5.9,1,2025-09-28
E00148,E00384,5.9,1,2025-09-28
E00148,E00466,5.5,1,2025-09-28
E00253,E00381,7.4,1,2025-09-28
E00299,E00435,7.6,1,2025-09-28
E00299,E00466,7.2,1,2025-09-28
E00309,E00380,5.9,2,2025-09-28
E00313,E00381,6.2,1,2025-09-28
E00384,E00545,7.8,1,2025-09-28
E00466,E00545,6.7,1,2025-09-28
E00026,E00120,7.1,1,2023-06-30
E00026,E00222,8.4,1,2023-06-30
E00026,E00267,8.8,1,2023-06-30
E00055,E00439,5.6,1,2023-06-30
E00114,E00525,6.0,1,2023-06-30
E00196,E00409,7.3,1,2023-06-30
E00196,E00467,8.3,1,2023-06-30
E00222,E00225,6.7,1,2023-06-30
E00222,E00579,6.4,1,2023-06-30
E00225,E00302,5.8,1,2023-06-30
E00225,E00429,6.8,1,2023-06-30
E00317,E00467,7.1,2,2025-05-23
E00317,E00579,6.1,1,2023-06-30
E00409,E00527,8.0,1,2023-06-30
E00429,E00527,7.7,1,2023-06-30
E00429,E00579,5.9,1,2023-06-30
E00439,E00527,7.8,1,2023-06-30
E00103,E00197,7.7,2,2025-07-15
E00103,E00302,7.3,1,2025-07-15
E00127,E00197,6.8,1,2025-07-15
E00140,E00279,6.3,1,2025-07-15
E00140,E00362,6.0,1,2025-07-15
E00171,E00279,6.6,1,2025-07-15
E00171,E00362,5.8,2,2026-03-15
E00175,E00221,5.8,1,2025-07-15
E00175,E00279,6.8,1,2025-07-15
E00197,E00325,7.2,2,2026-03-27
E00197,E00362,6.4,1,2025-07-15
E00221,E00314,6.5,1,2025-07-15
E00221,E00331,6.1,1,2025-07-15
E00029,E00379,5.7,1,2026-04-11
E00070,E00316,6.6,1,2026-04-11
E00070,E00379,6.5,1,2026-04-11
E00186,E00264,6.9,2,2026-04-11
E00223,E00397,5.9,1,2026-04-11
E00307,E00316,7.4,1,2026-04-11
E00316,E00397,7.0,1,2026-04-11
E00008,E00258,7.7,2,2026-02-17
E00008,E00282,7.3,1,2026-02-17
E00152,E00266,6.1,1,2026-02-17
E00152,E00282,6.8,1,2026-02-17
E00188,E00214,6.9,1,2026-02-17
E00188,E00255,6.3,2,2026-02-17
E00255,E00266,7.4,1,2026-02-17
E00263,E00266,7.2,1,2026-02-17
E00158,E00262,7.4,1,2025-04-10
E00158,E00647,5.5,1,2025-04-10
E00187,E00315,8.0,1,2025-04-10
E00187,E00571,9.8,1,2025-04-10
E00200,E00218,7.1,2,2025-04-10
E00200,E00399,6.5,1,2025-04-10
E00262,E00571,8.3,1,2025-04-10
E00315,E00615,7.4,1,2025-04-10
E00315,E00647,6.8,1,2025-04-10
E00384,E00669,7.1,1,2025-04-10
E00399,E00515,6.5,1,2025-04-10
E00399,E00669,7.0,1,2025-04-10
E00432,E00615,6.7,1,2025-04-10
E00515,E00571,8.4,1,2025-04-10
E00615,E00647,6.5,1,2025-04-10
E00015,E00249,6.8,1,2024-11-23
E00015,E00313,6.5,1,2024-11-23
E00015,E00402,7.8,2,2024-12-05
E00021,E00186,6.7,1,2024-11-23
E00021,E00238,6.1,1,2024-11-23
E00042,E00186,6.6,2,2024-11-23
E00046,E00246,6.3,1,2024-11-23
E00177,E00246,5.7,1,2024-11-23
E00219,E00238,5.8,1,2024-11-23
E00219,E00394,7.6,1,2024-11-23
E00313,E00394,6.9,1,2024-11-23
E00106,E00113,6.9,1,2025-09-21
E00186,E00197,6.2,1,2025-09-21
E00003,E00201,7.9,1,2026-04-15
E00003,E00417,6.5,1,2026-04-15
E00007,E00145,6.9,2,2026-04-15
E00007,E00417,6.8,1,2026-04-15
E00007,E00676,8.3,1,2026-04-15
E00030,E00089,6.1,1,2026-04-15
E00030,E00298,6.6,1,2026-04-15
E00089,E00417,7.2,1,2026-04-15
E00089,E00432,7.5,1,2026-04-15
E00089,E00550,6.3,1,2026-04-15
E00089,E00676,8.0,1,2026-04-15
E00145,E00169,7.0,1,2026-04-15
E00145,E00201,8.8,1,2026-04-15
E00145,E00399,7.1,1,2026-04-15
E00169,E00299,5.5,1,2026-04-15
E00169,E00479,6.0,1,2026-04-15
E00201,E00399,8.6,1,2026-04-15
E00201,E00417,7.5,1,2026-04-15
E00299,E00479,5.5,1,2026-04-15
E00399,E00479,6.7,1,2026-04-15
E00479,E00676,6.9,1,2026-04-15
E00550,E00659,6.0,1,2026-04-15
E00042,E00198,7.6,1,2024-10-02
E00082,E00116,6.3,1,2024-10-02
E00082,E00168,5.5,1,2024-10-02
E00082,E00263,5.5,1,2024-10-02
E00109,E00127,6.3,1,2024-10-02
E00109,E00168,5.9,1,2024-10-02
E00109,E00178,7.9,1,2024-10-02
E00109,E00258,7.1,2,2024-10-02
E00116,E00168,6.8,1,2024-10-02
E00119,E00180,6.5,1,2024-10-02
E00119,E00261,6.8,1,2024-10-02
E00119,E00263,6.8,1,2024-10-02
E00127,E00168,5.9,1,2024-10-02
E00009,E00267,6.4,1,2023-11-19
E00075,E00410,7.3,2,2024-08-27
E00081,E00293,8.5,1,2023-11-19
E00081,E00319,7.1,1,2023-11-19
E00087,E00197,5.8,1,2023-11-19
E00097,E00122,7.3,1,2023-11-19
E00122,E00410,8.3,1,2023-11-19
E00125,E00197,6.5,1,2023-11-19
E00125,E00393,7.6,1,2023-11-19
E00125,E00410,7.2,1,2023-11-19
E00140,E00215,6.8,1,2023-11-19
E00140,E00282,7.1,1,2023-11-19
E00197,E00282,6.7,2,2023-11-19
E00197,E00319,6.8,1,2023-11-19
E00215,E00267,5.5,1,2023-11-19
E00215,E00293,6.7,1,2023-11-19
E00215,E00394,5.9,1,2023-11-19
E00267,E00364,5.5,1,2023-11-19
E00273,E00293,7.3,1,2023-11-19
E00273,E00393,7.3,2,2023-12-08
E00393,E00414,7.1,1,2023-11-19
E00394,E00414,5.9,1,2023-11-19
E00410,E00414,6.8,1,2023-11-19
E00025,E00336,6.2,1,2023-11-24
E00051,E00087,7.1,1,2023-11-24
E00062,E00260,5.9,1,2023-11-24
E00260,E00274,6.0,1,2023-11-24
E00260,E00336,6.7,1,2023-11-24
E00009,E00028,6.4,1,2026-03-30
E00009,E00121,7.2,1,2026-03-30
E00009,E00175,6.7,2,2026-03-30
E00028,E00175,7.4,2,2026-03-30
E00029,E00239,6.7,2,2026-03-30
E00053,E00121,7.0,1,2026-03-30
E00053,E00155,6.6,1,2026-03-30
E00083,E00121,7.6,1,2026-03-30
E00121,E00175,7.9,1,2026-03-30
E00219,E00418,6.1,1,2026-03-30
E00017,E00150,7.4,1,2024-05-12
E00017,E00192,5.6,1,2024-05-12
E00017,E00236,7.2,1,2024-05-12
E00017,E00294,5.7,1,2024-05-12
E00039,E00050,6.8,1,2024-05-12
E00039,E00192,5.5,1,2024-05-12
E00039,E00293,5.9,3,2026-04-02
E00065,E00222,7.2,1,2024-05-12
E00139,E00192,5.8,1,2024-05-12
E00139,E00236,7.0,2,2024-11-05
E00139,E00293,6.5,2,2025-05-07
E00184,E00234,6.6,2,2025-09-21
E00184,E00246,6.9,1,2024-05-12
E00222,E00236,8.8,1,2024-05-12
E00222,E00294,7.9,1,2024-05-12
E00227,E00293,6.7,1,2024-05-12
E00236,E00293,7.7,1,2024-05-12
E00246,E00288,7.4,1,2024-05-12
E00008,E00155,6.5,1,2026-02-20
E00008,E00242,6.6,1,2026-02-20
E00183,E00255,8.2,1,2026-02-20
E00184,E00242,6.3,1,2026-02-20
E00223,E00242,7.1,1,2026-02-20
E00022,E00235,6.2,1,2026-05-26
E00022,E00324,6.4,1,2026-05-26
E00033,E00235,5.6,1,2026-05-26
E00033,E00280,5.8,1,2026-05-26
E00033,E00297,6.6,1,2026-05-26
E00033,E00306,6.6,1,2026-05-26
E00050,E00155,7.7,1,2026-05-26
E00050,E00324,6.5,3,2026-05-26
E00083,E00297,8.1,1,2026-05-26
E00083,E00341,6.8,1,2026-05-26
E00083,E00356,7.5,1,2026-05-26
E00096,E00297,7.5,1,2026-05-26
E00125,E00280,6.6,1,2026-05-26
E00125,E00341,6.5,1,2026-05-26
E00125,E00356,6.5,1,2026-05-26
E00125,E00411,7.1,1,2026-05-26
E00155,E00324,7.9,1,2026-05-26
E00235,E00411,5.8,1,2026-05-26
E00250,E00341,6.1,1,2026-05-26
E00250,E00405,6.7,1,2026-05-26
E00275,E00297,6.4,1,2026-05-26
E00280,E00297,6.5,1,2026-05-26
E00291,E00297,7.3,1,2026-05-26
E00306,E00324,6.7,1,2026-05-26
E00324,E00341,6.1,1,2026-05-26
E00012,E00429,5.5,1,2026-03-28
E00066,E00256,6.0,1,2026-03-28
E00066,E00317,6.0,1,2026-03-28
E00105,E00187,6.5,1,2026-03-28
E00105,E00190,6.8,1,2026-03-28
E00187,E00325,6.4,1,2026-03-28
E00190,E00324,6.7,3,2026-03-28
E00190,E00493,7.0,1,2026-03-28
E00256,E00289,5.8,1,2026-03-28
E00256,E00325,5.5,1,2026-03-28
E00256,E00348,6.9,1,2026-03-28
E00256,E00404,5.5,1,2026-03-28
E00289,E00324,6.7,1,2026-03-28
E00289,E00404,6.0,1,2026-03-28
E00289,E00523,5.9,1,2026-03-28
E00317,E00429,5.5,1,2026-03-28
E00324,E00404,6.4,1,2026-03-28
E00324,E00493,5.9,1,2026-03-28
E00324,E00523,6.2,1,2026-03-28
E00348,E00429,6.2,1,2026-03-28
E00348,E00493,6.1,1,2026-03-28
E00348,E00523,6.3,1,2026-03-28
E00404,E00493,5.6,1,2026-03-28
E00429,E00447,7.2,1,2026-03-28
E00019,E00029,6.5,2,2024-08-22
E00019,E00207,5.5,1,2024-04-19
E00029,E00291,6.4,1,2024-04-19
E00177,E00291,7.6,1,2024-04-19
E00207,E00314,7.4,1,2024-04-19
E00256,E00322,7.9,1,2024-04-19
E00291,E00322,7.4,1,2024-04-19
E00314,E00331,7.9,1,2024-04-19
E00005,E00134,6.7,1,2024-12-05
E00029,E00103,6.6,1,2024-12-05
E00029,E00204,5.8,1,2024-12-05
E00037,E00103,7.6,1,2024-12-05
E00054,E00126,6.4,2,2025-07-20
E00054,E00204,6.2,2,2024-12-05
E00054,E00246,5.5,1,2024-12-05
E00054,E00314,6.1,1,2024-12-05
E00090,E00126,7.4,1,2024-12-05
E00126,E00204,6.2,1,2024-12-05
E00196,E00314,5.8,1,2024-12-05
E00062,E00129,6.1,1,2024-05-06
E00062,E00250,6.8,2,2024-05-06
E00080,E00129,6.6,2,2026-03-19
E00080,E00161,5.5,1,2024-05-06
E00080,E00250,7.1,1,2024-05-06
E00122,E00161,5.9,1,2024-05-06
E00186,E00287,7.5,1,2024-05-06
E00186,E00326,6.3,1,2024-05-06
E00250,E00287,8.4,1,2024-05-06
E00265,E00309,8.1,2,2026-02-12
E00011,E00177,5.8,1,2026-04-12
E00011,E00319,7.3,1,2026-04-12
E00047,E00332,6.4,1,2026-04-12
E00095,E00283,6.8,1,2026-04-12
E00095,E00332,7.2,1,2026-04-12
E00109,E00177,6.5,1,2026-04-12
E00129,E00283,6.0,2,2026-04-12
E00129,E00332,7.2,2,2026-04-12
E00177,E00283,6.0,2,2026-04-12
E00177,E00342,6.0,1,2026-04-12
E00200,E00342,6.9,3,2026-04-12
E00319,E00332,8.0,1,2026-04-12
E00332,E00342,7.3,2,2026-04-12
E00005,E00091,7.8,1,2025-05-28
E00005,E00113,8.7,1,2025-05-28
E00126,E00139,7.9,1,2025-05-28
E00126,E00153,8.4,1,2025-05-28
E00153,E00190,7.6,1,2025-05-28
E00153,E00233,6.8,1,2025-05-28
E00161,E00205,6.9,1,2025-05-28
E00190,E00233,6.1,1,2025-05-28
E00233,E00243,5.9,1,2025-05-28
E00246,E00257,7.2,1,2025-05-28
E00003,E00168,5.5,1,2024-06-19
E00017,E00168,6.8,1,2024-06-19
E00045,E00157,5.7,1,2024-06-19
E00075,E00168,6.4,1,2024-06-19
E00093,E00139,7.2,2,2024-06-19
E00139,E00295,8.0,1,2024-06-19
E00158,E00245,7.2,1,2024-06-19
E00158,E00295,7.0,1,2024-06-19
E00168,E00233,6.6,1,2024-06-19
E00185,E00224,6.1,1,2024-06-19
E00185,E00245,7.5,1,2024-06-19
E00007,E00088,6.9,1,2024-02-14
E00007,E00169,5.9,1,2024-02-14
E00007,E00251,6.1,1,2024-02-14
E00016,E00145,6.9,1,2024-02-14
E00088,E00134,7.5,1,2024-02-14
E00088,E00186,8.2,1,2024-02-14
E00088,E00198,8.3,1,2024-02-14
E00092,E00251,7.7,1,2024-02-14
E00109,E00137,8.2,1,2024-02-14
E00134,E00145,7.0,1,2024-02-14
E00134,E00281,7.2,1,2024-02-14
E00145,E00264,5.9,1,2024-02-14
E00181,E00264,6.7,1,2024-02-14
E00234,E00251,6.6,2,2024-02-14
E00234,E00270,6.5,1,2024-02-14
E00051,E00190,7.2,1,2023-10-31
E00190,E00315,7.1,1,2023-10-31
E00190,E00477,6.6,1,2023-10-31
E00226,E00467,6.7,1,2023-10-31
E00228,E00315,8.2,1,2023-10-31
E00228,E00355,6.4,1,2023-10-31
E00228,E00447,6.8,1,2023-10-31
E00228,E00467,8.3,1,2023-10-31
E00294,E00333,7.3,1,2023-10-31
E00294,E00347,7.1,1,2023-10-31
E00294,E00542,7.9,1,2023-10-31
E00333,E00355,6.6,1,2023-10-31
E00333,E00452,7.2,1,2023-10-31
E00347,E00355,6.4,1,2023-10-31
E00355,E00432,6.9,1,2023-10-31
E00447,E00467,6.6,1,2023-10-31
E00447,E00477,5.6,1,2023-10-31
E00452,E00542,7.4,1,2023-10-31
E00042,E00130,6.2,2,2025-12-03
E00042,E00282,6.6,2,2025-06-21
E00042,E00370,6.4,1,2025-06-21
E00069,E00282,6.6,2,2026-02-27
E00075,E00370,6.8,1,2025-06-21
E00137,E00249,7.5,1,2025-06-21
E00249,E00370,6.3,1,2025-06-21
E00250,E00282,6.8,4,2026-04-14
E00267,E00356,8.1,1,2025-06-21
E00014,E00193,9.1,1,2026-03-09
E00014,E00316,6.7,1,2026-03-09
E00084,E00110,6.6,2,2026-03-09
E00110,E00201,6.3,1,2026-03-09
E00110,E00235,7.7,1,2026-03-09
E00113,E00294,6.3,2,2026-03-09
E00235,E00293,6.9,1,2026-03-09
E00238,E00294,7.1,1,2026-03-09
E00015,E00019,7.9,2,2025-06-12
E00015,E00101,5.5,1,2025-06-03
E00015,E00197,7.1,2,2025-06-03
E00197,E00298,8.5,1,2025-06-03
E00265,E00378,8.0,1,2025-06-03
E00265,E00420,6.7,1,2025-06-03
E00033,E00186,7.4,1,2026-03-10
E00033,E00269,6.4,1,2026-03-10
E00041,E00050,7.0,1,2026-03-10
E00041,E00269,6.6,1,2026-03-10
E00041,E00293,6.5,1,2026-03-10
E00050,E00127,8.8,1,2026-03-10
E00075,E00293,6.5,2,2026-03-21
E00115,E00127,6.3,1,2026-03-10
E00115,E00184,5.8,1,2026-03-10
E00122,E00269,8.4,1,2026-03-10
E00184,E00269,5.8,1,2026-03-10
E00186,E00269,7.0,1,2026-03-10
E00186,E00293,7.5,1,2026-03-10
E00269,E00293,7.0,1,2026-03-10
E00024,E00068,6.0,1,2026-03-23
E00024,E00192,5.9,1,2026-03-23
E00024,E00260,5.9,1,2026-03-23
E00024,E00300,7.1,1,2026-03-23
E00068,E00146,8.4,1,2026-03-23
E00075,E00100,6.7,1,2026-03-23
E00075,E00146,7.6,3,2026-03-23
E00075,E00192,5.5,1,2026-03-23
E00075,E00300,6.9,1,2026-03-23
E00095,E00100,6.6,1,2026-03-23
E00095,E00173,8.0,1,2026-03-23
E00095,E00192,6.7,1,2026-03-23
E00095,E00236,6.3,1,2026-03-23
E00100,E00280,6.9,1,2026-03-23
E00124,E00280,6.5,2,2026-03-23
E00146,E00192,7.4,1,2026-03-23
E00146,E00236,6.2,2,2026-03-23
E00146,E00260,7.1,2,2026-03-23
E00146,E00351,6.9,1,2026-03-23
E00192,E00236,5.5,1,2026-03-23
E00192,E00339,5.5,1,2026-03-23
E00351,E00403,5.5,1,2026-03-23
E00006,E00132,7.2,2,2026-03-03
E00006,E00325,7.3,1,2026-03-03
E00018,E00132,7.7,1,2026-03-03
E00018,E00168,6.7,1,2026-03-03
E00018,E00175,6.9,1,2026-03-03
E00018,E00278,7.2,1,2026-03-03
E00018,E00295,6.4,1,2026-03-03
E00018,E00335,7.7,1,2026-03-03
E00039,E00197,6.6,3,2026-03-03
E00046,E00063,6.7,1,2026-03-03
E00063,E00221,7.4,1,2026-03-03
E00063,E00278,7.6,1,2026-03-03
E00063,E00315,6.8,1,2026-03-03
E00089,E00237,6.0,1,2026-03-03
E00132,E00237,7.6,1,2026-03-03
E00168,E00325,7.4,1,2026-03-03
E00168,E00342,7.5,1,2026-03-03
E00175,E00289,6.3,1,2026-03-03
E00195,E00197,8.2,1,2026-03-03
E00195,E00237,7.4,2,2026-03-03
E00195,E00315,7.7,1,2026-03-03
E00197,E00221,7.5,2,2026-03-03
E00197,E00293,8.3,1,2026-03-03
E00197,E00369,7.0,1,2026-03-03
E00221,E00289,6.4,1,2026-03-03
E00221,E00295,6.5,1,2026-03-03
E00221,E00335,7.8,1,2026-03-03
E00276,E00289,6.0,1,2026-03-03
E00278,E00335,7.4,1,2026-03-03
E00289,E00295,6.4,1,2026-03-03
E00289,E00315,6.2,1,2026-03-03
E00293,E00342,7.8,1,2026-03-03
E00315,E00335,6.7,1,2026-03-03
E00325,E00335,7.5,1,2026-03-03
E00335,E00342,8.0,1,2026-03-03
E00027,E00146,6.1,1,2026-05-11
E00027,E00197,7.6,1,2026-05-11
E00050,E00287,7.5,2,2026-05-11
E00054,E00262,6.3,1,2026-05-11
E00095,E00195,7.6,1,2026-05-11
E00096,E00197,6.5,1,2026-05-11
E00096,E00347,7.2,1,2026-05-11
E00105,E00216,7.2,1,2026-05-11
E00111,E00197,6.0,1,2026-05-11
E00195,E00246,6.0,1,2026-05-11
E00195,E00258,6.7,3,2026-05-11
E00195,E00347,7.5,1,2026-05-11
E00197,E00216,7.2,1,2026-05-11
E00227,E00347,6.7,1,2026-05-11
E00246,E00334,5.7,1,2026-05-11
E00011,E00364,7.4,1,2025-02-11
E00011,E00664,6.6,1,2025-02-11
E00087,E00302,6.1,2,2026-04-01
E00087,E00364,5.7,1,2025-02-11
E00087,E00610,6.7,1,2025-02-11
E00364,E00367,5.6,1,2025-02-11
E00364,E00475,5.8,1,2025-02-11
E00367,E00475,5.6,1,2025-02-11
E00367,E00506,6.3,1,2025-02-11
E00382,E00664,6.0,1,2025-02-11
E00143,E00287,7.6,1,2026-05-14
E00258,E00287,7.1,1,2026-05-14
E00260,E00346,7.6,1,2026-05-14
E00013,E00279,6.4,1,2025-11-15
E00034,E00311,6.0,1,2025-11-15
E00062,E00219,7.1,1,2025-11-15
E00083,E00105,6.0,1,2025-11-15
E00083,E00294,6.3,1,2025-11-15
E00107,E00311,6.5,1,2025-11-15
E00155,E00310,5.6,1,2025-11-15
E00155,E00318,5.5,1,2025-11-15
E00165,E00239,7.1,1,2025-11-15
E00179,E00311,6.1,1,2025-11-15
E00239,E00294,7.1,1,2025-11-15
E00239,E00310,5.8,1,2025-11-15
E00174,E00358,5.6,1,2025-12-31
E00023,E00240,6.8,1,2026-02-07
E00058,E00120,5.9,1,2026-02-07
E00058,E00176,7.5,2,2026-04-02
E00058,E00197,6.3,2,2026-02-07
E00058,E00209,6.6,2,2026-04-07
E00080,E00176,7.8,1,2026-02-07
E00080,E00240,7.7,1,2026-02-07
E00120,E00197,5.9,1,2026-02-07
E00120,E00212,7.0,1,2026-02-07
E00134,E00209,6.0,2,2026-02-22
E00176,E00209,6.7,1,2026-02-07
E00197,E00212,6.4,1,2026-02-07
E00209,E00240,6.9,1,2026-02-07
E00233,E00240,6.2,1,2026-02-07
E00233,E00261,7.1,1,2026-02-07
E00235,E00330,6.5,1,2026-02-07
E00240,E00330,6.2,1,2026-02-07
E00008,E00121,7.4,1,2025-02-14
E00008,E00331,6.9,2,2026-04-03
E00019,E00142,5.6,1,2025-02-14
E00019,E00268,6.1,1,2025-02-14
E00028,E00142,5.7,1,2025-02-14
E00121,E00293,6.5,2,2025-02-14
E00121,E00320,8.4,1,2025-02-14
E00137,E00142,5.9,1,2025-02-14
E00137,E00248,8.5,1,2025-02-14
E00152,E00268,6.7,1,2025-02-14
E00182,E00281,7.0,1,2025-02-14
E00248,E00320,8.3,1,2025-02-14
E00264,E00281,7.5,1,2025-02-14
E00080,E00186,7.1,1,2025-09-19
E00080,E00332,6.0,1,2025-09-19
E00080,E00338,5.6,2,2026-04-17
E00103,E00161,7.4,1,2025-09-19
E00103,E00332,5.5,1,2025-09-19
E00103,E00377,6.8,1,2025-09-19
E00121,E00317,5.5,1,2025-09-19
E00121,E00377,7.4,2,2025-09-19
E00161,E00332,7.0,1,2025-09-19
E00182,E00186,7.7,2,2026-04-10
E00182,E00246,6.0,1,2025-09-19
E00186,E00256,7.7,1,2025-09-19
E00201,E00246,7.5,1,2025-09-19
E00001,E00113,7.0,1,2025-04-03
E00001,E00134,7.5,1,2025-04-03
E00001,E00246,6.5,1,2025-04-03
E00001,E00298,7.0,1,2025-04-03
E00001,E00318,6.5,1,2025-04-03
E00081,E00329,7.7,1,2025-04-03
E00081,E00333,6.6,1,2025-04-03
E00113,E00298,7.4,1,2025-04-03
E00113,E00333,5.8,1,2025-04-03
E00114,E00137,5.5,1,2025-04-03
E00114,E00179,6.9,1,2025-04-03
E00137,E00246,6.1,1,2025-04-03
E00137,E00333,5.8,1,2025-04-03
E00156,E00246,6.3,1,2025-04-03
E00179,E00246,7.0,1,2025-04-03
E00179,E00318,7.1,1,2025-04-03
E00179,E00333,6.6,2,2026-04-11
E00216,E00250,6.6,1,2025-04-03
E00232,E00255,6.1,1,2025-04-03
E00298,E00318,6.4,1,2025-04-03
E00069,E00263,6.3,2,2026-03-27
E00069,E00299,6.3,1,2025-10-23
E00105,E00299,5.7,1,2025-10-23
E00111,E00271,7.7,1,2025-10-23
E00130,E00221,7.2,1,2025-10-23
E00140,E00271,7.4,1,2025-10-23
E00140,E00299,6.9,1,2025-10-23
E00174,E00195,6.3,1,2025-10-23
E00195,E00259,7.5,1,2025-10-23
E00255,E00274,7.3,1,2025-10-23
E00034,E00331,5.5,1,2024-07-18
E00006,E00189,6.0,1,2024-12-05
E00015,E00135,5.7,1,2024-12-05
E00015,E00253,7.7,2,2026-03-02
E00053,E00365,7.8,1,2024-12-05
E00087,E00386,6.1,1,2024-12-05
E00087,E00402,6.7,1,2024-12-05
E00130,E00365,6.0,1,2024-12-05
E00135,E00209,6.7,1,2024-12-05
E00135,E00322,6.0,2,2026-02-27
E00189,E00386,5.6,1,2024-12-05
E00322,E00402,7.8,1,2024-12-05
E00018,E00046,8.0,2,2025-01-04
E00021,E00050,7.0,1,2024-07-19
E00021,E00349,6.8,1,2024-07-19
E00046,E00196,7.2,2,2025-04-13
E00046,E00308,6.6,1,2024-07-19
E00046,E00349,7.3,1,2024-07-19
E00076,E00159,5.9,1,2024-07-19
E00077,E00349,6.6,1,2024-07-19
E00117,E00159,6.8,1,2024-07-19
E00117,E00308,5.5,1,2024-07-19
E00159,E00316,7.2,1,2024-07-19
E00196,E00318,7.7,1,2024-07-19
E00229,E00251,6.3,1,2024-07-19
E00279,E00308,6.5,1,2024-07-19
E00279,E00311,7.3,3,2026-03-25
E00279,E00318,7.1,2,2025-09-27
E00308,E00349,6.5,1,2024-07-19
E00004,E00125,7.1,1,2024-05-19
E00004,E00270,7.6,1,2024-05-19
E00013,E00119,6.5,1,2024-05-19
E00013,E00154,7.2,1,2024-05-19
E00013,E00159,6.6,2,2024-05-19
E00013,E00275,6.5,1,2024-05-19
E00032,E00045,6.8,1,2024-05-19
E00032,E00255,7.6,1,2024-05-19
E00032,E00270,8.1,1,2024-05-19
E00032,E00330,7.7,1,2024-05-19
E00045,E00078,6.4,2,2026-02-27
E00064,E00154,7.1,1,2024-05-19
E00109,E00125,6.2,1,2024-05-19
E00109,E00186,7.2,1,2024-05-19
E00109,E00191,6.6,1,2024-05-19
E00109,E00249,6.5,2,2024-12-27
E00125,E00159,5.9,1,2024-05-19
E00154,E00186,6.9,1,2024-05-19
E00159,E00225,5.6,1,2024-05-19
E00203,E00330,7.0,1,2024-05-19
E00249,E00255,7.2,1,2024-05-19
E00249,E00275,7.6,1,2024-05-19
E00255,E00285,6.0,2,2025-05-09
E00255,E00330,6.1,2,2025-10-09
E00275,E00330,6.7,1,2024-05-19
E00080,E00909,7.0,1,2026-03-06
E00279,E01100,5.5,1,2026-03-06
E00279,E01437,7.0,1,2026-03-06
E00480,E01586,7.6,1,2026-03-06
E00480,E01707,6.8,1,2026-03-06
E00506,E00968,6.4,1,2026-03-06
E00506,E01100,6.2,1,2026-03-06
E00564,E00869,6.9,1,2026-03-06
E00869,E01657,6.9,1,2026-03-06
E00892,E01437,8.2,1,2026-03-06
E00909,E01085,6.7,1,2026-03-06
E00909,E01437,7.0,1,2026-03-06
E00949,E01757,5.5,1,2026-03-06
E01085,E01100,5.5,1,2026-03-06
E01586,E01707,7.0,1,2026-03-06
E00022,E00351,6.0,1,2026-05-08
E00022,E00356,6.2,1,2026-05-08
E00026,E00030,6.6,1,2026-05-08
E00026,E00178,7.3,1,2026-05-08
E00026,E00262,7.8,1,2026-05-08
E00030,E00121,5.8,1,2026-05-08
E00030,E00256,7.6,1,2026-05-08
E00031,E00388,6.4,1,2026-05-08
E00045,E00405,7.6,1,2026-05-08
E00121,E00178,6.9,1,2026-05-08
E00121,E00405,7.7,1,2026-05-08
E00157,E00256,6.9,1,2026-05-08
E00178,E00297,7.7,1,2026-05-08
E00178,E00443,6.8,1,2026-05-08
E00262,E00347,7.9,2,2026-05-08
E00262,E00356,6.5,1,2026-05-08
E00297,E00356,6.1,1,2026-05-08
E00297,E00405,8.4,1,2026-05-08
E00297,E00458,6.8,1,2026-05-08
E00405,E00458,7.7,1,2026-05-08
E00012,E00033,6.3,1,2025-09-13
E00012,E00044,6.5,2,2025-09-13
E00012,E00254,6.8,1,2025-09-13
E00027,E00317,6.0,1,2025-09-13
E00027,E00450,6.4,1,2025-09-13
E00222,E00226,5.5,1,2025-09-13
E00225,E00450,6.5,1,2025-09-13
E00282,E00416,7.4,1,2025-09-13
E00051,E00302,6.4,2,2024-10-21
E00070,E00113,7.3,1,2023-08-05
E00103,E00176,5.6,1,2023-08-05
E00113,E00326,6.9,1,2023-08-05
E00129,E00139,6.1,1,2023-08-05
E00176,E00426,5.5,1,2023-08-05
E00302,E00317,7.1,1,2023-08-05
E00302,E00426,5.5,1,2023-08-05
E00326,E00426,5.5,1,2023-08-05
E00006,E00028,6.5,1,2024-07-17
E00006,E00217,7.4,1,2024-07-17
E00006,E00323,7.5,1,2024-07-17
E00028,E00366,6.3,1,2024-07-17
E00069,E00184,6.6,1,2024-07-17
E00078,E00184,7.3,2,2025-12-09
E00078,E00217,6.7,2,2024-12-27
E00078,E00426,5.5,1,2024-07-17
E00122,E00366,6.5,1,2024-07-17
E00184,E00217,6.5,1,2024-07-17
E00196,E00288,7.0,2,2024-08-05
E00288,E00426,6.6,1,2024-07-17
E00013,E00219,6.2,1,2024-05-31
E00112,E00146,7.1,1,2024-05-31
E00112,E00199,7.8,1,2024-05-31
E00146,E00404,7.5,1,2024-05-31
E00199,E00431,8.7,1,2024-05-31
E00012,E00121,5.8,1,2026-03-15
E00012,E00321,6.3,1,2026-03-15
E00085,E00127,7.0,1,2026-03-15
E00085,E00135,7.2,1,2026-03-15
E00121,E00135,5.7,2,2026-03-15
E00121,E00373,6.3,1,2026-03-15
E00135,E00415,6.9,1,2026-03-15
E00151,E00232,6.7,1,2026-03-15
E00151,E00262,7.1,1,2026-03-15
E00151,E00347,6.2,1,2026-03-15
E00222,E00247,7.8,1,2026-03-15
E00373,E00415,6.6,1,2026-03-15
E00003,E00161,8.4,1,2024-11-12
E00004,E00380,6.4,1,2024-11-12
E00033,E00378,5.5,1,2024-11-12
E00289,E00378,5.5,1,2024-11-12
E00016,E00163,5.8,1,2024-02-28
E00016,E00414,6.2,1,2024-02-28
E00180,E00252,7.2,1,2024-02-28
E00180,E00414,6.8,1,2024-02-28
E00218,E00252,6.6,2,2024-08-30
E00218,E00414,7.3,1,2024-02-28
E00004,E00060,8.2,1,2026-04-02
E00004,E00293,7.5,1,2026-04-02
E00030,E00175,7.4,1,2026-04-02
E00030,E00296,6.5,1,2026-04-02
E00060,E00127,7.8,1,2026-04-02
E00060,E00287,6.3,2,2026-04-02
E00127,E00175,7.7,1,2026-04-02
E00175,E00255,8.3,1,2026-04-02
E00032,E00179,7.5,2,2026-02-11
E00063,E00210,5.5,1,2025-07-29
E00105,E00118,7.5,1,2025-07-29
E00184,E00227,5.5,1,2025-07-29
E00184,E00233,5.9,1,2025-07-29
E00227,E00249,5.5,1,2025-07-29
E00227,E00295,5.5,1,2025-07-29
E00233,E00315,6.6,1,2025-07-29
E00087,E00112,6.7,1,2026-03-09
E00087,E00308,7.3,1,2026-03-09
E00095,E00362,6.8,1,2026-03-09
E00095,E00420,8.6,2,2026-03-09
E00112,E00292,6.1,2,2026-03-09
E00112,E00308,7.6,1,2026-03-09
E00112,E00362,7.1,1,2026-03-09
E00116,E00216,7.2,1,2026-03-09
E00122,E00216,6.5,1,2026-03-09
E00216,E00420,8.6,1,2026-03-09
E00216,E00464,7.4,1,2026-03-09
E00367,E00464,7.9,1,2026-03-09
E00020,E00317,6.2,1,2025-08-30
E00029,E00054,7.6,2,2026-03-06
E00029,E00091,6.9,2,2025-08-30
E00034,E00146,6.9,1,2025-08-30
E00034,E00202,6.8,1,2025-08-30
E00034,E00235,6.4,1,2025-08-30
E00034,E00296,7.7,2,2026-04-16
E00046,E00094,8.1,1,2025-08-30
E00046,E00188,7.4,1,2025-08-30
E00054,E00188,6.9,1,2025-08-30
E00054,E00317,7.8,1,2025-08-30
E00091,E00188,7.9,2,2026-04-04
E00094,E00236,5.9,1,2025-08-30
E00127,E00236,6.7,1,2025-08-30
E00131,E00307,7.4,1,2025-08-30
E00131,E00317,7.0,1,2025-08-30
E00146,E00153,5.9,2,2025-09-20
E00153,E00216,6.0,1,2025-08-30
E00188,E00202,5.8,1,2025-08-30
E00202,E00221,6.4,1,2025-08-30
E00235,E00236,5.5,1,2025-08-30
E00235,E00317,5.5,1,2025-08-30
E00039,E00421,7.1,2,2026-02-02
E00055,E00292,6.3,1,2025-03-05
E00115,E00328,6.1,1,2025-03-05
E00239,E00421,6.2,1,2025-03-05
E00292,E00328,6.3,1,2025-03-05
E00349,E00421,6.8,1,2025-03-05
E00019,E00020,7.3,1,2025-03-07
E00019,E00153,7.7,1,2025-03-07
E00050,E00153,7.1,1,2025-03-07
E00084,E00153,7.1,1,2025-03-07
E00101,E00221,6.7,1,2025-03-07
E00105,E00268,7.0,1,2025-03-07
E00105,E00348,7.5,1,2025-03-07
E00153,E00268,6.1,1,2025-03-07
E00024,E00263,6.1,1,2024-06-04
E00069,E00418,7.0,1,2024-06-04
E00103,E00126,6.8,3,2024-12-22
E00103,E00181,7.4,1,2024-06-04
E00103,E00263,6.5,1,2024-06-04
E00103,E00378,6.2,1,2024-06-04
E00126,E00305,7.1,1,2024-06-04
E00166,E00186,6.5,1,2024-06-04
E00166,E00392,6.5,1,2024-06-04
E00181,E00392,7.8,1,2024-06-04
E00181,E00478,6.9,1,2024-06-04
E00200,E00316,5.5,1,2024-06-04
E00200,E00418,5.8,1,2024-06-04
E00316,E00378,6.4,1,2024-06-04
E00359,E00378,6.7,1,2024-06-04
E00418,E00481,6.7,1,2024-06-04
E00074,E00225,5.7,1,2025-05-21
E00074,E00365,6.3,1,2025-05-21
E00074,E00389,6.0,1,2025-05-21
E00074,E00415,5.9,1,2025-05-21
E00083,E00130,6.7,1,2025-05-21
E00083,E00451,7.3,1,2025-05-21
E00125,E00389,6.5,2,2026-03-11
E00170,E00415,7.8,1,2025-05-21
E00188,E00306,7.4,1,2025-05-21
E00188,E00367,6.7,1,2025-05-21
E00225,E00415,6.4,1,2025-05-21
E00024,E00184,7.0,1,2025-07-12
E00024,E00348,6.9,1,2025-07-12
E00024,E00366,6.8,1,2025-07-12
E00054,E00139,7.5,1,2025-07-12
E00054,E00360,7.8,1,2025-07-12
E00073,E00132,6.7,1,2025-07-12
E00073,E00139,7.0,1,2025-07-12
E00073,E00208,7.2,1,2025-07-12
E00096,E00169,8.3,1,2025-07-12
E00096,E00365,7.0,1,2025-07-12
E00119,E00139,7.9,1,2025-07-12
E00119,E00348,7.4,1,2025-07-12
E00131,E00184,6.1,1,2025-07-12
E00132,E00139,7.2,2,2025-07-12
E00132,E00366,6.3,1,2025-07-12
E00169,E00194,7.1,1,2025-07-12
E00169,E00373,8.0,1,2025-07-12
E00184,E00349,6.5,1,2025-07-12
E00194,E00366,7.0,1,2025-07-12
E00208,E00373,7.6,1,2025-07-12
E00215,E00373,7.8,1,2025-07-12
E00283,E00399,6.5,1,2025-07-12
E00348,E00360,7.2,1,2025-07-12
E00348,E00373,7.1,1,2025-07-12
E00349,E00366,6.9,1,2025-07-12
E00360,E00365,6.2,1,2025-07-12
E00360,E00366,6.8,1,2025-07-12
E00012,E00101,7.2,1,2026-03-05
E00014,E00364,6.1,1,2026-03-05
E00014,E00397,6.3,1,2026-03-05
E00039,E00174,5.5,1,2026-03-05
E00050,E00201,8.0,1,2026-03-05
E00101,E00309,7.8,1,2026-03-05
E00101,E00364,7.3,1,2026-03-05
E00135,E00338,7.5,1,2026-03-05
E00174,E00391,6.5,1,2026-03-05
E00201,E00364,8.3,1,2026-03-05
E00248,E00268,6.4,1,2026-03-05
E00268,E00309,7.7,2,2026-03-05
E00294,E00309,8.3,2,2026-03-05
E00309,E00391,8.2,1,2026-03-05
E00040,E00346,8.0,1,2025-12-15
E00040,E00480,6.5,1,2025-12-15
E00040,E00669,5.6,1,2025-12-15
E00075,E00302,6.7,2,2025-12-15
E00075,E00369,6.8,1,2025-12-15
E00075,E00421,6.0,1,2025-12-15
E00302,E00457,6.9,1,2025-12-15
E00345,E00457,6.2,1,2025-12-15
E00345,E00480,6.9,1,2025-12-15
E00369,E00497,8.4,1,2025-12-15
E00421,E00441,5.9,1,2025-12-15
E00421,E00669,5.9,1,2025-12-15
E00441,E00497,7.8,1,2025-12-15
E00009,E00074,5.5,1,2026-03-08
E00019,E00148,5.8,1,2026-03-08
E00058,E00134,6.7,1,2026-03-08
E00074,E00180,6.8,1,2026-03-08
E00134,E00309,5.5,1,2026-03-08
E00180,E00309,7.9,1,2026-03-08
E00018,E00075,6.4,1,2025-11-07
E00018,E00279,7.1,1,2025-11-07
E00018,E00281,6.3,1,2025-11-07
E00028,E00053,6.4,1,2025-11-07
E00028,E00075,6.2,1,2025-11-07
E00053,E00152,5.6,1,2025-11-07
E00054,E00096,5.7,1,2025-11-07
E00075,E00131,8.2,1,2025-11-07
E00075,E00318,7.8,1,2025-11-07
E00096,E00115,7.6,1,2025-11-07
E00096,E00131,6.7,2,2025-11-07
E00131,E00356,7.6,1,2025-11-07
E00152,E00321,7.4,2,2026-04-23
E00005,E00301,5.5,1,2024-06-24
E00005,E00461,5.5,1,2024-06-24
E00034,E00442,8.8,1,2024-06-24
E00039,E00173,6.0,1,2024-06-24
E00039,E00442,7.6,1,2024-06-24
E00048,E00146,5.7,1,2024-06-24
E00146,E00389,6.6,3,2026-01-10
E00146,E00623,5.7,1,2024-06-24
E00155,E00301,5.8,1,2024-06-24
E00207,E00442,8.5,1,2024-06-24
E00213,E00301,6.1,1,2024-06-24
E00301,E00403,6.1,1,2024-06-24
E00368,E00492,7.4,1,2024-06-24
E00389,E00403,6.0,1,2024-06-24
E00031,E00105,6.6,1,2026-04-25
E00031,E00191,6.9,2,2026-04-25
E00031,E00334,6.6,1,2026-04-25
E00097,E00314,7.7,1,2026-04-25
E00101,E00230,5.5,1,2026-04-25
E00101,E00289,5.8,1,2026-04-25
E00104,E00288,7.0,1,2026-04-25
E00104,E00314,7.7,1,2026-04-25
E00105,E00230,6.8,2,2026-04-25
E00105,E00334,7.4,1,2026-04-25
E00110,E00191,7.1,1,2026-04-25
E00110,E00288,7.0,1,2026-04-25
E00111,E00334,7.8,1,2026-04-25
E00111,E00342,7.4,1,2026-04-25
E00204,E00288,7.7,1,2026-04-25
E00039,E00130,5.5,1,2026-04-02
E00056,E00249,7.6,2,2026-04-02
E00056,E00332,7.1,1,2026-04-02
E00075,E00214,6.7,2,2026-04-02
E00075,E00216,6.8,1,2026-04-02
E00130,E00325,5.7,1,2026-04-02
E00232,E00343,6.8,1,2026-04-02
E00016,E00273,6.4,1,2026-03-18
E00055,E00084,5.8,1,2026-03-18
E00055,E00250,6.1,1,2026-03-18
E00075,E00234,6.7,1,2026-03-18
E00084,E00234,7.2,2,2026-03-20
E00131,E00250,6.6,1,2026-03-18
E00131,E00384,7.4,2,2026-03-18
E00155,E00289,7.5,1,2026-03-18
E00234,E00394,8.0,1,2026-03-18
E00010,E00366,7.7,1,2024-04-16
E00057,E00391,6.7,1,2024-04-16
E00067,E00309,5.5,1,2024-04-16
E00112,E00366,7.3,1,2024-04-16
E00303,E00391,7.0,1,2024-04-16
E00309,E00321,6.2,2,2026-04-04
E00351,E00366,6.2,1,2024-04-16
E00382,E00411,8.2,1,2024-04-16
E00036,E00201,6.4,1,2025-05-30
E00036,E00205,5.7,1,2025-05-30
E00036,E00254,7.6,1,2025-05-30
E00121,E00177,6.5,1,2025-05-30
E00121,E00254,7.8,1,2025-05-30
E00177,E00251,5.8,1,2025-05-30
E00177,E00254,7.4,1,2025-05-30
E00201,E00346,5.8,1,2025-05-30
E00205,E00307,6.1,1,2025-05-30
E00003,E00292,7.5,1,2026-04-23
E00073,E00270,5.5,1,2026-04-23
E00122,E00249,6.8,2,2026-04-23
E00122,E00323,6.1,2,2026-04-23
E00136,E00249,6.5,1,2026-04-23
E00136,E00270,6.3,1,2026-04-23
E00136,E00315,6.3,1,2026-04-23
E00262,E00341,7.5,1,2026-04-23
E00270,E00315,6.7,2,2026-04-23
E00292,E00315,6.6,1,2026-04-23
E00292,E00341,8.6,1,2026-04-23
E00034,E00400,6.1,1,2024-06-30
E00054,E00078,6.0,1,2024-06-30
E00075,E00183,7.5,1,2024-06-30
E00075,E00400,5.9,1,2024-06-30
E00078,E00244,6.1,1,2024-06-30
E00078,E00253,6.3,2,2025-04-09
E00078,E00382,5.9,1,2024-06-30
E00078,E00434,6.6,1,2024-06-30
E00014,E00159,7.0,1,2025-01-13
E00062,E00283,8.0,1,2025-01-13
E00069,E00171,6.1,1,2025-01-13
E00069,E00283,7.8,1,2025-01-13
E00105,E00200,6.9,1,2025-01-13
E00115,E00159,6.7,1,2025-01-13
E00266,E00315,6.8,1,2025-01-13
E00028,E00032,6.6,2,2025-06-27
E00028,E00069,7.3,2,2025-06-27
E00028,E00343,7.3,1,2025-06-27
E00032,E00308,6.9,1,2025-06-27
E00073,E00134,6.4,1,2025-06-27
E00130,E00330,7.1,1,2025-06-27
E00134,E00330,8.0,1,2025-06-27
E00147,E00308,6.4,2,2025-06-27
E00147,E00330,7.3,1,2025-06-27
E00308,E00330,7.9,1,2025-06-27
E00013,E00163,7.3,1,2025-04-10
E00061,E00287,5.8,1,2025-04-10
E00140,E00294,7.6,2,2025-04-10
E00155,E00294,7.8,2,2025-08-09
E00240,E00287,6.8,2,2025-04-10
E00013,E00194,7.5,1,2025-07-20
E00013,E00309,8.5,1,2025-07-20
E00042,E00053,8.7,1,2025-07-20
E00042,E00254,7.4,1,2025-07-20
E00048,E00049,7.5,1,2025-07-20
E00048,E00309,6.6,2,2025-07-24
E00053,E00221,8.0,1,2025-07-20
E00119,E00205,6.0,1,2025-07-20
E00119,E00309,7.2,2,2025-11-04
E00164,E00221,6.7,1,2025-07-20
E00169,E00182,6.3,1,2025-07-20
E00169,E00348,5.6,1,2025-07-20
E00194,E00239,5.7,1,2025-07-20
E00194,E00268,6.4,2,2026-03-16
E00230,E00309,7.5,1,2025-07-20
E00239,E00254,5.7,1,2025-07-20
E00254,E00309,6.4,1,2025-07-20
E00254,E00339,6.2,1,2025-07-20
E00121,E00263,6.9,2,2026-04-04
E00223,E00378,6.3,1,2025-06-06
E00232,E00263,6.9,1,2025-06-06
E00274,E00331,6.5,1,2025-06-06
E00331,E00378,7.8,1,2025-06-06
E00049,E00117,6.3,1,2026-04-02
E00049,E00118,6.7,1,2026-04-02
E00049,E00214,5.9,1,2026-04-02
E00113,E00118,6.9,2,2026-04-02
E00113,E00174,6.0,1,2026-04-02
E00117,E00210,6.3,1,2026-04-02
E00117,E00287,6.8,1,2026-04-02
E00117,E00305,7.1,1,2026-04-02
E00117,E00307,7.2,1,2026-04-02
E00118,E00192,6.7,2,2026-04-02
E00147,E00311,6.4,1,2026-04-02
E00155,E00313,8.3,1,2026-04-02
E00174,E00175,6.2,1,2026-04-02
E00175,E00210,7.2,1,2026-04-02
E00175,E00307,7.4,1,2026-04-02
E00181,E00305,7.5,1,2026-04-02
E00182,E00305,7.9,1,2026-04-02
E00192,E00307,7.5,1,2026-04-02
E00210,E00214,6.5,1,2026-04-02
E00244,E00311,5.9,1,2026-04-02
E00305,E00313,8.8,1,2026-04-02
E00042,E00131,7.2,1,2025-09-13
E00054,E00074,7.4,1,2025-09-13
E00074,E00119,7.2,1,2025-09-13
E00074,E00131,7.4,1,2025-09-13
E00119,E00162,7.4,1,2025-09-13
E00119,E00331,8.0,1,2025-09-13
E00119,E00356,7.5,1,2025-09-13
E00162,E00348,5.9,2,2025-09-13
E00176,E00361,7.0,1,2025-09-13
E00331,E00361,6.5,1,2025-09-13
E00019,E00325,6.9,1,2026-01-27
E00069,E00207,5.8,1,2026-01-27
E00074,E00171,5.5,1,2026-01-27
E00074,E00181,6.4,1,2026-01-27
E00090,E00147,6.6,1,2026-01-27
E00147,E00346,7.2,1,2026-01-27
E00147,E00347,6.2,1,2026-01-27
E00171,E00347,5.8,1,2026-01-27
E00181,E00325,7.0,1,2026-01-27
E00181,E00346,6.7,1,2026-01-27
E00015,E00103,7.2,1,2024-09-28
E00015,E00411,7.1,1,2024-09-28
E00074,E00123,6.2,1,2024-09-28
E00123,E00197,7.9,1,2024-09-28
E00197,E00245,7.5,1,2024-09-28
E00245,E00411,5.8,1,2024-09-28
E00013,E00188,6.2,1,2026-03-14
E00013,E00322,6.0,1,2026-03-14
E00080,E00122,7.1,1,2026-03-14
E00094,E00230,5.9,1,2026-03-14
E00110,E00273,6.0,1,2026-03-14
E00110,E00329,6.0,1,2026-03-14
E00122,E00225,7.2,1,2026-03-14
E00122,E00478,6.8,1,2026-03-14
E00157,E00329,7.0,1,2026-03-14
E00188,E00322,6.9,2,2026-03-14
E00230,E00329,5.7,1,2026-03-14
E00011,E00279,7.3,2,2025-09-24
E00019,E00112,7.0,1,2025-09-24
E00019,E00132,6.5,1,2025-09-24
E00019,E00152,5.6,1,2025-09-24
E00112,E00279,8.0,1,2025-09-24
E00151,E00299,7.3,1,2025-09-24
E00270,E00279,6.6,1,2025-09-24
E00273,E00371,7.0,1,2025-09-24
E00031,E00253,6.2,1,2025-01-09
E00180,E00337,6.3,1,2025-01-09
E00214,E00337,6.7,1,2025-01-09
E00355,E00358,5.7,1,2025-01-09
E00358,E00549,6.2,1,2025-01-09
E00006,E00210,7.1,1,2024-12-27
E00071,E00217,6.2,1,2024-12-27
E00071,E00234,6.7,1,2024-12-27
E00071,E00389,7.9,1,2024-12-27
E00078,E00234,8.1,1,2024-12-27
E00096,E00210,6.3,1,2024-12-27
E00096,E00249,6.8,1,2024-12-27
E00109,E00201,6.2,1,2024-12-27
E00109,E00217,6.0,1,2024-12-27
E00109,E00394,6.6,1,2024-12-27
E00177,E00206,6.0,1,2024-12-27
E00210,E00226,6.9,1,2024-12-27
E00226,E00234,7.8,2,2024-12-27
E00226,E00394,6.0,1,2024-12-27
E00234,E00249,6.4,2,2024-12-27
E00318,E00343,6.2,1,2024-12-27
E00318,E00394,6.9,1,2024-12-27
E00343,E00394,5.7,1,2024-12-27
E00018,E00057,6.4,1,2024-01-04
E00018,E00084,5.9,2,2026-04-06
E00018,E00263,5.6,1,2024-01-04
E00024,E00161,5.8,1,2024-01-04
E00024,E00204,6.2,1,2024-01-04
E00034,E00161,5.9,1,2024-01-04
E00084,E00253,6.7,1,2024-01-04
E00109,E00161,7.4,1,2024-01-04
E00109,E00192,7.7,1,2024-01-04
E00109,E00263,6.2,2,2025-11-20
E00131,E00161,6.8,1,2024-01-04
E00131,E00171,7.3,1,2024-01-04
E00131,E00204,6.6,1,2024-01-04
E00131,E00263,6.1,1,2024-01-04
E00161,E00263,5.7,1,2024-01-04
E00185,E00192,6.7,1,2024-01-04
E00200,E00253,6.6,1,2024-01-04
E00031,E00124,5.6,1,2024-05-23
E00046,E00124,6.4,1,2024-05-23
E00046,E00384,6.5,3,2025-09-07
E00147,E00384,6.0,1,2024-05-23
E00005,E00182,8.0,1,2026-04-10
E00005,E00311,7.2,1,2026-04-10
E00095,E00266,7.2,2,2026-04-10
E00157,E00314,6.1,1,2026-04-10
E00182,E00266,7.0,1,2026-04-10
E00186,E00266,5.5,1,2026-04-10
E00186,E00314,6.5,1,2026-04-10
E00024,E00166,5.5,1,2026-04-01
E00046,E00187,7.6,3,2026-04-01
E00046,E00284,6.6,1,2026-04-01
E00084,E00135,5.5,1,2026-04-01
E00084,E00226,5.9,2,2026-04-01
E00084,E00487,6.4,1,2026-04-01
E00135,E00242,6.3,1,2026-04-01
E00166,E00187,6.7,1,2026-04-01
E00166,E00356,6.5,1,2026-04-01
E00187,E00487,7.5,1,2026-04-01
E00242,E00440,6.6,1,2026-04-01
E00343,E00356,7.4,1,2026-04-01
E00343,E00448,6.1,1,2026-04-01
E00403,E00487,6.8,1,2026-04-01
E00407,E00435,6.4,1,2026-04-01
E00407,E00440,7.6,1,2026-04-01
E00440,E00487,7.7,1,2026-04-01
E00003,E00325,7.5,1,2025-06-04
E00082,E00126,6.0,1,2025-06-04
E00082,E00127,7.0,1,2025-06-04
E00086,E00343,6.4,1,2025-06-04
E00099,E00127,6.3,1,2025-06-04
E00126,E00203,7.6,1,2025-06-04
E00127,E00257,7.4,1,2025-06-04
E00127,E00355,8.2,1,2025-06-04
E00127,E00370,7.5,1,2025-06-04
E00184,E00198,5.8,1,2025-06-04
E00184,E00343,6.4,1,2025-06-04
E00198,E00217,6.9,1,2025-06-04
E00198,E00325,6.4,2,2025-06-04
E00203,E00257,6.5,1,2025-06-04
E00217,E00355,7.3,1,2025-06-04
E00018,E00282,5.5,1,2025-08-18
E00071,E00263,5.9,1,2025-08-18
E00244,E00263,6.3,1,2025-08-18
E00016,E00070,6.4,1,2024-03-07
E00016,E00129,6.6,1,2024-03-07
E00016,E00140,5.5,1,2024-03-07
E00070,E00200,8.0,1,2024-03-07
E00072,E00112,7.5,1,2024-03-07
E00072,E00214,7.8,1,2024-03-07
E00072,E00325,9.2,1,2024-03-07
E00091,E00214,6.8,1,2024-03-07
E00112,E00397,6.2,1,2024-03-07
E00121,E00365,6.1,2,2026-01-10
E00129,E00131,5.9,1,2024-03-07
E00129,E00214,7.0,4,2026-02-27
E00131,E00410,5.8,1,2024-03-07
E00140,E00397,5.5,1,2024-03-07
E00140,E00411,6.5,1,2024-03-07
E00196,E00356,6.7,1,2024-03-07
E00200,E00356,8.0,1,2024-03-07
E00200,E00411,7.6,1,2024-03-07
E00214,E00247,6.0,1,2024-03-07
E00247,E00305,6.3,1,2024-03-07
E00267,E00365,5.5,1,2024-03-07
E00325,E00397,6.9,1,2024-03-07
E00397,E00410,5.8,1,2024-03-07
E00049,E00343,6.1,1,2024-03-21
E00134,E00235,6.7,1,2024-03-21
E00134,E00343,5.9,1,2024-03-21
E00228,E00235,9.1,1,2024-03-21
E00091,E00379,7.2,1,2024-04-24
E00191,E00400,5.9,1,2024-04-24
E00191,E00406,6.8,1,2024-04-24
E00204,E00406,7.2,1,2024-04-24
E00215,E00379,7.8,1,2024-04-24
E00353,E00379,6.4,1,2024-04-24
E00062,E00330,7.1,2,2026-01-15
E00062,E00332,6.8,2,2026-03-28
E00083,E00410,5.5,1,2026-01-15
E00091,E00318,5.6,1,2026-01-15
E00099,E00318,5.8,1,2026-01-15
E00099,E00418,6.9,1,2026-01-15
E00198,E00318,5.9,1,2026-01-15
E00198,E00332,6.3,1,2026-01-15
E00236,E00318,6.9,1,2026-01-15
E00318,E00330,7.2,1,2026-01-15
E00322,E00342,7.2,1,2026-01-15
E00330,E00360,8.1,1,2026-01-15
E00360,E00410,6.4,1,2026-01-15
E00382,E00410,7.5,1,2026-01-15
E00410,E00419,5.7,1,2026-01-15
E00087,E00322,6.4,1,2025-11-01
E00134,E00248,6.6,2,2025-11-01
E00261,E00325,7.2,2,2026-04-06
E00049,E00103,7.3,1,2024-09-24
E00049,E00314,7.0,2,2024-09-24
E00069,E00089,6.9,1,2024-09-24
E00069,E00197,5.8,1,2024-09-24
E00089,E00314,6.5,1,2024-09-24
E00097,E00103,6.6,1,2024-09-24
E00097,E00248,7.2,2,2024-09-24
E00012,E00045,6.5,2,2026-02-27
E00012,E00096,5.9,2,2026-02-27
E00012,E00170,5.5,1,2026-02-27
E00025,E00031,8.6,1,2026-02-27
E00025,E00095,8.0,1,2026-02-27
E00025,E00235,7.3,1,2026-02-27
E00045,E00275,7.8,1,2026-02-27
E00093,E00323,5.5,1,2026-02-27
E00095,E00200,7.0,1,2026-02-27
E00095,E00280,7.0,1,2026-02-27
E00119,E00280,7.3,1,2026-02-27
E00170,E00228,5.7,1,2026-02-27
E00170,E00235,7.0,1,2026-02-27
E00177,E00200,5.8,1,2026-02-27
E00275,E00323,7.1,1,2026-02-27
E00280,E00283,7.1,2,2026-02-27
E00007,E00354,7.5,1,2026-02-04
E00035,E00386,7.8,1,2026-02-04
E00049,E00354,5.8,1,2026-02-04
E00143,E00249,6.2,1,2026-02-04
E00143,E00327,5.7,1,2026-02-04
E00143,E00354,6.2,1,2026-02-04
E00237,E00354,6.2,1,2026-02-04
E00249,E00327,7.2,2,2026-02-04
E00302,E00327,6.8,1,2026-02-04
E00332,E00386,6.1,1,2026-02-04
E00107,E00304,7.0,1,2025-02-28
E00107,E00372,5.9,1,2025-02-28
E00115,E00221,8.4,1,2025-02-28
E00115,E00227,6.9,1,2025-02-28
E00118,E00285,7.4,1,2025-02-28
E00221,E00227,7.5,1,2025-02-28
E00266,E00304,6.4,1,2025-02-28
E00285,E00372,6.5,1,2025-02-28
E00005,E00238,5.5,1,2024-05-15
E00024,E00222,6.6,1,2024-05-15
E00081,E00263,7.3,1,2024-05-15
E00081,E00269,5.5,1,2024-05-15
E00087,E00094,7.2,1,2024-05-15
E00087,E00222,5.8,1,2024-05-15
E00087,E00238,6.5,1,2024-05-15
E00087,E00274,6.6,1,2024-05-15
E00140,E00222,6.5,1,2024-05-15
E00140,E00346,7.3,1,2024-05-15
E00147,E00370,6.2,1,2024-05-15
E00216,E00238,6.9,1,2024-05-15
E00216,E00346,8.5,1,2024-05-15
E00222,E00269,5.5,1,2024-05-15
E00263,E00346,8.0,1,2024-05-15
E00266,E00370,6.4,1,2024-05-15
E00029,E00301,8.4,1,2024-04-25
E00142,E00245,6.4,1,2024-04-25
E00223,E00305,6.9,1,2024-04-25
E00287,E00305,6.8,2,2026-01-27
E00007,E00038,5.5,1,2024-03-15
E00007,E00195,6.2,1,2024-03-15
E00007,E00200,6.1,1,2024-03-15
E00007,E00404,6.2,1,2024-03-15
E00022,E00195,7.5,1,2024-03-15
E00038,E00200,5.5,1,2024-03-15
E00388,E00404,8.1,1,2024-03-15
E00025,E00238,7.7,1,2025-09-16
E00025,E00279,6.4,1,2025-09-16
E00025,E00286,7.1,1,2025-09-16
E00029,E00094,6.1,2,2025-09-16
E00029,E00284,7.4,1,2025-09-16
E00029,E00298,6.4,1,2025-09-16
E00039,E00078,7.1,1,2025-09-16
E00039,E00129,6.5,1,2025-09-16
E00039,E00255,6.8,2,2025-09-16
E00058,E00078,7.0,1,2025-09-16
E00058,E00284,7.2,1,2025-09-16
E00058,E00319,6.0,1,2025-09-16
E00078,E00195,7.3,2,2025-09-16
E00078,E00238,7.4,1,2025-09-16
E00094,E00195,8.3,1,2025-09-16
E00129,E00200,7.4,1,2025-09-16
E00129,E00286,7.7,3,2026-03-16
E00129,E00298,7.0,1,2025-09-16
E00142,E00195,6.5,2,2026-02-28
E00163,E00195,7.8,1,2025-09-16
E00186,E00195,6.9,1,2025-09-16
E00186,E00238,6.0,1,2025-09-16
E00186,E00298,5.8,1,2025-09-16
E00195,E00319,6.5,1,2025-09-16
E00238,E00240,7.1,1,2025-09-16
E00238,E00286,5.9,2,2026-03-16
E00238,E00319,5.9,1,2025-09-16
E00255,E00279,6.4,2,2025-12-09
E00255,E00319,6.3,2,2026-02-23
E00015,E00321,6.2,1,2023-05-04
E00067,E00279,5.8,2,2024-01-31
E00080,E00458,7.6,1,2023-05-04
E00096,E00411,5.6,1,2023-05-04
E00279,E00411,6.0,1,2023-05-04
E00293,E00458,6.5,1,2023-05-04
E00321,E00411,5.5,1,2023-05-04
E00321,E00458,6.1,1,2023-05-04
E00411,E00458,6.9,1,2023-05-04
E00031,E00178,6.2,1,2024-04-10
E00147,E00223,6.0,1,2024-04-10
E00178,E00250,7.1,1,2024-04-10
E00223,E00260,6.3,2,2025-04-12
E00250,E00260,7.4,2,2026-02-28
E00282,E00360,7.0,1,2024-04-10
E00020,E00089,7.1,1,2025-12-11
E00083,E00089,8.2,1,2025-12-11
E00084,E00367,5.5,1,2025-12-11
E00089,E00367,6.7,1,2025-12-11
E00092,E00271,6.2,1,2025-12-11
E00092,E00349,5.7,1,2025-12-11
E00094,E00271,6.0,1,2025-12-11
E00094,E00333,5.9,1,2025-12-11
E00271,E00349,5.5,1,2025-12-11
E00004,E00333,6.1,2,2026-04-11
E00073,E00178,6.5,1,2024-10-08
E00073,E00474,6.1,1,2024-10-08
E00093,E00161,7.7,1,2024-10-08
E00150,E00465,7.1,1,2024-10-08
E00150,E00483,6.7,1,2024-10-08
E00161,E00333,6.9,1,2024-10-08
E00164,E00483,8.1,1,2024-10-08
E00178,E00285,7.9,1,2024-10-08
E00253,E00285,7.3,1,2024-10-08
E00285,E00333,6.3,2,2024-10-08
E00333,E00433,7.2,1,2024-10-08
E00433,E00465,6.9,1,2024-10-08
E00452,E00474,6.4,1,2024-10-08
E00013,E00155,5.7,1,2025-09-21
E00013,E00235,6.6,1,2025-09-21
E00013,E00382,6.4,1,2025-09-21
E00080,E00089,5.8,1,2025-09-21
E00080,E00155,5.5,1,2025-09-21
E00080,E00235,6.5,1,2025-09-21
E00080,E00368,6.4,2,2025-09-21
E00084,E00184,6.9,1,2025-09-21
E00089,E00368,6.5,1,2025-09-21
E00095,E00155,7.2,1,2025-09-21
E00097,E00234,6.9,1,2025-09-21
E00125,E00268,5.5,1,2025-09-21
E00125,E00391,6.3,1,2025-09-21
E00155,E00391,6.3,2,2026-04-19
E00171,E00184,7.2,1,2025-09-21
E00179,E00184,7.3,1,2025-09-21
E00184,E00235,8.0,1,2025-09-21
E00235,E00368,6.2,1,2025-09-21
E00368,E00391,6.2,1,2025-09-21
E00061,E00155,7.3,1,2026-02-01
E00061,E00264,6.9,1,2026-02-01
E00061,E00422,6.6,1,2026-02-01
E00155,E00384,6.5,1,2026-02-01
E00155,E00397,8.3,1,2026-02-01
E00234,E00319,5.7,1,2026-02-01
E00279,E00319,5.5,1,2026-02-01
E00279,E00384,6.4,1,2026-02-01
E00319,E00397,7.2,1,2026-02-01
E00319,E00438,5.8,1,2026-02-01
E00017,E00028,7.1,1,2026-05-11
E00017,E00035,6.7,1,2026-05-11
E00017,E00330,7.2,1,2026-05-11
E00032,E00254,6.2,1,2026-05-11
E00035,E00254,6.6,1,2026-05-11
E00077,E00226,6.3,1,2026-05-11
E00077,E00330,6.7,1,2026-05-11
E00112,E00226,6.8,1,2026-05-11
E00112,E00330,7.2,1,2026-05-11
E00226,E00262,5.5,1,2026-05-11
E00020,E00228,7.0,1,2023-10-30
E00020,E00263,7.2,1,2023-10-30
E00020,E00294,6.5,1,2023-10-30
E00028,E00084,7.5,1,2023-10-30
E00028,E00186,6.2,1,2023-10-30
E00084,E00138,6.9,1,2023-10-30
E00084,E00186,6.5,3,2026-03-20
E00084,E00294,6.9,1,2023-10-30
E00138,E00198,6.4,1,2023-10-30
E00138,E00228,7.7,1,2023-10-30
E00138,E00282,7.4,1,2023-10-30
E00186,E00263,6.8,1,2023-10-30
E00186,E00294,6.3,1,2023-10-30
E00228,E00294,7.1,2,2026-04-09
E00015,E00311,6.4,1,2025-04-15
E00094,E00245,7.3,1,2025-04-15
E00094,E00295,7.4,1,2025-04-15
E00094,E00311,6.2,1,2025-04-15
E00094,E00320,6.9,1,2025-04-15
E00094,E00365,7.7,1,2025-04-15
E00121,E00152,7.6,1,2025-04-15
E00121,E00182,7.5,1,2025-04-15
E00121,E00197,6.8,1,2025-04-15
E00138,E00152,6.6,2,2025-04-15
E00138,E00197,6.7,1,2025-04-15
E00138,E00286,6.9,1,2025-04-15
E00152,E00183,7.9,1,2025-04-15
E00152,E00341,6.4,1,2025-04-15
E00182,E00183,7.1,1,2025-04-15
E00183,E00286,8.1,1,2025-04-15
E00222,E00286,6.9,1,2025-04-15
E00265,E00365,6.5,1,2025-04-15
E00341,E00365,7.3,1,2025-04-15
E00100,E00230,6.7,1,2024-06-09
E00100,E00268,6.7,1,2024-06-09
E00230,E00378,6.1,1,2024-06-09
E00356,E00378,7.4,2,2025-09-13
E00021,E00090,8.4,1,2026-05-14
E00021,E00236,7.1,1,2026-05-14
E00021,E00322,6.4,2,2026-05-14
E00067,E00379,7.1,1,2026-05-14
E00081,E00090,7.3,2,2026-05-14
E00084,E00236,6.8,1,2026-05-14
E00084,E00320,6.2,2,2026-05-14
E00090,E00103,8.4,1,2026-05-14
E00090,E00318,8.5,1,2026-05-14
E00090,E00379,7.4,2,2026-05-14
E00103,E00118,6.7,2,2026-05-14
E00103,E00374,7.1,1,2026-05-14
E00320,E00322,6.1,1,2026-05-14
E00021,E00283,5.9,2,2026-04-18
E00053,E00114,7.5,1,2026-04-18
E00075,E00250,7.3,1,2026-04-18
E00152,E00250,6.1,2,2026-04-18
E00190,E00250,6.3,1,2026-04-18
E00247,E00283,6.2,1,2026-04-18
E00019,E00071,6.7,2,2025-10-11
E00019,E00321,6.4,1,2025-10-11
E00036,E00040,6.5,1,2025-10-11
E00091,E00300,8.3,1,2025-10-11
E00124,E00246,6.6,1,2025-10-11
E00124,E00300,7.5,1,2025-10-11
E00280,E00300,6.5,1,2025-10-11
E00018,E00348,6.2,1,2026-03-10
E00072,E00410,6.7,1,2026-03-10
E00072,E00429,6.0,1,2026-03-10
E00080,E00309,6.4,2,2026-03-10
E00080,E00361,7.1,1,2026-03-10
E00134,E00225,7.5,1,2026-03-10
E00134,E00252,7.1,1,2026-03-10
E00140,E00348,5.8,1,2026-03-10
E00176,E00309,6.9,1,2026-03-10
E00224,E00248,8.1,1,2026-03-10
E00225,E00348,6.4,1,2026-03-10
E00252,E00309,5.8,1,2026-03-10
E00252,E00361,5.5,1,2026-03-10
E00361,E00429,5.5,1,2026-03-10
E00081,E00289,9.4,1,2024-05-08
E00084,E00338,7.6,1,2024-05-08
E00109,E00338,5.5,1,2024-05-08
E00289,E00422,8.7,1,2024-05-08
E00317,E00422,7.4,1,2024-05-08
E00338,E00368,7.4,2,2024-07-30
E00338,E00422,6.2,1,2024-05-08
E00368,E00439,6.2,1,2024-05-08
E00009,E00200,8.1,1,2024-04-02
E00009,E00378,8.7,1,2024-04-02
E00028,E00324,7.0,1,2024-04-02
E00075,E00342,7.7,2,2024-06-20
E00085,E00200,5.9,2,2024-04-02
E00085,E00381,5.7,1,2024-04-02
E00119,E00381,5.5,1,2024-04-02
E00177,E00378,7.3,1,2024-04-02
E00216,E00234,5.8,1,2024-04-02
E00216,E00342,6.1,1,2024-04-02
E00216,E00343,6.9,3,2026-02-25
E00234,E00378,6.2,2,2025-11-20
E00287,E00378,6.6,1,2024-04-02
E00328,E00381,6.8,2,2024-04-02
E00023,E00210,6.7,1,2025-04-18
E00122,E00327,7.3,1,2025-04-18
E00122,E00406,8.8,1,2025-04-18
E00122,E00580,7.5,1,2025-04-18
E00126,E00550,7.2,1,2025-04-18
E00166,E00210,6.0,1,2025-04-18
E00075,E00116,8.1,1,2026-04-08
E00075,E00255,7.6,2,2026-04-08
E00084,E00307,6.4,1,2026-04-08
E00084,E00371,5.5,1,2026-04-08
E00116,E00192,6.3,1,2026-04-08
E00116,E00354,5.5,1,2026-04-08
E00161,E00183,6.5,1,2026-04-08
E00161,E00283,7.5,1,2026-04-08
E00183,E00196,6.3,3,2026-04-08
E00192,E00255,6.8,1,2026-04-08
E00266,E00368,6.3,1,2026-04-08
E00300,E00354,6.2,1,2026-04-08
E00020,E00327,8.4,1,2026-04-08
E00092,E00219,5.5,1,2026-04-08
E00092,E00356,5.7,1,2026-04-08
E00109,E00261,5.5,2,2026-04-08
E00109,E00356,7.0,2,2026-04-08
E00137,E00356,5.7,1,2026-04-08
E00219,E00384,6.4,1,2026-04-08
E00248,E00384,7.7,1,2026-04-08
E00356,E00384,6.5,1,2026-04-08
E00055,E00071,8.6,1,2026-03-17
E00055,E00297,7.6,1,2026-03-17
E00078,E00297,6.6,1,2026-03-17
E00152,E00297,6.0,1,2026-03-17
E00173,E00200,6.0,1,2026-03-17
E00173,E00235,6.3,1,2026-03-17
E00173,E00297,5.7,1,2026-03-17
E00196,E00235,6.5,1,2026-03-17
E00297,E00417,6.9,1,2026-03-17
E00034,E00089,6.6,1,2026-03-14
E00050,E00195,7.0,1,2026-03-14
E00057,E00107,5.5,1,2026-03-14
E00089,E00107,6.6,1,2026-03-14
E00181,E00273,7.6,1,2026-03-14
E00195,E00273,6.5,2,2026-03-14
E00005,E00106,6.1,1,2025-05-15
E00005,E00314,7.0,1,2025-05-15
E00106,E00253,7.2,1,2025-05-15
E00106,E00401,7.6,1,2025-05-15
E00167,E00286,6.2,1,2025-05-15
E00167,E00347,7.0,1,2025-05-15
E00177,E00253,8.4,1,2025-05-15
E00177,E00386,7.8,1,2025-05-15
E00192,E00250,7.1,1,2025-05-15
E00192,E00253,7.7,1,2025-05-15
E00250,E00294,6.8,2,2025-05-15
E00253,E00384,6.7,1,2025-05-15
E00286,E00342,6.1,1,2025-05-15
E00342,E00386,7.1,1,2025-05-15
E00342,E00401,6.6,1,2025-05-15
E00347,E00386,8.0,1,2025-05-15
E00347,E00401,6.6,1,2025-05-15
E00006,E00049,7.0,1,2024-04-12
E00008,E00090,5.5,1,2024-04-12
E00013,E00080,6.8,1,2024-04-12
E00013,E00200,7.0,1,2024-04-12
E00047,E00190,6.4,1,2024-04-12
E00049,E00125,7.4,1,2024-04-12
E00049,E00209,7.9,1,2024-04-12
E00050,E00279,7.3,2,2026-02-23
E00077,E00186,5.5,1,2024-04-12
E00080,E00200,6.7,2,2024-07-30
E00125,E00279,6.3,2,2025-05-07
E00198,E00200,6.1,1,2024-04-12
E00198,E00209,6.3,1,2024-04-12
E00198,E00311,6.7,2,2026-02-26
E00198,E00319,5.5,1,2024-04-12
E00200,E00209,6.5,1,2024-04-12
E00209,E00279,6.4,2,2024-04-12
E00019,E00060,5.5,1,2025-10-28
E00037,E00077,6.4,1,2025-10-28
E00037,E00101,6.7,1,2025-10-28
E00060,E00078,5.5,1,2025-10-28
E00060,E00101,6.3,1,2025-10-28
E00060,E00286,5.8,1,2025-10-28
E00069,E00177,5.5,1,2025-10-28
E00077,E00167,7.7,1,2025-10-28
E00079,E00117,6.2,1,2025-10-28
E00117,E00221,7.5,2,2025-10-28
E00117,E00228,5.8,1,2025-10-28
E00117,E00293,7.2,1,2025-10-28
E00167,E00177,7.1,1,2025-10-28
E00177,E00293,7.4,3,2025-10-28
E00029,E00039,6.8,1,2024-08-05
E00029,E00158,6.5,1,2024-08-05
E00039,E00196,6.0,1,2024-08-05
E00039,E00288,7.3,1,2024-08-05
E00061,E00081,7.1,1,2024-08-05
E00061,E00158,6.6,1,2024-08-05
E00078,E00127,8.6,1,2024-08-05
E00078,E00221,6.4,1,2024-08-05
E00081,E00324,7.3,1,2024-08-05
E00121,E00221,6.4,1,2024-08-05
E00158,E00288,7.1,1,2024-08-05
E00158,E00324,6.0,1,2024-08-05
E00196,E00221,5.5,1,2024-08-05
E00196,E00262,6.6,1,2024-08-05
E00107,E00117,9.1,1,2024-12-02
E00107,E00138,7.0,1,2024-12-02
E00107,E00207,7.7,1,2024-12-02
E00117,E00138,7.9,1,2024-12-02
E00117,E00241,7.5,1,2024-12-02
E00138,E00245,7.7,1,2024-12-02
E00207,E00241,5.5,1,2024-12-02
E00221,E00229,7.4,2,2026-04-04
E00030,E00069,6.3,1,2026-03-11
E00030,E00421,6.1,1,2026-03-11
E00126,E00344,7.8,1,2026-03-11
E00200,E00385,6.4,1,2026-03-11
E00331,E00344,6.2,1,2026-03-11
E00342,E00344,8.0,1,2026-03-11
E00342,E00385,7.2,1,2026-03-11
E00344,E00385,7.1,1,2026-03-11
E00344,E00421,6.1,1,2026-03-11
E00385,E00421,5.7,1,2026-03-11
E00217,E00265,7.0,1,2024-04-04
E00001,E00012,7.7,1,2026-03-10
E00001,E00050,5.6,2,2026-04-03
E00001,E00333,6.9,1,2026-03-10
E00001,E00348,6.0,1,2026-03-10
E00011,E00184,6.4,2,2026-03-10
E00011,E00286,6.7,1,2026-03-10
E00084,E00347,7.1,1,2026-03-10
E00184,E00192,6.3,3,2026-03-10
E00250,E00286,6.8,1,2026-03-10
E00286,E00332,8.2,2,2026-03-10
E00325,E00332,8.1,1,2026-03-10
E00332,E00347,8.1,2,2026-03-10
E00010,E00186,8.1,1,2026-03-19
E00010,E00342,6.7,2,2026-03-19
E00013,E00244,7.3,1,2026-03-19
E00053,E00198,5.8,1,2026-03-19
E00053,E00421,6.7,2,2026-04-06
E00057,E00118,7.4,1,2026-03-19
E00057,E00338,6.8,1,2026-03-19
E00074,E00283,7.9,1,2026-03-19
E00074,E00338,7.1,2,2026-03-19
E00074,E00342,6.5,1,2026-03-19
E00074,E00414,7.8,1,2026-03-19
E00080,E00283,8.4,1,2026-03-19
E00118,E00338,7.1,2,2026-03-19
E00129,E00196,6.4,1,2026-03-19
E00182,E00338,6.1,2,2026-03-19
E00182,E00342,6.0,1,2026-03-19
E00186,E00198,7.7,1,2026-03-19
E00198,E00421,6.8,1,2026-03-19
E00244,E00338,6.3,1,2026-03-19
E00331,E00338,6.5,1,2026-03-19
E00331,E00342,6.1,2,2026-04-11
E00338,E00421,7.5,1,2026-03-19
E00025,E00196,7.3,1,2025-01-27
E00025,E00425,6.9,1,2025-01-27
E00120,E00327,7.4,1,2025-01-27
E00120,E00345,7.0,1,2025-01-27
E00196,E00378,7.1,1,2025-01-27
E00249,E00378,7.9,1,2025-01-27
E00264,E00327,7.2,1,2025-01-27
E00264,E00378,6.1,1,2025-01-27
E00327,E00378,8.1,1,2025-01-27
E00345,E00425,6.1,1,2025-01-27
E00014,E00089,6.3,1,2026-04-02
E00081,E00102,8.3,1,2026-04-02
E00081,E00216,8.4,2,2026-04-02
E00089,E00215,6.6,1,2026-04-02
E00304,E00358,5.6,1,2026-04-02
E00353,E00358,6.6,1,2026-04-02
E00043,E00147,6.7,1,2025-05-11
E00043,E00165,6.1,1,2025-05-11
E00049,E00066,6.1,1,2025-05-11
E00049,E00165,5.5,1,2025-05-11
E00098,E00165,5.5,1,2025-05-11
E00147,E00225,6.0,1,2025-05-11
E00195,E00265,7.0,2,2026-02-25
E00225,E00265,5.9,2,2026-04-05
E00240,E00265,7.0,1,2025-05-11
E00012,E00190,5.5,1,2025-07-13
E00019,E00122,9.0,2,2025-07-13
E00122,E00238,7.5,2,2025-07-13
E00190,E00231,7.0,1,2025-07-13
E00190,E00252,7.1,1,2025-07-13
E00231,E00238,6.7,1,2025-07-13
E00231,E00266,6.1,1,2025-07-13
E00238,E00260,6.5,1,2025-07-13
E00252,E00260,8.7,1,2025-07-13
E00252,E00266,6.7,1,2025-07-13
E00252,E00277,6.3,1,2025-07-13
E00082,E00356,6.0,1,2024-11-07
E00082,E00601,6.2,1,2024-11-07
E00158,E00356,6.3,1,2024-11-07
E00158,E00399,7.0,1,2024-11-07
E00158,E00447,5.8,1,2024-11-07
E00173,E00228,5.6,1,2024-11-07
E00173,E00395,6.8,1,2024-11-07
E00173,E00601,5.6,1,2024-11-07
E00173,E00639,7.6,2,2026-04-03
E00299,E00601,6.2,1,2024-11-07
E00388,E00578,6.3,1,2024-11-07
E00399,E00578,6.6,1,2024-11-07
E00399,E00601,6.7,1,2024-11-07
E00447,E00616,5.5,1,2024-11-07
E00601,E00639,5.5,1,2024-11-07
E00008,E00012,7.5,1,2025-01-07
E00008,E00152,6.2,2,2025-01-07
E00008,E00458,7.3,1,2025-01-07
E00012,E00062,7.7,1,2025-01-07
E00062,E00064,7.2,1,2025-01-07
E00062,E00496,6.6,1,2025-01-07
E00071,E00152,6.7,2,2025-07-24
E00152,E00199,6.5,2,2025-01-07
E00187,E00458,7.2,1,2025-01-07
E00012,E00295,9.6,1,2026-02-20
E00015,E00282,6.3,1,2026-02-20
E00143,E00175,6.5,1,2026-02-20
E00149,E00452,5.5,1,2026-02-20
E00175,E00452,5.7,1,2026-02-20
E00273,E00498,7.8,1,2026-02-20
E00282,E00452,6.4,1,2026-02-20
E00295,E00452,7.7,1,2026-02-20
E00452,E00498,6.1,1,2026-02-20
E00498,E00611,7.4,1,2026-02-20
E00015,E00190,5.8,1,2025-07-25
E00015,E00242,8.4,1,2025-07-25
E00015,E00343,5.7,1,2025-07-25
E00015,E00487,5.9,1,2025-07-25
E00031,E00050,6.7,1,2025-07-25
E00031,E00430,6.9,1,2025-07-25
E00031,E00494,7.1,1,2025-07-25
E00184,E00357,6.9,1,2025-07-25
E00184,E00453,6.9,1,2025-07-25
E00190,E00487,7.1,1,2025-07-25
E00234,E00314,7.1,2,2026-04-21
E00234,E00484,6.5,1,2025-07-25
E00242,E00343,8.0,1,2025-07-25
E00314,E00430,6.0,1,2025-07-25
E00314,E00494,6.2,1,2025-07-25
E00343,E00357,7.5,1,2025-07-25
E00343,E00430,5.9,1,2025-07-25
E00343,E00484,7.2,1,2025-07-25
E00429,E00484,6.1,1,2025-07-25
E00430,E00494,6.7,1,2025-07-25
E00453,E00494,6.5,1,2025-07-25
E00038,E00197,6.1,1,2026-03-25
E00034,E00453,7.2,1,2024-10-23
E00039,E00109,7.8,1,2024-10-23
E00039,E00121,6.3,1,2024-10-23
E00109,E00273,6.2,1,2024-10-23
E00109,E00453,6.4,1,2024-10-23
E00121,E00516,7.6,1,2024-10-23
E00453,E00472,6.6,1,2024-10-23
E00145,E00323,7.2,1,2025-04-07
E00218,E00343,7.2,1,2025-04-07
E00323,E00343,7.4,1,2025-04-07
E00343,E00397,7.7,1,2025-04-07
E00355,E00397,6.4,2,2026-02-20
E00021,E00025,6.2,1,2026-03-27
E00088,E00236,6.3,1,2026-03-27
E00214,E00338,7.2,1,2026-03-27
E00018,E00316,5.9,1,2024-09-25
E00047,E00316,7.2,1,2024-09-25
E00110,E00309,6.9,1,2024-09-25
E00198,E00309,6.6,2,2024-10-07
E00198,E00370,5.8,1,2024-09-25
E00232,E00309,7.0,2,2026-02-12
E00316,E00342,6.8,1,2024-09-25
E00009,E00247,7.9,1,2025-11-26
E00009,E00353,6.9,1,2025-11-26
E00009,E00412,7.5,1,2025-11-26
E00050,E00067,6.9,1,2025-11-26
E00050,E00072,5.7,1,2025-11-26
E00050,E00112,7.9,1,2025-11-26
E00050,E00177,6.6,1,2025-11-26
E00072,E00115,6.2,1,2025-11-26
E00072,E00412,6.7,1,2025-11-26
E00115,E00128,7.2,1,2025-11-26
E00128,E00412,7.0,1,2025-11-26
E00201,E00412,6.4,1,2025-11-26
E00221,E00280,6.5,1,2025-11-26
E00247,E00412,7.2,1,2025-11-26
E00014,E00083,7.0,1,2025-10-10
E00014,E00305,7.9,1,2025-10-10
E00028,E00242,7.0,1,2025-10-10
E00053,E00177,7.0,1,2025-10-10
E00053,E00305,6.7,3,2025-10-10
E00113,E00321,6.3,1,2025-10-10
E00113,E00380,6.0,1,2025-10-10
E00121,E00138,5.7,1,2025-10-10
E00121,E00207,6.0,1,2025-10-10
E00138,E00291,6.6,1,2025-10-10
E00138,E00357,6.4,1,2025-10-10
E00170,E00380,7.1,1,2025-10-10
E00177,E00244,6.2,2,2025-10-10
E00207,E00291,7.4,1,2025-10-10
E00242,E00305,7.7,1,2025-10-10
E00244,E00305,6.2,1,2025-10-10
E00321,E00364,6.0,1,2025-10-10
E00321,E00380,6.5,2,2025-10-10
E00019,E00113,5.7,1,2023-06-26
E00019,E00200,5.9,1,2023-06-26
E00019,E00273,5.5,1,2023-06-26
E00051,E00266,6.8,2,2025-03-28
E00076,E00103,6.5,1,2023-06-26
E00076,E00200,6.9,1,2023-06-26
E00076,E00273,7.0,1,2023-06-26
E00089,E00266,6.5,1,2023-06-26
E00103,E00314,5.8,1,2023-06-26
E00109,E00209,6.9,1,2023-06-26
E00109,E00247,7.8,1,2023-06-26
E00130,E00273,6.5,1,2023-06-26
E00130,E00314,7.0,1,2023-06-26
E00209,E00273,5.6,1,2023-06-26
E00008,E00025,8.1,1,2026-04-03
E00008,E00298,7.6,1,2026-04-03
E00013,E00064,7.8,1,2026-04-03
E00025,E00331,6.6,2,2026-04-03
E00091,E00146,7.0,1,2026-04-03
E00091,E00207,5.8,1,2026-04-03
E00131,E00138,6.8,1,2026-04-03
E00131,E00207,6.0,1,2026-04-03
E00131,E00267,6.7,1,2026-04-03
E00146,E00298,6.9,1,2026-04-03
E00331,E00390,7.5,1,2026-04-03
E00017,E00080,6.5,1,2025-03-20
E00017,E00136,6.4,1,2025-03-20
E00055,E00069,7.3,1,2025-03-20
E00055,E00184,7.4,1,2025-03-20
E00069,E00136,7.3,1,2025-03-20
E00069,E00168,7.7,1,2025-03-20
E00080,E00136,5.5,1,2025-03-20
E00080,E00236,5.9,1,2025-03-20
E00083,E00136,6.4,1,2025-03-20
E00136,E00207,5.5,1,2025-03-20
E00028,E00182,7.7,2,2025-09-04
E00054,E00252,6.9,1,2025-09-04
E00054,E00453,7.7,1,2025-09-04
E00103,E00316,6.1,1,2025-09-04
E00103,E00428,7.5,1,2025-09-04
E00103,E00435,5.6,1,2025-09-04
E00142,E00316,6.0,1,2025-09-04
E00182,E00348,7.7,1,2025-09-04
E00198,E00252,5.5,1,2025-09-04
E00198,E00413,6.0,1,2025-09-04
E00213,E00264,7.0,1,2025-09-04
E00213,E00533,7.7,1,2025-09-04
E00252,E00413,6.2,1,2025-09-04
E00316,E00428,8.4,1,2025-09-04
E00348,E00435,7.6,1,2025-09-04
E00348,E00533,7.3,1,2025-09-04
E00403,E00435,5.9,1,2025-09-04
E00403,E00533,6.4,1,2025-09-04
E00428,E00435,7.7,1,2025-09-04
E00071,E00354,6.7,1,2026-03-08
E00130,E00157,7.0,2,2026-03-08
E00130,E00178,6.9,1,2026-03-08
E00161,E00379,7.9,1,2026-03-08
E00348,E00379,8.0,1,2026-03-08
E00379,E00420,7.9,1,2026-03-08
E00053,E00084,8.1,1,2024-11-21
E00053,E00147,7.1,1,2024-11-21
E00054,E00248,8.5,1,2024-11-21
E00069,E00139,8.7,1,2024-11-21
E00079,E00177,6.8,2,2024-11-21
E00079,E00223,8.8,1,2024-11-21
E00079,E00341,7.7,1,2024-11-21
E00106,E00170,6.1,1,2024-11-21
E00128,E00139,6.9,2,2025-05-07
E00128,E00219,7.9,1,2024-11-21
E00147,E00170,6.3,1,2024-11-21
E00147,E00204,6.0,1,2024-11-21
E00170,E00254,6.4,1,2024-11-21
E00170,E00282,7.3,1,2024-11-21
E00170,E00341,6.1,1,2024-11-21
E00170,E00347,7.0,1,2024-11-21
E00177,E00219,7.1,1,2024-11-21
E00204,E00282,6.6,1,2024-11-21
E00219,E00223,8.2,1,2024-11-21
E00223,E00248,7.7,1,2024-11-21
E00331,E00341,5.5,1,2024-11-21
E00005,E00095,7.3,1,2023-10-25
E00005,E00116,6.8,1,2023-10-25
E00005,E00317,6.8,1,2023-10-25
E00008,E00095,6.8,2,2025-05-27
E00037,E00260,7.0,1,2023-10-25
E00037,E00329,6.6,1,2023-10-25
E00054,E00113,5.5,1,2023-10-25
E00054,E00156,6.3,2,2024-11-05
E00090,E00113,6.2,1,2023-10-25
E00090,E00116,5.5,1,2023-10-25
E00096,E00222,7.4,1,2023-10-25
E00110,E00116,5.9,1,2023-10-25
E00110,E00260,6.9,1,2023-10-25
E00116,E00222,5.6,1,2023-10-25
E00222,E00260,5.9,1,2023-10-25
E00049,E00358,6.1,1,2026-02-26
E00076,E00151,6.5,1,2026-02-26
E00076,E00167,6.1,2,2026-02-26
E00076,E00170,7.4,1,2026-02-26
E00151,E00182,6.3,1,2026-02-26
E00167,E00171,5.5,1,2026-02-26
E00167,E00222,5.5,1,2026-02-26
E00170,E00232,8.2,1,2026-02-26
E00171,E00222,5.5,1,2026-02-26
E00171,E00353,6.1,1,2026-02-26
E00030,E00049,6.6,1,2023-11-28
E00030,E00356,5.5,1,2023-11-28
E00042,E00143,7.7,1,2023-11-28
E00042,E00302,8.0,1,2023-11-28
E00049,E00106,7.2,1,2023-11-28
E00049,E00171,6.5,2,2024-11-18
E00049,E00302,7.5,1,2023-11-28
E00050,E00079,6.5,2,2024-08-27
E00050,E00152,6.8,1,2023-11-28
E00079,E00297,6.6,1,2023-11-28
E00125,E00198,6.5,1,2023-11-28
E00143,E00198,7.3,1,2023-11-28
E00152,E00353,9.4,1,2023-11-28
E00171,E00192,6.7,1,2023-11-28
E00171,E00204,6.0,1,2023-11-28
E00192,E00302,6.8,2,2023-11-28
E00192,E00353,8.9,1,2023-11-28
E00318,E00353,8.5,1,2023-11-28
E00072,E00476,6.4,1,2025-06-12
E00079,E00314,6.1,1,2025-06-12
E00133,E00315,6.1,1,2025-06-12
E00133,E00534,8.0,1,2025-06-12
E00140,E00314,6.3,1,2025-06-12
E00221,E00258,7.0,1,2025-06-12
E00258,E00315,6.6,1,2025-06-12
E00314,E00315,6.1,1,2025-06-12
E00476,E00671,7.0,1,2025-06-12
E00311,E00338,6.7,1,2024-10-19
E00019,E00162,6.8,1,2026-04-08
E00019,E00208,5.8,1,2026-04-08
E00046,E00208,5.9,1,2026-04-08
E00070,E00162,7.1,1,2026-04-08
E00109,E00162,7.8,1,2026-04-08
E00109,E00208,6.7,1,2026-04-08
E00129,E00384,7.3,1,2026-04-08
E00152,E00162,6.4,1,2026-04-08
E00152,E00176,6.3,1,2026-04-08
E00176,E00270,6.0,1,2026-04-08
E00228,E00391,7.6,1,2026-04-08
E00270,E00339,5.6,1,2026-04-08
E00270,E00384,6.6,2,2026-04-08
E00339,E00391,6.6,1,2026-04-08
E00019,E00046,6.8,1,2026-01-20
E00019,E00067,7.1,2,2026-01-20
E00019,E00338,7.7,1,2026-01-20
E00046,E00342,5.8,1,2026-01-20
E00046,E00359,7.2,1,2026-01-20
E00046,E00374,7.3,2,2026-01-20
E00067,E00142,7.0,2,2026-01-20
E00067,E00359,6.7,1,2026-01-20
E00067,E00448,5.5,1,2026-01-20
E00177,E00338,6.3,1,2026-01-20
E00177,E00448,6.6,1,2026-01-20
E00004,E00193,6.3,1,2026-04-11
E00006,E00007,5.8,1,2026-04-11
E00006,E00191,6.8,1,2026-04-11
E00006,E00228,7.5,1,2026-04-11
E00006,E00331,7.3,1,2026-04-11
E00006,E00333,6.4,1,2026-04-11
E00007,E00033,6.7,2,2026-04-11
E00033,E00157,6.1,1,2026-04-11
E00033,E00179,7.5,1,2026-04-11
E00033,E00333,6.1,1,2026-04-11
E00042,E00193,7.6,1,2026-04-11
E00071,E00191,8.4,1,2026-04-11
E00071,E00317,7.3,1,2026-04-11
E00083,E00179,7.1,1,2026-04-11
E00083,E00273,6.9,1,2026-04-11
E00083,E00317,6.3,1,2026-04-11
E00157,E00178,6.6,1,2026-04-11
E00164,E00331,6.1,1,2026-04-11
E00191,E00273,7.7,1,2026-04-11
E00191,E00317,7.4,1,2026-04-11
E00191,E00331,7.2,1,2026-04-11
E00191,E00333,5.9,1,2026-04-11
E00193,E00196,7.0,1,2026-04-11
E00193,E00317,7.7,1,2026-04-11
E00193,E00331,7.2,1,2026-04-11
E00193,E00333,7.5,2,2026-04-11
E00193,E00342,6.6,1,2026-04-11
E00228,E00264,6.8,1,2026-04-11
E00317,E00342,6.6,1,2026-04-11
E00041,E00286,5.9,1,2023-08-27
E00110,E00410,7.7,1,2023-08-27
E00142,E00223,7.6,1,2023-08-27
E00142,E00359,7.2,1,2023-08-27
E00142,E00422,6.5,1,2023-08-27
E00148,E00223,8.2,1,2023-08-27
E00148,E00410,6.7,1,2023-08-27
E00223,E00609,7.9,1,2023-08-27
E00264,E00410,6.2,1,2023-08-27
E00359,E00422,6.6,1,2023-08-27
E00067,E00140,6.7,1,2026-04-07
E00076,E00138,6.0,1,2026-04-07
E00090,E00309,6.1,1,2026-04-07
E00126,E00234,7.5,1,2026-04-07
E00231,E00234,7.4,1,2026-04-07
E00014,E00194,8.1,1,2025-10-08
E00014,E00273,7.3,1,2025-10-08
E00014,E00318,8.2,1,2025-10-08
E00014,E00393,8.3,1,2025-10-08
E00073,E00194,7.1,1,2025-10-08
E00073,E00289,6.0,1,2025-10-08
E00151,E00201,6.4,1,2025-10-08
E00194,E00318,6.6,1,2025-10-08
E00201,E00302,6.6,1,2025-10-08
E00220,E00318,6.3,1,2025-10-08
E00268,E00273,6.3,1,2025-10-08
E00268,E00302,6.4,1,2025-10-08
E00268,E00405,7.7,1,2025-10-08
E00012,E00373,6.8,1,2025-07-01
E00045,E00062,6.4,1,2025-07-01
E00045,E00329,7.0,1,2025-07-01
E00051,E00234,6.2,2,2025-07-01
E00051,E00329,5.5,1,2025-07-01
E00051,E00373,5.5,1,2025-07-01
E00062,E00279,5.5,1,2025-07-01
E00062,E00407,7.0,1,2025-07-01
E00101,E00407,7.0,1,2025-07-01
E00234,E00373,5.7,1,2025-07-01
E00389,E00407,6.7,1,2025-07-01
E00013,E00024,8.1,1,2023-10-27
E00024,E00364,7.2,1,2023-10-27
E00031,E00091,7.7,3,2026-03-20
E00031,E00130,7.0,2,2025-03-05
E00078,E00251,7.6,2,2025-12-31
E00078,E00357,7.7,2,2026-02-22
E00079,E00339,7.1,1,2023-10-27
E00079,E00359,7.2,1,2023-10-27
E00091,E00251,7.6,1,2023-10-27
E00091,E00287,8.5,1,2023-10-27
E00112,E00130,6.0,2,2026-05-06
E00112,E00324,7.0,1,2023-10-27
E00130,E00251,6.6,2,2025-03-05
E00246,E00251,8.3,1,2023-10-27
E00246,E00364,8.0,1,2023-10-27
E00272,E00280,7.9,1,2023-10-27
E00280,E00323,9.1,1,2023-10-27
E00280,E00382,8.4,1,2023-10-27
E00287,E00359,7.2,1,2023-10-27
E00324,E00382,8.1,1,2023-10-27
E00015,E00116,7.3,1,2026-02-20
E00015,E00317,7.5,1,2026-02-20
E00053,E00352,7.5,1,2026-02-20
E00094,E00338,5.7,1,2026-02-20
E00116,E00122,7.2,1,2026-02-20
E00116,E00207,6.6,1,2026-02-20
E00116,E00325,7.5,1,2026-02-20
E00116,E00365,7.6,1,2026-02-20
E00192,E00244,6.5,1,2026-02-20
E00207,E00244,5.5,1,2026-02-20
E00207,E00352,6.5,1,2026-02-20
E00233,E00352,6.2,1,2026-02-20
E00298,E00325,6.4,3,2026-05-19
E00317,E00352,7.5,1,2026-02-20
E00332,E00338,6.7,2,2026-02-20
E00010,E00094,6.0,1,2025-03-05
E00010,E00160,5.8,1,2025-03-05
E00010,E00193,6.3,1,2025-03-05
E00042,E00235,5.5,1,2025-03-05
E00044,E00051,7.9,1,2025-03-05
E00044,E00235,6.6,1,2025-03-05
E00044,E00321,7.1,1,2025-03-05
E00051,E00072,7.9,1,2025-03-05
E00071,E00160,7.3,1,2025-03-05
E00071,E00179,7.3,1,2025-03-05
E00072,E00171,6.4,1,2025-03-05
E00072,E00274,6.8,1,2025-03-05
E00160,E00224,6.1,1,2025-03-05
E00171,E00321,6.2,1,2025-03-05
E00174,E00274,5.5,1,2025-03-05
E00174,E00321,6.8,1,2025-03-05
E00179,E00193,6.5,1,2025-03-05
E00179,E00274,6.0,1,2025-03-05
E00179,E00321,6.5,2,2025-03-05
E00193,E00224,7.2,1,2025-03-05
E00224,E00273,6.6,1,2025-03-05
E00224,E00322,7.3,1,2025-03-05
E00235,E00263,5.8,1,2025-03-05
E00263,E00274,5.7,2,2025-11-20
E00277,E00604,6.9,1,2024-12-11
E00393,E00457,7.1,1,2024-12-11
E00457,E00518,7.4,1,2024-12-11
E00019,E00219,6.5,1,2025-07-22
E00020,E00035,6.3,1,2025-07-22
E00020,E00192,6.9,2,2025-07-22
E00035,E00184,6.7,2,2025-12-26
E00035,E00192,6.3,1,2025-07-22
E00045,E00116,6.2,1,2025-07-22
E00045,E00131,8.2,1,2025-07-22
E00045,E00184,6.0,1,2025-07-22
E00045,E00255,7.6,1,2025-07-22
E00077,E00184,6.2,2,2025-07-22
E00077,E00248,6.9,1,2025-07-22
E00077,E00264,5.9,1,2025-07-22
E00092,E00192,6.7,1,2025-07-22
E00110,E00184,6.2,1,2025-07-22
E00116,E00293,7.1,1,2025-07-22
E00219,E00264,6.1,1,2025-07-22
E00248,E00255,7.1,1,2025-07-22
E00248,E00264,6.9,1,2025-07-22
E00072,E00482,6.1,1,2025-07-05
E00102,E00124,7.8,1,2025-07-05
E00102,E00399,7.9,1,2025-07-05
E00124,E00214,8.2,1,2025-07-05
E00214,E00301,7.2,1,2025-07-05
E00301,E00351,6.5,1,2025-07-05
E00301,E00453,6.7,1,2025-07-05
E00465,E00482,6.0,1,2025-07-05
E00011,E00045,5.5,1,2024-04-26
E00013,E00142,5.9,1,2024-04-26
E00016,E00184,7.2,1,2024-04-26
E00016,E00282,7.4,1,2024-04-26
E00019,E00050,7.3,2,2025-03-30
E00019,E00282,8.7,1,2024-04-26
E00045,E00097,6.8,1,2024-04-26
E00050,E00184,6.9,1,2024-04-26
E00050,E00231,6.9,1,2024-04-26
E00050,E00265,6.4,2,2024-05-07
E00056,E00075,7.5,1,2024-04-26
E00075,E00079,5.9,1,2024-04-26
E00075,E00265,6.7,1,2024-04-26
E00079,E00106,6.1,1,2024-04-26
E00079,E00142,6.6,2,2025-10-09
E00081,E00142,6.6,1,2024-04-26
E00081,E00265,5.5,1,2024-04-26
E00097,E00184,6.9,1,2024-04-26
E00184,E00231,6.0,1,2024-04-26
E00184,E00282,6.2,1,2024-04-26
E00198,E00265,5.5,1,2024-04-26
E00198,E00279,6.5,1,2024-04-26
E00020,E00024,7.6,1,2025-07-15
E00020,E00041,8.7,1,2025-07-15
E00024,E00135,7.3,1,2025-07-15
E00024,E00244,7.9,1,2025-07-15
E00024,E00267,6.4,1,2025-07-15
E00024,E00283,6.5,1,2025-07-15
E00027,E00138,7.8,1,2025-07-15
E00027,E00267,7.4,1,2025-07-15
E00037,E00040,5.5,1,2025-07-15
E00040,E00238,5.5,1,2025-07-15
E00040,E00408,5.7,1,2025-07-15
E00138,E00267,6.8,1,2025-07-15
E00238,E00244,7.6,1,2025-07-15
E00244,E00267,9.0,1,2025-07-15
E00283,E00408,5.8,1,2025-07-15
E00014,E00019,5.6,1,2023-12-26
E00014,E00181,7.9,1,2023-12-26
E00014,E00192,5.7,1,2023-12-26
E00019,E00056,5.5,1,2023-12-26
E00019,E00249,6.4,3,2025-01-13
E00019,E00311,5.5,1,2023-12-26
E00025,E00264,7.3,2,2025-06-30
E00025,E00317,7.3,1,2023-12-26
E00034,E00051,6.8,1,2023-12-26
E00034,E00107,7.5,1,2023-12-26
E00051,E00114,5.9,1,2023-12-26
E00051,E00136,6.4,1,2023-12-26
E00051,E00159,7.1,1,2023-12-26
E00056,E00159,6.4,1,2023-12-26
E00056,E00306,5.9,1,2023-12-26
E00056,E00363,6.0,1,2023-12-26
E00107,E00114,6.0,1,2023-12-26
E00114,E00192,5.5,1,2023-12-26
E00114,E00249,7.2,1,2023-12-26
E00114,E00311,5.6,2,2026-02-26
E00136,E00159,7.0,1,2023-12-26
E00136,E00306,6.3,1,2023-12-26
E00159,E00192,6.1,2,2024-04-20
E00192,E00325,5.7,1,2023-12-26
E00264,E00306,7.2,1,2023-12-26
E00298,E00317,5.8,1,2023-12-26
E00306,E00363,7.3,1,2023-12-26
E00017,E00222,7.9,1,2025-04-08
E00018,E00255,6.1,1,2025-04-08
E00019,E00216,6.2,1,2025-04-08
E00019,E00233,5.5,1,2025-04-08
E00019,E00278,5.9,1,2025-04-08
E00071,E00223,6.2,2,2025-04-08
E00150,E00233,5.9,1,2025-04-08
E00223,E00233,6.1,1,2025-04-08
E00223,E00255,6.8,1,2025-04-08
E00223,E00279,5.7,1,2025-04-08
E00011,E00096,6.3,1,2024-10-07
E00011,E00264,5.6,1,2024-10-07
E00079,E00138,8.0,1,2024-10-07
E00096,E00379,6.4,1,2024-10-07
E00103,E00412,7.4,1,2024-10-07
E00113,E00198,9.7,1,2024-10-07
E00113,E00264,7.2,1,2024-10-07
E00113,E00378,7.9,1,2024-10-07
E00113,E00412,9.0,1,2024-10-07
E00126,E00309,6.5,1,2024-10-07
E00126,E00412,7.6,1,2024-10-07
E00138,E00240,9.0,1,2024-10-07
E00138,E00250,7.2,1,2024-10-07
E00138,E00264,7.4,1,2024-10-07
E00148,E00412,8.9,1,2024-10-07
E00152,E00240,8.7,1,2024-10-07
E00184,E00264,7.3,3,2026-01-10
E00197,E00198,8.5,1,2024-10-07
E00197,E00264,6.1,1,2024-10-07
E00250,E00264,6.0,1,2024-10-07
E00250,E00378,6.8,2,2024-10-07
E00264,E00401,6.0,1,2024-10-07
E00302,E00417,8.7,1,2024-10-07
E00309,E00401,6.4,1,2024-10-07
E00309,E00417,7.1,1,2024-10-07
E00378,E00401,7.1,1,2024-10-07
E00401,E00417,7.4,2,2024-10-07
E00039,E00159,6.0,1,2025-11-20
E00046,E00135,6.6,1,2025-11-20
E00076,E00302,5.6,1,2025-11-20
E00266,E00329,6.9,1,2025-11-20
E00041,E00207,6.2,1,2026-03-02
E00134,E00159,6.8,1,2026-03-02
E00134,E00274,7.0,1,2026-03-02
E00134,E00301,7.8,1,2026-03-02
E00159,E00207,6.7,1,2026-03-02
E00159,E00253,8.0,1,2026-03-02
E00159,E00371,7.4,1,2026-03-02
E00176,E00253,7.5,1,2026-03-02
E00253,E00287,7.5,1,2026-03-02
E00287,E00346,7.3,1,2026-03-02
E00287,E00371,7.6,1,2026-03-02
E00005,E00287,7.2,1,2026-01-27
E00005,E00340,7.0,1,2026-01-27
E00023,E00196,6.9,1,2026-01-27
E00023,E00287,6.3,1,2026-01-27
E00079,E00105,8.0,1,2026-01-27
E00079,E00107,7.5,1,2026-01-27
E00103,E00279,6.1,1,2026-01-27
E00105,E00305,8.0,1,2026-01-27
E00107,E00279,6.9,1,2026-01-27
E00107,E00340,7.3,1,2026-01-27
E00121,E00183,6.0,1,2026-01-27
E00121,E00312,6.1,2,2026-03-13
E00006,E00102,5.5,1,2025-12-15
E00006,E00194,6.3,1,2025-12-15
E00006,E00240,6.0,1,2025-12-15
E00046,E00093,6.5,1,2025-12-15
E00046,E00240,7.4,1,2025-12-15
E00083,E00101,8.1,1,2025-12-15
E00083,E00235,8.9,1,2025-12-15
E00093,E00215,5.9,1,2025-12-15
E00093,E00258,6.1,1,2025-12-15
E00093,E00269,6.0,1,2025-12-15
E00101,E00215,5.7,1,2025-12-15
E00168,E00248,5.5,1,2025-12-15
E00168,E00253,5.6,1,2025-12-15
E00168,E00260,5.8,1,2025-12-15
E00186,E00258,5.8,1,2025-12-15
E00194,E00253,5.5,1,2025-12-15
E00200,E00204,5.9,1,2025-12-15
E00200,E00215,5.6,1,2025-12-15
E00204,E00235,7.7,1,2025-12-15
E00235,E00240,7.1,1,2025-12-15
E00235,E00253,6.3,1,2025-12-15
E00235,E00269,7.9,1,2025-12-15
E00003,E00089,6.0,1,2026-03-04
E00003,E00103,8.0,1,2026-03-04
E00003,E00447,7.1,1,2026-03-04
E00089,E00496,5.5,1,2026-03-04
E00103,E00109,7.9,1,2026-03-04
E00103,E00323,7.9,1,2026-03-04
E00103,E00416,7.6,1,2026-03-04
E00109,E00250,5.8,1,2026-03-04
E00109,E00452,7.8,1,2026-03-04
E00180,E00203,7.6,1,2026-03-04
E00180,E00447,7.4,2,2026-03-04
E00203,E00259,6.3,1,2026-03-04
E00203,E00447,7.0,1,2026-03-04
E00203,E00452,7.9,1,2026-03-04
E00203,E00526,6.2,1,2026-03-04
E00250,E00323,5.5,1,2026-03-04
E00250,E00416,6.1,1,2026-03-04
E00250,E00447,5.5,1,2026-03-04
E00259,E00452,7.7,1,2026-03-04
E00452,E00496,7.1,1,2026-03-04
E00034,E00182,6.7,1,2026-03-02
E00034,E00265,6.7,1,2026-03-02
E00037,E00050,7.3,1,2026-03-02
E00037,E00170,6.3,2,2026-03-02
E00075,E00253,6.5,1,2026-03-02
E00010,E00028,6.4,2,2026-03-12
E00010,E00363,5.5,1,2024-01-31
E00028,E00221,6.6,1,2024-01-31
E00028,E00316,5.9,1,2024-01-31
E00067,E00331,7.0,2,2025-02-13
E00072,E00316,7.4,2,2025-02-07
E00072,E00331,6.1,1,2024-01-31
E00072,E00353,7.7,1,2024-01-31
E00109,E00157,7.2,1,2024-01-31
E00109,E00221,5.7,1,2024-01-31
E00109,E00279,6.9,2,2024-01-31
E00109,E00309,7.1,2,2026-03-05
E00109,E00331,6.0,1,2024-01-31
E00109,E00368,7.6,1,2024-01-31
E00129,E00157,6.8,1,2024-01-31
E00129,E00279,6.0,1,2024-01-31
E00214,E00316,5.9,1,2024-01-31
E00214,E00368,7.4,1,2024-01-31
E00221,E00250,7.5,2,2024-01-31
E00230,E00250,7.7,1,2024-01-31
E00234,E00264,6.0,3,2026-01-16
E00234,E00353,6.9,1,2024-01-31
E00234,E00368,7.5,1,2024-01-31
E00250,E00279,7.1,1,2024-01-31
E00250,E00284,6.4,2,2026-02-23
E00264,E00316,6.3,1,2024-01-31
E00279,E00353,7.1,1,2024-01-31
E00316,E00353,6.9,1,2024-01-31
E00019,E00177,6.8,2,2025-06-16
E00019,E00385,6.4,1,2024-10-26
E00029,E00073,7.1,2,2025-03-05
E00029,E00079,6.9,1,2024-10-26
E00039,E00190,5.5,1,2024-10-26
E00039,E00195,6.3,1,2024-10-26
E00039,E00353,5.5,1,2024-10-26
E00039,E00360,5.5,1,2024-10-26
E00071,E00385,7.1,1,2024-10-26
E00079,E00311,6.5,1,2024-10-26
E00079,E00360,5.9,1,2024-10-26
E00079,E00384,5.7,1,2024-10-26
E00190,E00195,6.1,2,2026-03-12
E00190,E00353,5.5,1,2024-10-26
E00195,E00353,6.2,1,2024-10-26
E00214,E00384,5.7,1,2024-10-26
E00218,E00311,6.8,1,2024-10-26
E00218,E00353,6.2,1,2024-10-26
E00289,E00311,6.3,1,2024-10-26
E00289,E00353,5.9,1,2024-10-26
E00289,E00385,7.8,1,2024-10-26
E00311,E00323,6.4,1,2024-10-26
E00311,E00385,6.4,1,2024-10-26
E00353,E00384,5.9,1,2024-10-26
E00077,E00128,7.7,1,2026-04-06
E00128,E00414,5.9,1,2026-04-06
E00146,E00200,7.6,3,2026-04-27
E00167,E00461,6.3,1,2026-04-06
E00196,E00426,7.1,1,2026-04-06
E00196,E00461,7.1,1,2026-04-06
E00200,E00420,8.3,1,2026-04-06
E00200,E00461,7.1,1,2026-04-06
E00287,E00414,8.1,1,2026-04-06
E00347,E00465,7.2,1,2026-04-06
E00420,E00461,7.3,1,2026-04-06
E00013,E00373,5.5,1,2026-01-07
E00015,E00318,7.6,1,2026-01-07
E00039,E00179,6.1,1,2026-01-07
E00039,E00223,7.3,1,2026-01-07
E00106,E00109,6.6,1,2026-01-07
E00106,E00300,5.9,1,2026-01-07
E00106,E00373,6.2,1,2026-01-07
E00109,E00216,7.7,1,2026-01-07
E00109,E00282,6.6,1,2026-01-07
E00109,E00324,7.0,1,2026-01-07
E00117,E00223,6.1,1,2026-01-07
E00129,E00176,5.9,1,2026-01-07
E00189,E00216,8.1,1,2026-01-07
E00189,E00324,6.4,1,2026-01-07
E00216,E00282,7.3,1,2026-01-07
E00223,E00282,6.3,1,2026-01-07
E00316,E00324,7.1,1,2026-01-07
E00028,E00145,6.4,1,2025-01-20
E00028,E00207,7.1,1,2025-01-20
E00069,E00261,6.1,1,2025-01-20
E00145,E00200,7.3,1,2025-01-20
E00200,E00261,6.6,1,2025-01-20
E00216,E00229,6.7,1,2025-01-20
E00006,E00056,6.4,1,2024-04-02
E00006,E00126,5.7,1,2024-04-02
E00006,E00345,5.5,1,2024-04-02
E00039,E00056,6.8,1,2024-04-02
E00039,E00120,5.8,1,2024-04-02
E00069,E00071,7.5,2,2025-01-24
E00069,E00120,6.9,2,2024-06-29
E00079,E00213,8.2,1,2024-04-02
E00120,E00213,6.0,1,2024-04-02
E00126,E00339,6.5,1,2024-04-02
E00213,E00236,6.2,1,2024-04-02
E00213,E00279,7.4,1,2024-04-02
E00265,E00279,6.6,1,2024-04-02
E00019,E00051,8.1,1,2025-02-13
E00019,E00128,7.1,1,2025-02-13
E00019,E00240,7.3,2,2025-07-25
E00051,E00128,7.4,1,2025-02-13
E00076,E00122,8.6,1,2025-02-13
E00076,E00258,6.0,1,2025-02-13
E00091,E00177,8.0,1,2025-02-13
E00121,E00192,7.0,1,2025-02-13
E00121,E00283,7.2,1,2025-02-13
E00177,E00222,6.6,1,2025-02-13
E00177,E00247,6.6,1,2025-02-13
E00177,E00267,6.3,1,2025-02-13
E00222,E00258,5.5,1,2025-02-13
E00222,E00298,5.9,1,2025-02-13
E00235,E00258,6.6,1,2025-02-13
E00235,E00298,7.1,1,2025-02-13
E00240,E00298,6.2,1,2025-02-13
E00283,E00325,5.8,1,2025-02-13
E00030,E00074,6.6,1,2026-02-12
E00030,E00090,6.6,1,2026-02-12
E00030,E00118,7.4,1,2026-02-12
E00030,E00124,8.2,1,2026-02-12
E00030,E00162,5.9,1,2026-02-12
E00030,E00309,5.5,1,2026-02-12
E00074,E00118,7.6,1,2026-02-12
E00074,E00134,7.8,1,2026-02-12
E00074,E00162,5.8,1,2026-02-12
E00084,E00124,8.9,1,2026-02-12
E00084,E00162,6.3,1,2026-02-12
E00084,E00286,7.6,1,2026-02-12
E00090,E00118,7.7,1,2026-02-12
E00090,E00122,6.4,1,2026-02-12
E00090,E00124,8.6,1,2026-02-12
E00090,E00282,7.2,1,2026-02-12
E00090,E00373,6.6,1,2026-02-12
E00122,E00232,5.6,1,2026-02-12
E00122,E00265,6.0,1,2026-02-12
E00122,E00309,6.1,2,2026-02-12
E00124,E00286,8.7,1,2026-02-12
E00134,E00373,7.4,1,2026-02-12
E00183,E00353,7.1,1,2026-02-12
E00250,E00275,7.3,1,2026-02-12
E00250,E00338,6.8,1,2026-02-12
E00263,E00265,7.0,1,2026-02-12
E00263,E00338,6.9,1,2026-02-12
E00265,E00338,7.5,1,2026-02-12
E00275,E00347,7.9,1,2026-02-12
E00275,E00373,7.6,1,2026-02-12
E00286,E00351,7.9,1,2026-02-12
E00353,E00359,5.7,2,2026-02-12
E00001,E00669,6.2,1,2023-10-20
E00001,E00761,6.0,1,2023-10-20
E00001,E01059,6.5,1,2023-10-20
E00103,E00750,6.8,1,2023-10-20
E00118,E00186,6.1,1,2023-10-20
E00118,E00624,6.0,1,2023-10-20
E00319,E00571,5.8,1,2023-10-20
E00319,E00844,5.8,1,2023-10-20
E00571,E00844,7.4,1,2023-10-20
E00669,E00844,7.3,1,2023-10-20
E00008,E00358,7.0,1,2024-09-27
E00029,E00266,8.0,1,2024-09-27
E00029,E00539,7.4,1,2024-09-27
E00212,E00473,6.2,1,2024-09-27
E00212,E00635,5.9,1,2024-09-27
E00358,E00662,7.4,1,2024-09-27
E00431,E00555,7.8,1,2024-09-27
E00432,E00639,6.1,1,2024-09-27
E00473,E00555,8.3,1,2024-09-27
E00516,E00555,8.4,1,2024-09-27
E00539,E00635,6.1,1,2024-09-27
E00555,E00635,8.7,1,2024-09-27
E00028,E00037,5.8,1,2025-05-21
E00028,E00079,6.5,1,2025-05-21
E00037,E00201,5.7,1,2025-05-21
E00037,E00325,5.6,1,2025-05-21
E00037,E00343,5.9,1,2025-05-21
E00069,E00427,7.8,1,2025-05-21
E00079,E00332,7.6,1,2025-05-21
E00118,E00182,6.3,3,2025-05-21
E00118,E00427,8.0,1,2025-05-21
E00182,E00391,6.5,1,2025-05-21
E00182,E00397,7.0,1,2025-05-21
E00182,E00408,7.1,1,2025-05-21
E00182,E00427,7.2,1,2025-05-21
E00246,E00305,8.4,1,2025-05-21
E00291,E00391,5.9,1,2025-05-21
E00305,E00332,8.2,2,2025-05-21
E00305,E00343,7.7,1,2025-05-21
E00305,E00397,7.3,2,2026-05-30
E00305,E00408,7.9,2,2025-05-21
E00332,E00391,7.7,1,2025-05-21
E00078,E00118,6.9,1,2026-01-05
E00078,E00121,7.0,1,2026-01-05
E00078,E00321,7.1,1,2026-01-05
E00081,E00224,6.5,1,2026-01-05
E00081,E00309,7.0,1,2026-01-05
E00096,E00224,6.5,1,2026-01-05
E00118,E00321,7.2,2,2026-01-05
E00126,E00320,7.0,1,2026-01-05
E00012,E00053,6.4,1,2025-01-12
E00053,E00222,7.2,1,2025-01-12
E00152,E00202,5.5,1,2025-01-12
E00152,E00222,5.5,1,2025-01-12
E00309,E00345,6.9,1,2025-01-12
E00345,E00359,6.8,1,2025-01-12
E00345,E00380,7.2,1,2025-01-12
E00018,E00236,7.6,1,2025-01-04
E00049,E00305,5.9,1,2025-01-04
E00050,E00187,6.7,1,2025-01-04
E00050,E00197,7.5,1,2025-01-04
E00050,E00216,6.5,2,2025-01-04
E00050,E00305,7.8,1,2025-01-04
E00050,E00357,7.3,1,2025-01-04
E00064,E00236,6.6,2,2026-04-03
E00187,E00193,6.7,1,2025-01-04
E00193,E00360,6.3,1,2025-01-04
E00197,E00234,6.5,1,2025-01-04
E00197,E00323,7.6,1,2025-01-04
E00216,E00236,5.8,2,2026-03-23
E00236,E00305,7.8,2,2026-02-27
E00236,E00357,7.6,1,2025-01-04
E00272,E00323,8.7,1,2025-01-04
E00283,E00357,7.5,2,2026-04-01
E00021,E00108,6.9,1,2024-04-18
E00021,E00310,6.3,1,2024-04-18
E00043,E00211,6.6,1,2024-04-18
E00054,E00150,5.6,1,2024-04-18
E00096,E00259,6.6,1,2024-04-18
E00096,E00282,7.0,1,2024-04-18
E00096,E00299,6.2,1,2024-04-18
E00241,E00259,7.0,1,2024-04-18
E00241,E00287,6.5,1,2024-04-18
E00287,E00310,6.5,1,2024-04-18
E00047,E00090,8.1,1,2026-04-04
E00047,E00160,6.3,2,2026-04-04
E00090,E00260,8.3,1,2026-04-04
E00090,E00267,8.8,1,2026-04-04
E00159,E00260,6.1,2,2026-04-04
E00160,E00309,6.4,1,2026-04-04
E00009,E00184,7.5,1,2025-12-09
E00011,E00194,6.9,1,2025-12-09
E00011,E00284,7.5,1,2025-12-09
E00029,E00207,6.0,1,2025-12-09
E00044,E00046,7.4,1,2025-12-09
E00044,E00153,7.9,1,2025-12-09
E00044,E00194,7.4,1,2025-12-09
E00044,E00255,6.3,1,2025-12-09
E00044,E00284,6.7,1,2025-12-09
E00046,E00078,7.6,1,2025-12-09
E00046,E00103,7.6,1,2025-12-09
E00070,E00175,6.7,1,2025-12-09
E00070,E00184,6.8,2,2025-12-09
E00102,E00194,7.0,1,2025-12-09
E00103,E00184,7.4,1,2025-12-09
E00153,E00180,7.1,1,2025-12-09
E00153,E00255,6.4,1,2025-12-09
E00180,E00284,6.0,1,2025-12-09
E00194,E00247,6.7,1,2025-12-09
E00207,E00255,6.2,1,2025-12-09
E00207,E00279,6.2,1,2025-12-09
E00207,E00284,7.2,2,2026-03-11
E00006,E00135,6.4,2,2026-03-08
E00006,E00303,6.6,1,2023-06-24
E00021,E00094,5.5,1,2023-06-24
E00021,E00128,5.5,1,2023-06-24
E00071,E00128,6.5,1,2023-06-24
E00094,E00171,7.8,1,2023-06-24
E00094,E00242,5.8,1,2023-06-24
E00094,E00303,6.3,1,2023-06-24
E00116,E00135,5.8,1,2023-06-24
E00116,E00303,6.6,1,2023-06-24
E00124,E00138,8.8,1,2023-06-24
E00124,E00236,6.9,2,2026-04-12
E00128,E00135,5.5,1,2023-06-24
E00128,E00236,5.7,1,2023-06-24
E00128,E00338,6.2,1,2023-06-24
E00135,E00171,6.8,1,2023-06-24
E00135,E00303,7.0,1,2023-06-24
E00138,E00242,7.1,1,2023-06-24
E00242,E00338,6.4,1,2023-06-24
E00303,E00338,6.9,1,2023-06-24
E00009,E00255,6.6,1,2025-10-09
E00030,E00172,5.8,1,2025-10-09
E00034,E00063,6.7,1,2025-10-09
E00034,E00365,5.5,1,2025-10-09
E00063,E00121,7.5,1,2025-10-09
E00063,E00371,6.7,1,2025-10-09
E00119,E00276,5.5,1,2025-10-09
E00119,E00283,6.2,1,2025-10-09
E00121,E00258,8.0,2,2025-10-09
E00121,E00310,6.8,1,2025-10-09
E00121,E00371,7.3,1,2025-10-09
E00172,E00283,6.1,1,2025-10-09
E00255,E00371,6.7,1,2025-10-09
E00258,E00276,6.8,1,2025-10-09
E00258,E00296,7.2,1,2025-10-09
E00276,E00347,6.0,1,2025-10-09
E00283,E00330,6.0,1,2025-10-09
E00296,E00348,6.4,1,2025-10-09
E00310,E00347,6.1,1,2025-10-09
E00310,E00348,7.3,1,2025-10-09
E00347,E00348,6.6,1,2025-10-09
E00365,E00371,6.5,1,2025-10-09
E00031,E00120,6.3,1,2024-10-15
E00041,E00118,6.3,1,2024-10-15
E00041,E00120,6.1,1,2024-10-15
E00046,E00179,7.9,1,2024-10-15
E00046,E00473,6.5,1,2024-10-15
E00075,E00078,6.6,2,2025-08-10
E00075,E00473,7.5,1,2024-10-15
E00075,E00480,7.1,1,2024-10-15
E00078,E00120,6.6,1,2024-10-15
E00078,E00389,7.5,1,2024-10-15
E00078,E00397,6.8,1,2024-10-15
E00081,E00179,6.9,2,2026-02-02
E00397,E00480,6.8,1,2024-10-15
E00041,E00114,5.6,1,2024-04-20
E00041,E00242,6.5,1,2024-04-20
E00041,E00317,7.5,1,2024-04-20
E00137,E00317,7.7,1,2024-04-20
E00192,E00317,7.3,1,2024-04-20
E00032,E00141,5.7,1,2025-03-22
E00032,E00274,7.6,1,2025-03-22
E00032,E00292,7.4,1,2025-03-22
E00032,E00318,5.7,1,2025-03-22
E00032,E00373,6.0,1,2025-03-22
E00114,E00122,7.9,1,2025-03-22
E00114,E00173,9.0,1,2025-03-22
E00117,E00298,5.5,1,2025-03-22
E00117,E00318,5.5,1,2025-03-22
E00122,E00167,7.5,1,2025-03-22
E00122,E00292,7.2,1,2025-03-22
E00135,E00141,7.9,1,2025-03-22
E00135,E00167,9.0,1,2025-03-22
E00135,E00173,8.9,1,2025-03-22
E00141,E00327,7.2,1,2025-03-22
E00298,E00327,6.6,1,2025-03-22
E00309,E00327,6.8,1,2025-03-22
E00045,E00302,5.7,1,2024-09-26
E00045,E00321,5.8,1,2024-09-26
E00079,E00179,5.5,1,2024-09-26
E00079,E00321,6.2,2,2026-03-11
E00091,E00157,7.2,1,2024-09-26
E00091,E00179,6.6,1,2024-09-26
E00157,E00179,6.1,1,2024-09-26
E00157,E00213,6.7,1,2024-09-26
E00179,E00294,6.1,1,2024-09-26
E00213,E00282,6.7,1,2024-09-26
E00244,E00281,5.5,1,2024-09-26
E00244,E00282,5.9,1,2024-09-26
E00294,E00302,7.1,1,2024-09-26
E00003,E00071,7.5,1,2026-02-13
E00003,E00414,6.6,1,2026-02-13
E00030,E00198,5.5,1,2026-02-13
E00030,E00404,5.5,1,2026-02-13
E00042,E00119,6.8,1,2026-02-13
E00071,E00195,7.5,1,2026-02-13
E00086,E00119,6.3,1,2026-02-13
E00086,E00122,5.6,1,2026-02-13
E00086,E00198,5.9,1,2026-02-13
E00099,E00119,7.9,1,2026-02-13
E00099,E00122,7.1,1,2026-02-13
E00099,E00388,8.1,1,2026-02-13
E00119,E00122,5.8,1,2026-02-13
E00195,E00404,5.9,1,2026-02-13
E00025,E00207,6.6,1,2026-03-27
E00038,E00177,7.4,1,2026-03-27
E00059,E00151,7.1,1,2026-03-27
E00059,E00369,6.5,1,2026-03-27
E00112,E00208,8.0,1,2026-03-27
E00112,E00230,6.7,1,2026-03-27
E00151,E00384,6.3,1,2026-03-27
E00237,E00287,6.6,2,2026-03-27
E00287,E00384,6.4,3,2026-03-27
E00006,E00075,6.4,1,2025-09-13
E00006,E00188,7.7,1,2025-09-13
E00020,E00109,7.0,1,2025-09-13
E00020,E00114,6.6,1,2025-09-13
E00021,E00189,5.9,1,2025-09-13
E00021,E00249,6.3,1,2025-09-13
E00021,E00343,5.9,1,2025-09-13
E00021,E00392,7.4,1,2025-09-13
E00042,E00069,5.5,1,2025-09-13
E00042,E00343,6.9,2,2025-09-13
E00042,E00403,7.1,1,2025-09-13
E00056,E00114,6.8,1,2025-09-13
E00056,E00182,6.7,1,2025-09-13
E00056,E00403,7.9,1,2025-09-13
E00069,E00251,5.6,1,2025-09-13
E00069,E00343,6.3,1,2025-09-13
E00075,E00251,5.9,1,2025-09-13
E00075,E00403,6.7,1,2025-09-13
E00109,E00114,6.6,1,2025-09-13
E00109,E00360,6.3,1,2025-09-13
E00109,E00392,7.9,1,2025-09-13
E00114,E00343,5.8,1,2025-09-13
E00114,E00403,6.7,1,2025-09-13
E00166,E00188,6.9,1,2025-09-13
E00182,E00189,7.0,1,2025-09-13
E00188,E00197,6.8,1,2025-09-13
E00188,E00356,7.6,1,2025-09-13
E00249,E00274,6.1,1,2025-09-13
E00251,E00343,6.2,2,2025-09-13
E00251,E00356,5.8,1,2025-09-13
E00274,E00356,5.7,1,2025-09-13
E00343,E00403,7.6,1,2025-09-13
E00356,E00403,6.9,1,2025-09-13
E00360,E00403,7.3,1,2025-09-13
E00035,E00206,8.4,1,2026-02-24
E00206,E00382,7.9,1,2026-02-24
E00382,E00449,5.9,1,2026-02-24
E00050,E00261,7.8,1,2025-09-07
E00050,E00311,6.4,2,2025-09-07
E00091,E00152,6.8,2,2025-09-07
E00091,E00261,6.7,1,2025-09-07
E00152,E00163,5.5,1,2025-09-07
E00153,E00282,7.3,1,2025-09-07
E00153,E00335,6.5,1,2025-09-07
E00163,E00264,6.3,1,2025-09-07
E00163,E00332,5.5,1,2025-09-07
E00163,E00371,5.7,1,2025-09-07
E00163,E00390,6.0,1,2025-09-07
E00166,E00239,6.2,1,2025-09-07
E00166,E00390,7.0,1,2025-09-07
E00186,E00261,5.7,2,2026-03-24
E00239,E00289,5.5,1,2025-09-07
E00261,E00282,7.0,1,2025-09-07
E00261,E00291,6.3,1,2025-09-07
E00264,E00335,7.0,1,2025-09-07
E00282,E00289,7.1,1,2025-09-07
E00282,E00291,7.4,1,2025-09-07
E00311,E00390,6.5,2,2026-03-25
E00371,E00390,6.1,1,2025-09-07
E00029,E00272,5.6,1,2026-03-13
E00100,E00428,8.6,1,2026-03-13
E00141,E00620,7.8,1,2026-03-13
E00156,E00563,6.3,1,2026-03-13
E00188,E00524,6.1,1,2026-03-13
E00563,E00581,7.0,1,2026-03-13
E00069,E00087,6.9,1,2024-06-26
E00069,E00150,5.8,1,2024-06-26
E00099,E00234,5.6,1,2024-06-26
E00099,E00385,5.9,1,2024-06-26
E00150,E00446,6.7,1,2024-06-26
E00150,E00493,6.4,1,2024-06-26
E00251,E00280,6.8,2,2026-03-16
E00280,E00385,7.0,1,2024-06-26
E00280,E00420,7.0,1,2024-06-26
E00306,E00385,6.8,1,2024-06-26
E00306,E00428,5.9,1,2024-06-26
E00385,E00493,5.9,1,2024-06-26
E00028,E00057,6.5,3,2026-03-12
E00057,E00230,7.0,2,2025-12-25
E00079,E00209,6.3,1,2025-12-25
E00079,E00355,5.6,1,2025-12-25
E00152,E00209,5.6,1,2025-12-25
E00152,E00247,6.0,1,2025-12-25
E00039,E00096,7.5,1,2025-04-29
E00039,E00167,5.5,1,2025-04-29
E00039,E00249,6.3,2,2025-04-29
E00039,E00322,6.0,1,2025-04-29
E00096,E00151,7.1,1,2025-04-29
E00151,E00233,6.0,1,2025-04-29
E00156,E00270,6.0,1,2025-04-29
E00167,E00175,5.5,1,2025-04-29
E00167,E00321,5.7,1,2025-04-29
E00175,E00275,7.4,1,2025-04-29
E00230,E00275,8.9,1,2025-04-29
E00270,E00275,7.4,1,2025-04-29
E00270,E00329,6.2,1,2025-04-29
E00275,E00322,6.4,2,2025-04-29
E00016,E00249,6.2,2,2025-07-26
E00116,E00165,6.4,1,2024-01-19
E00116,E00372,6.5,1,2024-01-19
E00164,E00372,7.3,1,2024-01-19
E00277,E00333,6.4,1,2024-01-19
E00312,E00333,7.8,2,2026-01-25
E00312,E00372,6.9,1,2024-01-19
E00011,E00330,6.3,1,2023-11-19
E00013,E00323,5.5,1,2023-11-19
E00044,E00280,8.2,1,2023-11-19
E00044,E00330,7.0,1,2023-11-19
E00050,E00083,7.4,2,2024-10-07
E00050,E00093,6.8,2,2026-05-19
E00076,E00323,6.0,1,2023-11-19
E00083,E00296,8.5,1,2023-11-19
E00093,E00186,6.1,2,2024-02-19
E00139,E00323,6.5,1,2023-11-19
E00139,E00330,6.1,1,2023-11-19
E00164,E00172,5.5,1,2023-11-19
E00164,E00186,5.7,1,2023-11-19
E00172,E00215,7.2,1,2023-11-19
E00017,E00197,7.0,1,2026-05-15
E00017,E00234,6.1,1,2026-05-15
E00017,E00394,5.5,1,2026-05-15
E00017,E00424,6.1,1,2026-05-15
E00044,E00215,5.9,1,2026-05-15
E00044,E00654,6.7,1,2026-05-15
E00065,E00438,7.2,1,2026-05-15
E00106,E00342,7.1,1,2026-05-15
E00106,E00357,7.3,1,2026-05-15
E00164,E00340,7.7,1,2026-05-15
E00215,E00340,6.5,1,2026-05-15
E00215,E00430,6.6,1,2026-05-15
E00234,E00340,6.7,1,2026-05-15
E00239,E00332,6.1,1,2026-05-15
E00239,E00357,6.4,1,2026-05-15
E00239,E00432,6.7,1,2026-05-15
E00239,E00654,7.4,1,2026-05-15
E00324,E00332,5.9,1,2026-05-15
E00332,E00336,7.5,1,2026-05-15
E00332,E00432,6.5,1,2026-05-15
E00332,E00522,6.4,1,2026-05-15
E00334,E00342,5.8,1,2026-05-15
E00336,E00522,7.9,1,2026-05-15
E00340,E00438,7.2,1,2026-05-15
E00357,E00424,6.5,1,2026-05-15
E00071,E00131,6.4,1,2025-05-23
E00103,E00384,6.1,2,2025-05-23
E00131,E00219,6.0,1,2025-05-23
E00186,E00224,6.0,1,2025-05-23
E00001,E00322,7.0,3,2025-05-25
E00044,E00195,6.9,1,2023-08-12
E00044,E00395,6.6,1,2023-08-12
E00044,E00423,7.5,1,2023-08-12
E00114,E00423,7.4,1,2023-08-12
E00209,E00322,5.9,1,2023-08-12
E00010,E00057,7.8,1,2026-03-12
E00010,E00066,6.5,1,2026-03-12
E00049,E00216,6.2,1,2026-03-12
E00066,E00075,6.4,1,2026-03-12
E00066,E00108,6.9,1,2026-03-12
E00075,E00187,5.9,1,2026-03-12
E00075,E00190,5.9,1,2026-03-12
E00108,E00216,6.0,2,2026-03-12
E00122,E00267,6.4,1,2026-03-12
E00195,E00267,6.9,1,2026-03-12
E00216,E00267,6.5,1,2026-03-12
E00008,E00019,7.3,2,2026-03-16
E00015,E00298,8.0,2,2026-03-16
E00019,E00176,6.7,1,2026-03-16
E00050,E00129,6.4,1,2026-03-16
E00070,E00221,7.8,2,2026-03-16
E00089,E00221,7.1,1,2026-03-16
E00110,E00129,6.2,2,2026-03-16
E00110,E00186,5.9,1,2026-03-16
E00140,E00221,7.4,1,2026-03-16
E00176,E00237,7.5,1,2026-03-16
E00186,E00234,6.7,2,2026-03-20
E00200,E00360,6.9,2,2026-03-16
E00046,E00054,6.7,1,2025-04-13
E00046,E00079,7.6,2,2025-04-13
E00046,E00176,6.6,3,2025-04-13
E00054,E00077,5.9,1,2025-04-13
E00077,E00265,5.5,1,2025-04-13
E00077,E00302,5.7,1,2025-04-13
E00079,E00192,6.1,2,2025-04-13
E00079,E00253,7.5,1,2025-04-13
E00079,E00302,6.2,1,2025-04-13
E00129,E00184,7.7,1,2025-04-13
E00192,E00196,7.3,1,2025-04-13
E00192,E00267,6.2,1,2025-04-13
E00196,E00267,6.5,1,2025-04-13
E00265,E00267,6.1,1,2025-04-13
E00057,E00301,6.7,1,2026-03-31
E00057,E00321,7.1,1,2026-03-31
E00068,E00353,7.1,1,2026-03-31
E00122,E00353,6.2,2,2026-03-31
E00143,E00323,7.8,1,2026-03-31
E00143,E00384,6.5,1,2026-03-31
E00184,E00279,6.4,1,2026-03-31
E00237,E00301,6.9,1,2026-03-31
E00237,E00321,6.2,1,2026-03-31
E00279,E00341,6.6,1,2026-03-31
E00027,E00347,6.4,1,2025-09-07
E00070,E00203,6.4,1,2025-09-07
E00158,E00397,6.7,1,2025-09-07
E00182,E00390,5.5,1,2025-09-07
E00203,E00347,6.1,1,2025-09-07
E00384,E00397,7.1,1,2025-09-07
E00053,E00263,6.2,1,2024-08-19
E00067,E00146,5.9,1,2024-08-19
E00095,E00123,7.6,1,2024-08-19
E00124,E00226,6.4,1,2024-08-19
E00128,E00186,6.4,1,2024-08-19
E00146,E00186,6.6,1,2024-08-19
E00147,E00338,6.8,1,2024-08-19
E00197,E00365,7.6,1,2024-08-19
E00051,E00075,8.2,1,2024-12-27
E00051,E00145,7.4,1,2024-12-27
E00051,E00282,7.4,1,2024-12-27
E00051,E00311,7.3,1,2024-12-27
E00053,E00200,7.7,1,2024-12-27
E00075,E00360,8.6,1,2024-12-27
E00128,E00264,7.0,2,2025-06-30
E00264,E00311,6.6,2,2026-03-27
E00005,E00131,6.2,1,2025-04-12
E00080,E00171,7.0,1,2025-04-12
E00080,E00233,8.0,1,2025-04-12
E00080,E00265,7.3,1,2025-04-12
E00097,E00131,6.8,1,2025-04-12
E00101,E00131,6.7,2,2026-01-10
E00101,E00265,6.4,1,2025-04-12
E00126,E00265,6.7,2,2025-04-12
E00131,E00201,6.2,1,2025-04-12
E00201,E00219,6.4,1,2025-04-12
E00214,E00219,6.1,1,2025-04-12
E00214,E00265,5.5,1,2025-04-12
E00223,E00368,6.0,1,2025-04-12
E00265,E00368,6.0,1,2025-04-12
E00018,E00268,7.2,1,2025-04-28
E00018,E00338,7.0,2,2025-07-26
E00018,E00383,7.7,1,2025-04-28
E00037,E00268,5.7,1,2025-04-28
E00037,E00404,5.5,1,2025-04-28
E00070,E00138,7.3,2,2025-11-04
E00076,E00272,6.5,1,2025-04-28
E00077,E00383,6.7,1,2025-04-28
E00101,E00266,5.7,1,2025-04-28
E00101,E00404,5.8,1,2025-04-28
E00138,E00417,7.8,1,2025-04-28
E00266,E00401,5.7,1,2025-04-28
E00268,E00383,7.2,1,2025-04-28
E00360,E00383,7.2,1,2025-04-28
E00378,E00417,7.6,2,2025-04-28
E00091,E00192,6.3,1,2025-03-05
E00091,E00237,6.6,2,2026-03-24
E00095,E00226,7.6,1,2025-03-05
E00110,E00284,5.8,1,2025-03-05
E00110,E00366,5.5,1,2025-03-05
E00116,E00366,6.4,1,2025-03-05
E00135,E00226,7.1,1,2025-03-05
E00135,E00336,7.2,1,2025-03-05
E00186,E00229,6.5,2,2026-04-23
E00196,E00237,5.8,2,2025-03-05
E00003,E00393,7.4,1,2025-07-05
E00016,E00039,7.7,1,2025-07-05
E00016,E00365,6.7,1,2025-07-05
E00034,E00287,6.4,2,2025-07-05
E00089,E00219,8.2,1,2025-07-05
E00132,E00365,7.1,1,2025-07-05
E00168,E00195,5.9,1,2025-07-05
E00195,E00287,5.5,1,2025-07-05
E00287,E00393,5.8,2,2025-07-05
E00365,E00393,7.0,1,2025-07-05
E00033,E00352,5.5,1,2025-05-30
E00064,E00299,7.8,1,2025-05-30
E00088,E00142,9.0,1,2025-05-30
E00142,E00310,6.1,1,2025-05-30
E00299,E00344,7.5,1,2025-05-30
E00005,E00039,8.9,1,2025-12-16
E00005,E00084,8.2,1,2025-12-16
E00039,E00047,7.9,1,2025-12-16
E00039,E00079,6.4,2,2026-02-19
E00071,E00182,7.2,1,2025-12-16
E00071,E00366,6.9,2,2025-12-16
E00160,E00480,7.6,1,2025-12-16
E00182,E00291,8.3,1,2025-12-16
E00182,E00327,7.6,1,2025-12-16
E00182,E00343,7.6,1,2025-12-16
E00182,E00377,6.6,1,2025-12-16
E00214,E00230,9.2,1,2025-12-16
E00230,E00291,9.6,1,2025-12-16
E00230,E00327,7.7,1,2025-12-16
E00230,E00377,7.8,1,2025-12-16
E00327,E00377,5.9,2,2025-12-16
E00343,E00480,7.4,1,2025-12-16
E00366,E00480,6.5,1,2025-12-16
E00047,E00360,5.5,1,2023-10-28
E00139,E00235,6.6,1,2023-10-28
E00139,E00362,6.7,1,2023-10-28
E00235,E00362,5.9,1,2023-10-28
E00235,E00374,6.1,1,2023-10-28
E00314,E00455,7.0,1,2023-10-28
E00360,E00437,6.1,1,2023-10-28
E00003,E00306,7.2,1,2023-10-17
E00024,E00278,6.3,1,2023-10-17
E00024,E00290,5.7,1,2023-10-17
E00024,E00545,5.5,1,2023-10-17
E00127,E00348,5.7,1,2023-10-17
E00220,E00520,6.3,1,2023-10-17
E00249,E00348,6.1,1,2023-10-17
E00249,E00484,7.9,1,2023-10-17
E00249,E00545,5.5,1,2023-10-17
E00278,E00386,5.9,1,2023-10-17
E00278,E00464,6.3,1,2023-10-17
E00290,E00348,5.8,1,2023-10-17
E00306,E00353,6.4,1,2023-10-17
E00306,E00386,6.7,1,2023-10-17
E00306,E00521,6.4,1,2023-10-17
E00348,E00484,7.5,1,2023-10-17
E00353,E00545,5.8,1,2023-10-17
E00072,E00120,7.3,1,2025-02-22
E00120,E00339,7.2,1,2025-02-22
E00141,E00198,6.8,2,2025-02-22
E00141,E00516,7.4,1,2025-02-22
E00152,E00229,6.5,1,2025-02-22
E00152,E00507,6.4,1,2025-02-22
E00173,E00331,5.5,1,2025-02-22
E00173,E00339,6.1,1,2025-02-22
E00173,E00368,5.5,1,2025-02-22
E00198,E00456,6.4,1,2025-02-22
E00198,E00507,6.3,1,2025-02-22
E00229,E00331,6.4,1,2025-02-22
E00279,E00466,6.1,1,2025-02-22
E00291,E00368,5.5,1,2025-02-22
E00339,E00516,6.7,1,2025-02-22
E00368,E00456,6.3,1,2025-02-22
E00368,E00516,5.8,1,2025-02-22
E00042,E00160,5.8,1,2024-05-26
E00159,E00160,6.8,1,2024-05-26
E00159,E00255,6.6,1,2024-05-26
E00160,E00185,6.6,1,2024-05-26
E00286,E00347,5.5,1,2024-05-26
E00018,E00054,7.6,1,2025-09-12
E00018,E00169,6.8,1,2025-09-12
E00018,E00311,7.2,1,2025-09-12
E00054,E00236,6.1,1,2025-09-12
E00058,E00279,8.5,1,2025-09-12
E00058,E00311,8.6,1,2025-09-12
E00118,E00311,6.8,1,2025-09-12
E00169,E00291,5.8,1,2025-09-12
E00169,E00311,6.7,1,2025-09-12
E00169,E00324,5.8,1,2025-09-12
E00236,E00291,5.5,1,2025-09-12
E00291,E00324,6.2,1,2025-09-12
E00083,E00120,6.2,1,2025-06-26
E00095,E00120,7.9,1,2025-06-26
E00095,E00371,7.6,1,2025-06-26
E00120,E00223,8.2,1,2025-06-26
E00147,E00364,6.9,1,2025-06-26
E00223,E00364,7.4,1,2025-06-26
E00012,E00120,7.0,1,2026-03-15
E00012,E00379,6.7,1,2026-03-15
E00014,E00166,5.7,1,2026-03-15
E00014,E00205,6.7,1,2026-03-15
E00014,E00206,6.7,1,2026-03-15
E00014,E00292,7.2,2,2026-03-15
E00064,E00273,5.5,1,2026-03-15
E00064,E00362,6.8,1,2026-03-15
E00120,E00362,7.7,1,2026-03-15
E00124,E00364,7.2,1,2026-03-15
E00124,E00371,7.3,1,2026-03-15
E00128,E00201,7.4,1,2026-03-15
E00166,E00219,6.0,2,2026-03-15
E00166,E00371,6.8,1,2026-03-15
E00171,E00205,5.9,1,2026-03-15
E00171,E00285,6.9,1,2026-03-15
E00171,E00364,5.8,1,2026-03-15
E00201,E00371,8.0,1,2026-03-15
E00205,E00206,6.9,1,2026-03-15
E00205,E00364,7.1,1,2026-03-15
E00219,E00273,6.0,1,2026-03-15
E00219,E00364,6.0,1,2026-03-15
E00232,E00248,6.6,1,2026-03-15
E00232,E00285,6.6,2,2026-03-15
E00232,E00362,6.2,1,2026-03-15
E00248,E00273,5.7,1,2026-03-15
E00248,E00292,8.2,1,2026-03-15
E00273,E00364,5.9,1,2026-03-15
E00273,E00379,6.9,2,2026-03-15
E00285,E00292,7.5,1,2026-03-15
E00362,E00379,7.6,1,2026-03-15
E00009,E00171,8.0,1,2025-03-12
E00009,E00201,7.2,1,2025-03-12
E00031,E00094,6.9,1,2025-03-12
E00031,E00114,6.0,1,2025-03-12
E00094,E00114,7.2,1,2025-03-12
E00114,E00222,6.2,2,2025-03-12
E00114,E00285,7.5,1,2025-03-12
E00175,E00314,7.2,2,2025-03-12
E00173,E00246,6.2,1,2024-09-21
E00238,E00255,7.6,1,2024-09-21
E00246,E00258,5.8,1,2024-09-21
E00013,E00112,6.5,1,2026-04-04
E00013,E00197,7.1,1,2026-04-04
E00013,E00294,7.1,3,2026-04-04
E00025,E00133,6.0,1,2026-04-04
E00112,E00118,6.5,1,2026-04-04
E00112,E00263,5.8,1,2026-04-04
E00118,E00121,7.6,1,2026-04-04
E00130,E00142,6.1,1,2026-04-04
E00130,E00294,7.1,2,2026-04-04
E00133,E00148,5.5,1,2026-04-04
E00133,E00182,5.7,1,2026-04-04
E00142,E00188,7.7,1,2026-04-04
E00142,E00221,6.7,2,2026-04-04
E00148,E00182,5.5,1,2026-04-04
E00148,E00263,6.1,1,2026-04-04
E00182,E00272,6.2,1,2026-04-04
E00188,E00221,8.2,1,2026-04-04
E00188,E00294,7.3,1,2026-04-04
E00263,E00272,6.2,1,2026-04-04
E00011,E00139,6.4,1,2023-07-01
E00011,E00384,7.1,1,2023-07-01
E00011,E00393,7.5,1,2023-07-01
E00053,E00384,6.6,1,2023-07-01
E00114,E00281,6.4,1,2023-07-01
E00139,E00254,5.9,1,2023-07-01
E00139,E00393,6.6,1,2023-07-01
E00184,E00230,6.2,1,2023-07-01
E00184,E00267,5.9,1,2023-07-01
E00230,E00384,6.3,1,2023-07-01
E00254,E00316,6.6,1,2023-07-01
E00309,E00384,6.7,1,2023-07-01
E00013,E00192,8.0,1,2024-07-22
E00013,E00299,5.6,1,2024-07-22
E00024,E00126,6.8,1,2024-07-22
E00033,E00127,7.8,1,2024-07-22
E00033,E00167,6.8,1,2024-07-22
E00033,E00191,8.1,1,2024-07-22
E00109,E00126,5.8,1,2024-07-22
E00109,E00138,7.6,1,2024-07-22
E00109,E00205,6.1,1,2024-07-22
E00109,E00333,6.0,1,2024-07-22
E00126,E00131,5.9,1,2024-07-22
E00126,E00299,5.8,1,2024-07-22
E00127,E00191,7.8,1,2024-07-22
E00127,E00241,6.3,2,2025-06-12
E00131,E00205,6.9,1,2024-07-22
E00131,E00241,6.8,1,2024-07-22
E00138,E00205,7.7,2,2025-09-27
E00167,E00299,6.0,1,2024-07-22
E00188,E00299,6.6,1,2024-07-22
E00191,E00192,8.2,1,2024-07-22
E00191,E00241,7.9,1,2024-07-22
E00192,E00268,7.4,2,2024-07-22
E00192,E00299,7.0,1,2024-07-22
E00205,E00299,5.6,1,2024-07-22
E00025,E00029,6.1,2,2026-04-22
E00093,E00137,7.1,1,2025-02-24
E00093,E00232,6.8,1,2025-02-24
E00152,E00232,7.7,1,2025-02-24
E00029,E00128,5.5,1,2025-07-27
E00029,E00192,7.6,1,2025-07-27
E00094,E00129,6.4,1,2025-07-27
E00096,E00258,6.7,1,2025-07-27
E00128,E00156,6.3,1,2025-07-27
E00184,E00368,8.5,1,2025-07-27
E00186,E00192,7.9,1,2025-07-27
E00186,E00360,6.8,2,2025-07-27
E00192,E00258,8.5,1,2025-07-27
E00192,E00322,8.9,1,2025-07-27
E00341,E00396,7.2,1,2025-07-27
E00360,E00396,8.4,1,2025-07-27
E00056,E00519,7.9,1,2025-09-02
E00103,E00348,7.3,1,2025-09-02
E00283,E00303,7.4,1,2025-09-02
E00284,E00303,7.6,1,2025-09-02
E00050,E00221,6.9,1,2026-03-29
E00053,E00140,5.5,1,2026-03-29
E00097,E00140,6.8,1,2026-03-29
E00221,E00246,6.4,2,2026-03-29
E00005,E00016,6.5,1,2023-07-24
E00016,E00147,5.9,1,2023-07-24
E00016,E00171,6.7,1,2023-07-24
E00042,E00121,6.9,1,2023-07-24
E00042,E00210,6.7,2,2024-09-19
E00042,E00233,6.7,1,2023-07-24
E00054,E00121,6.9,1,2023-07-24
E00081,E00122,7.3,1,2023-07-24
E00112,E00122,6.3,1,2023-07-24
E00112,E00233,5.9,1,2023-07-24
E00121,E00125,7.6,1,2023-07-24
E00121,E00134,6.2,1,2023-07-24
E00122,E00325,7.1,1,2023-07-24
E00128,E00255,6.9,1,2023-07-24
E00147,E00307,5.5,1,2023-07-24
E00148,E00284,6.4,1,2023-07-24
E00284,E00307,5.6,1,2023-07-24
E00157,E00162,8.2,1,2024-07-05
E00157,E00197,6.5,1,2024-07-05
E00157,E00429,6.6,1,2024-07-05
E00162,E00197,7.5,1,2024-07-05
E00162,E00236,8.8,1,2024-07-05
E00197,E00648,7.2,1,2024-07-05
E00299,E00380,6.5,1,2024-07-05
E00368,E00488,5.9,1,2024-07-05
E00429,E00488,6.8,1,2024-07-05
E00429,E00648,6.7,1,2024-07-05
E00442,E00462,6.3,1,2024-07-05
E00442,E00488,5.8,1,2024-07-05
E00521,E00592,8.0,1,2024-07-05
E00592,E00653,7.1,1,2024-07-05
E00005,E00107,6.9,1,2024-06-25
E00014,E00278,6.1,1,2024-06-25
E00045,E00188,7.2,1,2024-06-25
E00045,E00236,8.1,1,2024-06-25
E00045,E00238,8.6,1,2024-06-25
E00045,E00266,7.9,1,2024-06-25
E00061,E00116,7.6,1,2024-06-25
E00061,E00278,6.8,1,2024-06-25
E00076,E00116,7.1,1,2024-06-25
E00092,E00116,7.0,1,2024-06-25
E00092,E00236,7.0,1,2024-06-25
E00214,E00218,6.4,1,2024-06-25
E00236,E00266,7.0,1,2024-06-25
E00025,E00089,6.0,2,2025-07-17
E00089,E00250,5.5,1,2025-07-17
E00095,E00241,6.5,1,2025-07-17
E00120,E00241,7.4,1,2025-07-17
E00120,E00309,6.8,1,2025-07-17
E00037,E00114,6.1,1,2025-10-04
E00049,E00114,6.8,1,2025-10-04
E00049,E00287,7.0,1,2025-10-04
E00071,E00353,7.0,1,2025-10-04
E00078,E00090,6.1,1,2025-10-04
E00078,E00139,5.7,1,2025-10-04
E00090,E00114,6.5,1,2025-10-04
E00148,E00266,8.9,1,2025-10-04
E00214,E00266,7.1,1,2025-10-04
E00214,E00342,7.6,2,2025-10-04
E00266,E00287,7.8,2,2026-03-29
E00266,E00353,8.6,1,2025-10-04
E00287,E00342,6.7,1,2025-10-04
E00013,E00146,6.2,2,2024-09-30
E00013,E00229,6.8,2,2025-08-10
E00046,E00371,7.0,1,2024-09-30
E00069,E00213,7.7,1,2024-09-30
E00069,E00287,7.0,1,2024-09-30
E00069,E00322,6.8,1,2024-09-30
E00069,E00364,7.2,2,2025-05-02
E00121,E00229,6.6,1,2024-09-30
E00121,E00236,5.6,1,2024-09-30
E00123,E00371,8.0,1,2024-09-30
E00133,E00146,6.1,1,2024-09-30
E00133,E00287,5.8,1,2024-09-30
E00143,E00146,8.0,1,2024-09-30
E00143,E00229,8.5,1,2024-09-30
E00143,E00261,8.1,1,2024-09-30
E00143,E00305,7.6,1,2024-09-30
E00143,E00371,9.2,1,2024-09-30
E00236,E00261,5.5,1,2024-09-30
E00261,E00364,6.7,1,2024-09-30
E00305,E00322,6.1,1,2024-09-30
E00029,E00369,7.7,1,2025-05-17
E00083,E00185,7.7,1,2025-05-17
E00083,E00219,6.7,1,2025-05-17
E00185,E00287,6.9,1,2025-05-17
E00287,E00369,7.0,1,2025-05-17
E00058,E00398,6.0,1,2026-03-17
E00070,E00374,5.9,2,2026-03-17
E00070,E00484,5.6,1,2026-03-17
E00109,E00285,6.5,1,2026-03-17
E00171,E00444,6.4,1,2026-03-17
E00176,E00248,5.7,1,2026-03-17
E00248,E00340,7.0,1,2026-03-17
E00285,E00493,7.2,1,2026-03-17
E00340,E00444,8.1,1,2026-03-17
E00340,E00493,7.5,1,2026-03-17
E00374,E00493,6.1,1,2026-03-17
E00398,E00444,5.5,1,2026-03-17
E00398,E00493,5.7,1,2026-03-17
E00484,E00493,5.8,1,2026-03-17
E00008,E00113,6.3,1,2024-12-22
E00019,E00118,7.1,1,2024-12-22
E00019,E00347,7.7,1,2024-12-22
E00050,E00077,6.6,1,2024-12-22
E00050,E00247,7.6,1,2024-12-22
E00077,E00118,7.3,2,2025-01-01
E00118,E00249,6.2,1,2024-12-22
E00190,E00249,6.3,1,2024-12-22
E00008,E00468,6.2,1,2026-04-30
E00089,E00404,6.1,2,2026-04-30
E00091,E00390,6.6,1,2026-04-30
E00091,E00472,6.5,1,2026-04-30
E00091,E00593,7.0,1,2026-04-30
E00095,E00390,5.5,1,2026-04-30
E00103,E00367,7.5,1,2026-04-30
E00103,E00453,7.5,1,2026-04-30
E00302,E00512,6.6,1,2026-04-30
E00404,E00468,5.7,1,2026-04-30
E00404,E00512,6.4,1,2026-04-30
E00453,E00593,7.1,1,2026-04-30
E00468,E00530,6.2,1,2026-04-30
E00049,E00181,5.7,1,2026-05-06
E00089,E00112,6.7,1,2026-05-06
E00089,E00129,8.6,1,2026-05-06
E00098,E00112,5.8,1,2026-05-06
E00098,E00228,6.1,1,2026-05-06
E00110,E00338,8.5,1,2026-05-06
E00112,E00115,7.3,1,2026-05-06
E00112,E00129,7.9,1,2026-05-06
E00112,E00147,5.5,1,2026-05-06
E00112,E00272,6.0,1,2026-05-06
E00129,E00272,7.7,2,2026-05-06
E00130,E00147,5.5,1,2026-05-06
E00181,E00240,6.7,1,2026-05-06
E00240,E00285,7.8,1,2026-05-06
E00006,E00084,7.1,1,2026-04-06
E00006,E00095,8.0,1,2026-04-06
E00018,E00095,6.7,1,2026-04-06
E00018,E00109,7.1,1,2026-04-06
E00018,E00130,5.6,1,2026-04-06
E00019,E00109,7.5,2,2026-04-06
E00060,E00231,5.7,2,2026-04-06
E00067,E00147,6.2,1,2026-04-06
E00067,E00250,5.6,1,2026-04-06
E00130,E00200,7.2,2,2026-04-06
E00130,E00216,6.1,1,2026-04-06
E00147,E00206,6.8,1,2026-04-06
E00170,E00206,6.7,1,2026-04-06
E00183,E00206,6.7,1,2026-04-06
E00183,E00216,7.1,1,2026-04-06
E00183,E00244,7.0,1,2026-04-06
E00183,E00332,7.0,1,2026-04-06
E00200,E00216,7.8,1,2026-04-06
E00200,E00332,7.3,1,2026-04-06
E00244,E00332,7.1,1,2026-04-06
E00005,E00071,6.1,1,2025-10-07
E00005,E00129,7.7,1,2025-10-07
E00018,E00071,6.2,1,2025-10-07
E00018,E00092,6.8,1,2025-10-07
E00031,E00095,7.8,1,2025-10-07
E00031,E00206,6.8,1,2025-10-07
E00071,E00129,7.4,1,2025-10-07
E00071,E00147,5.9,2,2026-03-18
E00071,E00167,6.1,1,2025-10-07
E00075,E00092,6.9,1,2025-10-07
E00092,E00195,7.3,1,2025-10-07
E00143,E00195,6.9,1,2025-10-07
E00147,E00167,7.6,1,2025-10-07
E00195,E00285,6.6,1,2025-10-07
E00206,E00265,7.6,1,2025-10-07
E00019,E00350,7.1,1,2024-02-23
E00129,E00341,6.7,1,2024-02-23
E00129,E00493,6.3,1,2024-02-23
E00196,E00250,6.4,2,2026-03-18
E00250,E00520,6.2,1,2024-02-23
E00251,E00503,7.4,1,2024-02-23
E00309,E00350,5.8,1,2024-02-23
E00309,E00520,6.3,1,2024-02-23
E00341,E00364,7.4,1,2024-02-23
E00167,E00377,7.6,1,2025-07-21
E00171,E00594,6.7,1,2025-07-21
E00190,E00518,6.9,1,2025-07-21
E00286,E00377,7.6,1,2025-07-21
E00377,E00518,8.6,1,2025-07-21
E00377,E00594,7.2,1,2025-07-21
E00518,E00537,6.8,1,2025-07-21
E00026,E00128,7.0,1,2025-04-30
E00042,E00309,6.4,1,2025-04-30
E00057,E00377,6.5,1,2025-04-30
E00067,E00410,7.3,1,2025-04-30
E00117,E00272,5.8,1,2025-04-30
E00128,E00348,7.1,1,2025-04-30
E00128,E00432,9.5,1,2025-04-30
E00188,E00309,6.6,2,2026-04-04
E00236,E00313,7.2,1,2025-04-30
E00272,E00313,6.7,1,2025-04-30
E00309,E00322,5.5,1,2025-04-30
E00348,E00410,5.8,1,2025-04-30
E00068,E00080,7.7,1,2025-11-27
E00068,E00272,7.8,1,2025-11-27
E00080,E00290,7.8,1,2025-11-27
E00175,E00290,7.0,2,2026-03-03
E00272,E00427,6.4,1,2025-11-27
E00290,E00477,8.5,1,2025-11-27
E00460,E00489,7.2,1,2025-11-27
E00477,E00538,7.5,1,2025-11-27
E00480,E00538,7.0,1,2025-11-27
E00122,E00305,7.0,1,2026-03-11
E00195,E00305,7.1,1,2026-03-11
E00195,E00391,6.5,1,2026-03-11
E00207,E00272,7.5,1,2026-03-11
E00207,E00391,5.9,1,2026-03-11
E00247,E00258,8.2,1,2026-03-11
E00258,E00272,8.3,1,2026-03-11
E00105,E00140,7.5,1,2025-11-06
E00105,E00364,6.7,1,2025-11-06
E00105,E01123,6.2,1,2025-11-06
E00210,E00650,6.3,1,2025-11-06
E00210,E00920,6.8,1,2025-11-06
E00281,E00314,8.1,1,2025-11-06
E00281,E00920,7.6,1,2025-11-06
E00281,E01020,8.8,1,2025-11-06
E00408,E00429,6.9,1,2025-11-06
E00458,E01020,6.8,1,2025-11-06
E00458,E01123,5.8,1,2025-11-06
E00536,E01020,7.3,1,2025-11-06
E00854,E01112,6.4,1,2025-11-06
E01020,E01112,8.2,1,2025-11-06
E01112,E01123,7.1,1,2025-11-06
E00031,E00058,6.0,1,2025-03-11
E00032,E00420,7.9,1,2025-03-11
E00036,E00127,8.1,1,2025-03-11
E00036,E00147,5.5,1,2025-03-11
E00036,E00388,5.8,1,2025-03-11
E00058,E00127,8.3,1,2025-03-11
E00070,E00215,6.2,1,2025-03-11
E00106,E00151,7.4,1,2025-03-11
E00127,E00262,8.1,1,2025-03-11
E00138,E00262,7.1,1,2025-03-11
E00147,E00262,6.4,1,2025-03-11
E00147,E00299,6.3,1,2025-03-11
E00215,E00388,6.3,1,2025-03-11
E00215,E00415,6.6,1,2025-03-11
E00358,E00388,6.8,1,2025-03-11
E00069,E00101,6.0,1,2025-05-16
E00076,E00360,7.2,1,2025-05-16
E00101,E00719,7.4,1,2025-05-16
E00188,E00485,7.0,1,2025-05-16
E00212,E00431,7.8,1,2025-05-16
E00274,E00485,6.9,1,2025-05-16
E00382,E00484,6.9,1,2025-05-16
E00009,E00202,6.0,1,2023-09-20
E00009,E00215,5.5,1,2023-09-20
E00009,E00316,6.7,2,2025-11-20
E00025,E00039,6.4,1,2023-09-20
E00025,E00140,6.3,1,2023-09-20
E00025,E00274,6.7,1,2023-09-20
E00025,E00314,5.9,1,2023-09-20
E00075,E00316,7.6,1,2023-09-20
E00105,E00314,6.1,1,2023-09-20
E00110,E00140,6.3,1,2023-09-20
E00110,E00254,8.3,1,2023-09-20
E00110,E00314,6.1,1,2023-09-20
E00115,E00225,6.8,1,2023-09-20
E00115,E00316,8.0,1,2023-09-20
E00140,E00254,6.8,1,2023-09-20
E00140,E00306,7.2,1,2023-09-20
E00187,E00274,6.6,1,2023-09-20
E00202,E00215,6.0,1,2023-09-20
E00202,E00314,6.5,1,2023-09-20
E00215,E00306,7.1,1,2023-09-20
E00254,E00282,7.7,1,2023-09-20
E00282,E00316,7.3,1,2023-09-20
E00286,E00306,7.3,1,2023-09-20
E00005,E00051,6.9,1,2024-03-19
E00005,E00286,7.4,1,2024-03-19
E00006,E00051,7.5,1,2024-03-19
E00006,E00062,6.8,1,2024-03-19
E00006,E00164,7.8,1,2024-03-19
E00006,E00200,7.5,1,2024-03-19
E00006,E00294,7.4,1,2024-03-19
E00051,E00062,6.0,1,2024-03-19
E00051,E00096,6.4,1,2024-03-19
E00055,E00062,6.6,2,2026-05-06
E00055,E00091,6.7,1,2024-03-19
E00055,E00198,6.6,1,2024-03-19
E00055,E00200,6.7,1,2024-03-19
E00062,E00149,7.1,1,2024-03-19
E00062,E00159,6.2,1,2024-03-19
E00096,E00132,6.5,1,2024-03-19
E00096,E00164,6.5,1,2024-03-19
E00096,E00198,6.6,3,2024-11-02
E00096,E00331,7.2,1,2024-03-19
E00132,E00159,7.5,1,2024-03-19
E00153,E00164,7.2,1,2024-03-19
E00153,E00215,9.1,1,2024-03-19
E00153,E00338,7.1,1,2024-03-19
E00158,E00294,6.7,1,2024-03-19
E00159,E00294,6.7,1,2024-03-19
E00198,E00338,6.9,1,2024-03-19
E00200,E00282,8.6,1,2024-03-19
E00200,E00338,6.5,1,2024-03-19
E00258,E00331,6.5,1,2024-03-19
E00091,E00110,5.9,1,2026-03-11
E00188,E00474,6.0,1,2026-03-11
E00332,E00333,6.1,2,2026-03-11
E00001,E00156,5.5,1,2025-01-13
E00007,E00078,6.5,1,2025-01-13
E00007,E00156,6.1,1,2025-01-13
E00007,E00171,8.4,1,2025-01-13
E00019,E00021,6.5,1,2025-01-13
E00019,E00042,5.7,1,2025-01-13
E00021,E00037,6.8,1,2025-01-13
E00021,E00255,6.6,1,2025-01-13
E00037,E00156,6.9,1,2025-01-13
E00037,E00223,7.8,1,2025-01-13
E00042,E00078,7.7,2,2025-01-13
E00078,E00156,6.0,1,2025-01-13
E00078,E00261,6.4,1,2025-01-13
E00130,E00156,6.3,1,2025-01-13
E00032,E00125,6.9,1,2023-08-26
E00032,E00231,5.8,1,2023-08-26
E00051,E00077,5.5,1,2023-08-26
E00125,E00231,7.3,1,2023-08-26
E00125,E00238,8.5,1,2023-08-26
E00125,E00305,8.0,1,2023-08-26
E00151,E00231,5.6,1,2023-08-26
E00231,E00258,5.5,1,2023-08-26
E00258,E00305,6.7,1,2023-08-26
E00038,E00297,5.7,1,2026-04-03
E00038,E00539,6.0,1,2026-04-03
E00038,E00675,5.5,1,2026-04-03
E00110,E00203,8.9,1,2026-04-03
E00173,E00615,9.8,1,2026-04-03
E00173,E00634,8.6,1,2026-04-03
E00634,E00639,8.3,1,2026-04-03
E00058,E00094,8.4,1,2024-06-09
E00058,E00258,7.3,1,2024-06-09
E00116,E00331,6.7,1,2024-06-09
E00146,E00159,6.5,1,2024-06-09
E00146,E00195,5.6,1,2024-06-09
E00146,E00222,5.9,2,2026-03-25
E00159,E00258,6.7,2,2024-06-09
E00195,E00314,7.1,1,2024-06-09
E00080,E00275,6.2,1,2024-02-08
E00117,E00155,7.1,1,2024-02-08
E00117,E00314,7.5,1,2024-02-08
E00117,E00389,6.8,1,2024-02-08
E00143,E00255,6.5,1,2024-02-08
E00192,E00389,5.7,1,2024-02-08
E00195,E00242,5.5,1,2024-02-08
E00195,E00255,6.8,1,2024-02-08
E00206,E00314,7.2,1,2024-02-08
E00242,E00363,6.6,1,2024-02-08
E00255,E00275,6.2,1,2024-02-08
E00275,E00314,7.4,1,2024-02-08
E00314,E00366,7.9,1,2024-02-08
E00366,E00389,6.9,1,2024-02-08
E00003,E00228,5.5,1,2024-02-29
E00003,E00257,7.1,1,2024-02-29
E00003,E00481,5.7,1,2024-02-29
E00026,E00118,7.0,2,2026-03-29
E00030,E00122,5.5,1,2024-02-29
E00031,E00118,7.7,1,2024-02-29
E00031,E00342,8.0,1,2024-02-29
E00031,E00395,7.5,1,2024-02-29
E00064,E00200,5.7,1,2024-02-29
E00064,E00259,6.6,1,2024-02-29
E00099,E00257,7.4,1,2024-02-29
E00099,E00337,6.8,1,2024-02-29
E00099,E00615,6.5,1,2024-02-29
E00122,E00200,6.0,2,2024-02-29
E00122,E00228,5.8,1,2024-02-29
E00122,E00548,5.5,1,2024-02-29
E00200,E00370,6.4,1,2024-02-29
E00200,E00659,5.8,1,2024-02-29
E00228,E00370,6.0,1,2024-02-29
E00259,E00337,6.5,1,2024-02-29
E00259,E00395,6.2,1,2024-02-29
E00325,E00370,6.9,1,2024-02-29
E00337,E00342,7.5,2,2024-11-18
E00337,E00615,6.5,1,2024-02-29
E00370,E00395,6.3,1,2024-02-29
E00370,E00481,6.3,1,2024-02-29
E00395,E00548,6.1,1,2024-02-29
E00548,E00615,6.6,1,2024-02-29
E00053,E00160,7.9,1,2026-02-28
E00101,E00483,6.0,1,2026-02-28
E00118,E00460,7.1,1,2026-02-28
E00137,E00357,6.4,1,2026-02-28
E00137,E00422,7.9,1,2026-02-28
E00153,E00160,7.1,1,2026-02-28
E00153,E00357,7.8,1,2026-02-28
E00153,E00378,8.0,1,2026-02-28
E00160,E00313,7.7,1,2026-02-28
E00160,E00357,7.1,1,2026-02-28
E00171,E00313,7.3,1,2026-02-28
E00258,E00365,6.7,1,2026-02-28
E00313,E00357,6.9,1,2026-02-28
E00313,E00483,7.6,1,2026-02-28
E00325,E00357,5.9,1,2026-02-28
E00325,E00460,6.9,1,2026-02-28
E00357,E00378,7.6,1,2026-02-28
E00357,E00422,6.8,1,2026-02-28
E00365,E00483,5.8,1,2026-02-28
E00378,E00447,7.6,1,2026-02-28
E00422,E00483,7.4,1,2026-02-28
E00447,E00460,6.7,1,2026-02-28
E00012,E00094,6.8,1,2026-04-03
E00012,E00241,5.6,1,2026-04-03
E00015,E00201,7.2,1,2026-04-03
E00094,E00131,7.4,1,2026-04-03
E00115,E00134,7.0,1,2026-04-03
E00134,E00222,5.6,1,2026-04-03
E00019,E00105,6.0,1,2026-02-20
E00019,E00172,5.5,1,2026-02-20
E00024,E00048,5.5,1,2026-02-20
E00024,E00172,6.8,2,2026-02-20
E00027,E00273,6.1,1,2026-02-20
E00048,E00087,6.7,1,2026-02-20
E00048,E00131,7.0,1,2026-02-20
E00048,E00152,7.2,2,2026-02-20
E00054,E00087,6.6,1,2026-02-20
E00054,E00315,6.4,1,2026-02-20
E00078,E00087,6.7,1,2026-02-20
E00078,E00315,6.0,1,2026-02-20
E00152,E00233,6.2,2,2026-02-20
E00172,E00315,6.0,1,2026-02-20
E00273,E00315,6.1,1,2026-02-20
E00028,E00196,6.1,1,2023-08-29
E00048,E00118,7.7,1,2023-08-29
E00084,E00089,7.9,1,2023-08-29
E00089,E00196,7.0,2,2025-08-28
E00089,E00298,6.4,1,2023-08-29
E00118,E00196,7.5,1,2023-08-29
E00118,E00292,7.5,1,2023-08-29
E00131,E00195,5.5,1,2023-08-29
E00131,E00229,7.0,1,2023-08-29
E00142,E00196,5.9,1,2023-08-29
E00142,E00308,5.8,1,2023-08-29
E00196,E00298,6.5,1,2023-08-29
E00214,E00298,6.1,1,2023-08-29
E00221,E00298,5.6,1,2023-08-29
E00229,E00308,5.7,1,2023-08-29
E00229,E00343,7.8,1,2023-08-29
E00293,E00308,5.6,1,2023-08-29
E00307,E00308,6.0,1,2023-08-29
E00069,E00190,6.6,1,2026-02-27
E00006,E00089,7.2,1,2025-06-16
E00006,E00332,7.2,1,2025-06-16
E00047,E00186,6.5,1,2025-06-16
E00075,E00089,6.4,2,2025-08-28
E00075,E00331,5.5,1,2025-06-16
E00079,E00241,5.9,1,2025-06-16
E00079,E00324,6.0,1,2025-06-16
E00079,E00331,5.5,1,2025-06-16
E00089,E00105,5.6,1,2025-06-16
E00089,E00324,5.6,1,2025-06-16
E00097,E00147,6.4,1,2025-06-16
E00105,E00331,5.5,1,2025-06-16
E00116,E00147,7.6,1,2025-06-16
E00134,E00332,6.5,1,2025-06-16
E00147,E00301,7.0,1,2025-06-16
E00241,E00263,6.1,1,2025-06-16
E00263,E00324,6.3,1,2025-06-16
E00007,E00109,5.6,1,2024-01-16
E00007,E00280,6.0,1,2024-01-16
E00109,E00116,6.5,1,2024-01-16
E00248,E00280,8.3,1,2024-01-16
E00025,E00132,7.2,1,2025-09-02
E00025,E00627,5.5,1,2025-09-02
E00025,E00642,5.9,1,2025-09-02
E00086,E00130,6.6,1,2025-09-02
E00086,E00132,7.1,1,2025-09-02
E00130,E00475,7.6,1,2025-09-02
E00164,E00165,7.0,1,2025-09-02
E00165,E00626,6.6,1,2025-09-02
E00315,E00416,7.1,1,2025-09-02
E00315,E00475,6.4,1,2025-09-02
E00315,E00626,6.9,1,2025-09-02
E00475,E00627,6.2,1,2025-09-02
E00051,E00089,7.6,1,2025-08-25
E00096,E00264,7.1,1,2025-08-25
E00123,E00402,6.9,1,2025-08-25
E00042,E00083,8.0,1,2024-05-03
E00062,E00083,7.4,1,2024-05-03
E00062,E00091,7.4,2,2024-08-29
E00062,E00147,6.2,2,2026-02-27
E00083,E00383,7.8,1,2024-05-03
E00091,E00133,5.5,1,2024-05-03
E00091,E00383,7.0,1,2024-05-03
E00147,E00342,6.5,1,2024-05-03
E00274,E00383,7.7,1,2024-05-03
E00018,E00428,6.5,1,2026-03-26
E00083,E00112,7.9,1,2026-03-26
E00083,E00140,7.8,1,2026-03-26
E00140,E00412,6.9,1,2026-03-26
E00140,E00413,6.5,1,2026-03-26
E00185,E00208,5.9,1,2026-03-26
E00206,E00413,5.6,1,2026-03-26
E00208,E00248,5.9,1,2026-03-26
E00208,E00413,6.9,1,2026-03-26
E00248,E00428,6.1,1,2026-03-26
E00412,E00428,7.4,1,2026-03-26
E00095,E00157,7.5,1,2023-07-08
E00095,E00321,5.5,1,2023-07-08
E00095,E00333,6.6,2,2025-01-13
E00096,E00333,6.3,1,2023-07-08
E00112,E00149,6.9,1,2023-07-08
E00112,E00157,7.7,1,2023-07-08
E00114,E00314,6.7,1,2023-07-08
E00118,E00149,7.9,1,2023-07-08
E00118,E00357,7.7,1,2023-07-08
E00149,E00182,7.2,1,2023-07-08
E00157,E00255,7.8,1,2023-07-08
E00198,E00275,7.5,1,2023-07-08
E00198,E00314,6.8,1,2023-07-08
E00275,E00321,6.5,1,2023-07-08
E00275,E00380,6.3,1,2023-07-08
E00291,E00333,7.5,1,2023-07-08
E00013,E00029,5.5,1,2025-08-10
E00013,E00056,6.2,1,2025-08-10
E00013,E00078,5.8,1,2025-08-10
E00029,E00197,5.5,1,2025-08-10
E00029,E00244,5.8,1,2025-08-10
E00056,E00197,6.2,1,2025-08-10
E00056,E00229,7.7,1,2025-08-10
E00056,E00244,6.0,1,2025-08-10
E00075,E00090,6.8,2,2025-08-10
E00075,E00245,5.5,1,2025-08-10
E00078,E00281,6.1,1,2025-08-10
E00078,E00356,7.0,1,2025-08-10
E00155,E00212,6.6,1,2025-08-10
E00155,E00229,6.6,1,2025-08-10
E00225,E00356,7.6,1,2025-08-10
E00229,E00322,8.0,1,2025-08-10
E00229,E00377,7.0,1,2025-08-10
E00244,E00377,6.8,1,2025-08-10
E00322,E00356,7.9,1,2025-08-10
E00003,E00295,6.7,1,2026-04-04
E00020,E00083,7.3,1,2026-04-04
E00020,E00234,8.2,1,2026-04-04
E00083,E00095,5.8,1,2026-04-04
E00083,E00158,6.6,1,2026-04-04
E00083,E00234,6.2,1,2026-04-04
E00084,E00097,6.3,1,2026-04-04
E00095,E00097,6.3,1,2026-04-04
E00158,E00212,6.8,2,2026-04-04
E00188,E00287,6.8,1,2026-04-04
E00188,E00319,5.9,1,2026-04-04
E00234,E00295,6.9,1,2026-04-04
E00084,E00131,7.1,1,2025-07-07
E00084,E00177,6.8,1,2025-07-07
E00131,E00175,5.9,1,2025-07-07
E00133,E00175,6.0,1,2025-07-07
E00133,E00177,5.5,1,2025-07-07
E00133,E00236,6.9,1,2025-07-07
E00133,E00320,5.8,1,2025-07-07
E00175,E00310,7.7,1,2025-07-07
E00177,E00320,6.7,1,2025-07-07
E00077,E00206,5.8,1,2025-06-25
E00077,E00288,6.0,1,2025-06-25
E00096,E00146,6.6,1,2025-06-25
E00096,E00206,6.4,1,2025-06-25
E00096,E00285,6.5,1,2025-06-25
E00098,E00184,7.4,1,2025-06-25
E00100,E00141,6.7,1,2025-06-25
E00184,E00280,6.5,1,2025-06-25
E00098,E00378,6.0,1,2024-08-13
E00314,E00462,6.3,1,2024-08-13
E00011,E00113,6.7,1,2026-02-23
E00109,E00266,6.4,1,2026-02-23
E00113,E00231,8.1,1,2026-02-23
E00113,E00255,7.8,1,2026-02-23
E00113,E00287,7.9,1,2026-02-23
E00151,E00192,7.6,1,2026-02-23
E00016,E00165,6.0,2,2026-02-20
E00064,E00386,6.5,1,2025-11-17
E00064,E00478,6.2,1,2025-11-17
E00165,E00419,6.4,1,2025-11-17
E00165,E00487,7.2,1,2025-11-17
E00194,E00385,7.2,1,2025-11-17
E00194,E00413,7.5,1,2025-11-17
E00194,E00419,6.7,1,2025-11-17
E00324,E00386,6.4,1,2025-11-17
E00385,E00419,5.8,1,2025-11-17
E00385,E00438,5.6,1,2025-11-17
E00413,E00425,6.9,1,2025-11-17
E00413,E00487,8.1,1,2025-11-17
E00425,E00487,7.4,1,2025-11-17
E00025,E00112,7.5,1,2025-07-22
E00047,E00265,6.9,1,2025-07-22
E00047,E00326,6.8,1,2025-07-22
E00077,E00182,6.6,2,2026-02-25
E00112,E00159,8.1,1,2025-07-22
E00112,E00364,6.3,1,2025-07-22
E00139,E00232,6.2,1,2025-07-22
E00139,E00294,7.2,1,2025-07-22
E00139,E00364,7.1,1,2025-07-22
E00182,E00302,7.9,1,2025-07-22
E00232,E00302,7.6,1,2025-07-22
E00265,E00302,8.7,1,2025-07-22
E00265,E00326,7.3,1,2025-07-22
E00294,E00300,5.5,1,2025-07-22
E00294,E00323,6.6,2,2025-07-22
E00300,E00302,7.0,1,2025-07-22
E00007,E00122,6.8,1,2024-02-28
E00007,E00323,5.9,1,2024-02-28
E00007,E00328,7.0,1,2024-02-28
E00028,E00061,6.6,1,2024-02-28
E00028,E00249,6.8,1,2024-02-28
E00028,E00354,6.4,1,2024-02-28
E00033,E00061,7.7,2,2026-03-24
E00033,E00328,8.5,1,2024-02-28
E00066,E00384,7.3,1,2024-02-28
E00103,E00539,5.6,1,2024-02-28
E00122,E00187,7.8,1,2024-02-28
E00187,E00384,7.6,1,2024-02-28
E00196,E00249,5.5,1,2024-02-28
E00196,E00256,7.3,1,2024-02-28
E00328,E00384,6.4,1,2024-02-28
E00339,E00539,6.9,1,2024-02-28
E00384,E00539,5.9,1,2024-02-28
E00027,E00299,5.5,1,2025-08-11
E00027,E00345,6.2,1,2025-08-11
E00027,E00352,6.1,1,2025-08-11
E00060,E00068,7.2,1,2025-08-11
E00068,E00352,6.9,1,2025-08-11
E00068,E00423,6.3,1,2025-08-11
E00068,E00478,7.1,1,2025-08-11
E00249,E00299,6.8,1,2025-08-11
E00249,E00352,7.0,1,2025-08-11
E00249,E00465,6.4,1,2025-08-11
E00287,E00345,5.5,1,2025-08-11
E00299,E00352,6.0,1,2025-08-11
E00299,E00465,6.2,1,2025-08-11
E00352,E00423,6.7,1,2025-08-11
E00465,E00478,7.1,1,2025-08-11
E00047,E00140,7.4,1,2026-03-09
E00140,E00406,7.4,1,2026-03-09
E00053,E00057,6.3,1,2024-05-06
E00053,E00214,7.7,2,2026-03-27
E00062,E00155,6.5,1,2024-05-06
E00062,E00322,6.3,1,2024-05-06
E00107,E00214,6.4,1,2024-05-06
E00107,E00323,6.2,1,2024-05-06
E00136,E00331,6.0,2,2024-11-02
E00155,E00249,6.0,1,2024-05-06
E00155,E00250,6.3,1,2024-05-06
E00186,E00208,6.7,1,2024-05-06
E00186,E00322,6.5,1,2024-05-06
E00208,E00212,8.9,1,2024-05-06
E00208,E00214,6.1,1,2024-05-06
E00208,E00323,7.0,1,2024-05-06
E00208,E00331,6.5,2,2025-04-28
E00212,E00214,8.5,1,2024-05-06
E00212,E00323,8.9,1,2024-05-06
E00011,E00270,6.8,1,2025-06-30
E00078,E00122,6.9,1,2025-06-30
E00109,E00197,7.3,1,2025-06-30
E00122,E00237,7.6,1,2025-06-30
E00128,E00239,5.6,1,2025-06-30
E00010,E00379,6.1,1,2025-07-06
E00019,E00140,6.2,2,2025-07-06
E00019,E00274,6.0,1,2025-07-06
E00019,E00318,6.4,1,2025-07-06
E00054,E00371,7.7,1,2025-07-06
E00076,E00282,8.0,1,2025-07-06
E00076,E00285,7.6,2,2025-07-06
E00112,E00140,7.4,1,2025-07-06
E00112,E00176,7.8,1,2025-07-06
E00112,E00198,8.2,1,2025-07-06
E00129,E00274,6.5,1,2025-07-06
E00129,E00380,7.5,1,2025-07-06
E00140,E00272,6.5,1,2025-07-06
E00141,E00321,5.9,1,2025-07-06
E00141,E00371,6.8,1,2025-07-06
E00176,E00357,7.1,1,2025-07-06
E00198,E00272,6.7,1,2025-07-06
E00248,E00379,8.5,1,2025-07-06
E00274,E00371,6.2,1,2025-07-06
E00357,E00379,6.2,1,2025-07-06
E00045,E00328,5.5,1,2026-02-22
E00103,E00424,6.1,1,2026-02-22
E00109,E00364,7.2,1,2026-02-22
E00109,E00424,6.3,1,2026-02-22
E00109,E00676,7.1,1,2026-02-22
E00113,E00651,7.4,1,2026-02-22
E00203,E00270,8.6,1,2026-02-22
E00203,E00599,8.4,1,2026-02-22
E00370,E00676,6.7,1,2026-02-22
E00599,E00676,6.5,1,2026-02-22
E00601,E00651,6.4,1,2026-02-22
E00016,E00054,6.4,1,2025-12-04
E00016,E00105,7.7,2,2026-02-26
E00029,E00101,7.4,1,2025-12-04
E00029,E00374,7.7,1,2025-12-04
E00030,E00181,6.2,1,2025-12-04
E00030,E00197,6.6,1,2025-12-04
E00030,E00374,7.7,1,2025-12-04
E00030,E00378,6.1,1,2025-12-04
E00053,E00197,7.2,1,2025-12-04
E00053,E00274,5.9,1,2025-12-04
E00057,E00120,7.4,1,2025-12-04
E00072,E00347,6.9,1,2025-12-04
E00105,E00129,7.3,1,2025-12-04
E00120,E00129,8.0,1,2025-12-04
E00120,E00195,7.0,1,2025-12-04
E00120,E00263,6.5,1,2025-12-04
E00129,E00207,6.3,1,2025-12-04
E00181,E00361,6.6,1,2025-12-04
E00189,E00195,5.5,1,2025-12-04
E00197,E00263,6.6,1,2025-12-04
E00274,E00361,6.3,2,2026-02-20
E00274,E00368,7.2,1,2025-12-04
E00005,E00127,6.9,1,2026-03-11
E00005,E00292,6.0,1,2026-03-11
E00013,E00049,6.4,1,2026-03-11
E00014,E00049,7.4,1,2026-03-11
E00014,E00127,6.3,1,2026-03-11
E00049,E00071,7.2,1,2026-03-11
E00071,E00230,5.6,1,2026-03-11
E00071,E00248,7.3,1,2026-03-11
E00079,E00230,6.1,1,2026-03-11
E00125,E00230,6.3,2,2026-03-11
E00127,E00389,6.8,1,2026-03-11
E00230,E00248,6.4,1,2026-03-11
E00241,E00389,7.9,1,2026-03-11
E00248,E00321,7.2,1,2026-03-11
E00292,E00321,6.2,1,2026-03-11
E00321,E00389,6.7,1,2026-03-11
E00025,E00121,6.7,2,2026-03-28
E00033,E00126,8.0,1,2026-03-28
E00065,E00098,6.0,1,2026-03-28
E00065,E00121,5.8,1,2026-03-28
E00084,E00098,6.9,1,2026-03-28
E00230,E00429,8.2,1,2026-03-28
E00001,E00188,7.4,1,2026-02-23
E00001,E00239,7.8,1,2026-02-23
E00001,E00326,7.0,1,2026-02-23
E00006,E00050,7.2,1,2026-02-23
E00006,E00418,6.6,1,2026-02-23
E00006,E00607,8.6,1,2026-02-23
E00050,E00314,6.5,1,2026-02-23
E00050,E00326,6.6,1,2026-02-23
E00130,E00279,7.2,1,2026-02-23
E00130,E00371,6.8,1,2026-02-23
E00130,E00418,6.7,1,2026-02-23
E00188,E00360,7.7,1,2026-02-23
E00314,E00371,6.6,1,2026-02-23
E00371,E00607,6.9,1,2026-02-23
E00418,E00553,5.7,1,2026-02-23
E00001,E00392,6.8,1,2025-06-12
E00012,E00134,9.0,1,2025-06-12
E00012,E00300,8.7,1,2025-06-12
E00012,E00392,8.7,1,2025-06-12
E00080,E00083,6.2,1,2025-06-12
E00080,E00239,5.5,1,2025-06-12
E00083,E00300,6.9,1,2025-06-12
E00089,E00322,8.3,1,2025-06-12
E00239,E00404,5.5,1,2025-06-12
E00300,E00427,6.2,1,2025-06-12
E00322,E00392,8.8,1,2025-06-12
E00008,E00171,7.2,1,2025-08-28
E00010,E00034,6.5,1,2025-08-28
E00010,E00309,6.5,1,2025-08-28
E00016,E00177,7.1,2,2026-02-26
E00016,E00301,7.2,1,2025-08-28
E00034,E00171,7.7,1,2025-08-28
E00034,E00210,6.4,1,2025-08-28
E00034,E00301,5.5,1,2025-08-28
E00127,E00238,7.3,1,2025-08-28
E00127,E00258,6.9,1,2025-08-28
E00127,E00294,7.6,1,2025-08-28
E00127,E00309,7.6,1,2025-08-28
E00159,E00166,7.0,1,2025-08-28
E00258,E00301,5.9,1,2025-08-28
E00301,E00309,5.7,1,2025-08-28
E00056,E00126,8.5,1,2023-11-21
E00056,E00294,6.7,1,2023-11-21
E00126,E00279,7.0,1,2023-11-21
E00126,E00357,7.5,1,2023-11-21
E00141,E00294,6.0,1,2023-11-21
E00141,E00314,6.0,1,2023-11-21
E00152,E00279,7.2,1,2023-11-21
E00152,E00287,6.8,1,2023-11-21
E00152,E00361,6.8,1,2023-11-21
E00198,E00361,5.9,1,2023-11-21
E00275,E00294,6.1,1,2023-11-21
E00279,E00361,6.3,1,2023-11-21
E00294,E00365,5.5,1,2023-11-21
E00314,E00365,6.1,1,2023-11-21
E00357,E00361,7.1,1,2023-11-21
E00053,E00119,6.0,1,2023-11-29
E00054,E00122,6.0,2,2024-06-29
E00166,E00246,5.5,1,2023-11-29
E00206,E00331,6.1,1,2023-11-29
E00246,E00381,6.9,1,2023-11-29
E00249,E00305,7.6,1,2023-11-29
E00305,E00381,7.4,1,2023-11-29
E00025,E00118,6.4,1,2026-01-30
E00025,E00281,6.1,1,2026-01-30
E00077,E00110,6.6,1,2026-01-30
E00077,E00250,6.9,1,2026-01-30
E00077,E00356,6.7,1,2026-01-30
E00118,E00159,7.3,1,2026-01-30
E00118,E00250,6.0,2,2026-01-30
E00118,E00395,7.1,1,2026-01-30
E00250,E00357,7.4,1,2026-01-30
E00281,E00357,8.1,1,2026-01-30
E00281,E00395,6.9,1,2026-01-30
E00305,E00395,5.5,1,2026-01-30
E00019,E00039,5.7,1,2024-05-09
E00019,E00094,6.8,1,2024-05-09
E00039,E00307,5.5,1,2024-05-09
E00050,E00267,6.3,1,2024-05-09
E00094,E00101,7.6,1,2024-05-09
E00146,E00267,6.1,1,2024-05-09
E00170,E00196,5.5,1,2024-05-09
E00003,E00069,7.8,1,2024-02-26
E00003,E00106,5.7,1,2024-02-26
E00003,E00198,5.6,1,2024-02-26
E00025,E00296,5.9,1,2024-02-26
E00052,E00064,7.9,1,2024-02-26
E00052,E00078,6.9,1,2024-02-26
E00064,E00341,6.9,2,2024-02-26
E00065,E00341,7.2,1,2024-02-26
E00069,E00106,5.9,2,2025-06-02
E00071,E00106,6.4,1,2024-02-26
E00071,E00198,6.8,1,2024-02-26
E00071,E00341,8.4,1,2024-02-26
E00078,E00198,7.0,1,2024-02-26
E00093,E00221,6.3,1,2024-02-26
E00093,E00283,7.0,1,2024-02-26
E00101,E00296,5.6,1,2024-02-26
E00106,E00333,6.6,1,2024-02-26
E00184,E00221,6.9,1,2024-02-26
E00184,E00328,6.0,1,2024-02-26
E00198,E00341,7.3,1,2024-02-26
E00019,E00299,5.5,1,2026-01-15
E00032,E00230,6.6,1,2026-01-15
E00096,E00296,8.7,1,2026-01-15
E00128,E00340,7.4,1,2026-01-15
E00142,E00230,7.2,1,2026-01-15
E00054,E00247,6.1,1,2024-05-07
E00095,E00250,6.8,2,2026-02-28
E00122,E00129,6.3,1,2024-05-07
E00123,E00247,7.6,2,2025-12-16
E00129,E00264,5.7,1,2024-05-07
E00188,E00300,6.0,1,2024-05-07
E00019,E00171,6.1,1,2023-12-31
E00083,E00247,6.3,2,2024-02-02
E00093,E00247,7.2,2,2026-03-11
E00171,E00177,6.1,1,2023-12-31
E00214,E00391,6.7,1,2023-12-31
E00338,E00388,6.2,1,2023-12-31
E00232,E01066,6.7,1,2024-06-29
E00304,E00619,7.0,1,2024-06-29
E00313,E00359,6.1,1,2024-06-29
E00313,E00391,7.6,1,2024-06-29
E00313,E00619,8.3,1,2024-06-29
E00313,E01066,7.0,1,2024-06-29
E00331,E00359,5.6,1,2024-06-29
E00331,E00391,7.2,1,2024-06-29
E00331,E00622,7.9,1,2024-06-29
E00391,E00669,6.1,1,2024-06-29
E00391,E00763,5.9,1,2024-06-29
E00497,E00824,6.9,1,2024-06-29
E00520,E00632,5.7,1,2024-06-29
E00622,E00725,6.7,1,2024-06-29
E00632,E00732,7.4,1,2024-06-29
E00669,E00725,5.6,1,2024-06-29
E00763,E00824,6.4,1,2024-06-29
E00012,E00046,5.7,1,2023-10-17
E00012,E00192,6.2,1,2023-10-17
E00012,E00215,6.6,1,2023-10-17
E00014,E00215,6.6,1,2023-10-17
E00046,E00139,5.5,1,2023-10-17
E00051,E00214,7.0,1,2023-10-17
E00051,E00291,6.7,1,2023-10-17
E00051,E00314,5.9,1,2023-10-17
E00062,E00291,6.9,1,2023-10-17
E00139,E00279,6.5,2,2025-05-07
E00139,E00338,5.7,1,2023-10-17
E00139,E00342,6.2,1,2023-10-17
E00192,E00275,7.2,1,2023-10-17
E00289,E00338,7.1,1,2023-10-17
E00291,E00314,6.4,1,2023-10-17
E00012,E00159,6.9,1,2025-05-02
E00018,E00250,6.7,3,2025-07-25
E00018,E00366,7.4,1,2025-05-02
E00025,E00307,6.6,1,2025-05-02
E00031,E00325,6.5,1,2025-05-02
E00049,E00184,7.1,1,2025-05-02
E00049,E00187,7.3,2,2025-06-12
E00049,E00322,8.4,1,2025-05-02
E00049,E00325,6.4,1,2025-05-02
E00054,E00070,6.6,1,2025-05-02
E00054,E00307,6.5,1,2025-05-02
E00069,E00250,5.5,1,2025-05-02
E00070,E00114,5.7,1,2025-05-02
E00070,E00322,7.6,1,2025-05-02
E00070,E00325,6.3,3,2026-05-19
E00096,E00302,5.9,1,2025-05-02
E00096,E00364,6.3,1,2025-05-02
E00126,E00184,6.2,1,2025-05-02
E00126,E00250,6.4,2,2025-05-02
E00126,E00322,7.3,1,2025-05-02
E00126,E00323,5.6,2,2025-05-02
E00152,E00323,6.8,1,2025-05-02
E00159,E00325,6.9,1,2025-05-02
E00250,E00366,5.9,1,2025-05-02
E00302,E00323,6.3,1,2025-05-02
E00103,E00508,6.8,1,2025-08-20
E00173,E00455,6.7,1,2025-08-20
E00193,E00455,7.2,1,2025-08-20
E00233,E00270,6.4,1,2025-08-20
E00233,E00745,7.0,1,2025-08-20
E00455,E00554,7.7,1,2025-08-20
E00554,E00670,7.2,1,2025-08-20
E00622,E00670,6.2,1,2025-08-20
E00062,E00599,5.5,1,2024-04-24
E00062,E00741,7.0,1,2024-04-24
E00064,E00355,5.6,1,2024-04-24
E00064,E00513,7.1,1,2024-04-24
E00126,E00458,6.7,1,2024-04-24
E00126,E00695,6.9,1,2024-04-24
E00126,E00741,6.8,1,2024-04-24
E00175,E00458,5.6,1,2024-04-24
E00196,E00279,6.5,1,2024-04-24
E00196,E00513,8.6,1,2024-04-24
E00196,E00599,6.9,1,2024-04-24
E00218,E00458,5.9,1,2024-04-24
E00279,E00355,7.3,2,2026-03-25
E00279,E00682,5.5,1,2024-04-24
E00458,E00635,6.1,1,2024-04-24
E00458,E00682,6.1,1,2024-04-24
E00513,E00548,6.4,1,2024-04-24
E00548,E00551,5.5,1,2024-04-24
E00695,E00741,6.4,1,2024-04-24
E00008,E00234,7.0,1,2023-10-18
E00028,E00085,6.7,1,2023-10-18
E00031,E00262,6.3,1,2023-10-18
E00031,E00295,6.9,1,2023-10-18
E00049,E00200,5.9,1,2023-10-18
E00049,E00262,6.2,1,2023-10-18
E00071,E00085,6.7,1,2023-10-18
E00084,E00248,6.3,2,2026-04-12
E00085,E00119,7.9,1,2023-10-18
E00097,E00128,6.3,1,2023-10-18
E00097,E00200,7.3,1,2023-10-18
E00119,E00262,6.8,1,2023-10-18
E00123,E00248,6.1,1,2023-10-18
E00200,E00262,6.2,2,2025-03-10
E00200,E00295,6.2,1,2023-10-18
E00072,E00135,6.3,1,2026-02-27
E00110,E00160,5.8,1,2026-02-27
E00110,E00250,5.8,2,2026-02-27
E00110,E00322,5.5,1,2026-02-27
E00322,E00397,7.2,1,2026-02-27
E00005,E00143,6.2,1,2024-09-24
E00005,E00337,6.8,1,2024-09-24
E00005,E00393,7.5,1,2024-09-24
E00073,E00076,6.7,1,2024-09-24
E00073,E00337,5.7,1,2024-09-24
E00076,E00304,8.0,1,2024-09-24
E00076,E00337,6.6,1,2024-09-24
E00091,E00124,7.3,1,2024-09-24
E00091,E00143,7.4,1,2024-09-24
E00091,E00393,8.0,1,2024-09-24
E00143,E00318,6.3,1,2024-09-24
E00215,E00285,7.1,2,2026-04-07
E00215,E00369,5.5,1,2024-09-24
E00237,E00285,7.5,1,2024-09-24
E00237,E00337,5.5,1,2024-09-24
E00363,E00369,5.7,1,2024-09-24
E00022,E00177,8.2,1,2026-03-24
E00022,E00275,7.4,1,2026-03-24
E00064,E00110,7.4,1,2026-03-24
E00064,E00216,6.1,1,2026-03-24
E00177,E00365,5.9,1,2026-03-24
E00182,E00237,7.4,2,2026-03-24
E00237,E00275,7.0,1,2026-03-24
E00005,E00010,7.9,1,2026-02-22
E00057,E00217,5.5,1,2026-02-22
E00057,E00322,7.6,1,2026-02-22
E00057,E00428,6.0,1,2026-02-22
E00318,E00364,7.3,1,2026-02-22
E00322,E00374,6.6,1,2026-02-22
E00069,E00230,7.1,1,2023-11-30
E00069,E00246,5.9,1,2023-11-30
E00069,E00568,6.3,1,2023-11-30
E00121,E00201,6.0,1,2023-11-30
E00121,E00353,7.0,1,2023-11-30
E00197,E00246,6.2,2,2026-02-23
E00200,E00272,6.6,1,2023-11-30
E00200,E00353,5.7,1,2023-11-30
E00200,E00397,6.7,1,2023-11-30
E00214,E00429,7.0,1,2023-11-30
E00230,E00353,7.5,1,2023-11-30
E00230,E00390,6.5,1,2023-11-30
E00230,E00397,7.6,1,2023-11-30
E00230,E00522,7.1,1,2023-11-30
E00230,E00531,6.8,1,2023-11-30
E00246,E00522,6.5,1,2023-11-30
E00397,E00531,5.9,1,2023-11-30
E00064,E00201,6.1,2,2026-04-03
E00096,E00191,8.7,1,2026-04-03
E00096,E00357,8.2,1,2026-04-03
E00127,E00152,6.6,2,2026-04-23
E00195,E00378,6.7,2,2026-04-03
E00201,E00221,5.5,1,2026-04-03
E00218,E00392,6.4,1,2026-04-03
E00325,E00392,5.9,1,2026-04-03
E00005,E00249,7.3,1,2024-11-12
E00005,E00283,7.2,2,2026-04-27
E00039,E00205,5.8,1,2024-11-12
E00039,E00294,5.5,1,2024-11-12
E00039,E00298,6.8,2,2024-11-12
E00100,E00201,7.5,1,2024-11-12
E00130,E00153,6.5,1,2024-11-12
E00130,E00182,6.6,2,2024-11-12
E00130,E00205,6.2,1,2024-11-12
E00130,E00234,6.7,1,2024-11-12
E00143,E00283,6.2,1,2024-11-12
E00153,E00229,5.9,1,2024-11-12
E00153,E00234,6.0,1,2024-11-12
E00177,E00229,6.6,1,2024-11-12
E00177,E00249,7.1,1,2024-11-12
E00177,E00294,6.5,1,2024-11-12
E00182,E00264,6.8,1,2024-11-12
E00182,E00294,6.2,1,2024-11-12
E00229,E00266,6.0,1,2024-11-12
E00234,E00298,7.3,1,2024-11-12
E00283,E00294,5.5,1,2024-11-12
E00283,E00298,7.1,1,2024-11-12
E00219,E00464,5.9,1,2024-08-07
E00356,E00464,6.1,1,2024-08-07
E00435,E00464,6.2,1,2024-08-07
E00435,E00660,6.8,1,2024-08-07
E00456,E00600,6.1,1,2024-08-07
E00464,E00560,6.6,1,2024-08-07
E00464,E00640,6.3,1,2024-08-07
E00521,E00560,7.0,1,2024-08-07
E00521,E00698,6.9,1,2024-08-07
E00560,E00698,7.8,1,2024-08-07
E00041,E00268,6.6,1,2023-09-30
E00041,E00291,5.5,1,2023-09-30
E00050,E00074,7.2,2,2024-01-06
E00050,E00268,7.3,2,2025-05-07
E00050,E00291,5.5,1,2023-09-30
E00166,E00338,7.7,1,2023-09-30
E00187,E00190,7.3,1,2023-09-30
E00187,E00291,6.5,1,2023-09-30
E00187,E00338,7.1,1,2023-09-30
E00190,E00239,5.6,1,2023-09-30
E00190,E00268,7.2,1,2023-09-30
E00239,E00291,5.6,1,2023-09-30
E00074,E00318,7.1,1,2026-04-19
E00130,E00318,6.8,1,2026-04-19
E00357,E00391,7.0,1,2026-04-19
E00015,E00089,6.8,1,2024-11-18
E00015,E00130,6.7,2,2025-01-30
E00015,E00171,5.9,1,2024-11-18
E00016,E00207,7.0,1,2024-11-18
E00049,E00095,6.5,1,2024-11-18
E00049,E00197,7.2,1,2024-11-18
E00089,E00193,6.5,1,2024-11-18
E00089,E00197,7.4,1,2024-11-18
E00089,E00320,5.6,1,2024-11-18
E00095,E00197,8.3,1,2024-11-18
E00095,E00279,8.0,1,2024-11-18
E00095,E00314,6.7,1,2024-11-18
E00130,E00171,5.9,1,2024-11-18
E00130,E00295,6.4,1,2024-11-18
E00193,E00294,7.3,1,2024-11-18
E00234,E00294,6.4,2,2025-04-28
E00241,E00291,6.8,1,2024-11-18
E00241,E00294,7.1,1,2024-11-18
E00241,E00309,8.0,1,2024-11-18
E00291,E00294,6.7,1,2024-11-18
E00314,E00320,5.9,1,2024-11-18
E00025,E00332,7.5,1,2026-01-10
E00030,E00379,6.1,1,2026-01-10
E00050,E00121,6.7,2,2026-01-10
E00050,E00234,6.5,2,2026-01-10
E00050,E00379,6.6,1,2026-01-10
E00053,E00065,6.0,1,2026-01-10
E00053,E00131,5.6,1,2026-01-10
E00065,E00091,6.4,1,2026-01-10
E00065,E00291,6.3,1,2026-01-10
E00065,E00304,6.1,1,2026-01-10
E00091,E00096,6.6,1,2026-01-10
E00091,E00101,6.4,2,2026-01-10
E00091,E00220,5.6,1,2026-01-10
E00096,E00109,6.5,1,2026-01-10
E00096,E00121,7.5,1,2026-01-10
E00101,E00109,5.5,1,2026-01-10
E00101,E00304,5.5,1,2026-01-10
E00101,E00384,5.5,1,2026-01-10
E00109,E00121,6.0,2,2026-01-10
E00109,E00304,6.5,1,2026-01-10
E00109,E00379,5.5,1,2026-01-10
E00131,E00220,5.5,1,2026-01-10
E00220,E00347,6.2,1,2026-01-10
E00220,E00379,6.1,1,2026-01-10
E00291,E00332,7.6,1,2026-01-10
E00304,E00347,7.4,1,2026-01-10
E00014,E00195,7.3,1,2025-08-10
E00014,E00413,8.9,1,2025-08-10
E00016,E00064,6.7,1,2025-08-10
E00064,E00113,7.6,1,2025-08-10
E00064,E00115,6.5,1,2025-08-10
E00064,E00225,6.9,1,2025-08-10
E00064,E00285,6.3,1,2025-08-10
E00064,E00393,6.6,1,2025-08-10
E00083,E00200,6.0,1,2025-08-10
E00083,E00393,6.1,2,2026-05-30
E00113,E00393,7.1,1,2025-08-10
E00115,E00200,6.1,1,2025-08-10
E00115,E00239,6.7,1,2025-08-10
E00177,E00416,6.4,1,2025-08-10
E00179,E00413,8.0,1,2025-08-10
E00225,E00413,8.9,1,2025-08-10
E00239,E00393,6.6,1,2025-08-10
E00239,E00412,6.5,1,2025-08-10
E00285,E00412,6.6,1,2025-08-10
E00285,E00416,6.2,1,2025-08-10
E00355,E00412,6.0,1,2025-08-10
E00013,E00115,6.8,2,2025-02-20
E00070,E00355,7.5,1,2025-02-20
E00083,E00355,7.0,1,2025-02-20
E00115,E00255,7.8,1,2025-02-20
E00115,E00266,7.6,1,2025-02-20
E00139,E00258,7.1,1,2025-02-20
E00152,E00190,7.2,2,2025-02-20
E00186,E00190,7.4,1,2025-02-20
E00186,E00255,7.3,2,2026-05-10
E00190,E00299,5.8,1,2025-02-20
E00258,E00294,7.6,2,2025-02-20
E00266,E00299,6.4,1,2025-02-20
E00009,E00067,8.2,2,2025-08-09
E00067,E00343,8.2,1,2025-08-09
E00079,E00190,5.5,1,2025-08-09
E00079,E00294,7.4,1,2025-08-09
E00079,E00343,6.3,2,2025-10-09
E00096,E00119,6.2,1,2025-08-09
E00096,E00395,6.5,1,2025-08-09
E00103,E00155,5.8,1,2025-08-09
E00121,E00179,6.4,1,2025-08-09
E00135,E00407,5.5,1,2025-08-09
E00155,E00320,6.6,1,2025-08-09
E00294,E00331,8.8,1,2025-08-09
E00021,E00034,5.7,2,2026-03-02
E00021,E00169,5.8,1,2023-11-13
E00027,E00077,6.1,1,2023-11-13
E00027,E00235,7.5,1,2023-11-13
E00062,E00176,6.1,1,2023-11-13
E00062,E00235,6.4,1,2023-11-13
E00062,E00261,6.0,2,2025-12-07
E00077,E00332,5.7,1,2023-11-13
E00109,E00289,6.9,2,2024-11-18
E00109,E00332,6.8,2,2023-11-13
E00127,E00155,7.9,1,2023-11-13
E00127,E00281,7.8,1,2023-11-13
E00159,E00261,6.5,3,2024-09-30
E00164,E00192,6.7,1,2023-11-13
E00169,E00192,7.1,1,2023-11-13
E00169,E00281,8.1,1,2023-11-13
E00176,E00281,8.1,1,2023-11-13
E00235,E00261,7.5,1,2023-11-13
E00281,E00332,6.5,1,2023-11-13
E00182,E00214,6.9,1,2024-01-23
E00018,E00190,7.0,1,2024-08-07
E00050,E00407,6.7,1,2024-08-07
E00190,E00331,5.9,1,2024-08-07
E00261,E00356,5.9,1,2024-08-07
E00261,E00398,6.3,1,2024-08-07
E00331,E00398,5.5,1,2024-08-07
E00060,E00126,6.2,1,2024-05-04
E00060,E00209,6.5,1,2024-05-04
E00087,E00250,7.5,1,2024-05-04
E00094,E00209,6.6,1,2024-05-04
E00103,E00120,6.5,1,2024-05-04
E00103,E00204,6.1,1,2024-05-04
E00126,E00230,6.3,1,2024-05-04
E00133,E00167,6.0,1,2024-05-04
E00133,E00230,6.4,1,2024-05-04
E00133,E00314,7.7,1,2024-05-04
E00138,E00273,6.8,1,2024-05-04
E00167,E00250,6.7,1,2024-05-04
E00230,E00314,8.1,1,2024-05-04
E00314,E00324,6.7,1,2024-05-04
E00015,E00070,7.2,1,2025-10-04
E00015,E00087,7.0,1,2025-10-04
E00015,E00128,7.1,1,2025-10-04
E00025,E00070,6.2,2,2025-10-04
E00025,E00077,7.0,1,2025-10-04
E00025,E00186,6.4,1,2025-10-04
E00069,E00077,7.0,2,2025-10-04
E00070,E00216,6.5,1,2025-10-04
E00070,E00270,7.6,2,2026-03-27
E00087,E00131,5.9,1,2025-10-04
E00087,E00170,6.8,1,2025-10-04
E00095,E00122,8.4,1,2025-10-04
E00095,E00331,8.3,1,2025-10-04
E00122,E00128,6.8,1,2025-10-04
E00137,E00321,7.0,1,2025-10-04
E00186,E00270,8.3,1,2025-10-04
E00270,E00331,8.4,1,2025-10-04
E00001,E00263,6.3,1,2024-08-04
E00101,E00202,6.2,2,2025-10-26
E00202,E00263,6.1,1,2024-08-04
E00202,E00343,6.1,1,2024-08-04
E00202,E00556,5.8,1,2024-08-04
E00021,E00135,5.7,1,2026-04-07
E00021,E00209,5.6,1,2026-04-07
E00060,E00193,5.8,1,2026-04-07
E00060,E00269,7.1,1,2026-04-07
E00060,E00355,6.4,1,2026-04-07
E00109,E00284,5.5,1,2026-04-07
E00109,E00352,6.1,1,2026-04-07
E00118,E00193,7.0,1,2026-04-07
E00118,E00209,7.2,1,2026-04-07
E00118,E00355,8.1,1,2026-04-07
E00135,E00145,5.7,1,2026-04-07
E00145,E00181,5.7,1,2026-04-07
E00145,E00202,6.6,1,2026-04-07
E00145,E00269,7.2,1,2026-04-07
E00193,E00285,6.4,1,2026-04-07
E00209,E00364,5.5,1,2026-04-07
E00215,E00352,6.5,1,2026-04-07
E00215,E00355,6.8,1,2026-04-07
E00284,E00355,6.4,1,2026-04-07
E00285,E00352,6.8,1,2026-04-07
E00307,E00352,6.7,1,2026-04-07
E00014,E00057,6.3,1,2024-11-21
E00035,E00057,5.5,1,2024-11-21
E00035,E00268,6.8,1,2024-11-21
E00035,E00299,5.5,1,2024-11-21
E00057,E00299,6.0,1,2024-11-21
E00146,E00177,6.8,3,2025-10-09
E00146,E00299,5.5,1,2024-11-21
E00243,E00310,5.5,1,2024-11-21
E00299,E00310,5.9,1,2024-11-21
E00018,E00028,6.7,1,2025-07-26
E00021,E00347,7.4,1,2025-07-26
E00028,E00338,6.3,1,2025-07-26
E00028,E00347,7.1,1,2025-07-26
E00072,E00356,6.0,1,2025-03-15
E00074,E00426,7.7,1,2025-03-15
E00103,E00368,7.5,1,2025-03-15
E00118,E00146,6.4,2,2026-03-25
E00118,E00300,6.2,1,2025-03-15
E00118,E00426,6.5,1,2025-03-15
E00118,E00430,5.7,1,2025-03-15
E00121,E00122,6.0,1,2025-03-15
E00121,E00324,7.4,1,2025-03-15
E00122,E00274,6.5,1,2025-03-15
E00122,E00430,6.4,1,2025-03-15
E00146,E00356,7.1,1,2025-03-15
E00274,E00324,7.2,1,2025-03-15
E00300,E00426,7.2,1,2025-03-15
E00324,E00353,7.0,1,2025-03-15
E00324,E00426,7.3,1,2025-03-15
E00356,E00426,6.6,1,2025-03-15
E00356,E00430,5.5,1,2025-03-15
E00403,E00430,5.8,1,2025-03-15
E00042,E00384,6.0,2,2024-01-02
E00053,E00100,6.8,1,2023-07-04
E00079,E00485,6.6,1,2023-07-04
E00167,E00279,5.5,1,2023-07-04
E00195,E00279,5.5,1,2023-07-04
E00197,E00383,5.6,1,2023-07-04
E00201,E00279,6.0,1,2023-07-04
E00042,E00137,7.8,1,2024-10-26
E00042,E00325,7.0,2,2026-03-23
E00078,E00319,8.1,1,2024-10-26
E00128,E00137,6.0,2,2025-06-02
E00128,E00325,6.9,1,2024-10-26
E00155,E00319,6.6,1,2024-10-26
E00155,E00325,7.0,3,2026-05-19
E00193,E00341,6.6,1,2024-10-26
E00202,E00275,7.0,1,2024-10-26
E00202,E00341,6.0,1,2024-10-26
E00222,E00275,6.4,1,2024-10-26
E00048,E00128,6.8,1,2025-01-17
E00048,E00163,6.6,1,2025-01-17
E00048,E00185,6.3,2,2025-12-21
E00048,E00220,5.8,1,2025-01-17
E00069,E00109,6.3,1,2025-01-17
E00069,E00220,6.0,1,2025-01-17
E00084,E00087,6.8,1,2025-01-17
E00087,E00109,7.0,1,2025-01-17
E00128,E00146,6.8,1,2025-01-17
E00146,E00220,6.1,1,2025-01-17
E00155,E00185,8.0,1,2025-01-17
E00155,E00291,6.9,1,2025-01-17
E00220,E00291,5.5,1,2025-01-17
E00075,E00235,5.9,1,2024-04-06
E00125,E00258,8.3,1,2024-04-06
E00146,E00405,7.6,1,2024-04-06
E00030,E00152,8.5,1,2025-07-01
E00121,E00214,6.2,2,2025-12-22
E00152,E00430,8.2,1,2025-07-01
E00193,E00233,7.8,1,2025-07-01
E00297,E00578,7.1,1,2025-07-01
E00566,E00636,5.5,1,2025-07-01
E00027,E00212,5.9,1,2026-04-09
E00052,E00184,7.5,1,2026-04-09
E00052,E00261,6.4,1,2026-04-09
E00099,E00262,8.1,1,2026-04-09
E00119,E00168,6.1,1,2026-04-09
E00124,E00228,7.2,1,2026-04-09
E00124,E00261,5.9,1,2026-04-09
E00168,E00169,6.0,1,2026-04-09
E00168,E00261,6.2,1,2026-04-09
E00169,E00184,7.7,1,2026-04-09
E00169,E00212,6.6,1,2026-04-09
E00169,E00325,7.1,1,2026-04-09
E00184,E00228,8.1,1,2026-04-09
E00191,E00289,6.6,1,2026-04-09
E00261,E00333,7.0,1,2026-04-09
E00262,E00289,8.6,1,2026-04-09
E00306,E00333,7.1,1,2026-04-09
E00020,E00196,6.1,1,2024-07-10
E00020,E00285,5.5,1,2024-07-10
E00046,E00331,7.6,1,2024-07-10
E00071,E00294,7.5,1,2024-07-10
E00076,E00196,6.6,1,2024-07-10
E00140,E00225,8.3,1,2024-07-10
E00225,E00285,6.3,1,2024-07-10
E00225,E00305,6.7,1,2024-07-10
E00225,E00324,7.9,1,2024-07-10
E00225,E00331,7.7,1,2024-07-10
E00305,E00331,6.5,1,2024-07-10
E00054,E00283,7.5,1,2026-04-01
E00054,E00357,6.9,1,2026-04-01
E00097,E00348,5.5,1,2026-04-01
E00109,E00291,6.8,2,2026-04-01
E00109,E00293,8.0,2,2026-04-01
E00170,E00219,7.2,1,2026-04-01
E00179,E00283,8.0,1,2026-04-01
E00179,E00348,6.5,1,2026-04-01
E00184,E00283,6.6,1,2026-04-01
E00184,E00291,6.3,2,2026-04-01
E00188,E00293,6.8,1,2026-04-01
E00188,E00348,6.5,1,2026-04-01
E00256,E00293,7.4,1,2026-04-01
E00291,E00293,6.5,1,2026-04-01
E00293,E00357,7.2,1,2026-04-01
E00041,E00101,8.4,1,2023-12-17
E00041,E00230,7.5,1,2023-12-17
E00046,E00177,8.9,1,2023-12-17
E00046,E00226,6.3,1,2023-12-17
E00046,E00324,7.1,1,2023-12-17
E00047,E00325,7.5,2,2026-03-04
E00053,E00223,7.5,1,2023-12-17
E00053,E00230,6.9,1,2023-12-17
E00053,E00307,7.8,1,2023-12-17
E00081,E00175,7.3,1,2023-12-17
E00101,E00307,8.5,1,2023-12-17
E00112,E00223,8.2,2,2026-02-18
E00112,E00252,7.7,1,2023-12-17
E00112,E00325,8.1,1,2023-12-17
E00175,E00252,7.4,1,2023-12-17
E00177,E00324,6.9,2,2026-02-19
E00223,E00230,6.2,1,2023-12-17
E00226,E00324,6.0,1,2023-12-17
E00226,E00325,6.7,1,2023-12-17
E00230,E00324,6.4,2,2025-01-14
E00252,E00356,6.7,1,2023-12-17
E00307,E00324,6.6,2,2024-11-09
E00307,E00325,6.9,1,2023-12-17
E00324,E00325,6.9,1,2023-12-17
E00009,E00053,7.3,1,2025-10-05
E00009,E00339,7.1,2,2026-03-30
E00053,E00157,5.9,1,2025-10-05
E00126,E00267,7.1,1,2025-10-05
E00157,E00364,6.0,2,2025-10-05
E00188,E00364,7.3,1,2025-10-05
E00303,E00305,8.0,1,2025-10-05
E00096,E00528,6.1,1,2025-09-07
E00119,E00177,7.3,1,2025-09-07
E00119,E00324,7.3,2,2025-09-07
E00119,E00409,6.9,1,2025-09-07
E00119,E00528,6.7,1,2025-09-07
E00177,E00409,7.0,2,2025-09-07
E00177,E00528,6.3,1,2025-09-07
E00249,E00447,5.9,2,2025-09-07
E00293,E00501,5.8,1,2025-09-07
E00293,E00653,7.1,1,2025-09-07
E00324,E00409,6.6,1,2025-09-07
E00324,E00447,7.0,1,2025-09-07
E00447,E00653,7.0,1,2025-09-07
E00561,E00653,8.2,1,2025-09-07
E00013,E00252,7.3,1,2026-01-31
E00013,E00405,6.3,1,2026-01-31
E00238,E00261,5.9,1,2026-01-31
E00006,E00022,7.2,1,2026-02-11
E00006,E00152,6.6,1,2026-02-11
E00006,E00199,6.1,1,2026-02-11
E00006,E00234,7.1,2,2026-02-11
E00018,E00145,6.8,1,2026-02-11
E00018,E00212,5.9,1,2026-02-11
E00022,E00165,6.7,1,2026-02-11
E00022,E00199,6.9,1,2026-02-11
E00022,E00272,7.0,1,2026-02-11
E00032,E00097,7.7,1,2026-02-11
E00032,E00177,7.8,1,2026-02-11
E00032,E00197,7.8,1,2026-02-11
E00145,E00212,6.3,1,2026-02-11
E00171,E00212,6.6,1,2026-02-11
E00171,E00234,7.3,1,2026-02-11
E00188,E00272,7.5,1,2026-02-11
E00234,E00238,8.5,1,2026-02-11
E00046,E00219,7.5,1,2026-03-21
E00140,E00146,8.0,1,2026-03-21
E00140,E00219,6.3,1,2026-03-21
E00071,E00120,7.7,1,2024-11-19
E00071,E00221,7.3,2,2025-12-31
E00120,E00320,5.9,1,2024-11-19
E00120,E00357,6.2,1,2024-11-19
E00146,E00217,8.1,1,2024-11-19
E00195,E00320,5.9,1,2024-11-19
E00216,E00217,6.6,1,2024-11-19
E00216,E00320,5.8,1,2024-11-19
E00221,E00294,6.4,2,2024-11-19
E00221,E00389,6.4,1,2024-11-19
E00250,E00320,6.0,1,2024-11-19
E00293,E00389,6.2,2,2026-01-10
E00320,E00389,6.2,1,2024-11-19
E00353,E00357,5.5,1,2024-11-19
E00006,E00184,7.4,1,2025-05-06
E00006,E00195,6.3,1,2025-05-06
E00009,E00291,7.2,2,2025-05-06
E00076,E00164,6.2,1,2025-05-06
E00076,E00291,5.9,1,2025-05-06
E00083,E00163,7.6,1,2025-05-06
E00153,E00175,7.1,2,2025-05-06
E00153,E00251,6.7,1,2025-05-06
E00164,E00175,6.5,1,2025-05-06
E00164,E00225,6.6,1,2025-05-06
E00164,E00235,6.3,1,2025-05-06
E00175,E00184,7.1,2,2025-05-06
E00175,E00251,6.8,1,2025-05-06
E00184,E00251,7.8,1,2025-05-06
E00225,E00251,6.6,1,2025-05-06
E00225,E00281,6.2,1,2025-05-06
E00235,E00259,6.1,1,2025-05-06
E00248,E00259,6.9,1,2025-05-06
E00281,E00291,6.4,1,2025-05-06
E00005,E00145,8.0,1,2025-04-14
E00005,E00157,6.8,1,2025-04-14
E00005,E00390,7.2,1,2025-04-14
E00079,E00090,5.7,1,2025-04-14
E00079,E00113,5.7,1,2025-04-14
E00090,E00413,6.4,1,2025-04-14
E00090,E00415,7.0,1,2025-04-14
E00090,E00426,6.3,1,2025-04-14
E00091,E00113,5.5,1,2025-04-14
E00091,E00209,6.5,1,2025-04-14
E00091,E00413,6.3,1,2025-04-14
E00113,E00235,6.6,2,2026-03-29
E00113,E00286,6.8,2,2026-01-02
E00145,E00157,7.4,1,2025-04-14
E00145,E00286,7.6,1,2025-04-14
E00145,E00413,7.8,1,2025-04-14
E00145,E00415,7.6,1,2025-04-14
E00145,E00426,7.9,1,2025-04-14
E00170,E00371,8.1,1,2025-04-14
E00209,E00286,7.7,1,2025-04-14
E00209,E00382,6.2,1,2025-04-14
E00235,E00371,7.1,1,2025-04-14
E00286,E00413,7.8,1,2025-04-14
E00338,E00371,7.8,1,2025-04-14
E00371,E00426,7.2,1,2025-04-14
E00415,E00426,6.7,1,2025-04-14
E00258,E00263,6.3,1,2026-02-21
E00258,E00910,8.2,1,2026-02-21
E00258,E01016,6.6,1,2026-02-21
E00263,E00665,5.5,1,2026-02-21
E00263,E00725,7.0,1,2026-02-21
E00665,E00750,7.3,1,2026-02-21
E00665,E00838,6.6,1,2026-02-21
E00665,E00890,5.7,1,2026-02-21
E00665,E00963,5.9,1,2026-02-21
E00725,E01016,7.3,1,2026-02-21
E00725,E01024,8.3,1,2026-02-21
E00733,E00890,6.5,1,2026-02-21
E00910,E01016,6.7,1,2026-02-21
E00046,E00516,7.3,1,2024-05-27
E00148,E00304,6.4,1,2024-05-27
E00148,E00516,7.6,1,2024-05-27
E00267,E00449,7.4,1,2024-05-27
E00071,E00077,6.0,1,2025-03-04
E00071,E00231,6.9,1,2025-03-04
E00077,E00097,6.8,1,2025-03-04
E00097,E00126,6.9,1,2025-03-04
E00126,E00231,6.6,1,2025-03-04
E00126,E00388,7.1,1,2025-03-04
E00176,E00216,6.1,1,2025-03-04
E00176,E00247,5.5,1,2025-03-04
E00177,E00216,6.7,2,2026-02-26
E00177,E00346,6.4,2,2025-07-25
E00231,E00247,6.0,1,2025-03-04
E00231,E00346,6.5,1,2025-03-04
E00247,E00255,6.0,1,2025-03-04
E00062,E00254,7.2,1,2026-03-18
E00164,E00254,8.2,1,2026-03-18
E00194,E00363,6.9,1,2026-03-18
E00196,E00349,7.8,1,2026-03-18
E00250,E00331,7.9,2,2026-03-18
E00031,E00201,6.7,2,2026-04-10
E00031,E00370,6.2,1,2024-06-02
E00031,E00467,8.6,1,2024-06-02
E00033,E00358,7.8,1,2024-06-02
E00126,E00150,6.0,1,2024-06-02
E00126,E00467,7.9,1,2024-06-02
E00201,E00370,5.7,1,2024-06-02
E00201,E00458,6.2,2,2025-05-18
E00370,E00467,7.5,1,2024-06-02
E00062,E00131,6.2,1,2023-09-28
E00062,E00205,5.8,1,2023-09-28
E00025,E00261,7.9,1,2026-03-30
E00025,E00390,6.7,1,2026-03-30
E00025,E00492,7.5,1,2026-03-30
E00028,E00109,7.2,1,2026-03-30
E00109,E00492,7.9,1,2026-03-30
E00247,E00390,5.6,1,2026-03-30
E00250,E00261,6.9,2,2026-04-23
E00250,E00342,7.5,1,2026-03-30
E00342,E00492,6.3,1,2026-03-30
E00438,E00462,7.3,1,2026-03-30
E00046,E00083,6.1,2,2024-08-11
E00178,E00480,7.9,1,2024-02-02
E00187,E00249,8.0,1,2024-02-02
E00187,E00283,7.7,1,2024-02-02
E00247,E00433,6.0,1,2024-02-02
E00247,E00480,6.1,1,2024-02-02
E00068,E00537,6.9,1,2025-02-02
E00095,E00153,8.0,1,2025-02-02
E00153,E00422,7.9,1,2025-02-02
E00210,E00339,6.3,1,2025-02-02
E00210,E00480,6.7,1,2025-02-02
E00283,E00339,6.8,1,2025-02-02
E00283,E00537,7.6,1,2025-02-02
E00480,E00492,6.5,1,2025-02-02
E00157,E00309,5.9,1,2025-09-03
E00157,E00456,7.3,1,2025-09-03
E00223,E00309,7.3,2,2026-04-23
E00309,E00456,7.0,1,2025-09-03
E00413,E00456,8.3,1,2025-09-03
E00009,E00264,5.8,1,2025-11-14
E00028,E00264,6.1,1,2025-11-14
E00031,E00126,7.2,1,2025-11-14
E00049,E00259,6.1,1,2025-11-14
E00148,E00212,7.8,1,2025-11-14
E00167,E00212,8.0,1,2025-11-14
E00167,E00263,7.2,1,2025-11-14
E00212,E00263,7.6,1,2025-11-14
E00259,E00311,6.3,1,2025-11-14
E00006,E00079,7.3,1,2024-01-03
E00006,E00163,7.1,1,2024-01-03
E00079,E00251,7.7,1,2024-01-03
E00079,E00279,7.8,1,2024-01-03
E00079,E00357,7.0,1,2024-01-03
E00109,E00323,6.4,1,2024-01-03
E00163,E00363,6.5,1,2024-01-03
E00191,E00395,6.7,1,2024-01-03
E00191,E00397,6.3,1,2024-01-03
E00234,E00268,6.1,1,2024-01-03
E00234,E00304,6.7,2,2024-08-27
E00251,E00395,6.5,1,2024-01-03
E00251,E00397,6.4,1,2024-01-03
E00266,E00395,6.3,1,2024-01-03
E00268,E00389,5.7,1,2024-01-03
E00304,E00357,7.2,1,2024-01-03
E00304,E00406,8.4,1,2024-01-03
E00042,E00225,6.9,1,2025-09-19
E00042,E00293,6.3,1,2025-09-19
E00078,E00410,7.7,1,2025-09-19
E00180,E00410,8.3,1,2025-09-19
E00190,E00225,7.0,2,2026-02-22
E00190,E00395,5.8,1,2025-09-19
E00225,E00293,5.8,1,2025-09-19
E00279,E00395,7.1,1,2025-09-19
E00279,E00408,7.2,1,2025-09-19
E00011,E00062,6.0,1,2026-04-16
E00011,E00232,6.2,1,2026-04-16
E00050,E00101,6.7,1,2026-04-16
E00050,E00318,5.8,1,2026-04-16
E00101,E00197,6.2,1,2026-04-16
E00062,E00094,5.7,1,2025-04-20
E00062,E00189,5.9,1,2025-04-20
E00062,E00274,7.8,1,2025-04-20
E00075,E00274,7.1,1,2025-04-20
E00075,E00339,6.8,1,2025-04-20
E00080,E00292,6.0,1,2025-04-20
E00093,E00292,7.9,1,2025-04-20
E00094,E00206,6.2,1,2025-04-20
E00094,E00247,7.0,1,2025-04-20
E00163,E00339,7.3,1,2025-04-20
E00189,E00292,6.1,1,2025-04-20
E00189,E00317,6.2,1,2025-04-20
E00206,E00317,7.0,1,2025-04-20
E00317,E00339,7.1,1,2025-04-20
E00016,E00146,6.3,1,2026-01-08
E00042,E00070,8.6,1,2026-01-08
E00042,E00146,7.3,2,2026-01-08
E00070,E00293,6.8,2,2026-03-28
E00146,E00278,6.9,1,2026-01-08
E00187,E00278,5.5,1,2026-01-08
E00226,E00266,6.9,1,2026-01-08
E00233,E00278,5.5,1,2026-01-08
E00028,E00258,7.2,2,2024-06-29
E00028,E00399,8.0,2,2025-05-09
E00249,E00258,6.2,2,2026-02-26
E00258,E00384,7.0,1,2024-03-03
E00287,E00357,5.5,1,2024-03-03
E00031,E00286,7.0,1,2026-03-10
E00057,E00286,7.2,1,2026-03-10
E00070,E00076,6.7,1,2026-03-10
E00148,E00158,5.8,1,2026-03-10
E00158,E00190,6.7,1,2026-03-10
E00247,E00286,6.4,1,2026-03-10
E00031,E00054,6.9,1,2024-09-30
E00042,E00086,6.6,1,2024-09-30
E00042,E00273,6.1,2,2024-09-30
E00054,E00059,6.7,1,2024-09-30
E00054,E00291,7.8,3,2024-11-07
E00054,E00328,6.4,1,2024-09-30
E00054,E00418,7.6,1,2024-09-30
E00059,E00159,6.2,1,2024-09-30
E00059,E00418,7.5,1,2024-09-30
E00082,E00280,7.7,1,2024-09-30
E00082,E00328,8.0,1,2024-09-30
E00086,E00273,5.5,1,2024-09-30
E00105,E00233,6.7,1,2024-09-30
E00105,E00294,6.2,1,2024-09-30
E00150,E00328,6.9,1,2024-09-30
E00150,E00460,7.5,1,2024-09-30
E00159,E00273,5.5,1,2024-09-30
E00216,E00294,6.5,1,2024-09-30
E00221,E00291,7.2,1,2024-09-30
E00233,E00378,6.6,1,2024-09-30
E00250,E00418,8.2,1,2024-09-30
E00250,E00460,8.6,1,2024-09-30
E00280,E00378,5.5,1,2024-09-30
E00294,E00378,6.6,1,2024-09-30
E00060,E00192,6.9,1,2025-06-25
E00060,E00216,7.3,1,2025-06-25
E00175,E00227,8.5,1,2025-06-25
E00192,E00227,8.2,1,2025-06-25
E00211,E00216,7.7,1,2025-06-25
E00044,E00448,7.8,1,2025-09-26
E00044,E00732,7.2,1,2025-09-26
E00133,E00520,6.0,1,2025-09-26
E00141,E00732,7.0,1,2025-09-26
E00448,E00520,6.6,1,2025-09-26
E00448,E00743,7.7,1,2025-09-26
E00623,E00743,8.6,1,2025-09-26
E00032,E00522,6.5,1,2026-02-27
E00032,E00662,6.6,1,2026-02-27
E00089,E00103,6.0,2,2026-02-27
E00161,E00522,7.8,1,2026-02-27
E00161,E00551,6.5,1,2026-02-27
E00164,E00522,6.3,1,2026-02-27
E00270,E00523,5.8,1,2026-02-27
E00522,E00662,7.6,1,2026-02-27
E00015,E00042,6.8,2,2026-03-23
E00046,E00071,7.3,2,2026-03-23
E00046,E00395,6.7,1,2026-03-23
E00195,E00299,5.6,1,2026-03-23
E00325,E00395,6.5,1,2026-03-23
E00395,E00401,8.3,1,2026-03-23
E00014,E00164,5.5,1,2025-06-02
E00069,E00094,6.0,1,2025-06-02
E00094,E00137,6.0,1,2025-06-02
E00094,E00270,5.5,1,2025-06-02
E00117,E00201,5.9,1,2025-06-02
E00127,E00164,6.6,1,2025-06-02
E00137,E00260,6.2,1,2025-06-02
E00015,E00053,7.5,1,2026-02-23
E00015,E00591,7.8,1,2026-02-23
E00024,E00264,5.5,1,2026-02-23
E00024,E00458,6.1,1,2026-02-23
E00053,E00286,5.5,1,2026-02-23
E00053,E00555,6.7,1,2026-02-23
E00054,E00120,8.6,1,2026-02-23
E00054,E00250,6.8,1,2026-02-23
E00054,E00591,7.8,1,2026-02-23
E00119,E00120,7.5,1,2026-02-23
E00119,E00286,6.8,1,2026-02-23
E00119,E00520,6.9,1,2026-02-23
E00120,E00286,6.9,1,2026-02-23
E00120,E00458,6.7,1,2026-02-23
E00120,E00555,7.4,1,2026-02-23
E00120,E00653,6.5,1,2026-02-23
E00123,E00264,6.0,1,2026-02-23
E00123,E00458,7.3,1,2026-02-23
E00130,E00250,5.8,1,2026-02-23
E00130,E00653,6.2,1,2026-02-23
E00174,E00286,5.8,1,2026-02-23
E00264,E00448,5.8,1,2026-02-23
E00264,E00653,5.5,1,2026-02-23
E00284,E00653,5.5,1,2026-02-23
E00286,E00520,5.5,1,2026-02-23
E00015,E00119,6.3,1,2023-08-11
E00015,E00479,7.1,1,2023-08-11
E00117,E00119,7.1,1,2023-08-11
E00117,E00353,5.5,1,2023-08-11
E00119,E00237,7.1,2,2026-03-30
E00119,E00265,7.0,1,2023-08-11
E00119,E00323,7.9,1,2023-08-11
E00126,E00466,7.3,1,2023-08-11
E00202,E00479,7.0,1,2023-08-11
E00338,E00466,6.7,1,2023-08-11
E00015,E00079,7.4,1,2026-01-31
E00015,E00124,7.1,2,2026-04-12
E00015,E00309,8.0,1,2026-01-31
E00054,E00263,5.5,1,2026-01-31
E00067,E00246,7.7,1,2026-01-31
E00079,E00309,6.4,1,2026-01-31
E00080,E00331,7.6,1,2026-01-31
E00103,E00124,7.4,1,2026-01-31
E00103,E00326,7.8,1,2026-01-31
E00146,E00246,6.3,1,2026-01-31
E00146,E00309,7.1,1,2026-01-31
E00146,E00331,6.2,1,2026-01-31
E00183,E00263,5.6,1,2026-01-31
E00246,E00331,6.8,1,2026-01-31
E00263,E00326,5.9,1,2026-01-31
E00298,E00326,7.8,1,2026-01-31
E00025,E00228,6.4,1,2026-02-19
E00025,E00283,6.4,1,2026-02-19
E00025,E00403,7.2,1,2026-02-19
E00040,E00234,7.8,1,2026-02-19
E00079,E00260,7.4,1,2026-02-19
E00079,E00322,6.1,1,2026-02-19
E00079,E00379,7.1,1,2026-02-19
E00189,E00228,6.1,1,2026-02-19
E00189,E00236,5.9,1,2026-02-19
E00228,E00379,7.1,1,2026-02-19
E00236,E00353,6.7,1,2026-02-19
E00236,E00381,6.3,1,2026-02-19
E00260,E00324,7.5,1,2026-02-19
E00283,E00379,7.2,1,2026-02-19
E00324,E00389,6.1,1,2026-02-19
E00353,E00361,7.6,1,2026-02-19
E00353,E00389,6.2,1,2026-02-19
E00361,E00379,7.8,1,2026-02-19
E00379,E00403,8.6,1,2026-02-19
E00053,E00096,7.0,1,2026-02-27
E00096,E00147,7.3,1,2026-02-27
E00129,E00147,7.0,1,2026-02-27
E00139,E00179,6.8,1,2026-02-27
E00147,E00294,6.3,1,2026-02-27
E00179,E00214,7.7,2,2026-02-27
E00016,E00566,6.2,1,2025-07-26
E00183,E00308,6.8,1,2025-07-26
E00183,E00505,5.9,1,2025-07-26
E00247,E00566,5.9,1,2025-07-26
E00249,E00605,8.8,1,2025-07-26
E00254,E00493,5.5,1,2025-07-26
E00254,E00505,6.5,1,2025-07-26
E00327,E00566,5.9,1,2025-07-26
E00499,E00605,7.6,1,2025-07-26
E00111,E00293,6.5,1,2026-02-24
E00231,E00360,7.6,1,2026-02-24
E00101,E00234,6.6,2,2025-04-20
E00101,E00354,6.5,1,2025-04-20
E00127,E00200,6.5,2,2025-12-22
E00218,E00354,5.5,1,2025-04-20
E00168,E00405,7.7,1,2024-01-28
E00168,E00450,9.1,1,2024-01-28
E00268,E00340,8.4,1,2024-01-28
E00268,E00450,8.2,1,2024-01-28
E00340,E00395,7.7,1,2024-01-28
E00340,E00470,7.7,1,2024-01-28
E00340,E00495,7.7,1,2024-01-28
E00450,E00486,7.0,1,2024-01-28
E00486,E00537,6.6,1,2024-01-28
E00012,E00127,7.4,1,2024-06-12
E00125,E00399,7.6,1,2024-06-12
E00125,E00549,8.1,1,2024-06-12
E00009,E00321,7.0,1,2024-03-01
E00026,E00097,6.6,1,2024-03-01
E00026,E00286,8.1,1,2024-03-01
E00056,E00101,5.9,1,2024-03-01
E00080,E00230,5.8,1,2024-03-01
E00080,E00286,6.9,1,2024-03-01
E00095,E00167,6.3,2,2024-03-01
E00095,E00374,6.6,1,2024-03-01
E00097,E00215,6.6,1,2024-03-01
E00101,E00321,7.2,1,2024-03-01
E00122,E00230,5.5,1,2024-03-01
E00122,E00273,5.6,1,2024-03-01
E00140,E00230,7.0,1,2024-03-01
E00215,E00374,7.2,1,2024-03-01
E00273,E00390,6.2,1,2024-03-01
E00321,E00374,7.4,1,2024-03-01
E00009,E00095,6.6,1,2023-12-15
E00009,E00240,8.2,1,2023-12-15
E00009,E00272,7.0,1,2023-12-15
E00013,E00201,7.5,1,2023-12-15
E00125,E00287,6.2,2,2025-11-20
E00178,E00201,5.7,1,2023-12-15
E00178,E00240,6.2,1,2023-12-15
E00221,E00240,8.2,1,2023-12-15
E00240,E00272,6.9,1,2023-12-15
E00019,E00057,5.5,1,2025-04-15
E00019,E00270,7.1,2,2025-06-12
E00045,E00230,6.8,1,2025-04-15
E00045,E00265,7.8,1,2025-04-15
E00049,E00237,6.7,1,2025-04-15
E00057,E00116,7.1,1,2025-04-15
E00057,E00265,6.4,1,2025-04-15
E00061,E00223,5.5,1,2025-04-15
E00061,E00237,6.9,2,2026-03-24
E00065,E00250,6.0,1,2025-04-15
E00108,E00223,6.0,1,2025-04-15
E00116,E00270,7.3,1,2025-04-15
E00155,E00192,8.5,1,2025-04-15
E00155,E00270,8.3,1,2025-04-15
E00025,E00187,8.3,1,2026-04-05
E00025,E00338,6.8,1,2026-04-05
E00070,E00264,7.7,1,2026-04-05
E00070,E00305,6.5,1,2026-04-05
E00122,E00369,6.4,1,2026-04-05
E00187,E00189,7.2,2,2026-04-21
E00187,E00207,7.4,1,2026-04-05
E00187,E00304,7.1,1,2026-04-05
E00187,E00313,8.0,1,2026-04-05
E00196,E00246,5.8,2,2026-04-05
E00283,E00366,5.5,1,2026-04-05
E00304,E00369,7.0,1,2026-04-05
E00014,E00125,7.0,1,2026-04-04
E00014,E00200,6.6,1,2026-04-04
E00048,E00321,6.1,1,2026-04-04
E00077,E00125,5.7,1,2026-04-04
E00077,E00212,6.2,2,2026-04-04
E00125,E00321,5.6,1,2026-04-04
E00169,E00234,6.0,1,2026-04-04
E00188,E00361,7.6,1,2026-04-04
E00200,E00321,6.2,2,2026-04-04
E00234,E00309,7.5,1,2026-04-04
E00309,E00361,6.7,1,2026-04-04
E00323,E00361,6.0,1,2026-04-04
E00035,E00186,6.1,1,2025-06-03
E00146,E00353,5.6,1,2025-06-03
E00147,E00319,6.1,1,2025-06-03
E00186,E00319,7.1,1,2025-06-03
E00235,E00343,6.8,2,2026-01-07
E00353,E00365,6.0,2,2026-03-08
E00042,E00167,5.5,1,2024-10-19
E00042,E00326,5.9,1,2024-10-19
E00110,E00299,6.4,1,2024-10-19
E00167,E00197,7.2,1,2024-10-19
E00326,E00469,6.1,1,2024-10-19
E00020,E00341,7.5,1,2026-03-21
E00036,E00144,6.7,1,2026-03-21
E00055,E00201,6.6,1,2026-03-21
E00075,E00338,7.5,1,2026-03-21
E00075,E00341,6.8,1,2026-03-21
E00144,E00261,7.1,1,2026-03-21
E00158,E00341,6.8,1,2026-03-21
E00201,E00280,6.3,1,2026-03-21
E00018,E00339,6.3,1,2025-02-08
E00040,E00261,5.5,1,2025-02-08
E00091,E00294,7.1,1,2025-02-08
E00133,E00261,5.5,1,2025-02-08
E00162,E00188,6.1,1,2025-02-08
E00162,E00264,6.1,1,2025-02-08
E00187,E00339,5.9,1,2025-02-08
E00188,E00339,5.5,1,2025-02-08
E00251,E00272,6.5,1,2025-02-08
E00261,E00272,6.8,1,2025-02-08
E00264,E00272,6.8,1,2025-02-08
E00264,E00324,6.7,2,2025-02-08
E00006,E00307,7.6,1,2025-08-12
E00173,E00224,7.2,1,2025-08-12
E00173,E00280,6.2,1,2025-08-12
E00173,E00302,5.6,1,2025-08-12
E00173,E00384,6.2,1,2025-08-12
E00190,E00301,6.8,1,2025-08-12
E00190,E00302,6.4,1,2025-08-12
E00190,E00378,6.2,2,2025-08-12
E00190,E00442,6.5,1,2025-08-12
E00224,E00442,6.6,1,2025-08-12
E00301,E00442,7.1,1,2025-08-12
E00011,E00202,5.5,1,2024-03-28
E00011,E00216,5.5,1,2024-03-28
E00031,E00316,5.6,1,2024-03-28
E00186,E00273,6.9,1,2024-03-28
E00202,E00266,6.6,1,2024-03-28
E00202,E00286,7.0,1,2024-03-28
E00216,E00223,7.0,1,2024-03-28
E00064,E00101,7.0,1,2024-04-07
E00071,E00092,5.8,1,2024-04-07
E00071,E00101,6.1,2,2026-03-28
E00071,E00347,6.2,1,2024-04-07
E00092,E00124,6.3,1,2024-04-07
E00112,E00197,5.5,1,2024-04-07
E00112,E00351,6.9,1,2024-04-07
E00117,E00351,7.1,1,2024-04-07
E00124,E00307,6.1,1,2024-04-07
E00347,E00351,7.5,1,2024-04-07
E00001,E00069,6.3,2,2024-12-08
E00001,E00074,7.9,1,2024-01-06
E00019,E00034,6.4,1,2024-01-06
E00050,E00149,7.6,2,2026-05-19
E00069,E00231,5.9,1,2024-01-06
E00128,E00221,6.6,1,2024-01-06
E00128,E00222,5.6,1,2024-01-06
E00149,E00267,8.0,1,2024-01-06
E00182,E00267,6.4,2,2026-04-02
E00020,E00154,7.7,1,2025-02-28
E00020,E00523,7.0,1,2025-02-28
E00028,E00342,7.7,1,2025-02-28
E00154,E00180,7.1,1,2025-02-28
E00154,E00342,7.2,1,2025-02-28
E00154,E00474,7.3,1,2025-02-28
E00154,E00523,7.0,1,2025-02-28
E00164,E00330,6.9,1,2025-02-28
E00180,E00285,6.4,1,2025-02-28
E00180,E00342,8.0,1,2025-02-28
E00180,E00544,7.3,1,2025-02-28
E00285,E00475,6.6,1,2025-02-28
E00293,E00523,6.6,1,2025-02-28
E00330,E00523,7.8,1,2025-02-28
E00330,E00544,6.8,1,2025-02-28
E00342,E00599,6.5,1,2025-02-28
E00474,E00523,7.5,1,2025-02-28
E00047,E00378,6.9,1,2025-05-10
E00137,E00262,7.1,1,2025-05-10
E00137,E00640,6.8,1,2025-05-10
E00137,E00646,7.0,1,2025-05-10
E00155,E00639,5.8,1,2025-05-10
E00245,E00651,6.1,1,2025-05-10
E00262,E00379,7.3,1,2025-05-10
E00271,E00639,5.5,1,2025-05-10
E00326,E00646,6.6,1,2025-05-10
E00379,E00518,6.0,1,2025-05-10
E00379,E00547,7.0,1,2025-05-10
E00379,E00640,7.4,1,2025-05-10
E00379,E00651,6.5,1,2025-05-10
E00639,E00646,6.6,1,2025-05-10
E00639,E00651,5.5,1,2025-05-10
E00640,E00646,7.3,1,2025-05-10
E00010,E00157,6.3,1,2024-06-12
E00010,E00237,6.2,1,2024-06-12
E00007,E00062,6.4,1,2023-06-21
E00007,E00091,6.2,1,2023-06-21
E00007,E00225,5.6,1,2023-06-21
E00025,E00106,6.6,1,2023-06-21
E00025,E00162,6.4,1,2023-06-21
E00025,E00233,5.7,1,2023-06-21
E00050,E00233,6.9,2,2025-05-07
E00062,E00225,6.0,1,2023-06-21
E00062,E00240,6.3,1,2023-06-21
E00094,E00162,7.2,1,2023-06-21
E00106,E00240,6.8,1,2023-06-21
E00131,E00146,8.0,1,2023-06-21
E00147,E00162,6.6,1,2023-06-21
E00233,E00264,7.6,1,2023-06-21
E00052,E00351,6.8,1,2023-09-28
E00057,E00239,5.5,1,2023-09-28
E00057,E00258,7.0,1,2023-09-28
E00076,E00356,7.1,2,2024-01-14
E00076,E00377,6.5,1,2023-09-28
E00096,E00234,7.0,2,2024-02-25
E00110,E00258,7.0,1,2023-09-28
E00110,E00359,6.7,3,2024-07-15
E00110,E00377,6.6,1,2023-09-28
E00234,E00239,6.5,1,2023-09-28
E00234,E00380,5.6,1,2023-09-28
E00356,E00377,6.4,2,2024-12-08
E00013,E00083,6.2,1,2024-02-19
E00013,E00184,7.5,1,2024-02-19
E00063,E00261,8.2,1,2024-02-19
E00063,E00323,6.3,1,2024-02-19
E00064,E00083,6.5,1,2024-02-19
E00064,E00159,6.9,1,2024-02-19
E00064,E00184,7.2,2,2025-05-25
E00064,E00323,7.0,1,2024-02-19
E00159,E00323,6.2,1,2024-02-19
E00184,E00261,9.0,1,2024-02-19
E00184,E00324,7.1,1,2024-02-19
E00186,E00218,6.1,1,2024-02-19
E00216,E00218,5.5,1,2024-02-19
E00247,E00276,6.9,1,2024-02-19
E00261,E00276,8.1,1,2024-02-19
E00064,E00109,7.9,1,2025-04-28
E00064,E00230,7.2,1,2025-04-28
E00077,E00311,6.4,1,2025-04-28
E00077,E00362,5.5,1,2025-04-28
E00121,E00311,7.9,1,2025-04-28
E00127,E00159,8.4,1,2025-04-28
E00127,E00311,6.7,1,2025-04-28
E00159,E00311,7.0,2,2026-02-26
E00183,E00230,7.3,1,2025-04-28
E00183,E00287,5.9,1,2025-04-28
E00183,E00377,6.5,1,2025-04-28
E00184,E00248,7.7,1,2025-04-28
E00201,E00360,5.5,1,2025-04-28
E00225,E00322,5.5,1,2025-04-28
E00225,E00362,5.5,1,2025-04-28
E00248,E00322,6.1,1,2025-04-28
E00248,E00356,6.4,1,2025-04-28
E00009,E00109,6.0,2,2025-10-09
E00009,E00224,7.2,1,2025-10-09
E00016,E00224,6.9,1,2025-10-09
E00046,E00074,6.2,1,2025-10-09
E00074,E00079,5.8,2,2025-10-09
E00074,E00175,5.8,1,2025-10-09
E00074,E00200,6.2,1,2025-10-09
E00077,E00261,6.0,1,2025-10-09
E00081,E00183,6.7,1,2025-10-09
E00109,E00236,6.6,2,2025-12-05
E00142,E00236,7.0,1,2025-10-09
E00177,E00380,7.7,1,2025-10-09
E00183,E00380,7.6,1,2025-10-09
E00031,E00088,6.9,1,2024-11-02
E00031,E00203,6.7,1,2024-11-02
E00039,E00071,7.7,1,2024-11-02
E00071,E00088,7.5,1,2024-11-02
E00088,E00103,6.7,1,2024-11-02
E00103,E00180,6.7,1,2024-11-02
E00103,E00257,5.5,1,2024-11-02
E00136,E00164,6.5,1,2024-11-02
E00164,E00180,6.7,1,2024-11-02
E00164,E00257,6.1,2,2025-02-28
E00164,E00259,6.9,1,2024-11-02
E00203,E00329,6.4,1,2024-11-02
E00274,E00296,7.4,1,2024-11-02
E00296,E00329,6.0,1,2024-11-02
E00011,E00078,6.6,1,2024-11-09
E00011,E00131,5.5,1,2024-11-09
E00078,E00129,6.0,1,2024-11-09
E00078,E00287,7.4,1,2024-11-09
E00090,E00129,5.5,1,2024-11-09
E00090,E00131,5.7,1,2024-11-09
E00100,E00237,5.9,1,2024-11-09
E00100,E00342,6.7,1,2024-11-09
E00131,E00167,5.9,2,2025-02-17
E00131,E00177,6.5,2,2024-11-09
E00131,E00197,6.4,1,2024-11-09
E00131,E00210,6.3,1,2024-11-09
E00189,E00210,6.2,1,2024-11-09
E00189,E00313,6.2,1,2024-11-09
E00237,E00342,7.0,1,2024-11-09
E00313,E00342,7.9,1,2024-11-09
E00050,E00236,6.7,1,2024-01-17
E00171,E00175,8.1,1,2024-01-17
E00175,E00404,5.8,1,2024-01-17
E00196,E00236,8.0,1,2024-01-17
E00207,E00389,8.6,1,2024-01-17
E00054,E00316,7.1,2,2025-01-09
E00057,E00316,5.5,1,2025-01-09
E00058,E00318,7.0,1,2025-01-09
E00058,E00395,6.9,1,2025-01-09
E00148,E00287,6.2,1,2025-01-09
E00187,E00318,6.4,1,2025-01-09
E00225,E00301,5.8,1,2025-01-09
E00270,E00274,7.1,1,2025-01-09
E00270,E00395,5.9,1,2025-01-09
E00294,E00395,5.7,1,2025-01-09
E00316,E00395,6.4,1,2025-01-09
E00041,E00272,7.3,1,2026-04-02
E00041,E00311,6.3,2,2026-04-02
E00047,E00058,9.2,1,2026-04-02
E00055,E00094,7.0,1,2026-04-02
E00055,E00207,6.7,1,2026-04-02
E00267,E00272,7.3,1,2026-04-02
E00280,E00311,6.8,1,2026-04-02
E00077,E00371,6.1,2,2026-03-08
E00100,E00205,5.6,1,2024-07-26
E00100,E00370,6.5,1,2024-07-26
E00109,E00370,5.5,1,2024-07-26
E00121,E00195,6.5,1,2024-07-26
E00121,E00260,5.5,1,2024-07-26
E00190,E00371,7.4,1,2024-07-26
E00019,E00196,6.6,1,2024-07-15
E00019,E00265,5.5,1,2024-07-15
E00078,E00371,7.2,1,2024-07-15
E00195,E00196,7.1,2,2026-04-01
E00196,E00371,7.4,2,2025-06-03
E00265,E00380,6.3,1,2024-07-15
E00008,E00156,7.0,1,2026-02-24
E00008,E00172,6.5,1,2026-02-24
E00008,E00268,6.6,1,2026-02-24
E00008,E00369,7.0,1,2026-02-24
E00070,E00165,8.1,1,2026-02-24
E00086,E00353,5.7,2,2026-02-24
E00086,E00363,6.9,1,2026-02-24
E00086,E00496,5.5,1,2026-02-24
E00133,E00165,8.5,1,2026-02-24
E00133,E00345,6.1,1,2026-02-24
E00133,E00474,6.2,1,2026-02-24
E00156,E00274,6.5,1,2026-02-24
E00172,E00349,5.5,1,2026-02-24
E00172,E00432,6.5,1,2026-02-24
E00178,E00349,6.0,1,2026-02-24
E00178,E00474,6.0,1,2026-02-24
E00208,E00369,6.2,1,2026-02-24
E00268,E00353,5.5,1,2026-02-24
E00268,E00363,5.8,1,2026-02-24
E00274,E00353,5.9,1,2026-02-24
E00274,E00432,6.9,1,2026-02-24
E00345,E00453,6.8,1,2026-02-24
E00345,E00454,6.0,1,2026-02-24
E00363,E00474,6.4,1,2026-02-24
E00432,E00454,5.8,1,2026-02-24
E00432,E00474,5.9,1,2026-02-24
E00006,E00166,6.8,1,2025-12-16
E00007,E00079,6.3,1,2025-12-16
E00007,E00153,6.0,1,2025-12-16
E00014,E00261,7.5,1,2025-12-16
E00025,E00079,7.1,1,2025-12-16
E00025,E00123,5.8,1,2025-12-16
E00025,E00166,5.9,1,2025-12-16
E00076,E00233,6.6,1,2025-12-16
E00079,E00139,8.6,1,2025-12-16
E00115,E00233,7.0,1,2025-12-16
E00115,E00248,5.7,1,2025-12-16
E00123,E00261,7.8,1,2025-12-16
E00166,E00261,7.2,1,2025-12-16
E00167,E00183,5.6,1,2025-12-16
E00167,E00261,6.8,1,2025-12-16
E00233,E00248,6.8,1,2025-12-16
E00084,E00185,7.4,1,2024-05-18
E00097,E00249,6.1,2,2024-05-18
E00185,E00200,7.5,1,2024-05-18
E00185,E00249,6.5,1,2024-05-18
E00200,E00249,6.9,1,2024-05-18
E00200,E00357,7.5,1,2024-05-18
E00249,E00363,6.1,2,2024-11-14
E00012,E00103,6.4,1,2025-04-09
E00012,E00207,5.7,1,2025-04-09
E00012,E00250,7.0,1,2025-04-09
E00018,E00096,7.7,2,2025-05-31
E00078,E00103,6.1,1,2025-04-09
E00083,E00207,5.9,1,2025-04-09
E00083,E00250,6.1,1,2025-04-09
E00083,E00332,6.1,1,2025-04-09
E00096,E00253,6.4,1,2025-04-09
E00103,E00253,7.3,1,2025-04-09
E00118,E00122,6.0,1,2025-04-09
E00118,E00293,5.5,1,2025-04-09
E00122,E00287,5.8,1,2025-04-09
E00122,E00332,6.0,1,2025-04-09
E00177,E00250,7.4,1,2025-04-09
E00207,E00210,7.0,1,2025-04-09
E00210,E00253,6.8,1,2025-04-09
E00250,E00253,7.4,1,2025-04-09
E00287,E00293,6.2,1,2025-04-09
E00017,E00098,5.9,1,2025-08-04
E00018,E00235,8.6,1,2025-08-04
E00018,E00258,7.8,1,2025-08-04
E00070,E00255,7.4,1,2025-08-04
E00089,E00255,8.3,1,2025-08-04
E00236,E00258,6.9,2,2025-08-04
E00022,E00092,5.8,2,2025-01-13
E00026,E00175,8.2,1,2024-05-13
E00068,E00332,5.9,1,2024-05-13
E00092,E00169,8.8,1,2024-05-13
E00092,E00332,7.1,1,2024-05-13
E00169,E00280,7.8,1,2024-05-13
E00175,E00244,8.1,1,2024-05-13
E00021,E00028,7.3,1,2023-07-27
E00021,E00284,6.8,1,2023-07-27
E00124,E00368,6.6,1,2023-07-27
E00166,E00358,6.4,2,2025-04-05
E00166,E00368,6.2,1,2023-07-27
E00230,E00284,6.7,1,2023-07-27
E00251,E00368,8.2,1,2023-07-27
E00255,E00338,9.0,1,2023-07-27
E00284,E00368,7.5,1,2023-07-27
E00343,E00358,5.5,1,2023-07-27
E00368,E00421,7.0,1,2023-07-27
E00063,E00112,6.7,1,2024-06-30
E00112,E00529,7.1,1,2024-06-30
E00112,E00629,7.1,1,2024-06-30
E00153,E00292,8.0,1,2024-06-30
E00153,E00529,6.0,1,2024-06-30
E00292,E00414,8.2,1,2024-06-30
E00292,E00574,7.3,1,2024-06-30
E00414,E00651,8.3,1,2024-06-30
E00414,E00856,8.1,1,2024-06-30
E00503,E00610,6.9,1,2024-06-30
E00503,E00889,6.9,1,2024-06-30
E00574,E00610,6.6,1,2024-06-30
E00574,E00629,5.6,1,2024-06-30
E00856,E00889,6.9,1,2024-06-30
E00095,E00119,7.2,1,2023-10-18
E00095,E00138,8.1,1,2023-10-18
E00095,E00184,7.5,1,2023-10-18
E00119,E00190,6.7,1,2023-10-18
E00119,E00295,6.1,1,2023-10-18
E00134,E00167,7.7,1,2023-10-18
E00134,E00390,7.1,1,2023-10-18
E00138,E00140,8.5,1,2023-10-18
E00138,E00270,7.5,1,2023-10-18
E00140,E00253,6.3,1,2023-10-18
E00140,E00270,6.1,1,2023-10-18
E00140,E00390,6.4,1,2023-10-18
E00155,E00184,6.9,1,2023-10-18
E00155,E00253,6.6,1,2023-10-18
E00155,E00356,6.8,1,2023-10-18
E00190,E00338,6.3,1,2023-10-18
E00196,E00389,6.7,1,2023-10-18
E00253,E00270,5.9,1,2023-10-18
E00326,E00338,7.7,1,2023-10-18
E00009,E00146,5.5,1,2025-09-20
E00030,E00293,6.1,1,2025-09-20
E00060,E00119,6.3,1,2025-09-20
E00119,E00343,6.3,1,2025-09-20
E00132,E00153,6.8,1,2025-09-20
E00132,E00293,7.2,1,2025-09-20
E00051,E00069,6.1,2,2024-12-05
E00051,E00079,6.2,1,2024-12-05
E00077,E00079,6.8,2,2025-04-28
E00083,E00086,6.7,1,2024-12-05
E00083,E00088,6.4,1,2024-12-05
E00083,E00167,5.5,1,2024-12-05
E00086,E00283,7.9,1,2024-12-05
E00011,E00137,7.0,1,2026-02-28
E00016,E00095,7.4,1,2026-02-28
E00050,E00137,6.2,1,2026-02-28
E00070,E00250,6.6,3,2026-05-10
E00095,E00137,7.4,1,2026-02-28
E00095,E00175,7.7,2,2026-02-28
E00095,E00177,8.9,1,2026-02-28
E00134,E00250,6.2,1,2026-02-28
E00134,E00266,5.5,1,2026-02-28
E00134,E00293,6.4,1,2026-02-28
E00134,E00305,6.0,1,2026-02-28
E00159,E00163,6.2,1,2026-02-28
E00175,E00266,6.3,1,2026-02-28
E00177,E00305,7.8,1,2026-02-28
E00216,E00305,6.8,1,2026-02-28
E00244,E00250,7.0,1,2026-02-28
E00293,E00305,6.9,1,2026-02-28
E00110,E00182,6.1,1,2026-04-21
E00110,E00339,8.8,1,2026-04-21
E00128,E00189,6.4,1,2026-04-21
E00128,E00331,7.0,1,2026-04-21
E00187,E00234,7.0,2,2026-04-21
E00187,E00239,6.3,1,2026-04-21
E00187,E00240,6.2,1,2026-04-21
E00187,E00314,6.0,1,2026-04-21
E00187,E00331,6.2,1,2026-04-21
E00189,E00229,7.5,1,2026-04-21
E00189,E00339,8.6,1,2026-04-21
E00239,E00240,6.7,1,2026-04-21
E00255,E00268,7.8,1,2026-04-21
E00255,E00339,8.6,1,2026-04-21
E00268,E00314,7.8,1,2026-04-21
E00314,E00339,8.7,1,2026-04-21
E00029,E00182,8.4,1,2026-02-25
E00118,E00315,6.5,1,2026-02-25
E00118,E00429,8.0,1,2026-02-25
E00120,E00258,6.0,2,2026-02-25
E00120,E00315,7.1,1,2026-02-25
E00120,E00416,7.0,1,2026-02-25
E00146,E00429,7.7,1,2026-02-25
E00182,E00430,7.8,1,2026-02-25
E00192,E00368,6.8,1,2026-02-25
E00192,E00416,6.8,1,2026-02-25
E00192,E00430,6.2,1,2026-02-25
E00221,E00315,6.7,1,2026-02-25
E00221,E00429,7.4,1,2026-02-25
E00315,E00353,6.8,2,2026-04-17
E00353,E00356,8.1,1,2026-02-25
E00021,E00089,8.2,1,2024-09-06
E00021,E00291,7.5,1,2024-09-06
E00021,E00432,7.4,1,2024-09-06
E00034,E00045,6.7,1,2024-09-06
E00034,E00432,6.7,1,2024-09-06
E00045,E00052,6.4,1,2024-09-06
E00045,E00112,6.5,1,2024-09-06
E00045,E00132,5.5,1,2024-09-06
E00045,E00196,6.3,2,2026-01-29
E00045,E00278,6.8,1,2024-09-06
E00045,E00324,6.7,1,2024-09-06
E00045,E00432,6.4,1,2024-09-06
E00052,E00437,6.5,1,2024-09-06
E00091,E00432,6.3,1,2024-09-06
E00112,E00132,6.5,1,2024-09-06
E00112,E00193,6.5,1,2024-09-06
E00112,E00196,6.8,1,2024-09-06
E00112,E00335,6.4,1,2024-09-06
E00172,E00294,6.1,1,2024-09-06
E00193,E00324,6.4,1,2024-09-06
E00291,E00437,7.2,1,2024-09-06
E00294,E00432,5.9,1,2024-09-06
E00335,E00348,6.7,2,2026-04-01
E00335,E00432,5.5,1,2024-09-06
E00414,E00437,6.7,1,2024-09-06
E00014,E00040,6.7,1,2026-03-07
E00014,E00236,8.8,1,2026-03-07
E00018,E00090,7.3,1,2026-03-07
E00018,E00313,6.3,1,2026-03-07
E00036,E00240,6.3,1,2026-03-07
E00090,E00240,6.1,1,2026-03-07
E00094,E00221,6.7,1,2026-03-07
E00094,E00255,6.1,1,2026-03-07
E00094,E00286,5.7,1,2026-03-07
E00204,E00240,5.9,1,2026-03-07
E00221,E00236,8.1,1,2026-03-07
E00015,E00196,7.1,1,2025-02-27
E00078,E00133,7.4,1,2025-02-27
E00133,E00331,5.6,1,2025-02-27
E00133,E00449,5.5,1,2025-02-27
E00159,E00234,6.4,1,2025-02-27
E00159,E00279,6.6,1,2025-02-27
E00159,E00520,6.6,1,2025-02-27
E00196,E00322,7.2,1,2025-02-27
E00196,E00520,6.7,1,2025-02-27
E00234,E00279,6.2,1,2025-02-27
E00234,E00322,5.8,1,2025-02-27
E00234,E00520,5.7,1,2025-02-27
E00331,E00414,6.5,1,2025-02-27
E00029,E00289,7.3,1,2025-05-01
E00032,E00180,6.1,1,2025-05-01
E00033,E00180,7.8,1,2025-05-01
E00033,E00212,7.8,1,2025-05-01
E00033,E00262,7.4,1,2025-05-01
E00033,E00289,9.2,1,2025-05-01
E00216,E00324,6.3,1,2025-05-01
E00008,E00169,6.2,1,2025-07-18
E00008,E00281,6.4,1,2025-07-18
E00021,E00265,7.0,1,2025-07-18
E00169,E00255,5.5,2,2025-07-18
E00250,E00265,5.8,1,2025-07-18
E00255,E00282,6.0,1,2025-07-18
E00077,E00195,6.4,2,2026-03-28
E00077,E00237,6.6,2,2025-11-06
E00079,E00091,5.7,2,2025-05-25
E00079,E00160,6.4,3,2025-12-03
E00091,E00112,7.8,1,2024-08-11
E00160,E00384,6.1,1,2024-08-11
E00237,E00384,6.6,1,2024-08-11
E00013,E00415,6.8,1,2024-02-25
E00083,E00168,6.5,1,2024-02-25
E00083,E00184,7.5,2,2024-02-25
E00096,E00200,8.2,1,2024-02-25
E00096,E00312,6.7,1,2024-02-25
E00132,E00422,6.0,1,2024-02-25
E00168,E00312,5.5,1,2024-02-25
E00168,E00415,5.8,1,2024-02-25
E00263,E00382,7.0,1,2024-02-25
E00263,E00415,6.4,1,2024-02-25
E00312,E00382,6.5,1,2024-02-25
E00084,E00246,5.5,1,2026-04-02
E00084,E00261,7.5,1,2026-04-02
E00084,E00410,7.4,1,2026-04-02
E00097,E00197,6.7,1,2026-04-02
E00128,E00247,6.2,1,2026-04-02
E00048,E00079,7.3,1,2024-06-18
E00079,E00186,6.8,1,2024-06-18
E00100,E00186,6.8,1,2024-06-18
E00100,E00308,6.9,1,2024-06-18
E00186,E00308,6.7,1,2024-06-18
E00206,E00274,6.9,1,2024-06-18
E00274,E00308,6.3,1,2024-06-18
E00308,E00318,7.3,1,2024-06-18
E00004,E00110,8.4,1,2023-12-13
E00004,E00225,7.8,1,2023-12-13
E00004,E00481,8.3,1,2023-12-13
E00015,E00028,6.0,1,2023-12-13
E00072,E00326,6.7,1,2023-12-13
E00072,E00526,6.5,1,2023-12-13
E00082,E00481,7.5,1,2023-12-13
E00110,E00319,6.2,1,2023-12-13
E00225,E00298,6.2,1,2023-12-13
E00225,E00319,6.9,1,2023-12-13
E00235,E00526,7.2,1,2023-12-13
E00257,E00416,6.1,1,2023-12-13
E00285,E00298,6.0,1,2023-12-13
E00285,E00326,6.3,1,2023-12-13
E00285,E00526,6.9,1,2023-12-13
E00297,E00491,7.6,1,2023-12-13
E00326,E00491,7.2,1,2023-12-13
E00404,E00481,6.3,1,2023-12-13
E00416,E00491,6.4,1,2023-12-13
E00447,E00481,7.1,1,2023-12-13
E00481,E00526,7.5,1,2023-12-13
E00060,E00091,7.7,1,2026-03-24
E00061,E00159,7.8,1,2026-03-24
E00064,E00262,7.6,1,2026-03-24
E00079,E00122,7.7,1,2026-03-24
E00079,E00159,8.7,1,2026-03-24
E00089,E00122,5.9,1,2026-03-24
E00091,E00159,7.8,1,2026-03-24
E00091,E00307,6.6,1,2026-03-24
E00122,E00227,6.8,1,2026-03-24
E00159,E00227,6.9,1,2026-03-24
E00159,E00237,6.5,1,2026-03-24
E00282,E00330,5.8,1,2026-03-24
E00003,E00195,5.9,1,2025-12-31
E00003,E00339,5.7,1,2025-12-31
E00017,E00220,5.6,1,2025-12-31
E00025,E00339,6.6,1,2025-12-31
E00156,E00276,7.6,1,2025-12-31
E00197,E00276,7.7,1,2025-12-31
E00220,E00221,6.9,1,2025-12-31
E00221,E00304,6.7,1,2025-12-31
E00221,E00307,6.5,1,2025-12-31
E00221,E00311,7.1,1,2025-12-31
E00074,E00258,6.6,1,2024-05-20
E00090,E00258,6.1,1,2024-05-20
E00090,E00858,6.0,1,2024-05-20
E00101,E00585,5.9,1,2024-05-20
E00101,E00823,6.8,1,2024-05-20
E00123,E00359,6.4,1,2024-05-20
E00123,E00571,6.9,1,2024-05-20
E00258,E00585,5.8,1,2024-05-20
E00258,E00823,6.6,1,2024-05-20
E00359,E00585,5.6,1,2024-05-20
E00394,E00429,6.1,1,2024-05-20
E00394,E00462,5.5,1,2024-05-20
E00571,E00726,7.8,1,2024-05-20
E00074,E00236,6.1,1,2026-04-05
E00074,E00260,5.7,1,2026-04-05
E00074,E00458,5.5,1,2026-04-05
E00074,E00556,5.5,1,2026-04-05
E00076,E00565,7.2,1,2026-04-05
E00101,E00531,5.5,1,2026-04-05
E00129,E00236,6.9,1,2026-04-05
E00129,E00260,5.6,1,2026-04-05
E00129,E00265,5.5,2,2026-04-05
E00212,E00236,7.4,1,2026-04-05
E00212,E00260,5.7,1,2026-04-05
E00217,E00373,6.3,1,2026-04-05
E00217,E00466,5.5,1,2026-04-05
E00236,E00466,6.3,1,2026-04-05
E00260,E00556,5.5,1,2026-04-05
E00265,E00373,5.5,1,2026-04-05
E00006,E00275,6.8,1,2026-02-26
E00016,E00124,8.5,1,2026-02-26
E00016,E00221,7.9,1,2026-02-26
E00016,E00299,8.0,1,2026-02-26
E00028,E00081,6.7,1,2026-02-26
E00028,E00283,7.5,1,2026-02-26
E00081,E00119,7.1,1,2026-02-26
E00105,E00347,6.7,1,2026-02-26
E00112,E00119,7.0,1,2026-02-26
E00112,E00124,7.7,1,2026-02-26
E00112,E00221,6.4,1,2026-02-26
E00112,E00232,6.7,1,2026-02-26
E00119,E00216,6.9,1,2026-02-26
E00119,E00221,7.1,1,2026-02-26
E00124,E00232,6.9,1,2026-02-26
E00221,E00249,5.5,1,2026-02-26
E00247,E00299,8.2,1,2026-02-26
E00031,E00129,6.6,1,2025-06-26
E00031,E00188,8.4,1,2025-06-26
E00031,E00293,6.4,1,2025-06-26
E00188,E00302,7.6,1,2025-06-26
E00190,E00198,5.5,1,2025-06-26
E00190,E00201,5.5,1,2025-06-26
E00190,E00317,5.7,1,2025-06-26
E00275,E00302,5.8,1,2025-06-26
E00105,E00127,7.2,1,2024-06-13
E00105,E00198,6.5,1,2024-06-13
E00105,E00458,7.0,1,2024-06-13
E00127,E00459,5.9,1,2024-06-13
E00140,E00177,7.0,1,2024-06-13
E00149,E00415,6.0,1,2024-06-13
E00149,E00466,5.5,1,2024-06-13
E00156,E00198,6.2,1,2024-06-13
E00156,E00413,6.8,2,2024-06-16
E00163,E00466,8.4,1,2024-06-13
E00177,E00413,7.7,1,2024-06-13
E00177,E00466,7.3,1,2024-06-13
E00251,E00409,7.5,1,2024-06-13
E00379,E00412,6.3,1,2024-06-13
E00409,E00412,7.1,1,2024-06-13
E00459,E00466,6.2,1,2024-06-13
E00021,E00120,5.6,1,2023-11-12
E00021,E00497,7.4,1,2023-11-12
E00028,E00449,7.2,1,2023-11-12
E00028,E00477,6.7,1,2023-11-12
E00028,E00531,7.3,1,2023-11-12
E00120,E00275,6.0,1,2023-11-12
E00275,E00428,6.3,1,2023-11-12
E00275,E00531,6.8,1,2023-11-12
E00013,E00329,6.2,1,2026-02-05
E00013,E00422,6.2,1,2026-02-05
E00013,E00523,6.9,1,2026-02-05
E00013,E00526,6.8,1,2026-02-05
E00051,E00539,7.1,1,2026-02-05
E00189,E00539,7.6,1,2026-02-05
E00229,E00261,7.6,1,2026-02-05
E00229,E00531,7.1,1,2026-02-05
E00236,E00346,7.5,1,2026-02-05
E00247,E00531,5.5,1,2026-02-05
E00247,E00539,6.3,1,2026-02-05
E00261,E00523,7.0,1,2026-02-05
E00329,E00531,6.3,1,2026-02-05
E00523,E00526,7.2,1,2026-02-05
E00025,E00585,6.6,1,2025-03-26
E00114,E00185,6.4,1,2025-03-26
E00114,E00490,5.8,1,2025-03-26
E00114,E00523,6.4,1,2025-03-26
E00185,E00609,6.8,1,2025-03-26
E00187,E00242,8.1,1,2025-03-26
E00187,E00393,7.4,1,2025-03-26
E00190,E00523,5.8,1,2025-03-26
E00190,E00585,5.7,1,2025-03-26
E00202,E00393,7.9,1,2025-03-26
E00202,E00565,8.8,1,2025-03-26
E00238,E00619,5.7,1,2025-03-26
E00245,E00565,7.3,1,2025-03-26
E00359,E00490,6.4,1,2025-03-26
E00359,E00523,7.6,1,2025-03-26
E00523,E00550,5.6,1,2025-03-26
E00523,E00565,8.0,1,2025-03-26
E00550,E00565,7.5,1,2025-03-26
E00031,E00268,5.9,1,2025-12-27
E00089,E00098,7.6,1,2025-12-27
E00098,E00244,7.1,1,2025-12-27
E00112,E00137,6.8,1,2025-12-27
E00132,E00137,6.9,1,2025-12-27
E00132,E00388,6.4,1,2025-12-27
E00176,E00244,7.3,1,2025-12-27
E00176,E00348,8.4,1,2025-12-27
E00268,E00369,7.1,1,2025-12-27
E00367,E00388,7.7,1,2025-12-27
E00012,E00118,6.3,1,2026-03-29
E00026,E00110,7.5,2,2026-03-29
E00026,E00298,7.5,1,2026-03-29
E00026,E00364,7.1,1,2026-03-29
E00110,E00259,6.9,1,2026-03-29
E00110,E00364,6.2,2,2026-03-29
E00118,E00157,6.0,1,2026-03-29
E00118,E00364,6.6,1,2026-03-29
E00118,E00392,7.2,1,2026-03-29
E00118,E00405,7.6,1,2026-03-29
E00118,E00514,6.7,1,2026-03-29
E00139,E00311,8.4,1,2026-03-29
E00139,E00688,7.9,1,2026-03-29
E00157,E00533,7.8,1,2026-03-29
E00157,E00647,6.7,1,2026-03-29
E00233,E00392,7.5,1,2026-03-29
E00233,E00514,7.1,1,2026-03-29
E00259,E00392,6.4,1,2026-03-29
E00311,E00434,7.5,1,2026-03-29
E00311,E00688,7.8,1,2026-03-29
E00405,E00533,8.8,1,2026-03-29
E00405,E00561,6.8,1,2026-03-29
E00405,E00647,7.2,1,2026-03-29
E00533,E00575,7.8,1,2026-03-29
E00066,E00113,5.6,1,2024-12-11
E00066,E00306,6.8,1,2024-12-11
E00069,E00186,8.2,1,2024-12-11
E00079,E00401,5.5,1,2024-12-11
E00093,E00119,6.7,1,2024-12-11
E00093,E00285,6.0,2,2025-01-13
E00093,E00347,5.5,1,2024-12-11
E00113,E00165,6.5,1,2024-12-11
E00113,E00347,6.9,2,2024-12-11
E00113,E00389,6.5,1,2024-12-11
E00113,E00401,6.2,1,2024-12-11
E00119,E00186,7.2,1,2024-12-11
E00150,E00164,7.9,1,2024-12-11
E00177,E00285,5.5,2,2024-12-11
E00186,E00306,7.2,1,2024-12-11
E00285,E00347,5.9,1,2024-12-11
E00291,E00347,6.4,1,2024-12-11
E00389,E00401,5.5,1,2024-12-11
E00095,E00113,6.7,1,2026-05-10
E00095,E00255,6.8,1,2026-05-10
E00102,E00325,7.0,1,2026-05-10
E00113,E00186,5.6,1,2026-05-10
E00186,E00325,6.7,2,2026-05-10
E00036,E00203,8.3,1,2024-08-07
E00051,E00152,6.0,1,2024-08-07
E00091,E00175,7.7,1,2024-08-07
E00091,E00270,7.3,1,2024-08-07
E00115,E00175,7.2,1,2024-08-07
E00115,E00203,7.4,1,2024-08-07
E00124,E00133,6.4,1,2024-08-07
E00124,E00249,8.0,1,2024-08-07
E00124,E00302,6.4,1,2024-08-07
E00133,E00155,6.2,1,2024-08-07
E00133,E00207,5.5,1,2024-08-07
E00142,E00203,7.5,1,2024-08-07
E00155,E00182,6.0,1,2024-08-07
E00175,E00207,5.7,1,2024-08-07
E00207,E00249,7.5,1,2024-08-07
E00270,E00302,5.5,1,2024-08-07
E00015,E00221,7.9,1,2024-07-20
E00051,E00264,7.6,1,2024-07-20
E00051,E00388,7.8,1,2024-07-20
E00113,E00404,6.6,1,2024-07-20
E00134,E00170,7.5,1,2024-07-20
E00134,E00221,8.7,1,2024-07-20
E00134,E00348,8.0,2,2024-07-20
E00134,E00404,8.1,1,2024-07-20
E00221,E00348,8.5,1,2024-07-20
E00013,E00196,6.0,1,2025-11-29
E00013,E00283,6.5,1,2025-11-29
E00121,E00190,5.7,1,2025-11-29
E00121,E00378,7.8,1,2025-11-29
E00183,E00219,9.0,1,2025-11-29
E00183,E00252,7.4,1,2025-11-29
E00183,E00337,7.6,1,2025-11-29
E00183,E00368,9.6,1,2025-11-29
E00190,E00368,6.8,1,2025-11-29
E00192,E00337,6.0,1,2025-11-29
E00196,E00283,6.2,1,2025-11-29
E00199,E00200,5.5,1,2025-11-29
E00199,E00325,6.9,1,2025-11-29
E00199,E00378,6.8,1,2025-11-29
E00200,E00283,6.1,1,2025-11-29
E00249,E00325,7.9,1,2025-11-29
E00252,E00323,5.5,1,2025-11-29
E00283,E00292,6.4,1,2025-11-29
E00368,E00378,7.8,1,2025-11-29
E00025,E00417,6.2,1,2024-08-08
E00192,E00384,6.8,1,2024-08-08
E00192,E00417,7.1,1,2024-08-08
E00293,E00378,6.9,2,2025-11-20
E00384,E00494,8.5,1,2024-08-08
E00023,E00069,6.9,1,2025-03-28
E00051,E00239,6.6,1,2025-03-28
E00069,E00221,7.6,2,2025-03-28
E00124,E00239,5.7,1,2025-03-28
E00124,E00268,6.0,1,2025-03-28
E00182,E00268,5.5,1,2025-03-28
E00182,E00279,5.8,1,2025-03-28
E00192,E00314,5.6,1,2025-03-28
E00219,E00221,7.8,1,2025-03-28
E00239,E00248,6.6,1,2025-03-28
E00266,E00314,6.7,1,2025-03-28
E00029,E00292,6.8,1,2025-07-20
E00039,E00126,6.9,1,2025-07-20
E00039,E00222,6.0,1,2025-07-20
E00039,E00309,6.3,1,2025-07-20
E00047,E00054,6.2,1,2025-07-20
E00047,E00087,5.6,1,2025-07-20
E00047,E00126,6.7,1,2025-07-20
E00047,E00222,5.5,1,2025-07-20
E00054,E00222,6.2,1,2025-07-20
E00087,E00292,7.0,1,2025-07-20
E00202,E00284,6.0,1,2025-07-20
E00284,E00292,6.7,1,2025-07-20
E00309,E00324,7.2,1,2025-07-20
E00006,E00076,7.6,1,2024-01-14
E00006,E00409,6.3,1,2024-01-14
E00042,E00076,6.5,1,2024-01-14
E00042,E00084,6.8,1,2024-01-14
E00042,E00356,7.2,1,2024-01-14
E00042,E00396,7.3,1,2024-01-14
E00049,E00119,6.1,1,2024-01-14
E00049,E00396,5.5,1,2024-01-14
E00076,E00084,6.4,1,2024-01-14
E00076,E00415,5.7,1,2024-01-14
E00084,E00176,5.7,1,2024-01-14
E00084,E00383,5.9,2,2026-03-29
E00084,E00396,6.2,1,2024-01-14
E00084,E00415,5.5,1,2024-01-14
E00119,E00128,6.7,1,2024-01-14
E00119,E00129,5.6,1,2024-01-14
E00128,E00356,6.9,1,2024-01-14
E00129,E00411,6.2,1,2024-01-14
E00411,E00415,6.4,1,2024-01-14
E00046,E00142,7.0,1,2023-08-07
E00046,E00332,6.0,1,2023-08-07
E00051,E00067,6.8,1,2023-08-07
E00067,E00095,6.6,2,2025-02-13
E00067,E00248,6.0,1,2023-08-07
E00078,E00248,5.8,1,2023-08-07
E00078,E00323,6.2,1,2023-08-07
E00095,E00110,6.5,1,2023-08-07
E00095,E00248,5.6,1,2023-08-07
E00095,E00273,7.1,2,2026-04-10
E00138,E00217,7.5,1,2023-08-07
E00188,E00332,7.8,2,2024-08-22
E00217,E00318,6.8,1,2023-08-07
E00323,E00332,6.2,2,2024-08-27
E00042,E00202,6.2,1,2026-01-27
E00042,E00379,5.6,1,2026-01-27
E00046,E00115,6.0,1,2026-01-27
E00115,E00160,7.1,1,2026-01-27
E00186,E00196,6.5,2,2026-03-20
E00186,E00202,7.0,1,2026-01-27
E00202,E00225,6.5,2,2026-01-27
E00202,E00379,6.2,1,2026-01-27
E00242,E00379,5.5,1,2026-01-27
E00024,E00145,6.4,1,2025-01-13
E00033,E00264,7.1,1,2025-01-13
E00068,E00071,6.5,1,2025-01-13
E00068,E00155,7.2,1,2025-01-13
E00068,E00285,6.6,1,2025-01-13
E00068,E00345,5.8,1,2025-01-13
E00071,E00222,6.7,1,2025-01-13
E00092,E00155,6.4,1,2025-01-13
E00093,E00128,8.1,1,2025-01-13
E00093,E00330,6.4,1,2025-01-13
E00095,E00128,7.2,1,2025-01-13
E00095,E00186,7.0,4,2025-05-25
E00095,E00222,6.7,1,2025-01-13
E00095,E00345,6.3,1,2025-01-13
E00128,E00155,8.3,1,2025-01-13
E00155,E00222,7.2,1,2025-01-13
E00155,E00285,6.7,1,2025-01-13
E00184,E00186,7.6,1,2025-01-13
E00184,E00222,6.2,1,2025-01-13
E00184,E00243,6.2,1,2025-01-13
E00186,E00243,8.3,1,2025-01-13
E00186,E00285,8.2,1,2025-01-13
E00243,E00264,6.1,1,2025-01-13
E00264,E00340,8.1,1,2025-01-13
E00030,E00274,6.2,1,2025-02-11
E00031,E00236,6.3,1,2025-02-11
E00031,E00379,6.4,1,2025-02-11
E00046,E00122,6.7,1,2025-02-11
E00046,E00236,6.7,1,2025-02-11
E00046,E00274,6.4,1,2025-02-11
E00101,E00128,6.4,1,2025-02-11
E00101,E00379,7.1,1,2025-02-11
E00105,E00128,7.1,1,2025-02-11
E00105,E00197,7.0,1,2025-02-11
E00197,E00374,6.3,1,2025-02-11
E00258,E00379,5.8,1,2025-02-11
E00031,E00288,6.6,1,2024-08-27
E00046,E00304,6.3,1,2024-08-27
E00050,E00290,7.5,1,2024-08-27
E00050,E00432,6.6,1,2024-08-27
E00075,E00101,7.2,1,2024-08-27
E00077,E00121,6.7,1,2024-08-27
E00077,E00290,6.9,1,2024-08-27
E00101,E00112,8.9,1,2024-08-27
E00103,E00414,6.4,1,2024-08-27
E00112,E00288,9.1,1,2024-08-27
E00112,E00290,9.5,1,2024-08-27
E00112,E00377,9.2,1,2024-08-27
E00121,E00290,7.6,1,2024-08-27
E00187,E00414,6.4,1,2024-08-27
E00187,E00430,7.5,1,2024-08-27
E00234,E00332,6.0,1,2024-08-27
E00263,E00430,6.6,1,2024-08-27
E00290,E00342,8.0,1,2024-08-27
E00316,E00414,6.4,1,2024-08-27
E00414,E00430,7.3,1,2024-08-27
E00025,E00040,6.4,1,2023-10-28
E00025,E00300,7.3,1,2023-10-28
E00040,E00217,6.9,1,2023-10-28
E00053,E00067,5.7,1,2023-10-28
E00070,E00217,6.8,1,2023-10-28
E00047,E00062,6.0,1,2025-12-16
E00047,E00103,5.5,1,2025-12-16
E00047,E00282,5.8,1,2025-12-16
E00047,E00363,6.1,1,2025-12-16
E00062,E00103,6.6,1,2025-12-16
E00062,E00123,6.9,1,2025-12-16
E00062,E00171,7.2,1,2025-12-16
E00062,E00282,6.8,1,2025-12-16
E00103,E00123,6.1,1,2025-12-16
E00103,E00128,6.3,2,2025-12-16
E00123,E00196,6.3,1,2025-12-16
E00151,E00282,5.9,1,2025-12-16
E00151,E00341,6.2,1,2025-12-16
E00171,E00282,6.4,1,2025-12-16
E00188,E00341,5.9,1,2025-12-16
E00044,E00151,7.0,1,2024-08-19
E00044,E00483,6.4,1,2024-08-19
E00044,E00524,7.1,1,2024-08-19
E00087,E00151,6.8,1,2024-08-19
E00087,E00333,7.4,1,2024-08-19
E00134,E00597,7.0,1,2024-08-19
E00151,E00483,6.1,1,2024-08-19
E00151,E00552,6.5,1,2024-08-19
E00157,E00263,5.5,1,2024-08-19
E00225,E00263,6.7,1,2024-08-19
E00225,E00443,7.3,1,2024-08-19
E00263,E00333,6.7,1,2024-08-19
E00333,E00552,6.8,1,2024-08-19
E00394,E00483,6.5,1,2024-08-19
E00443,E00597,5.9,1,2024-08-19
E00483,E00569,6.3,1,2024-08-19
E00078,E00419,6.2,1,2024-01-28
E00078,E00489,6.1,1,2024-01-28
E00078,E00729,5.6,1,2024-01-28
E00079,E00216,5.9,1,2024-01-28
E00079,E00675,6.3,1,2024-01-28
E00092,E00354,8.0,1,2024-01-28
E00092,E00545,7.7,1,2024-01-28
E00109,E00419,7.0,2,2026-03-08
E00109,E00549,6.0,1,2024-01-28
E00115,E00216,6.4,1,2024-01-28
E00115,E00628,6.9,1,2024-01-28
E00117,E00545,5.5,1,2024-01-28
E00117,E00588,6.9,1,2024-01-28
E00117,E00701,5.5,1,2024-01-28
E00216,E00675,7.3,1,2024-01-28
E00354,E00489,7.3,1,2024-01-28
E00354,E00549,7.2,1,2024-01-28
E00419,E00541,6.6,1,2024-01-28
E00419,E00549,6.6,1,2024-01-28
E00419,E00729,6.6,1,2024-01-28
E00464,E00489,6.8,1,2024-01-28
E00588,E00675,7.5,1,2024-01-28
E00588,E00772,8.2,1,2024-01-28
E00701,E00729,6.3,1,2024-01-28
E00091,E00272,6.7,1,2026-04-15
E00195,E00207,6.2,1,2026-04-15
E00195,E00294,5.8,1,2026-04-15
E00001,E00146,7.3,1,2025-06-12
E00011,E00331,7.0,1,2025-06-12
E00015,E00025,6.8,1,2025-06-12
E00015,E00187,7.7,1,2025-06-12
E00019,E00026,9.3,1,2025-06-12
E00019,E00284,6.2,1,2025-06-12
E00025,E00037,6.9,1,2025-06-12
E00025,E00054,6.0,1,2025-06-12
E00025,E00146,5.9,1,2025-06-12
E00026,E00113,8.3,1,2025-06-12
E00026,E00146,8.0,1,2025-06-12
E00037,E00331,5.8,1,2025-06-12
E00049,E00284,6.2,1,2025-06-12
E00049,E00331,7.1,1,2025-06-12
E00054,E00127,6.0,1,2025-06-12
E00061,E00110,5.8,1,2025-06-12
E00061,E00190,6.2,1,2025-06-12
E00061,E00204,7.6,1,2025-06-12
E00061,E00270,6.7,1,2025-06-12
E00076,E00127,6.5,1,2025-06-12
E00090,E00190,6.3,1,2025-06-12
E00110,E00204,6.5,1,2025-06-12
E00187,E00284,7.2,1,2025-06-12
E00204,E00270,6.8,1,2025-06-12
E00060,E00387,6.3,1,2025-04-27
E00064,E00107,6.7,1,2025-04-27
E00064,E00164,6.2,1,2025-04-27
E00064,E00328,8.1,1,2025-04-27
E00072,E00252,6.9,1,2025-04-27
E00107,E00328,7.5,1,2025-04-27
E00136,E00328,9.0,1,2025-04-27
E00164,E00315,7.2,1,2025-04-27
E00191,E00199,6.1,1,2025-04-27
E00199,E00328,8.5,1,2025-04-27
E00252,E00315,8.3,1,2025-04-27
E00330,E00387,5.5,1,2025-04-27
E00047,E00393,6.6,1,2024-06-27
E00072,E00223,5.5,1,2024-06-27
E00133,E00142,5.7,1,2024-06-27
E00142,E00519,7.0,1,2024-06-27
E00223,E00265,6.3,1,2024-06-27
E00290,E00345,6.2,1,2024-06-27
E00393,E00460,6.8,1,2024-06-27
E00393,E00521,6.3,1,2024-06-27
E00118,E00268,6.8,1,2024-10-09
E00118,E00389,7.2,1,2024-10-09
E00118,E00466,6.9,1,2024-10-09
E00186,E00276,6.4,1,2024-10-09
E00186,E00332,6.9,1,2024-10-09
E00264,E00384,7.9,1,2024-10-09
E00008,E00112,6.7,1,2026-03-18
E00008,E00267,6.2,1,2026-03-18
E00028,E00051,6.0,1,2026-03-18
E00049,E00051,7.1,1,2026-03-18
E00049,E00097,6.9,2,2026-03-18
E00049,E00192,7.3,1,2026-03-18
E00050,E00140,6.1,1,2026-03-18
E00071,E00192,6.5,2,2026-03-18
E00097,E00112,6.7,1,2026-03-18
E00112,E00123,6.0,1,2026-03-18
E00121,E00123,5.9,1,2026-03-18
E00123,E00192,5.9,1,2026-03-18
E00140,E00183,5.5,1,2026-03-18
E00146,E00229,5.9,1,2026-03-18
E00147,E00267,5.5,1,2026-03-18
E00166,E00267,7.0,1,2026-03-18
E00175,E00186,6.1,2,2026-03-20
E00175,E00192,5.7,1,2026-03-18
E00175,E00267,6.2,1,2026-03-18
E00183,E00207,5.7,1,2026-03-18
E00007,E00233,7.0,1,2023-12-26
E00033,E00091,5.5,1,2023-12-26
E00033,E00404,5.5,1,2023-12-26
E00054,E00233,6.1,1,2023-12-26
E00054,E00323,5.5,1,2023-12-26
E00054,E00402,5.5,1,2023-12-26
E00091,E00266,5.5,1,2023-12-26
E00126,E00187,6.5,1,2023-12-26
E00126,E00402,6.1,1,2023-12-26
E00295,E00302,5.7,1,2023-12-26
E00015,E00308,6.8,1,2026-02-20
E00015,E00319,7.0,1,2026-02-20
E00073,E00184,5.5,1,2026-02-20
E00073,E00261,6.4,1,2026-02-20
E00073,E00292,6.4,1,2026-02-20
E00089,E00090,7.0,1,2026-02-20
E00089,E00110,6.2,1,2026-02-20
E00089,E00184,6.4,1,2026-02-20
E00089,E00185,6.2,1,2026-02-20
E00089,E00308,5.9,1,2026-02-20
E00089,E00374,6.6,1,2026-02-20
E00148,E00184,7.1,1,2026-02-20
E00212,E00292,7.4,1,2026-02-20
E00261,E00397,6.4,1,2026-02-20
E00292,E00390,6.8,1,2026-02-20
E00028,E00415,5.9,1,2025-04-22
E00064,E00415,6.7,1,2025-04-22
E00161,E00315,6.1,1,2025-04-22
E00161,E00415,6.7,1,2025-04-22
E00200,E00294,6.5,1,2025-04-22
E00230,E00294,7.6,1,2025-04-22
E00230,E00381,7.5,1,2025-04-22
E00019,E00121,6.2,1,2024-05-27
E00019,E00145,7.5,1,2024-05-27
E00019,E00283,7.8,1,2024-05-27
E00028,E00177,6.9,2,2026-05-06
E00028,E00260,7.1,1,2024-05-27
E00056,E00331,6.8,1,2024-05-27
E00078,E00200,6.6,1,2024-05-27
E00078,E00331,7.8,2,2024-05-27
E00118,E00200,6.6,1,2024-05-27
E00118,E00240,7.0,1,2024-05-27
E00121,E00200,6.4,1,2024-05-27
E00125,E00151,7.7,1,2024-05-27
E00145,E00283,7.3,1,2024-05-27
E00151,E00221,7.3,1,2024-05-27
E00156,E00221,5.6,1,2024-05-27
E00156,E00248,5.5,1,2024-05-27
E00156,E00331,7.5,1,2024-05-27
E00177,E00195,7.1,1,2024-05-27
E00195,E00283,7.5,1,2024-05-27
E00200,E00230,7.5,1,2024-05-27
E00200,E00260,6.7,2,2026-01-26
E00200,E00350,6.6,1,2024-05-27
E00236,E00348,5.8,1,2024-05-27
E00260,E00283,6.2,1,2024-05-27
E00348,E00350,6.3,1,2024-05-27
E00019,E00089,5.7,1,2026-05-02
E00019,E00214,7.7,1,2026-05-02
E00025,E00179,5.8,1,2026-05-02
E00025,E00226,6.8,1,2026-05-02
E00089,E00121,5.5,1,2026-05-02
E00089,E00287,6.0,1,2026-05-02
E00179,E00342,6.1,1,2026-05-02
E00199,E00256,7.4,1,2026-05-02
E00199,E00342,6.1,1,2026-05-02
E00214,E00285,8.1,1,2026-05-02
E00226,E00287,7.9,1,2026-05-02
E00256,E00285,7.4,1,2026-05-02
E00256,E00342,7.5,1,2026-05-02
E00023,E00300,6.6,1,2024-02-17
E00023,E00396,6.3,1,2024-02-17
E00083,E00284,7.8,1,2024-02-17
E00083,E00396,7.0,1,2024-02-17
E00087,E00121,7.1,1,2024-02-17
E00093,E00235,7.0,1,2024-02-17
E00093,E00280,7.5,1,2024-02-17
E00093,E00300,6.6,1,2024-02-17
E00093,E00354,6.8,1,2024-02-17
E00093,E00370,6.8,1,2024-02-17
E00115,E00284,6.9,1,2024-02-17
E00115,E00355,7.6,1,2024-02-17
E00177,E00284,6.2,1,2024-02-17
E00184,E00285,7.2,1,2024-02-17
E00215,E00329,5.6,1,2024-02-17
E00232,E00284,7.9,1,2024-02-17
E00232,E00396,6.6,1,2024-02-17
E00235,E00396,6.9,1,2024-02-17
E00280,E00355,7.4,1,2024-02-17
E00280,E00396,7.1,1,2024-02-17
E00284,E00300,6.8,1,2024-02-17
E00284,E00370,6.1,1,2024-02-17
E00285,E00329,5.5,1,2024-02-17
E00329,E00354,5.9,1,2024-02-17
E00354,E00355,7.3,1,2024-02-17
E00355,E00370,6.2,1,2024-02-17
E00039,E00272,8.3,1,2026-02-02
E00039,E00389,7.7,1,2026-02-02
E00039,E00414,6.4,1,2026-02-02
E00047,E00097,5.7,1,2026-02-02
E00081,E00414,6.1,1,2026-02-02
E00272,E00414,6.2,1,2026-02-02
E00077,E00179,6.9,1,2024-10-12
E00006,E00267,7.2,1,2026-01-14
E00119,E00284,9.0,1,2026-01-14
E00131,E00253,6.7,1,2026-01-14
E00223,E00322,5.9,1,2026-01-14
E00267,E00322,7.2,1,2026-01-14
E00284,E00366,7.3,1,2026-01-14
E00008,E00140,6.4,1,2025-03-08
E00011,E00013,6.2,1,2025-03-08
E00011,E00258,7.2,1,2025-03-08
E00013,E00140,6.0,1,2025-03-08
E00028,E00054,9.2,1,2025-03-08
E00028,E00138,8.0,1,2025-03-08
E00054,E00138,7.4,1,2025-03-08
E00081,E00246,7.1,1,2025-03-08
E00087,E00294,6.9,1,2025-03-08
E00096,E00138,6.8,1,2025-03-08
E00096,E00235,7.4,1,2025-03-08
E00138,E00215,6.9,1,2025-03-08
E00138,E00235,7.6,1,2025-03-08
E00138,E00294,5.6,1,2025-03-08
E00215,E00246,7.4,1,2025-03-08
E00089,E00179,8.7,1,2024-11-06
E00139,E00178,6.3,1,2024-11-06
E00139,E00249,5.5,1,2024-11-06
E00178,E00179,7.4,1,2024-11-06
E00191,E00355,7.1,1,2024-11-06
E00191,E00444,7.7,1,2024-11-06
E00191,E00478,7.8,1,2024-11-06
E00280,E00344,5.5,1,2024-11-06
E00344,E00444,6.5,1,2024-11-06
E00344,E00478,6.9,1,2024-11-06
E00024,E00248,7.3,1,2026-01-02
E00024,E00272,6.9,1,2026-01-02
E00024,E00286,6.1,1,2026-01-02
E00057,E00189,6.2,1,2026-01-02
E00057,E00236,5.5,1,2026-01-02
E00113,E00303,6.9,1,2026-01-02
E00113,E00309,6.5,1,2026-01-02
E00140,E00189,5.5,1,2026-01-02
E00248,E00286,7.0,1,2026-01-02
E00272,E00286,6.5,1,2026-01-02
E00069,E00270,7.1,1,2026-01-07
E00075,E00447,7.7,1,2026-01-07
E00079,E00103,6.4,1,2026-01-07
E00079,E00270,6.2,2,2026-02-21
E00201,E00235,7.6,1,2026-01-07
E00209,E00397,6.2,1,2026-01-07
E00209,E00432,7.0,1,2026-01-07
E00235,E00447,7.2,1,2026-01-07
E00056,E00186,7.7,1,2024-06-20
E00057,E00075,8.2,1,2024-06-20
E00057,E00214,6.0,1,2024-06-20
E00057,E00294,7.7,1,2024-06-20
E00071,E00342,6.8,1,2024-06-20
E00118,E00272,8.0,1,2024-06-20
E00129,E00197,7.5,1,2024-06-20
E00129,E00482,8.0,1,2024-06-20
E00189,E00301,6.3,1,2024-06-20
E00197,E00342,7.1,1,2024-06-20
E00207,E00294,7.5,1,2024-06-20
E00207,E00342,7.1,1,2024-06-20
E00214,E00255,6.6,1,2024-06-20
E00230,E00482,8.7,1,2024-06-20
E00255,E00342,7.0,1,2024-06-20
E00255,E00343,5.9,1,2024-06-20
E00301,E00342,5.5,1,2024-06-20
E00301,E00482,7.6,1,2024-06-20
E00342,E00343,6.9,2,2024-06-20
E00092,E00204,6.0,1,2024-01-18
E00092,E00240,6.8,1,2024-01-18
E00094,E00262,8.0,1,2024-01-18
E00094,E00306,7.9,1,2024-01-18
E00094,E00525,7.2,1,2024-01-18
E00123,E00240,7.2,1,2024-01-18
E00123,E00499,6.9,1,2024-01-18
E00123,E00516,8.7,1,2024-01-18
E00204,E00262,7.3,1,2024-01-18
E00294,E00499,7.7,1,2024-01-18
E00294,E00516,7.8,1,2024-01-18
E00306,E00327,9.0,1,2024-01-18
E00327,E00499,7.8,1,2024-01-18
E00327,E00525,8.3,1,2024-01-18
E00025,E00115,8.9,1,2024-08-22
E00186,E00320,6.8,1,2024-08-22
E00193,E00320,5.7,1,2024-08-22
E00026,E00381,6.4,1,2025-05-23
E00127,E00285,7.5,2,2026-04-23
E00127,E00586,7.3,1,2025-05-23
E00154,E00324,6.3,1,2025-05-23
E00154,E00381,6.8,1,2025-05-23
E00154,E00586,7.4,1,2025-05-23
E00157,E00262,6.7,1,2025-05-23
E00157,E00354,7.3,1,2025-05-23
E00157,E00467,7.3,1,2025-05-23
E00157,E00578,7.6,1,2025-05-23
E00188,E00634,5.5,1,2025-05-23
E00188,E00705,6.6,1,2025-05-23
E00262,E00456,6.0,1,2025-05-23
E00262,E00467,6.7,1,2025-05-23
E00285,E00578,7.6,1,2025-05-23
E00297,E00354,7.2,1,2025-05-23
E00302,E00578,7.3,1,2025-05-23
E00324,E00586,5.5,1,2025-05-23
E00354,E00381,6.0,1,2025-05-23
E00578,E00586,7.1,1,2025-05-23
E00586,E00705,7.3,1,2025-05-23
E00009,E00204,8.4,1,2025-01-17
E00011,E00025,6.2,1,2025-01-17
E00011,E00204,6.5,1,2025-01-17
E00025,E00143,7.3,1,2025-01-17
E00089,E00143,6.3,1,2025-01-17
E00261,E00269,7.3,1,2025-01-17
E00011,E00021,5.9,1,2025-08-12
E00011,E00067,6.0,1,2025-08-12
E00011,E00358,5.8,1,2025-08-12
E00021,E00402,5.9,1,2025-08-12
E00117,E00341,6.0,1,2025-08-12
E00290,E00427,7.4,1,2025-08-12
E00341,E00358,5.9,1,2025-08-12
E00341,E00497,6.2,1,2025-08-12
E00358,E00480,5.8,1,2025-08-12
E00024,E00047,5.5,1,2026-03-09
E00024,E00191,7.0,2,2026-03-09
E00047,E00077,6.4,1,2026-03-09
E00047,E00369,6.1,1,2026-03-09
E00077,E00353,5.7,1,2026-03-09
E00098,E00456,7.7,1,2026-03-09
E00191,E00334,6.4,1,2026-03-09
E00191,E00369,6.5,1,2026-03-09
E00228,E00334,6.3,1,2026-03-09
E00303,E00369,6.8,1,2026-03-09
E00310,E00334,6.6,1,2026-03-09
E00334,E00369,7.7,1,2026-03-09
E00334,E00456,8.1,1,2026-03-09
E00353,E00369,6.7,1,2026-03-09
E00358,E00417,5.8,1,2026-03-09
E00025,E00027,6.7,1,2026-04-05
E00025,E00288,6.4,1,2026-04-05
E00026,E00027,7.5,1,2026-04-05
E00026,E00282,6.0,1,2026-04-05
E00026,E00310,5.8,1,2026-04-05
E00026,E00347,6.1,1,2026-04-05
E00027,E00208,6.8,1,2026-04-05
E00027,E00288,7.8,1,2026-04-05
E00027,E00325,6.3,1,2026-04-05
E00081,E00219,6.1,1,2026-04-05
E00081,E00282,5.9,1,2026-04-05
E00134,E00265,5.6,1,2026-04-05
E00153,E00227,6.6,1,2026-04-05
E00177,E00208,7.1,1,2026-04-05
E00177,E00227,7.2,1,2026-04-05
E00177,E00322,6.8,1,2026-04-05
E00208,E00227,6.9,1,2026-04-05
E00219,E00310,5.8,1,2026-04-05
E00225,E00347,7.0,1,2026-04-05
E00227,E00265,6.6,1,2026-04-05
E00227,E00282,5.5,1,2026-04-05
E00227,E00322,5.6,1,2026-04-05
E00265,E00342,6.8,1,2026-04-05
E00279,E00345,6.4,1,2026-04-05
E00282,E00288,6.7,1,2026-04-05
E00310,E00342,6.2,1,2026-04-05
E00008,E00075,7.4,1,2024-08-30
E00008,E00180,7.8,1,2024-08-30
E00008,E00192,6.9,1,2024-08-30
E00008,E00292,6.6,1,2024-08-30
E00008,E00335,7.1,1,2024-08-30
E00028,E00112,6.6,1,2024-08-30
E00075,E00180,7.7,1,2024-08-30
E00112,E00178,8.0,1,2024-08-30
E00146,E00178,7.2,1,2024-08-30
E00146,E00305,6.0,1,2024-08-30
E00146,E00348,6.4,1,2024-08-30
E00146,E00395,5.5,1,2024-08-30
E00168,E00192,5.6,2,2026-01-22
E00168,E00305,6.3,1,2024-08-30
E00178,E00389,7.1,1,2024-08-30
E00180,E00218,6.9,1,2024-08-30
E00192,E00335,6.1,1,2024-08-30
E00218,E00305,5.9,1,2024-08-30
E00218,E00348,6.9,1,2024-08-30
E00218,E00357,7.5,1,2024-08-30
E00218,E00389,6.6,1,2024-08-30
E00252,E00389,6.2,1,2024-08-30
E00292,E00335,5.7,1,2024-08-30
E00292,E00348,6.3,1,2024-08-30
E00292,E00394,6.9,1,2024-08-30
E00305,E00394,6.1,1,2024-08-30
E00343,E00389,6.4,1,2024-08-30
E00047,E00076,6.2,2,2026-02-28
E00047,E00236,6.3,1,2025-10-26
E00068,E00076,7.1,1,2025-10-26
E00068,E00175,5.7,1,2025-10-26
E00068,E00176,6.0,1,2025-10-26
E00068,E00232,7.8,1,2025-10-26
E00068,E00234,5.7,1,2025-10-26
E00101,E00232,8.4,1,2025-10-26
E00175,E00202,5.5,1,2025-10-26
E00175,E00436,6.4,1,2025-10-26
E00232,E00236,7.7,1,2025-10-26
E00232,E00237,7.6,1,2025-10-26
E00236,E00461,6.5,1,2025-10-26
E00283,E00389,7.9,1,2025-10-26
E00394,E00461,5.7,1,2025-10-26
E00425,E00461,6.6,1,2025-10-26
E00436,E00461,7.3,1,2025-10-26
E00010,E00064,6.0,1,2024-06-25
E00010,E00153,6.7,1,2024-06-25
E00010,E00215,6.7,1,2024-06-25
E00010,E00257,6.3,1,2024-06-25
E00031,E00143,7.9,1,2024-06-25
E00064,E00375,6.4,1,2024-06-25
E00127,E00136,7.9,1,2024-06-25
E00127,E00143,8.5,1,2024-06-25
E00136,E00402,6.2,1,2024-06-25
E00199,E00344,6.9,1,2024-06-25
E00215,E00244,7.3,1,2024-06-25
E00257,E00402,5.7,1,2024-06-25
E00301,E00344,6.4,1,2024-06-25
E00301,E00375,6.8,1,2024-06-25
E00124,E00288,6.4,1,2024-11-14
E00147,E00353,7.7,1,2024-11-14
E00363,E00390,6.3,1,2024-11-14
E00006,E00414,6.3,2,2026-04-14
E00342,E00494,7.1,1,2026-04-14
E00375,E00414,6.6,1,2026-04-14
E00034,E00343,7.5,1,2024-10-09
E00034,E00375,7.7,1,2024-10-09
E00034,E00447,7.8,1,2024-10-09
E00070,E00436,5.7,1,2024-10-09
E00083,E00375,7.7,1,2024-10-09
E00083,E00446,7.4,1,2024-10-09
E00133,E00249,7.2,1,2024-10-09
E00133,E00325,6.5,1,2024-10-09
E00249,E00343,6.1,1,2024-10-09
E00325,E00343,5.5,1,2024-10-09
E00325,E00436,7.1,1,2024-10-09
E00325,E00462,7.4,1,2024-10-09
E00371,E00375,7.7,1,2024-10-09
E00371,E00446,7.3,1,2024-10-09
E00397,E00436,7.8,1,2024-10-09
E00397,E00462,8.1,1,2024-10-09
E00436,E00446,6.4,1,2024-10-09
E00017,E00386,5.8,1,2025-09-23
E00024,E00060,7.7,1,2025-09-23
E00060,E00259,7.0,1,2025-09-23
E00060,E00393,6.6,1,2025-09-23
E00089,E00265,6.1,1,2025-09-23
E00089,E00393,5.8,1,2025-09-23
E00099,E00221,5.9,1,2025-09-23
E00099,E00406,6.2,1,2025-09-23
E00121,E00220,8.9,1,2025-09-23
E00121,E00259,8.0,1,2025-09-23
E00121,E00265,8.3,1,2025-09-23
E00121,E00393,7.8,1,2025-09-23
E00188,E00393,6.4,1,2025-09-23
E00220,E00251,6.7,1,2025-09-23
E00261,E00263,7.5,1,2025-09-23
E00265,E00386,6.6,1,2025-09-23
E00012,E00016,7.0,1,2026-04-06
E00012,E00405,6.2,1,2026-04-06
E00016,E00270,7.1,1,2026-04-06
E00016,E00356,6.4,1,2026-04-06
E00016,E00368,7.3,1,2026-04-06
E00053,E00417,7.1,1,2026-04-06
E00173,E00405,5.6,1,2026-04-06
E00173,E00417,7.0,1,2026-04-06
E00257,E00417,7.9,1,2026-04-06
E00014,E00284,7.1,1,2024-03-03
E00014,E00304,7.1,1,2024-03-03
E00014,E00379,7.0,1,2024-03-03
E00014,E00452,7.1,1,2024-03-03
E00071,E00089,6.4,1,2024-03-03
E00089,E00379,6.5,1,2024-03-03
E00006,E00080,5.5,1,2026-04-17
E00006,E00479,6.1,1,2026-04-17
E00009,E00338,5.6,1,2026-04-17
E00080,E00422,6.3,1,2026-04-17
E00125,E00338,5.5,1,2026-04-17
E00125,E00414,6.1,1,2026-04-17
E00179,E00490,7.3,1,2026-04-17
E00190,E00422,6.4,1,2026-04-17
E00214,E00490,7.8,1,2026-04-17
E00234,E00479,7.0,1,2026-04-17
E00417,E00436,5.6,1,2026-04-17
E00436,E00486,6.3,1,2026-04-17
E00073,E00373,7.4,1,2026-03-14
E00088,E00366,6.6,1,2026-03-14
E00101,E00119,7.7,2,2026-03-14
E00101,E00366,7.6,1,2026-03-14
E00114,E00342,7.0,1,2026-03-14
E00121,E00366,6.1,2,2026-03-14
E00125,E00390,8.6,1,2026-03-14
E00386,E00390,7.2,1,2026-03-14
E00078,E00202,5.5,1,2026-04-21
E00223,E00361,5.6,1,2026-04-21
E00320,E00453,6.2,1,2026-04-21
E00320,E00497,5.9,1,2026-04-21
E00361,E00371,5.6,1,2026-04-21
E00011,E00027,5.8,1,2023-12-05
E00011,E00269,5.5,1,2023-12-05
E00011,E00474,7.1,1,2023-12-05
E00014,E00472,6.7,1,2023-12-05
E00027,E00324,6.6,1,2023-12-05
E00027,E00488,6.5,1,2023-12-05
E00030,E00064,5.5,1,2023-12-05
E00030,E00127,6.2,1,2023-12-05
E00030,E00280,6.4,1,2023-12-05
E00030,E00488,5.5,1,2023-12-05
E00035,E00472,6.2,1,2023-12-05
E00044,E00488,6.4,1,2023-12-05
E00046,E00496,7.3,1,2023-12-05
E00089,E00165,6.3,1,2023-12-05
E00204,E00383,7.5,1,2023-12-05
E00269,E00280,6.4,1,2023-12-05
E00269,E00496,5.5,1,2023-12-05
E00383,E00453,6.8,1,2023-12-05
E00383,E00459,8.3,1,2023-12-05
E00383,E00472,7.5,1,2023-12-05
E00383,E00488,7.3,1,2023-12-05
E00109,E00183,6.4,1,2025-03-07
E00109,E00348,7.4,1,2025-03-07
E00134,E00338,6.1,1,2025-03-07
E00157,E00305,6.8,1,2025-03-07
E00179,E00183,6.0,1,2025-03-07
E00183,E00479,6.6,1,2025-03-07
E00305,E00479,7.2,1,2025-03-07
E00305,E00501,6.6,1,2025-03-07
E00338,E00501,5.5,1,2025-03-07
E00412,E00436,5.5,1,2025-03-07
E00412,E00479,6.3,1,2025-03-07
E00436,E00453,5.5,1,2025-03-07
E00436,E00501,5.9,1,2025-03-07
E00075,E00565,6.7,1,2025-06-02
E00373,E00593,5.6,1,2025-06-02
E00385,E00565,6.0,1,2025-06-02
E00483,E00565,6.4,1,2025-06-02
E00006,E00106,6.9,1,2024-09-29
E00006,E00170,6.7,1,2024-09-29
E00006,E00171,6.9,1,2024-09-29
E00028,E00078,6.1,1,2024-09-29
E00028,E00091,6.5,1,2024-09-29
E00028,E00170,6.4,1,2024-09-29
E00028,E00192,6.9,1,2024-09-29
E00039,E00091,6.4,2,2024-09-29
E00049,E00131,7.6,1,2024-09-29
E00078,E00155,6.6,1,2024-09-29
E00078,E00170,6.1,1,2024-09-29
E00078,E00233,6.6,1,2024-09-29
E00083,E00129,7.2,1,2024-09-29
E00083,E00171,6.5,1,2024-09-29
E00083,E00248,6.1,1,2024-09-29
E00091,E00106,6.2,1,2024-09-29
E00091,E00298,6.8,1,2024-09-29
E00106,E00233,6.7,1,2024-09-29
E00106,E00283,6.8,1,2024-09-29
E00129,E00190,7.7,1,2024-09-29
E00131,E00170,6.1,1,2024-09-29
E00131,E00190,5.8,1,2024-09-29
E00155,E00177,7.8,1,2024-09-29
E00170,E00171,5.9,1,2024-09-29
E00170,E00233,6.8,1,2024-09-29
E00170,E00283,7.0,1,2024-09-29
E00171,E00190,6.3,1,2024-09-29
E00171,E00233,7.3,1,2024-09-29
E00177,E00190,6.8,1,2024-09-29
E00190,E00192,6.0,1,2024-09-29
E00190,E00298,7.3,1,2024-09-29
E00248,E00298,6.9,2,2024-10-21
E00033,E00133,7.2,1,2026-02-21
E00033,E00168,6.4,1,2026-02-21
E00062,E00183,7.4,1,2026-02-21
E00089,E00133,6.9,2,2026-02-21
E00295,E00328,5.5,1,2026-02-21
E00312,E00315,6.3,1,2026-02-21
E00315,E00328,6.1,1,2026-02-21
E00006,E00403,6.5,1,2025-01-18
E00069,E00110,6.4,1,2025-01-18
E00110,E00318,6.4,1,2025-01-18
E00221,E00402,8.2,1,2025-01-18
E00272,E00291,5.5,1,2025-01-18
E00291,E00374,7.6,1,2025-01-18
E00291,E00402,8.1,1,2025-01-18
E00403,E00408,7.1,1,2025-01-18
E00064,E00639,5.5,1,2024-07-14
E00125,E00452,5.8,1,2024-07-14
E00170,E00193,7.3,1,2024-07-14
E00178,E00508,6.1,1,2024-07-14
E00259,E00508,7.4,1,2024-07-14
E00259,E00651,7.5,1,2024-07-14
E00317,E00380,7.7,1,2024-07-14
E00317,E00651,6.4,1,2024-07-14
E00060,E00081,7.2,1,2024-10-27
E00076,E00081,7.9,1,2024-10-27
E00081,E00290,6.4,1,2024-10-27
E00091,E00119,7.1,1,2024-10-27
E00091,E00190,7.3,1,2024-10-27
E00101,E00419,6.4,1,2024-10-27
E00146,E00290,5.5,1,2024-10-27
E00190,E00276,7.6,1,2024-10-27
E00290,E00419,5.9,1,2024-10-27
E00039,E00258,6.9,1,2024-07-24
E00039,E00291,5.9,1,2024-07-24
E00078,E00091,7.8,1,2024-07-24
E00078,E00341,7.3,1,2024-07-24
E00091,E00232,7.4,1,2024-07-24
E00091,E00341,7.7,1,2024-07-24
E00105,E00341,5.7,1,2024-07-24
E00183,E00232,7.6,1,2024-07-24
E00195,E00201,5.9,1,2024-07-24
E00201,E00273,5.7,1,2024-07-24
E00273,E00291,6.1,1,2024-07-24
E00060,E00248,7.4,1,2025-09-27
E00062,E00248,7.6,1,2025-09-27
E00230,E00279,6.5,2,2025-09-27
E00031,E00299,6.8,1,2025-03-05
E00039,E00083,5.5,1,2025-03-05
E00039,E00165,6.5,1,2025-03-05
E00039,E00208,7.3,1,2025-03-05
E00039,E00299,6.2,1,2025-03-05
E00069,E00237,5.7,1,2025-03-05
E00073,E00083,6.7,1,2025-03-05
E00073,E00130,6.8,1,2025-03-05
E00073,E00216,7.5,1,2025-03-05
E00127,E00251,7.4,2,2026-02-23
E00165,E00207,6.4,1,2025-03-05
E00207,E00208,6.6,1,2025-03-05
E00207,E00237,5.5,1,2025-03-05
E00208,E00216,6.7,1,2025-03-05
E00208,E00251,7.9,1,2025-03-05
E00208,E00299,6.4,1,2025-03-05
E00302,E00315,6.7,1,2025-03-05
E00009,E00179,6.4,1,2024-09-03
E00079,E00237,6.7,1,2024-09-03
E00083,E00176,8.5,1,2024-09-03
E00118,E00179,6.2,1,2024-09-03
E00118,E00289,6.7,2,2026-03-24
E00176,E00182,7.1,1,2024-09-03
E00179,E00201,7.0,1,2024-09-03
E00194,E00324,6.7,1,2024-09-03
E00201,E00237,8.0,1,2024-09-03
E00179,E00384,6.5,1,2024-06-12
E00200,E00354,5.8,1,2024-06-12
E00353,E00430,7.6,1,2024-06-12
E00354,E00430,7.1,1,2024-06-12
E00354,E00460,5.5,1,2024-06-12
E00384,E00460,5.5,1,2024-06-12
E00019,E00209,8.2,1,2024-07-15
E00019,E00247,7.3,1,2024-07-15
E00019,E00364,5.7,1,2024-07-15
E00019,E00391,6.1,2,2025-03-30
E00041,E00209,7.7,1,2024-07-15
E00041,E00316,6.9,1,2024-07-15
E00054,E00110,8.1,2,2024-07-15
E00054,E00226,8.2,1,2024-07-15
E00054,E00350,8.2,1,2024-07-15
E00071,E00174,6.5,1,2024-07-15
E00071,E00229,6.5,1,2024-07-15
E00071,E00391,5.9,1,2024-07-15
E00095,E00174,6.5,1,2024-07-15
E00095,E00364,6.9,1,2024-07-15
E00096,E00316,7.8,1,2024-07-15
E00096,E00391,6.5,1,2024-07-15
E00124,E00316,6.7,1,2024-07-15
E00146,E00162,7.8,1,2024-07-15
E00146,E00210,7.4,1,2024-07-15
E00147,E00402,6.5,1,2024-07-15
E00192,E00229,5.7,1,2024-07-15
E00192,E00374,5.6,1,2024-07-15
E00209,E00226,9.0,1,2024-07-15
E00210,E00391,6.5,1,2024-07-15
E00226,E00316,8.1,1,2024-07-15
E00226,E00364,7.7,1,2024-07-15
E00226,E00369,7.4,1,2024-07-15
E00226,E00374,6.8,1,2024-07-15
E00226,E00391,6.8,1,2024-07-15
E00229,E00369,6.1,1,2024-07-15
E00245,E00247,8.3,1,2024-07-15
E00245,E00402,7.4,1,2024-07-15
E00316,E00348,6.7,1,2024-07-15
E00316,E00369,7.5,1,2024-07-15
E00316,E00374,6.2,1,2024-07-15
E00316,E00391,7.3,1,2024-07-15
E00364,E00369,6.8,1,2024-07-15
E00374,E00402,6.2,1,2024-07-15
E00018,E00413,6.0,1,2026-03-29
E00037,E00480,6.8,1,2026-03-29
E00071,E00170,7.5,1,2026-03-29
E00071,E00455,6.7,1,2026-03-29
E00071,E00459,7.8,1,2026-03-29
E00071,E00480,7.6,1,2026-03-29
E00106,E00413,6.9,1,2026-03-29
E00113,E00499,7.1,1,2026-03-29
E00114,E00494,6.6,1,2026-03-29
E00147,E00480,7.1,1,2026-03-29
E00147,E00499,7.1,1,2026-03-29
E00170,E00413,7.3,1,2026-03-29
E00235,E00239,7.2,1,2026-03-29
E00239,E00409,8.5,1,2026-03-29
E00239,E00413,7.4,1,2026-03-29
E00239,E00459,7.1,1,2026-03-29
E00413,E00427,7.6,1,2026-03-29
E00413,E00499,7.1,1,2026-03-29
E00420,E00427,6.7,1,2026-03-29
E00420,E00459,6.1,1,2026-03-29
E00420,E00510,7.1,1,2026-03-29
E00010,E00268,6.5,1,2024-04-12
E00116,E00252,7.4,1,2024-04-12
E00200,E00252,6.9,1,2024-04-12
E00221,E00237,6.5,1,2024-04-12
E00224,E00268,7.3,1,2024-04-12
E00060,E00207,6.2,1,2026-03-17
E00253,E00415,7.0,1,2026-03-17
E00294,E00371,6.0,1,2026-03-17
E00348,E00371,7.6,1,2026-03-17
E00028,E00031,7.6,1,2026-03-20
E00028,E00197,6.9,1,2026-03-20
E00028,E00351,7.3,1,2026-03-20
E00031,E00234,7.9,1,2026-03-20
E00082,E00351,7.5,1,2026-03-20
E00084,E00262,6.6,1,2026-03-20
E00084,E00351,6.8,1,2026-03-20
E00091,E00197,6.9,1,2026-03-20
E00105,E00157,7.6,1,2026-03-20
E00105,E00234,7.7,1,2026-03-20
E00152,E00262,6.7,1,2026-03-20
E00157,E00234,7.4,1,2026-03-20
E00196,E00234,8.4,1,2026-03-20
E00234,E00262,7.8,1,2026-03-20
E00246,E00351,6.8,1,2026-03-20
E00262,E00305,7.7,1,2026-03-20
E00015,E00267,6.1,1,2024-03-02
E00076,E00112,6.9,1,2024-03-02
E00112,E00222,8.1,1,2024-03-02
E00112,E00266,5.9,1,2024-03-02
E00152,E00224,7.2,1,2024-03-02
E00222,E00339,7.4,1,2024-03-02
E00018,E00101,7.7,1,2024-04-12
E00018,E00307,9.7,1,2024-04-12
E00039,E00101,7.6,1,2024-04-12
E00039,E00124,8.7,1,2024-04-12
E00039,E00164,7.5,1,2024-04-12
E00084,E00101,7.2,1,2024-04-12
E00101,E00124,7.9,1,2024-04-12
E00101,E00194,6.2,1,2024-04-12
E00152,E00318,6.5,1,2024-04-12
E00164,E00318,6.6,1,2024-04-12
E00200,E00318,6.6,1,2024-04-12
E00204,E00347,8.4,1,2024-07-24
E00322,E00365,8.4,1,2024-07-24
E00322,E00407,7.3,1,2024-07-24
E00347,E00407,7.8,1,2024-07-24
E00014,E00112,6.7,2,2024-12-28
E00014,E00177,7.4,1,2023-12-08
E00014,E00231,8.6,1,2023-12-08
E00014,E00314,7.6,2,2024-12-20
E00051,E00177,6.0,1,2023-12-08
E00051,E00380,5.9,1,2023-12-08
E00060,E00260,6.3,1,2023-12-08
E00101,E00229,6.5,1,2023-12-08
E00101,E00314,7.0,1,2023-12-08
E00101,E00347,6.9,1,2023-12-08
E00229,E00260,7.3,1,2023-12-08
E00229,E00393,6.1,1,2023-12-08
E00273,E00347,8.4,1,2023-12-08
E00279,E00393,7.5,1,2023-12-08
E00279,E00468,7.6,1,2023-12-08
E00314,E00347,8.1,1,2023-12-08
E00380,E00393,6.2,1,2023-12-08
E00015,E00420,6.1,1,2026-04-26
E00083,E00326,6.2,2,2026-04-26
E00120,E00250,6.2,1,2026-04-26
E00120,E00326,6.4,1,2026-04-26
E00166,E00378,5.8,1,2026-04-26
E00232,E00434,6.9,1,2026-04-26
E00250,E00392,6.2,1,2026-04-26
E00279,E00400,7.7,1,2026-04-26
E00326,E00420,5.5,1,2026-04-26
E00371,E00378,6.4,1,2026-04-26
E00371,E00400,6.7,1,2026-04-26
E00023,E00205,5.5,1,2026-04-16
E00023,E00296,7.1,1,2026-04-16
E00036,E00230,6.6,1,2026-04-16
E00039,E00097,7.6,1,2026-04-16
E00039,E00230,6.3,1,2026-04-16
E00077,E00138,7.8,1,2026-04-16
E00077,E00296,6.8,1,2026-04-16
E00097,E00205,6.7,2,2026-04-16
E00097,E00296,7.4,1,2026-04-16
E00138,E00190,7.0,1,2026-04-16
E00028,E00133,7.6,1,2025-02-25
E00028,E00162,7.0,1,2025-02-25
E00028,E00179,8.2,1,2025-02-25
E00028,E00382,7.2,1,2025-02-25
E00053,E00381,6.2,1,2025-02-25
E00118,E00162,6.7,1,2025-02-25
E00179,E00381,7.0,1,2025-02-25
E00182,E00198,6.2,2,2026-02-26
E00198,E00381,6.7,1,2025-02-25
E00223,E00263,8.6,1,2025-02-25
E00250,E00263,6.9,1,2025-02-25
E00381,E00382,6.1,1,2025-02-25
E00093,E00158,7.5,1,2025-02-28
E00093,E00164,7.3,1,2025-02-28
E00158,E00199,6.6,1,2025-02-28
E00164,E00278,7.1,1,2025-02-28
E00164,E00716,7.3,1,2025-02-28
E00199,E00270,7.5,1,2025-02-28
E00257,E00278,7.0,1,2025-02-28
E00278,E00627,6.9,1,2025-02-28
E00385,E00434,6.3,1,2025-02-28
E00434,E00452,9.1,1,2025-02-28
E00434,E00627,6.6,1,2025-02-28
E00020,E00250,6.9,1,2026-01-29
E00045,E00099,6.8,1,2026-01-29
E00084,E00379,6.6,1,2026-01-29
E00103,E00297,7.0,1,2026-01-29
E00103,E00311,7.4,1,2026-01-29
E00172,E00368,7.0,1,2026-01-29
E00196,E00297,7.6,1,2026-01-29
E00196,E00368,7.3,1,2026-01-29
E00196,E00379,6.4,1,2026-01-29
E00250,E00291,8.7,1,2026-01-29
E00291,E00311,8.3,1,2026-01-29
E00299,E00368,7.2,1,2026-01-29
E00311,E00389,7.1,1,2026-01-29
E00335,E00382,7.2,1,2026-01-29
E00343,E00368,6.1,1,2026-01-29
E00360,E00382,7.9,1,2026-01-29
E00060,E00276,6.7,1,2024-07-21
E00086,E00338,7.1,1,2024-07-21
E00212,E00276,6.7,1,2024-07-21
E00239,E00276,6.1,1,2024-07-21
E00035,E00327,5.9,1,2025-01-29
E00094,E00147,5.8,1,2025-01-29
E00094,E00238,7.2,1,2025-01-29
E00139,E00326,5.5,1,2025-01-29
E00139,E00327,5.5,1,2025-01-29
E00052,E00220,7.2,1,2025-03-21
E00200,E00236,6.9,1,2025-03-21
E00214,E00220,7.1,1,2025-03-21
E00214,E00234,8.1,1,2025-03-21
E00234,E00236,6.9,1,2025-03-21
E00234,E00356,7.5,1,2025-03-21
E00025,E00135,5.6,1,2024-10-22
E00037,E00391,7.4,1,2024-10-22
E00037,E00410,7.8,1,2024-10-22
E00118,E00253,7.1,1,2024-10-22
E00122,E00429,7.3,1,2024-10-22
E00135,E00391,6.5,1,2024-10-22
E00253,E00410,7.1,1,2024-10-22
E00267,E00391,5.9,1,2024-10-22
E00096,E00286,7.3,1,2024-10-26
E00096,E00394,7.6,1,2024-10-26
E00143,E00435,6.4,1,2024-10-26
E00143,E00476,6.3,1,2024-10-26
E00207,E00394,6.9,1,2024-10-26
E00245,E00286,6.6,1,2024-10-26
E00245,E00351,7.6,1,2024-10-26
E00263,E00286,5.5,1,2024-10-26
E00263,E00394,5.6,1,2024-10-26
E00286,E00499,5.7,1,2024-10-26
E00315,E00518,5.6,1,2024-10-26
E00327,E00460,6.3,1,2024-10-26
E00351,E00518,8.1,1,2024-10-26
E00394,E00476,6.3,1,2024-10-26
E00008,E00122,6.3,1,2024-03-30
E00008,E00154,6.8,1,2024-03-30
E00008,E00474,7.3,1,2024-03-30
E00009,E00118,5.6,1,2024-03-30
E00009,E00280,6.4,1,2024-03-30
E00045,E00118,6.1,1,2024-03-30
E00045,E00152,6.9,1,2024-03-30
E00045,E00190,6.4,1,2024-03-30
E00045,E00311,6.3,1,2024-03-30
E00073,E00197,6.2,1,2024-03-30
E00073,E00249,6.6,1,2024-03-30
E00073,E00311,5.6,1,2024-03-30
E00093,E00190,8.3,1,2024-03-30
E00118,E00280,6.6,1,2024-03-30
E00152,E00249,6.8,1,2024-03-30
E00152,E00311,6.4,2,2026-02-26
E00152,E00447,6.3,1,2024-03-30
E00152,E00474,8.0,1,2024-03-30
E00154,E00190,7.5,1,2024-03-30
E00197,E00474,8.0,1,2024-03-30
E00257,E00280,6.7,1,2024-03-30
E00257,E00299,6.8,1,2024-03-30
E00280,E00299,6.1,2,2024-03-30
E00289,E00520,6.4,1,2024-03-30
E00299,E00447,6.2,1,2024-03-30
E00018,E00114,6.2,1,2025-06-23
E00018,E00123,5.7,1,2025-06-23
E00018,E00139,6.5,2,2025-09-12
E00081,E00146,7.3,1,2025-06-23
E00081,E00148,8.3,1,2025-06-23
E00081,E00303,6.2,1,2025-06-23
E00105,E00167,5.7,1,2025-06-23
E00114,E00139,6.5,1,2025-06-23
E00146,E00167,6.0,1,2025-06-23
E00148,E00163,8.9,1,2025-06-23
E00163,E00167,7.1,1,2025-06-23
E00021,E00063,6.1,1,2026-03-02
E00021,E00150,5.5,1,2026-03-02
E00021,E00708,6.0,1,2026-03-02
E00063,E00294,6.2,1,2026-03-02
E00132,E00708,5.5,1,2026-03-02
E00150,E00279,6.1,1,2026-03-02
E00266,E00708,6.2,1,2026-03-02
E00279,E00642,5.7,1,2026-03-02
E00294,E00641,6.7,1,2026-03-02
E00302,E00710,8.3,1,2026-03-02
E00569,E00693,6.5,1,2026-03-02
E00641,E00642,6.7,1,2026-03-02
E00641,E00708,6.4,1,2026-03-02
E00050,E00315,6.8,1,2026-03-17
E00084,E00173,6.9,1,2026-03-17
E00084,E00315,6.6,1,2026-03-17
E00128,E00302,7.1,1,2026-03-17
E00166,E00302,6.3,1,2026-03-17
E00270,E00357,7.6,1,2026-03-17
E00005,E00170,5.6,1,2025-01-16
E00006,E00029,6.4,1,2025-01-16
E00006,E00058,8.5,1,2025-01-16
E00006,E00187,8.3,1,2025-01-16
E00006,E00250,8.4,1,2025-01-16
E00013,E00025,6.6,1,2025-01-16
E00013,E00234,6.4,1,2025-01-16
E00013,E00249,6.7,1,2025-01-16
E00013,E00250,7.0,1,2025-01-16
E00025,E00058,7.7,1,2025-01-16
E00025,E00249,7.6,2,2026-02-14
E00029,E00246,5.8,1,2025-01-16
E00037,E00140,6.5,1,2025-01-16
E00048,E00250,6.2,2,2025-07-24
E00053,E00069,5.6,1,2025-01-16
E00053,E00279,6.9,1,2025-01-16
E00058,E00069,7.1,2,2025-01-16
E00058,E00192,7.7,1,2025-01-16
E00058,E00250,8.4,1,2025-01-16
E00069,E00192,5.9,1,2025-01-16
E00069,E00234,6.2,1,2025-01-16
E00170,E00236,6.4,1,2025-01-16
E00249,E00265,7.3,1,2025-01-16
E00001,E00007,7.0,1,2024-09-03
E00001,E00031,7.1,1,2024-09-03
E00007,E00256,7.0,1,2024-09-03
E00007,E00365,6.4,1,2024-09-03
E00031,E00046,7.7,1,2024-09-03
E00031,E00101,6.6,1,2024-09-03
E00031,E00233,6.9,1,2024-09-03
E00046,E00322,8.4,1,2024-09-03
E00078,E00322,7.0,1,2024-09-03
E00078,E00380,5.9,1,2024-09-03
E00080,E00081,6.8,2,2024-10-21
E00080,E00255,5.6,1,2024-09-03
E00084,E00235,7.8,1,2024-09-03
E00084,E00380,6.3,1,2024-09-03
E00193,E00322,7.2,1,2024-09-03
E00193,E00365,5.5,1,2024-09-03
E00365,E00396,6.4,1,2024-09-03
E00002,E00164,5.9,1,2026-03-17
E00002,E00388,6.3,1,2026-03-17
E00008,E00212,7.4,1,2026-03-17
E00008,E00388,5.6,1,2026-03-17
E00011,E00178,6.8,1,2026-03-17
E00011,E00256,7.4,1,2026-03-17
E00016,E00084,7.5,1,2026-03-17
E00016,E00110,7.2,2,2026-03-17
E00084,E00179,5.6,1,2026-03-17
E00084,E00212,8.0,1,2026-03-17
E00150,E00306,7.1,1,2026-03-17
E00164,E00212,7.8,1,2026-03-17
E00179,E00269,6.3,1,2026-03-17
E00256,E00306,8.1,1,2026-03-17
E00350,E00388,7.2,1,2026-03-17
E00057,E00090,7.0,1,2025-05-31
E00057,E00129,6.3,1,2025-05-31
E00057,E00295,6.3,1,2025-05-31
E00069,E00260,8.8,1,2025-05-31
E00081,E00295,6.3,1,2025-05-31
E00090,E00295,7.9,1,2025-05-31
E00096,E00244,7.6,2,2025-05-31
E00115,E00260,8.1,1,2025-05-31
E00198,E00236,6.6,1,2025-05-31
E00013,E00105,7.4,1,2024-10-12
E00105,E00210,7.6,1,2024-10-12
E00129,E00195,6.8,1,2024-10-12
E00129,E00294,7.8,1,2024-10-12
E00142,E00210,7.5,1,2024-10-12
E00198,E00294,7.4,1,2024-10-12
E00198,E00436,7.6,1,2024-10-12
E00003,E00012,6.3,1,2026-03-03
E00003,E00170,6.4,1,2026-03-03
E00003,E00294,5.5,1,2026-03-03
E00003,E00337,6.7,1,2026-03-03
E00032,E00324,7.2,1,2026-03-03
E00086,E00299,6.3,1,2026-03-03
E00086,E00337,6.6,1,2026-03-03
E00150,E00294,6.3,1,2026-03-03
E00170,E00294,6.2,1,2026-03-03
E00257,E00294,7.3,1,2026-03-03
E00257,E00337,7.2,1,2026-03-03
E00257,E00338,6.6,1,2026-03-03
E00011,E00016,6.4,1,2026-04-08
E00011,E00060,5.8,1,2026-04-08
E00011,E00079,7.1,1,2026-04-08
E00011,E00083,7.5,1,2026-04-08
E00016,E00060,6.1,1,2026-04-08
E00016,E00083,6.7,1,2026-04-08
E00016,E00142,5.9,1,2026-04-08
E00018,E00064,6.0,1,2026-04-08
E00021,E00060,6.4,1,2026-04-08
E00021,E00156,6.8,1,2026-04-08
E00021,E00273,6.3,2,2026-04-08
E00037,E00064,6.0,1,2026-04-08
E00037,E00083,7.3,1,2026-04-08
E00037,E00251,7.0,1,2026-04-08
E00064,E00280,5.9,1,2026-04-08
E00079,E00201,7.4,1,2026-04-08
E00079,E00263,7.2,1,2026-04-08
E00083,E00222,6.5,1,2026-04-08
E00106,E00201,6.2,1,2026-04-08
E00142,E00201,6.6,1,2026-04-08
E00142,E00263,6.6,1,2026-04-08
E00201,E00216,7.0,1,2026-04-08
E00222,E00280,5.5,1,2026-04-08
E00008,E00250,6.1,2,2025-07-25
E00029,E00250,7.0,1,2025-06-16
E00029,E00309,6.5,1,2025-06-16
E00075,E00095,5.8,1,2025-06-16
E00075,E00182,6.3,1,2025-06-16
E00075,E00270,5.5,1,2025-06-16
E00095,E00322,6.5,1,2025-06-16
E00098,E00309,5.8,1,2025-06-16
E00098,E00322,6.3,1,2025-06-16
E00182,E00200,6.4,1,2025-06-16
E00270,E00322,5.9,1,2025-06-16
E00322,E00348,6.8,1,2025-06-16
E00070,E00294,6.8,1,2023-10-18
E00076,E00389,6.8,1,2023-10-18
E00206,E00261,6.6,1,2023-10-18
E00232,E00261,6.5,1,2023-10-18
E00232,E00294,6.2,1,2023-10-18
E00261,E00294,5.8,2,2025-04-28
E00261,E00389,5.5,1,2023-10-18
E00378,E00389,5.8,1,2023-10-18
E00046,E00089,7.7,1,2024-05-08
E00046,E00197,6.0,1,2024-05-08
E00078,E00197,6.8,2,2024-05-08
E00078,E00335,7.4,1,2024-05-08
E00078,E00385,7.6,1,2024-05-08
E00089,E00389,9.1,1,2024-05-08
E00109,E00296,7.9,1,2024-05-08
E00197,E00304,7.1,1,2024-05-08
E00197,E00389,7.3,1,2024-05-08
E00305,E00383,5.5,1,2024-05-08
E00009,E00019,6.2,1,2025-02-13
E00010,E00137,7.3,1,2025-02-13
E00010,E00272,5.6,1,2025-02-13
E00137,E00179,8.6,1,2025-02-13
E00177,E00301,6.8,1,2025-02-13
E00067,E00244,6.5,1,2026-04-05
E00234,E00247,7.0,2,2026-04-05
E00300,E00348,7.9,1,2026-04-05
E00389,E00428,5.5,1,2026-04-05
E00008,E00062,7.7,1,2024-05-24
E00028,E00076,5.6,1,2024-05-24
E00062,E00109,6.8,1,2024-05-24
E00062,E00130,7.8,1,2024-05-24
E00083,E00286,6.5,1,2024-05-24
E00130,E00332,9.4,1,2024-05-24
E00200,E00286,6.7,1,2024-05-24
E00083,E00230,6.8,1,2024-10-07
E00083,E00307,6.5,1,2024-10-07
E00109,E00411,7.3,1,2024-10-07
E00177,E00307,6.3,1,2024-10-07
E00184,E00307,6.9,1,2024-10-07
E00184,E00323,7.0,1,2024-10-07
E00307,E00339,7.4,1,2024-10-07
E00323,E00365,7.0,1,2024-10-07
E00339,E00381,7.3,1,2024-10-07
E00042,E00294,7.4,1,2024-11-20
E00046,E00119,6.2,1,2024-11-20
E00046,E00325,7.2,1,2024-11-20
E00046,E00366,7.6,2,2024-11-20
E00110,E00192,7.0,1,2024-11-20
E00110,E00325,7.0,1,2024-11-20
E00119,E00238,6.1,2,2024-11-20
E00119,E00294,6.2,1,2024-11-20
E00119,E00378,7.3,1,2024-11-20
E00238,E00347,7.6,1,2024-11-20
E00325,E00347,7.5,1,2024-11-20
E00366,E00378,7.5,1,2024-11-20
E00022,E00127,7.8,1,2025-05-28
E00022,E00323,6.7,1,2025-05-28
E00022,E00342,7.0,1,2025-05-28
E00022,E00920,7.5,1,2025-05-28
E00029,E00699,6.4,1,2025-05-28
E00038,E00066,7.6,1,2025-05-28
E00038,E00287,7.4,1,2025-05-28
E00066,E00342,6.1,1,2025-05-28
E00066,E00363,6.0,1,2025-05-28
E00066,E00699,6.6,1,2025-05-28
E00066,E00792,7.2,1,2025-05-28
E00127,E00323,7.8,1,2025-05-28
E00127,E00782,6.6,1,2025-05-28
E00233,E00287,6.8,1,2025-05-28
E00233,E00792,6.6,1,2025-05-28
E00287,E00363,6.7,1,2025-05-28
E00323,E00727,6.0,1,2025-05-28
E00323,E00792,6.8,1,2025-05-28
E00333,E00727,6.5,1,2025-05-28
E00342,E00727,5.5,1,2025-05-28
E00342,E00782,5.6,1,2025-05-28
E00363,E00782,5.5,1,2025-05-28
E00363,E00920,6.9,1,2025-05-28
E00628,E00813,7.1,1,2025-05-28
E00696,E00727,5.5,1,2025-05-28
E00782,E00792,6.4,1,2025-05-28
E00005,E00141,8.0,1,2025-09-18
E00005,E00345,8.0,1,2025-09-18
E00137,E00388,6.8,1,2025-09-18
E00137,E00440,7.4,1,2025-09-18
E00141,E00307,6.1,1,2025-09-18
E00231,E00308,7.9,1,2025-09-18
E00231,E00388,7.7,1,2025-09-18
E00345,E00398,5.6,1,2025-09-18
E00345,E00519,6.4,1,2025-09-18
E00388,E00519,7.5,1,2025-09-18
E00038,E00363,7.1,1,2026-01-10
E00038,E00390,6.7,1,2026-01-10
E00050,E00146,6.1,1,2026-01-10
E00099,E00307,5.6,1,2026-01-10
E00118,E00307,5.8,1,2026-01-10
E00128,E00378,6.2,1,2026-01-10
E00128,E00389,6.3,1,2026-01-10
E00146,E00261,7.5,1,2026-01-10
E00164,E00368,7.7,1,2026-01-10
E00184,E00216,8.0,1,2026-01-10
E00216,E00246,7.6,1,2026-01-10
E00216,E00261,8.0,2,2026-01-10
E00246,E00261,8.1,1,2026-01-10
E00246,E00378,5.6,1,2026-01-10
E00258,E00264,5.8,1,2026-01-10
E00258,E00293,5.6,1,2026-01-10
E00261,E00264,7.4,1,2026-01-10
E00261,E00363,8.6,1,2026-01-10
E00363,E00368,7.4,1,2026-01-10
E00002,E00408,5.6,1,2025-10-28
E00027,E00063,6.5,1,2025-10-28
E00061,E00345,6.2,1,2025-10-28
E00061,E00399,6.6,1,2025-10-28
E00065,E00233,7.0,1,2025-10-28
E00201,E00233,6.7,1,2025-10-28
E00201,E00345,7.0,1,2025-10-28
E00282,E00400,5.9,1,2025-10-28
E00400,E00408,5.8,1,2025-10-28
E00046,E00488,8.0,1,2024-08-09
E00046,E00507,6.9,1,2024-08-09
E00126,E00366,7.9,1,2024-08-09
E00126,E00380,6.4,1,2024-08-09
E00126,E00465,7.2,1,2024-08-09
E00128,E00263,6.0,1,2024-08-09
E00128,E00488,7.1,1,2024-08-09
E00237,E00246,7.7,2,2025-02-15
E00237,E00507,5.5,1,2024-08-09
E00263,E00447,6.6,1,2024-08-09
E00365,E00368,7.5,2,2026-04-06
E00366,E00474,7.9,1,2024-08-09
E00366,E00488,8.3,1,2024-08-09
E00465,E00479,7.4,1,2024-08-09
E00047,E00112,8.0,1,2025-06-15
E00047,E00141,7.7,1,2025-06-15
E00047,E00219,8.0,1,2025-06-15
E00047,E00330,8.7,1,2025-06-15
E00112,E00322,7.0,1,2025-06-15
E00076,E00145,9.8,1,2026-03-11
E00076,E00198,8.3,1,2026-03-11
E00122,E00214,6.7,2,2026-03-11
E00122,E00284,6.3,1,2026-03-11
E00146,E00214,7.7,1,2026-03-11
E00198,E00207,7.0,1,2026-03-11
E00214,E00284,8.4,1,2026-03-11
E00221,E00284,7.1,1,2026-03-11
E00282,E00284,6.3,1,2026-03-11
E00081,E00205,7.4,1,2024-04-30
E00081,E00273,7.4,1,2024-04-30
E00098,E00273,6.6,1,2024-04-30
E00142,E00279,6.9,1,2024-04-30
E00146,E00215,6.0,1,2024-04-30
E00279,E00286,6.9,1,2024-04-30
E00013,E00126,6.2,1,2025-01-01
E00013,E00366,5.5,1,2025-01-01
E00072,E00210,7.3,1,2025-01-01
E00100,E00126,6.6,1,2025-01-01
E00100,E00331,7.8,1,2025-01-01
E00135,E00200,6.5,1,2025-01-01
E00135,E00323,6.7,1,2025-01-01
E00135,E00381,6.3,1,2025-01-01
E00177,E00196,5.5,1,2025-01-01
E00196,E00366,6.3,1,2025-01-01
E00244,E00301,5.5,1,2025-01-01
E00323,E00381,7.6,1,2025-01-01
E00009,E00328,6.5,1,2026-03-30
E00016,E00236,8.3,1,2026-03-30
E00023,E00237,6.9,1,2026-03-30
E00023,E00389,8.1,1,2026-03-30
E00136,E00236,6.5,1,2026-03-30
E00136,E00237,6.5,1,2026-03-30
E00136,E00259,5.5,1,2026-03-30
E00136,E00324,6.6,1,2026-03-30
E00136,E00339,5.8,1,2026-03-30
E00168,E00324,7.0,1,2026-03-30
E00236,E00237,7.0,1,2026-03-30
E00259,E00324,6.9,1,2026-03-30
E00009,E00075,6.3,1,2024-10-21
E00009,E00091,6.3,2,2026-02-26
E00009,E00153,6.2,1,2024-10-21
E00075,E00091,7.8,1,2024-10-21
E00081,E00176,6.0,1,2024-10-21
E00081,E00195,6.5,1,2024-10-21
E00091,E00176,7.2,1,2024-10-21
E00091,E00323,6.5,1,2024-10-21
E00153,E00155,8.4,1,2024-10-21
E00153,E00339,7.0,1,2024-10-21
E00175,E00323,6.0,1,2024-10-21
E00176,E00339,6.3,1,2024-10-21
E00011,E00203,6.5,1,2026-04-01
E00011,E00540,5.9,1,2026-04-01
E00014,E00116,6.3,1,2026-04-01
E00014,E00330,5.5,1,2026-04-01
E00014,E00540,5.5,1,2026-04-01
E00116,E00540,6.2,1,2026-04-01
E00203,E00332,5.5,1,2026-04-01
E00256,E00330,7.2,1,2026-04-01
E00280,E00332,5.5,1,2026-04-01
E00280,E00467,6.7,1,2026-04-01
E00324,E00416,7.3,1,2026-04-01
E00330,E00392,5.6,1,2026-04-01
E00330,E00467,6.3,2,2026-04-01
E00122,E00215,8.2,1,2026-04-10
E00122,E00397,8.1,1,2026-04-10
E00122,E00403,6.3,1,2026-04-10
E00143,E00403,5.8,1,2026-04-10
E00156,E00190,5.9,1,2026-04-10
E00156,E00294,5.9,1,2026-04-10
E00156,E00378,5.8,1,2026-04-10
E00190,E00287,6.6,2,2026-04-10
E00236,E00287,7.2,1,2026-04-10
E00236,E00397,8.7,1,2026-04-10
E00294,E00319,6.3,1,2026-04-10
E00319,E00403,6.5,1,2026-04-10
E00042,E00244,7.4,1,2026-03-16
E00042,E00323,7.6,1,2026-03-16
E00124,E00217,7.2,1,2026-03-16
E00129,E00238,8.0,1,2026-03-16
E00129,E00342,8.3,1,2026-03-16
E00134,E00280,6.7,1,2026-03-16
E00201,E00223,6.6,1,2026-03-16
E00201,E00342,7.1,1,2026-03-16
E00217,E00251,7.5,1,2026-03-16
E00238,E00280,5.8,1,2026-03-16
E00244,E00251,6.4,1,2026-03-16
E00244,E00286,5.5,1,2026-03-16
E00280,E00286,5.5,1,2026-03-16
E00009,E00045,6.4,1,2026-04-07
E00009,E00359,7.4,1,2026-04-07
E00028,E00159,6.5,1,2026-04-07
E00028,E00214,7.6,1,2026-04-07
E00028,E00304,7.4,1,2026-04-07
E00028,E00359,6.9,1,2026-04-07
E00045,E00214,6.9,1,2026-04-07
E00045,E00264,6.0,1,2026-04-07
E00045,E00407,7.1,1,2026-04-07
E00112,E00181,6.1,1,2026-04-07
E00241,E00407,6.7,1,2026-04-07
E00304,E00359,6.7,1,2026-04-07
E00005,E00188,6.0,1,2026-04-23
E00005,E00261,5.7,1,2026-04-23
E00033,E00223,6.4,1,2026-04-23
E00033,E00250,6.5,1,2026-04-23
E00033,E00287,7.8,1,2026-04-23
E00049,E00223,6.3,1,2026-04-23
E00087,E00309,6.9,1,2026-04-23
E00087,E00319,5.7,1,2026-04-23
E00127,E00157,6.3,1,2026-04-23
E00127,E00287,6.7,1,2026-04-23
E00137,E00287,7.5,1,2026-04-23
E00137,E00307,8.2,1,2026-04-23
E00152,E00307,7.1,3,2026-04-23
E00163,E00287,6.0,1,2026-04-23
E00250,E00307,6.3,1,2026-04-23
E00261,E00287,6.2,1,2026-04-23
E00261,E00321,6.7,1,2026-04-23
E00287,E00309,7.7,1,2026-04-23
E00021,E00047,6.8,2,2026-04-23
E00124,E00182,7.4,1,2025-12-26
E00046,E00162,6.6,1,2023-12-01
E00046,E00267,7.8,1,2023-12-01
E00046,E00412,7.5,1,2023-12-01
E00071,E00224,6.6,1,2023-12-01
E00071,E00282,7.5,1,2023-12-01
E00130,E00267,7.6,2,2024-07-03
E00130,E00412,7.6,1,2023-12-01
E00142,E00146,5.5,1,2023-12-01
E00142,E00380,7.6,1,2023-12-01
E00159,E00366,7.6,1,2023-12-01
E00162,E00394,5.5,1,2023-12-01
E00197,E00224,7.6,1,2023-12-01
E00197,E00307,7.5,2,2025-08-04
E00224,E00307,8.7,1,2023-12-01
E00267,E00282,8.1,1,2023-12-01
E00366,E00394,7.9,1,2023-12-01
E00380,E00433,7.0,1,2023-12-01
E00008,E00289,6.3,1,2024-11-18
E00008,E00324,7.5,1,2024-11-18
E00008,E00337,6.6,1,2024-11-18
E00109,E00349,9.3,1,2024-11-18
E00128,E00167,5.6,1,2024-11-18
E00128,E00324,5.8,1,2024-11-18
E00128,E00342,7.2,1,2024-11-18
E00152,E00324,6.4,1,2024-11-18
E00342,E00349,9.4,1,2024-11-18
E00037,E00089,7.1,1,2023-09-21
E00037,E00452,8.8,1,2023-09-21
E00089,E00239,7.0,1,2023-09-21
E00110,E00476,5.7,1,2023-09-21
E00122,E00476,6.0,1,2023-09-21
E00122,E00490,6.8,1,2023-09-21
E00129,E00347,6.3,1,2023-09-21
E00347,E00466,6.4,1,2023-09-21
E00420,E00486,7.0,1,2023-09-21
E00480,E00490,7.0,1,2023-09-21
E00040,E00414,6.4,1,2025-09-14
E00040,E00751,6.7,1,2025-09-14
E00040,E00786,6.0,1,2025-09-14
E00143,E00712,5.9,1,2025-09-14
E00192,E00565,7.5,1,2025-09-14
E00192,E00622,7.1,1,2025-09-14
E00264,E00321,7.2,1,2025-09-14
E00264,E00368,7.5,1,2025-09-14
E00321,E00751,6.4,1,2025-09-14
E00368,E00622,7.4,1,2025-09-14
E00488,E00751,5.5,1,2025-09-14
E00565,E00712,7.0,1,2025-09-14
E00567,E00712,6.1,1,2025-09-14
E00622,E00713,6.6,1,2025-09-14
E00010,E00135,6.7,1,2025-12-03
E00010,E00174,6.5,1,2025-12-03
E00010,E00304,6.3,1,2025-12-03
E00042,E00174,5.5,1,2025-12-03
E00042,E00219,6.6,1,2025-12-03
E00042,E00305,7.1,1,2025-12-03
E00069,E00135,6.6,1,2025-12-03
E00069,E00174,6.5,1,2025-12-03
E00083,E00304,5.5,1,2025-12-03
E00130,E00219,7.0,1,2025-12-03
E00130,E00274,7.6,1,2025-12-03
E00152,E00160,6.8,1,2025-12-03
E00160,E00174,5.5,1,2025-12-03
E00160,E00219,6.6,1,2025-12-03
E00174,E00304,6.2,1,2025-12-03
E00304,E00307,5.9,1,2025-12-03
E00014,E00105,6.4,1,2025-07-25
E00230,E00272,7.2,1,2025-07-25
E00016,E00182,6.2,1,2026-02-26
E00100,E00182,7.0,1,2026-02-26
E00136,E00246,7.8,1,2026-02-26
E00136,E00258,6.9,1,2026-02-26
E00145,E00293,7.4,1,2026-02-26
E00176,E00325,6.0,1,2026-02-26
E00182,E00292,7.0,1,2026-02-26
E00182,E00324,6.7,1,2026-02-26
E00246,E00292,7.3,1,2026-02-26
E00249,E00293,7.6,1,2026-02-26
E00249,E00324,8.3,1,2026-02-26
E00293,E00325,6.8,1,2026-02-26
E00159,E00267,5.7,1,2024-01-16
E00159,E00401,7.9,1,2024-01-16
E00159,E00477,7.2,1,2024-01-16
E00216,E00258,7.2,1,2024-01-16
E00267,E00401,7.3,1,2024-01-16
E00347,E00402,7.6,1,2024-01-16
E00381,E00402,7.2,1,2024-01-16
E00401,E00453,8.1,1,2024-01-16
E00021,E00177,6.3,1,2024-06-20
E00039,E00046,8.1,1,2024-06-20
E00039,E00325,7.7,1,2024-06-20
E00046,E00198,7.3,1,2024-06-20
E00046,E00201,7.4,1,2024-06-20
E00071,E00260,6.9,1,2024-06-20
E00177,E00260,6.7,1,2024-06-20
E00181,E00366,6.6,1,2024-06-20
E00198,E00313,5.5,1,2024-06-20
E00165,E00273,6.5,1,2026-02-20
E00204,E00330,6.0,1,2026-02-20
E00204,E00370,6.5,1,2026-02-20
E00265,E00266,6.8,1,2026-02-20
E00265,E00370,7.3,1,2026-02-20
E00266,E00361,6.8,1,2026-02-20
E00273,E00274,6.3,1,2026-02-20
E00274,E00370,7.5,1,2026-02-20
E00274,E00382,6.9,1,2026-02-20
E00330,E00361,5.7,1,2026-02-20
E00330,E00370,6.4,1,2026-02-20
E00012,E00054,6.1,1,2024-11-05
E00012,E00156,6.3,1,2024-11-05
E00018,E00032,6.7,1,2024-11-05
E00018,E00037,5.8,1,2024-11-05
E00018,E00274,6.9,1,2024-11-05
E00032,E00148,6.0,1,2024-11-05
E00037,E00054,5.8,1,2024-11-05
E00037,E00236,6.3,1,2024-11-05
E00037,E00238,5.5,1,2024-11-05
E00042,E00051,6.7,1,2024-11-05
E00042,E00236,6.7,2,2024-11-05
E00051,E00238,6.9,1,2024-11-05
E00054,E00266,6.5,1,2024-11-05
E00080,E00274,7.1,1,2024-11-05
E00139,E00238,6.2,1,2024-11-05
E00185,E00266,8.0,1,2024-11-05
E00236,E00274,6.2,1,2024-11-05
E00020,E00092,5.9,1,2025-05-28
E00027,E00372,6.2,1,2025-05-28
E00092,E00211,6.3,1,2025-05-28
E00092,E00227,6.4,1,2025-05-28
E00173,E00215,6.8,1,2025-05-28
E00215,E00233,6.1,1,2025-05-28
E00215,E00250,6.7,1,2025-05-28
E00215,E00360,6.5,1,2025-05-28
E00227,E00372,6.7,1,2025-05-28
E00008,E00302,6.9,1,2024-01-07
E00031,E00072,6.6,1,2024-01-07
E00031,E00429,6.2,1,2024-01-07
E00072,E00179,6.1,1,2024-01-07
E00072,E00250,7.5,1,2024-01-07
E00072,E00302,7.6,1,2024-01-07
E00077,E00404,6.4,1,2024-01-07
E00179,E00237,5.9,1,2024-01-07
E00233,E00302,8.1,1,2024-01-07
E00250,E00285,6.6,1,2024-01-07
E00250,E00394,8.7,1,2024-01-07
E00285,E00404,6.1,1,2024-01-07
E00034,E00184,6.0,1,2025-12-31
E00052,E00054,6.5,1,2025-12-31
E00058,E00098,6.6,1,2025-12-31
E00078,E00137,8.7,1,2025-12-31
E00092,E00165,5.5,1,2025-12-31
E00103,E00149,8.1,1,2025-12-31
E00114,E00149,7.4,1,2025-12-31
E00114,E00165,5.6,1,2025-12-31
E00124,E00165,7.4,1,2025-12-31
E00124,E00207,7.6,1,2025-12-31
E00149,E00207,6.9,1,2025-12-31
E00165,E00184,6.0,1,2025-12-31
E00169,E00197,7.9,1,2025-12-31
E00197,E00274,6.8,1,2025-12-31
E00018,E00385,6.2,1,2024-04-13
E00018,E00520,6.8,1,2024-04-13
E00106,E00246,6.8,1,2024-04-13
E00106,E00281,6.5,1,2024-04-13
E00106,E00546,8.2,1,2024-04-13
E00221,E00520,6.6,1,2024-04-13
E00245,E00520,7.4,1,2024-04-13
E00246,E00316,7.1,1,2024-04-13
E00246,E00385,6.7,1,2024-04-13
E00250,E00546,7.3,1,2024-04-13
E00261,E00316,6.1,1,2024-04-13
E00261,E00520,5.8,1,2024-04-13
E00281,E00503,6.0,1,2024-04-13
E00499,E00518,6.4,1,2024-04-13
E00021,E00048,7.2,2,2024-07-23
E00021,E00619,6.5,1,2024-07-23
E00048,E00384,6.6,1,2024-07-23
E00048,E00619,7.7,1,2024-07-23
E00072,E00460,8.4,1,2024-07-23
E00072,E00492,7.4,1,2024-07-23
E00120,E00232,5.5,1,2024-07-23
E00120,E00384,6.2,1,2024-07-23
E00210,E00384,6.6,1,2024-07-23
E00232,E00492,5.7,1,2024-07-23
E00331,E00492,7.3,1,2024-07-23
E00384,E00408,7.9,1,2024-07-23
E00460,E00680,8.8,1,2024-07-23
E00480,E00680,6.3,1,2024-07-23
E00492,E00650,6.4,1,2024-07-23
E00080,E00182,6.7,1,2024-07-30
E00080,E00183,5.8,1,2024-07-30
E00103,E00146,6.8,1,2024-07-30
E00114,E00329,6.1,1,2024-07-30
E00129,E00146,6.1,1,2024-07-30
E00183,E00282,5.9,1,2024-07-30
E00197,E00200,6.0,1,2024-07-30
E00200,E00366,5.5,1,2024-07-30
E00225,E00338,6.4,1,2024-07-30
E00329,E00366,6.1,1,2024-07-30
E00366,E00368,6.2,1,2024-07-30
E00026,E00041,5.9,1,2026-02-18
E00041,E00188,5.8,1,2026-02-18
E00041,E00402,7.3,1,2026-02-18
E00041,E00420,6.9,1,2026-02-18
E00112,E00339,7.7,1,2026-02-18
E00119,E00188,7.2,1,2026-02-18
E00155,E00290,6.4,1,2026-02-18
E00188,E00402,7.6,1,2026-02-18
E00270,E00454,6.6,1,2026-02-18
E00290,E00420,5.8,1,2026-02-18
E00381,E00472,6.3,1,2026-02-18
E00031,E00042,6.7,2,2025-09-01
E00031,E00187,6.6,1,2025-09-01
E00042,E00214,7.2,3,2025-09-01
E00042,E00316,7.9,1,2025-09-01
E00072,E00286,7.9,2,2026-03-05
E00089,E00286,7.5,1,2025-09-01
E00124,E00255,7.2,1,2025-09-01
E00129,E00221,6.2,1,2025-09-01
E00129,E00305,6.6,1,2025-09-01
E00155,E00214,6.8,1,2025-09-01
E00155,E00305,6.8,1,2025-09-01
E00166,E00214,7.8,1,2025-09-01
E00217,E00286,7.2,1,2025-09-01
E00217,E00303,7.1,1,2025-09-01
E00221,E00281,7.7,1,2025-09-01
E00221,E00305,8.3,1,2025-09-01
E00281,E00316,7.7,1,2025-09-01
E00024,E00038,6.8,1,2026-01-25
E00024,E00221,7.9,1,2026-01-25
E00024,E00402,7.9,1,2026-01-25
E00029,E00221,7.8,1,2026-01-25
E00029,E00264,7.0,2,2026-03-28
E00221,E00333,7.8,1,2026-01-25
E00264,E00280,6.1,1,2026-01-25
E00264,E00333,6.5,1,2026-01-25
E00264,E00402,7.0,1,2026-01-25
E00307,E00312,6.0,1,2026-01-25
E00047,E00253,5.5,1,2026-02-28
E00076,E00320,6.3,1,2026-02-28
E00216,E00316,7.5,1,2026-02-28
E00229,E00237,5.8,1,2026-02-28
E00003,E00019,6.7,1,2025-06-16
E00003,E00150,6.2,1,2025-06-16
E00003,E00192,5.9,1,2025-06-16
E00108,E00177,8.1,1,2025-06-16
E00131,E00293,6.8,1,2025-06-16
E00150,E00199,7.7,1,2025-06-16
E00150,E00293,8.7,1,2025-06-16
E00152,E00333,5.8,1,2025-06-16
E00192,E00226,5.9,1,2025-06-16
E00192,E00342,5.7,1,2025-06-16
E00199,E00255,6.7,1,2025-06-16
E00255,E00293,7.7,1,2025-06-16
E00255,E00333,6.0,1,2025-06-16
E00256,E00291,8.5,1,2025-06-16
E00291,E00343,8.0,1,2025-06-16
E00333,E00343,7.0,1,2025-06-16
E00057,E00344,7.2,1,2026-03-25
E00057,E00355,7.7,1,2026-03-25
E00214,E00279,6.4,1,2026-03-25
E00221,E00366,5.8,1,2026-03-25
E00221,E00431,7.5,1,2026-03-25
E00279,E00366,6.9,1,2026-03-25
E00306,E00312,7.3,1,2026-03-25
E00306,E00355,7.1,1,2026-03-25
E00006,E00115,7.6,1,2024-08-19
E00006,E00134,6.6,1,2024-08-19
E00006,E00245,7.0,1,2024-08-19
E00006,E00453,7.0,1,2024-08-19
E00054,E00105,5.6,2,2024-08-19
E00054,E00245,6.5,1,2024-08-19
E00054,E00412,7.1,1,2024-08-19
E00070,E00187,7.2,1,2024-08-19
E00105,E00242,6.1,1,2024-08-19
E00134,E00155,7.0,1,2024-08-19
E00155,E00242,6.9,1,2024-08-19
E00155,E00364,6.7,1,2024-08-19
E00155,E00466,6.6,1,2024-08-19
E00155,E00520,7.9,1,2024-08-19
E00187,E00245,8.1,1,2024-08-19
E00242,E00364,6.5,1,2024-08-19
E00242,E00466,5.8,1,2024-08-19
E00245,E00453,6.3,1,2024-08-19
E00291,E00516,7.7,1,2024-08-19
E00453,E00591,6.0,1,2024-08-19
E00466,E00591,6.0,1,2024-08-19
E00008,E00329,5.7,1,2025-05-27
E00020,E00142,8.6,1,2025-05-27
E00089,E00127,5.5,1,2025-05-27
E00089,E00329,6.5,1,2025-05-27
E00089,E00420,6.7,1,2025-05-27
E00089,E00434,5.5,1,2025-05-27
E00142,E00409,6.9,1,2025-05-27
E00142,E00420,7.9,1,2025-05-27
E00142,E00428,8.4,1,2025-05-27
E00280,E00371,6.5,1,2025-05-27
E00292,E00329,6.0,1,2025-05-27
E00292,E00487,7.1,1,2025-05-27
E00329,E00409,6.5,1,2025-05-27
E00409,E00428,7.0,1,2025-05-27
E00001,E00314,6.3,1,2024-12-20
E00011,E00061,6.1,1,2024-12-20
E00061,E00152,6.4,1,2024-12-20
E00083,E00261,6.8,1,2024-12-20
E00116,E00234,7.8,1,2024-12-20
E00122,E00152,8.5,1,2024-12-20
E00138,E00234,6.0,1,2024-12-20
E00188,E00307,6.4,1,2024-12-20
E00314,E00321,6.0,1,2024-12-20
E00051,E00347,6.6,1,2026-03-30
E00173,E00941,5.7,1,2026-03-30
E00200,E00452,7.1,1,2026-03-30
E00200,E00997,6.6,1,2026-03-30
E00083,E00197,6.8,1,2025-05-02
E00170,E00247,6.8,1,2025-05-02
E00170,E00268,6.6,1,2025-05-02
E00013,E00042,5.5,1,2025-05-19
E00013,E00242,6.9,1,2025-05-19
E00015,E00106,6.9,2,2025-11-20
E00015,E00182,8.2,1,2025-05-19
E00015,E00198,7.4,1,2025-05-19
E00042,E00101,6.4,1,2025-05-19
E00048,E00294,7.6,2,2025-12-21
E00058,E00070,7.1,1,2025-05-19
E00070,E00309,6.8,1,2025-05-19
E00106,E00198,6.0,1,2025-05-19
E00182,E00216,8.1,1,2025-05-19
E00196,E00216,6.5,1,2025-05-19
E00196,E00294,6.1,1,2025-05-19
E00196,E00309,5.5,1,2025-05-19
E00216,E00260,7.0,1,2025-05-19
E00260,E00347,6.8,1,2025-05-19
E00027,E00121,6.6,1,2023-08-13
E00027,E00274,7.0,1,2023-08-13
E00027,E00419,7.0,1,2023-08-13
E00042,E00194,8.2,1,2023-08-13
E00072,E00074,6.1,1,2023-08-13
E00072,E00232,6.7,1,2023-08-13
E00074,E00130,6.8,1,2023-08-13
E00074,E00399,6.9,1,2023-08-13
E00098,E00379,7.2,1,2023-08-13
E00121,E00247,6.2,1,2023-08-13
E00194,E00225,7.8,1,2023-08-13
E00225,E00379,6.9,1,2023-08-13
E00232,E00274,7.0,1,2023-08-13
E00232,E00366,7.4,1,2023-08-13
E00274,E00399,7.8,1,2023-08-13
E00366,E00419,7.7,1,2023-08-13
E00011,E00394,6.1,1,2026-03-14
E00067,E00391,6.7,1,2026-03-14
E00067,E00454,6.9,1,2026-03-14
E00075,E00198,7.7,1,2026-03-14
E00075,E00236,7.2,1,2026-03-14
E00075,E00356,6.8,1,2026-03-14
E00075,E00394,6.3,1,2026-03-14
E00080,E00394,5.5,1,2026-03-14
E00110,E00251,6.8,1,2026-03-14
E00110,E00394,7.1,1,2026-03-14
E00185,E00275,7.1,1,2026-03-14
E00198,E00454,6.6,1,2026-03-14
E00223,E00270,6.2,1,2026-03-14
E00251,E00391,6.1,1,2026-03-14
E00275,E00342,5.7,1,2026-03-14
E00275,E00356,6.5,1,2026-03-14
E00028,E00189,7.3,1,2025-05-09
E00159,E00286,7.7,1,2025-05-09
E00159,E00363,6.7,1,2025-05-09
E00159,E00399,6.0,1,2025-05-09
E00189,E00363,5.7,1,2025-05-09
E00189,E00399,5.6,1,2025-05-09
E00213,E00323,5.8,1,2025-05-09
E00255,E00286,6.5,1,2025-05-09
E00255,E00323,6.2,1,2025-05-09
E00281,E00286,7.6,1,2025-05-09
E00285,E00286,6.3,1,2025-05-09
E00285,E00323,5.5,1,2025-05-09
E00285,E00397,5.5,1,2025-05-09
E00142,E01043,5.5,1,2024-07-25
E00142,E01250,5.9,1,2024-07-25
E00162,E00916,7.5,1,2024-07-25
E00331,E01043,6.3,1,2024-07-25
E00891,E01043,6.2,1,2024-07-25
E00891,E01216,5.5,1,2024-07-25
E00891,E01250,5.5,1,2024-07-25
E01006,E01043,6.1,1,2024-07-25
E01043,E01081,7.5,1,2024-07-25
E01082,E01094,6.1,1,2024-07-25
E00029,E00391,6.4,1,2025-03-30
E00080,E00300,6.3,1,2025-03-30
E00080,E00383,8.2,1,2025-03-30
E00264,E00391,6.1,1,2025-03-30
E00324,E00383,7.7,1,2025-03-30
E00075,E00287,6.3,1,2025-06-03
E00075,E00371,7.4,1,2025-06-03
E00196,E00219,8.7,1,2025-06-03
E00265,E00307,6.0,1,2025-06-03
E00324,E00371,6.8,1,2025-06-03
E00325,E00371,7.2,1,2025-06-03
E00007,E00201,6.7,1,2024-04-23
E00018,E00140,7.4,1,2024-04-23
E00018,E00198,7.6,1,2024-04-23
E00019,E00025,5.6,1,2024-04-23
E00019,E00157,5.5,1,2024-04-23
E00019,E00198,6.3,2,2024-12-14
E00025,E00149,8.1,1,2024-04-23
E00025,E00265,7.6,1,2024-04-23
E00056,E00081,5.8,1,2024-04-23
E00056,E00265,6.9,1,2024-04-23
E00095,E00201,7.0,1,2024-04-23
E00116,E00157,6.8,1,2024-04-23
E00116,E00343,6.5,1,2024-04-23
E00140,E00149,6.4,1,2024-04-23
E00186,E00321,6.9,1,2024-04-23
E00201,E00265,7.3,1,2024-04-23
E00265,E00321,7.1,1,2024-04-23
E00057,E00241,7.6,1,2023-09-06
E00078,E00124,6.7,1,2023-09-06
E00150,E00241,6.2,1,2023-09-06
E00152,E00197,6.6,1,2023-09-06
E00218,E00241,6.2,1,2023-09-06
E00003,E00086,7.8,1,2025-11-27
E00003,E00203,8.0,1,2025-11-27
E00007,E00060,6.6,1,2025-11-27
E00007,E00265,8.0,1,2025-11-27
E00007,E00428,6.7,1,2025-11-27
E00086,E00266,7.2,1,2025-11-27
E00086,E00332,6.3,1,2025-11-27
E00142,E00193,6.6,1,2025-11-27
E00142,E00332,7.4,1,2025-11-27
E00142,E00360,6.7,1,2025-11-27
E00193,E00332,6.3,1,2025-11-27
E00273,E00397,6.9,1,2025-11-27
E00397,E00428,6.9,1,2025-11-27
E00009,E00364,5.8,1,2026-03-27
E00130,E00255,6.2,1,2026-03-27
E00175,E00364,6.0,1,2026-03-27
E00264,E00364,5.5,1,2026-03-27
E00302,E00364,6.5,1,2026-03-27
E00302,E00379,8.0,1,2026-03-27
E00045,E00049,7.1,1,2025-04-05
E00045,E00070,6.9,1,2025-04-05
E00045,E00194,7.6,2,2025-04-05
E00045,E00358,7.2,1,2025-04-05
E00049,E00092,6.5,1,2025-04-05
E00049,E00194,7.9,1,2025-04-05
E00194,E00220,7.2,1,2025-04-05
E00006,E00113,7.1,1,2025-01-15
E00006,E00247,7.2,1,2025-01-15
E00006,E00284,6.7,1,2025-01-15
E00012,E00283,5.8,1,2025-01-15
E00029,E00283,6.8,1,2025-01-15
E00029,E00311,7.0,1,2025-01-15
E00113,E00266,7.2,1,2025-01-15
E00113,E00279,7.3,1,2025-01-15
E00113,E00342,6.4,1,2025-01-15
E00283,E00284,5.7,1,2025-01-15
E00001,E00383,6.0,1,2024-12-08
E00050,E00378,6.2,1,2024-12-08
E00069,E00323,7.0,1,2024-12-08
E00069,E00378,5.5,1,2024-12-08
E00314,E00383,6.4,1,2024-12-08
E00069,E00844,6.7,1,2025-04-22
E00069,E00936,6.3,1,2025-04-22
E00069,E01200,6.4,1,2025-04-22
E00172,E00839,5.6,1,2025-04-22
E00172,E01200,5.7,1,2025-04-22
E00389,E00623,5.5,1,2025-04-22
E00389,E00936,6.4,1,2025-04-22
E00389,E01140,5.8,1,2025-04-22
E00495,E00504,6.6,1,2025-04-22
E00495,E00601,5.9,1,2025-04-22
E00504,E00839,6.3,1,2025-04-22
E00623,E00844,6.4,1,2025-04-22
E00623,E01200,5.5,1,2025-04-22
E00839,E00856,7.7,1,2025-04-22
E00839,E01249,6.5,1,2025-04-22
E00924,E01140,6.0,1,2025-04-22
E00018,E00124,6.6,1,2025-01-04
E00018,E00284,6.6,1,2025-01-04
E00092,E00212,5.5,1,2025-01-04
E00152,E00284,6.0,1,2025-01-04
E00204,E00221,8.0,1,2025-01-04
E00077,E00175,6.4,1,2025-11-06
E00081,E00117,7.1,1,2025-11-06
E00115,E00137,6.4,1,2025-11-06
E00117,E00303,5.6,1,2025-11-06
E00120,E00175,6.7,1,2025-11-06
E00137,E00175,7.1,1,2025-11-06
E00137,E00325,7.6,1,2025-11-06
E00175,E00237,6.4,1,2025-11-06
E00303,E00316,7.5,1,2025-11-06
E00303,E00341,6.4,1,2025-11-06
E00325,E00329,6.6,1,2025-11-06
E00078,E00338,7.1,1,2025-06-27
E00078,E00394,7.0,1,2025-06-27
E00143,E00338,7.2,1,2025-06-27
E00143,E00394,7.4,1,2025-06-27
E00143,E00422,6.8,1,2025-06-27
E00152,E00386,6.8,1,2025-06-27
E00214,E00401,5.8,1,2025-06-27
E00298,E00418,7.8,1,2025-06-27
E00338,E00386,7.0,1,2025-06-27
E00394,E00401,6.7,1,2025-06-27
E00394,E00422,6.5,1,2025-06-27
E00103,E00167,7.9,1,2025-02-15
E00103,E00346,5.6,1,2025-02-15
E00146,E00270,7.2,2,2026-03-27
E00167,E00324,8.5,1,2025-02-15
E00167,E00397,7.7,1,2025-02-15
E00182,E00330,6.3,1,2025-02-15
E00182,E00406,7.3,1,2025-02-15
E00237,E00346,6.9,1,2025-02-15
E00246,E00398,8.4,1,2025-02-15
E00270,E00391,5.7,1,2025-02-15
E00292,E00324,7.7,1,2025-02-15
E00292,E00393,7.2,1,2025-02-15
E00292,E00419,7.0,1,2025-02-15
E00324,E00406,8.5,1,2025-02-15
E00330,E00346,6.3,1,2025-02-15
E00346,E00393,6.9,1,2025-02-15
E00391,E00398,5.5,1,2025-02-15
E00393,E00398,6.7,1,2025-02-15
E00397,E00419,6.3,1,2025-02-15
E00406,E00419,6.7,1,2025-02-15
E00013,E00035,7.0,1,2024-06-09
E00013,E00096,6.9,1,2024-06-09
E00031,E00053,7.5,1,2024-06-09
E00031,E00115,6.2,1,2024-06-09
E00035,E00126,6.8,1,2024-06-09
E00053,E00115,7.6,1,2024-06-09
E00053,E00239,8.4,1,2024-06-09
E00053,E00255,7.3,1,2024-06-09
E00053,E00299,7.3,1,2024-06-09
E00068,E00255,6.2,1,2024-06-09
E00115,E00169,6.5,1,2024-06-09
E00115,E00188,7.0,1,2024-06-09
E00126,E00190,7.2,1,2024-06-09
E00190,E00255,7.2,1,2024-06-09
E00237,E00299,6.1,1,2024-06-09
E00268,E00299,7.0,1,2024-06-09
E00046,E00295,7.0,1,2024-07-03
E00057,E00117,6.7,1,2024-07-03
E00057,E00171,5.9,1,2024-07-03
E00115,E00391,7.6,1,2024-07-03
E00129,E00267,6.3,1,2024-07-03
E00129,E00359,6.7,1,2024-07-03
E00130,E00223,6.1,1,2024-07-03
E00181,E00391,7.1,1,2024-07-03
E00105,E00219,6.7,1,2026-03-31
E00105,E00254,6.3,1,2026-03-31
E00105,E00297,6.1,1,2026-03-31
E00169,E00218,7.1,1,2026-03-31
E00169,E00297,5.8,1,2026-03-31
E00169,E00360,7.2,1,2026-03-31
E00218,E00360,7.8,1,2026-03-31
E00220,E00297,6.7,1,2026-03-31
E00220,E00360,7.4,1,2026-03-31
E00256,E00360,7.5,1,2026-03-31
E00009,E00415,6.5,1,2026-02-26
E00054,E00159,7.1,1,2026-02-26
E00054,E00198,8.3,1,2026-02-26
E00054,E00293,8.2,1,2026-02-26
E00054,E00347,7.4,1,2026-02-26
E00054,E00415,7.1,1,2026-02-26
E00060,E00413,7.6,1,2026-02-26
E00077,E00157,7.6,1,2026-02-26
E00077,E00347,6.5,1,2026-02-26
E00077,E00413,6.7,1,2026-02-26
E00090,E00159,8.0,1,2026-02-26
E00090,E00378,7.3,1,2026-02-26
E00094,E00159,5.6,1,2026-02-26
E00114,E00152,6.9,1,2026-02-26
E00114,E00219,5.9,1,2026-02-26
E00114,E00417,5.5,1,2026-02-26
E00152,E00293,8.3,1,2026-02-26
E00157,E00159,7.5,1,2026-02-26
E00157,E00219,7.3,1,2026-02-26
E00157,E00291,7.6,1,2026-02-26
E00157,E00293,8.5,1,2026-02-26
E00159,E00182,5.9,1,2026-02-26
E00198,E00219,7.0,1,2026-02-26
E00198,E00293,8.0,1,2026-02-26
E00219,E00291,6.5,1,2026-02-26
E00293,E00401,6.7,1,2026-02-26
E00295,E00311,6.7,1,2026-02-26
E00295,E00413,7.3,1,2026-02-26
E00295,E00417,6.6,1,2026-02-26
E00311,E00378,6.0,1,2026-02-26
E00347,E00415,6.2,1,2026-02-26
E00096,E00108,5.8,1,2025-03-10
E00152,E00187,6.5,1,2025-03-10
E00187,E00194,7.1,1,2025-03-10
E00009,E00167,7.1,1,2026-04-23
E00047,E00225,6.8,1,2026-04-23
E00049,E00221,6.3,1,2026-04-23
E00049,E00229,6.3,1,2026-04-23
E00064,E00137,7.3,1,2026-04-23
E00064,E00319,6.6,1,2026-04-23
E00127,E00167,8.0,1,2026-04-23
E00127,E00229,7.3,1,2026-04-23
E00127,E00345,7.4,1,2026-04-23
E00137,E00313,7.6,1,2026-04-23
E00167,E00205,6.9,1,2026-04-23
E00167,E00285,6.8,1,2026-04-23
E00186,E00313,6.4,1,2026-04-23
E00229,E00319,7.3,1,2026-04-23
E00236,E00319,6.6,1,2026-04-23
E00285,E00367,6.0,1,2026-04-23
E00023,E00055,6.5,1,2024-10-26
E00024,E00063,7.6,1,2024-10-26
E00024,E00168,6.8,1,2024-10-26
E00063,E00152,7.2,1,2024-10-26
E00063,E00267,8.2,1,2024-10-26
E00105,E00152,6.4,1,2024-10-26
E00168,E00225,7.0,1,2024-10-26
E00079,E00229,7.4,1,2025-05-25
E00140,E00196,6.1,1,2025-05-25
E00157,E00196,6.9,1,2025-05-25
E00196,E00210,6.8,1,2025-05-25
E00196,E00339,6.4,1,2025-05-25
E00246,E00339,6.5,1,2025-05-25
E00155,E00574,7.5,1,2026-03-12
E00202,E00316,7.3,1,2026-03-12
E00202,E00531,8.9,1,2026-03-12
E00281,E00342,5.8,1,2026-03-12
E00281,E00623,6.8,1,2026-03-12
E00316,E00632,6.1,1,2026-03-12
E00342,E00399,6.5,1,2026-03-12
E00399,E00623,7.4,1,2026-03-12
E00053,E00168,6.7,1,2024-08-12
E00055,E00179,7.3,1,2024-08-12
E00179,E00332,5.5,1,2024-08-12
E00008,E00297,6.2,1,2026-02-24
E00073,E00413,5.8,1,2026-02-24
E00126,E00188,8.4,1,2026-02-24
E00188,E00228,8.2,2,2026-02-24
E00188,E00477,8.9,1,2026-02-24
E00228,E00439,7.6,1,2026-02-24
E00294,E00297,6.8,1,2026-02-24
E00413,E00477,7.3,1,2026-02-24
E00056,E00179,6.6,1,2026-03-01
E00056,E00263,6.8,1,2026-03-01
E00056,E00347,7.0,1,2026-03-01
E00075,E00130,8.0,2,2026-03-01
E00130,E00134,7.9,1,2026-03-01
E00130,E00201,7.9,1,2026-03-01
E00134,E00201,6.3,1,2026-03-01
E00179,E00263,7.4,1,2026-03-01
E00192,E00201,6.3,1,2026-03-01
E00192,E00364,6.1,1,2026-03-01
E00201,E00347,6.1,1,2026-03-01
E00353,E00364,7.8,1,2026-03-01
E00364,E00414,8.3,1,2026-03-01
E00006,E00347,6.1,1,2026-02-22
E00015,E00200,6.3,1,2026-02-22
E00024,E00275,5.5,1,2026-02-22
E00024,E00347,5.6,1,2026-02-22
E00034,E00357,7.1,1,2026-02-22
E00134,E00188,6.2,1,2026-02-22
E00134,E00210,6.5,2,2026-02-22
E00134,E00357,6.4,1,2026-02-22
E00176,E00200,7.0,1,2026-02-22
E00188,E00200,6.8,2,2026-03-22
E00210,E00347,5.8,1,2026-02-22
E00045,E00058,6.6,1,2025-07-11
E00045,E00101,6.7,1,2025-07-11
E00058,E00146,6.7,1,2025-07-11
E00101,E00217,6.9,1,2025-07-11
E00101,E00311,6.5,1,2025-07-11
E00135,E00379,6.3,1,2025-07-11
E00146,E00397,8.8,1,2025-07-11
E00193,E00217,6.0,1,2025-07-11
E00193,E00379,7.0,1,2025-07-11
E00193,E00397,8.0,1,2025-07-11
E00215,E00397,8.0,1,2025-07-11
E00217,E00379,8.0,1,2025-07-11
E00009,E00041,7.4,1,2026-03-11
E00009,E00181,6.4,1,2026-03-11
E00009,E00366,8.4,1,2026-03-11
E00039,E00183,6.3,1,2026-03-11
E00041,E00179,7.2,1,2026-03-11
E00097,E00283,6.4,1,2026-03-11
E00179,E00341,7.5,1,2026-03-11
E00181,E00322,6.9,1,2026-03-11
E00183,E00223,7.2,1,2026-03-11
E00183,E00251,7.4,1,2026-03-11
E00183,E00366,8.3,1,2026-03-11
E00223,E00251,6.6,1,2026-03-11
E00223,E00283,6.6,1,2026-03-11
E00322,E00373,6.4,1,2026-03-11
E00023,E00163,6.6,1,2024-10-23
E00023,E00195,6.9,1,2024-10-23
E00023,E00326,6.0,1,2024-10-23
E00031,E00195,6.0,1,2024-10-23
E00045,E00195,6.7,1,2024-10-23
E00077,E00326,6.4,1,2024-10-23
E00077,E00415,7.4,1,2024-10-23
E00164,E00232,5.5,1,2024-10-23
E00195,E00232,6.7,1,2024-10-23
E00232,E00415,7.3,1,2024-10-23
E00273,E00326,6.2,1,2024-10-23
E00003,E00009,6.2,1,2023-09-24
E00003,E00079,5.5,1,2023-09-24
E00003,E00085,6.7,1,2023-09-24
E00003,E00353,5.7,1,2023-09-24
E00003,E00384,6.3,1,2023-09-24
E00004,E00332,6.8,1,2023-09-24
E00009,E00322,6.0,1,2023-09-24
E00055,E00332,6.7,2,2024-05-23
E00079,E00086,5.6,1,2023-09-24
E00085,E00086,6.8,1,2023-09-24
E00085,E00391,7.9,1,2023-09-24
E00086,E00121,6.2,1,2023-09-24
E00086,E00159,7.0,1,2023-09-24
E00086,E00384,5.6,1,2023-09-24
E00091,E00342,7.6,1,2023-09-24
E00109,E00353,6.2,1,2023-09-24
E00121,E00332,6.9,1,2023-09-24
E00328,E00353,6.5,1,2023-09-24
E00328,E00358,6.4,1,2023-09-24
E00328,E00391,7.8,1,2023-09-24
E00338,E00342,6.5,1,2023-09-24
E00358,E00391,6.2,1,2023-09-24
E00054,E00274,8.1,1,2026-03-16
E00067,E00503,6.2,1,2026-03-16
E00067,E00711,5.9,1,2026-03-16
E00274,E00711,5.8,1,2026-03-16
E00672,E00711,6.6,1,2026-03-16
E00091,E00336,6.5,1,2026-05-09
E00091,E00350,6.0,1,2026-05-09
E00091,E00395,7.6,1,2026-05-09
E00127,E00336,5.8,1,2026-05-09
E00148,E00468,5.5,1,2026-05-09
E00148,E00478,6.1,1,2026-05-09
E00167,E00235,8.3,1,2026-05-09
E00167,E00350,6.3,1,2026-05-09
E00170,E00353,7.3,1,2026-05-09
E00261,E00350,6.5,1,2026-05-09
E00353,E00456,7.0,1,2026-05-09
E00096,E00281,6.8,1,2025-03-27
E00096,E00338,7.2,1,2025-03-27
E00122,E00462,6.0,1,2025-03-27
E00122,E00480,6.7,1,2025-03-27
E00126,E00281,6.2,1,2025-03-27
E00126,E00409,6.8,1,2025-03-27
E00155,E00230,5.5,1,2025-03-27
E00155,E00462,6.0,1,2025-03-27
E00190,E00462,7.8,1,2025-03-27
E00230,E00462,6.6,1,2025-03-27
E00281,E00338,7.0,1,2025-03-27
E00338,E00506,6.6,1,2025-03-27
E00480,E00507,7.5,1,2025-03-27
E00014,E00139,5.7,2,2025-11-20
E00014,E00360,6.9,1,2024-12-28
E00034,E00306,7.7,1,2024-12-28
E00034,E00360,7.2,1,2024-12-28
E00042,E00421,8.0,1,2024-12-28
E00042,E00439,8.8,1,2024-12-28
E00096,E00120,6.7,1,2024-12-28
E00096,E00261,6.2,1,2024-12-28
E00112,E00139,6.2,1,2024-12-28
E00112,E00439,8.0,1,2024-12-28
E00120,E00128,5.9,1,2024-12-28
E00120,E00306,7.1,1,2024-12-28
E00120,E00421,5.6,1,2024-12-28
E00128,E00373,6.6,1,2024-12-28
E00261,E00306,7.8,1,2024-12-28
E00261,E00480,6.6,1,2024-12-28
E00306,E00360,8.2,1,2024-12-28
E00373,E00480,6.3,1,2024-12-28
E00406,E00480,6.7,1,2024-12-28
E00030,E00079,5.9,1,2024-07-03
E00030,E00098,5.9,1,2024-07-03
E00030,E00210,6.5,1,2024-07-03
E00030,E00315,5.5,1,2024-07-03
E00040,E00098,5.5,1,2024-07-03
E00067,E00079,7.2,1,2024-07-03
E00067,E00210,6.9,1,2024-07-03
E00067,E00313,8.3,1,2024-07-03
E00079,E00131,5.5,1,2024-07-03
E00098,E00299,6.7,1,2024-07-03
E00131,E00315,5.8,1,2024-07-03
E00210,E00345,5.5,1,2024-07-03
E00210,E00351,6.4,1,2024-07-03
E00227,E00313,7.1,1,2024-07-03
E00299,E00345,6.9,1,2024-07-03
E00050,E00258,7.1,1,2023-08-23
E00054,E00311,7.7,1,2023-08-23
E00146,E00219,7.9,1,2023-08-23
E00177,E00242,5.8,1,2023-08-23
E00182,E00219,7.4,1,2023-08-23
E00182,E00293,6.3,1,2023-08-23
E00198,E00258,6.7,1,2023-08-23
E00198,E00331,7.0,1,2023-08-23
E00219,E00293,7.0,1,2023-08-23
E00250,E00258,7.6,1,2023-08-23
E00031,E00211,7.5,1,2026-03-22
E00031,E00220,6.0,1,2026-03-22
E00047,E00182,6.2,1,2026-03-22
E00047,E00211,8.3,1,2026-03-22
E00064,E00227,6.6,1,2026-03-22
E00071,E00283,5.5,1,2026-03-22
E00081,E00089,5.9,1,2026-03-22
E00081,E00130,7.3,1,2026-03-22
E00093,E00130,6.4,1,2026-03-22
E00094,E00220,5.7,1,2026-03-22
E00100,E00130,5.9,1,2026-03-22
E00100,E00223,6.8,1,2026-03-22
E00072,E00188,7.5,1,2025-02-07
E00072,E00350,7.4,1,2025-02-07
E00155,E00303,5.7,1,2025-02-07
E00155,E00316,7.9,1,2025-02-07
E00155,E00350,7.0,1,2025-02-07
E00174,E00303,6.3,1,2025-02-07
E00350,E00412,6.6,1,2025-02-07
E00022,E00395,6.9,1,2026-05-06
E00039,E00378,5.7,1,2026-05-06
E00054,E00326,6.8,1,2026-05-06
E00055,E00341,5.5,1,2026-05-06
E00062,E00270,7.7,1,2026-05-06
E00062,E00378,6.6,1,2026-05-06
E00125,E00326,6.8,1,2026-05-06
E00134,E00302,7.3,1,2026-05-06
E00151,E00396,5.5,1,2026-05-06
E00177,E00302,6.5,1,2026-05-06
E00177,E00396,5.5,1,2026-05-06
E00204,E00338,6.0,1,2026-05-06
E00302,E00396,5.7,1,2026-05-06
E00338,E00341,5.8,2,2026-05-06
E00341,E00342,6.6,1,2026-05-06
E00050,E00224,6.1,1,2024-05-07
E00123,E00130,6.7,1,2024-05-07
E00123,E00304,6.8,1,2024-05-07
E00130,E00242,7.2,1,2024-05-07
E00131,E00265,7.4,1,2024-05-07
E00195,E00234,6.4,1,2024-05-07
E00252,E00342,8.1,1,2024-05-07
E00263,E00342,7.9,1,2024-05-07
E00010,E00175,6.6,1,2024-09-08
E00010,E00246,5.5,1,2024-09-08
E00010,E00270,7.3,1,2024-09-08
E00010,E00294,7.0,1,2024-09-08
E00025,E00270,6.6,1,2024-09-08
E00089,E00175,6.5,1,2024-09-08
E00152,E00239,5.5,1,2024-09-08
E00175,E00236,6.6,1,2024-09-08
E00246,E00294,7.2,1,2024-09-08
E00054,E00318,7.3,1,2024-07-13
E00058,E00141,5.9,1,2024-07-13
E00058,E00175,6.1,1,2024-07-13
E00058,E00348,6.6,1,2024-07-13
E00058,E00537,5.5,1,2024-07-13
E00137,E00192,6.0,1,2024-07-13
E00141,E00157,7.2,1,2024-07-13
E00141,E00305,6.6,1,2024-07-13
E00141,E00537,6.2,1,2024-07-13
E00141,E00639,6.3,1,2024-07-13
E00175,E00377,6.2,1,2024-07-13
E00175,E00555,6.2,1,2024-07-13
E00192,E00318,8.4,1,2024-07-13
E00192,E00442,7.6,1,2024-07-13
E00192,E00537,7.2,1,2024-07-13
E00305,E00348,6.3,1,2024-07-13
E00305,E00639,5.5,1,2024-07-13
E00348,E00537,6.6,1,2024-07-13
E00348,E00622,5.6,1,2024-07-13
E00622,E00639,5.8,1,2024-07-13
E00003,E00277,5.8,1,2026-02-28
E00007,E00212,6.5,1,2026-02-28
E00287,E00444,7.7,1,2026-02-28
E00006,E00055,5.5,1,2025-01-10
E00006,E00204,6.9,1,2025-01-10
E00055,E00076,6.2,1,2025-01-10
E00028,E00245,7.1,1,2024-06-01
E00028,E00282,6.2,1,2024-06-01
E00079,E00181,8.7,1,2024-06-01
E00162,E00181,8.7,1,2024-06-01
E00181,E00245,8.3,1,2024-06-01
E00021,E00195,7.6,2,2026-02-28
E00058,E00238,8.2,1,2026-02-28
E00095,E00238,9.2,1,2026-02-28
E00095,E00258,6.5,1,2026-02-28
E00103,E00238,8.4,1,2026-02-28
E00142,E00213,6.3,1,2026-02-28
E00183,E00226,7.3,1,2026-02-28
E00195,E00209,5.9,1,2026-02-28
E00208,E00213,5.5,1,2026-02-28
E00213,E00238,7.8,1,2026-02-28
E00001,E00022,7.0,1,2026-04-03
E00001,E00273,5.7,1,2026-04-03
E00022,E00050,7.0,1,2026-04-03
E00022,E00175,7.9,1,2026-04-03
E00175,E00204,6.6,1,2026-04-03
E00176,E00273,6.1,1,2026-04-03
E00298,E00314,7.2,1,2026-04-03
E00014,E00030,7.2,1,2026-03-03
E00169,E00369,8.0,1,2026-03-03
E00265,E00475,7.3,1,2026-03-03
E00029,E00258,6.9,1,2024-06-29
E00044,E00303,5.6,1,2024-06-29
E00054,E00303,6.2,1,2024-06-29
E00069,E00122,6.7,1,2024-06-29
E00069,E00188,5.9,1,2024-06-29
E00069,E00303,6.8,1,2024-06-29
E00069,E00350,7.8,1,2024-06-29
E00071,E00258,6.0,1,2024-06-29
E00071,E00303,5.6,1,2024-06-29
E00077,E00103,8.8,1,2024-06-29
E00077,E00303,7.4,1,2024-06-29
E00103,E00353,7.5,1,2024-06-29
E00129,E00258,6.4,1,2024-06-29
E00216,E00303,6.5,1,2024-06-29
E00303,E00350,7.1,2,2026-03-25
E00028,E00047,6.9,1,2024-03-29
E00028,E00268,6.6,1,2024-03-29
E00047,E00249,5.9,1,2024-03-29
E00049,E00058,6.3,1,2024-03-29
E00049,E00231,6.7,1,2024-03-29
E00058,E00097,7.0,1,2024-03-29
E00058,E00269,6.6,1,2024-03-29
E00095,E00231,7.0,1,2024-03-29
E00095,E00269,7.1,1,2024-03-29
E00097,E00165,6.4,1,2024-03-29
E00123,E00139,6.3,1,2024-03-29
E00123,E00205,7.0,1,2024-03-29
E00165,E00231,5.5,1,2024-03-29
E00205,E00268,6.0,1,2024-03-29
E00205,E00309,7.8,1,2024-03-29
E00249,E00268,5.5,1,2024-03-29
E00249,E00309,7.1,1,2024-03-29
E00274,E00309,7.5,1,2024-03-29
E00179,E00234,6.7,1,2025-03-09
E00256,E00377,5.5,1,2025-03-09
E00015,E00216,6.6,1,2026-03-04
E00047,E00230,8.4,1,2026-03-04
E00047,E00258,8.5,1,2026-03-04
E00189,E00246,6.6,1,2026-03-04
E00210,E00408,7.1,1,2026-03-04
E00216,E00230,7.9,1,2026-03-04
E00258,E00356,7.3,1,2026-03-04
E00356,E00366,6.8,1,2026-03-04
E00004,E00516,5.5,1,2026-03-15
E00484,E00516,5.9,1,2026-03-15
E00484,E00714,6.5,1,2026-03-15
E00598,E00859,6.7,1,2026-03-15
E00049,E00080,6.3,1,2024-01-11
E00049,E00105,5.7,1,2024-01-11
E00049,E00300,6.5,1,2024-01-11
E00053,E00366,6.2,1,2024-01-11
E00056,E00080,5.5,1,2024-01-11
E00056,E00374,5.5,1,2024-01-11
E00056,E00409,6.4,1,2024-01-11
E00080,E00135,5.9,1,2024-01-11
E00080,E00138,5.9,1,2024-01-11
E00080,E00374,5.8,1,2024-01-11
E00080,E00409,7.0,1,2024-01-11
E00105,E00121,5.6,1,2024-01-11
E00120,E00155,6.3,1,2024-01-11
E00120,E00374,5.5,1,2024-01-11
E00121,E00300,6.2,1,2024-01-11
E00121,E00374,5.9,1,2024-01-11
E00135,E00204,6.8,1,2024-01-11
E00135,E00309,7.4,1,2024-01-11
E00135,E00384,6.5,1,2024-01-11
E00138,E00155,7.0,1,2024-01-11
E00155,E00309,6.9,1,2024-01-11
E00177,E00179,6.4,1,2024-01-11
E00179,E00293,6.5,1,2024-01-11
E00300,E00409,7.6,1,2024-01-11
E00053,E00068,6.3,1,2026-03-27
E00103,E00245,6.9,1,2026-03-27
E00192,E00321,5.8,1,2026-03-27
E00003,E00186,7.7,1,2026-04-17
E00061,E00173,7.5,1,2026-04-17
E00081,E00125,5.7,1,2026-04-17
E00081,E00302,6.6,1,2026-04-17
E00081,E00353,6.9,2,2026-04-17
E00125,E00250,5.5,1,2026-04-17
E00149,E00186,7.5,1,2026-04-17
E00173,E00186,7.8,1,2026-04-17
E00173,E00306,5.8,1,2026-04-17
E00186,E00317,6.4,1,2026-04-17
E00250,E00302,5.5,1,2026-04-17
E00315,E00317,5.6,1,2026-04-17
E00315,E00404,7.7,1,2026-04-17
E00004,E00062,6.7,1,2026-03-11
E00004,E00126,6.2,1,2026-03-11
E00016,E00071,6.4,1,2026-03-11
E00051,E00401,5.6,1,2025-04-01
E00051,E00468,6.0,1,2025-04-01
E00157,E00468,5.5,1,2025-04-01
E00157,E00569,7.9,1,2025-04-01
E00184,E00209,7.2,1,2025-04-01
E00184,E00433,7.5,1,2025-04-01
E00184,E00589,7.7,1,2025-04-01
E00209,E00307,6.5,1,2025-04-01
E00209,E00468,6.5,1,2025-04-01
E00209,E00589,8.5,1,2025-04-01
E00250,E00415,7.5,1,2025-04-01
E00433,E00468,6.4,1,2025-04-01
E00433,E00589,7.5,1,2025-04-01
E00468,E00589,7.0,1,2025-04-01
E00491,E00569,8.8,1,2025-04-01
E00018,E00058,6.8,1,2025-09-12
E00018,E00113,7.9,1,2025-09-12
E00021,E00409,6.2,1,2025-09-12
E00230,E00420,6.2,1,2025-09-12
E00230,E00434,7.3,1,2025-09-12
E00347,E00409,5.5,1,2025-09-12
E00347,E00420,5.9,1,2025-09-12
E00409,E00434,5.9,1,2025-09-12
E00024,E00234,5.8,1,2023-07-30
E00084,E00306,7.5,1,2023-07-30
E00119,E00146,6.3,1,2023-07-30
E00130,E00438,6.2,1,2023-07-30
E00236,E00242,6.1,1,2023-07-30
E00283,E00306,7.4,1,2023-07-30
E00283,E00438,7.0,1,2023-07-30
E00046,E00261,7.1,1,2026-04-06
E00046,E00365,6.9,1,2026-04-06
E00046,E00532,7.4,1,2026-04-06
E00325,E00331,6.5,1,2026-04-06
E00325,E00458,7.0,1,2026-04-06
E00332,E00474,6.3,1,2026-04-06
E00365,E00474,5.8,1,2026-04-06
E00365,E00484,6.3,1,2026-04-06
E00365,E00561,5.6,1,2026-04-06
E00480,E00503,5.5,1,2026-04-06
E00062,E00209,7.7,1,2026-03-28
E00071,E00292,5.5,1,2026-03-28
E00080,E00251,5.8,1,2026-03-28
E00080,E00273,7.7,1,2026-03-28
E00101,E00251,7.2,1,2026-03-28
E00101,E00273,8.5,1,2026-03-28
E00101,E00292,6.8,1,2026-03-28
E00101,E00332,7.0,1,2026-03-28
E00148,E00166,6.9,1,2026-03-28
E00148,E00292,6.8,1,2026-03-28
E00148,E00336,6.3,1,2026-03-28
E00166,E00266,7.6,1,2026-03-28
E00171,E00266,7.2,1,2026-03-28
E00260,E00332,5.8,1,2026-03-28
E00336,E00350,5.9,1,2026-03-28
E00060,E00187,8.4,1,2024-09-14
E00062,E00187,8.5,1,2024-09-14
E00062,E00370,7.7,1,2024-09-14
E00114,E00370,6.6,1,2024-09-14
E00159,E00265,6.5,2,2026-02-25
E00009,E00210,6.4,2,2026-03-30
E00009,E00303,6.3,1,2026-03-30
E00053,E00219,6.6,1,2026-03-30
E00053,E00303,7.0,1,2026-03-30
E00133,E00137,5.8,1,2026-03-30
E00133,E00200,6.2,1,2026-03-30
E00133,E00294,6.8,1,2026-03-30
E00137,E00196,5.8,1,2026-03-30
E00175,E00303,6.8,1,2026-03-30
E00041,E00377,6.6,1,2024-04-07
E00048,E00190,6.0,1,2024-04-07
E00125,E00195,7.1,1,2024-04-07
E00125,E00371,7.1,1,2024-04-07
E00190,E00377,6.1,2,2024-12-08
E00195,E00348,6.4,1,2024-04-07
E00234,E00377,6.0,1,2024-04-07
E00259,E00358,6.5,1,2024-04-07
E00259,E00369,6.6,1,2024-04-07
E00003,E00236,7.1,1,2026-04-22
E00025,E00035,5.6,1,2026-04-22
E00029,E00107,6.7,1,2026-04-22
E00033,E00272,6.7,1,2026-04-22
E00035,E00325,5.7,1,2026-04-22
E00093,E00325,5.8,1,2026-04-22
E00017,E00052,6.2,1,2023-08-28
E00017,E00144,5.9,1,2023-08-28
E00017,E00190,5.8,1,2023-08-28
E00017,E00212,7.1,1,2023-08-28
E00033,E00052,7.5,1,2023-08-28
E00052,E00392,6.6,1,2023-08-28
E00092,E00222,8.0,1,2023-08-28
E00110,E00212,8.5,1,2023-08-28
E00144,E00167,7.1,1,2023-08-28
E00167,E00392,5.7,1,2023-08-28
E00167,E00450,5.6,1,2023-08-28
E00168,E00234,8.3,1,2023-08-28
E00205,E00212,7.9,1,2023-08-28
E00205,E00450,5.7,1,2023-08-28
E00212,E00222,8.9,1,2023-08-28
E00212,E00332,7.9,1,2023-08-28
E00212,E00333,7.5,1,2023-08-28
E00212,E00430,6.7,1,2023-08-28
E00222,E00372,7.2,1,2023-08-28
E00234,E00364,7.4,1,2023-08-28
E00234,E00372,8.0,1,2023-08-28
E00364,E00392,5.7,1,2023-08-28
E00015,E00247,7.7,1,2026-02-14
E00025,E00247,7.1,1,2026-02-14
E00115,E00324,7.8,1,2026-02-14
E00147,E00380,6.8,1,2026-02-14
E00181,E00342,8.1,1,2026-02-14
E00224,E00324,6.5,1,2026-02-14
E00249,E00316,7.8,1,2026-02-14
E00255,E00301,6.0,1,2026-02-14
E00301,E00303,6.6,1,2026-02-14
E00303,E00342,7.7,1,2026-02-14
E00343,E00374,7.0,1,2026-02-14
E00072,E00184,7.7,1,2025-12-26
E00165,E00175,7.7,1,2025-12-26
E00165,E00250,6.5,1,2025-12-26
E00175,E00268,8.0,1,2025-12-26
E00250,E00358,5.5,1,2025-12-26
E00004,E00031,6.3,1,2026-04-01
E00004,E00051,5.6,1,2026-04-01
E00004,E00325,7.5,1,2026-04-01
E00031,E00338,6.0,1,2026-04-01
E00031,E00347,7.1,1,2026-04-01
E00031,E00348,6.4,1,2026-04-01
E00050,E00122,7.1,1,2026-04-01
E00050,E00348,6.5,1,2026-04-01
E00051,E00139,6.2,1,2026-04-01
E00078,E00325,6.7,1,2026-04-01
E00122,E00347,7.9,1,2026-04-01
E00180,E00338,5.5,1,2026-04-01
E00099,E00168,6.8,1,2024-12-30
E00168,E00219,7.7,1,2024-12-30
E00219,E00489,7.2,1,2024-12-30
E00349,E00489,6.7,1,2024-12-30
E00413,E00542,7.9,1,2024-12-30
E00050,E00196,7.1,1,2025-06-30
E00050,E00447,5.8,1,2025-06-30
E00050,E01045,6.1,1,2025-06-30
E00050,E01085,7.7,1,2025-06-30
E00196,E00429,7.4,1,2025-06-30
E00196,E00589,6.6,1,2025-06-30
E00196,E00925,7.3,1,2025-06-30
E00354,E00947,6.7,1,2025-06-30
E00447,E00589,5.8,1,2025-06-30
E00571,E00947,6.4,1,2025-06-30
E00571,E00984,6.3,1,2025-06-30
E00589,E00947,6.9,1,2025-06-30
E00621,E00947,7.1,1,2025-06-30
E00724,E00984,7.4,1,2025-06-30
E00016,E00094,6.0,1,2024-10-16
E00094,E00188,6.1,1,2024-10-16
E00109,E00188,6.8,2,2025-12-21
E00188,E00190,6.7,1,2024-10-16
E00264,E00293,8.3,1,2024-10-16
E00026,E00249,6.8,1,2025-01-14
E00052,E00110,6.5,1,2025-01-14
E00052,E00360,5.7,1,2025-01-14
E00053,E00212,5.8,1,2025-01-14
E00072,E00230,7.0,1,2025-01-14
E00110,E00170,7.1,1,2025-01-14
E00110,E00221,6.7,1,2025-01-14
E00170,E00212,6.8,1,2025-01-14
E00192,E00249,7.3,1,2025-01-14
E00192,E00262,6.0,1,2025-01-14
E00212,E00249,6.6,1,2025-01-14
E00212,E00324,5.5,1,2025-01-14
E00221,E00360,6.3,1,2025-01-14
E00230,E00302,7.5,1,2025-01-14
E00255,E00315,6.3,1,2025-01-14
E00075,E00126,7.1,1,2024-05-30
E00126,E00385,6.2,1,2024-05-30
E00179,E00484,7.7,1,2024-05-30
E00197,E00494,7.0,1,2024-05-30
E00272,E00304,7.0,1,2024-05-30
E00272,E00305,5.5,1,2024-05-30
E00282,E00304,6.6,1,2024-05-30
E00282,E00313,6.1,1,2024-05-30
E00291,E00472,7.1,1,2024-05-30
E00304,E00305,6.9,1,2024-05-30
E00305,E00438,6.7,1,2024-05-30
E00305,E00472,5.9,1,2024-05-30
E00305,E00483,6.7,1,2024-05-30
E00313,E00385,5.5,1,2024-05-30
E00313,E00484,6.9,1,2024-05-30
E00385,E00484,6.7,1,2024-05-30
E00484,E00494,7.1,1,2024-05-30
E00048,E00170,7.8,1,2026-03-09
E00087,E00419,7.7,1,2026-03-09
E00170,E00420,7.1,1,2026-03-09
E00272,E00327,6.8,1,2026-03-09
E00415,E00420,6.4,1,2026-03-09
E00075,E00383,6.5,1,2024-12-09
E00084,E00144,7.9,1,2024-12-09
E00084,E00423,5.9,1,2024-12-09
E00084,E00496,6.4,1,2024-12-09
E00144,E00361,7.4,1,2024-12-09
E00144,E00479,8.8,1,2024-12-09
E00144,E00496,7.8,1,2024-12-09
E00383,E00417,6.8,1,2024-12-09
E00423,E00481,6.2,1,2024-12-09
E00474,E00481,6.7,1,2024-12-09
E00479,E00481,8.2,1,2024-12-09
E00025,E00372,7.6,1,2024-11-26
E00025,E00376,5.5,1,2024-11-26
E00057,E00096,5.5,1,2024-11-26
E00057,E00146,5.5,1,2024-11-26
E00212,E00243,6.8,1,2024-11-26
E00212,E00375,6.2,1,2024-11-26
E00212,E00419,7.9,1,2024-11-26
E00294,E00372,8.1,1,2024-11-26
E00294,E00435,7.1,1,2024-11-26
E00294,E00456,7.9,1,2024-11-26
E00296,E00435,6.3,1,2024-11-26
E00376,E00456,6.2,1,2024-11-26
E00009,E00214,7.2,1,2024-09-19
E00009,E00225,7.3,1,2024-09-19
E00009,E00305,7.4,1,2024-09-19
E00015,E00353,7.0,1,2024-09-19
E00042,E00096,6.3,1,2024-09-19
E00042,E00250,6.1,1,2024-09-19
E00042,E00267,7.0,1,2024-09-19
E00053,E00225,6.2,1,2024-09-19
E00053,E00323,6.7,1,2024-09-19
E00058,E00225,7.1,1,2024-09-19
E00079,E00214,6.9,1,2024-09-19
E00096,E00294,6.9,1,2024-09-19
E00096,E00305,6.5,2,2026-03-28
E00096,E00323,6.9,1,2024-09-19
E00126,E00160,7.3,1,2024-09-19
E00160,E00214,6.6,1,2024-09-19
E00160,E00323,6.9,1,2024-09-19
E00210,E00323,6.7,1,2024-09-19
E00214,E00267,6.5,1,2024-09-19
E00258,E00291,6.3,2,2025-10-28
E00267,E00359,6.6,1,2024-09-19
E00294,E00353,6.0,1,2024-09-19
E00015,E00268,7.2,1,2026-03-23
E00118,E00152,6.7,1,2026-03-23
E00152,E00236,6.6,1,2026-03-23
E00204,E00236,6.8,2,2026-03-28
E00035,E00284,8.6,1,2025-12-07
E00035,E00304,6.7,1,2025-12-07
E00035,E00330,8.8,1,2025-12-07
E00062,E00284,6.5,1,2025-12-07
E00076,E00281,5.5,1,2025-12-07
E00076,E00330,7.1,1,2025-12-07
E00081,E00261,7.4,1,2025-12-07
E00185,E00263,5.9,1,2025-12-07
E00209,E00393,6.9,1,2025-12-07
E00261,E00330,7.5,1,2025-12-07
E00266,E00292,5.5,1,2025-12-07
E00281,E00304,5.5,1,2025-12-07
E00304,E00330,7.7,1,2025-12-07
E00024,E00124,7.9,1,2023-08-14
E00024,E00421,7.5,1,2023-08-14
E00075,E00229,5.6,1,2023-08-14
E00075,E00307,5.8,1,2023-08-14
E00075,E00368,7.0,1,2023-08-14
E00075,E00414,6.3,2,2025-01-30
E00091,E00253,6.8,1,2023-08-14
E00184,E00253,7.7,1,2023-08-14
E00229,E00414,6.2,1,2023-08-14
E00229,E00421,6.7,1,2023-08-14
E00253,E00323,7.6,1,2023-08-14
E00307,E00414,5.8,1,2023-08-14
E00323,E00418,7.8,1,2023-08-14
E00368,E00418,7.6,1,2023-08-14
E00418,E00421,8.4,1,2023-08-14
E00042,E00133,6.6,1,2024-07-27
E00071,E00338,7.7,1,2024-07-27
E00129,E00133,7.0,1,2024-07-27
E00133,E00338,6.4,1,2024-07-27
E00160,E00341,5.7,1,2024-07-27
E00024,E00033,6.6,1,2025-07-13
E00024,E00106,6.0,1,2025-07-13
E00024,E00150,6.6,1,2025-07-13
E00024,E00445,6.2,1,2025-07-13
E00033,E00137,7.5,1,2025-07-13
E00137,E00445,6.1,1,2025-07-13
E00077,E00189,6.8,1,2025-01-01
E00079,E00247,7.6,1,2025-01-01
E00118,E00447,7.6,1,2025-01-01
E00176,E00453,7.1,1,2025-01-01
E00247,E00472,6.6,1,2025-01-01
E00415,E00494,6.1,1,2025-01-01
E00011,E00076,6.5,1,2023-09-13
E00076,E00089,6.9,1,2023-09-13
E00076,E00179,5.7,1,2023-09-13
E00076,E00311,7.3,1,2023-09-13
E00145,E00179,6.1,1,2023-09-13
E00029,E00191,9.2,1,2026-04-10
E00029,E00214,8.2,1,2026-04-10
E00031,E00670,6.2,1,2026-04-10
E00033,E00045,6.4,1,2026-04-10
E00033,E00095,6.2,1,2026-04-10
E00033,E00175,6.9,1,2026-04-10
E00045,E00348,6.2,1,2026-04-10
E00045,E00404,7.1,1,2026-04-10
E00045,E00481,5.9,1,2026-04-10
E00045,E00622,5.5,1,2026-04-10
E00052,E00105,5.5,1,2026-04-10
E00052,E00404,6.1,1,2026-04-10
E00095,E00550,6.1,1,2026-04-10
E00095,E00670,6.3,1,2026-04-10
E00105,E00388,5.8,1,2026-04-10
E00175,E00191,7.8,1,2026-04-10
E00175,E00214,7.2,1,2026-04-10
E00175,E00670,7.0,1,2026-04-10
E00201,E00404,7.2,1,2026-04-10
E00201,E00629,6.9,1,2026-04-10
E00214,E00622,7.1,1,2026-04-10
E00550,E00622,5.5,1,2026-04-10
E00006,E00266,6.7,1,2024-12-10
E00006,E00337,7.1,1,2024-12-10
E00196,E00414,6.9,1,2024-12-10
E00207,E00337,8.9,1,2024-12-10
E00207,E00414,8.1,1,2024-12-10
E00294,E00429,6.6,1,2024-12-10
E00414,E00429,6.3,1,2024-12-10
E00126,E00155,6.8,1,2026-01-29
E00283,E00329,6.1,1,2026-01-29
E00033,E00302,8.1,1,2024-01-12
E00033,E01009,8.1,1,2024-01-12
E00186,E00526,6.6,1,2024-01-12
E00302,E00783,7.4,1,2024-01-12
E00380,E00614,5.8,1,2024-01-12
E00380,E01009,7.8,1,2024-01-12
E00526,E00850,7.6,1,2024-01-12
E00526,E00947,7.3,1,2024-01-12
E00526,E01127,7.6,1,2024-01-12
E00705,E00947,6.6,1,2024-01-12
E00705,E01009,7.6,1,2024-01-12
E00705,E01127,6.4,1,2024-01-12
E00783,E00946,7.5,1,2024-01-12
E00783,E01009,8.1,1,2024-01-12
E00013,E00292,7.2,1,2026-02-01
E00020,E00351,8.9,1,2026-02-01
E00020,E00374,7.9,1,2026-02-01
E00024,E00292,6.6,1,2026-02-01
E00181,E00351,7.3,1,2026-02-01
E00204,E00265,6.7,1,2026-02-01
E00265,E00374,6.7,1,2026-02-01
E00351,E00374,8.7,1,2026-02-01
E00001,E00195,7.1,1,2025-10-14
E00025,E00303,6.5,1,2025-10-14
E00127,E00195,5.7,1,2025-10-14
E00195,E00351,6.0,1,2025-10-14
E00198,E00206,7.0,2,2025-10-14
E00239,E00303,6.6,1,2025-10-14
E00006,E00190,7.4,2,2026-03-08
E00016,E00216,5.5,1,2026-03-08
E00016,E00275,6.1,1,2026-03-08
E00075,E00160,5.7,1,2026-03-08
E00075,E00275,5.5,1,2026-03-08
E00135,E00232,6.1,1,2026-03-08
E00160,E00173,6.8,1,2026-03-08
E00173,E00190,7.1,1,2026-03-08
E00232,E00324,6.3,1,2026-03-08
E00015,E00270,7.6,1,2026-05-01
E00015,E00333,7.5,1,2026-05-01
E00036,E00270,6.5,1,2026-05-01
E00151,E00270,6.3,1,2026-05-01
E00270,E00347,7.4,1,2026-05-01
E00270,E00527,5.9,1,2026-05-01
E00321,E00333,7.0,1,2026-05-01
E00321,E00511,6.1,1,2026-05-01
E00333,E00347,8.1,1,2026-05-01
E00393,E00527,6.5,1,2026-05-01
E00015,E00377,8.2,1,2024-11-19
E00041,E00226,7.0,1,2024-11-19
E00041,E00389,5.9,1,2024-11-19
E00226,E00373,6.1,1,2024-11-19
E00299,E00379,6.4,1,2024-11-19
E00327,E00402,6.2,1,2024-11-19
E00019,E00305,6.1,1,2026-05-30
E00019,E00393,5.5,1,2026-05-30
E00020,E00231,7.2,1,2026-05-30
E00031,E00075,7.2,1,2026-05-30
E00039,E00075,6.0,1,2026-05-30
E00039,E00393,5.5,1,2026-05-30
E00075,E00365,6.6,1,2026-05-30
E00112,E00305,8.4,1,2026-05-30
E00146,E00329,6.7,1,2026-05-30
E00006,E00348,7.2,1,2026-01-12
E00006,E00455,7.0,1,2026-01-12
E00006,E00534,7.7,1,2026-01-12
E00021,E00348,5.5,1,2026-01-12
E00021,E00486,6.1,1,2026-01-12
E00037,E00506,6.1,1,2026-01-12
E00132,E00156,6.0,1,2026-01-12
E00156,E00468,6.8,1,2026-01-12
E00156,E00486,6.3,1,2026-01-12
E00229,E00534,6.7,1,2026-01-12
E00409,E00420,6.1,1,2026-01-12
E00409,E00455,6.7,1,2026-01-12
E00409,E00485,7.2,1,2026-01-12
E00420,E00455,6.1,1,2026-01-12
E00455,E00506,6.0,1,2026-01-12
E00466,E00506,5.5,1,2026-01-12
E00023,E00325,6.9,1,2026-04-01
E00027,E00296,6.7,1,2026-04-01
E00027,E00414,6.4,1,2026-04-01
E00033,E00283,7.6,1,2026-04-01
E00087,E00190,6.1,1,2026-04-01
E00087,E00208,6.4,1,2026-04-01
E00087,E00283,7.6,1,2026-04-01
E00153,E00208,6.3,1,2026-04-01
E00153,E00296,6.4,1,2026-04-01
E00190,E00415,7.7,1,2026-04-01
E00208,E00218,6.7,1,2026-04-01
E00208,E00296,6.7,1,2026-04-01
E00296,E00325,7.0,1,2026-04-01
E00302,E00325,6.5,1,2026-04-01
E00325,E00348,7.6,1,2026-04-01
E00031,E00266,7.4,1,2023-12-17
E00108,E00155,5.5,1,2023-12-17
E00155,E00274,6.9,1,2023-12-17
E00155,E00375,7.6,1,2023-12-17
E00216,E00233,5.6,1,2023-12-17
E00266,E00274,7.8,1,2023-12-17
E00274,E00333,7.1,1,2023-12-17
E00310,E00375,6.9,1,2023-12-17
E00021,E00261,7.4,1,2026-03-14
E00021,E00479,7.4,1,2026-03-14
E00261,E00369,6.3,1,2026-03-14
E00361,E00479,6.5,1,2026-03-14
E00016,E00051,7.2,1,2025-05-07
E00016,E00078,7.8,1,2025-05-07
E00050,E00069,7.0,1,2025-05-07
E00051,E00078,6.4,1,2025-05-07
E00051,E00309,7.0,1,2025-05-07
E00069,E00078,7.3,1,2025-05-07
E00069,E00293,6.6,1,2025-05-07
E00089,E00116,8.2,1,2025-05-07
E00128,E00316,7.0,1,2025-05-07
E00139,E00200,6.4,1,2025-05-07
E00200,E00268,7.3,2,2025-12-22
E00200,E00279,5.7,1,2025-05-07
E00204,E00268,6.4,1,2025-05-07
E00230,E00233,8.1,1,2025-05-07
E00233,E00279,6.6,1,2025-05-07
E00233,E00316,7.6,1,2025-05-07
E00071,E00097,7.3,1,2024-10-31
E00071,E00116,7.1,1,2024-10-31
E00097,E00309,6.7,1,2024-10-31
E00128,E00197,7.4,1,2024-10-31
E00128,E00210,7.3,1,2024-10-31
E00128,E00510,6.8,1,2024-10-31
E00171,E00197,7.9,1,2024-10-31
E00210,E00268,6.7,1,2024-10-31
E00309,E00466,7.0,1,2024-10-31
E00146,E00221,6.4,1,2026-02-27
E00177,E00221,5.7,1,2026-02-27
E00205,E00391,6.8,1,2026-02-27
E00260,E00391,5.8,1,2026-02-27
E00379,E00391,8.1,1,2026-02-27
E00019,E00217,6.2,1,2024-12-14
E00019,E00313,8.0,1,2024-12-14
E00128,E00417,6.2,1,2024-12-14
E00198,E00353,5.5,1,2024-12-14
E00217,E00313,8.0,1,2024-12-14
E00224,E00462,6.8,1,2024-12-14
E00351,E00368,6.3,1,2024-12-14
E00351,E00462,7.5,1,2024-12-14
E00353,E00447,7.4,1,2024-12-14
E00105,E00117,6.0,1,2023-09-05
E00105,E00123,7.4,1,2023-09-05
E00123,E00339,7.5,1,2023-09-05
E00138,E00183,5.9,1,2023-09-05
E00339,E00341,7.5,1,2023-09-05
E00019,E00103,9.0,1,2024-10-29
E00019,E00189,6.5,1,2024-10-29
E00019,E00223,7.4,1,2024-10-29
E00034,E00090,6.1,1,2024-10-29
E00090,E00223,6.5,1,2024-10-29
E00090,E00291,6.4,1,2024-10-29
E00103,E00189,8.1,1,2024-10-29
E00103,E00255,9.5,1,2024-10-29
E00103,E00291,8.7,1,2024-10-29
E00109,E00316,6.2,1,2024-10-29
E00129,E00270,7.3,1,2024-10-29
E00152,E00255,8.0,1,2024-10-29
E00198,E00270,7.6,1,2024-10-29
E00223,E00291,7.6,1,2024-10-29
E00255,E00291,8.9,1,2024-10-29
E00270,E00291,7.5,1,2024-10-29
E00013,E00118,7.5,1,2026-04-10
E00013,E00152,7.5,1,2026-04-10
E00013,E00318,7.7,1,2026-04-10
E00013,E00368,7.9,1,2026-04-10
E00118,E00291,6.8,2,2026-05-19
E00118,E00318,7.8,1,2026-04-10
E00125,E00152,7.1,1,2026-04-10
E00125,E00242,7.3,1,2026-04-10
E00125,E00318,7.3,1,2026-04-10
E00143,E00273,6.7,1,2026-04-10
E00156,E00242,7.5,1,2026-04-10
E00156,E00273,6.7,1,2026-04-10
E00156,E00364,5.9,1,2026-04-10
E00156,E00390,5.5,1,2026-04-10
E00273,E00331,6.5,1,2026-04-10
E00273,E00356,7.1,1,2026-04-10
E00318,E00378,8.1,1,2026-04-10
E00006,E00117,6.0,1,2024-10-02
E00006,E00287,5.5,1,2024-10-02
E00006,E00346,6.0,1,2024-10-02
E00009,E00206,6.4,1,2024-10-02
E00009,E00351,6.2,1,2024-10-02
E00015,E00048,6.3,1,2024-10-02
E00015,E00206,7.3,1,2024-10-02
E00048,E00206,7.3,1,2024-10-02
E00048,E00210,7.5,1,2024-10-02
E00175,E00325,7.3,1,2024-10-02
E00206,E00210,7.0,1,2024-10-02
E00210,E00252,7.7,1,2024-10-02
E00252,E00325,7.4,1,2024-10-02
E00057,E00190,7.9,1,2024-08-20
E00077,E00307,6.6,1,2024-08-20
E00134,E00304,7.9,1,2024-08-20
E00141,E00304,6.3,1,2024-08-20
E00186,E00304,6.2,1,2024-08-20
E00198,E00430,8.0,1,2024-08-20
E00293,E00364,8.6,1,2024-08-20
E00305,E00364,6.1,1,2024-08-20
E00046,E00105,7.2,1,2026-02-25
E00046,E00118,6.8,1,2026-02-25
E00046,E00265,6.7,1,2026-02-25
E00118,E00124,5.9,1,2026-02-25
E00124,E00210,6.0,1,2026-02-25
E00124,E00343,5.7,1,2026-02-25
E00155,E00338,8.9,1,2026-02-25
E00159,E00343,5.6,1,2026-02-25
E00160,E00210,7.1,1,2026-02-25
E00224,E00281,7.2,1,2026-02-25
E00265,E00343,6.1,1,2026-02-25
E00126,E00374,5.5,1,2024-07-29
E00130,E00323,6.8,1,2024-07-29
E00225,E00374,5.9,1,2024-07-29
E00235,E00378,6.3,1,2024-07-29
E00267,E00374,5.8,1,2024-07-29
E00267,E00378,6.1,1,2024-07-29
E00283,E00323,7.0,1,2024-07-29
E00293,E00406,6.5,1,2024-07-29
E00065,E00122,6.6,1,2025-12-05
E00065,E00236,6.8,1,2025-12-05
E00065,E00322,6.9,1,2025-12-05
E00065,E00333,6.2,1,2025-12-05
E00109,E00184,6.5,2,2026-03-08
E00109,E00341,6.4,1,2025-12-05
E00122,E00182,6.3,1,2025-12-05
E00122,E00322,7.1,1,2025-12-05
E00184,E00344,6.8,1,2025-12-05
E00184,E00391,6.0,1,2025-12-05
E00255,E00368,6.9,1,2025-12-05
E00255,E00391,6.7,1,2025-12-05
E00322,E00333,6.8,1,2025-12-05
E00322,E00344,7.1,1,2025-12-05
E00014,E00036,7.0,1,2026-02-27
E00014,E00150,7.8,1,2026-02-27
E00014,E00190,5.6,1,2026-02-27
E00036,E00083,6.6,1,2026-02-27
E00036,E00236,7.9,1,2026-02-27
E00036,E00305,7.5,1,2026-02-27
E00068,E00310,6.1,1,2026-02-27
E00083,E00110,6.0,1,2026-02-27
E00083,E00139,6.2,1,2026-02-27
E00083,E00236,6.5,1,2026-02-27
E00110,E00150,7.5,1,2026-02-27
E00307,E00310,5.5,1,2026-02-27
E00015,E00147,6.3,1,2024-03-04
E00054,E00273,7.8,1,2024-03-04
E00054,E00284,7.0,1,2024-03-04
E00209,E00283,6.1,1,2024-03-04
E00239,E00279,6.5,1,2024-03-04
E00239,E00336,7.5,1,2024-03-04
E00028,E00219,6.8,1,2025-01-24
E00028,E00309,6.3,1,2025-01-24
E00069,E00083,7.0,1,2025-01-24
E00069,E00142,7.5,1,2025-01-24
E00069,E00143,7.6,1,2025-01-24
E00074,E00083,7.4,1,2025-01-24
E00074,E00142,8.1,1,2025-01-24
E00083,E00357,6.0,1,2025-01-24
E00083,E00429,6.1,1,2025-01-24
E00143,E00219,8.8,1,2025-01-24
E00064,E00256,6.8,1,2025-09-19
E00064,E00433,7.6,1,2025-09-19
E00280,E00324,5.7,1,2025-09-19
E00325,E00513,6.8,1,2025-09-19
E00326,E00424,6.4,1,2025-09-19
E00351,E00433,6.1,1,2025-09-19
E00351,E00513,7.9,1,2025-09-19
E00424,E00431,5.9,1,2025-09-19
E00087,E00430,7.7,1,2026-01-19
E00384,E00431,6.8,1,2026-01-19
E00386,E00415,8.3,1,2026-01-19
E00386,E00432,5.6,1,2026-01-19
E00415,E00432,8.2,1,2026-01-19
E00008,E00109,7.5,1,2024-09-03
E00028,E00340,6.4,1,2024-09-03
E00089,E00144,6.1,1,2024-09-03
E00089,E00278,7.2,1,2024-09-03
E00091,E00161,6.1,1,2024-09-03
E00144,E00203,7.6,1,2024-09-03
E00144,E00340,6.7,1,2024-09-03
E00278,E00319,6.9,1,2024-09-03
E00319,E00324,7.4,1,2024-09-03
E00012,E00287,6.4,1,2024-05-08
E00013,E00190,7.0,1,2024-05-08
E00013,E00287,6.7,1,2024-05-08
E00042,E00074,7.7,1,2024-05-08
E00048,E00116,6.3,1,2024-05-08
E00048,E00342,6.9,2,2026-03-11
E00074,E00084,7.1,1,2024-05-08
E00116,E00287,6.5,1,2024-05-08
E00200,E00219,5.5,1,2024-05-08
E00219,E00267,6.3,1,2024-05-08
E00267,E00311,7.3,1,2024-05-08
E00273,E00287,6.9,1,2024-05-08
E00298,E00343,6.7,1,2024-05-08
E00015,E00179,6.6,1,2025-01-30
E00015,E00357,5.6,1,2025-01-30
E00015,E00417,6.4,1,2025-01-30
E00019,E00286,6.7,1,2025-01-30
E00130,E00433,6.8,1,2025-01-30
E00157,E00417,7.3,1,2025-01-30
E00246,E00342,6.7,1,2025-01-30
E00246,E00417,5.7,1,2025-01-30
E00286,E00478,6.8,1,2025-01-30
E00357,E00418,6.5,1,2025-01-30
E00417,E00432,7.1,1,2025-01-30
E00079,E00163,6.9,1,2024-12-08
E00079,E00487,8.7,1,2024-12-08
E00083,E00282,8.0,1,2024-12-08
E00190,E00474,7.1,1,2024-12-08
E00282,E00487,8.5,1,2024-12-08
E00480,E00487,7.1,1,2024-12-08
E00076,E00091,6.7,1,2025-12-21
E00076,E00246,7.4,1,2025-12-21
E00091,E00212,5.5,1,2025-12-21
E00091,E00255,6.6,1,2025-12-21
E00107,E00132,7.7,1,2025-12-21
E00107,E00255,6.3,1,2025-12-21
E00107,E00292,6.9,1,2025-12-21
E00109,E00132,6.9,1,2025-12-21
E00109,E00169,7.3,1,2025-12-21
E00118,E00294,6.0,1,2025-12-21
E00118,E00322,7.5,1,2025-12-21
E00132,E00235,7.8,1,2025-12-21
E00169,E00274,6.8,1,2025-12-21
E00169,E00294,6.5,1,2025-12-21
E00185,E00255,6.0,1,2025-12-21
E00235,E00322,7.2,1,2025-12-21
E00268,E00322,5.8,1,2025-12-21
E00274,E00291,5.8,1,2025-12-21
E00002,E00159,6.4,1,2026-03-11
E00025,E00159,6.8,1,2026-03-11
E00025,E00352,6.3,1,2026-03-11
E00034,E00060,7.4,1,2026-03-11
E00034,E00180,7.4,1,2026-03-11
E00034,E00254,7.4,1,2026-03-11
E00034,E00328,6.6,1,2026-03-11
E00048,E00050,6.9,1,2026-03-11
E00060,E00159,6.9,1,2026-03-11
E00091,E00254,7.1,1,2026-03-11
E00180,E00303,6.8,1,2026-03-11
E00254,E00274,8.3,1,2026-03-11
E00084,E00230,7.1,1,2026-03-06
E00084,E00249,6.1,1,2026-03-06
E00126,E00177,7.1,1,2026-03-06
E00126,E00325,5.7,1,2026-03-06
E00230,E00325,6.9,1,2026-03-06
E00249,E00358,6.0,1,2026-03-06
E00013,E00432,6.1,1,2024-01-02
E00031,E00365,5.5,1,2024-01-02
E00042,E00365,5.5,1,2024-01-02
E00042,E00407,6.0,1,2024-01-02
E00120,E00305,7.8,1,2024-01-02
E00120,E00378,7.3,1,2024-01-02
E00196,E00384,5.9,1,2024-01-02
E00216,E00378,6.6,2,2024-01-02
E00216,E00384,6.3,1,2024-01-02
E00230,E00305,6.5,1,2024-01-02
E00281,E00378,7.5,1,2024-01-02
E00281,E00432,6.3,1,2024-01-02
E00305,E00432,6.7,1,2024-01-02
E00332,E00384,7.1,1,2024-01-02
E00365,E00432,5.8,1,2024-01-02
E00049,E00069,5.5,1,2026-04-05
E00049,E00255,7.4,1,2026-04-05
E00126,E00371,6.0,1,2026-04-05
E00159,E00248,9.2,1,2026-04-05
E00159,E00307,7.5,1,2026-04-05
E00248,E00371,7.9,1,2026-04-05
E00255,E00366,8.1,1,2026-04-05
E00267,E00357,6.6,1,2026-04-05
E00357,E00371,6.5,1,2026-04-05
E00055,E00287,7.3,1,2024-05-23
E00088,E00169,6.5,1,2024-05-23
E00094,E00169,6.7,1,2024-05-23
E00094,E00287,7.5,1,2024-05-23
E00094,E00300,5.5,1,2024-05-23
E00169,E00287,8.6,1,2024-05-23
E00192,E00332,7.4,1,2024-05-23
E00237,E00332,7.1,1,2024-05-23
E00084,E00114,7.0,1,2024-03-24
E00084,E00302,7.7,1,2024-03-24
E00114,E00231,6.8,1,2024-03-24
E00114,E00273,6.8,1,2024-03-24
E00123,E00155,6.7,1,2024-03-24
E00155,E00201,6.5,1,2024-03-24
E00188,E00204,5.9,1,2024-03-24
E00201,E00231,6.1,1,2024-03-24
E00204,E00231,6.7,1,2024-03-24
E00204,E00317,6.6,2,2026-03-28
E00395,E00417,6.2,1,2024-03-24
E00126,E00206,6.8,1,2025-09-27
E00126,E00263,6.1,1,2025-09-27
E00226,E00263,6.2,1,2025-09-27
E00263,E00302,6.3,1,2025-09-27
E00118,E00125,7.2,1,2025-04-21
E00118,E00495,7.1,1,2025-04-21
E00175,E00278,5.5,1,2025-04-21
E00020,E00161,6.3,1,2023-10-20
E00020,E00289,8.4,1,2023-10-20
E00020,E00291,6.3,1,2023-10-20
E00033,E00096,7.1,1,2023-10-20
E00039,E00069,7.5,1,2023-10-20
E00039,E00081,6.8,1,2023-10-20
E00043,E00126,8.1,1,2023-10-20
E00043,E00304,7.3,1,2023-10-20
E00069,E00216,7.8,1,2023-10-20
E00069,E00291,6.7,1,2023-10-20
E00096,E00184,5.8,2,2026-03-28
E00103,E00298,6.9,1,2023-10-20
E00128,E00184,7.4,1,2023-10-20
E00161,E00304,6.0,1,2023-10-20
E00298,E00304,5.5,1,2023-10-20
E00005,E00014,8.3,1,2026-04-27
E00005,E00082,6.8,1,2026-04-27
E00005,E00198,6.4,2,2026-04-27
E00005,E00294,7.1,1,2026-04-27
E00063,E00166,6.1,1,2026-04-27
E00082,E00198,5.7,1,2026-04-27
E00082,E00273,6.9,1,2026-04-27
E00082,E00294,5.8,1,2026-04-27
E00146,E00273,8.1,1,2026-04-27
E00166,E00273,6.9,1,2026-04-27
E00166,E00294,6.4,1,2026-04-27
E00237,E00375,5.8,1,2026-04-27
E00283,E00338,7.5,1,2026-04-27
E00294,E00338,7.3,1,2026-04-27
E00005,E00048,5.9,1,2025-07-24
E00005,E00258,6.6,1,2025-07-24
E00009,E00096,7.5,1,2025-07-24
E00031,E00217,5.5,1,2025-07-24
E00031,E00307,6.1,1,2025-07-24
E00047,E00216,8.4,1,2025-07-24
E00047,E00255,7.9,1,2025-07-24
E00047,E00309,6.5,1,2025-07-24
E00048,E00160,5.9,1,2025-07-24
E00071,E00112,5.6,1,2025-07-24
E00079,E00217,6.4,2,2025-10-28
E00096,E00307,6.7,1,2025-07-24
E00112,E00160,6.1,1,2025-07-24
E00112,E00307,6.5,1,2025-07-24
E00122,E00160,5.8,1,2025-07-24
E00122,E00258,6.8,1,2025-07-24
E00138,E00174,8.6,1,2025-07-24
E00160,E00217,5.5,1,2025-07-24
E00160,E00273,6.1,2,2025-07-24
E00216,E00255,7.2,1,2025-07-24
E00217,E00250,5.5,1,2025-07-24
E00255,E00258,7.3,1,2025-07-24
E00016,E00021,7.9,1,2025-04-28
E00016,E00364,7.3,1,2025-04-28
E00021,E00234,6.6,1,2025-04-28
E00123,E00209,7.5,1,2025-04-28
E00148,E00209,6.1,1,2025-04-28
E00020,E00221,5.6,1,2026-02-21
E00032,E00284,5.7,1,2026-02-21
E00047,E00089,5.5,1,2026-02-21
E00047,E00270,5.5,1,2026-02-21
E00079,E00183,7.1,1,2026-02-21
E00095,E00221,5.5,1,2026-02-21
E00134,E00282,7.7,1,2026-02-21
E00183,E00270,6.4,1,2026-02-21
E00183,E00284,7.1,1,2026-02-21
E00270,E00324,6.8,1,2026-02-21
E00284,E00324,6.4,1,2026-02-21
E00035,E00241,6.9,1,2024-01-12
E00070,E00285,7.6,1,2024-01-12
E00197,E00278,6.2,1,2024-01-12
E00221,E00241,6.8,1,2024-01-12
E00241,E00333,5.7,1,2024-01-12
E00015,E00096,5.5,1,2026-02-23
E00025,E00246,5.9,1,2026-02-23
E00053,E00249,6.5,1,2026-02-23
E00053,E00265,6.0,1,2026-02-23
E00094,E00127,6.5,1,2026-02-23
E00094,E00232,6.5,1,2026-02-23
E00127,E00212,6.3,1,2026-02-23
E00077,E00339,6.9,1,2026-02-22
E00077,E00394,7.0,1,2026-02-22
E00077,E00480,7.9,1,2026-02-22
E00123,E00283,5.8,1,2026-02-22
E00123,E00447,6.7,1,2026-02-22
E00131,E00196,7.2,1,2026-02-22
E00131,E00324,6.1,2,2026-02-22
E00166,E00447,6.0,1,2026-02-22
E00196,E00287,7.4,1,2026-02-22
E00283,E00383,6.4,1,2026-02-22
E00287,E00322,6.7,1,2026-02-22
E00287,E00332,6.4,1,2026-02-22
E00332,E00382,5.5,1,2026-02-22
E00339,E00447,5.8,1,2026-02-22
E00394,E00448,6.3,1,2026-02-22
E00447,E00448,6.6,1,2026-02-22
E00018,E00240,7.6,1,2026-03-23
E00076,E00265,7.6,1,2026-03-23
E00006,E00021,7.0,1,2025-11-20
E00006,E00069,7.6,1,2025-11-20
E00019,E00263,6.9,1,2025-11-20
E00019,E00293,6.7,1,2025-11-20
E00021,E00109,6.7,1,2025-11-20
E00056,E00119,8.6,1,2025-11-20
E00069,E00366,6.7,1,2025-11-20
E00185,E00366,6.3,1,2025-11-20
E00263,E00377,7.3,1,2025-11-20
E00018,E00325,6.4,1,2024-05-10
E00054,E00185,6.6,1,2024-05-10
E00054,E00365,6.8,1,2024-05-10
E00069,E00146,6.4,1,2024-05-10
E00069,E00208,5.9,1,2024-05-10
E00069,E00288,7.1,1,2024-05-10
E00069,E00325,6.4,1,2024-05-10
E00069,E00365,7.3,1,2024-05-10
E00110,E00267,6.0,1,2024-05-10
E00120,E00238,6.5,1,2024-05-10
E00146,E00294,5.7,1,2024-05-10
E00146,E00321,6.7,1,2024-05-10
E00146,E00365,7.1,1,2024-05-10
E00185,E00223,7.0,1,2024-05-10
E00200,E00359,7.0,1,2024-05-10
E00208,E00288,6.8,1,2024-05-10
E00238,E00321,6.1,1,2024-05-10
E00265,E00325,6.1,1,2024-05-10
E00288,E00359,6.6,1,2024-05-10
E00321,E00365,5.7,1,2024-05-10
E00192,E00323,6.7,1,2024-09-06
E00240,E00353,6.5,1,2024-09-06
E00240,E00362,5.7,1,2024-09-06
E00006,E00011,8.5,1,2026-04-12
E00006,E00236,6.2,1,2026-04-12
E00075,E00267,5.7,1,2026-04-12
E00224,E00320,5.6,1,2026-04-12
E00267,E00294,7.1,1,2026-04-12
E00294,E00320,7.2,1,2026-04-12
E00009,E00110,7.1,1,2024-06-04
E00110,E00128,8.6,1,2024-06-04
E00110,E00458,7.2,1,2024-06-04
E00128,E00458,6.7,1,2024-06-04
E00006,E00048,7.3,1,2025-02-03
E00006,E00091,7.7,1,2025-02-03
E00006,E00112,6.5,1,2025-02-03
E00006,E00122,6.3,1,2025-02-03
E00006,E00155,6.2,1,2025-02-03
E00014,E00091,8.3,1,2025-02-03
E00014,E00282,7.0,1,2025-02-03
E00048,E00091,8.9,1,2025-02-03
E00048,E00112,7.3,1,2025-02-03
E00048,E00282,7.7,1,2025-02-03
E00077,E00152,6.1,1,2025-02-03
E00096,E00116,5.5,1,2025-02-03
E00112,E00152,6.9,1,2025-02-03
E00152,E00299,6.4,1,2025-02-03
E00003,E00092,6.1,1,2026-03-25
E00065,E00216,7.3,1,2026-03-25
E00065,E00303,5.8,1,2026-03-25
E00065,E00310,6.0,1,2026-03-25
E00108,E00222,7.8,1,2026-03-25
E00118,E00222,6.2,1,2026-03-25
E00118,E00301,5.7,1,2026-03-25
E00118,E00303,5.5,1,2026-03-25
E00146,E00297,6.7,1,2026-03-25
E00216,E00310,8.0,1,2026-03-25
E00222,E00224,6.0,1,2026-03-25
E00222,E00303,6.8,1,2026-03-25
E00310,E00350,7.7,1,2026-03-25
E00007,E00112,7.9,1,2024-10-21
E00007,E00302,7.1,1,2024-10-21
E00060,E00148,6.0,1,2024-10-21
E00060,E00156,5.8,1,2024-10-21
E00069,E00298,9.0,1,2024-10-21
E00080,E00084,6.0,1,2024-10-21
E00081,E00235,6.9,1,2024-10-21
E00084,E00112,6.9,1,2024-10-21
E00084,E00298,6.7,1,2024-10-21
E00156,E00291,7.1,1,2024-10-21
E00156,E00293,7.6,1,2024-10-21
E00192,E00367,7.2,1,2024-10-21
E00204,E00291,8.1,1,2024-10-21
E00248,E00302,5.5,1,2024-10-21
E00293,E00302,6.7,1,2024-10-21
E00293,E00367,6.7,1,2024-10-21
E00087,E00520,6.8,1,2024-03-17
E00087,E00555,5.7,1,2024-03-17
E00184,E00365,6.9,1,2024-03-17
E00184,E00555,7.4,1,2024-03-17
E00200,E00225,5.8,1,2024-03-17
E00200,E00394,5.8,1,2024-03-17
E00200,E00406,6.1,1,2024-03-17
E00200,E00556,6.3,1,2024-03-17
E00200,E00569,6.3,1,2024-03-17
E00225,E00520,5.9,1,2024-03-17
E00365,E00488,6.7,1,2024-03-17
E00394,E00556,6.4,1,2024-03-17
E00394,E00569,6.0,1,2024-03-17
E00406,E00552,6.0,1,2024-03-17
E00552,E00555,6.6,1,2024-03-17
E00015,E00123,6.6,1,2024-11-07
E00054,E00148,7.3,1,2024-11-07
E00123,E00148,7.6,1,2024-11-07
E00123,E00162,6.8,1,2024-11-07
E00123,E00291,7.0,1,2024-11-07
E00131,E00238,7.6,1,2024-11-07
E00131,E00394,6.9,1,2024-11-07
E00131,E00413,5.8,1,2024-11-07
E00148,E00413,6.6,1,2024-11-07
E00238,E00291,7.7,1,2024-11-07
E00390,E00394,6.6,1,2024-11-07
E00054,E00157,7.6,1,2026-01-22
E00054,E00168,6.6,1,2026-01-22
E00157,E00187,7.9,1,2026-01-22
E00157,E00297,6.2,1,2026-01-22
E00157,E00315,6.4,1,2026-01-22
E00168,E00289,5.8,1,2026-01-22
E00168,E00370,5.6,1,2026-01-22
E00187,E00305,6.9,1,2026-01-22
E00190,E00289,6.7,1,2026-01-22
E00192,E00315,5.6,1,2026-01-22
E00297,E00305,6.0,1,2026-01-22
E00297,E00315,5.5,1,2026-01-22
E00305,E00315,5.7,1,2026-01-22
E00026,E00231,7.6,1,2026-01-26
E00120,E00200,8.4,1,2026-01-26
E00120,E00260,7.3,1,2026-01-26
E00206,E00231,6.7,1,2026-01-26
E00050,E00091,5.5,1,2026-05-19
E00050,E00158,5.8,1,2026-05-19
E00070,E00155,6.5,1,2026-05-19
E00155,E00200,7.0,1,2026-05-19
E00155,E00298,7.2,1,2026-05-19
E00291,E00298,6.6,1,2026-05-19
E00007,E00258,6.4,1,2023-09-08
E00007,E00282,5.9,1,2023-09-08
E00021,E00121,6.8,1,2023-09-08
E00078,E00106,7.0,1,2023-09-08
E00078,E00126,6.5,1,2023-09-08
E00085,E00130,7.4,1,2023-09-08
E00094,E00134,6.8,1,2023-09-08
E00094,E00279,6.6,1,2023-09-08
E00106,E00197,6.5,1,2023-09-08
E00107,E00134,7.4,1,2023-09-08
E00107,E00281,7.1,1,2023-09-08
E00121,E00282,7.2,1,2023-09-08
E00130,E00197,6.6,1,2023-09-08
E00130,E00281,6.8,1,2023-09-08
E00130,E00282,6.2,1,2023-09-08
E00197,E00265,5.6,1,2023-09-08
E00197,E00281,6.9,1,2023-09-08
E00201,E00282,5.7,1,2023-09-08
E00258,E00281,8.0,1,2023-09-08
E00265,E00282,6.8,1,2023-09-08
E00114,E00261,5.5,1,2023-11-25
E00114,E00332,6.3,1,2023-11-25
E00114,E00367,6.1,1,2023-11-25
E00212,E00259,5.8,1,2023-11-25
E00223,E00266,6.7,1,2023-11-25
E00223,E00404,6.9,1,2023-11-25
E00261,E00332,5.5,1,2023-11-25
E00261,E00457,7.2,1,2023-11-25
E00266,E00332,7.2,1,2023-11-25
E00367,E00404,6.4,1,2023-11-25
E00386,E00457,6.7,1,2023-11-25
E00139,E00455,6.5,1,2026-04-05
E00139,E00683,6.1,1,2026-04-05
E00161,E00384,6.4,1,2026-04-05
E00161,E00456,6.5,1,2026-04-05
E00161,E00627,6.2,1,2026-04-05
E00270,E00571,6.2,1,2026-04-05
E00270,E00683,7.3,1,2026-04-05
E00279,E00549,6.0,1,2026-04-05
E00380,E00456,5.9,1,2026-04-05
E00384,E00456,6.2,1,2026-04-05
E00384,E00571,6.6,1,2026-04-05
E00384,E00699,5.6,1,2026-04-05
E00455,E00605,7.0,1,2026-04-05
E00533,E00699,6.0,1,2026-04-05
E00549,E00683,5.9,1,2026-04-05
E00683,E00702,6.6,1,2026-04-05
E00060,E00098,6.7,1,2025-01-09
E00060,E00472,6.9,1,2025-01-09
E00173,E00330,6.3,1,2025-01-09
E00173,E00396,6.2,1,2025-01-09
E00226,E00322,7.2,1,2025-01-09
E00238,E00413,7.6,1,2025-01-09
E00238,E00470,6.7,1,2025-01-09
E00322,E00330,7.0,1,2025-01-09
E00413,E00472,6.6,1,2025-01-09
E00013,E00062,7.9,1,2026-03-27
E00013,E00388,6.4,1,2026-03-27
E00035,E00062,8.3,1,2026-03-27
E00035,E00368,6.6,1,2026-03-27
E00060,E00092,6.7,1,2026-03-27
E00060,E00325,7.7,1,2026-03-27
E00062,E00317,7.2,1,2026-03-27
E00062,E00325,8.8,1,2026-03-27
E00064,E00308,6.2,1,2026-03-27
E00064,E00368,5.9,1,2026-03-27
E00070,E00105,6.7,1,2026-03-27
E00070,E00368,6.4,1,2026-03-27
E00092,E00270,7.1,1,2026-03-27
E00092,E00314,5.7,1,2026-03-27
E00092,E00317,5.9,1,2026-03-27
E00105,E00357,6.0,1,2026-03-27
E00130,E00137,7.5,1,2026-03-27
E00130,E00184,8.3,1,2026-03-27
E00130,E00327,6.9,1,2026-03-27
E00137,E00270,7.0,1,2026-03-27
E00146,E00158,7.3,1,2026-03-27
E00146,E00325,7.6,1,2026-03-27
E00158,E00232,7.1,1,2026-03-27
E00158,E00327,6.1,1,2026-03-27
E00184,E00232,6.3,1,2026-03-27
E00232,E00314,5.5,1,2026-03-27
E00270,E00316,7.1,1,2026-03-27
E00308,E00348,6.5,1,2026-03-27
E00308,E00357,6.8,1,2026-03-27
E00314,E00357,5.7,1,2026-03-27
E00316,E00388,6.5,1,2026-03-27
E00317,E00388,5.5,1,2026-03-27
E00348,E00368,6.1,1,2026-03-27
E00053,E00103,7.8,1,2023-10-10
E00053,E00258,7.5,1,2023-10-10
E00053,E00273,6.7,1,2023-10-10
E00103,E00221,7.0,1,2023-10-10
E00103,E00252,7.5,1,2023-10-10
E00142,E00216,6.3,1,2023-10-10
E00160,E00261,6.7,1,2023-10-10
E00206,E00221,7.0,1,2023-10-10
E00206,E00273,6.6,1,2023-10-10
E00252,E00378,6.6,1,2023-10-10
E00019,E00230,6.7,1,2026-03-03
E00019,E00269,6.1,1,2026-03-03
E00046,E00262,6.3,1,2026-03-03
E00047,E00146,6.3,1,2026-03-03
E00047,E00290,6.4,1,2026-03-03
E00115,E00185,6.3,1,2026-03-03
E00138,E00269,6.5,1,2026-03-03
E00146,E00175,6.2,1,2026-03-03
E00175,E00247,6.9,1,2026-03-03
E00185,E00231,5.8,1,2026-03-03
E00185,E00269,6.4,1,2026-03-03
E00231,E00262,6.6,1,2026-03-03
E00231,E00290,5.6,1,2026-03-03
E00100,E00164,6.7,1,2026-03-16
E00299,E00347,6.0,1,2026-03-16
E00251,E00433,8.5,1,2026-04-20
E00022,E00077,7.4,1,2026-03-28
E00029,E00195,5.9,1,2026-03-28
E00039,E00184,6.0,1,2026-03-28
E00039,E00204,7.1,1,2026-03-28
E00077,E00317,6.7,1,2026-03-28
E00096,E00114,7.4,1,2026-03-28
E00096,E00183,5.5,1,2026-03-28
E00096,E00231,6.0,1,2026-03-28
E00114,E00183,7.2,1,2026-03-28
E00183,E00305,6.2,1,2026-03-28
E00184,E00195,5.9,1,2026-03-28
E00184,E00305,6.1,1,2026-03-28
E00204,E00305,7.8,1,2026-03-28
E00231,E00264,7.3,1,2026-03-28
E00305,E00317,5.7,1,2026-03-28
E00008,E00030,5.5,1,2025-12-22
E00030,E00035,6.1,1,2025-12-22
E00030,E00185,6.8,1,2025-12-22
E00030,E00268,6.8,1,2025-12-22
E00041,E00081,5.8,1,2025-12-22
E00041,E00168,6.4,1,2025-12-22
E00041,E00185,6.8,1,2025-12-22
E00121,E00185,6.8,1,2025-12-22
E00150,E00268,9.0,1,2025-12-22
E00169,E00211,6.5,1,2025-12-22
E00200,E00214,5.7,1,2025-12-22
E00211,E00214,5.7,1,2025-12-22
E00026,E00127,7.6,1,2025-10-28
E00026,E00295,6.4,1,2025-10-28
E00026,E00358,6.7,1,2025-10-28
E00079,E00187,8.0,1,2025-10-28
E00127,E00358,7.9,1,2025-10-28
E00139,E00187,7.3,1,2025-10-28
E00139,E00217,6.9,1,2025-10-28
E00139,E00377,6.2,1,2025-10-28
E00258,E00377,6.5,1,2025-10-28
E00377,E00399,5.5,1,2025-10-28
E00013,E00125,7.8,1,2025-11-20
E00013,E00139,6.6,1,2025-11-20
E00013,E00333,6.4,1,2025-11-20
E00014,E00053,5.8,1,2025-11-20
E00015,E00139,5.5,1,2025-11-20
E00015,E00287,5.5,1,2025-11-20
E00029,E00047,7.1,1,2025-11-20
E00029,E00193,6.6,1,2025-11-20
E00047,E00232,8.4,1,2025-11-20
E00047,E00302,7.3,1,2025-11-20
E00047,E00333,6.8,1,2025-11-20
E00051,E00287,5.5,1,2025-11-20
E00053,E00316,6.5,1,2025-11-20
E00083,E00125,7.3,1,2025-11-20
E00096,E00125,7.3,1,2025-11-20
E00096,E00287,5.9,1,2025-11-20
E00106,E00223,6.0,1,2025-11-20
E00120,E00273,6.8,1,2025-11-20
E00125,E00333,6.7,1,2025-11-20
E00135,E00193,6.3,1,2025-11-20
E00135,E00287,5.5,1,2025-11-20
E00135,E00316,5.9,1,2025-11-20
E00139,E00260,5.5,1,2025-11-20
E00232,E00260,6.6,1,2025-11-20
E00082,E00430,8.0,1,2026-03-13
E00082,E00484,7.6,1,2026-03-13
E00082,E00610,6.8,1,2026-03-13
E00100,E00197,6.8,1,2026-03-13
E00100,E00382,5.7,1,2026-03-13
E00121,E00430,6.8,1,2026-03-13
E00121,E00485,7.3,1,2026-03-13
E00166,E00263,6.2,1,2026-03-13
E00166,E00600,6.7,1,2026-03-13
E00166,E00610,6.2,1,2026-03-13
E00188,E00382,6.1,1,2026-03-13
E00219,E00263,7.8,1,2026-03-13
E00219,E00484,7.8,1,2026-03-13
E00263,E00610,7.1,1,2026-03-13
E00281,E00509,7.3,1,2026-03-13
E00382,E00485,6.1,1,2026-03-13
E00430,E00509,7.0,1,2026-03-13
E00509,E00604,7.1,1,2026-03-13
E00004,E00365,6.1,1,2026-03-08
E00015,E00184,6.0,1,2026-03-08
E00034,E00415,5.9,1,2026-03-08
E00070,E00339,6.1,1,2026-03-08
E00077,E00422,5.6,1,2026-03-08
E00109,E00339,5.9,1,2026-03-08
E00146,E00390,7.9,1,2026-03-08
E00353,E00422,6.1,1,2026-03-08
E00390,E00415,6.1,1,2026-03-08
E00028,E00237,5.9,1,2026-03-29
E00028,E00357,8.8,1,2026-03-29
E00028,E00383,6.3,1,2026-03-29
E00052,E00399,6.2,1,2026-03-29
E00084,E00191,6.5,1,2026-03-29
E00084,E00287,5.9,1,2026-03-29
E00091,E00357,9.5,1,2026-03-29
E00191,E00264,6.2,1,2026-03-29
E00225,E00383,6.8,1,2026-03-29
E00225,E00410,6.9,1,2026-03-29
E00237,E00295,5.5,1,2026-03-29
E00259,E00266,8.1,1,2026-03-29
E00259,E00399,7.0,1,2026-03-29
E00264,E00266,7.9,1,2026-03-29
E00287,E00402,5.5,1,2026-03-29
E00295,E00357,8.2,1,2026-03-29
E00295,E00402,5.5,1,2026-03-29
E00295,E00410,6.1,1,2026-03-29
E00356,E00399,5.8,1,2026-03-29
E00040,E00197,8.0,1,2026-03-27
E00040,E00273,7.6,1,2026-03-27
E00131,E00223,7.5,1,2026-03-27
E00131,E00279,7.9,1,2026-03-27
E00160,E00197,7.9,1,2026-03-27
E00197,E00225,7.6,1,2026-03-27
E00214,E00225,8.0,1,2026-03-27
E00216,E00263,6.8,1,2026-03-27
E00216,E00325,6.9,1,2026-03-27
E00263,E00325,5.5,1,2026-03-27
E00026,E00462,6.9,1,2025-10-13
E00026,E00538,7.8,1,2025-10-13
E00040,E00680,7.1,1,2025-10-13
E00078,E00461,6.6,1,2025-10-13
E00078,E00593,6.2,1,2025-10-13
E00078,E00680,6.9,1,2025-10-13
E00080,E00460,6.9,1,2025-10-13
E00197,E00538,7.8,1,2025-10-13
E00197,E00571,7.5,1,2025-10-13
E00280,E00461,6.0,1,2025-10-13
E00309,E00571,7.0,1,2025-10-13
E00309,E00649,7.9,1,2025-10-13
E00313,E00397,6.5,1,2025-10-13
E00313,E00461,7.2,1,2025-10-13
E00397,E00399,5.8,1,2025-10-13
E00399,E00462,5.6,1,2025-10-13
E00460,E00626,6.6,1,2025-10-13
E00593,E00680,6.6,1,2025-10-13
E00018,E00138,5.8,1,2024-06-16
E00018,E00176,7.2,1,2024-06-16
E00018,E00322,6.7,1,2024-06-16
E00018,E00370,5.7,1,2024-06-16
E00037,E00176,8.4,1,2024-06-16
E00037,E00279,6.5,1,2024-06-16
E00091,E00171,5.5,1,2024-06-16
E00091,E00314,6.9,1,2024-06-16
E00129,E00151,7.1,1,2024-06-16
E00138,E00176,6.7,1,2024-06-16
E00138,E00418,5.6,1,2024-06-16
E00151,E00268,6.5,1,2024-06-16
E00176,E00370,6.7,1,2024-06-16
E00204,E00314,6.8,1,2024-06-16
E00268,E00279,6.0,1,2024-06-16
E00268,E00413,7.7,1,2024-06-16
E00279,E00322,5.7,1,2024-06-16
E00314,E00322,7.2,1,2024-06-16
E00314,E00370,6.7,1,2024-06-16
E00322,E00418,5.6,1,2024-06-16
E00006,E00054,5.5,1,2023-06-26
E00006,E00176,6.7,1,2023-06-26
E00054,E00461,6.0,1,2023-06-26
E00134,E00331,7.8,1,2023-06-26
E00176,E00286,6.9,1,2023-06-26
E00176,E00291,8.0,1,2023-06-26
E00187,E00285,6.5,1,2023-06-26
E00187,E00286,5.5,1,2023-06-26
E00187,E00402,5.9,1,2023-06-26
E00286,E00373,5.7,1,2023-06-26
E00373,E00461,6.2,1,2023-06-26
E00030,E00048,7.0,1,2024-12-22
E00042,E00228,6.8,1,2024-12-22
E00042,E00264,8.1,1,2024-12-22
E00048,E00122,5.8,1,2024-12-22
E00078,E00100,7.1,1,2024-12-22
E00078,E00264,7.4,1,2024-12-22
E00078,E00324,6.9,1,2024-12-22
E00095,E00285,7.1,1,2024-12-22
E00100,E00188,7.7,1,2024-12-22
E00100,E00214,6.9,1,2024-12-22
E00100,E00264,7.3,1,2024-12-22
E00103,E00307,8.4,1,2024-12-22
E00122,E00188,7.6,1,2024-12-22
E00122,E00285,7.4,1,2024-12-22
E00188,E00324,7.9,1,2024-12-22
E00214,E00264,8.1,1,2024-12-22
E00214,E00307,9.1,1,2024-12-22
E00251,E00307,8.2,1,2024-12-22
E00005,E00054,7.1,1,2024-12-04
E00005,E00147,6.7,1,2024-12-04
E00089,E00137,6.6,1,2024-12-04
E00137,E00412,6.1,1,2024-12-04
E00202,E00253,7.1,1,2024-12-04
E00320,E00360,5.8,1,2024-12-04
E00013,E00216,6.2,1,2025-09-27
E00013,E00314,6.3,1,2025-09-27
E00113,E00394,7.2,1,2025-09-27
E00216,E00323,5.9,1,2025-09-27
E00216,E00366,7.4,1,2025-09-27
E00216,E00401,7.3,1,2025-09-27
E00234,E00331,7.2,1,2025-09-27
E00287,E00422,6.8,1,2025-09-27
E00314,E00367,6.7,1,2025-09-27
E00331,E00348,7.9,1,2025-09-27
E00331,E00401,6.7,1,2025-09-27
E00401,E00422,6.2,1,2025-09-27
E00020,E00073,5.5,1,2025-05-18
E00022,E00270,5.5,1,2025-05-18
E00038,E00190,5.9,1,2025-05-18
E00038,E00266,7.1,1,2025-05-18
E00073,E00170,6.5,1,2025-05-18
E00073,E00363,6.0,1,2025-05-18
E00073,E00481,5.5,1,2025-05-18
E00122,E00270,6.0,1,2025-05-18
E00190,E00481,5.6,1,2025-05-18
E00201,E00298,6.8,1,2025-05-18
E00233,E00294,6.5,1,2025-05-18
E00270,E00298,6.0,1,2025-05-18
E00270,E00363,5.7,1,2025-05-18
E00270,E00458,5.8,1,2025-05-18
E00298,E00363,5.5,1,2025-05-18
E00007,E00232,6.8,1,2023-09-30
E00022,E00178,7.9,1,2023-09-30
E00022,E00232,6.1,1,2023-09-30
E00022,E00291,7.5,1,2023-09-30
E00060,E00232,6.0,1,2023-09-30
E00060,E00289,6.0,1,2023-09-30
E00060,E00291,6.5,1,2023-09-30
E00060,E00319,6.5,1,2023-09-30
E00070,E00071,7.8,1,2023-09-30
E00070,E00204,8.7,1,2023-09-30
E00070,E00326,7.8,1,2023-09-30
E00071,E00232,6.7,1,2023-09-30
E00128,E00148,7.5,1,2023-09-30
E00128,E00289,6.0,1,2023-09-30
E00138,E00289,6.7,1,2023-09-30
E00138,E00342,6.6,1,2023-09-30
E00148,E00291,7.3,1,2023-09-30
E00178,E00342,6.8,1,2023-09-30
E00232,E00289,5.7,1,2023-09-30
E00291,E00319,6.7,1,2023-09-30
E00319,E00326,6.6,1,2023-09-30
E00018,E00151,6.1,1,2025-07-25
E00019,E00127,8.7,1,2025-07-25
E00046,E00195,7.8,1,2025-07-25
E00127,E00346,7.3,1,2025-07-25
E00151,E00250,6.5,1,2025-07-25
E00192,E00346,5.7,1,2025-07-25
E00223,E00240,5.7,1,2025-07-25
E00240,E00357,6.1,1,2025-07-25
E00346,E00366,6.6,1,2025-07-25
E00057,E00140,7.9,1,2023-08-15
E00057,E00279,6.9,1,2023-08-15
E00095,E00398,6.5,1,2023-08-15
E00235,E00433,5.5,1,2023-08-15
E00005,E00031,6.0,1,2026-01-16
E00005,E00056,5.5,1,2026-01-16
E00005,E00234,5.8,1,2026-01-16
E00005,E00306,5.9,1,2026-01-16
E00014,E00092,7.6,1,2026-01-16
E00031,E00158,6.7,1,2026-01-16
E00031,E00198,5.5,1,2026-01-16
E00053,E00158,7.1,1,2026-01-16
E00053,E00313,6.3,1,2026-01-16
E00056,E00234,6.1,1,2026-01-16
E00056,E00297,6.8,1,2026-01-16
E00064,E00092,6.6,1,2026-01-16
E00079,E00092,6.4,1,2026-01-16
E00079,E00158,7.8,1,2026-01-16
E00095,E00246,8.0,1,2026-01-16
E00096,E00274,6.4,1,2026-01-16
E00096,E00306,6.4,1,2026-01-16
E00158,E00221,7.8,1,2026-01-16
E00219,E00297,5.7,1,2026-01-16
E00232,E00306,6.8,1,2026-01-16
E00246,E00264,6.2,1,2026-01-16
E00006,E00358,5.5,1,2024-03-04
E00006,E00359,6.9,1,2024-03-04
E00077,E00141,6.6,1,2024-03-04
E00110,E00141,5.5,1,2024-03-04
E00110,E00153,5.6,1,2024-03-04
E00110,E00365,5.8,1,2024-03-04
E00141,E00359,7.2,1,2024-03-04
E00208,E00358,6.1,1,2024-03-04
E00208,E00365,6.4,1,2024-03-04
E00358,E00359,6.6,1,2024-03-04
E00001,E00240,7.0,1,2025-05-25
E00079,E00145,5.9,1,2025-05-25
E00091,E00118,5.5,1,2025-05-25
E00091,E00268,6.9,1,2025-05-25
E00091,E00370,7.5,1,2025-05-25
E00095,E00235,6.7,1,2025-05-25
E00118,E00145,5.6,1,2025-05-25
E00186,E00235,6.6,1,2025-05-25
E00322,E00370,7.1,1,2025-05-25
E00029,E00046,7.6,1,2026-02-07
E00029,E00137,5.5,1,2026-02-07
E00188,E00244,8.8,1,2026-02-07
E00242,E00268,6.5,1,2026-02-07
E00244,E00268,7.2,1,2026-02-07
E00008,E00636,6.5,1,2024-05-22
E00026,E00333,8.1,1,2024-05-22
E00161,E00363,5.5,1,2024-05-22
E00333,E00405,7.4,1,2024-05-22
E00333,E00513,7.5,1,2024-05-22
E00333,E00616,6.8,1,2024-05-22
E00405,E00513,6.8,1,2024-05-22
E00405,E00520,7.3,1,2024-05-22
E00513,E00521,6.8,1,2024-05-22
E00513,E00616,6.8,1,2024-05-22
E00513,E00652,6.7,1,2024-05-22
E00520,E00636,8.2,1,2024-05-22
E00129,E00234,5.5,1,2026-03-01
E00224,E00353,6.1,1,2026-03-01
E00224,E00507,7.1,1,2026-03-01
E00293,E00531,6.5,1,2026-03-01
E00422,E00531,7.0,1,2026-03-01
E00433,E00531,7.0,1,2026-03-01
E00472,E00531,7.2,1,2026-03-01
E00020,E00152,5.8,1,2024-11-26
E00081,E00145,6.1,1,2024-11-26
E00081,E00152,7.2,1,2024-11-26
E00121,E00199,6.3,1,2024-11-26
E00145,E00187,6.0,1,2024-11-26
E00145,E00353,6.0,1,2024-11-26
E00187,E00353,5.8,1,2024-11-26
E00009,E00325,7.0,1,2026-03-28
E00009,E00508,7.8,1,2026-03-28
E00026,E00125,6.6,1,2026-03-28
E00026,E00467,6.4,1,2026-03-28
E00038,E00125,7.7,1,2026-03-28
E00038,E00323,8.3,1,2026-03-28
E00045,E00323,7.1,1,2026-03-28
E00045,E00325,6.5,1,2026-03-28
E00045,E00495,5.8,1,2026-03-28
E00125,E00475,5.5,1,2026-03-28
E00323,E00325,6.5,1,2026-03-28
E00325,E00452,6.6,1,2026-03-28
E00330,E00495,6.7,1,2026-03-28
E00452,E00475,6.0,1,2026-03-28
E00452,E00508,6.7,1,2026-03-28
E00475,E00495,6.2,1,2026-03-28
E00045,E00144,6.7,1,2024-01-11
E00045,E00492,8.1,1,2024-01-11
E00052,E00061,6.5,1,2024-01-11
E00052,E00199,6.8,1,2024-01-11
E00052,E00463,7.2,1,2024-01-11
E00061,E00165,6.5,1,2024-01-11
E00061,E00463,6.6,1,2024-01-11
E00061,E00490,6.5,1,2024-01-11
E00061,E00503,6.3,1,2024-01-11
E00081,E00492,7.8,1,2024-01-11
E00081,E00579,6.2,1,2024-01-11
E00165,E00352,7.5,1,2024-01-11
E00165,E00503,5.8,1,2024-01-11
E00199,E00366,6.3,1,2024-01-11
E00234,E00490,7.0,1,2024-01-11
E00254,E00366,6.9,1,2024-01-11
E00254,E00547,5.6,1,2024-01-11
E00280,E00338,6.1,1,2024-01-11
E00280,E00366,6.2,1,2024-01-11
E00280,E00503,5.5,1,2024-01-11
E00280,E00579,6.0,1,2024-01-11
E00338,E00352,6.6,1,2024-01-11
E00338,E00463,7.4,1,2024-01-11
E00366,E00492,7.2,1,2024-01-11
E00366,E00579,5.8,1,2024-01-11
E00490,E00503,5.9,1,2024-01-11
E00503,E00536,6.2,1,2024-01-11
E00536,E00579,7.0,1,2024-01-11
E00006,E00157,6.8,1,2024-03-11
E00084,E00293,7.5,1,2024-03-11
E00101,E00302,7.8,1,2024-03-11
E00157,E00170,5.7,1,2024-03-11
E00237,E00293,7.5,1,2024-03-11
E00237,E00302,6.6,1,2024-03-11
E00024,E00069,7.6,1,2026-03-13
E00024,E00107,8.4,1,2026-03-13
E00030,E00208,7.5,1,2026-03-13
E00052,E00056,6.0,1,2026-03-13
E00052,E00069,6.9,1,2026-03-13
E00052,E00084,5.8,1,2026-03-13
E00052,E00102,5.8,1,2026-03-13
E00052,E00208,6.4,1,2026-03-13
E00052,E00287,6.3,1,2026-03-13
E00052,E00297,5.8,1,2026-03-13
E00052,E00413,6.9,1,2026-03-13
E00056,E00413,6.2,1,2026-03-13
E00064,E00165,7.5,1,2026-03-13
E00064,E00215,6.9,1,2026-03-13
E00064,E00245,6.8,1,2026-03-13
E00102,E00297,5.5,1,2026-03-13
E00102,E00424,6.5,1,2026-03-13
E00208,E00287,6.8,1,2026-03-13
E00215,E00287,7.7,1,2026-03-13
E00215,E00323,8.2,1,2026-03-13
E00227,E00287,7.1,1,2026-03-13
E00227,E00447,7.8,1,2026-03-13
E00287,E00323,6.7,1,2026-03-13
E00297,E00413,6.7,1,2026-03-13
E00323,E00345,7.0,1,2026-03-13
E00345,E00440,6.7,1,2026-03-13
E00018,E00050,6.1,1,2023-11-11
E00018,E00089,5.8,1,2023-11-11
E00050,E00362,7.1,1,2023-11-11
E00089,E00362,6.9,1,2023-11-11
E00106,E00404,7.3,1,2023-11-11
E00348,E00362,7.1,1,2023-11-11
E00110,E00121,5.9,1,2025-08-04
E00110,E00381,7.6,1,2025-08-04
E00121,E00339,6.0,1,2025-08-04
E00197,E00359,6.5,1,2025-08-04
E00201,E00325,6.6,1,2025-08-04
E00226,E00339,6.3,1,2025-08-04
E00339,E00378,7.0,1,2025-08-04
E00359,E00381,6.4,1,2025-08-04
E00378,E00399,8.1,1,2025-08-04
E00049,E00078,6.8,1,2026-03-05
E00070,E00078,6.5,1,2026-03-05
E00070,E00177,6.6,1,2026-03-05
E00072,E00215,6.8,1,2026-03-05
E00072,E00264,6.1,1,2026-03-05
E00109,E00286,8.2,1,2026-03-05
E00124,E00177,6.2,1,2026-03-05
E00264,E00286,7.9,1,2026-03-05
E00021,E00206,7.3,1,2024-07-03
E00021,E00318,6.8,1,2024-07-03
E00060,E00083,6.4,1,2024-07-03
E00076,E00114,7.1,1,2024-07-03
E00083,E00114,6.8,1,2024-07-03
E00083,E00267,6.2,1,2024-07-03
E00113,E00318,7.0,1,2024-07-03
E00114,E00241,7.1,1,2024-07-03
E00145,E00241,6.4,1,2024-07-03
E00145,E00318,5.5,1,2024-07-03
E00198,E00205,6.2,1,2024-07-03
E00206,E00295,7.8,1,2024-07-03
E00241,E00267,6.8,1,2024-07-03
E00295,E00347,7.1,1,2024-07-03
E00005,E00729,6.6,1,2026-04-01
E00049,E00321,7.6,1,2026-04-01
E00148,E00247,6.0,1,2026-04-01
E00148,E00321,6.5,1,2026-04-01
E00235,E00710,6.6,1,2026-04-01
E00235,E00729,7.0,1,2026-04-01
E00247,E00309,6.6,1,2026-04-01
E00350,E00729,7.5,1,2026-04-01
E00028,E00293,6.6,1,2025-02-17
E00028,E00333,5.5,1,2025-02-17
E00131,E00155,6.0,1,2025-02-17
E00131,E00329,5.5,1,2025-02-17
E00131,E00333,6.1,1,2025-02-17
E00137,E00322,8.6,1,2025-02-17
E00247,E00293,7.1,1,2025-02-17
E00322,E00390,7.1,1,2025-02-17
E00329,E00390,5.5,1,2025-02-17
E00007,E00239,8.1,1,2024-08-29
E00008,E00235,8.0,1,2024-08-29
E00008,E00239,8.8,1,2024-08-29
E00008,E00343,6.3,1,2024-08-29
E00008,E00348,7.8,1,2024-08-29
E00011,E00167,6.7,1,2024-08-29
E00011,E00235,7.5,1,2024-08-29
E00045,E00343,6.2,1,2024-08-29
E00062,E00118,7.3,1,2024-08-29
E00062,E00216,7.8,1,2024-08-29
E00062,E00343,6.6,1,2024-08-29
E00084,E00171,6.9,1,2024-08-29
E00084,E00250,5.9,1,2024-08-29
E00105,E00262,6.4,1,2024-08-29
E00136,E00218,7.1,1,2024-08-29
E00167,E00348,6.7,1,2024-08-29
E00194,E00235,7.4,1,2024-08-29
E00194,E00343,6.4,1,2024-08-29
E00205,E00250,6.4,1,2024-08-29
E00216,E00239,8.9,1,2024-08-29
E00216,E00329,7.5,1,2024-08-29
E00218,E00250,7.4,1,2024-08-29
E00218,E00262,7.0,1,2024-08-29
E00239,E00348,8.0,1,2024-08-29
E00250,E00343,6.3,1,2024-08-29
E00042,E00322,6.3,1,2024-04-23
E00042,E00367,6.9,1,2024-04-23
E00042,E00382,6.0,1,2024-04-23
E00056,E00146,5.6,1,2024-04-23
E00056,E00176,7.0,1,2024-04-23
E00056,E00382,6.7,1,2024-04-23
E00056,E00489,5.7,1,2024-04-23
E00095,E00247,6.1,1,2024-04-23
E00095,E00471,7.0,1,2024-04-23
E00146,E00471,6.9,1,2024-04-23
E00170,E00322,7.9,1,2024-04-23
E00170,E00403,7.0,1,2024-04-23
E00176,E00501,7.1,1,2024-04-23
E00186,E00309,7.5,1,2024-04-23
E00186,E00382,6.8,1,2024-04-23
E00247,E00249,6.7,1,2024-04-23
E00247,E00360,6.0,1,2024-04-23
E00309,E00501,6.5,1,2024-04-23
E00309,E00530,7.3,1,2024-04-23
E00382,E00403,5.7,1,2024-04-23
E00382,E00489,5.5,1,2024-04-23
E00403,E00523,6.4,1,2024-04-23
E00431,E00477,7.5,1,2024-04-23
E00439,E00501,6.6,1,2024-04-23
E00439,E00530,6.7,1,2024-04-23
E00471,E00530,6.9,1,2024-04-23
E00501,E00523,7.8,1,2024-04-23
E00044,E00075,7.9,1,2026-03-19
E00044,E00106,7.1,1,2026-03-19
E00044,E00267,6.8,1,2026-03-19
E00075,E00200,6.7,1,2026-03-19
E00075,E00336,6.4,1,2026-03-19
E00105,E00106,5.7,1,2026-03-19
E00106,E00362,7.6,1,2026-03-19
E00113,E00142,6.3,1,2026-03-19
E00113,E00200,5.5,1,2026-03-19
E00113,E00250,7.0,1,2026-03-19
E00113,E00341,6.8,1,2026-03-19
E00250,E00272,6.6,1,2026-03-19
E00272,E00368,6.1,1,2026-03-19
E00341,E00362,7.9,1,2026-03-19
E00083,E00252,7.2,1,2026-04-12
E00083,E00536,8.1,1,2026-04-12
E00133,E00341,7.5,1,2026-04-12
E00133,E00472,7.5,1,2026-04-12
E00133,E00580,7.2,1,2026-04-12
E00140,E00580,7.0,1,2026-04-12
E00160,E00435,5.5,1,2026-04-12
E00248,E00283,6.5,1,2026-04-12
E00252,E00472,6.0,1,2026-04-12
E00283,E00435,6.1,1,2026-04-12
E00341,E00418,7.8,1,2026-04-12
E00341,E00435,6.9,1,2026-04-12
E00006,E00053,7.1,1,2025-11-04
E00006,E00238,7.3,1,2025-11-04
E00015,E00138,6.1,1,2025-11-04
E00029,E00078,8.6,1,2025-11-04
E00029,E00119,7.2,1,2025-11-04
E00029,E00238,7.3,1,2025-11-04
E00078,E00119,7.1,1,2025-11-04
E00078,E00190,7.8,1,2025-11-04
E00137,E00274,5.5,1,2025-11-04
E00137,E00309,6.3,1,2025-11-04
E00138,E00238,6.0,1,2025-11-04
E00138,E00309,6.2,1,2025-11-04
E00177,E00238,7.4,1,2025-11-04
E00238,E00274,5.8,1,2025-11-04
E00238,E00381,7.0,1,2025-11-04
E00321,E00381,7.7,1,2025-11-04
E00047,E00067,8.2,1,2026-04-11
E00047,E00321,8.8,1,2026-04-11
E00047,E00679,6.8,1,2026-04-11
E00067,E00251,8.0,1,2026-04-11
E00067,E00321,9.0,1,2026-04-11
E00067,E00679,6.4,1,2026-04-11
E00128,E00251,7.1,1,2026-04-11
E00225,E00492,6.0,1,2026-04-11
E00225,E00649,6.0,1,2026-04-11
E00109,E00830,8.0,1,2024-08-23
E00117,E00414,6.5,1,2024-08-23
E00198,E00442,7.6,1,2024-08-23
E00411,E00442,8.0,1,2024-08-23
E00604,E00830,6.2,1,2024-08-23
E00759,E00789,7.2,1,2024-08-23
E00789,E00830,6.8,1,2024-08-23
E00006,E00223,6.4,1,2026-01-07
E00116,E00527,6.1,1,2026-01-07
E00116,E00662,6.9,1,2026-01-07
E00223,E00525,6.2,1,2026-01-07
E00223,E00620,5.8,1,2026-01-07
E00248,E00525,5.8,1,2026-01-07
E00401,E00525,5.5,1,2026-01-07
E00401,E00527,5.6,1,2026-01-07
E00401,E00610,5.7,1,2026-01-07
E00401,E00620,5.8,1,2026-01-07
E00490,E00525,5.5,1,2026-01-07
E00490,E00552,6.6,1,2026-01-07
E00525,E00552,6.0,1,2026-01-07
E00552,E00620,6.6,1,2026-01-07
E00015,E00193,5.5,1,2024-10-31
E00042,E00094,6.0,1,2024-10-31
E00042,E00247,6.0,1,2024-10-31
E00048,E00133,6.6,1,2024-10-31
E00075,E00197,6.7,1,2024-10-31
E00075,E00260,6.2,1,2024-10-31
E00090,E00125,6.4,1,2024-10-31
E00125,E00247,6.0,1,2024-10-31
E00133,E00247,7.0,1,2024-10-31
E00197,E00236,6.1,1,2024-10-31
E00236,E00282,6.1,1,2024-10-31
E00073,E00278,6.4,1,2024-07-20
E00088,E00360,6.0,1,2024-07-20
E00101,E00365,7.0,1,2024-07-20
E00152,E00304,5.6,1,2024-07-20
E00152,E00543,5.8,1,2024-07-20
E00191,E00242,8.0,1,2024-07-20
E00191,E00365,8.2,1,2024-07-20
E00052,E00330,5.7,1,2026-03-24
E00118,E00208,8.1,1,2026-03-24
E00118,E00330,6.6,1,2026-03-24
E00186,E00271,6.1,1,2026-03-24
E00186,E00344,6.2,1,2026-03-24
E00208,E00241,7.2,1,2026-03-24
E00208,E00330,6.6,1,2026-03-24
E00261,E00280,6.1,1,2026-03-24
E00261,E00305,5.5,1,2026-03-24
E00261,E00307,5.8,1,2026-03-24
E00271,E00289,5.9,1,2026-03-24
E00307,E00330,5.5,1,2026-03-24
E00325,E00344,5.5,1,2026-03-24
E00330,E00344,5.8,1,2026-03-24
