employee_id,skill_id,years_experience,proficiency_level,last_used_date,certified_flag,skill_priority
E00001,SK011,1.0,Beginner,2025-12-08,0,High
E00001,SK017,1.0,Beginner,2026-03-04,0,High
E00001,SK033,0.5,Beginner,2024-12-13,0,Medium
E00002,SK033,3.6,Intermediate,2025-03-17,0,High
E00003,SK004,5.0,Advanced,2025-05-20,0,High
E00003,SK009,2.3,Intermediate,2025-09-14,0,Medium
E00003,SK037,3.3,Intermediate,2025-05-15,1,Medium
E00004,SK004,5.8,Advanced,2026-01-25,0,High
E00004,SK032,2.6,Intermediate,2025-09-16,0,Medium
E00004,SK035,1.0,Beginner,2025-07-24,0,Low
E00004,SK038,4.5,Advanced,2025-11-14,0,Medium
E00005,SK001,4.1,Advanced,2025-10-09,1,Medium
E00005,SK016,4.9,Advanced,2026-03-11,0,Medium
E00005,SK017,3.0,Intermediate,2025-04-19,1,Medium
E00005,SK018,4.1,Advanced,2025-01-21,1,Medium
E00005,SK020,4.3,Advanced,2025-08-31,1,High
E00006,SK005,4.4,Advanced,2025-02-28,1,Medium
E00006,SK007,3.8,Intermediate,2024-12-03,0,Medium
E00006,SK011,6.0,Advanced,2025-10-14,1,High
E00006,SK017,2.8,Intermediate,2025-06-27,1,Low
E00006,SK019,2.7,Intermediate,2025-06-02,0,Medium
E00006,SK024,6.0,Advanced,2026-01-31,1,High
E00006,SK025,5.0,Advanced,2025-09-18,1,Medium
E00007,SK002,4.2,Advanced,2026-01-19,0,Low
E00007,SK004,3.6,Intermediate,2024-10-20,0,Medium
E00007,SK011,10.0,Advanced,2024-12-08,1,High
E00007,SK013,7.9,Advanced,2025-02-26,0,High
E00007,SK027,4.1,Advanced,2024-11-20,0,Low
E00008,SK004,13.5,Advanced,2025-11-10,0,High
E00008,SK005,7.2,Advanced,2024-11-07,1,Medium
E00008,SK009,9.2,Advanced,2025-12-16,1,Medium
E00008,SK011,3.8,Intermediate,2024-12-18,0,Low
E00008,SK027,18.0,Advanced,2024-11-07,0,High
E00009,SK017,0.5,Beginner,2024-12-19,1,Medium
E00009,SK021,0.5,Beginner,2025-07-27,1,Medium
E00009,SK024,0.5,Beginner,2024-11-25,1,Medium
E00009,SK027,0.5,Beginner,2025-10-05,1,High
E00009,SK031,0.5,Beginner,2025-07-25,1,Low
E00010,SK022,3.0,Intermediate,2026-02-25,1,High
E00010,SK026,0.8,Beginner,2025-04-28,1,Low
E00010,SK034,0.5,Beginner,2024-12-07,1,Low
E00010,SK035,0.5,Beginner,2025-03-13,1,Low
E00010,SK036,1.1,Beginner,2025-07-09,1,Medium
E00011,SK006,3.2,Intermediate,2025-08-12,1,Low
E00011,SK007,10.2,Advanced,2025-03-16,1,High
E00011,SK011,7.5,Advanced,2025-12-02,1,Medium
E00011,SK022,5.7,Advanced,2025-06-30,1,Medium
E00011,SK033,3.6,Intermediate,2025-12-02,1,Low
E00012,SK009,1.4,Beginner,2026-03-23,0,Low
E00012,SK011,2.1,Intermediate,2025-08-12,0,Low
E00012,SK027,6.9,Advanced,2025-11-15,0,High
E00012,SK031,4.0,Advanced,2025-02-02,0,Medium
E00013,SK011,2.9,Intermediate,2025-09-22,0,High
E00013,SK015,0.8,Beginner,2025-06-04,0,Low
E00013,SK018,2.1,Intermediate,2025-09-08,0,Medium
E00013,SK024,2.2,Intermediate,2024-10-30,0,Medium
E00013,SK029,1.6,Beginner,2025-09-05,0,Medium
E00014,SK001,3.9,Intermediate,2025-04-10,0,High
E00014,SK010,4.2,Advanced,2025-02-15,0,High
E00014,SK011,2.1,Intermediate,2025-10-28,1,Low
E00015,SK004,2.0,Intermediate,2025-04-21,0,High
E00015,SK017,1.5,Beginner,2024-12-07,0,Medium
E00015,SK022,1.6,Beginner,2025-02-03,0,High
E00015,SK024,1.6,Beginner,2025-07-05,0,Medium
E00016,SK002,14.0,Advanced,2026-03-23,0,High
E00016,SK009,4.5,Advanced,2025-10-16,1,Low
E00016,SK013,7.3,Advanced,2025-12-16,0,Medium
E00016,SK024,10.9,Advanced,2026-01-30,0,Medium
E00016,SK034,1.9,Beginner,2025-01-29,0,Low
E00016,SK037,4.8,Advanced,2025-08-10,1,Low
E00017,SK002,9.0,Advanced,2025-04-21,0,High
E00017,SK006,2.5,Intermediate,2025-10-15,0,Low
E00017,SK007,3.2,Intermediate,2025-02-20,0,Medium
E00017,SK028,2.1,Intermediate,2024-11-06,0,Low
E00018,SK001,7.7,Advanced,2025-02-17,1,Medium
E00018,SK002,6.2,Advanced,2024-12-10,1,Medium
E00018,SK011,4.7,Advanced,2026-02-15,0,Medium
E00018,SK015,5.9,Advanced,2025-06-15,1,Medium
E00018,SK016,8.6,Advanced,2025-06-14,0,High
E00018,SK022,1.9,Beginner,2024-10-25,1,Low
E00019,SK020,1.0,Beginner,2025-08-17,1,Low
E00019,SK022,2.9,Intermediate,2024-10-23,1,Medium
E00019,SK024,4.2,Advanced,2025-06-18,1,High
E00019,SK025,3.8,Intermediate,2025-12-16,0,Medium
E00019,SK036,0.8,Beginner,2025-07-15,1,Low
E00020,SK004,3.6,Intermediate,2025-11-17,1,Medium
E00020,SK006,1.8,Beginner,2025-05-06,1,Low
E00020,SK008,5.2,Advanced,2025-06-10,0,High
E00020,SK009,1.4,Beginner,2024-11-20,0,Low
E00020,SK013,5.0,Advanced,2025-02-25,0,Medium
E00020,SK029,3.5,Intermediate,2025-02-10,0,Medium
E00020,SK036,2.1,Intermediate,2026-02-17,0,Low
E00021,SK009,8.4,Advanced,2025-02-18,1,Medium
E00021,SK022,5.5,Advanced,2025-11-02,1,Low
E00021,SK023,4.8,Advanced,2026-02-02,1,Medium
E00021,SK029,7.5,Advanced,2025-11-20,0,Medium
E00021,SK037,2.4,Intermediate,2026-01-30,1,Low
E00022,SK027,1.0,Beginner,2026-03-20,0,High
E00022,SK037,0.9,Beginner,2025-04-09,0,High
E00023,SK004,4.0,Advanced,2025-06-29,0,Medium
E00023,SK018,4.2,Advanced,2025-11-25,1,Medium
E00023,SK034,1.7,Beginner,2025-04-13,1,Low
E00024,SK007,6.9,Advanced,2025-02-25,0,Medium
E00024,SK023,1.1,Beginner,2024-10-28,0,Low
E00024,SK028,5.1,Advanced,2025-12-19,0,Medium
E00024,SK029,6.4,Advanced,2024-11-22,0,Medium
E00024,SK032,6.0,Advanced,2025-09-17,0,Medium
E00025,SK002,7.8,Advanced,2025-07-21,1,High
E00025,SK012,2.6,Intermediate,2025-01-14,0,Low
E00025,SK016,2.9,Intermediate,2025-08-17,1,Medium
E00025,SK024,3.0,Intermediate,2024-12-27,1,Medium
E00025,SK032,1.1,Beginner,2025-01-17,0,Low
E00026,SK010,1.8,Beginner,2025-04-02,1,High
E00026,SK026,1.3,Beginner,2025-12-15,1,Medium
E00026,SK027,1.1,Beginner,2025-01-07,1,Medium
E00027,SK004,1.1,Beginner,2026-03-09,1,Low
E00027,SK007,3.0,Intermediate,2024-11-13,0,High
E00027,SK036,2.0,Intermediate,2025-03-10,1,Medium
E00028,SK001,9.1,Advanced,2025-06-30,1,Medium
E00028,SK004,10.0,Advanced,2026-02-10,1,Medium
E00028,SK007,4.6,Advanced,2025-05-27,1,Medium
E00028,SK010,4.8,Advanced,2026-02-18,1,Medium
E00028,SK024,11.9,Advanced,2025-01-31,1,High
E00028,SK026,7.2,Advanced,2024-11-09,1,Medium
E00029,SK002,0.8,Beginner,2025-06-21,0,Low
E00029,SK004,3.4,Intermediate,2025-02-24,0,Low
E00029,SK016,3.9,Intermediate,2025-09-14,0,Medium
E00029,SK024,6.7,Advanced,2025-12-16,0,High
E00029,SK034,1.7,Beginner,2025-12-19,0,Low
E00030,SK004,5.0,Advanced,2026-02-16,0,High
E00030,SK008,1.9,Beginner,2025-06-19,0,Low
E00030,SK020,3.6,Intermediate,2025-06-25,0,Medium
E00030,SK029,4.7,Advanced,2025-04-17,0,High
E00030,SK031,2.5,Intermediate,2026-03-06,0,Medium
E00030,SK035,2.7,Intermediate,2025-02-22,0,Medium
E00031,SK004,1.5,Beginner,2025-07-03,1,Medium
E00031,SK013,2.0,Intermediate,2025-03-06,1,High
E00031,SK016,0.6,Beginner,2025-11-01,1,Low
E00031,SK024,0.5,Beginner,2026-02-28,1,Low
E00032,SK005,5.7,Advanced,2025-11-01,1,Low
E00032,SK008,7.2,Advanced,2025-02-20,1,Medium
E00032,SK009,10.8,Advanced,2025-08-22,1,High
E00032,SK015,8.4,Advanced,2026-03-16,0,Medium
E00032,SK030,1.7,Beginner,2024-10-22,1,Low
E00032,SK034,9.6,Advanced,2025-02-25,0,High
E00033,SK002,1.2,Beginner,2025-04-20,0,Medium
E00033,SK004,2.9,Intermediate,2025-03-25,0,High
E00033,SK009,1.6,Beginner,2024-11-10,0,Medium
E00033,SK027,2.4,Intermediate,2025-05-02,0,High
E00034,SK001,6.0,Advanced,2026-01-14,0,High
E00034,SK026,3.2,Intermediate,2025-10-09,1,Medium
E00034,SK029,4.8,Advanced,2026-02-14,1,Medium
E00035,SK008,0.8,Beginner,2026-01-26,0,Low
E00035,SK013,2.2,Intermediate,2025-03-29,0,Medium
E00035,SK036,3.0,Intermediate,2025-04-11,0,High
E00036,SK006,3.0,Intermediate,2025-11-28,0,Medium
E00036,SK013,4.2,Advanced,2025-10-03,1,High
E00036,SK036,2.7,Intermediate,2025-08-24,0,Low
E00036,SK037,4.4,Advanced,2025-08-10,0,High
E00037,SK003,2.0,Intermediate,2025-05-24,0,Low
E00037,SK008,6.9,Advanced,2025-03-17,0,Medium
E00037,SK010,8.6,Advanced,2026-03-13,1,Medium
E00037,SK016,6.6,Advanced,2025-02-10,1,Medium
E00037,SK017,5.9,Advanced,2025-04-11,1,Medium
E00037,SK025,10.5,Advanced,2025-05-13,1,High
E00037,SK032,1.6,Beginner,2026-02-12,1,Low
E00037,SK038,10.8,Advanced,2025-10-31,1,High
E00038,SK029,1.7,Beginner,2025-07-15,0,Low
E00038,SK035,1.3,Beginner,2024-12-30,1,Low
E00039,SK020,10.0,Advanced,2026-03-20,1,Medium
E00039,SK022,8.6,Advanced,2026-01-19,1,Medium
E00039,SK024,7.9,Advanced,2025-06-16,1,Low
E00039,SK025,7.8,Advanced,2024-12-19,1,Low
E00039,SK026,5.9,Advanced,2024-10-30,1,Medium
E00039,SK028,11.6,Advanced,2024-10-23,0,High
E00039,SK029,11.6,Advanced,2025-01-12,1,Medium
E00040,SK019,2.8,Intermediate,2026-01-01,1,Low
E00040,SK020,6.3,Advanced,2026-03-24,0,High
E00040,SK021,1.3,Beginner,2024-11-22,1,Low
E00040,SK031,1.7,Beginner,2026-01-12,1,Low
E00040,SK032,2.1,Intermediate,2025-01-11,0,Low
E00041,SK003,3.1,Intermediate,2026-01-30,0,Low
E00041,SK020,3.4,Intermediate,2025-02-17,0,Low
E00041,SK025,5.3,Advanced,2025-05-26,0,High
E00041,SK026,5.2,Advanced,2026-01-09,0,Medium
E00041,SK036,1.1,Beginner,2025-05-23,0,Low
E00042,SK014,4.9,Advanced,2025-01-14,0,Medium
E00042,SK019,7.7,Advanced,2025-10-10,1,High
E00042,SK021,4.2,Advanced,2025-12-09,0,Low
E00042,SK024,7.4,Advanced,2025-11-07,0,Medium
E00042,SK026,4.3,Advanced,2026-01-15,0,Medium
E00042,SK038,5.4,Advanced,2025-09-01,1,Medium
E00043,SK032,5.7,Advanced,2025-12-04,1,Medium
E00043,SK033,4.6,Advanced,2025-12-20,0,Medium
E00043,SK036,9.7,Advanced,2024-10-21,1,High
E00043,SK038,7.7,Advanced,2025-06-17,0,Medium
E00044,SK009,4.0,Advanced,2026-01-23,0,High
E00044,SK025,1.8,Beginner,2025-02-15,0,Medium
E00044,SK034,1.7,Beginner,2024-12-14,0,Low
E00045,SK001,11.7,Advanced,2025-02-13,1,High
E00045,SK002,9.3,Advanced,2024-10-17,1,Medium
E00045,SK005,13.0,Advanced,2026-01-06,1,High
E00045,SK021,3.4,Intermediate,2025-07-19,1,Low
E00045,SK029,5.6,Advanced,2026-01-28,0,Low
E00045,SK030,5.7,Advanced,2026-02-27,1,Medium
E00045,SK036,9.7,Advanced,2025-05-26,1,Medium
E00046,SK003,2.4,Intermediate,2026-01-06,1,Low
E00046,SK008,5.1,Advanced,2024-10-15,1,Medium
E00046,SK023,2.9,Intermediate,2026-03-22,0,Medium
E00046,SK024,6.5,Advanced,2024-11-02,1,High
E00046,SK026,2.0,Intermediate,2026-03-10,1,Low
E00046,SK028,5.0,Advanced,2026-02-25,1,Medium
E00047,SK011,3.2,Intermediate,2024-12-06,1,Medium
E00047,SK016,5.6,Advanced,2024-10-16,1,High
E00047,SK020,7.0,Advanced,2026-01-17,1,High
E00047,SK037,4.1,Advanced,2025-08-09,1,Medium
E00048,SK001,2.0,Intermediate,2025-03-21,1,High
E00048,SK003,1.1,Beginner,2024-10-23,0,Medium
E00048,SK012,1.3,Beginner,2025-01-06,1,Medium
E00048,SK020,1.0,Beginner,2025-03-13,1,Low
E00048,SK038,0.8,Beginner,2024-11-07,1,Medium
E00049,SK011,1.6,Beginner,2025-04-09,1,Medium
E00049,SK013,1.8,Beginner,2025-07-25,1,Low
E00049,SK014,2.8,Intermediate,2025-08-14,0,Medium
E00049,SK016,1.3,Beginner,2026-01-09,0,Low
E00049,SK030,1.7,Beginner,2024-11-06,0,Low
E00050,SK008,5.7,Advanced,2025-02-26,1,Medium
E00050,SK011,3.5,Intermediate,2025-05-03,0,Low
E00050,SK017,8.0,Advanced,2025-08-12,0,High
E00050,SK024,3.1,Intermediate,2025-05-09,1,Low
E00050,SK027,4.8,Advanced,2024-10-30,1,Medium
E00050,SK035,4.9,Advanced,2026-03-15,1,Medium
E00051,SK011,3.2,Intermediate,2025-10-08,0,Medium
E00051,SK016,3.3,Intermediate,2025-04-30,0,Medium
E00051,SK018,4.5,Advanced,2025-01-30,1,Medium
E00051,SK027,7.0,Advanced,2025-05-11,0,High
E00051,SK028,5.7,Advanced,2024-12-21,1,Medium
E00051,SK033,0.9,Beginner,2025-06-02,0,Low
E00052,SK001,6.0,Advanced,2025-08-08,1,High
E00052,SK002,2.6,Intermediate,2025-10-11,0,Medium
E00052,SK005,2.2,Intermediate,2025-02-08,0,Low
E00052,SK009,5.1,Advanced,2026-02-11,1,High
E00052,SK012,4.5,Advanced,2025-06-03,0,Medium
E00052,SK037,4.8,Advanced,2025-01-27,1,Medium
E00053,SK011,3.8,Intermediate,2025-10-31,0,High
E00053,SK024,1.0,Beginner,2025-12-11,1,Low
E00053,SK026,0.6,Beginner,2025-02-27,0,Low
E00053,SK031,1.5,Beginner,2024-11-10,0,Low
E00053,SK038,1.4,Beginner,2024-12-02,0,Low
E00054,SK024,2.3,Intermediate,2025-12-18,0,High
E00054,SK025,1.2,Beginner,2025-06-09,1,Low
E00054,SK026,1.9,Beginner,2024-10-19,1,Medium
E00055,SK004,1.2,Beginner,2025-10-17,0,Medium
E00055,SK006,1.6,Beginner,2025-08-21,0,Medium
E00055,SK014,2.0,Intermediate,2026-03-10,0,Medium
E00055,SK027,3.0,Intermediate,2025-07-07,0,High
E00055,SK029,1.8,Beginner,2025-05-05,0,Medium
E00055,SK034,2.1,Intermediate,2025-11-15,0,Medium
E00056,SK017,7.1,Advanced,2025-06-06,0,Medium
E00056,SK018,10.7,Advanced,2026-03-14,0,High
E00056,SK023,9.4,Advanced,2025-11-11,0,High
E00056,SK036,3.1,Intermediate,2025-05-27,0,Low
E00057,SK002,4.0,Advanced,2025-08-27,1,Medium
E00057,SK006,1.8,Beginner,2024-12-20,1,Medium
E00057,SK019,2.3,Intermediate,2025-11-12,0,Low
E00057,SK021,1.9,Beginner,2025-12-09,0,Low
E00057,SK023,2.7,Intermediate,2026-02-02,0,Medium
E00057,SK036,2.4,Intermediate,2025-02-11,1,Low
E00058,SK015,6.2,Advanced,2025-01-29,1,High
E00058,SK016,6.5,Advanced,2025-03-19,1,Medium
E00058,SK018,7.0,Advanced,2025-05-20,1,High
E00058,SK020,6.0,Advanced,2025-11-28,1,Medium
E00058,SK022,3.3,Intermediate,2025-07-24,1,Medium
E00058,SK026,3.7,Intermediate,2025-03-04,1,Low
E00059,SK002,0.5,Beginner,2025-09-27,1,Medium
E00059,SK028,0.5,Beginner,2025-09-26,1,Medium
E00060,SK002,4.8,Advanced,2026-01-21,0,Medium
E00060,SK007,4.4,Advanced,2025-10-20,0,Medium
E00060,SK008,1.7,Beginner,2026-02-04,0,Low
E00060,SK009,7.0,Advanced,2025-12-31,0,High
E00060,SK011,5.7,Advanced,2025-04-17,1,Medium
E00060,SK013,7.6,Advanced,2025-05-02,0,Medium
E00060,SK033,3.5,Intermediate,2025-08-22,0,Medium
E00061,SK012,0.5,Beginner,2025-05-11,1,Low
E00061,SK027,0.5,Beginner,2025-01-20,1,Medium
E00061,SK032,0.8,Beginner,2026-03-06,1,Medium
E00061,SK036,1.0,Beginner,2025-10-01,1,High
E00061,SK037,0.5,Beginner,2025-12-02,1,Low
E00062,SK001,3.8,Intermediate,2025-07-04,0,High
E00062,SK013,4.1,Advanced,2024-12-22,0,Medium
E00062,SK027,1.6,Beginner,2025-12-28,0,Low
E00062,SK033,3.8,Intermediate,2025-02-27,0,Medium
E00063,SK002,11.2,Advanced,2025-01-06,1,High
E00063,SK010,4.7,Advanced,2025-07-29,1,Low
E00063,SK012,11.1,Advanced,2025-07-04,1,Medium
E00063,SK029,11.3,Advanced,2026-01-06,1,High
E00063,SK033,10.5,Advanced,2024-12-28,1,Medium
E00064,SK002,0.5,Beginner,2026-03-18,1,Medium
E00064,SK010,0.5,Beginner,2025-12-30,1,Low
E00064,SK013,0.5,Beginner,2025-06-13,1,Medium
E00064,SK027,0.5,Beginner,2024-10-18,1,Low
E00064,SK033,0.9,Beginner,2024-12-09,1,High
E00065,SK002,5.1,Advanced,2025-07-12,1,High
E00065,SK030,3.4,Intermediate,2024-11-10,0,Medium
E00065,SK033,4.4,Advanced,2025-10-18,1,Medium
E00065,SK034,2.7,Intermediate,2025-11-17,1,Low
E00066,SK005,2.8,Intermediate,2024-10-20,1,High
E00066,SK009,2.0,Intermediate,2025-03-31,1,Medium
E00066,SK010,2.0,Intermediate,2024-11-16,0,Medium
E00067,SK019,0.5,Beginner,2026-01-09,0,Low
E00067,SK025,0.5,Beginner,2026-02-11,1,High
E00067,SK026,0.5,Beginner,2026-03-08,1,Medium
E00067,SK032,0.5,Beginner,2025-04-17,1,Medium
E00067,SK035,0.5,Beginner,2025-10-08,1,Low
E00068,SK002,12.9,Advanced,2025-02-17,1,High
E00068,SK008,3.5,Intermediate,2025-11-15,1,Low
E00068,SK010,10.1,Advanced,2025-06-06,1,Medium
E00068,SK019,10.8,Advanced,2026-03-14,1,Medium
E00068,SK034,9.9,Advanced,2025-08-10,0,Medium
E00069,SK024,1.2,Beginner,2025-05-17,1,Low
E00069,SK028,0.9,Beginner,2025-10-28,1,Low
E00069,SK032,3.5,Intermediate,2024-11-03,1,Low
E00069,SK034,4.1,Advanced,2025-10-22,1,Medium
E00070,SK001,1.6,Beginner,2025-08-20,0,Medium
E00070,SK017,3.0,Intermediate,2026-02-11,0,High
E00070,SK024,2.7,Intermediate,2025-11-14,0,High
E00070,SK026,1.2,Beginner,2025-12-07,0,Medium
E00070,SK032,2.1,Intermediate,2024-12-02,0,Medium
E00070,SK033,0.5,Beginner,2024-10-17,0,Low
E00071,SK005,3.2,Intermediate,2026-03-08,0,Medium
E00071,SK006,3.8,Intermediate,2024-11-13,0,Low
E00071,SK010,3.5,Intermediate,2025-05-11,0,Medium
E00071,SK011,8.0,Advanced,2025-04-20,0,High
E00071,SK024,3.4,Intermediate,2024-11-25,0,Low
E00071,SK026,8.0,Advanced,2025-09-06,0,High
E00072,SK005,1.3,Beginner,2024-11-21,0,Low
E00072,SK025,5.8,Advanced,2026-02-06,1,Medium
E00072,SK030,4.5,Advanced,2025-02-17,0,Medium
E00072,SK031,3.1,Intermediate,2025-12-29,0,Medium
E00073,SK002,2.2,Intermediate,2024-10-22,0,Medium
E00073,SK005,5.0,Advanced,2024-11-12,0,High
E00073,SK008,4.5,Advanced,2025-08-14,0,Medium
E00073,SK015,2.7,Intermediate,2025-02-16,0,Low
E00073,SK029,1.9,Beginner,2025-06-25,0,Low
E00074,SK001,4.8,Advanced,2025-09-18,1,Medium
E00074,SK019,4.1,Advanced,2025-10-05,1,Low
E00074,SK021,6.4,Advanced,2025-03-26,1,Medium
E00074,SK026,6.8,Advanced,2024-10-25,0,Medium
E00074,SK037,3.2,Intermediate,2026-03-09,1,Low
E00075,SK003,4.3,Advanced,2025-10-06,0,Low
E00075,SK007,5.6,Advanced,2025-11-04,1,Medium
E00075,SK022,13.1,Advanced,2026-02-14,1,Medium
E00075,SK023,6.0,Advanced,2024-12-03,1,Medium
E00075,SK024,9.4,Advanced,2025-06-26,0,Medium
E00075,SK032,6.5,Advanced,2025-03-31,1,Low
E00075,SK036,16.0,Advanced,2026-03-22,1,High
E00075,SK037,3.5,Intermediate,2025-05-05,0,Low
E00076,SK001,3.4,Intermediate,2025-02-19,1,Medium
E00076,SK011,2.6,Intermediate,2025-11-05,0,Low
E00076,SK012,5.2,Advanced,2025-03-10,1,Medium
E00076,SK020,7.0,Advanced,2025-05-27,1,High
E00076,SK022,5.6,Advanced,2025-08-11,1,Medium
E00077,SK006,2.4,Intermediate,2025-05-19,0,High
E00077,SK014,2.0,Intermediate,2024-11-17,0,Medium
E00077,SK024,1.2,Beginner,2025-12-08,0,Medium
E00078,SK009,4.6,Advanced,2024-11-04,0,Medium
E00078,SK013,8.6,Advanced,2026-01-30,0,High
E00078,SK021,4.7,Advanced,2024-11-20,1,Low
E00078,SK022,6.0,Advanced,2025-10-31,1,Medium
E00078,SK024,7.6,Advanced,2025-11-25,1,Medium
E00079,SK017,5.0,Advanced,2025-07-01,0,High
E00079,SK021,2.1,Intermediate,2025-09-11,0,Medium
E00079,SK024,3.9,Intermediate,2024-10-20,1,Medium
E00080,SK002,0.8,Beginner,2025-08-11,1,Low
E00080,SK009,0.5,Beginner,2025-05-01,0,Low
E00080,SK017,1.4,Beginner,2024-12-26,0,High
E00080,SK019,0.5,Beginner,2025-12-01,1,Low
E00081,SK002,3.9,Intermediate,2025-05-06,1,High
E00081,SK013,1.5,Beginner,2025-06-09,0,Low
E00081,SK024,3.0,Intermediate,2025-10-08,1,Medium
E00081,SK031,1.7,Beginner,2025-03-27,1,Medium
E00081,SK033,3.3,Intermediate,2025-04-03,1,Medium
E00081,SK034,1.6,Beginner,2026-03-18,0,Low
E00082,SK004,5.5,Advanced,2026-02-22,1,High
E00082,SK012,1.4,Beginner,2026-01-02,0,Low
E00082,SK028,4.6,Advanced,2024-10-17,1,Medium
E00082,SK029,1.3,Beginner,2026-02-07,1,Low
E00083,SK001,2.9,Intermediate,2025-01-01,1,Medium
E00083,SK003,2.9,Intermediate,2025-05-03,1,Low
E00083,SK011,0.8,Beginner,2025-08-04,0,Low
E00083,SK017,1.7,Beginner,2025-04-24,0,Low
E00083,SK024,1.0,Beginner,2025-09-10,1,Low
E00083,SK025,7.0,Advanced,2025-05-05,1,High
E00083,SK026,2.7,Intermediate,2025-02-17,1,Low
E00084,SK008,2.9,Intermediate,2025-08-27,0,High
E00084,SK022,2.4,Intermediate,2025-06-13,0,Medium
E00084,SK024,0.8,Beginner,2025-08-10,0,Low
E00085,SK004,1.3,Beginner,2026-02-24,1,Low
E00085,SK016,2.6,Intermediate,2026-01-05,0,Medium
E00085,SK028,1.0,Beginner,2024-11-28,1,Low
E00085,SK029,5.0,Advanced,2025-12-16,1,High
E00085,SK030,0.8,Beginner,2025-10-19,1,Low
E00086,SK004,11.0,Advanced,2025-12-31,0,High
E00086,SK009,9.1,Advanced,2025-01-09,1,Medium
E00086,SK010,9.0,Advanced,2025-12-31,1,Medium
E00086,SK028,2.3,Intermediate,2025-03-03,1,Low
E00086,SK029,5.6,Advanced,2024-10-14,0,Medium
E00087,SK011,14.0,Advanced,2025-06-27,0,High
E00087,SK017,8.7,Advanced,2026-01-24,1,Medium
E00087,SK028,11.0,Advanced,2025-05-20,1,Medium
E00087,SK031,8.1,Advanced,2025-09-07,0,Medium
E00088,SK001,6.6,Advanced,2025-03-12,1,Medium
E00088,SK002,7.5,Advanced,2025-10-23,1,Low
E00088,SK015,6.1,Advanced,2025-08-01,1,Low
E00088,SK032,17.1,Advanced,2024-11-09,1,High
E00088,SK033,13.5,Advanced,2025-02-23,1,Medium
E00089,SK002,2.2,Intermediate,2025-04-21,1,Low
E00089,SK003,3.9,Intermediate,2026-03-14,0,Medium
E00089,SK005,4.7,Advanced,2025-12-13,0,Medium
E00089,SK010,4.3,Advanced,2025-12-27,1,Medium
E00089,SK011,0.8,Beginner,2026-02-07,1,Low
E00089,SK013,5.5,Advanced,2025-12-29,1,High
E00089,SK034,3.1,Intermediate,2025-07-26,1,Medium
E00090,SK011,0.5,Beginner,2025-11-29,1,Medium
E00090,SK015,0.5,Beginner,2025-10-10,1,Low
E00090,SK020,0.5,Beginner,2025-11-02,1,Low
E00090,SK030,0.5,Beginner,2025-05-24,0,Medium
E00091,SK001,11.0,Advanced,2026-03-16,1,High
E00091,SK002,6.8,Advanced,2025-03-20,0,Medium
E00091,SK009,3.9,Intermediate,2025-12-31,1,Low
E00091,SK010,8.3,Advanced,2026-03-18,0,Medium
E00091,SK011,3.7,Intermediate,2026-03-03,1,Low
E00091,SK013,10.9,Advanced,2026-03-11,1,High
E00091,SK016,4.2,Advanced,2025-12-28,0,Medium
E00091,SK024,6.5,Advanced,2025-07-25,1,Medium
E00092,SK013,4.7,Advanced,2025-05-20,0,Medium
E00092,SK036,2.7,Intermediate,2025-04-07,1,Low
E00093,SK002,4.3,Advanced,2026-02-18,1,Medium
E00093,SK005,2.9,Intermediate,2025-08-30,1,Low
E00093,SK009,6.4,Advanced,2025-10-17,1,Medium
E00093,SK013,8.5,Advanced,2024-10-25,0,Medium
E00093,SK032,6.6,Advanced,2025-01-29,1,Medium
E00094,SK011,4.6,Advanced,2025-04-24,0,Medium
E00094,SK013,6.2,Advanced,2025-03-19,1,High
E00094,SK038,3.7,Intermediate,2025-07-31,1,Medium
E00095,SK005,2.8,Intermediate,2024-10-21,1,Medium
E00095,SK011,2.0,Intermediate,2025-05-31,1,Low
E00095,SK017,6.0,Advanced,2025-03-15,1,High
E00095,SK023,0.8,Beginner,2025-05-11,1,Low
E00095,SK030,1.6,Beginner,2026-03-11,1,Low
E00096,SK023,9.7,Advanced,2025-10-31,1,Medium
E00096,SK024,15.0,Advanced,2026-01-18,1,High
E00096,SK025,14.5,Advanced,2024-12-20,1,High
E00096,SK027,12.5,Advanced,2025-05-26,1,Medium
E00096,SK037,6.8,Advanced,2025-06-28,1,Low
E00097,SK003,2.7,Intermediate,2025-03-29,0,Medium
E00097,SK011,2.3,Intermediate,2025-06-22,0,Medium
E00097,SK017,3.9,Intermediate,2024-10-28,0,High
E00097,SK023,0.8,Beginner,2025-06-14,0,Low
E00097,SK032,0.5,Beginner,2025-09-02,0,Low
E00098,SK002,1.5,Beginner,2025-10-20,0,Medium
E00098,SK006,1.3,Beginner,2025-07-17,1,Medium
E00098,SK013,1.6,Beginner,2024-10-30,1,High
E00098,SK036,0.8,Beginner,2026-03-24,1,Medium
E00099,SK004,2.5,Intermediate,2025-10-15,1,Medium
E00099,SK029,2.2,Intermediate,2024-11-20,1,High
E00100,SK001,1.4,Beginner,2025-11-19,0,Medium
E00100,SK022,1.3,Beginner,2025-09-21,1,Medium
E00100,SK031,1.0,Beginner,2025-01-22,1,Medium
E00101,SK001,1.6,Beginner,2025-03-06,1,Low
E00101,SK002,1.6,Beginner,2025-03-15,1,Low
E00101,SK006,1.8,Beginner,2025-04-07,1,Low
E00101,SK009,4.9,Advanced,2025-10-01,0,Low
E00101,SK011,7.7,Advanced,2025-08-19,1,Medium
E00101,SK015,7.1,Advanced,2025-10-31,0,High
E00101,SK017,7.3,Advanced,2025-04-14,0,Medium
E00101,SK020,4.6,Advanced,2026-01-31,0,Medium
E00102,SK006,12.0,Advanced,2025-10-15,1,High
E00102,SK010,11.0,Advanced,2025-10-17,0,Medium
E00103,SK005,3.1,Intermediate,2026-03-06,0,Medium
E00103,SK024,4.5,Advanced,2025-02-21,0,Medium
E00103,SK025,2.5,Intermediate,2025-03-25,0,Low
E00103,SK027,6.0,Advanced,2025-04-15,0,High
E00104,SK006,3.1,Intermediate,2026-01-19,0,Medium
E00104,SK007,3.2,Intermediate,2025-11-02,0,Medium
E00104,SK009,4.2,Advanced,2024-12-07,0,Medium
E00104,SK037,5.8,Advanced,2024-11-13,0,High
E00105,SK001,2.3,Intermediate,2026-03-22,1,Low
E00105,SK004,3.4,Intermediate,2024-12-30,1,Low
E00105,SK007,0.8,Beginner,2025-10-22,1,Low
E00105,SK009,1.1,Beginner,2025-05-25,1,Low
E00105,SK010,6.6,Advanced,2026-02-10,0,High
E00105,SK017,5.0,Advanced,2025-01-22,1,Medium
E00105,SK025,1.2,Beginner,2025-04-23,1,Low
E00105,SK029,3.2,Intermediate,2026-02-02,1,Low
E00105,SK034,7.0,Advanced,2024-12-10,1,High
E00106,SK013,2.9,Intermediate,2025-03-17,0,High
E00106,SK022,0.6,Beginner,2025-10-20,0,Low
E00106,SK025,0.9,Beginner,2025-11-01,0,Low
E00107,SK001,7.1,Advanced,2026-03-23,1,Medium
E00107,SK012,5.6,Advanced,2025-04-14,1,Medium
E00107,SK031,7.6,Advanced,2025-12-07,1,High
E00107,SK037,6.1,Advanced,2025-05-17,1,Medium
E00108,SK009,2.7,Intermediate,2025-03-05,1,High
E00108,SK036,1.8,Beginner,2025-11-04,1,Medium
E00109,SK005,6.3,Advanced,2026-02-27,0,Medium
E00109,SK013,2.8,Intermediate,2025-03-12,0,Low
E00109,SK019,4.2,Advanced,2025-10-24,0,Medium
E00109,SK022,4.2,Advanced,2025-10-22,0,Medium
E00109,SK024,6.5,Advanced,2026-02-03,0,High
E00109,SK036,3.5,Intermediate,2025-10-09,0,Low
E00110,SK005,2.0,Intermediate,2025-01-10,0,Medium
E00110,SK009,4.8,Advanced,2024-11-27,0,High
E00110,SK011,2.2,Intermediate,2025-01-17,0,Low
E00110,SK022,2.5,Intermediate,2025-01-30,0,Medium
E00110,SK023,3.3,Intermediate,2025-10-16,0,Medium
E00110,SK036,1.8,Beginner,2026-01-07,0,Low
E00111,SK036,1.8,Beginner,2025-05-09,0,Medium
E00112,SK013,10.0,Advanced,2025-03-16,1,High
E00112,SK015,3.9,Intermediate,2024-12-21,0,Low
E00112,SK017,4.1,Advanced,2024-10-10,1,Medium
E00112,SK023,8.5,Advanced,2025-06-10,1,High
E00112,SK026,1.3,Beginner,2025-04-06,1,Low
E00112,SK028,2.6,Intermediate,2025-04-06,1,Low
E00113,SK005,1.5,Beginner,2024-10-24,1,Medium
E00113,SK011,4.0,Advanced,2025-08-07,1,High
E00113,SK034,2.8,Intermediate,2025-03-09,1,Medium
E00114,SK011,3.6,Intermediate,2025-10-04,0,High
E00114,SK014,3.1,Intermediate,2025-04-05,1,Medium
E00114,SK031,1.2,Beginner,2025-01-07,0,Low
E00114,SK035,0.9,Beginner,2025-06-11,0,Low
E00115,SK013,1.7,Beginner,2026-01-29,0,Medium
E00115,SK019,0.7,Beginner,2024-10-26,0,Low
E00115,SK021,2.4,Intermediate,2025-04-11,0,High
E00115,SK026,0.5,Beginner,2025-07-20,1,Low
E00115,SK028,1.3,Beginner,2025-10-27,1,Low
E00115,SK036,2.4,Intermediate,2024-12-24,0,High
E00115,SK038,0.5,Beginner,2024-12-20,0,Low
E00116,SK007,1.4,Beginner,2024-11-29,1,High
E00116,SK008,1.0,Beginner,2025-03-29,1,Medium
E00116,SK011,0.9,Beginner,2024-12-31,1,Low
E00116,SK038,1.1,Beginner,2025-02-11,0,Medium
E00117,SK014,2.5,Intermediate,2025-02-12,1,Low
E00117,SK022,7.5,Advanced,2025-12-14,1,Low
E00117,SK023,9.0,Advanced,2026-02-11,1,Medium
E00117,SK026,14.7,Advanced,2025-10-18,0,High
E00118,SK008,4.5,Advanced,2024-10-15,0,Medium
E00118,SK017,4.4,Advanced,2025-02-13,0,High
E00118,SK024,2.2,Intermediate,2025-11-15,0,Medium
E00118,SK027,1.1,Beginner,2025-08-31,0,Low
E00118,SK033,2.9,Intermediate,2025-07-02,0,Low
E00119,SK011,2.9,Intermediate,2025-06-09,0,Medium
E00119,SK016,2.1,Intermediate,2025-12-05,0,Low
E00119,SK017,5.4,Advanced,2025-01-13,1,Medium
E00119,SK023,3.8,Intermediate,2026-02-28,0,Medium
E00119,SK024,5.3,Advanced,2026-01-05,0,High
E00119,SK028,5.8,Advanced,2025-12-23,1,Medium
E00119,SK032,4.2,Advanced,2025-01-02,1,Medium
E00120,SK008,3.5,Intermediate,2026-01-24,1,Low
E00120,SK016,5.4,Advanced,2024-10-24,0,Medium
E00120,SK017,7.3,Advanced,2025-07-15,1,High
E00120,SK019,5.0,Advanced,2026-01-01,1,Medium
E00120,SK020,3.9,Intermediate,2025-10-20,1,Medium
E00120,SK023,4.0,Advanced,2026-01-04,0,Medium
E00120,SK026,6.6,Advanced,2025-12-14,1,Medium
E00120,SK036,8.4,Advanced,2025-01-29,1,High
E00121,SK001,3.7,Intermediate,2024-11-27,1,Medium
E00121,SK003,5.0,Advanced,2024-10-15,1,Medium
E00121,SK004,4.9,Advanced,2024-10-31,1,Medium
E00121,SK014,3.8,Intermediate,2025-02-13,1,Medium
E00121,SK019,1.8,Beginner,2024-12-09,1,Low
E00121,SK024,5.6,Advanced,2026-01-19,1,Medium
E00121,SK026,3.9,Intermediate,2024-11-17,0,Low
E00121,SK028,3.8,Intermediate,2025-10-03,1,Low
E00121,SK029,7.8,Advanced,2024-11-13,1,High
E00122,SK007,7.7,Advanced,2025-09-23,1,Medium
E00122,SK011,1.5,Beginner,2025-08-10,0,Low
E00122,SK014,5.4,Advanced,2025-01-13,0,Medium
E00122,SK024,8.8,Advanced,2025-02-21,1,High
E00122,SK027,4.0,Advanced,2025-11-25,0,Medium
E00122,SK032,2.3,Intermediate,2025-11-16,0,Low
E00122,SK038,7.5,Advanced,2026-02-24,0,Medium
E00123,SK018,9.0,Advanced,2025-08-05,1,High
E00123,SK020,7.4,Advanced,2025-09-06,1,Medium
E00123,SK023,5.0,Advanced,2025-10-03,1,Low
E00123,SK026,4.3,Advanced,2024-12-31,1,Low
E00124,SK005,1.0,Beginner,2025-12-28,0,Low
E00124,SK013,3.5,Intermediate,2025-02-10,1,Medium
E00124,SK022,6.4,Advanced,2025-10-28,0,High
E00124,SK025,7.5,Advanced,2025-01-13,0,High
E00125,SK008,2.0,Intermediate,2025-07-07,1,Low
E00125,SK009,9.2,Advanced,2024-10-21,1,Medium
E00125,SK015,4.3,Advanced,2025-03-22,0,Medium
E00125,SK017,6.0,Advanced,2025-03-30,1,Medium
E00125,SK027,10.5,Advanced,2025-03-08,1,High
E00125,SK033,8.8,Advanced,2025-08-20,1,High
E00126,SK005,9.2,Advanced,2025-10-27,1,Medium
E00126,SK019,3.2,Intermediate,2025-03-16,1,Low
E00126,SK020,8.9,Advanced,2025-06-10,1,Medium
E00126,SK023,8.5,Advanced,2024-10-19,1,High
E00126,SK024,11.0,Advanced,2025-09-23,1,High
E00126,SK026,5.9,Advanced,2025-11-21,1,Medium
E00127,SK002,1.7,Beginner,2025-10-04,0,Low
E00127,SK004,6.3,Advanced,2025-12-02,0,High
E00127,SK005,1.7,Beginner,2025-08-15,0,Low
E00127,SK006,6.2,Advanced,2024-11-13,0,Medium
E00127,SK009,7.6,Advanced,2025-10-27,0,High
E00127,SK011,2.3,Intermediate,2025-05-27,0,Low
E00127,SK013,5.7,Advanced,2025-08-01,1,Medium
E00128,SK019,0.5,Beginner,2025-04-14,0,Medium
E00128,SK023,0.5,Beginner,2024-12-14,1,High
E00128,SK024,0.5,Beginner,2025-01-13,0,Low
E00128,SK025,0.5,Beginner,2025-02-11,0,High
E00129,SK011,2.5,Intermediate,2025-04-06,1,Medium
E00129,SK022,3.3,Intermediate,2026-03-06,1,High
E00129,SK025,1.6,Beginner,2025-12-07,1,Medium
E00130,SK011,0.5,Beginner,2025-03-28,1,High
E00130,SK015,0.5,Beginner,2025-07-07,0,Medium
E00130,SK017,0.5,Beginner,2024-11-27,1,Medium
E00130,SK025,0.5,Beginner,2024-11-19,1,Medium
E00130,SK028,0.5,Beginner,2025-05-27,1,Medium
E00131,SK024,4.7,Advanced,2026-03-12,0,Medium
E00131,SK026,8.5,Advanced,2025-08-03,0,High
E00131,SK034,6.4,Advanced,2025-08-28,1,High
E00132,SK015,2.8,Intermediate,2026-03-05,0,Low
E00132,SK018,3.6,Intermediate,2026-01-14,0,Medium
E00132,SK029,7.0,Advanced,2025-12-14,1,High
E00133,SK016,0.5,Beginner,2025-08-10,1,High
E00133,SK021,0.5,Beginner,2025-02-13,1,Medium
E00133,SK022,0.5,Beginner,2025-09-18,0,High
E00133,SK028,0.5,Beginner,2025-11-26,0,Low
E00133,SK033,0.5,Beginner,2024-10-26,1,Medium
E00134,SK008,1.0,Beginner,2025-10-14,1,Low
E00134,SK016,2.0,Intermediate,2025-09-18,0,Medium
E00134,SK017,1.8,Beginner,2025-08-26,1,Medium
E00134,SK019,0.7,Beginner,2025-05-15,0,Low
E00134,SK025,3.0,Intermediate,2026-03-06,1,High
E00134,SK026,1.3,Beginner,2025-09-23,0,Medium
E00135,SK015,5.2,Advanced,2025-12-02,0,High
E00135,SK025,2.4,Intermediate,2025-11-27,0,Low
E00135,SK038,4.0,Advanced,2025-02-17,0,Medium
E00136,SK001,0.6,Beginner,2026-02-06,1,Medium
E00136,SK002,0.9,Beginner,2026-01-06,0,High
E00136,SK029,0.7,Beginner,2025-02-18,1,Medium
E00137,SK013,11.0,Advanced,2025-07-14,0,High
E00137,SK017,7.7,Advanced,2025-01-23,0,Medium
E00137,SK020,2.1,Intermediate,2025-04-10,0,Low
E00137,SK022,6.4,Advanced,2026-02-04,0,Medium
E00138,SK008,0.5,Beginner,2025-07-08,0,Medium
E00138,SK017,0.5,Beginner,2025-06-03,0,High
E00138,SK025,0.5,Beginner,2025-05-16,0,Low
E00139,SK001,5.1,Advanced,2025-03-26,1,High
E00139,SK002,5.1,Advanced,2025-02-10,1,Medium
E00139,SK005,5.8,Advanced,2025-08-17,0,High
E00139,SK011,1.5,Beginner,2025-06-28,0,Low
E00140,SK011,0.5,Beginner,2025-09-24,0,Low
E00140,SK017,0.5,Beginner,2025-09-01,0,Low
E00140,SK019,0.5,Beginner,2025-08-09,0,High
E00140,SK025,0.5,Beginner,2025-07-18,0,High
E00141,SK022,2.6,Intermediate,2024-10-22,1,High
E00141,SK032,1.4,Beginner,2025-09-03,0,Medium
E00142,SK002,2.5,Intermediate,2025-01-23,0,Medium
E00142,SK014,2.2,Intermediate,2025-11-03,0,Medium
E00142,SK015,1.5,Beginner,2026-01-02,1,Low
E00142,SK025,3.0,Intermediate,2025-05-24,1,High
E00142,SK026,2.5,Intermediate,2025-03-06,0,Medium
E00143,SK006,3.6,Intermediate,2024-11-20,0,Medium
E00143,SK015,1.4,Beginner,2025-06-09,0,Low
E00143,SK017,9.4,Advanced,2025-04-05,0,High
E00143,SK018,6.2,Advanced,2025-01-26,0,Medium
E00143,SK019,9.4,Advanced,2024-11-16,0,High
E00143,SK021,2.9,Intermediate,2024-10-24,0,Low
E00143,SK034,4.8,Advanced,2025-12-03,0,Low
E00144,SK007,4.5,Advanced,2025-11-01,0,High
E00144,SK035,1.6,Beginner,2025-12-29,0,Low
E00144,SK036,3.0,Intermediate,2025-06-04,0,Medium
E00145,SK005,1.7,Beginner,2025-07-25,0,Low
E00145,SK016,1.1,Beginner,2025-02-27,0,Low
E00145,SK017,5.7,Advanced,2026-01-16,0,High
E00145,SK018,1.1,Beginner,2025-08-24,0,Low
E00146,SK001,1.4,Beginner,2025-03-09,1,Low
E00146,SK006,5.9,Advanced,2026-02-27,1,Medium
E00146,SK008,4.4,Advanced,2025-07-14,1,Medium
E00146,SK013,3.4,Intermediate,2025-08-10,1,Medium
E00146,SK024,7.0,Advanced,2025-03-11,1,High
E00146,SK026,7.0,Advanced,2025-05-22,1,High
E00147,SK011,1.2,Beginner,2024-11-02,0,Medium
E00147,SK022,2.9,Intermediate,2026-01-12,0,High
E00147,SK038,2.6,Intermediate,2025-07-30,1,High
E00148,SK003,0.5,Beginner,2025-06-30,0,Low
E00148,SK017,0.8,Beginner,2025-03-03,0,High
E00148,SK025,0.9,Beginner,2025-06-15,0,High
E00149,SK010,8.0,Advanced,2025-08-17,0,High
E00149,SK017,3.5,Intermediate,2025-07-08,0,Medium
E00149,SK032,6.0,Advanced,2025-03-24,1,Medium
E00150,SK002,1.3,Beginner,2026-03-09,0,Low
E00150,SK004,3.0,Intermediate,2025-12-06,0,High
E00151,SK002,7.5,Advanced,2025-06-29,1,Medium
E00151,SK015,11.0,Advanced,2024-11-04,1,High
E00151,SK017,4.7,Advanced,2025-11-14,1,Medium
E00151,SK029,7.8,Advanced,2025-03-08,1,Medium
E00152,SK004,6.2,Advanced,2025-07-03,0,Medium
E00152,SK005,4.6,Advanced,2025-03-13,1,Low
E00152,SK022,5.1,Advanced,2024-12-23,1,Low
E00152,SK024,3.6,Intermediate,2025-11-14,0,Low
E00152,SK025,3.7,Intermediate,2025-06-21,1,Low
E00152,SK028,4.7,Advanced,2025-02-01,1,Medium
E00152,SK031,1.9,Beginner,2026-02-12,0,Low
E00152,SK034,5.3,Advanced,2026-01-09,0,Medium
E00153,SK001,6.0,Advanced,2025-06-09,1,High
E00153,SK006,2.2,Intermediate,2026-01-18,1,Low
E00153,SK020,4.2,Advanced,2026-02-06,1,High
E00153,SK029,2.7,Intermediate,2025-11-21,0,Low
E00155,SK003,8.1,Advanced,2024-10-25,0,High
E00155,SK021,5.8,Advanced,2024-10-08,1,Medium
E00155,SK024,9.2,Advanced,2025-05-27,0,High
E00155,SK026,5.1,Advanced,2025-02-25,0,Medium
E00155,SK033,2.2,Intermediate,2025-07-17,1,Low
E00156,SK001,1.0,Beginner,2025-11-03,0,Low
E00156,SK006,2.5,Intermediate,2024-11-03,1,Medium
E00156,SK017,2.9,Intermediate,2025-06-28,0,High
E00157,SK009,5.0,Advanced,2026-01-01,0,High
E00157,SK025,3.5,Intermediate,2025-06-14,1,Medium
E00157,SK027,5.0,Advanced,2026-01-21,1,High
E00157,SK034,3.3,Intermediate,2024-11-02,1,Medium
E00158,SK005,5.1,Advanced,2025-01-12,1,Medium
E00158,SK007,4.4,Advanced,2025-06-12,1,Medium
E00158,SK008,10.5,Advanced,2025-12-26,1,High
E00158,SK013,5.1,Advanced,2025-04-25,1,Medium
E00158,SK014,8.8,Advanced,2024-10-27,0,Medium
E00159,SK001,0.9,Beginner,2026-03-09,1,Medium
E00159,SK015,2.0,Intermediate,2025-06-30,1,High
E00159,SK024,1.0,Beginner,2024-12-11,1,Low
E00159,SK031,0.8,Beginner,2025-06-22,1,Medium
E00160,SK022,0.7,Beginner,2025-09-05,0,Medium
E00161,SK005,2.0,Intermediate,2024-11-30,0,High
E00161,SK009,1.3,Beginner,2025-05-28,0,Medium
E00161,SK027,1.4,Beginner,2025-01-25,0,Medium
E00161,SK038,1.0,Beginner,2025-10-02,0,Medium
E00162,SK016,2.6,Intermediate,2026-02-27,1,Medium
E00162,SK019,1.7,Beginner,2024-10-08,1,Medium
E00162,SK022,3.9,Intermediate,2025-09-27,1,High
E00163,SK003,1.2,Beginner,2025-02-12,0,Medium
E00163,SK017,3.0,Intermediate,2024-11-18,0,High
E00163,SK029,1.0,Beginner,2025-03-29,1,Low
E00164,SK001,1.2,Beginner,2025-07-06,1,Medium
E00164,SK002,1.3,Beginner,2025-03-10,1,Medium
E00164,SK004,1.7,Beginner,2025-01-25,1,Medium
E00164,SK005,1.7,Beginner,2026-02-04,1,Medium
E00164,SK013,2.4,Intermediate,2025-02-14,1,High
E00164,SK036,1.6,Beginner,2025-04-18,1,Medium
E00165,SK001,1.1,Beginner,2025-03-08,1,Medium
E00165,SK002,2.0,Intermediate,2024-10-12,1,High
E00165,SK005,1.7,Beginner,2025-09-23,0,High
E00166,SK001,0.5,Beginner,2025-04-26,0,Medium
E00166,SK023,0.5,Beginner,2025-10-08,1,Medium
E00167,SK008,2.8,Intermediate,2025-12-06,1,Low
E00167,SK017,3.0,Intermediate,2025-05-28,0,Medium
E00167,SK020,2.9,Intermediate,2024-12-27,1,Low
E00167,SK029,4.0,Advanced,2025-04-16,0,Medium
E00168,SK004,1.4,Beginner,2025-05-05,1,High
E00168,SK009,1.2,Beginner,2024-11-25,1,Medium
E00168,SK037,1.1,Beginner,2025-12-31,0,Medium
E00169,SK001,3.1,Intermediate,2026-02-12,0,Medium
E00169,SK005,4.9,Advanced,2025-12-10,0,Medium
E00169,SK006,5.9,Advanced,2025-07-02,0,High
E00169,SK007,2.5,Intermediate,2025-03-13,0,Medium
E00170,SK011,3.9,Intermediate,2024-12-26,1,Medium
E00170,SK017,9.0,Advanced,2025-03-03,1,High
E00170,SK027,6.9,Advanced,2026-01-03,0,High
E00170,SK031,2.5,Intermediate,2025-05-18,1,Low
E00170,SK032,3.3,Intermediate,2025-08-24,0,Medium
E00170,SK034,4.1,Advanced,2025-06-19,0,Medium
E00171,SK003,3.1,Intermediate,2025-12-08,0,Low
E00171,SK008,3.3,Intermediate,2025-01-20,0,Low
E00171,SK011,9.9,Advanced,2026-02-23,0,High
E00171,SK018,9.0,Advanced,2024-12-29,0,Medium
E00171,SK020,11.5,Advanced,2026-02-12,0,High
E00172,SK001,3.8,Intermediate,2025-11-27,0,Medium
E00172,SK028,6.0,Advanced,2025-06-08,1,High
E00172,SK029,3.4,Intermediate,2025-09-10,1,Medium
E00173,SK005,3.0,Intermediate,2025-09-04,0,High
E00173,SK008,2.0,Intermediate,2025-01-30,0,Medium
E00173,SK010,1.6,Beginner,2024-12-01,0,Medium
E00173,SK015,1.3,Beginner,2025-02-23,0,Low
E00173,SK019,1.5,Beginner,2025-05-04,0,Medium
E00174,SK022,1.3,Beginner,2025-01-09,0,Low
E00175,SK020,5.2,Advanced,2025-03-02,1,Medium
E00175,SK024,4.4,Advanced,2025-03-14,0,Low
E00175,SK027,5.5,Advanced,2025-10-21,1,Medium
E00175,SK030,4.2,Advanced,2025-08-03,1,Low
E00176,SK001,5.9,Advanced,2025-07-23,1,Medium
E00176,SK011,14.0,Advanced,2025-11-20,1,High
E00176,SK017,7.5,Advanced,2026-02-18,0,Medium
E00176,SK023,10.7,Advanced,2025-03-21,1,Medium
E00176,SK025,4.8,Advanced,2024-11-10,1,Low
E00176,SK038,14.0,Advanced,2025-06-20,1,High
E00177,SK011,3.5,Intermediate,2025-03-25,0,Low
E00177,SK024,11.0,Advanced,2025-03-11,0,High
E00177,SK030,5.8,Advanced,2025-04-05,0,Medium
E00178,SK004,1.5,Beginner,2025-03-07,1,High
E00178,SK005,2.0,Intermediate,2025-03-31,1,High
E00178,SK010,0.9,Beginner,2025-06-18,0,Medium
E00178,SK027,0.9,Beginner,2025-11-06,1,Medium
E00178,SK035,0.8,Beginner,2025-12-16,0,Low
E00179,SK010,1.9,Beginner,2025-10-11,0,Medium
E00179,SK011,1.3,Beginner,2024-10-24,1,Medium
E00179,SK024,2.8,Intermediate,2026-01-20,1,High
E00180,SK002,2.6,Intermediate,2025-11-05,1,High
E00180,SK004,2.2,Intermediate,2024-11-23,1,Medium
E00180,SK021,2.2,Intermediate,2026-03-05,1,Medium
E00181,SK018,1.0,Beginner,2025-10-29,1,High
E00181,SK021,0.5,Beginner,2025-08-09,1,Medium
E00181,SK023,0.8,Beginner,2025-08-21,1,High
E00182,SK003,5.6,Advanced,2024-11-11,1,Low
E00182,SK006,5.4,Advanced,2026-01-02,1,Low
E00182,SK011,11.7,Advanced,2025-03-25,1,High
E00182,SK024,6.0,Advanced,2025-11-29,1,Low
E00182,SK025,8.0,Advanced,2025-10-29,1,Medium
E00182,SK038,5.7,Advanced,2026-03-12,0,Medium
E00183,SK011,5.1,Advanced,2026-03-03,0,Medium
E00183,SK014,4.9,Advanced,2025-05-09,1,Medium
E00183,SK015,1.7,Beginner,2025-09-12,1,Low
E00183,SK023,2.8,Intermediate,2025-06-12,0,Low
E00183,SK025,4.9,Advanced,2026-03-06,1,High
E00183,SK029,5.9,Advanced,2024-11-22,1,Medium
E00183,SK032,0.7,Beginner,2026-01-19,1,Low
E00184,SK011,0.5,Beginner,2025-11-04,0,Low
E00184,SK017,3.0,Intermediate,2025-11-17,0,High
E00184,SK024,1.4,Beginner,2025-09-12,1,Low
E00184,SK030,0.8,Beginner,2025-03-06,0,Low
E00184,SK037,1.1,Beginner,2026-01-09,1,Medium
E00185,SK009,6.8,Advanced,2025-06-08,1,Medium
E00185,SK015,6.7,Advanced,2025-04-01,0,High
E00185,SK016,3.5,Intermediate,2025-03-15,0,Medium
E00185,SK022,9.0,Advanced,2025-03-10,0,High
E00185,SK035,3.4,Intermediate,2024-12-30,0,Medium
E00186,SK013,3.4,Intermediate,2024-11-02,0,Medium
E00186,SK017,3.9,Intermediate,2024-12-29,0,Medium
E00186,SK024,3.8,Intermediate,2026-02-26,0,Medium
E00186,SK034,0.5,Beginner,2025-08-06,0,Low
E00187,SK005,4.8,Advanced,2025-08-04,1,High
E00187,SK016,2.2,Intermediate,2025-02-15,1,Medium
E00187,SK026,4.0,Advanced,2026-02-22,0,Medium
E00187,SK027,3.6,Intermediate,2025-01-03,1,Medium
E00187,SK032,4.6,Advanced,2025-10-16,1,Medium
E00188,SK001,2.3,Intermediate,2026-01-31,0,Low
E00188,SK005,7.5,Advanced,2025-07-08,1,Medium
E00188,SK010,8.9,Advanced,2024-12-14,1,Medium
E00188,SK011,5.2,Advanced,2025-06-08,1,Medium
E00188,SK013,4.2,Advanced,2026-01-09,1,Low
E00188,SK018,6.6,Advanced,2025-01-08,1,Medium
E00188,SK023,3.7,Intermediate,2025-10-22,0,Low
E00189,SK023,0.5,Beginner,2025-12-27,0,Medium
E00189,SK025,0.5,Beginner,2025-05-04,0,High
E00189,SK030,0.5,Beginner,2025-11-08,0,Medium
E00190,SK001,1.0,Beginner,2025-11-04,1,High
E00190,SK004,0.5,Beginner,2025-01-28,1,Low
E00190,SK020,0.7,Beginner,2025-10-01,1,High
E00190,SK024,0.5,Beginner,2026-03-12,1,Low
E00190,SK029,0.5,Beginner,2024-10-18,0,Low
E00191,SK002,4.0,Advanced,2024-10-08,1,Medium
E00191,SK005,7.9,Advanced,2025-06-05,1,High
E00191,SK008,4.2,Advanced,2025-05-25,1,Medium
E00191,SK030,6.3,Advanced,2025-04-04,1,Medium
E00191,SK038,1.5,Beginner,2025-08-10,1,Low
E00192,SK012,10.3,Advanced,2025-08-27,0,Medium
E00192,SK020,7.8,Advanced,2024-10-13,0,Medium
E00192,SK024,14.0,Advanced,2025-12-15,0,High
E00192,SK026,9.2,Advanced,2025-10-14,0,Medium
E00193,SK007,2.5,Intermediate,2026-03-22,0,Medium
E00193,SK015,3.0,Intermediate,2025-10-27,0,Medium
E00193,SK025,4.1,Advanced,2025-01-11,0,Medium
E00193,SK027,5.8,Advanced,2024-10-08,0,High
E00193,SK028,3.2,Intermediate,2025-05-16,0,Medium
E00194,SK001,13.3,Advanced,2026-02-09,1,Medium
E00194,SK006,6.8,Advanced,2024-10-16,1,Low
E00194,SK007,4.2,Advanced,2025-02-20,1,Low
E00194,SK009,5.3,Advanced,2025-12-04,1,Low
E00194,SK034,14.5,Advanced,2025-10-05,1,Medium
E00194,SK036,9.9,Advanced,2025-11-26,0,Medium
E00195,SK001,2.9,Intermediate,2024-11-08,0,Low
E00195,SK004,0.6,Beginner,2025-10-01,0,Low
E00195,SK006,4.5,Advanced,2025-01-28,0,Medium
E00195,SK008,2.9,Intermediate,2024-11-09,0,Medium
E00195,SK011,1.4,Beginner,2026-01-29,0,Low
E00195,SK024,1.8,Beginner,2026-03-13,0,Low
E00195,SK025,2.1,Intermediate,2025-03-17,0,Medium
E00195,SK034,5.9,Advanced,2025-08-09,0,High
E00196,SK014,2.4,Intermediate,2025-08-12,1,Medium
E00196,SK024,2.5,Intermediate,2026-02-08,1,High
E00196,SK027,0.7,Beginner,2025-09-11,0,Low
E00196,SK029,3.0,Intermediate,2025-08-11,1,High
E00196,SK036,1.2,Beginner,2024-12-09,0,Low
E00197,SK007,14.4,Advanced,2025-01-15,1,Medium
E00197,SK010,10.7,Advanced,2025-06-20,1,Medium
E00197,SK011,3.2,Intermediate,2024-11-18,1,Low
E00197,SK019,13.6,Advanced,2026-02-28,0,Medium
E00197,SK022,7.2,Advanced,2024-12-24,1,Medium
E00197,SK024,9.2,Advanced,2025-02-06,1,Medium
E00197,SK027,12.8,Advanced,2025-12-13,1,Medium
E00197,SK029,4.9,Advanced,2025-10-17,0,Low
E00198,SK015,4.6,Advanced,2026-03-20,1,High
E00198,SK017,4.8,Advanced,2025-07-20,1,High
E00198,SK024,5.0,Advanced,2026-03-10,1,Medium
E00198,SK026,2.9,Intermediate,2024-12-27,1,Low
E00199,SK005,5.1,Advanced,2025-05-27,1,Medium
E00199,SK015,0.8,Beginner,2024-10-23,1,Low
E00199,SK032,1.3,Beginner,2025-08-02,0,Low
E00199,SK037,2.9,Intermediate,2025-04-28,0,Medium
E00200,SK008,1.9,Beginner,2025-06-26,1,Medium
E00200,SK017,2.4,Intermediate,2025-12-25,1,Medium
E00200,SK024,3.2,Intermediate,2025-04-02,1,High
E00200,SK027,2.6,Intermediate,2025-05-18,1,Medium
E00200,SK032,0.5,Beginner,2025-02-28,1,Low
E00200,SK033,3.0,Intermediate,2025-11-20,0,Medium
E00201,SK002,3.7,Intermediate,2024-12-30,0,Medium
E00201,SK004,5.3,Advanced,2025-03-28,1,High
E00201,SK013,2.3,Intermediate,2024-11-15,1,Low
E00201,SK024,1.7,Beginner,2025-09-19,0,Low
E00201,SK037,4.4,Advanced,2025-12-22,1,Medium
E00202,SK012,2.5,Intermediate,2024-10-29,1,Medium
E00202,SK015,5.3,Advanced,2025-10-06,1,Medium
E00202,SK016,7.0,Advanced,2024-12-24,0,High
E00202,SK017,1.4,Beginner,2025-04-10,1,Low
E00202,SK022,7.0,Advanced,2026-03-15,1,High
E00203,SK004,5.8,Advanced,2025-11-16,1,Medium
E00203,SK006,5.1,Advanced,2025-02-14,0,Medium
E00203,SK009,7.0,Advanced,2026-03-08,0,High
E00203,SK012,4.4,Advanced,2025-12-24,1,Medium
E00203,SK034,5.4,Advanced,2026-01-26,0,Medium
E00204,SK008,7.0,Advanced,2026-02-12,1,High
E00204,SK010,5.0,Advanced,2025-02-17,1,High
E00204,SK013,2.6,Intermediate,2025-07-12,1,Low
E00204,SK017,4.5,Advanced,2025-12-16,1,Medium
E00205,SK008,1.1,Beginner,2025-09-07,0,Low
E00205,SK011,5.6,Advanced,2025-05-02,0,Medium
E00205,SK018,1.8,Beginner,2024-12-18,0,Low
E00205,SK030,2.9,Intermediate,2025-12-31,0,Low
E00206,SK003,5.0,Advanced,2025-08-16,1,Medium
E00206,SK006,5.5,Advanced,2025-12-03,0,Medium
E00206,SK022,4.2,Advanced,2025-06-27,0,Medium
E00206,SK023,6.4,Advanced,2025-03-23,0,Medium
E00206,SK026,5.7,Advanced,2026-03-21,1,Medium
E00207,SK020,1.6,Beginner,2025-07-20,1,Low
E00207,SK024,2.4,Intermediate,2025-07-14,1,Low
E00207,SK033,3.1,Intermediate,2024-11-01,1,Medium
E00208,SK004,9.4,Advanced,2025-02-27,1,High
E00208,SK010,4.6,Advanced,2025-08-25,1,Medium
E00208,SK026,1.3,Beginner,2026-02-15,0,Low
E00208,SK028,8.7,Advanced,2025-10-07,0,Medium
E00208,SK029,2.9,Intermediate,2025-12-03,0,Low
E00209,SK015,1.7,Beginner,2025-03-11,0,Low
E00209,SK016,6.2,Advanced,2024-10-13,0,High
E00209,SK017,4.5,Advanced,2025-06-26,1,Medium
E00209,SK023,6.6,Advanced,2025-09-04,1,High
E00210,SK010,1.8,Beginner,2024-11-30,1,Low
E00210,SK012,2.9,Intermediate,2025-01-13,1,Medium
E00210,SK021,2.5,Intermediate,2025-12-13,0,Medium
E00210,SK023,6.0,Advanced,2026-01-03,0,High
E00210,SK025,6.0,Advanced,2025-12-19,1,High
E00211,SK012,0.5,Beginner,2025-03-12,0,Medium
E00211,SK035,0.5,Beginner,2025-01-31,0,Low
E00212,SK001,1.0,Beginner,2025-07-06,0,Low
E00212,SK004,3.1,Intermediate,2025-04-22,0,High
E00212,SK013,2.9,Intermediate,2025-10-01,1,Medium
E00212,SK020,3.8,Intermediate,2024-12-06,1,High
E00212,SK037,1.7,Beginner,2025-11-17,0,Low
E00213,SK019,6.0,Advanced,2025-01-30,1,High
E00213,SK021,4.2,Advanced,2025-06-28,0,Medium
E00213,SK028,4.5,Advanced,2025-05-14,1,High
E00214,SK003,3.1,Intermediate,2025-10-08,0,Low
E00214,SK005,3.8,Intermediate,2025-09-13,0,Medium
E00214,SK024,5.0,Advanced,2025-04-23,0,Medium
E00214,SK027,1.7,Beginner,2024-11-27,0,Low
E00215,SK001,2.4,Intermediate,2024-12-22,0,High
E00215,SK017,1.1,Beginner,2025-01-21,1,Low
E00215,SK034,2.4,Intermediate,2025-05-16,0,Medium
E00216,SK006,2.9,Intermediate,2024-12-29,0,High
E00216,SK007,1.5,Beginner,2025-09-27,1,Low
E00216,SK014,2.1,Intermediate,2025-11-21,1,Medium
E00216,SK024,1.1,Beginner,2025-04-28,1,Medium
E00216,SK033,2.7,Intermediate,2025-12-18,1,High
E00216,SK036,2.4,Intermediate,2026-01-15,1,Medium
E00217,SK005,1.9,Beginner,2024-11-21,0,Low
E00217,SK020,4.6,Advanced,2024-12-30,1,Medium
E00217,SK021,2.3,Intermediate,2025-06-09,1,Low
E00217,SK023,3.3,Intermediate,2025-08-22,1,Low
E00217,SK025,2.4,Intermediate,2024-12-03,1,Low
E00217,SK026,7.4,Advanced,2025-04-21,0,High
E00218,SK004,4.5,Advanced,2025-09-04,1,High
E00218,SK005,4.2,Advanced,2025-05-04,0,Medium
E00218,SK008,3.1,Intermediate,2026-01-02,0,Medium
E00218,SK037,4.5,Advanced,2025-09-02,1,High
E00219,SK001,0.9,Beginner,2025-08-29,1,High
E00219,SK011,0.5,Beginner,2025-10-10,0,Low
E00219,SK026,0.7,Beginner,2025-06-03,1,Medium
E00220,SK001,0.9,Beginner,2025-10-28,1,Low
E00220,SK018,2.4,Intermediate,2025-03-23,1,Low
E00220,SK028,6.9,Advanced,2025-11-11,1,High
E00221,SK001,4.2,Advanced,2025-05-03,0,Low
E00221,SK013,5.6,Advanced,2025-12-15,0,Medium
E00221,SK021,1.1,Beginner,2024-12-28,0,Low
E00221,SK023,5.3,Advanced,2025-10-22,0,Low
E00221,SK024,3.8,Intermediate,2025-05-14,0,Low
E00222,SK006,1.6,Beginner,2025-07-20,1,Medium
E00222,SK011,1.4,Beginner,2026-02-28,1,Medium
E00222,SK017,1.3,Beginner,2025-05-28,1,Medium
E00223,SK003,5.8,Advanced,2025-01-29,0,Medium
E00223,SK009,6.6,Advanced,2025-07-06,0,Medium
E00223,SK011,1.4,Beginner,2025-03-20,0,Low
E00223,SK022,7.2,Advanced,2025-01-30,0,Medium
E00223,SK023,7.4,Advanced,2025-02-09,0,High
E00223,SK038,8.2,Advanced,2025-03-11,0,High
E00224,SK010,2.6,Intermediate,2026-02-10,1,Medium
E00224,SK025,3.2,Intermediate,2025-08-25,1,High
E00224,SK026,4.0,Advanced,2025-10-25,1,High
E00225,SK007,2.2,Intermediate,2025-03-24,1,Medium
E00225,SK017,1.2,Beginner,2025-06-02,1,Low
E00225,SK019,5.3,Advanced,2025-05-15,1,High
E00225,SK020,2.0,Intermediate,2025-05-25,1,Low
E00225,SK021,4.8,Advanced,2025-06-23,1,Medium
E00225,SK027,1.3,Beginner,2024-11-06,1,Low
E00226,SK004,3.6,Intermediate,2024-11-16,1,Medium
E00226,SK009,2.3,Intermediate,2025-02-28,0,Low
E00226,SK026,2.6,Intermediate,2025-09-19,1,Medium
E00226,SK033,4.9,Advanced,2025-03-27,1,High
E00227,SK009,1.8,Beginner,2025-07-16,1,Medium
E00227,SK036,2.2,Intermediate,2024-10-11,0,Medium
E00228,SK023,5.0,Advanced,2025-09-21,1,Low
E00228,SK037,17.4,Advanced,2025-11-10,1,High
E00229,SK018,3.3,Intermediate,2025-08-30,1,Low
E00229,SK020,2.7,Intermediate,2025-11-24,1,Low
E00229,SK023,5.4,Advanced,2026-03-04,0,High
E00230,SK007,1.1,Beginner,2026-01-15,1,Medium
E00230,SK011,1.6,Beginner,2025-06-15,1,Medium
E00230,SK024,1.9,Beginner,2025-06-21,0,High
E00231,SK011,7.0,Advanced,2025-05-18,1,High
E00231,SK016,5.3,Advanced,2025-03-01,1,Medium
E00231,SK018,1.7,Beginner,2025-03-28,1,Low
E00231,SK020,5.6,Advanced,2025-08-24,1,High
E00231,SK033,5.4,Advanced,2026-02-14,1,Medium
E00232,SK007,4.1,Advanced,2024-12-15,0,Medium
E00232,SK014,3.1,Intermediate,2025-02-04,0,Medium
E00232,SK017,1.7,Beginner,2024-12-23,0,Low
E00232,SK018,1.0,Beginner,2025-03-18,0,Low
E00232,SK023,4.8,Advanced,2026-02-08,0,High
E00233,SK004,2.1,Intermediate,2024-12-30,1,High
E00233,SK005,2.2,Intermediate,2025-06-09,1,Medium
E00233,SK007,2.7,Intermediate,2025-02-02,0,High
E00233,SK010,0.6,Beginner,2025-11-30,1,Low
E00233,SK017,0.9,Beginner,2026-03-14,1,Low
E00234,SK002,2.6,Intermediate,2025-10-29,0,High
E00234,SK018,1.6,Beginner,2025-03-08,0,Medium
E00234,SK023,2.5,Intermediate,2025-03-27,0,Medium
E00234,SK024,1.9,Beginner,2025-10-01,0,Medium
E00234,SK034,3.0,Intermediate,2024-11-29,0,High
E00234,SK035,1.9,Beginner,2025-04-29,0,Medium
E00235,SK001,5.8,Advanced,2025-04-05,1,Medium
E00235,SK011,6.3,Advanced,2025-12-22,1,Medium
E00235,SK016,1.2,Beginner,2025-01-16,1,Low
E00235,SK017,6.5,Advanced,2025-06-03,1,Medium
E00235,SK027,8.0,Advanced,2026-01-13,1,High
E00235,SK031,5.9,Advanced,2024-12-29,1,Medium
E00235,SK032,2.4,Intermediate,2025-09-13,1,Low
E00236,SK019,4.6,Advanced,2025-03-03,1,Medium
E00236,SK020,4.2,Advanced,2025-02-02,0,Low
E00236,SK023,12.0,Advanced,2026-01-11,1,High
E00236,SK024,9.2,Advanced,2024-11-05,0,Medium
E00236,SK036,5.0,Advanced,2025-09-07,1,Medium
E00237,SK022,4.0,Advanced,2025-01-20,1,High
E00237,SK023,1.4,Beginner,2026-01-27,0,Medium
E00237,SK024,4.0,Advanced,2025-09-12,1,High
E00237,SK025,3.2,Intermediate,2025-09-21,0,Medium
E00238,SK012,5.6,Advanced,2026-02-04,1,Medium
E00238,SK020,7.8,Advanced,2025-04-24,1,High
E00238,SK022,7.4,Advanced,2025-05-06,1,Medium
E00238,SK023,2.2,Intermediate,2026-02-13,1,Low
E00238,SK037,2.2,Intermediate,2024-11-03,1,Low
E00239,SK001,2.6,Intermediate,2025-12-19,0,Medium
E00239,SK002,1.8,Beginner,2025-08-02,0,Medium
E00239,SK010,2.2,Intermediate,2025-07-12,0,Low
E00239,SK011,1.5,Beginner,2025-04-11,0,Low
E00239,SK029,3.3,Intermediate,2024-11-28,0,Medium
E00239,SK033,5.0,Advanced,2026-02-05,1,High
E00240,SK011,1.0,Beginner,2025-03-22,0,High
E00240,SK016,0.5,Beginner,2025-05-15,0,Low
E00240,SK018,0.5,Beginner,2025-08-26,1,Low
E00240,SK038,0.7,Beginner,2025-12-23,1,Medium
E00241,SK010,0.7,Beginner,2025-02-17,1,Medium
E00241,SK011,1.0,Beginner,2024-11-20,1,High
E00241,SK034,0.5,Beginner,2025-01-04,0,Low
E00241,SK036,0.5,Beginner,2024-10-21,1,Low
E00242,SK020,8.7,Advanced,2025-03-04,1,High
E00242,SK021,7.2,Advanced,2025-05-29,0,Medium
E00242,SK025,5.8,Advanced,2025-09-28,1,Medium
E00242,SK026,9.0,Advanced,2025-05-11,0,High
E00242,SK028,6.3,Advanced,2025-07-29,1,Medium
E00243,SK007,5.6,Advanced,2025-10-20,1,High
E00243,SK010,1.5,Beginner,2025-01-12,0,Low
E00243,SK034,5.2,Advanced,2025-04-19,0,Medium
E00243,SK035,1.1,Beginner,2025-02-26,1,Low
E00243,SK038,1.4,Beginner,2026-01-14,1,Low
E00244,SK020,5.3,Advanced,2025-11-25,0,Medium
E00244,SK023,4.0,Advanced,2025-03-24,0,Medium
E00244,SK025,1.6,Beginner,2024-12-25,0,Low
E00244,SK036,3.0,Intermediate,2025-07-10,0,Low
E00245,SK010,7.0,Advanced,2026-02-26,0,Medium
E00245,SK019,4.0,Advanced,2024-11-30,0,Low
E00245,SK020,3.5,Intermediate,2025-04-08,1,Medium
E00245,SK026,8.9,Advanced,2024-12-21,1,High
E00245,SK036,4.1,Advanced,2024-11-02,0,Low
E00246,SK002,0.5,Beginner,2024-12-18,0,Low
E00246,SK024,4.0,Advanced,2025-04-03,1,High
E00246,SK026,4.0,Advanced,2025-08-02,1,High
E00246,SK028,3.3,Intermediate,2025-11-20,1,Medium
E00247,SK003,5.5,Advanced,2025-03-07,0,Low
E00247,SK014,4.6,Advanced,2025-06-22,1,Medium
E00247,SK019,8.6,Advanced,2025-09-15,1,Medium
E00247,SK020,9.3,Advanced,2025-12-02,1,Medium
E00247,SK023,5.2,Advanced,2026-03-11,1,Low
E00247,SK024,3.1,Intermediate,2025-10-21,0,Low
E00247,SK026,9.5,Advanced,2024-12-09,0,High
E00248,SK011,0.5,Beginner,2025-09-24,1,Low
E00248,SK017,0.8,Beginner,2026-01-20,0,High
E00248,SK022,0.9,Beginner,2025-02-12,1,High
E00248,SK031,0.5,Beginner,2025-12-22,0,Low
E00248,SK035,0.5,Beginner,2025-01-15,0,Low
E00249,SK002,6.3,Advanced,2025-06-02,0,Medium
E00249,SK005,5.6,Advanced,2025-09-22,0,Medium
E00249,SK010,5.8,Advanced,2025-01-11,1,Medium
E00249,SK013,8.7,Advanced,2025-10-26,1,High
E00249,SK024,1.7,Beginner,2025-04-19,0,Low
E00249,SK027,7.1,Advanced,2024-10-22,1,Medium
E00249,SK028,7.5,Advanced,2025-10-21,0,Medium
E00249,SK032,3.8,Intermediate,2025-09-27,1,Low
E00250,SK008,2.0,Intermediate,2025-07-04,0,Medium
E00250,SK022,2.2,Intermediate,2025-03-24,1,Medium
E00250,SK024,1.2,Beginner,2025-06-30,0,Medium
E00250,SK027,1.3,Beginner,2025-04-09,1,Low
E00251,SK002,6.0,Advanced,2026-01-13,1,Medium
E00251,SK014,6.4,Advanced,2025-06-22,1,High
E00251,SK026,3.8,Intermediate,2024-11-25,1,Low
E00251,SK033,4.0,Advanced,2025-06-02,1,Low
E00252,SK002,0.5,Beginner,2025-09-14,1,High
E00252,SK022,0.5,Beginner,2026-01-24,0,Low
E00252,SK035,0.5,Beginner,2025-01-29,0,High
E00253,SK008,0.5,Beginner,2025-12-29,0,Low
E00253,SK011,1.6,Beginner,2025-04-21,0,Medium
E00253,SK025,0.5,Beginner,2025-03-07,0,Low
E00253,SK027,2.0,Intermediate,2025-03-14,0,High
E00254,SK001,4.6,Advanced,2025-03-15,0,High
E00254,SK013,3.3,Intermediate,2025-09-16,1,Medium
E00254,SK015,3.2,Intermediate,2025-01-25,1,Medium
E00254,SK033,1.1,Beginner,2025-12-03,1,Low
E00254,SK036,3.9,Intermediate,2026-01-19,1,Medium
E00255,SK011,3.0,Intermediate,2025-12-09,1,Low
E00255,SK015,1.7,Beginner,2025-12-26,1,Low
E00255,SK024,7.0,Advanced,2025-02-19,1,High
E00255,SK034,5.0,Advanced,2024-11-07,0,High
E00256,SK002,4.5,Advanced,2026-01-02,1,Low
E00256,SK006,6.5,Advanced,2025-01-21,0,Low
E00256,SK007,7.4,Advanced,2026-02-05,1,Medium
E00256,SK008,15.3,Advanced,2025-09-19,1,High
E00256,SK010,3.2,Intermediate,2025-08-08,1,Low
E00256,SK012,12.9,Advanced,2025-09-18,1,Medium
E00256,SK021,12.1,Advanced,2025-11-13,0,Medium
E00256,SK027,13.0,Advanced,2025-09-19,1,Medium
E00257,SK004,1.0,Beginner,2024-12-29,1,Low
E00257,SK006,1.0,Beginner,2025-02-12,1,Low
E00257,SK010,3.8,Intermediate,2025-07-21,1,Medium
E00258,SK006,3.2,Intermediate,2025-03-03,0,Medium
E00258,SK012,3.1,Intermediate,2025-04-10,0,Medium
E00258,SK021,4.7,Advanced,2025-04-14,1,High
E00258,SK022,4.9,Advanced,2024-11-23,1,High
E00258,SK023,4.4,Advanced,2025-06-22,1,Medium
E00258,SK024,1.2,Beginner,2024-11-29,1,Low
E00259,SK004,5.5,Advanced,2025-05-01,1,Medium
E00259,SK005,2.4,Intermediate,2025-05-14,1,Low
E00259,SK007,5.1,Advanced,2025-08-08,1,Low
E00259,SK013,4.4,Advanced,2025-06-26,1,Low
E00259,SK016,11.0,Advanced,2024-10-30,1,High
E00259,SK018,9.3,Advanced,2024-11-12,1,Medium
E00259,SK036,4.7,Advanced,2025-10-05,1,Low
E00260,SK010,4.2,Advanced,2024-12-13,1,Medium
E00260,SK011,8.0,Advanced,2025-03-26,1,High
E00260,SK019,3.0,Intermediate,2025-02-01,0,Medium
E00260,SK026,6.5,Advanced,2025-03-23,1,Medium
E00260,SK030,5.7,Advanced,2025-12-17,1,High
E00261,SK001,5.8,Advanced,2025-07-31,1,Medium
E00261,SK011,6.5,Advanced,2026-01-12,0,Medium
E00261,SK016,6.6,Advanced,2026-02-11,1,Medium
E00261,SK018,10.0,Advanced,2025-06-25,1,High
E00261,SK020,9.5,Advanced,2025-01-25,0,High
E00261,SK022,3.8,Intermediate,2024-11-17,0,Medium
E00261,SK024,6.1,Advanced,2025-08-04,1,Medium
E00262,SK005,1.1,Beginner,2025-10-27,0,Low
E00262,SK007,1.8,Beginner,2025-06-25,0,Low
E00262,SK010,3.9,Intermediate,2026-02-25,0,High
E00262,SK015,4.1,Advanced,2025-03-19,1,Medium
E00262,SK031,2.6,Intermediate,2025-09-29,1,Medium
E00262,SK036,2.4,Intermediate,2025-05-21,0,Low
E00262,SK037,1.6,Beginner,2025-08-09,1,Low
E00263,SK001,0.5,Beginner,2025-04-04,1,Low
E00263,SK023,0.5,Beginner,2025-08-27,0,Low
E00263,SK025,0.5,Beginner,2024-12-20,1,High
E00264,SK019,4.9,Advanced,2024-11-18,1,Medium
E00264,SK023,4.8,Advanced,2025-09-22,1,High
E00264,SK024,1.0,Beginner,2024-10-30,1,Low
E00264,SK026,4.9,Advanced,2024-10-31,1,High
E00265,SK001,0.7,Beginner,2025-03-30,0,Medium
E00265,SK011,0.6,Beginner,2025-10-24,0,Medium
E00265,SK020,0.8,Beginner,2025-06-15,0,Medium
E00265,SK022,0.7,Beginner,2025-06-27,0,High
E00265,SK023,0.5,Beginner,2025-12-10,0,Low
E00266,SK002,1.9,Beginner,2025-10-14,0,Low
E00266,SK004,3.7,Intermediate,2025-11-05,0,Medium
E00266,SK005,5.9,Advanced,2025-09-23,1,High
E00266,SK011,1.9,Beginner,2025-03-12,1,Low
E00266,SK037,5.5,Advanced,2024-12-11,0,Medium
E00267,SK011,12.9,Advanced,2025-07-18,1,High
E00267,SK025,10.0,Advanced,2026-02-28,1,Medium
E00267,SK030,5.7,Advanced,2026-01-14,0,Medium
E00267,SK034,12.0,Advanced,2025-05-26,1,High
E00268,SK001,2.4,Intermediate,2025-09-14,0,Medium
E00268,SK010,4.8,Advanced,2025-07-26,0,Medium
E00268,SK011,1.9,Beginner,2025-09-26,0,Low
E00268,SK029,2.1,Intermediate,2024-11-07,0,Medium
E00268,SK034,1.2,Beginner,2025-09-14,0,Low
E00269,SK007,9.6,Advanced,2025-05-18,1,High
E00269,SK008,4.0,Advanced,2025-09-09,1,Medium
E00269,SK012,6.5,Advanced,2024-12-31,0,Medium
E00269,SK018,4.5,Advanced,2025-12-07,1,Low
E00270,SK005,8.9,Advanced,2025-01-04,0,Medium
E00270,SK013,12.5,Advanced,2024-12-23,1,High
E00270,SK026,5.8,Advanced,2024-11-15,1,Low
E00270,SK027,5.7,Advanced,2025-01-10,0,Medium
E00271,SK002,1.9,Beginner,2025-09-15,0,Medium
E00271,SK036,3.0,Intermediate,2025-04-24,0,High
E00272,SK006,0.5,Beginner,2026-03-17,0,Low
E00272,SK011,0.5,Beginner,2024-10-12,0,Medium
E00272,SK023,1.0,Beginner,2025-10-10,0,High
E00272,SK035,0.6,Beginner,2025-01-20,0,Medium
E00273,SK001,0.5,Beginner,2025-07-29,1,Low
E00273,SK004,0.6,Beginner,2024-11-01,1,Medium
E00273,SK017,0.5,Beginner,2025-07-23,1,Low
E00273,SK022,0.5,Beginner,2025-02-11,1,Medium
E00274,SK001,5.9,Advanced,2024-10-09,1,Medium
E00274,SK010,9.9,Advanced,2025-10-30,1,High
E00274,SK013,4.7,Advanced,2024-12-18,1,Low
E00274,SK016,5.6,Advanced,2025-02-19,1,Medium
E00274,SK025,4.8,Advanced,2025-01-30,1,Low
E00275,SK010,4.4,Advanced,2025-11-23,0,Medium
E00275,SK019,7.0,Advanced,2025-05-12,0,High
E00275,SK027,7.0,Advanced,2026-02-03,1,High
E00275,SK033,1.7,Beginner,2025-11-04,0,Low
E00275,SK037,4.3,Advanced,2025-11-17,0,Medium
E00276,SK028,0.5,Beginner,2025-09-19,0,Medium
E00277,SK007,6.0,Advanced,2025-03-02,1,High
E00277,SK020,4.7,Advanced,2025-07-31,0,High
E00277,SK034,2.4,Intermediate,2025-11-09,1,Medium
E00278,SK002,3.0,Intermediate,2024-11-06,0,High
E00278,SK005,1.7,Beginner,2025-12-12,0,Medium
E00279,SK011,8.9,Advanced,2024-12-22,0,High
E00279,SK013,3.3,Intermediate,2025-01-26,0,Medium
E00279,SK016,6.4,Advanced,2025-10-05,0,Medium
E00279,SK024,6.1,Advanced,2025-04-09,0,Medium
E00279,SK025,7.0,Advanced,2024-11-16,1,Medium
E00279,SK027,6.6,Advanced,2026-03-19,0,Medium
E00279,SK029,6.9,Advanced,2025-01-25,0,Medium
E00280,SK004,5.6,Advanced,2026-03-19,1,Medium
E00280,SK006,0.8,Beginner,2025-12-09,1,Low
E00280,SK009,7.0,Advanced,2025-03-02,1,High
E00280,SK014,3.3,Intermediate,2025-02-02,0,Medium
E00280,SK026,7.0,Advanced,2025-09-13,1,High
E00280,SK033,2.9,Intermediate,2024-10-26,0,Low
E00280,SK034,1.2,Beginner,2025-06-28,0,Low
E00281,SK001,3.3,Intermediate,2026-01-01,0,Medium
E00281,SK021,4.0,Advanced,2026-01-15,0,High
E00281,SK025,3.4,Intermediate,2025-07-12,0,High
E00282,SK010,2.5,Intermediate,2025-07-31,1,Low
E00282,SK017,5.4,Advanced,2024-11-20,1,High
E00282,SK024,3.3,Intermediate,2025-03-15,0,Medium
E00282,SK031,2.3,Intermediate,2025-04-04,1,Medium
E00282,SK033,2.6,Intermediate,2025-12-16,1,Medium
E00283,SK023,0.5,Beginner,2024-11-07,0,High
E00283,SK024,0.5,Beginner,2025-07-10,0,Low
E00283,SK026,0.5,Beginner,2026-01-30,0,Medium
E00284,SK003,4.5,Advanced,2024-10-11,0,Medium
E00284,SK006,5.7,Advanced,2025-07-06,0,Medium
E00284,SK011,1.6,Beginner,2025-05-31,1,Low
E00284,SK016,7.0,Advanced,2024-12-06,1,High
E00285,SK005,5.3,Advanced,2025-07-05,1,Medium
E00285,SK006,6.7,Advanced,2026-03-13,1,Medium
E00285,SK013,1.8,Beginner,2026-01-21,1,Low
E00285,SK022,5.1,Advanced,2024-10-21,1,Medium
E00285,SK034,6.3,Advanced,2025-10-01,1,Medium
E00285,SK037,8.7,Advanced,2026-01-13,1,High
E00286,SK017,0.5,Beginner,2025-09-11,1,Low
E00286,SK023,0.7,Beginner,2025-01-13,1,Medium
E00286,SK025,1.0,Beginner,2026-01-20,1,High
E00287,SK001,8.1,Advanced,2025-06-17,1,Medium
E00287,SK004,3.2,Intermediate,2025-08-13,0,Low
E00287,SK005,4.9,Advanced,2026-02-23,1,Medium
E00287,SK024,4.9,Advanced,2025-01-22,1,Low
E00287,SK029,2.7,Intermediate,2025-03-23,1,Low
E00287,SK032,2.5,Intermediate,2025-11-29,0,Low
E00287,SK035,5.6,Advanced,2026-03-16,1,Low
E00288,SK033,1.4,Beginner,2025-06-20,0,High
E00288,SK036,1.0,Beginner,2025-11-10,1,Medium
E00289,SK004,6.0,Advanced,2025-10-13,1,High
E00289,SK008,7.0,Advanced,2025-04-20,0,High
E00289,SK027,4.0,Advanced,2025-11-07,1,Medium
E00289,SK029,1.6,Beginner,2025-11-01,1,Low
E00290,SK020,0.6,Beginner,2025-12-27,0,Medium
E00290,SK028,1.0,Beginner,2026-03-21,1,High
E00291,SK024,2.4,Intermediate,2025-08-12,1,Medium
E00291,SK025,2.2,Intermediate,2025-09-25,0,Medium
E00291,SK028,1.0,Beginner,2025-12-07,1,Low
E00292,SK006,2.5,Intermediate,2025-04-28,0,Low
E00292,SK013,15.2,Advanced,2024-11-20,0,High
E00292,SK018,7.3,Advanced,2025-05-13,1,Low
E00292,SK028,15.7,Advanced,2025-12-19,1,High
E00292,SK031,12.5,Advanced,2025-03-29,0,Medium
E00292,SK032,12.2,Advanced,2025-07-31,1,Medium
E00293,SK004,4.3,Advanced,2025-04-23,0,High
E00293,SK007,3.1,Intermediate,2024-12-06,0,Medium
E00293,SK012,3.9,Intermediate,2026-03-13,0,Medium
E00293,SK024,1.4,Beginner,2025-09-05,0,Low
E00293,SK036,4.0,Advanced,2024-11-05,0,Medium
E00294,SK002,2.2,Intermediate,2026-01-24,0,Medium
E00294,SK005,6.0,Advanced,2025-01-14,0,High
E00294,SK015,2.6,Intermediate,2025-03-04,0,Medium
E00294,SK024,4.1,Advanced,2026-01-06,0,Medium
E00294,SK027,5.3,Advanced,2024-10-14,0,High
E00295,SK003,10.7,Advanced,2025-06-18,1,Medium
E00295,SK010,10.6,Advanced,2025-11-17,1,Medium
E00295,SK011,13.2,Advanced,2025-01-29,0,Medium
E00295,SK012,8.5,Advanced,2025-01-09,0,Low
E00295,SK027,17.0,Advanced,2024-10-11,1,High
E00295,SK029,3.4,Intermediate,2025-11-22,1,Low
E00295,SK034,8.0,Advanced,2025-12-11,1,Low
E00296,SK001,2.9,Intermediate,2025-02-22,1,High
E00296,SK002,1.5,Beginner,2025-11-03,1,Low
E00296,SK029,0.6,Beginner,2024-10-14,1,Low
E00297,SK004,0.9,Beginner,2025-12-06,0,Low
E00297,SK008,1.6,Beginner,2025-08-31,0,Medium
E00297,SK015,0.8,Beginner,2025-07-23,0,Medium
E00298,SK003,3.2,Intermediate,2026-01-01,0,Medium
E00298,SK005,1.0,Beginner,2025-09-16,0,Low
E00298,SK012,3.7,Intermediate,2025-07-17,0,Medium
E00298,SK014,4.6,Advanced,2025-09-05,0,Medium
E00298,SK017,1.9,Beginner,2024-10-30,0,Low
E00299,SK004,1.7,Beginner,2024-11-02,1,High
E00299,SK006,1.1,Beginner,2025-04-15,1,Medium
E00299,SK013,0.5,Beginner,2024-10-13,0,Low
E00299,SK019,1.3,Beginner,2025-09-13,1,Medium
E00300,SK011,4.1,Advanced,2025-05-03,1,Low
E00300,SK016,6.8,Advanced,2025-11-14,0,Low
E00300,SK022,2.7,Intermediate,2025-08-25,0,Low
E00300,SK025,18.0,Advanced,2025-07-25,1,High
E00300,SK037,7.1,Advanced,2025-10-05,1,Low
E00300,SK038,2.0,Intermediate,2025-12-29,1,Low
E00301,SK008,3.8,Intermediate,2026-02-10,1,Low
E00301,SK010,3.7,Intermediate,2026-02-27,1,Medium
E00301,SK026,1.9,Beginner,2025-11-08,1,Low
E00302,SK002,2.4,Intermediate,2025-08-30,1,Medium
E00302,SK004,2.8,Intermediate,2026-02-11,0,Medium
E00302,SK011,4.3,Advanced,2025-01-22,1,High
E00302,SK018,1.6,Beginner,2025-03-21,1,Low
E00302,SK019,2.8,Intermediate,2025-08-05,1,Low
E00302,SK027,4.6,Advanced,2025-03-14,1,High
E00303,SK008,9.3,Advanced,2025-01-28,1,Medium
E00303,SK022,9.3,Advanced,2025-06-29,0,High
E00303,SK023,5.7,Advanced,2025-07-08,1,Medium
E00304,SK002,5.8,Advanced,2024-10-18,1,Medium
E00304,SK013,3.2,Intermediate,2025-01-20,1,Low
E00304,SK021,6.4,Advanced,2025-03-23,1,Medium
E00304,SK023,4.3,Advanced,2024-12-13,1,Low
E00304,SK026,7.7,Advanced,2025-04-11,0,High
E00304,SK032,2.4,Intermediate,2025-12-22,0,Low
E00305,SK024,3.0,Intermediate,2025-04-01,1,High
E00305,SK038,2.0,Intermediate,2025-07-22,1,Medium
E00306,SK001,6.8,Advanced,2024-11-20,0,Medium
E00306,SK004,6.8,Advanced,2025-10-07,1,High
E00306,SK015,4.3,Advanced,2024-11-14,0,Medium
E00306,SK028,5.8,Advanced,2024-10-28,1,Medium
E00306,SK029,6.2,Advanced,2024-10-25,0,Medium
E00306,SK032,7.1,Advanced,2025-07-08,0,High
E00306,SK037,3.0,Intermediate,2024-12-23,0,Low
E00307,SK013,1.6,Beginner,2025-06-06,0,Medium
E00307,SK015,1.3,Beginner,2025-06-15,0,Low
E00307,SK017,2.6,Intermediate,2025-03-13,0,Medium
E00307,SK024,1.0,Beginner,2024-11-02,0,Low
E00307,SK030,4.0,Advanced,2025-04-04,0,High
E00307,SK037,1.7,Beginner,2025-09-19,0,Medium
E00308,SK014,8.8,Advanced,2025-05-25,1,High
E00308,SK015,8.2,Advanced,2024-11-21,1,High
E00308,SK016,5.3,Advanced,2025-12-07,0,Medium
E00308,SK018,2.0,Intermediate,2025-07-13,0,Low
E00308,SK032,3.7,Intermediate,2025-01-07,0,Medium
E00308,SK034,4.6,Advanced,2025-02-28,0,Medium
E00309,SK011,4.4,Advanced,2025-12-14,0,High
E00309,SK017,2.8,Intermediate,2025-04-02,0,Medium
E00309,SK022,3.5,Intermediate,2026-02-20,0,High
E00309,SK026,2.1,Intermediate,2024-10-17,0,Medium
E00310,SK002,2.2,Intermediate,2025-07-22,1,Medium
E00310,SK008,4.5,Advanced,2025-10-15,1,Medium
E00310,SK033,1.4,Beginner,2024-11-23,1,Low
E00310,SK036,2.3,Intermediate,2025-07-09,1,Medium
E00311,SK001,3.6,Intermediate,2025-09-20,1,Medium
E00311,SK011,1.9,Beginner,2025-03-12,1,Medium
E00311,SK027,2.2,Intermediate,2025-09-10,1,Medium
E00311,SK028,2.1,Intermediate,2026-03-03,1,Low
E00311,SK029,5.0,Advanced,2025-01-23,0,High
E00312,SK002,3.0,Intermediate,2025-02-06,1,High
E00312,SK028,1.1,Beginner,2025-01-16,1,Medium
E00313,SK006,4.6,Advanced,2025-09-09,0,Medium
E00313,SK015,11.2,Advanced,2025-04-29,1,High
E00313,SK020,6.4,Advanced,2025-11-22,1,Medium
E00313,SK026,5.3,Advanced,2025-04-11,1,Medium
E00313,SK030,7.8,Advanced,2025-02-22,1,Medium
E00313,SK034,7.3,Advanced,2025-10-29,0,Medium
E00314,SK010,1.8,Beginner,2024-12-29,1,High
E00314,SK011,1.9,Beginner,2025-04-26,0,High
E00314,SK017,0.9,Beginner,2025-04-25,0,Medium
E00314,SK021,0.7,Beginner,2026-03-10,0,Medium
E00314,SK032,1.5,Beginner,2025-02-10,1,Medium
E00315,SK002,4.6,Advanced,2025-08-29,0,Medium
E00315,SK005,4.5,Advanced,2025-05-23,1,Medium
E00315,SK010,3.7,Intermediate,2024-11-16,1,Medium
E00315,SK021,1.8,Beginner,2025-10-05,0,Low
E00315,SK037,6.4,Advanced,2026-02-28,1,Medium
E00316,SK014,2.6,Intermediate,2025-05-14,1,Low
E00316,SK016,5.5,Advanced,2025-09-27,1,Medium
E00316,SK023,5.9,Advanced,2025-11-08,1,Medium
E00316,SK025,5.7,Advanced,2024-11-29,1,High
E00316,SK026,4.0,Advanced,2025-05-06,0,Low
E00316,SK030,2.6,Intermediate,2025-01-17,1,Low
E00317,SK018,5.2,Advanced,2025-10-28,1,Medium
E00317,SK027,9.0,Advanced,2026-01-18,0,Medium
E00317,SK033,1.7,Beginner,2025-10-01,0,Low
E00318,SK001,2.7,Intermediate,2025-12-01,1,Medium
E00318,SK015,6.9,Advanced,2025-10-29,0,High
E00318,SK022,5.5,Advanced,2025-03-16,0,Medium
E00318,SK025,4.7,Advanced,2025-01-09,0,Medium
E00318,SK033,3.6,Intermediate,2025-01-10,1,Medium
E00319,SK007,0.5,Beginner,2025-07-15,0,Low
E00319,SK009,0.5,Beginner,2026-02-16,0,Low
E00319,SK017,0.5,Beginner,2025-11-18,0,High
E00319,SK027,0.5,Beginner,2025-06-04,0,Low
E00319,SK037,0.5,Beginner,2025-04-16,0,Low
E00320,SK007,2.3,Intermediate,2025-01-30,1,Medium
E00320,SK019,0.9,Beginner,2025-08-01,0,Low
E00320,SK025,5.7,Advanced,2025-12-30,0,High
E00320,SK032,3.2,Intermediate,2026-01-20,0,Medium
E00320,SK038,4.2,Advanced,2025-04-07,1,Medium
E00321,SK016,6.4,Advanced,2025-08-12,1,Medium
E00321,SK017,5.1,Advanced,2024-12-14,1,Medium
E00321,SK025,7.6,Advanced,2025-01-14,1,Medium
E00321,SK026,10.0,Advanced,2025-04-19,0,High
E00321,SK030,7.2,Advanced,2024-10-08,0,Medium
E00322,SK017,2.9,Intermediate,2025-12-14,0,Medium
E00322,SK024,5.6,Advanced,2025-02-17,0,Medium
E00322,SK025,5.5,Advanced,2026-01-26,1,High
E00322,SK030,4.2,Advanced,2025-07-19,0,Medium
E00322,SK037,3.3,Intermediate,2026-01-09,0,Medium
E00323,SK004,7.4,Advanced,2024-11-07,0,Medium
E00323,SK024,1.1,Beginner,2024-10-10,0,Low
E00323,SK027,6.0,Advanced,2025-07-27,0,Medium
E00324,SK005,11.4,Advanced,2026-03-24,1,High
E00324,SK006,1.5,Beginner,2024-11-02,0,Low
E00324,SK007,2.1,Intermediate,2024-11-28,0,Low
E00324,SK009,11.1,Advanced,2025-08-16,0,Medium
E00324,SK024,7.9,Advanced,2024-10-13,0,Medium
E00324,SK029,6.7,Advanced,2026-02-11,1,Medium
E00324,SK034,11.5,Advanced,2025-01-10,0,High
E00325,SK006,6.5,Advanced,2026-03-04,1,Medium
E00325,SK009,6.6,Advanced,2026-02-05,1,Medium
E00325,SK017,3.9,Intermediate,2026-03-15,1,Low
E00325,SK021,4.6,Advanced,2025-03-09,0,Medium
E00325,SK024,7.1,Advanced,2025-09-15,0,High
E00325,SK027,2.2,Intermediate,2025-08-28,1,Low
E00325,SK037,1.6,Beginner,2026-01-15,1,Low
E00326,SK017,2.0,Intermediate,2024-10-16,1,Medium
E00326,SK020,2.2,Intermediate,2025-09-17,1,Medium
E00326,SK027,3.0,Intermediate,2024-11-14,1,High
E00327,SK018,5.0,Advanced,2025-07-01,1,Medium
E00327,SK020,1.9,Beginner,2025-10-12,1,Low
E00327,SK031,12.0,Advanced,2026-01-10,1,High
E00328,SK002,4.1,Advanced,2024-11-23,1,Medium
E00328,SK004,5.2,Advanced,2025-09-27,1,High
E00328,SK007,1.0,Beginner,2025-09-23,1,Low
E00328,SK029,2.2,Intermediate,2026-03-12,1,Low
E00328,SK032,2.1,Intermediate,2025-03-15,1,Low
E00329,SK001,9.6,Advanced,2025-09-14,1,Medium
E00329,SK013,9.3,Advanced,2024-12-13,1,Medium
E00329,SK015,17.0,Advanced,2025-03-06,0,High
E00329,SK017,12.3,Advanced,2025-09-23,1,Medium
E00330,SK001,8.0,Advanced,2024-12-13,0,Medium
E00330,SK004,5.8,Advanced,2024-11-10,1,Medium
E00330,SK005,7.5,Advanced,2025-10-03,0,Medium
E00330,SK009,8.8,Advanced,2024-10-23,0,Medium
E00330,SK013,12.0,Advanced,2025-01-10,1,High
E00330,SK016,8.1,Advanced,2025-03-07,1,Medium
E00330,SK034,6.1,Advanced,2026-01-09,1,Medium
E00331,SK016,0.5,Beginner,2025-09-22,1,Medium
E00331,SK024,0.5,Beginner,2025-09-27,0,High
E00331,SK026,0.5,Beginner,2026-01-25,0,Low
E00332,SK001,4.5,Advanced,2025-09-06,0,Medium
E00332,SK008,5.7,Advanced,2025-03-11,1,High
E00332,SK018,1.6,Beginner,2024-10-22,0,Low
E00332,SK024,2.0,Intermediate,2025-08-07,1,Low
E00332,SK034,1.2,Beginner,2025-11-22,0,Low
E00332,SK037,4.4,Advanced,2024-11-26,1,Medium
E00333,SK004,4.1,Advanced,2025-01-17,0,Medium
E00333,SK008,3.0,Intermediate,2025-03-18,0,Low
E00333,SK009,1.8,Beginner,2025-06-28,0,Low
E00333,SK010,7.0,Advanced,2025-02-03,1,High
E00333,SK017,3.5,Intermediate,2026-02-03,1,Medium
E00333,SK034,5.9,Advanced,2026-01-05,0,High
E00334,SK035,0.5,Beginner,2025-03-03,1,Low
E00335,SK029,6.0,Advanced,2024-11-22,0,High
E00336,SK007,2.8,Intermediate,2026-03-24,0,High
E00336,SK008,1.5,Beginner,2026-01-05,0,Medium
E00336,SK011,3.4,Intermediate,2025-04-10,0,High
E00336,SK030,2.4,Intermediate,2024-11-08,0,Medium
E00336,SK034,2.3,Intermediate,2026-03-11,0,Medium
E00337,SK004,8.1,Advanced,2025-08-28,1,Medium
E00337,SK015,13.3,Advanced,2025-12-21,1,Medium
E00337,SK028,4.6,Advanced,2026-03-03,1,Low
E00337,SK029,12.9,Advanced,2025-11-17,1,Medium
E00338,SK003,1.6,Beginner,2025-11-15,0,Low
E00338,SK011,6.5,Advanced,2024-11-28,0,Medium
E00338,SK024,6.7,Advanced,2025-05-04,0,High
E00338,SK036,2.8,Intermediate,2025-10-11,0,Medium
E00339,SK004,2.7,Intermediate,2025-07-03,1,High
E00339,SK023,0.9,Beginner,2025-06-20,0,Low
E00339,SK028,1.2,Beginner,2025-07-17,1,Low
E00339,SK029,3.0,Intermediate,2025-12-18,0,High
E00340,SK001,2.8,Intermediate,2025-06-15,1,Medium
E00340,SK007,5.9,Advanced,2025-06-14,1,High
E00340,SK009,2.4,Intermediate,2025-05-11,1,Low
E00340,SK010,2.3,Intermediate,2024-12-08,1,Medium
E00341,SK015,1.3,Beginner,2025-12-02,0,Low
E00341,SK021,2.7,Intermediate,2025-06-03,0,High
E00341,SK022,3.0,Intermediate,2026-01-05,0,High
E00341,SK024,2.2,Intermediate,2025-09-24,0,Medium
E00342,SK001,8.9,Advanced,2026-01-13,1,Medium
E00342,SK004,10.1,Advanced,2025-06-02,1,Medium
E00342,SK005,12.0,Advanced,2026-01-16,0,High
E00342,SK022,1.7,Beginner,2024-12-06,1,Low
E00342,SK024,8.4,Advanced,2025-05-31,1,High
E00342,SK034,9.1,Advanced,2025-11-17,1,Medium
E00343,SK008,3.8,Intermediate,2025-03-21,0,Low
E00343,SK022,1.5,Beginner,2025-01-18,0,Low
E00343,SK024,1.4,Beginner,2025-06-12,0,Low
E00343,SK025,2.2,Intermediate,2024-12-21,0,Low
E00344,SK002,6.0,Advanced,2025-01-24,1,Medium
E00344,SK006,7.7,Advanced,2025-10-18,1,Medium
E00344,SK010,5.0,Advanced,2025-06-25,1,Medium
E00344,SK033,10.0,Advanced,2025-08-30,1,High
E00344,SK034,6.7,Advanced,2024-11-28,1,Medium
E00345,SK001,2.2,Intermediate,2025-05-08,0,Low
E00345,SK007,1.4,Beginner,2024-10-13,1,Low
E00345,SK020,5.4,Advanced,2026-01-19,0,Medium
E00345,SK031,2.5,Intermediate,2025-02-27,1,Medium
E00345,SK033,1.5,Beginner,2025-10-14,1,Low
E00346,SK001,2.5,Intermediate,2025-05-02,0,Medium
E00346,SK011,1.3,Beginner,2026-03-23,0,Low
E00346,SK013,3.1,Intermediate,2025-11-20,0,High
E00346,SK015,3.6,Intermediate,2025-10-26,0,High
E00346,SK020,2.9,Intermediate,2025-04-19,0,Medium
E00347,SK005,7.4,Advanced,2026-01-26,1,Medium
E00347,SK006,4.5,Advanced,2026-02-08,0,Low
E00347,SK011,14.1,Advanced,2025-02-08,0,High
E00347,SK017,3.7,Intermediate,2026-02-26,0,Low
E00347,SK024,4.3,Advanced,2025-08-18,0,Low
E00347,SK027,8.6,Advanced,2025-11-15,0,Low
E00347,SK038,7.3,Advanced,2025-04-25,0,Medium
E00348,SK001,3.9,Intermediate,2025-02-05,0,Low
E00348,SK002,4.7,Advanced,2025-10-07,0,Medium
E00348,SK004,6.8,Advanced,2024-10-26,0,Medium
E00348,SK011,7.7,Advanced,2026-02-10,1,Medium
E00348,SK017,9.4,Advanced,2025-06-28,0,High
E00348,SK025,5.2,Advanced,2026-03-15,1,Low
E00348,SK037,7.1,Advanced,2025-11-19,0,Medium
E00349,SK001,1.0,Beginner,2026-01-28,1,Low
E00349,SK028,1.2,Beginner,2025-06-14,1,Medium
E00349,SK033,0.6,Beginner,2024-11-12,1,Low
E00350,SK010,1.8,Beginner,2026-03-12,1,Medium
E00350,SK017,3.0,Intermediate,2024-10-29,0,High
E00350,SK019,0.7,Beginner,2026-01-10,0,Low
E00350,SK022,2.6,Intermediate,2025-11-28,1,High
E00350,SK031,1.2,Beginner,2025-01-25,1,Medium
E00351,SK005,0.6,Beginner,2025-11-15,1,Low
E00351,SK010,0.6,Beginner,2025-04-22,1,Low
E00351,SK023,1.0,Beginner,2025-12-21,1,Low
E00351,SK026,3.0,Intermediate,2025-10-24,1,High
E00351,SK033,2.4,Intermediate,2024-11-14,1,Medium
E00352,SK016,4.5,Advanced,2026-03-11,0,Medium
E00352,SK030,2.4,Intermediate,2025-04-21,1,Low
E00352,SK034,9.6,Advanced,2025-12-08,1,High
E00352,SK037,5.1,Advanced,2025-10-21,1,Medium
E00353,SK004,5.1,Advanced,2025-10-22,1,Medium
E00353,SK009,5.8,Advanced,2025-04-21,1,Medium
E00353,SK011,3.3,Intermediate,2025-06-25,1,Low
E00353,SK015,6.3,Advanced,2026-02-04,0,High
E00353,SK024,7.0,Advanced,2026-02-07,0,High
E00353,SK031,3.1,Intermediate,2025-11-16,1,Low
E00353,SK034,1.8,Beginner,2024-12-16,1,Low
E00354,SK007,2.0,Intermediate,2025-11-11,0,Low
E00354,SK014,4.7,Advanced,2025-04-23,0,Medium
E00354,SK027,4.8,Advanced,2025-04-25,0,Medium
E00355,SK002,0.5,Beginner,2025-09-07,1,Low
E00355,SK004,0.5,Beginner,2025-01-13,1,Low
E00355,SK005,0.5,Beginner,2024-10-27,1,High
E00355,SK013,0.5,Beginner,2025-11-05,0,Low
E00356,SK001,2.8,Intermediate,2025-06-16,1,Low
E00356,SK002,2.2,Intermediate,2024-12-23,1,Low
E00356,SK004,4.1,Advanced,2025-04-22,0,Medium
E00356,SK022,5.0,Advanced,2025-06-22,0,Medium
E00356,SK024,8.0,Advanced,2025-05-07,0,High
E00356,SK033,1.8,Beginner,2024-11-01,1,Low
E00357,SK006,2.2,Intermediate,2026-03-07,1,Low
E00357,SK009,5.5,Advanced,2025-03-17,1,Low
E00357,SK018,7.6,Advanced,2026-03-06,1,Medium
E00357,SK024,5.8,Advanced,2025-04-02,0,Low
E00358,SK005,8.0,Advanced,2025-03-12,0,High
E00358,SK008,1.3,Beginner,2025-03-03,1,Low
E00358,SK018,4.1,Advanced,2025-02-13,0,Medium
E00358,SK022,9.0,Advanced,2025-01-27,0,High
E00359,SK020,4.0,Advanced,2026-03-11,0,High
E00359,SK023,1.8,Beginner,2025-11-26,1,Medium
E00359,SK036,1.5,Beginner,2024-10-25,1,Medium
E00360,SK001,8.5,Advanced,2025-11-24,0,Medium
E00360,SK004,5.6,Advanced,2026-01-03,1,Low
E00360,SK011,10.2,Advanced,2025-07-01,1,High
E00360,SK013,4.1,Advanced,2026-03-23,1,Low
E00360,SK014,2.8,Intermediate,2025-05-20,0,Low
E00360,SK018,9.1,Advanced,2025-12-03,1,Medium
E00360,SK028,4.7,Advanced,2024-12-20,1,Medium
E00360,SK035,5.3,Advanced,2025-08-01,1,Low
E00361,SK001,3.0,Intermediate,2025-11-10,1,High
E00361,SK010,1.2,Beginner,2025-06-04,1,Low
E00361,SK019,1.8,Beginner,2025-03-15,1,Medium
E00362,SK011,0.5,Beginner,2025-06-04,1,High
E00362,SK018,0.5,Beginner,2025-07-20,1,High
E00362,SK038,0.5,Beginner,2026-02-14,1,Low
E00363,SK001,3.9,Intermediate,2025-04-07,0,Medium
E00363,SK002,4.1,Advanced,2025-12-05,0,Medium
E00363,SK004,5.4,Advanced,2026-02-28,1,Medium
E00363,SK022,3.7,Intermediate,2025-09-26,1,Medium
E00363,SK028,8.7,Advanced,2024-12-25,1,High
E00363,SK035,7.7,Advanced,2024-10-11,1,Medium
E00364,SK005,2.8,Intermediate,2025-01-14,1,Low
E00364,SK008,5.1,Advanced,2025-12-27,1,Medium
E00364,SK011,8.0,Advanced,2025-05-20,1,High
E00364,SK017,8.0,Advanced,2025-11-06,0,High
E00364,SK021,2.5,Intermediate,2024-10-16,0,Low
E00364,SK025,1.7,Beginner,2025-08-27,1,Low
E00364,SK032,2.3,Intermediate,2025-06-19,1,Low
E00364,SK036,1.3,Beginner,2025-11-05,0,Low
E00364,SK038,3.0,Intermediate,2024-10-11,0,Medium
E00365,SK002,4.4,Advanced,2026-03-12,1,Medium
E00365,SK011,5.6,Advanced,2025-07-18,0,High
E00365,SK012,5.1,Advanced,2024-11-25,1,Medium
E00365,SK017,2.7,Intermediate,2025-06-16,0,Medium
E00365,SK024,3.7,Intermediate,2025-10-25,1,Medium
E00366,SK024,7.9,Advanced,2025-02-21,0,High
E00366,SK033,7.2,Advanced,2025-10-07,1,Medium
E00366,SK035,4.5,Advanced,2025-03-28,0,Medium
E00366,SK036,5.3,Advanced,2026-02-13,0,Medium
E00367,SK001,0.7,Beginner,2026-03-14,0,Low
E00367,SK011,2.0,Intermediate,2025-08-16,1,High
E00367,SK013,0.5,Beginner,2025-08-18,0,Low
E00367,SK015,1.6,Beginner,2025-11-01,1,High
E00368,SK013,2.3,Intermediate,2025-02-09,1,Medium
E00368,SK019,1.6,Beginner,2025-07-12,0,Medium
E00368,SK024,2.2,Intermediate,2024-10-17,1,High
E00369,SK001,3.8,Intermediate,2025-12-16,1,Low
E00369,SK002,11.0,Advanced,2025-03-25,0,High
E00369,SK008,5.2,Advanced,2025-09-25,1,Low
E00369,SK019,7.7,Advanced,2025-09-06,0,Medium
E00369,SK023,1.2,Beginner,2025-02-19,1,Low
E00369,SK036,6.0,Advanced,2025-05-22,1,Medium
E00370,SK004,1.6,Beginner,2025-06-17,1,Medium
E00370,SK011,0.9,Beginner,2025-12-14,1,Medium
E00370,SK018,2.0,Intermediate,2024-10-31,1,High
E00370,SK030,1.0,Beginner,2025-12-10,1,Medium
E00370,SK035,0.6,Beginner,2025-07-13,1,Low
E00371,SK011,0.5,Beginner,2026-01-15,0,Medium
E00371,SK018,0.5,Beginner,2024-10-28,0,Low
E00371,SK022,0.5,Beginner,2025-03-22,0,High
E00371,SK029,0.5,Beginner,2025-10-06,0,Medium
E00372,SK003,2.1,Intermediate,2025-01-03,0,Medium
E00372,SK009,4.1,Advanced,2025-10-26,0,Medium
E00372,SK037,2.3,Intermediate,2026-01-25,0,Medium
E00373,SK001,1.8,Beginner,2024-12-08,1,Medium
E00373,SK016,2.2,Intermediate,2025-07-29,1,Medium
E00373,SK020,1.5,Beginner,2026-02-02,1,Low
E00373,SK022,2.3,Intermediate,2025-03-10,1,Medium
E00374,SK017,0.7,Beginner,2024-12-28,0,Medium
E00374,SK020,0.5,Beginner,2025-01-29,0,Low
E00374,SK022,0.7,Beginner,2025-12-01,0,Medium
E00374,SK038,0.6,Beginner,2025-05-18,1,Medium
E00375,SK008,11.0,Advanced,2025-07-22,1,High
E00375,SK009,4.2,Advanced,2024-10-13,1,Medium
E00375,SK029,5.4,Advanced,2026-02-16,0,Medium
E00375,SK036,4.9,Advanced,2026-01-22,1,Medium
E00375,SK037,7.8,Advanced,2026-03-06,1,Medium
E00376,SK007,0.5,Beginner,2024-11-03,0,Medium
E00376,SK012,0.5,Beginner,2026-02-11,1,High
E00376,SK037,0.5,Beginner,2025-02-24,1,High
E00377,SK010,7.0,Advanced,2025-02-13,1,Medium
E00377,SK020,3.9,Intermediate,2026-01-06,1,Low
E00377,SK023,7.2,Advanced,2025-10-31,1,High
E00377,SK026,5.8,Advanced,2025-01-04,0,Medium
E00377,SK027,8.3,Advanced,2025-05-23,1,High
E00377,SK036,7.3,Advanced,2025-01-03,1,Medium
E00378,SK019,1.7,Beginner,2025-07-02,1,Low
E00378,SK020,6.0,Advanced,2026-01-13,1,High
E00378,SK024,3.9,Intermediate,2025-11-18,1,Medium
E00378,SK033,2.8,Intermediate,2025-03-18,1,Low
E00379,SK002,0.5,Beginner,2024-10-11,0,High
E00379,SK010,0.5,Beginner,2026-01-27,0,High
E00379,SK011,0.5,Beginner,2025-03-06,0,Medium
E00379,SK020,0.5,Beginner,2025-07-31,0,Medium
E00379,SK023,0.5,Beginner,2025-06-21,0,Low
E00380,SK011,2.3,Intermediate,2025-10-23,0,Medium
E00380,SK025,3.6,Intermediate,2026-01-29,0,High
E00380,SK026,2.9,Intermediate,2025-12-06,0,High
E00380,SK027,3.1,Intermediate,2025-09-22,0,Medium
E00381,SK019,7.0,Advanced,2025-03-19,1,High
E00381,SK022,1.7,Beginner,2025-09-05,1,Low
E00381,SK027,5.3,Advanced,2025-08-26,0,Medium
E00381,SK030,2.4,Intermediate,2025-05-14,1,Low
E00382,SK001,4.9,Advanced,2026-03-06,0,High
E00382,SK002,3.0,Intermediate,2025-03-17,0,Low
E00382,SK003,1.2,Beginner,2025-01-25,1,Low
E00382,SK011,5.0,Advanced,2025-09-02,1,Medium
E00382,SK023,4.9,Advanced,2026-03-11,1,High
E00383,SK006,5.0,Advanced,2025-08-27,1,High
E00383,SK024,5.0,Advanced,2025-06-19,1,High
E00383,SK037,2.6,Intermediate,2025-07-16,1,Medium
E00384,SK003,2.6,Intermediate,2025-01-30,0,Low
E00384,SK011,10.6,Advanced,2025-08-26,0,High
E00384,SK020,7.7,Advanced,2025-01-16,0,Medium
E00384,SK024,8.9,Advanced,2025-03-11,1,High
E00384,SK025,4.0,Advanced,2025-10-30,0,Low
E00384,SK027,8.5,Advanced,2026-02-26,0,Medium
E00384,SK035,4.0,Advanced,2026-01-02,0,Low
E00385,SK002,3.7,Intermediate,2025-10-14,0,Low
E00385,SK005,2.7,Intermediate,2025-02-16,0,Low
E00385,SK007,4.6,Advanced,2024-10-30,0,Medium
E00385,SK026,3.7,Intermediate,2024-11-16,0,Low
E00385,SK037,4.5,Advanced,2025-09-27,0,Medium
E00386,SK002,4.3,Advanced,2025-10-18,0,Medium
E00386,SK007,7.5,Advanced,2025-02-09,1,Medium
E00386,SK017,7.0,Advanced,2025-10-17,1,High
E00386,SK018,6.5,Advanced,2025-05-18,1,Medium
E00387,SK008,3.4,Intermediate,2025-04-08,1,High
E00387,SK009,3.4,Intermediate,2025-09-28,1,High
E00387,SK033,2.9,Intermediate,2024-12-30,1,Medium
E00387,SK034,2.6,Intermediate,2025-11-23,0,Medium
E00388,SK004,2.1,Intermediate,2025-07-16,1,Medium
E00388,SK011,1.8,Beginner,2024-11-12,1,Low
E00388,SK015,4.3,Advanced,2025-01-31,0,Medium
E00388,SK018,4.3,Advanced,2025-04-02,1,High
E00389,SK001,2.3,Intermediate,2026-01-10,0,High
E00389,SK020,0.5,Beginner,2024-11-01,0,Low
E00389,SK024,2.4,Intermediate,2024-10-22,0,High
E00390,SK002,10.3,Advanced,2025-11-07,1,Medium
E00390,SK011,10.5,Advanced,2025-05-04,1,High
E00390,SK017,3.9,Intermediate,2025-06-21,1,Low
E00390,SK024,13.0,Advanced,2024-11-27,0,High
E00390,SK025,5.0,Advanced,2025-05-19,1,Medium
E00390,SK038,2.7,Intermediate,2024-12-07,0,Low
E00391,SK003,3.1,Intermediate,2025-07-06,0,Medium
E00391,SK009,0.9,Beginner,2025-04-04,1,Low
E00391,SK023,3.4,Intermediate,2025-09-26,1,Medium
E00391,SK024,3.1,Intermediate,2024-12-06,1,High
E00391,SK025,1.7,Beginner,2025-08-10,0,Medium
E00392,SK005,7.0,Advanced,2026-03-12,1,High
E00392,SK011,4.8,Advanced,2025-06-30,1,Medium
E00392,SK023,2.0,Intermediate,2026-01-27,0,Low
E00393,SK001,2.9,Intermediate,2025-07-09,1,Medium
E00393,SK013,5.6,Advanced,2025-11-28,1,High
E00393,SK014,4.0,Advanced,2025-10-14,1,Medium
E00393,SK017,0.7,Beginner,2025-07-31,1,Low
E00393,SK018,3.0,Intermediate,2025-01-02,1,Medium
E00393,SK020,1.4,Beginner,2024-12-16,1,Low
E00394,SK007,0.5,Beginner,2025-02-23,0,Low
E00394,SK020,0.5,Beginner,2025-12-24,0,High
E00394,SK024,0.5,Beginner,2025-10-10,0,Low
E00394,SK025,0.5,Beginner,2025-08-23,0,High
E00395,SK005,9.1,Advanced,2025-03-21,0,Medium
E00395,SK011,5.7,Advanced,2025-07-29,1,Low
E00395,SK017,6.9,Advanced,2025-03-16,1,Low
E00395,SK024,14.3,Advanced,2024-12-01,1,High
E00395,SK027,7.7,Advanced,2025-05-29,1,Medium
E00395,SK028,6.4,Advanced,2025-10-13,1,Medium
E00396,SK011,12.0,Advanced,2024-12-16,1,High
E00396,SK014,8.1,Advanced,2025-09-25,1,Medium
E00396,SK037,4.8,Advanced,2025-09-17,1,Low
E00396,SK038,4.9,Advanced,2025-11-17,1,Medium
E00397,SK015,1.5,Beginner,2024-12-27,0,Low
E00397,SK020,6.6,Advanced,2025-08-13,1,Medium
E00397,SK021,3.9,Intermediate,2025-04-10,0,Low
E00397,SK024,4.4,Advanced,2026-02-14,0,Medium
E00397,SK028,4.8,Advanced,2026-01-20,1,Medium
E00398,SK011,0.5,Beginner,2025-09-03,0,Low
E00398,SK021,0.5,Beginner,2026-03-04,0,Medium
E00399,SK005,1.7,Beginner,2026-01-18,1,Low
E00399,SK021,5.3,Advanced,2025-04-21,0,Medium
E00399,SK027,6.6,Advanced,2025-02-06,0,High
E00399,SK028,1.9,Beginner,2026-02-02,1,Low
E00399,SK029,0.9,Beginner,2024-11-01,1,Low
E00400,SK003,5.4,Advanced,2025-09-18,0,High
E00400,SK007,2.9,Intermediate,2025-12-01,0,Low
E00400,SK015,5.0,Advanced,2024-11-08,0,High
E00400,SK016,3.1,Intermediate,2025-03-03,0,Medium
E00400,SK023,3.5,Intermediate,2025-08-19,0,Medium
E00401,SK005,0.7,Beginner,2025-08-07,0,Low
E00401,SK008,1.0,Beginner,2026-02-27,0,Medium
E00401,SK010,1.0,Beginner,2025-06-27,0,Medium
E00401,SK011,2.0,Intermediate,2025-07-11,0,High
E00401,SK017,0.5,Beginner,2025-07-09,0,Low
E00402,SK006,5.0,Advanced,2025-08-29,0,Low
E00402,SK016,4.3,Advanced,2025-01-11,0,Medium
E00402,SK023,11.0,Advanced,2025-12-25,0,High
E00402,SK024,6.2,Advanced,2025-10-02,0,Medium
E00402,SK025,5.8,Advanced,2025-09-07,1,Medium
E00403,SK007,4.0,Advanced,2025-01-01,0,Medium
E00403,SK013,1.9,Beginner,2025-07-04,0,Low
E00403,SK025,5.0,Advanced,2026-02-22,0,High
E00403,SK026,3.1,Intermediate,2025-06-27,0,Medium
E00403,SK030,3.5,Intermediate,2025-02-24,0,Medium
E00404,SK004,2.4,Intermediate,2025-12-31,1,High
E00404,SK011,1.7,Beginner,2025-02-11,1,Medium
E00404,SK013,1.2,Beginner,2025-02-06,1,Medium
E00405,SK001,3.0,Intermediate,2024-11-05,1,Low
E00405,SK005,5.8,Advanced,2025-08-21,0,High
E00405,SK022,2.9,Intermediate,2025-08-17,0,Medium
E00405,SK027,6.0,Advanced,2026-02-11,1,High
E00406,SK002,1.2,Beginner,2026-01-11,0,Medium
E00406,SK013,2.5,Intermediate,2025-01-23,1,Medium
E00406,SK017,2.2,Intermediate,2026-01-17,1,High
E00406,SK038,2.5,Intermediate,2024-11-04,0,High
E00407,SK011,0.7,Beginner,2025-02-14,0,Medium
E00407,SK024,0.5,Beginner,2025-08-28,1,Low
E00407,SK029,0.5,Beginner,2024-12-02,1,Medium
E00408,SK021,6.6,Advanced,2025-08-21,1,Medium
E00408,SK023,5.4,Advanced,2024-12-31,1,Medium
E00408,SK025,4.2,Advanced,2024-11-26,0,Low
E00408,SK026,6.9,Advanced,2025-07-25,1,High
E00408,SK033,3.9,Intermediate,2025-11-30,0,Medium
E00408,SK036,4.2,Advanced,2025-02-21,0,Low
E00409,SK011,6.7,Advanced,2025-09-28,1,High
E00409,SK017,3.8,Intermediate,2025-07-09,1,Medium
E00409,SK031,3.6,Intermediate,2025-10-15,1,Low
E00409,SK036,8.0,Advanced,2024-12-25,1,High
E00410,SK022,4.0,Advanced,2026-02-25,1,High
E00410,SK023,2.3,Intermediate,2025-12-03,0,Medium
E00410,SK024,0.9,Beginner,2025-01-10,1,Low
E00410,SK034,2.2,Intermediate,2025-05-04,1,Medium
E00411,SK006,1.0,Beginner,2025-03-18,0,High
E00411,SK024,0.6,Beginner,2026-01-16,0,Medium
E00411,SK038,0.8,Beginner,2025-01-15,1,Medium
E00412,SK017,5.6,Advanced,2025-03-06,1,High
E00412,SK025,5.0,Advanced,2025-06-13,1,High
E00412,SK030,2.0,Intermediate,2025-04-23,1,Low
E00412,SK037,2.9,Intermediate,2024-12-01,0,Medium
E00413,SK004,13.0,Advanced,2025-07-30,1,High
E00413,SK008,13.0,Advanced,2024-11-15,0,High
E00413,SK009,2.5,Intermediate,2025-11-22,0,Low
E00413,SK011,3.3,Intermediate,2025-11-05,1,Low
E00413,SK022,2.4,Intermediate,2026-03-13,1,Low
E00413,SK032,5.3,Advanced,2025-12-09,1,Low
E00413,SK033,6.2,Advanced,2026-01-15,0,Low
E00414,SK002,4.4,Advanced,2026-03-16,0,High
E00414,SK007,1.3,Beginner,2026-02-24,0,Low
E00414,SK024,2.1,Intermediate,2024-12-18,0,Low
E00414,SK026,5.1,Advanced,2025-02-28,0,High
E00414,SK028,0.7,Beginner,2025-07-08,0,Low
E00415,SK017,2.2,Intermediate,2025-10-04,0,Low
E00415,SK018,6.6,Advanced,2026-01-22,1,Low
E00415,SK024,1.7,Beginner,2025-07-13,1,Low
E00415,SK027,4.9,Advanced,2025-05-16,1,Medium
E00415,SK031,6.8,Advanced,2024-12-18,0,Medium
E00415,SK035,5.5,Advanced,2025-12-17,1,Medium
E00416,SK002,2.5,Intermediate,2026-02-21,0,Medium
E00416,SK004,0.9,Beginner,2025-12-01,1,Low
E00416,SK013,2.3,Intermediate,2025-07-15,1,Medium
E00416,SK036,2.6,Intermediate,2026-01-22,1,High
E00416,SK037,1.8,Beginner,2025-11-04,0,Medium
E00417,SK001,2.3,Intermediate,2025-01-04,1,Medium
E00417,SK004,2.2,Intermediate,2026-02-22,1,Low
E00417,SK010,6.0,Advanced,2026-01-26,1,High
E00417,SK024,5.9,Advanced,2025-03-07,1,High
E00417,SK038,4.0,Advanced,2026-01-13,1,Medium
E00418,SK011,0.5,Beginner,2024-10-26,1,Low
E00418,SK012,1.5,Beginner,2025-09-08,0,Medium
E00418,SK023,1.9,Beginner,2024-11-26,1,High
E00418,SK024,1.3,Beginner,2025-12-15,1,Medium
E00419,SK001,11.0,Advanced,2024-11-19,0,Medium
E00419,SK006,4.2,Advanced,2025-04-30,1,Low
E00419,SK013,5.4,Advanced,2025-06-23,1,Low
E00419,SK029,14.0,Advanced,2025-05-01,0,High
E00419,SK036,9.3,Advanced,2026-02-26,1,Medium
E00420,SK011,0.7,Beginner,2025-10-09,0,Low
E00420,SK013,5.4,Advanced,2025-08-08,0,High
E00420,SK015,3.0,Intermediate,2024-10-17,1,Low
E00420,SK020,4.0,Advanced,2025-06-16,1,Medium
E00420,SK028,2.8,Intermediate,2025-02-06,0,Low
E00421,SK019,5.3,Advanced,2025-11-28,0,Medium
E00421,SK021,2.2,Intermediate,2025-01-27,0,Low
E00421,SK023,1.9,Beginner,2026-02-03,0,Low
E00421,SK024,8.1,Advanced,2025-08-21,0,High
E00422,SK006,1.0,Beginner,2025-01-03,1,Low
E00422,SK012,2.4,Intermediate,2025-10-26,1,Medium
E00422,SK023,0.9,Beginner,2025-12-16,1,Low
E00422,SK024,3.0,Intermediate,2024-12-25,1,High
E00422,SK028,2.4,Intermediate,2025-08-04,1,Medium
E00423,SK005,7.2,Advanced,2026-02-01,0,High
E00423,SK006,4.7,Advanced,2026-02-02,0,Low
E00423,SK011,8.2,Advanced,2025-11-14,1,Medium
E00423,SK016,8.4,Advanced,2025-01-17,0,Medium
E00423,SK018,10.0,Advanced,2025-08-27,0,High
E00423,SK034,4.4,Advanced,2025-11-12,0,Medium
E00424,SK004,1.3,Beginner,2024-12-28,0,Low
E00424,SK006,4.1,Advanced,2026-02-24,0,Medium
E00424,SK034,4.4,Advanced,2025-11-15,1,High
E00424,SK036,1.6,Beginner,2026-03-01,1,Low
E00424,SK038,4.3,Advanced,2024-11-07,0,Medium
E00425,SK008,4.7,Advanced,2025-04-08,1,Medium
E00425,SK022,2.5,Intermediate,2025-09-14,0,Medium
E00426,SK001,1.5,Beginner,2025-10-10,0,Low
E00426,SK006,6.2,Advanced,2025-09-11,0,High
E00426,SK017,2.6,Intermediate,2025-01-12,1,Medium
E00426,SK024,3.5,Intermediate,2025-02-25,1,Medium
E00427,SK009,0.6,Beginner,2025-06-15,0,Low
E00427,SK023,2.2,Intermediate,2025-04-03,1,Medium
E00427,SK025,4.0,Advanced,2025-03-11,1,High
E00427,SK026,1.9,Beginner,2026-01-08,0,Low
E00428,SK014,4.3,Advanced,2025-08-22,0,Medium
E00428,SK025,7.0,Advanced,2025-02-25,0,High
E00428,SK026,1.2,Beginner,2025-04-12,0,Low
E00428,SK028,1.1,Beginner,2025-01-26,0,Low
E00429,SK019,3.2,Intermediate,2025-08-17,0,Medium
E00429,SK020,2.8,Intermediate,2024-10-18,0,Low
E00429,SK022,3.8,Intermediate,2025-11-15,0,Medium
E00429,SK024,3.4,Intermediate,2026-03-23,0,Low
E00429,SK025,6.1,Advanced,2024-10-08,0,Medium
E00429,SK026,9.0,Advanced,2025-04-18,0,High
E00429,SK027,2.7,Intermediate,2026-02-15,0,Low
E00429,SK035,3.3,Intermediate,2025-03-04,0,Low
E00430,SK001,5.6,Advanced,2025-05-06,1,High
E00430,SK004,3.1,Intermediate,2026-03-12,1,Medium
E00430,SK010,4.6,Advanced,2025-03-19,1,Medium
E00430,SK012,5.1,Advanced,2025-09-01,1,Medium
E00430,SK024,1.0,Beginner,2024-12-12,1,Low
E00430,SK037,4.0,Advanced,2025-10-15,1,Medium
E00431,SK004,2.9,Intermediate,2024-11-12,1,Low
E00431,SK017,4.5,Advanced,2025-07-12,1,Medium
E00431,SK022,1.8,Beginner,2025-10-04,1,Low
E00431,SK028,6.4,Advanced,2025-03-06,1,Medium
E00431,SK029,7.5,Advanced,2024-10-14,1,Medium
E00431,SK031,3.2,Intermediate,2025-08-23,1,Low
E00432,SK001,11.3,Advanced,2025-10-30,0,Medium
E00432,SK002,6.2,Advanced,2024-10-13,1,Medium
E00432,SK004,2.2,Intermediate,2026-01-05,1,Low
E00432,SK005,15.0,Advanced,2025-02-17,1,High
E00432,SK009,8.0,Advanced,2025-09-20,1,Medium
E00432,SK021,8.2,Advanced,2025-03-31,1,Medium
E00432,SK024,11.3,Advanced,2025-01-03,0,Medium
E00433,SK005,1.5,Beginner,2026-03-08,0,Medium
E00433,SK011,2.4,Intermediate,2025-09-04,0,Medium
E00433,SK024,0.5,Beginner,2025-02-18,1,Low
E00434,SK005,1.0,Beginner,2026-03-18,1,Medium
E00434,SK018,1.9,Beginner,2025-01-25,1,High
E00434,SK021,0.5,Beginner,2026-03-04,0,Low
E00434,SK023,1.1,Beginner,2025-06-10,1,Medium
E00435,SK002,7.0,Advanced,2026-01-18,1,High
E00435,SK022,4.8,Advanced,2025-07-09,1,Medium
E00435,SK023,1.5,Beginner,2025-12-14,1,Low
E00435,SK028,5.0,Advanced,2024-12-17,1,Medium
E00435,SK034,5.3,Advanced,2024-11-04,0,Medium
E00436,SK007,3.6,Intermediate,2025-06-25,1,Medium
E00436,SK019,3.3,Intermediate,2025-01-07,1,Medium
E00436,SK021,7.0,Advanced,2024-11-08,0,High
E00436,SK022,2.6,Intermediate,2026-02-16,0,Medium
E00436,SK024,4.8,Advanced,2025-05-09,1,Medium
E00436,SK036,5.0,Advanced,2025-12-29,1,Medium
E00437,SK002,0.5,Beginner,2025-01-16,0,Low
E00437,SK008,2.8,Intermediate,2025-02-15,1,High
E00437,SK009,1.5,Beginner,2024-12-17,0,Medium
E00437,SK011,2.4,Intermediate,2025-03-26,1,High
E00438,SK006,3.2,Intermediate,2025-10-10,1,Low
E00438,SK007,12.0,Advanced,2024-11-06,0,High
E00438,SK009,9.0,Advanced,2025-06-24,1,High
E00438,SK024,3.7,Intermediate,2025-11-27,1,Low
E00438,SK034,6.0,Advanced,2025-02-23,1,Low
E00439,SK014,2.3,Intermediate,2026-01-06,0,Medium
E00439,SK021,3.6,Intermediate,2026-01-09,0,Medium
E00439,SK027,0.7,Beginner,2026-03-04,0,Low
E00439,SK033,4.3,Advanced,2026-03-10,0,Medium
E00440,SK002,4.0,Advanced,2025-03-18,0,High
E00440,SK008,2.0,Intermediate,2025-10-25,0,Medium
E00440,SK010,3.5,Intermediate,2025-07-08,0,High
E00440,SK022,1.5,Beginner,2024-10-20,0,Medium
E00441,SK001,2.9,Intermediate,2025-07-25,1,High
E00441,SK009,1.6,Beginner,2025-12-20,1,Medium
E00441,SK015,0.9,Beginner,2026-01-17,0,Low
E00441,SK020,1.9,Beginner,2025-02-19,1,Medium
E00441,SK030,2.4,Intermediate,2025-08-15,0,High
E00442,SK001,5.3,Advanced,2025-05-03,0,Medium
E00442,SK008,2.9,Intermediate,2025-08-08,0,Medium
E00442,SK010,5.2,Advanced,2025-06-08,0,High
E00442,SK019,2.5,Intermediate,2025-08-23,0,Medium
E00442,SK025,5.4,Advanced,2025-05-08,0,High
E00443,SK004,1.4,Beginner,2025-03-10,0,Low
E00443,SK008,1.1,Beginner,2024-12-10,0,Medium
E00443,SK017,2.5,Intermediate,2025-11-29,0,High
E00443,SK035,3.0,Intermediate,2025-03-11,0,High
E00444,SK009,7.9,Advanced,2025-06-18,0,High
E00444,SK013,3.4,Intermediate,2024-12-05,0,Low
E00444,SK015,3.6,Intermediate,2025-04-05,1,Medium
E00445,SK006,2.6,Intermediate,2025-01-08,0,High
E00445,SK038,2.6,Intermediate,2025-12-23,0,High
E00446,SK031,1.5,Beginner,2026-01-31,1,Medium
E00446,SK033,3.4,Intermediate,2025-03-26,1,Medium
E00446,SK038,3.8,Intermediate,2025-09-09,1,High
E00447,SK004,5.2,Advanced,2025-07-28,1,High
E00447,SK012,3.4,Intermediate,2024-12-09,0,Medium
E00447,SK015,4.9,Advanced,2025-03-24,1,Medium
E00447,SK024,4.3,Advanced,2024-10-20,0,Medium
E00447,SK027,5.8,Advanced,2025-10-03,0,High
E00447,SK028,2.4,Intermediate,2025-02-15,0,Medium
E00448,SK003,4.2,Advanced,2026-01-10,1,High
E00448,SK023,4.7,Advanced,2025-06-14,0,High
E00448,SK035,3.8,Intermediate,2025-02-24,1,Medium
E00449,SK021,3.1,Intermediate,2024-12-14,0,Medium
E00449,SK023,4.2,Advanced,2025-08-16,0,Medium
E00450,SK001,10.0,Advanced,2025-04-10,1,High
E00450,SK002,3.4,Intermediate,2025-09-23,0,Low
E00450,SK033,3.5,Intermediate,2026-03-19,1,Low
E00451,SK010,1.3,Beginner,2025-10-21,0,Low
E00451,SK011,1.5,Beginner,2024-11-10,0,Medium
E00451,SK013,1.8,Beginner,2025-05-31,0,Medium
E00451,SK018,2.3,Intermediate,2025-03-14,0,Medium
E00451,SK030,1.6,Beginner,2025-09-07,0,Low
E00452,SK001,5.9,Advanced,2025-06-17,0,Medium
E00452,SK002,4.8,Advanced,2025-10-24,0,Medium
E00452,SK011,3.8,Intermediate,2025-06-20,0,Medium
E00452,SK027,2.9,Intermediate,2026-03-17,0,Low
E00453,SK008,10.0,Advanced,2025-05-27,0,Medium
E00453,SK010,8.6,Advanced,2025-08-18,1,Medium
E00453,SK011,12.9,Advanced,2026-01-05,0,High
E00453,SK017,8.0,Advanced,2025-05-21,0,Medium
E00453,SK022,7.6,Advanced,2025-01-05,1,Medium
E00453,SK024,9.5,Advanced,2025-09-09,1,Medium
E00453,SK025,9.9,Advanced,2025-11-24,0,Medium
E00453,SK028,11.0,Advanced,2025-07-29,1,High
E00453,SK038,2.7,Intermediate,2025-03-21,0,Low
E00454,SK001,10.4,Advanced,2025-09-29,0,Medium
E00454,SK013,12.3,Advanced,2026-01-31,1,High
E00454,SK018,15.0,Advanced,2025-03-30,1,High
E00454,SK019,6.1,Advanced,2025-07-15,1,Low
E00454,SK030,7.1,Advanced,2025-09-26,0,Medium
E00455,SK010,0.9,Beginner,2026-03-03,1,Low
E00455,SK011,2.7,Intermediate,2025-12-22,0,Low
E00455,SK017,3.1,Intermediate,2026-03-18,1,Medium
E00455,SK020,4.4,Advanced,2025-07-28,1,Medium
E00455,SK027,7.0,Advanced,2025-04-05,0,High
E00455,SK031,0.9,Beginner,2025-01-21,1,Low
E00456,SK001,6.4,Advanced,2025-06-14,0,Medium
E00456,SK005,10.2,Advanced,2025-06-22,0,High
E00456,SK014,1.9,Beginner,2025-06-28,1,Low
E00456,SK017,4.1,Advanced,2025-12-30,1,Medium
E00456,SK019,5.3,Advanced,2025-03-27,1,Low
E00456,SK026,4.8,Advanced,2025-05-30,1,Medium
E00457,SK002,3.5,Intermediate,2025-01-27,0,Medium
E00457,SK017,3.6,Intermediate,2026-01-22,0,Medium
E00457,SK018,6.0,Advanced,2025-11-26,0,High
E00458,SK009,1.3,Beginner,2025-06-09,0,Low
E00458,SK017,1.9,Beginner,2025-09-02,0,Low
E00458,SK024,4.1,Advanced,2025-03-08,0,High
E00458,SK025,5.0,Advanced,2025-11-09,0,High
E00458,SK027,2.2,Intermediate,2025-07-14,0,Low
E00459,SK010,2.0,Intermediate,2025-10-31,0,High
E00459,SK011,1.2,Beginner,2025-10-10,1,Medium
E00459,SK018,1.0,Beginner,2025-01-05,0,Medium
E00459,SK031,0.5,Beginner,2025-02-22,0,Low
E00459,SK035,0.8,Beginner,2025-08-13,1,Low
E00460,SK023,5.3,Advanced,2025-08-11,0,High
E00460,SK024,4.0,Advanced,2025-05-11,0,Medium
E00461,SK020,0.5,Beginner,2025-12-19,0,Medium
E00461,SK021,0.9,Beginner,2025-12-29,0,High
E00461,SK026,0.7,Beginner,2025-02-24,0,Medium
E00461,SK037,0.8,Beginner,2024-11-09,0,Medium
E00462,SK016,5.0,Advanced,2025-11-12,0,Medium
E00462,SK019,3.9,Intermediate,2025-08-16,0,Low
E00462,SK020,2.5,Intermediate,2026-02-07,0,Low
E00462,SK024,8.0,Advanced,2024-10-21,0,High
E00462,SK031,2.9,Intermediate,2026-02-14,0,Medium
E00463,SK007,2.5,Intermediate,2025-12-11,1,Medium
E00463,SK009,2.5,Intermediate,2026-02-19,1,High
E00463,SK033,0.5,Beginner,2025-05-11,1,Low
E00463,SK035,2.0,Intermediate,2025-11-27,1,Medium
E00463,SK036,2.6,Intermediate,2025-08-25,1,High
E00464,SK001,5.0,Advanced,2025-02-24,1,High
E00464,SK002,3.5,Intermediate,2026-02-08,1,Medium
E00464,SK015,1.9,Beginner,2025-05-14,0,Medium
E00464,SK017,3.6,Intermediate,2025-07-01,1,Medium
E00465,SK001,7.1,Advanced,2025-06-08,0,Medium
E00465,SK004,6.6,Advanced,2025-09-02,1,Medium
E00465,SK016,3.4,Intermediate,2025-09-25,0,Low
E00465,SK024,6.6,Advanced,2026-01-01,0,Medium
E00465,SK032,1.4,Beginner,2025-07-28,0,Low
E00465,SK033,4.8,Advanced,2025-06-03,0,Low
E00465,SK034,1.7,Beginner,2025-02-22,0,Low
E00466,SK011,2.8,Intermediate,2025-11-16,1,Medium
E00466,SK013,3.6,Intermediate,2025-05-18,1,High
E00466,SK017,0.8,Beginner,2025-08-28,0,Low
E00466,SK024,3.9,Intermediate,2026-03-14,1,High
E00466,SK025,2.7,Intermediate,2024-12-28,0,Medium
E00467,SK004,4.7,Advanced,2025-08-08,0,Medium
E00467,SK005,4.3,Advanced,2026-01-04,0,High
E00467,SK024,2.7,Intermediate,2025-06-08,0,Low
E00467,SK027,4.5,Advanced,2025-11-17,0,Medium
E00467,SK036,4.0,Advanced,2025-03-31,0,Medium
E00467,SK037,5.0,Advanced,2026-01-09,0,Medium
E00468,SK006,0.6,Beginner,2026-03-09,0,Low
E00468,SK009,0.7,Beginner,2025-02-13,0,Low
E00468,SK011,1.4,Beginner,2024-10-10,0,High
E00468,SK017,0.5,Beginner,2026-01-07,0,Low
E00468,SK034,0.9,Beginner,2025-06-01,0,Low
E00469,SK016,5.7,Advanced,2025-05-03,0,Medium
E00469,SK030,2.7,Intermediate,2025-05-05,0,Medium
E00469,SK035,1.2,Beginner,2025-10-11,0,Low
E00469,SK036,3.6,Intermediate,2024-12-25,0,Medium
E00470,SK001,4.9,Advanced,2025-09-13,0,Medium
E00470,SK005,2.1,Intermediate,2024-10-11,0,Low
E00470,SK030,2.8,Intermediate,2025-11-06,0,Low
E00471,SK007,2.2,Intermediate,2025-04-19,1,Low
E00471,SK008,1.4,Beginner,2024-12-05,1,Low
E00471,SK013,4.9,Advanced,2024-11-01,1,High
E00471,SK031,4.5,Advanced,2026-03-19,0,Medium
E00471,SK037,6.7,Advanced,2024-11-25,1,High
E00472,SK009,6.9,Advanced,2025-10-15,1,Medium
E00472,SK010,8.7,Advanced,2025-10-27,0,Medium
E00472,SK011,1.4,Beginner,2025-02-05,1,Low
E00472,SK022,10.5,Advanced,2024-12-07,0,High
E00472,SK023,4.9,Advanced,2025-09-04,0,Low
E00472,SK024,6.1,Advanced,2025-12-24,0,Medium
E00472,SK026,5.2,Advanced,2025-03-13,1,Medium
E00472,SK037,5.5,Advanced,2025-05-10,1,Medium
E00473,SK002,1.4,Beginner,2026-03-13,1,Low
E00473,SK004,3.0,Intermediate,2025-02-17,1,High
E00473,SK023,1.0,Beginner,2025-01-01,0,Low
E00473,SK024,0.9,Beginner,2025-09-04,1,Low
E00473,SK026,3.0,Intermediate,2025-04-03,0,High
E00474,SK001,5.5,Advanced,2025-09-20,1,Medium
E00474,SK005,0.9,Beginner,2025-05-08,1,Low
E00474,SK007,7.0,Advanced,2025-11-20,1,High
E00474,SK008,3.2,Intermediate,2025-09-30,1,Medium
E00474,SK024,2.5,Intermediate,2025-12-09,0,Low
E00475,SK001,3.6,Intermediate,2025-06-30,1,Low
E00475,SK002,6.5,Advanced,2025-06-06,1,Low
E00475,SK004,11.6,Advanced,2025-10-30,1,Medium
E00475,SK007,4.8,Advanced,2025-06-11,1,Low
E00475,SK009,6.7,Advanced,2025-03-04,0,Medium
E00475,SK011,10.2,Advanced,2025-05-06,1,Medium
E00475,SK013,15.7,Advanced,2025-11-07,1,High
E00475,SK033,13.5,Advanced,2026-01-13,1,Medium
E00476,SK010,1.7,Beginner,2024-10-27,1,Medium
E00476,SK011,0.8,Beginner,2025-11-12,1,Low
E00476,SK021,1.9,Beginner,2024-12-13,1,Medium
E00476,SK036,2.2,Intermediate,2024-12-09,1,Medium
E00477,SK012,1.4,Beginner,2025-02-14,1,Low
E00477,SK023,2.3,Intermediate,2025-06-28,0,High
E00477,SK027,1.1,Beginner,2025-05-18,0,Medium
E00477,SK035,2.0,Intermediate,2025-01-11,1,Medium
E00478,SK007,5.4,Advanced,2024-11-13,1,Low
E00478,SK009,9.1,Advanced,2025-06-03,1,Medium
E00478,SK011,15.0,Advanced,2025-03-03,1,High
E00478,SK024,6.2,Advanced,2025-01-18,1,Low
E00478,SK030,7.4,Advanced,2025-01-23,0,Medium
E00478,SK032,7.9,Advanced,2025-12-09,1,Medium
E00478,SK033,4.9,Advanced,2025-05-21,1,Low
E00479,SK001,4.7,Advanced,2025-04-19,1,Medium
E00479,SK005,2.2,Intermediate,2025-10-08,1,Low
E00479,SK012,1.8,Beginner,2025-10-26,1,Low
E00479,SK024,4.6,Advanced,2025-10-09,1,High
E00479,SK031,2.4,Intermediate,2025-07-29,1,Medium
E00480,SK011,5.0,Advanced,2024-11-23,0,High
E00480,SK013,1.7,Beginner,2025-08-23,1,Low
E00480,SK014,3.7,Intermediate,2025-07-29,1,High
E00480,SK020,2.3,Intermediate,2024-11-05,1,Medium
E00480,SK024,2.1,Intermediate,2026-02-16,1,Medium
E00480,SK026,4.1,Advanced,2025-02-16,0,Medium
E00480,SK030,1.4,Beginner,2025-09-30,1,Low
E00481,SK004,1.9,Beginner,2025-02-24,0,Medium
E00481,SK013,1.5,Beginner,2025-02-25,0,Low
E00481,SK018,0.5,Beginner,2025-01-08,0,Low
E00481,SK023,2.1,Intermediate,2024-11-04,0,Medium
E00481,SK034,2.9,Intermediate,2025-08-22,0,High
E00482,SK002,0.5,Beginner,2025-06-17,0,Medium
E00482,SK017,0.8,Beginner,2025-10-14,0,High
E00482,SK024,0.5,Beginner,2026-01-24,0,Low
E00482,SK033,0.7,Beginner,2025-08-12,0,High
E00482,SK034,0.5,Beginner,2025-06-11,0,Low
E00483,SK004,6.8,Advanced,2025-01-07,0,Medium
E00483,SK017,2.1,Intermediate,2024-10-21,0,Low
E00483,SK019,2.5,Intermediate,2026-02-25,0,Low
E00483,SK026,11.0,Advanced,2025-08-29,1,High
E00483,SK028,6.2,Advanced,2025-12-11,1,Medium
E00484,SK001,2.0,Intermediate,2024-10-19,0,Low
E00484,SK002,6.5,Advanced,2025-06-21,0,High
E00484,SK024,4.6,Advanced,2025-05-12,0,Medium
E00484,SK029,7.9,Advanced,2025-04-16,0,High
E00484,SK037,6.8,Advanced,2025-04-05,0,Medium
E00485,SK001,8.3,Advanced,2025-04-26,1,High
E00485,SK002,3.2,Intermediate,2024-11-14,1,Low
E00485,SK018,4.7,Advanced,2025-12-16,1,Medium
E00485,SK019,8.2,Advanced,2024-11-15,0,Medium
E00485,SK028,10.5,Advanced,2024-12-01,1,High
E00486,SK001,4.1,Advanced,2025-06-05,0,Low
E00486,SK017,10.1,Advanced,2025-04-03,0,High
E00486,SK028,10.9,Advanced,2025-07-03,0,Medium
E00487,SK007,1.4,Beginner,2025-06-20,1,Low
E00487,SK011,2.3,Intermediate,2025-12-09,1,Medium
E00487,SK024,3.0,Intermediate,2025-01-17,0,High
E00487,SK029,1.6,Beginner,2024-10-21,0,Medium
E00488,SK008,3.3,Intermediate,2025-10-10,1,Medium
E00488,SK014,2.6,Intermediate,2025-06-22,1,Medium
E00488,SK021,5.8,Advanced,2025-09-28,1,High
E00488,SK022,4.4,Advanced,2025-09-05,1,High
E00488,SK025,4.6,Advanced,2026-01-16,1,Medium
E00489,SK001,3.9,Intermediate,2025-03-31,0,Medium
E00489,SK010,4.0,Advanced,2024-11-01,0,Medium
E00489,SK011,3.3,Intermediate,2024-12-03,0,Medium
E00489,SK014,1.8,Beginner,2025-02-04,0,Low
E00489,SK017,2.5,Intermediate,2026-01-09,0,Low
E00489,SK023,4.9,Advanced,2025-04-14,0,High
E00489,SK038,4.1,Advanced,2025-01-23,0,Medium
E00490,SK001,1.8,Beginner,2024-10-16,0,Low
E00490,SK006,4.1,Advanced,2025-11-01,0,Medium
E00490,SK011,1.3,Beginner,2025-01-30,0,Low
E00490,SK016,2.2,Intermediate,2025-12-30,0,Low
E00490,SK024,1.9,Beginner,2024-11-28,0,Low
E00491,SK006,5.1,Advanced,2025-08-07,1,Medium
E00491,SK012,6.6,Advanced,2025-10-20,1,Medium
E00491,SK024,0.9,Beginner,2025-04-29,1,Low
E00491,SK027,8.2,Advanced,2025-11-07,1,High
E00491,SK031,7.4,Advanced,2025-02-22,1,Medium
E00491,SK038,3.8,Intermediate,2024-12-30,0,Medium
E00492,SK007,1.8,Beginner,2026-03-05,1,Medium
E00492,SK009,1.8,Beginner,2025-05-19,1,Medium
E00492,SK017,1.2,Beginner,2025-09-20,1,Medium
E00492,SK019,1.7,Beginner,2025-07-15,1,Medium
E00492,SK023,0.5,Beginner,2025-08-14,0,Low
E00492,SK026,1.2,Beginner,2024-12-15,1,Low
E00493,SK004,4.8,Advanced,2025-11-06,0,Medium
E00493,SK009,3.2,Intermediate,2025-12-05,1,Low
E00493,SK011,4.9,Advanced,2026-02-06,0,Medium
E00493,SK013,4.0,Advanced,2025-08-24,0,Low
E00493,SK024,9.0,Advanced,2025-09-01,0,High
E00493,SK033,1.9,Beginner,2025-02-08,1,Low
E00493,SK036,3.6,Intermediate,2024-12-04,1,Medium
E00494,SK011,0.5,Beginner,2026-01-07,1,High
E00494,SK013,0.5,Beginner,2025-03-08,1,High
E00494,SK024,0.5,Beginner,2025-11-03,0,Medium
E00494,SK031,0.5,Beginner,2025-04-07,1,Medium
E00495,SK002,1.9,Beginner,2025-05-26,1,Low
E00495,SK004,4.8,Advanced,2025-08-13,0,Low
E00495,SK008,1.6,Beginner,2025-06-30,0,Low
E00495,SK028,11.9,Advanced,2026-01-25,0,High
E00495,SK037,5.8,Advanced,2025-05-22,1,Low
E00496,SK004,8.0,Advanced,2025-07-13,1,Low
E00496,SK005,6.4,Advanced,2024-12-17,1,Low
E00496,SK007,3.1,Intermediate,2026-01-20,1,Low
E00496,SK009,15.1,Advanced,2025-07-22,1,High
E00496,SK010,7.4,Advanced,2025-12-27,1,Medium
E00496,SK018,7.6,Advanced,2026-03-05,0,Medium
E00496,SK033,3.9,Intermediate,2025-04-16,0,Low
E00497,SK019,4.5,Advanced,2025-07-22,0,Medium
E00497,SK022,4.3,Advanced,2025-05-12,0,High
E00498,SK017,5.6,Advanced,2025-12-13,1,Medium
E00498,SK022,12.0,Advanced,2024-11-15,0,High
E00498,SK032,6.3,Advanced,2025-05-08,1,Medium
E00498,SK034,9.4,Advanced,2025-11-12,0,High
E00498,SK035,6.5,Advanced,2024-11-27,1,Medium
E00499,SK011,3.3,Intermediate,2025-04-30,0,Medium
E00499,SK014,1.5,Beginner,2026-03-02,1,Low
E00499,SK016,7.0,Advanced,2026-03-16,1,High
E00499,SK021,5.6,Advanced,2025-08-28,1,Medium
E00499,SK022,5.3,Advanced,2025-09-15,0,Medium
E00499,SK037,1.8,Beginner,2025-05-29,0,Low
E00500,SK013,2.3,Intermediate,2024-10-19,0,High
E00500,SK032,2.5,Intermediate,2025-03-25,0,High
E00501,SK002,12.0,Advanced,2025-02-16,0,High
E00501,SK007,5.1,Advanced,2025-06-30,0,Medium
E00501,SK008,7.2,Advanced,2025-11-19,0,Medium
E00501,SK011,4.7,Advanced,2025-04-04,0,Medium
E00501,SK013,4.7,Advanced,2026-03-11,0,Low
E00501,SK017,5.4,Advanced,2025-06-17,0,Medium
E00501,SK024,5.2,Advanced,2024-11-27,0,Low
E00502,SK028,1.8,Beginner,2025-11-01,0,High
E00502,SK035,0.9,Beginner,2025-07-11,1,Medium
E00503,SK024,2.1,Intermediate,2025-10-04,1,High
E00503,SK025,2.0,Intermediate,2025-09-23,1,Medium
E00503,SK029,1.6,Beginner,2025-06-15,0,Medium
E00503,SK036,1.8,Beginner,2025-05-01,1,Medium
E00503,SK038,2.0,Intermediate,2025-01-02,1,Medium
E00504,SK002,1.1,Beginner,2025-04-13,0,Medium
E00504,SK008,1.6,Beginner,2025-09-12,1,Medium
E00504,SK016,1.1,Beginner,2026-03-14,1,Medium
E00504,SK028,2.5,Intermediate,2025-06-01,0,High
E00504,SK029,1.8,Beginner,2026-02-25,1,Medium
E00505,SK001,5.9,Advanced,2025-08-08,1,High
E00505,SK017,3.3,Intermediate,2025-12-11,1,Medium
E00505,SK034,5.9,Advanced,2025-03-15,1,Medium
E00506,SK001,3.5,Intermediate,2026-01-26,0,Medium
E00506,SK011,8.4,Advanced,2025-07-15,1,High
E00506,SK017,6.4,Advanced,2026-01-17,1,Medium
E00506,SK024,1.6,Beginner,2025-12-14,0,Low
E00506,SK027,9.0,Advanced,2025-02-25,1,High
E00507,SK007,2.4,Intermediate,2025-12-06,1,Medium
E00507,SK009,3.7,Intermediate,2025-01-14,1,Medium
E00507,SK024,3.5,Intermediate,2024-10-13,1,Medium
E00507,SK025,3.5,Intermediate,2024-12-14,1,Medium
E00507,SK035,3.5,Intermediate,2026-02-23,1,Medium
E00508,SK012,4.3,Advanced,2025-05-16,1,Medium
E00508,SK026,5.1,Advanced,2025-06-29,0,Medium
E00508,SK027,5.5,Advanced,2025-04-08,1,High
E00508,SK033,2.8,Intermediate,2025-10-13,1,Low
E00509,SK001,0.6,Beginner,2025-04-06,0,Medium
E00509,SK011,0.8,Beginner,2026-01-01,0,High
E00509,SK016,0.5,Beginner,2025-11-27,0,Medium
E00509,SK032,0.5,Beginner,2025-12-08,0,Low
E00510,SK008,5.0,Advanced,2024-12-12,0,Medium
E00510,SK010,3.9,Intermediate,2026-01-11,0,Medium
E00510,SK017,6.8,Advanced,2025-05-20,0,High
E00510,SK024,2.0,Intermediate,2025-09-20,0,Low
E00510,SK033,5.7,Advanced,2026-03-12,0,High
E00511,SK001,7.2,Advanced,2025-11-23,1,Low
E00511,SK008,4.9,Advanced,2025-10-20,0,Low
E00511,SK009,11.5,Advanced,2026-01-02,0,Medium
E00511,SK011,5.1,Advanced,2025-06-25,0,Low
E00511,SK015,7.1,Advanced,2025-11-22,0,Medium
E00511,SK017,13.6,Advanced,2025-05-06,0,High
E00512,SK005,6.5,Advanced,2025-12-16,1,High
E00512,SK007,5.1,Advanced,2025-07-11,1,Medium
E00512,SK011,7.0,Advanced,2024-11-07,0,High
E00512,SK013,1.3,Beginner,2025-06-27,0,Low
E00513,SK004,4.0,Advanced,2025-03-31,1,High
E00513,SK006,0.6,Beginner,2025-10-07,1,Low
E00513,SK008,2.4,Intermediate,2025-09-07,0,Medium
E00513,SK038,1.1,Beginner,2024-12-08,0,Low
E00514,SK006,0.5,Beginner,2026-03-19,0,Medium
E00514,SK024,0.8,Beginner,2025-09-03,0,High
E00514,SK027,0.5,Beginner,2025-07-24,0,Medium
E00514,SK029,0.5,Beginner,2026-02-06,0,Medium
E00515,SK005,2.4,Intermediate,2025-03-10,0,Medium
E00515,SK007,1.1,Beginner,2025-04-17,0,Low
E00515,SK033,2.4,Intermediate,2025-08-16,0,Medium
E00515,SK034,5.0,Advanced,2026-02-07,0,High
E00515,SK038,3.2,Intermediate,2025-11-21,0,Medium
E00516,SK004,6.0,Advanced,2026-01-24,1,High
E00516,SK012,2.3,Intermediate,2025-01-07,0,Low
E00516,SK020,4.4,Advanced,2026-03-23,0,Medium
E00516,SK022,2.6,Intermediate,2025-04-03,0,Low
E00516,SK023,5.6,Advanced,2025-10-11,1,High
E00516,SK025,4.1,Advanced,2025-08-30,0,Medium
E00516,SK026,2.6,Intermediate,2024-10-25,0,Medium
E00516,SK037,4.7,Advanced,2025-05-23,0,Medium
E00517,SK015,0.5,Beginner,2025-09-19,0,Medium
E00517,SK018,0.5,Beginner,2025-07-28,0,Medium
E00517,SK029,0.5,Beginner,2025-07-03,0,Medium
E00518,SK020,0.5,Beginner,2025-09-08,1,Low
E00518,SK021,2.3,Intermediate,2025-01-18,0,Medium
E00518,SK030,2.3,Intermediate,2025-06-10,1,High
E00519,SK001,0.6,Beginner,2024-11-12,0,Medium
E00519,SK003,0.5,Beginner,2025-02-21,0,Low
E00519,SK023,1.0,Beginner,2026-02-15,1,High
E00519,SK026,0.7,Beginner,2025-02-01,1,High
E00520,SK004,3.1,Intermediate,2026-02-05,1,Low
E00520,SK022,7.0,Advanced,2025-06-30,1,High
E00520,SK023,2.8,Intermediate,2025-07-11,1,Medium
E00520,SK025,5.9,Advanced,2026-02-04,0,Medium
E00521,SK003,0.5,Beginner,2025-10-31,1,Medium
E00521,SK004,0.5,Beginner,2025-01-05,0,Medium
E00521,SK019,0.5,Beginner,2026-01-27,1,Medium
E00521,SK024,0.5,Beginner,2025-06-05,0,High
E00521,SK031,0.5,Beginner,2025-11-06,1,Low
E00522,SK007,10.0,Advanced,2025-03-16,1,High
E00522,SK021,4.1,Advanced,2025-12-27,0,Medium
E00522,SK024,4.7,Advanced,2025-03-08,1,Medium
E00522,SK027,7.0,Advanced,2025-08-23,1,Medium
E00522,SK033,7.2,Advanced,2025-08-18,1,Medium
E00523,SK004,1.0,Beginner,2025-07-31,1,Low
E00523,SK005,2.2,Intermediate,2025-04-18,1,High
E00523,SK013,0.5,Beginner,2024-12-07,1,Low
E00523,SK014,2.5,Intermediate,2025-06-06,0,Medium
E00523,SK027,0.7,Beginner,2026-03-08,1,Low
E00523,SK033,1.5,Beginner,2024-11-24,1,Medium
E00524,SK001,3.3,Intermediate,2025-04-23,1,Low
E00524,SK009,3.0,Intermediate,2025-10-29,0,Medium
E00524,SK017,5.8,Advanced,2025-03-15,0,Medium
E00524,SK019,2.0,Intermediate,2025-01-22,0,Low
E00524,SK022,6.4,Advanced,2025-10-10,1,High
E00525,SK003,0.9,Beginner,2024-12-16,0,Low
E00525,SK009,2.4,Intermediate,2026-03-23,0,Medium
E00525,SK011,0.9,Beginner,2026-01-12,0,Low
E00525,SK013,0.5,Beginner,2025-10-06,0,Low
E00525,SK017,1.5,Beginner,2025-04-22,0,Medium
E00525,SK036,2.2,Intermediate,2025-09-11,0,High
E00526,SK012,7.1,Advanced,2026-03-18,1,Medium
E00526,SK018,13.4,Advanced,2025-09-28,0,High
E00526,SK027,12.4,Advanced,2024-12-18,0,High
E00526,SK034,7.4,Advanced,2025-03-06,0,Medium
E00527,SK010,1.9,Beginner,2024-11-16,0,Low
E00527,SK011,10.4,Advanced,2024-12-04,0,High
E00527,SK017,4.7,Advanced,2025-11-22,0,Low
E00527,SK019,1.2,Beginner,2026-03-02,0,Low
E00527,SK022,6.4,Advanced,2025-08-02,0,Medium
E00527,SK033,11.0,Advanced,2025-08-21,1,High
E00527,SK037,7.1,Advanced,2025-12-25,0,Medium
E00528,SK024,2.6,Intermediate,2025-07-11,0,High
E00529,SK001,2.9,Intermediate,2026-01-17,1,Low
E00529,SK002,6.6,Advanced,2025-08-05,1,High
E00529,SK008,1.6,Beginner,2026-02-25,1,Low
E00529,SK011,2.6,Intermediate,2025-07-08,1,Low
E00529,SK019,3.5,Intermediate,2025-09-22,0,Low
E00530,SK010,0.9,Beginner,2025-09-20,1,Low
E00530,SK011,1.8,Beginner,2026-01-17,1,Medium
E00530,SK013,4.0,Advanced,2025-02-01,1,High
E00530,SK024,4.0,Advanced,2025-03-02,1,Medium
E00530,SK034,3.6,Intermediate,2025-02-01,1,Medium
E00531,SK006,3.8,Intermediate,2024-12-28,0,Medium
E00531,SK017,2.4,Intermediate,2025-08-24,0,Medium
E00531,SK019,3.5,Intermediate,2025-06-04,1,Medium
E00531,SK022,2.7,Intermediate,2024-12-29,1,Low
E00531,SK023,2.8,Intermediate,2025-10-29,0,Medium
E00531,SK024,4.6,Advanced,2025-11-03,0,Medium
E00531,SK038,3.8,Intermediate,2024-11-13,0,Medium
E00532,SK001,4.9,Advanced,2025-05-04,0,Medium
E00532,SK013,2.6,Intermediate,2026-01-04,0,Medium
E00532,SK018,2.5,Intermediate,2025-12-03,0,Medium
E00532,SK024,3.8,Intermediate,2024-12-08,0,Medium
E00532,SK030,2.5,Intermediate,2024-12-01,0,Medium
E00533,SK003,1.5,Beginner,2025-01-16,1,Low
E00533,SK008,3.3,Intermediate,2025-07-20,0,Low
E00533,SK011,10.7,Advanced,2025-05-02,1,High
E00533,SK024,9.7,Advanced,2025-06-12,1,High
E00533,SK026,2.0,Intermediate,2025-05-20,1,Low
E00533,SK027,8.5,Advanced,2024-12-24,1,Medium
E00533,SK033,3.3,Intermediate,2025-11-24,1,Low
E00534,SK011,9.0,Advanced,2026-02-14,0,High
E00534,SK015,5.9,Advanced,2025-06-09,1,Medium
E00534,SK019,4.2,Advanced,2024-11-07,0,Medium
E00534,SK020,4.4,Advanced,2025-08-19,0,Low
E00534,SK023,3.1,Intermediate,2026-01-22,0,Low
E00534,SK024,2.1,Intermediate,2026-02-11,0,Low
E00534,SK025,4.2,Advanced,2025-11-30,0,Medium
E00534,SK028,3.5,Intermediate,2025-12-09,0,Low
E00535,SK014,5.0,Advanced,2025-03-03,0,High
E00535,SK023,2.2,Intermediate,2026-03-04,1,Low
E00535,SK029,2.3,Intermediate,2025-09-03,1,Medium
E00535,SK034,3.0,Intermediate,2025-12-30,0,Medium
E00536,SK003,3.9,Intermediate,2024-10-20,0,Medium
E00536,SK007,1.5,Beginner,2025-07-10,0,Low
E00536,SK019,7.0,Advanced,2026-03-05,0,High
E00536,SK025,3.0,Intermediate,2025-05-03,0,Medium
E00537,SK001,1.4,Beginner,2025-04-09,1,Medium
E00537,SK020,2.2,Intermediate,2025-10-22,1,High
E00537,SK022,1.3,Beginner,2025-01-28,1,Low
E00537,SK032,0.5,Beginner,2025-10-03,1,Low
E00538,SK013,2.1,Intermediate,2025-12-05,0,Low
E00538,SK019,0.7,Beginner,2026-02-22,1,Low
E00538,SK024,2.3,Intermediate,2025-04-15,0,Low
E00538,SK028,1.0,Beginner,2025-04-17,1,Low
E00539,SK004,11.9,Advanced,2026-03-15,1,Medium
E00539,SK015,10.0,Advanced,2024-12-05,0,Medium
E00539,SK023,17.7,Advanced,2025-12-18,0,High
E00539,SK025,6.3,Advanced,2024-12-23,0,Medium
E00539,SK027,9.7,Advanced,2025-08-29,0,Medium
E00539,SK035,7.0,Advanced,2024-10-23,1,Medium
E00540,SK006,0.5,Beginner,2025-04-20,0,Low
E00540,SK009,0.8,Beginner,2025-11-09,0,Medium
E00540,SK033,0.5,Beginner,2026-02-28,0,Medium
E00540,SK037,1.0,Beginner,2025-04-21,0,High
E00541,SK013,1.1,Beginner,2025-10-30,0,Low
E00541,SK020,3.9,Intermediate,2024-11-15,1,Medium
E00541,SK026,0.9,Beginner,2025-01-12,1,Low
E00541,SK029,2.3,Intermediate,2025-11-01,1,Low
E00541,SK036,5.0,Advanced,2025-04-14,1,High
E00542,SK004,0.7,Beginner,2026-02-20,1,High
E00542,SK005,0.5,Beginner,2024-11-18,1,Low
E00542,SK029,0.6,Beginner,2026-02-24,0,Medium
E00543,SK002,3.9,Intermediate,2025-08-11,0,Medium
E00543,SK007,6.0,Advanced,2026-03-02,1,High
E00543,SK008,2.5,Intermediate,2025-11-07,1,Medium
E00543,SK016,3.1,Intermediate,2025-08-08,1,Medium
E00543,SK031,2.3,Intermediate,2025-09-05,0,Low
E00543,SK033,2.5,Intermediate,2025-09-28,1,Low
E00544,SK004,12.0,Advanced,2026-01-25,1,High
E00544,SK022,4.9,Advanced,2025-12-20,1,Medium
E00545,SK004,0.7,Beginner,2024-10-30,0,Low
E00545,SK014,3.6,Intermediate,2025-07-06,1,Medium
E00545,SK017,4.0,Advanced,2025-07-02,0,Medium
E00545,SK019,3.1,Intermediate,2026-01-07,1,Medium
E00545,SK025,3.1,Intermediate,2025-09-06,1,Medium
E00546,SK011,0.5,Beginner,2025-02-03,0,High
E00546,SK016,0.5,Beginner,2025-07-07,0,Medium
E00546,SK022,0.5,Beginner,2024-11-22,0,Low
E00547,SK008,1.8,Beginner,2025-10-13,0,Medium
E00547,SK017,1.0,Beginner,2025-09-11,0,Low
E00547,SK021,0.5,Beginner,2025-03-31,0,Low
E00547,SK034,2.5,Intermediate,2025-01-22,0,High
E00547,SK036,1.5,Beginner,2024-11-24,0,Medium
E00548,SK010,1.0,Beginner,2025-10-29,0,Low
E00548,SK014,1.0,Beginner,2025-03-25,0,Low
E00548,SK015,0.7,Beginner,2025-12-31,0,Low
E00548,SK027,2.2,Intermediate,2025-12-11,1,High
E00548,SK030,1.1,Beginner,2024-12-02,1,Medium
E00549,SK004,1.8,Beginner,2024-11-07,1,Medium
E00549,SK009,1.4,Beginner,2025-10-11,1,Low
E00549,SK013,3.5,Intermediate,2025-03-25,1,Medium
E00549,SK025,0.6,Beginner,2025-11-21,0,Low
E00550,SK005,4.3,Advanced,2024-12-30,1,Medium
E00550,SK008,4.5,Advanced,2025-09-23,1,High
E00550,SK017,2.5,Intermediate,2025-12-29,1,Low
E00550,SK018,4.2,Advanced,2025-04-23,0,High
E00551,SK013,0.9,Beginner,2025-02-15,0,Low
E00551,SK023,0.5,Beginner,2024-11-25,1,Low
E00551,SK033,2.3,Intermediate,2025-09-27,1,Medium
E00552,SK008,1.0,Beginner,2024-11-18,1,Low
E00552,SK011,6.0,Advanced,2025-01-29,1,High
E00552,SK024,4.2,Advanced,2025-07-13,1,Medium
E00553,SK001,8.0,Advanced,2024-12-10,0,Medium
E00553,SK008,6.9,Advanced,2024-10-14,1,Medium
E00553,SK011,7.0,Advanced,2025-09-18,0,Medium
E00553,SK016,3.4,Intermediate,2024-11-11,1,Low
E00553,SK018,7.8,Advanced,2025-01-11,0,Medium
E00553,SK022,9.3,Advanced,2024-11-07,0,High
E00554,SK011,4.0,Advanced,2025-11-07,1,Medium
E00554,SK012,2.6,Intermediate,2025-06-17,1,Medium
E00554,SK017,5.8,Advanced,2024-10-22,1,High
E00554,SK027,3.6,Intermediate,2025-12-29,1,Medium
E00554,SK033,4.8,Advanced,2025-03-09,1,Medium
E00554,SK034,1.9,Beginner,2024-10-26,0,Low
E00554,SK038,1.3,Beginner,2026-01-14,0,Low
E00555,SK002,1.7,Beginner,2024-11-29,1,Low
E00555,SK003,1.5,Beginner,2025-01-24,0,Low
E00555,SK004,5.1,Advanced,2025-05-04,1,Medium
E00555,SK011,7.1,Advanced,2026-03-07,1,Medium
E00555,SK024,3.6,Intermediate,2025-03-13,1,Medium
E00555,SK025,9.8,Advanced,2025-02-16,1,High
E00555,SK031,4.6,Advanced,2026-01-25,1,Medium
E00555,SK038,4.8,Advanced,2025-01-04,1,Low
E00556,SK016,0.5,Beginner,2025-07-23,0,Medium
E00556,SK019,0.5,Beginner,2025-07-01,1,Medium
E00556,SK025,0.5,Beginner,2026-02-28,1,Medium
E00557,SK005,2.1,Intermediate,2024-11-08,0,Low
E00557,SK023,3.9,Intermediate,2026-03-24,1,High
E00557,SK025,5.0,Advanced,2025-05-09,1,High
E00558,SK001,3.9,Intermediate,2025-07-18,0,Low
E00558,SK006,8.6,Advanced,2025-07-12,0,Medium
E00558,SK007,7.2,Advanced,2025-02-27,0,Medium
E00558,SK014,9.0,Advanced,2025-05-31,0,High
E00558,SK017,8.9,Advanced,2025-06-02,0,Medium
E00559,SK002,1.3,Beginner,2025-08-05,1,Low
E00559,SK010,3.2,Intermediate,2025-03-09,1,High
E00559,SK011,3.5,Intermediate,2025-03-26,1,High
E00559,SK033,2.1,Intermediate,2024-12-23,1,Medium
E00559,SK037,3.1,Intermediate,2024-11-19,0,Medium
E00560,SK015,4.6,Advanced,2025-12-05,0,Medium
E00560,SK024,4.9,Advanced,2025-03-22,0,High
E00560,SK028,6.1,Advanced,2026-03-21,0,High
E00560,SK029,1.9,Beginner,2026-02-27,0,Low
E00561,SK001,7.5,Advanced,2025-12-23,1,Medium
E00561,SK011,11.1,Advanced,2025-02-18,1,High
E00561,SK024,9.9,Advanced,2025-12-14,1,Medium
E00561,SK026,1.9,Beginner,2025-10-13,1,Low
E00561,SK027,7.1,Advanced,2025-06-14,0,Medium
E00561,SK032,3.1,Intermediate,2024-10-08,0,Low
E00562,SK001,5.1,Advanced,2026-01-29,0,Medium
E00562,SK011,3.2,Intermediate,2025-07-25,0,Low
E00562,SK013,2.5,Intermediate,2025-02-09,0,Low
E00562,SK018,8.3,Advanced,2025-05-26,0,Medium
E00563,SK013,7.2,Advanced,2024-10-14,1,Medium
E00563,SK016,3.5,Intermediate,2025-12-19,0,Medium
E00563,SK019,7.3,Advanced,2025-01-20,1,Medium
E00563,SK020,8.8,Advanced,2024-11-29,0,High
E00563,SK022,4.9,Advanced,2026-02-02,0,Low
E00563,SK033,2.3,Intermediate,2026-01-17,0,Low
E00564,SK011,7.0,Advanced,2024-11-29,1,Medium
E00564,SK028,3.5,Intermediate,2024-12-09,0,Low
E00564,SK029,3.0,Intermediate,2025-01-10,0,Low
E00564,SK031,3.7,Intermediate,2025-09-01,0,Medium
E00564,SK038,3.0,Intermediate,2024-12-16,0,Low
E00565,SK019,6.7,Advanced,2025-12-10,1,High
E00565,SK020,1.1,Beginner,2025-01-09,1,Low
E00565,SK025,6.9,Advanced,2024-11-16,0,High
E00565,SK026,1.7,Beginner,2024-12-17,0,Low
E00565,SK034,5.2,Advanced,2025-07-13,0,Medium
E00566,SK003,1.2,Beginner,2025-09-16,0,Low
E00566,SK004,1.4,Beginner,2025-01-26,1,Low
E00566,SK011,3.9,Intermediate,2025-11-12,1,Medium
E00566,SK016,4.2,Advanced,2025-02-08,0,Medium
E00566,SK022,1.2,Beginner,2025-11-30,1,Low
E00566,SK029,0.6,Beginner,2025-11-23,1,Low
E00566,SK032,2.6,Intermediate,2024-11-09,1,Medium
E00567,SK019,7.5,Advanced,2025-09-09,1,Medium
E00567,SK024,6.9,Advanced,2026-03-17,1,Medium
E00567,SK037,9.2,Advanced,2025-06-29,0,High
E00568,SK018,1.3,Beginner,2024-12-10,0,Low
E00568,SK022,2.9,Intermediate,2025-09-12,1,High
E00568,SK034,1.4,Beginner,2025-09-10,1,Medium
E00569,SK002,2.4,Intermediate,2024-12-14,0,Low
E00569,SK013,4.5,Advanced,2025-10-22,1,High
E00569,SK014,3.3,Intermediate,2025-06-22,1,Medium
E00569,SK017,2.3,Intermediate,2024-11-05,0,Low
E00569,SK018,2.6,Intermediate,2025-08-01,0,Low
E00570,SK016,3.7,Intermediate,2024-11-08,1,High
E00570,SK018,3.2,Intermediate,2025-02-02,0,Medium
E00570,SK035,2.2,Intermediate,2025-05-21,0,Medium
E00570,SK037,1.8,Beginner,2026-01-23,0,Medium
E00571,SK008,0.8,Beginner,2024-12-14,1,Medium
E00571,SK021,0.8,Beginner,2024-12-07,0,Low
E00571,SK027,0.8,Beginner,2026-01-02,1,Medium
E00572,SK019,1.9,Beginner,2025-07-05,0,Low
E00572,SK024,6.0,Advanced,2025-09-14,0,High
E00572,SK026,4.8,Advanced,2024-11-11,0,Medium
E00573,SK001,1.3,Beginner,2026-02-18,1,Low
E00573,SK002,6.3,Advanced,2024-11-08,1,Medium
E00573,SK013,7.0,Advanced,2026-02-21,0,High
E00573,SK014,3.7,Intermediate,2025-01-14,1,Low
E00573,SK017,1.7,Beginner,2025-12-29,1,Low
E00573,SK038,6.0,Advanced,2025-09-26,1,Medium
E00574,SK022,3.3,Intermediate,2025-12-10,1,Medium
E00574,SK023,1.9,Beginner,2024-10-13,1,Medium
E00574,SK028,3.8,Intermediate,2025-04-05,1,High
E00574,SK036,1.5,Beginner,2025-05-10,0,Low
E00575,SK005,3.4,Intermediate,2026-02-11,1,Low
E00575,SK025,2.3,Intermediate,2024-10-12,0,Low
E00575,SK029,10.0,Advanced,2024-12-16,1,High
E00575,SK033,6.2,Advanced,2025-12-20,0,Medium
E00575,SK035,2.0,Intermediate,2026-01-07,1,Low
E00575,SK036,6.4,Advanced,2025-07-06,1,Medium
E00576,SK001,7.3,Advanced,2026-01-10,1,Medium
E00576,SK005,8.1,Advanced,2025-04-27,1,High
E00576,SK006,1.1,Beginner,2024-12-25,0,Low
E00576,SK007,5.1,Advanced,2025-08-09,0,Medium
E00576,SK009,5.4,Advanced,2024-10-13,1,Medium
E00576,SK010,2.6,Intermediate,2026-03-06,0,Low
E00576,SK013,7.6,Advanced,2025-02-15,1,High
E00576,SK034,5.5,Advanced,2025-06-24,0,Medium
E00577,SK011,0.5,Beginner,2025-02-04,1,Low
E00577,SK019,1.4,Beginner,2026-01-23,1,Low
E00577,SK020,1.8,Beginner,2025-09-02,1,Medium
E00577,SK026,1.5,Beginner,2025-09-26,0,Low
E00578,SK004,2.1,Intermediate,2025-07-03,0,Low
E00578,SK022,8.0,Advanced,2025-02-07,0,High
E00578,SK027,6.0,Advanced,2025-05-22,1,High
E00578,SK028,5.0,Advanced,2025-03-12,1,Medium
E00578,SK030,4.0,Advanced,2025-09-19,0,Medium
E00578,SK033,1.8,Beginner,2025-12-26,0,Low
E00579,SK006,1.5,Beginner,2025-11-13,1,Low
E00579,SK011,4.0,Advanced,2025-03-14,0,High
E00579,SK014,2.4,Intermediate,2026-02-19,1,Medium
E00579,SK017,3.5,Intermediate,2026-01-25,0,High
E00579,SK036,1.7,Beginner,2025-12-20,0,Medium
E00580,SK011,1.2,Beginner,2026-01-30,0,Medium
E00580,SK023,1.1,Beginner,2025-02-15,0,Medium
E00580,SK024,1.2,Beginner,2025-04-10,0,Medium
E00581,SK015,7.0,Advanced,2025-06-16,1,High
E00581,SK020,3.5,Intermediate,2026-03-17,1,Medium
E00581,SK022,5.3,Advanced,2024-12-08,1,High
E00581,SK033,2.5,Intermediate,2025-07-19,1,Medium
E00582,SK013,2.6,Intermediate,2025-06-30,1,High
E00582,SK024,1.4,Beginner,2025-07-15,1,Medium
E00582,SK033,2.5,Intermediate,2025-05-13,1,High
E00583,SK009,2.1,Intermediate,2024-12-16,0,Medium
E00583,SK010,5.0,Advanced,2025-02-02,0,High
E00583,SK015,1.9,Beginner,2026-03-07,0,Medium
E00583,SK037,2.0,Intermediate,2025-09-04,0,Medium
E00584,SK004,2.4,Intermediate,2025-01-01,0,Medium
E00584,SK005,4.1,Advanced,2025-08-20,0,Medium
E00584,SK014,4.2,Advanced,2025-07-02,0,High
E00584,SK018,3.8,Intermediate,2026-01-04,0,Medium
E00584,SK029,1.8,Beginner,2025-07-16,0,Medium
E00585,SK009,3.7,Intermediate,2025-06-16,1,Medium
E00585,SK014,3.5,Intermediate,2025-06-30,0,Medium
E00585,SK019,7.0,Advanced,2024-11-01,1,High
E00585,SK026,2.8,Intermediate,2025-06-27,1,Medium
E00586,SK004,8.6,Advanced,2025-07-17,0,High
E00586,SK005,3.5,Intermediate,2025-10-27,1,Medium
E00586,SK006,2.3,Intermediate,2025-07-12,1,Low
E00586,SK012,3.2,Intermediate,2026-01-25,0,Low
E00586,SK032,1.4,Beginner,2025-12-29,1,Low
E00586,SK035,7.1,Advanced,2025-09-22,1,Medium
E00586,SK037,5.6,Advanced,2025-02-19,0,Medium
E00587,SK001,13.7,Advanced,2025-02-06,1,Medium
E00587,SK002,11.2,Advanced,2025-10-22,1,Medium
E00587,SK009,7.5,Advanced,2024-10-21,1,Medium
E00587,SK010,7.5,Advanced,2025-09-30,1,Medium
E00587,SK033,8.7,Advanced,2025-10-09,1,Medium
E00587,SK034,15.6,Advanced,2025-08-04,0,High
E00587,SK037,6.9,Advanced,2026-02-24,1,Medium
E00588,SK013,2.2,Intermediate,2025-09-22,1,Medium
E00588,SK014,1.6,Beginner,2025-04-06,1,Medium
E00588,SK017,2.4,Intermediate,2026-03-06,1,High
E00588,SK023,1.9,Beginner,2025-11-06,1,Medium
E00588,SK034,2.4,Intermediate,2024-10-16,0,Medium
E00589,SK004,4.0,Advanced,2025-12-23,1,Medium
E00589,SK006,2.2,Intermediate,2025-11-05,0,Low
E00589,SK027,5.8,Advanced,2025-09-28,0,Medium
E00589,SK030,3.4,Intermediate,2025-04-17,1,Medium
E00590,SK002,5.5,Advanced,2025-07-25,0,High
E00590,SK010,6.2,Advanced,2025-04-16,0,High
E00590,SK033,3.4,Intermediate,2025-10-30,0,Medium
E00591,SK015,4.9,Advanced,2025-05-18,1,Medium
E00591,SK019,2.6,Intermediate,2025-04-12,1,Medium
E00591,SK025,4.7,Advanced,2025-06-18,1,High
E00592,SK009,1.4,Beginner,2025-04-20,0,Low
E00592,SK013,7.7,Advanced,2026-02-13,1,Medium
E00592,SK020,4.4,Advanced,2025-02-20,1,Low
E00592,SK021,7.0,Advanced,2024-10-30,1,Medium
E00592,SK023,4.8,Advanced,2024-10-12,1,Medium
E00592,SK036,11.0,Advanced,2024-12-16,1,High
E00593,SK011,4.4,Advanced,2025-12-07,0,Low
E00593,SK013,8.2,Advanced,2025-02-20,0,High
E00593,SK016,3.3,Intermediate,2026-01-03,1,Low
E00593,SK018,5.6,Advanced,2025-08-02,0,Medium
E00593,SK019,6.8,Advanced,2026-03-01,1,Medium
E00594,SK001,1.4,Beginner,2025-08-24,0,Low
E00594,SK013,3.5,Intermediate,2025-04-11,0,Medium
E00594,SK016,2.9,Intermediate,2025-04-11,0,Medium
E00594,SK018,2.2,Intermediate,2025-01-14,0,Low
E00594,SK020,3.9,Intermediate,2025-05-21,0,High
E00594,SK022,5.0,Advanced,2024-12-14,0,High
E00595,SK004,0.9,Beginner,2025-08-10,1,Medium
E00595,SK006,0.5,Beginner,2026-02-08,1,Low
E00595,SK007,1.5,Beginner,2025-12-23,0,High
E00595,SK011,1.4,Beginner,2026-01-07,1,Medium
E00596,SK003,3.9,Intermediate,2025-06-18,0,Medium
E00596,SK011,6.0,Advanced,2025-12-03,0,High
E00596,SK014,3.4,Intermediate,2025-05-25,0,Medium
E00596,SK017,5.5,Advanced,2025-10-06,0,High
E00596,SK027,1.5,Beginner,2024-11-10,0,Low
E00597,SK001,3.4,Intermediate,2024-11-18,1,Medium
E00597,SK024,2.5,Intermediate,2025-05-29,1,Low
E00597,SK025,8.1,Advanced,2025-05-21,0,High
E00597,SK036,3.9,Intermediate,2025-11-14,1,Medium
E00597,SK037,2.6,Intermediate,2026-02-27,1,Low
E00598,SK004,2.5,Intermediate,2026-02-02,0,Low
E00598,SK006,11.0,Advanced,2025-10-16,0,High
E00598,SK007,4.0,Advanced,2026-03-14,0,Medium
E00598,SK009,1.3,Beginner,2025-02-09,0,Low
E00598,SK030,8.6,Advanced,2025-03-03,0,Medium
E00598,SK036,4.3,Advanced,2025-08-30,0,Low
E00599,SK002,0.7,Beginner,2025-04-11,1,Low
E00599,SK005,3.1,Intermediate,2025-11-03,0,High
E00599,SK027,0.6,Beginner,2026-01-02,0,Low
E00599,SK029,3.0,Intermediate,2025-03-07,0,High
E00600,SK001,4.0,Advanced,2024-10-14,1,Medium
E00600,SK002,1.3,Beginner,2026-03-17,0,Low
E00600,SK006,5.0,Advanced,2024-11-13,1,High
E00600,SK010,1.8,Beginner,2025-07-23,1,Low
E00601,SK001,3.1,Intermediate,2025-11-30,1,Low
E00601,SK002,4.6,Advanced,2026-03-07,1,Medium
E00601,SK004,3.8,Intermediate,2025-08-05,0,Medium
E00601,SK027,6.9,Advanced,2025-06-20,0,Medium
E00601,SK028,10.0,Advanced,2024-12-10,1,High
E00601,SK029,4.1,Advanced,2026-03-01,0,Medium
E00601,SK032,7.1,Advanced,2025-10-04,1,Medium
E00602,SK032,1.4,Beginner,2025-03-12,1,Medium
E00603,SK003,2.1,Intermediate,2025-01-25,0,Medium
E00603,SK017,4.1,Advanced,2025-03-08,0,Medium
E00603,SK024,3.9,Intermediate,2026-01-16,0,High
E00603,SK030,2.8,Intermediate,2025-02-27,0,Medium
E00604,SK007,9.4,Advanced,2025-05-22,1,Medium
E00604,SK010,2.5,Intermediate,2025-07-22,1,Low
E00604,SK022,8.6,Advanced,2025-03-17,1,Medium
E00604,SK023,12.0,Advanced,2025-04-22,1,High
E00604,SK029,11.9,Advanced,2025-10-06,1,High
E00605,SK005,9.5,Advanced,2025-06-21,0,Medium
E00605,SK011,7.5,Advanced,2025-09-27,1,Low
E00605,SK014,12.7,Advanced,2024-12-25,1,Medium
E00605,SK016,6.1,Advanced,2024-10-25,1,Medium
E00605,SK017,16.7,Advanced,2026-02-28,1,High
E00605,SK020,16.2,Advanced,2025-01-24,1,High
E00606,SK009,2.3,Intermediate,2025-02-20,0,High
E00606,SK023,2.7,Intermediate,2026-01-08,0,High
E00607,SK011,1.2,Beginner,2025-12-27,0,Medium
E00607,SK017,0.8,Beginner,2026-02-01,0,Low
E00608,SK014,2.4,Intermediate,2025-11-02,0,Medium
E00608,SK027,1.5,Beginner,2025-06-21,1,Low
E00608,SK029,6.0,Advanced,2024-12-16,1,High
E00609,SK012,3.7,Intermediate,2025-12-22,0,Low
E00609,SK020,2.4,Intermediate,2025-09-25,0,Low
E00609,SK024,6.7,Advanced,2026-02-10,1,Medium
E00609,SK025,9.0,Advanced,2025-09-09,1,High
E00610,SK001,5.0,Advanced,2024-11-08,1,Medium
E00610,SK007,4.7,Advanced,2025-07-26,0,High
E00610,SK011,4.4,Advanced,2025-05-30,0,High
E00610,SK028,3.1,Intermediate,2024-12-27,0,Medium
E00611,SK009,2.4,Intermediate,2025-11-14,0,High
E00611,SK017,1.4,Beginner,2026-01-21,1,Medium
E00611,SK018,2.2,Intermediate,2026-03-10,0,Medium
E00612,SK019,2.1,Intermediate,2025-07-08,1,High
E00612,SK020,2.0,Intermediate,2025-04-28,1,Medium
E00612,SK021,1.6,Beginner,2025-03-16,1,Medium
E00612,SK023,1.1,Beginner,2025-02-03,0,Medium
E00612,SK030,2.3,Intermediate,2025-05-01,1,Medium
E00613,SK002,1.1,Beginner,2025-12-10,0,Low
E00613,SK028,2.8,Intermediate,2025-04-29,0,High
E00614,SK003,0.6,Beginner,2025-05-15,0,Medium
E00614,SK017,0.9,Beginner,2024-11-24,0,High
E00614,SK021,0.5,Beginner,2025-06-27,1,Medium
E00615,SK004,3.1,Intermediate,2025-08-17,1,Low
E00615,SK011,5.4,Advanced,2025-12-19,1,Medium
E00615,SK016,7.0,Advanced,2025-08-06,1,High
E00615,SK020,6.4,Advanced,2025-08-03,1,High
E00615,SK022,2.6,Intermediate,2025-11-17,0,Medium
E00615,SK027,3.0,Intermediate,2025-11-17,0,Low
E00616,SK003,3.9,Intermediate,2025-12-04,1,Medium
E00616,SK004,1.5,Beginner,2025-08-13,1,Low
E00616,SK011,4.9,Advanced,2025-01-08,1,High
E00616,SK018,1.3,Beginner,2026-03-24,0,Low
E00616,SK024,2.7,Intermediate,2025-02-23,0,Medium
E00617,SK001,2.4,Intermediate,2025-08-11,0,Medium
E00617,SK002,1.0,Beginner,2025-07-15,0,Low
E00617,SK008,2.4,Intermediate,2024-12-06,0,Medium
E00617,SK011,1.7,Beginner,2025-12-06,0,Medium
E00617,SK013,2.4,Intermediate,2024-12-13,0,Medium
E00617,SK034,3.5,Intermediate,2025-09-19,0,High
E00618,SK001,1.4,Beginner,2024-10-19,0,Low
E00618,SK022,1.1,Beginner,2025-12-28,0,Medium
E00618,SK033,2.4,Intermediate,2026-02-07,0,High
E00618,SK037,1.1,Beginner,2026-02-27,0,Medium
E00619,SK001,8.3,Advanced,2025-05-07,1,High
E00619,SK015,1.5,Beginner,2024-10-10,0,Low
E00619,SK020,6.3,Advanced,2025-10-29,1,Medium
E00619,SK023,0.9,Beginner,2025-04-26,0,Low
E00619,SK029,4.5,Advanced,2025-02-17,0,Low
E00619,SK031,2.1,Intermediate,2026-02-25,0,Low
E00620,SK007,9.4,Advanced,2025-12-14,1,Medium
E00620,SK022,4.3,Advanced,2025-06-02,0,Low
E00620,SK024,9.9,Advanced,2025-10-20,1,High
E00620,SK025,9.1,Advanced,2024-12-25,1,Medium
E00620,SK033,8.2,Advanced,2025-04-11,1,Medium
E00620,SK038,9.3,Advanced,2025-12-13,1,Medium
E00621,SK003,1.2,Beginner,2025-04-24,0,Low
E00621,SK005,3.2,Intermediate,2025-03-26,1,High
E00621,SK007,2.7,Intermediate,2025-11-28,0,Medium
E00621,SK025,3.1,Intermediate,2026-02-09,0,Medium
E00621,SK027,4.0,Advanced,2025-06-06,1,High
E00622,SK005,5.1,Advanced,2025-06-12,0,Medium
E00622,SK018,2.9,Intermediate,2025-09-18,1,Low
E00622,SK019,4.7,Advanced,2024-12-24,1,Medium
E00622,SK022,6.0,Advanced,2026-01-13,1,Medium
E00622,SK024,9.9,Advanced,2026-02-10,1,High
E00622,SK026,3.7,Intermediate,2025-05-27,1,Low
E00623,SK007,0.5,Beginner,2024-11-05,1,High
E00623,SK022,0.5,Beginner,2025-10-01,0,Medium
E00623,SK023,0.5,Beginner,2024-11-08,0,High
E00623,SK029,0.5,Beginner,2026-01-30,0,Medium
E00624,SK007,2.5,Intermediate,2025-02-09,1,High
E00624,SK025,1.2,Beginner,2025-08-15,0,Low
E00624,SK027,1.8,Beginner,2025-08-02,0,Medium
E00625,SK006,0.5,Beginner,2026-02-06,1,Low
E00625,SK015,0.5,Beginner,2025-04-17,1,High
E00625,SK017,0.5,Beginner,2025-11-01,0,Low
E00625,SK018,0.5,Beginner,2025-08-05,0,Medium
E00625,SK022,0.5,Beginner,2025-08-15,0,Medium
E00626,SK002,5.4,Advanced,2026-03-06,1,Medium
E00626,SK004,5.7,Advanced,2025-01-30,1,High
E00626,SK010,3.3,Intermediate,2025-09-20,0,Medium
E00626,SK013,3.0,Intermediate,2025-08-13,1,Medium
E00626,SK024,4.1,Advanced,2024-12-12,1,Medium
E00626,SK026,1.2,Beginner,2025-12-22,0,Low
E00626,SK036,4.8,Advanced,2025-03-26,1,Medium
E00626,SK037,7.6,Advanced,2024-12-24,0,High
E00627,SK005,0.5,Beginner,2025-08-29,0,Low
E00627,SK024,0.8,Beginner,2025-10-21,0,High
E00628,SK004,7.3,Advanced,2025-01-29,1,Medium
E00628,SK006,3.1,Intermediate,2025-01-26,1,Low
E00628,SK012,11.0,Advanced,2025-08-21,1,High
E00628,SK013,8.7,Advanced,2025-04-29,1,Medium
E00628,SK025,6.0,Advanced,2025-09-08,0,Medium
E00628,SK026,1.4,Beginner,2026-02-26,1,Low
E00628,SK036,4.5,Advanced,2025-03-25,1,Low
E00629,SK001,5.0,Advanced,2025-07-23,1,Low
E00629,SK004,4.9,Advanced,2025-01-31,1,Low
E00629,SK017,5.3,Advanced,2025-02-16,1,Medium
E00629,SK028,14.0,Advanced,2025-07-14,1,High
E00629,SK030,1.8,Beginner,2026-02-16,1,Low
E00629,SK036,9.0,Advanced,2025-07-03,0,Medium
E00630,SK011,2.2,Intermediate,2025-01-02,1,Medium
E00630,SK016,2.6,Intermediate,2026-02-07,1,Medium
E00630,SK018,2.8,Intermediate,2024-10-15,0,High
E00630,SK029,1.8,Beginner,2026-02-25,1,Medium
E00630,SK032,2.1,Intermediate,2024-10-30,1,Medium
E00631,SK017,0.5,Beginner,2025-07-18,1,Low
E00631,SK019,1.6,Beginner,2025-08-03,0,Medium
E00631,SK021,1.7,Beginner,2025-04-25,1,Medium
E00631,SK022,2.3,Intermediate,2025-12-18,1,Medium
E00631,SK024,4.0,Advanced,2025-03-14,0,High
E00631,SK026,2.8,Intermediate,2025-02-19,1,Medium
E00632,SK008,4.9,Advanced,2024-12-05,0,Medium
E00632,SK022,8.3,Advanced,2025-08-06,1,High
E00632,SK023,8.3,Advanced,2025-09-06,1,High
E00632,SK026,3.5,Intermediate,2025-05-18,1,Medium
E00632,SK036,1.5,Beginner,2025-01-15,1,Low
E00633,SK004,2.5,Intermediate,2025-11-05,0,Low
E00633,SK005,6.6,Advanced,2025-06-16,0,High
E00633,SK027,3.1,Intermediate,2025-01-09,0,Medium
E00633,SK035,5.5,Advanced,2025-12-11,0,Medium
E00634,SK004,14.2,Advanced,2025-07-27,1,Medium
E00634,SK011,13.3,Advanced,2025-06-05,0,Medium
E00634,SK017,17.0,Advanced,2025-12-28,1,High
E00634,SK027,17.0,Advanced,2024-11-19,1,High
E00634,SK028,7.9,Advanced,2025-08-11,1,Medium
E00634,SK031,7.7,Advanced,2025-05-23,1,Medium
E00634,SK032,6.7,Advanced,2024-10-21,1,Medium
E00635,SK010,1.8,Beginner,2024-11-27,0,High
E00635,SK014,1.0,Beginner,2025-04-16,0,Medium
E00635,SK017,1.0,Beginner,2025-01-10,0,Medium
E00635,SK021,0.9,Beginner,2025-11-12,0,Medium
E00635,SK027,2.0,Intermediate,2024-11-04,0,High
E00636,SK005,8.8,Advanced,2025-04-16,1,Medium
E00636,SK011,17.2,Advanced,2025-06-05,0,High
E00636,SK014,2.0,Intermediate,2025-01-01,0,Low
E00636,SK015,11.8,Advanced,2024-11-08,0,Medium
E00636,SK017,11.0,Advanced,2025-09-05,0,Medium
E00636,SK023,8.7,Advanced,2025-11-20,0,Low
E00636,SK038,11.1,Advanced,2024-11-14,0,Medium
E00637,SK016,2.3,Intermediate,2025-05-08,1,High
E00637,SK018,2.5,Intermediate,2025-06-09,1,High
E00637,SK022,1.5,Beginner,2026-01-07,1,Medium
E00638,SK001,2.0,Intermediate,2025-08-20,0,High
E00638,SK008,1.8,Beginner,2026-03-13,0,High
E00638,SK010,0.5,Beginner,2025-03-17,1,Low
E00638,SK011,1.0,Beginner,2024-11-01,1,Medium
E00639,SK004,0.5,Beginner,2025-10-08,1,Medium
E00639,SK018,0.5,Beginner,2024-12-20,0,Medium
E00639,SK019,0.5,Beginner,2026-03-08,1,High
E00639,SK021,0.5,Beginner,2025-05-14,1,Medium
E00639,SK022,0.5,Beginner,2025-10-31,1,Low
E00639,SK024,0.5,Beginner,2025-06-29,1,Medium
E00640,SK001,1.0,Beginner,2025-04-09,0,Low
E00640,SK005,1.1,Beginner,2025-02-11,0,Medium
E00640,SK018,2.1,Intermediate,2025-02-15,0,Medium
E00640,SK021,2.4,Intermediate,2025-12-28,0,Medium
E00640,SK027,2.8,Intermediate,2026-02-11,0,High
E00641,SK001,3.0,Intermediate,2026-01-22,0,Medium
E00641,SK007,2.8,Intermediate,2025-09-28,1,Medium
E00641,SK015,1.0,Beginner,2024-10-10,0,Low
E00641,SK022,2.9,Intermediate,2024-12-16,1,Medium
E00641,SK028,1.9,Beginner,2025-02-22,1,Low
E00642,SK015,5.1,Advanced,2025-06-24,0,Medium
E00642,SK020,5.8,Advanced,2026-02-27,0,Medium
E00642,SK028,8.9,Advanced,2026-02-27,0,High
E00642,SK029,10.0,Advanced,2024-12-18,0,High
E00643,SK005,3.7,Intermediate,2025-02-11,1,Medium
E00643,SK006,1.3,Beginner,2026-01-31,0,Low
E00643,SK008,7.0,Advanced,2026-03-09,1,High
E00643,SK013,3.0,Intermediate,2024-11-08,1,Low
E00643,SK033,5.0,Advanced,2025-01-02,0,High
E00643,SK034,3.9,Intermediate,2025-03-19,1,Medium
E00644,SK001,0.5,Beginner,2025-10-25,1,Low
E00644,SK010,0.8,Beginner,2025-04-01,1,Medium
E00644,SK026,0.5,Beginner,2025-05-26,1,Medium
E00645,SK007,5.3,Advanced,2026-03-20,1,High
E00645,SK018,3.2,Intermediate,2025-11-21,1,Medium
E00645,SK019,5.5,Advanced,2025-03-30,1,High
E00645,SK023,2.7,Intermediate,2026-01-27,1,Low
E00645,SK026,2.8,Intermediate,2024-12-28,0,Low
E00645,SK034,3.7,Intermediate,2025-04-08,1,Medium
E00646,SK008,0.5,Beginner,2024-10-27,0,Low
E00646,SK021,2.4,Intermediate,2025-03-25,0,Medium
E00646,SK024,2.3,Intermediate,2025-07-21,0,Medium
E00646,SK028,1.1,Beginner,2025-06-30,0,Low
E00647,SK005,2.7,Intermediate,2025-05-08,1,High
E00647,SK027,1.0,Beginner,2025-05-29,0,Low
E00647,SK028,2.5,Intermediate,2025-05-26,0,Medium
E00647,SK029,1.8,Beginner,2025-03-21,0,Medium
E00647,SK038,2.5,Intermediate,2025-10-10,0,Medium
E00648,SK001,7.2,Advanced,2026-03-08,1,Medium
E00648,SK013,7.6,Advanced,2025-01-19,1,Medium
E00648,SK019,8.1,Advanced,2025-12-18,0,Medium
E00648,SK028,8.2,Advanced,2026-02-26,1,Medium
E00648,SK029,9.7,Advanced,2025-03-20,1,High
E00648,SK033,7.3,Advanced,2025-01-03,1,Medium
E00649,SK019,10.0,Advanced,2025-08-01,1,Medium
E00649,SK020,6.8,Advanced,2026-01-16,1,Low
E00649,SK022,6.6,Advanced,2025-07-07,1,Medium
E00649,SK024,7.5,Advanced,2025-10-14,0,Medium
E00649,SK025,6.5,Advanced,2026-02-13,1,Low
E00649,SK026,4.8,Advanced,2026-02-11,0,Low
E00650,SK008,4.9,Advanced,2024-11-26,0,High
E00650,SK022,2.9,Intermediate,2026-03-01,0,Medium
E00650,SK025,0.7,Beginner,2024-11-19,0,Low
E00650,SK026,5.9,Advanced,2026-03-05,1,High
E00650,SK031,2.8,Intermediate,2025-05-22,0,Medium
E00651,SK004,1.8,Beginner,2024-10-26,1,Medium
E00651,SK006,2.8,Intermediate,2025-11-27,1,Medium
E00651,SK020,1.8,Beginner,2025-05-11,0,Low
E00651,SK024,4.0,Advanced,2025-12-26,0,High
E00651,SK028,1.4,Beginner,2024-10-19,0,Low
E00652,SK004,0.5,Beginner,2025-05-11,0,High
E00652,SK028,0.5,Beginner,2025-04-08,0,Medium
E00653,SK023,3.2,Intermediate,2025-03-21,1,Low
E00653,SK024,6.5,Advanced,2025-03-08,0,High
E00653,SK026,5.7,Advanced,2024-10-19,1,High
E00653,SK029,1.8,Beginner,2025-06-10,1,Low
E00653,SK031,1.6,Beginner,2025-06-07,0,Low
E00653,SK036,3.1,Intermediate,2025-01-21,1,Low
E00653,SK038,4.5,Advanced,2026-03-14,0,Medium
E00654,SK002,2.8,Intermediate,2025-03-28,0,Low
E00654,SK004,1.0,Beginner,2025-12-31,0,Low
E00654,SK020,7.0,Advanced,2025-09-30,1,High
E00654,SK036,7.0,Advanced,2025-01-25,1,High
E00655,SK002,7.2,Advanced,2025-06-21,1,Medium
E00655,SK008,8.5,Advanced,2025-04-17,0,High
E00655,SK010,11.1,Advanced,2025-10-17,1,High
E00655,SK033,3.4,Intermediate,2024-10-15,1,Low
E00656,SK016,1.0,Beginner,2024-12-01,0,High
E00656,SK019,0.5,Beginner,2025-11-30,0,Medium
E00656,SK023,0.5,Beginner,2025-03-30,1,Low
E00656,SK024,0.9,Beginner,2026-03-10,1,High
E00656,SK025,0.5,Beginner,2025-11-25,0,Low
E00657,SK001,1.5,Beginner,2025-05-04,1,Medium
E00657,SK010,2.5,Intermediate,2026-01-15,0,High
E00657,SK024,2.4,Intermediate,2025-11-13,1,High
E00658,SK002,2.5,Intermediate,2025-04-10,1,Medium
E00658,SK019,5.3,Advanced,2025-05-11,1,Medium
E00658,SK022,3.1,Intermediate,2026-02-17,1,Low
E00658,SK024,6.8,Advanced,2025-07-13,1,High
E00658,SK030,2.1,Intermediate,2025-10-02,1,Low
E00659,SK001,2.7,Intermediate,2024-11-08,0,High
E00659,SK004,2.4,Intermediate,2026-01-17,0,Medium
E00659,SK013,0.5,Beginner,2025-02-01,1,Low
E00659,SK024,1.3,Beginner,2025-07-20,0,Low
E00659,SK028,0.5,Beginner,2025-06-16,1,Low
E00659,SK034,1.4,Beginner,2025-07-05,1,Low
E00660,SK008,0.5,Beginner,2025-02-23,1,Medium
E00660,SK024,0.5,Beginner,2025-08-02,0,Low
E00660,SK028,0.5,Beginner,2025-01-06,1,High
E00661,SK003,7.2,Advanced,2025-06-26,1,Medium
E00661,SK014,6.2,Advanced,2025-08-18,1,Medium
E00661,SK021,5.4,Advanced,2025-11-30,1,Low
E00661,SK022,5.7,Advanced,2025-08-30,0,Medium
E00661,SK023,6.3,Advanced,2025-06-13,1,Medium
E00661,SK026,5.9,Advanced,2025-08-16,1,Medium
E00661,SK038,11.0,Advanced,2026-01-14,1,High
E00662,SK011,2.5,Intermediate,2025-11-08,0,Medium
E00662,SK015,1.5,Beginner,2025-10-05,1,Medium
E00662,SK024,4.0,Advanced,2026-01-27,0,High
E00662,SK027,1.8,Beginner,2025-03-22,1,Low
E00663,SK001,0.5,Beginner,2025-10-20,0,High
E00663,SK007,0.5,Beginner,2026-02-28,1,High
E00663,SK021,0.5,Beginner,2026-01-24,1,Medium
E00663,SK029,0.5,Beginner,2025-12-09,1,Low
E00664,SK002,2.1,Intermediate,2025-12-11,0,Low
E00664,SK017,4.7,Advanced,2025-06-16,1,Medium
E00664,SK023,4.3,Advanced,2025-08-27,1,Low
E00664,SK027,4.4,Advanced,2025-11-30,1,Medium
E00664,SK034,7.7,Advanced,2026-01-13,0,Medium
E00665,SK023,5.2,Advanced,2025-08-24,0,Medium
E00665,SK025,4.5,Advanced,2025-07-20,0,Low
E00665,SK026,7.8,Advanced,2025-07-19,0,High
E00665,SK028,5.6,Advanced,2024-10-25,0,Medium
E00665,SK032,6.4,Advanced,2025-01-23,1,High
E00666,SK002,1.6,Beginner,2025-11-07,1,Low
E00666,SK003,6.0,Advanced,2025-05-20,1,Medium
E00666,SK012,2.0,Intermediate,2025-05-19,0,Low
E00666,SK015,10.9,Advanced,2024-12-03,1,Medium
E00666,SK020,15.0,Advanced,2025-04-01,1,High
E00666,SK023,2.8,Intermediate,2024-11-28,1,Low
E00666,SK024,8.3,Advanced,2025-02-04,1,Medium
E00666,SK027,12.7,Advanced,2025-06-22,0,Medium
E00666,SK034,2.6,Intermediate,2026-01-27,0,Low
E00667,SK007,2.9,Intermediate,2025-04-17,0,Medium
E00667,SK009,4.3,Advanced,2025-05-25,0,Medium
E00667,SK013,4.6,Advanced,2025-12-03,0,High
E00667,SK037,2.6,Intermediate,2025-06-19,0,Medium
E00668,SK001,0.5,Beginner,2025-10-16,0,Low
E00668,SK011,0.5,Beginner,2025-09-26,0,Medium
E00668,SK018,0.5,Beginner,2025-08-23,1,Low
E00668,SK023,0.5,Beginner,2025-07-15,1,Low
E00669,SK019,5.0,Advanced,2025-06-09,1,High
E00669,SK022,5.0,Advanced,2025-02-13,1,High
E00669,SK024,2.9,Intermediate,2025-11-13,1,Medium
E00669,SK027,3.5,Intermediate,2025-05-28,0,Medium
E00669,SK029,3.0,Intermediate,2026-03-09,1,Medium
E00670,SK005,7.9,Advanced,2024-11-07,1,Medium
E00670,SK006,6.5,Advanced,2025-03-01,0,Medium
E00670,SK007,4.9,Advanced,2025-05-28,0,Medium
E00670,SK009,6.9,Advanced,2024-12-04,1,Medium
E00670,SK024,7.5,Advanced,2025-10-13,1,Medium
E00670,SK036,7.4,Advanced,2025-09-07,1,High
E00671,SK021,2.1,Intermediate,2025-07-29,1,Low
E00671,SK022,1.0,Beginner,2024-12-27,1,Low
E00671,SK025,2.7,Intermediate,2025-06-03,1,Medium
E00671,SK026,5.9,Advanced,2026-03-13,1,High
E00671,SK032,5.0,Advanced,2024-10-22,1,Medium
E00672,SK018,1.9,Beginner,2026-01-07,1,High
E00672,SK021,0.5,Beginner,2025-08-28,1,Low
E00672,SK022,1.6,Beginner,2026-02-24,0,High
E00672,SK033,1.2,Beginner,2025-01-03,1,Medium
E00673,SK002,5.0,Advanced,2025-12-24,1,Medium
E00673,SK011,1.5,Beginner,2025-09-02,0,Low
E00673,SK015,2.6,Intermediate,2026-01-26,0,Medium
E00673,SK035,1.5,Beginner,2026-02-18,1,Low
E00673,SK036,0.7,Beginner,2025-04-30,0,Low
E00674,SK013,0.5,Beginner,2025-08-16,0,Medium
E00674,SK017,0.5,Beginner,2024-11-30,0,Low
E00674,SK018,0.5,Beginner,2025-08-17,0,Medium
E00674,SK023,0.5,Beginner,2025-09-18,0,High
E00675,SK001,6.9,Advanced,2025-12-29,0,High
E00675,SK004,6.9,Advanced,2024-10-10,1,Medium
E00675,SK013,4.3,Advanced,2025-10-30,0,Low
E00675,SK016,4.5,Advanced,2025-03-08,0,Medium
E00675,SK028,6.1,Advanced,2025-12-22,0,Medium
E00675,SK033,7.4,Advanced,2025-11-12,0,High
E00676,SK003,4.6,Advanced,2025-10-17,1,Medium
E00676,SK005,2.2,Intermediate,2024-12-06,1,Low
E00676,SK007,2.7,Intermediate,2025-09-13,0,Low
E00676,SK011,1.6,Beginner,2024-10-18,1,Low
E00676,SK034,2.7,Intermediate,2025-06-26,1,Medium
E00677,SK006,6.4,Advanced,2025-06-12,1,Medium
E00677,SK007,2.8,Intermediate,2024-12-16,1,Low
E00677,SK008,11.5,Advanced,2025-08-24,1,High
E00677,SK010,8.4,Advanced,2026-02-26,1,Medium
E00677,SK028,7.9,Advanced,2025-12-06,1,Medium
E00677,SK031,2.3,Intermediate,2025-03-22,0,Low
E00677,SK034,10.6,Advanced,2025-03-24,1,Medium
E00678,SK018,7.1,Advanced,2026-01-08,1,Medium
E00678,SK024,16.0,Advanced,2025-06-08,0,High
E00678,SK037,8.5,Advanced,2026-03-17,0,Medium
E00679,SK001,6.0,Advanced,2026-02-26,0,High
E00679,SK008,2.3,Intermediate,2025-01-27,1,Low
E00679,SK011,6.0,Advanced,2025-03-10,1,High
E00679,SK020,2.3,Intermediate,2025-11-24,0,Medium
E00680,SK011,1.9,Beginner,2025-04-22,1,Low
E00680,SK021,2.0,Intermediate,2026-01-20,0,Low
E00680,SK023,6.0,Advanced,2024-12-22,1,High
E00681,SK006,6.4,Advanced,2025-09-28,1,High
E00681,SK013,3.3,Intermediate,2025-09-12,0,Low
E00681,SK020,3.7,Intermediate,2025-03-21,0,Low
E00681,SK031,2.0,Intermediate,2025-04-06,1,Low
E00681,SK033,1.8,Beginner,2024-10-19,0,Low
E00681,SK034,7.3,Advanced,2025-10-01,1,Medium
E00682,SK005,0.8,Beginner,2026-03-04,1,Medium
E00682,SK013,1.0,Beginner,2025-08-04,1,High
E00682,SK033,0.5,Beginner,2025-01-23,1,Medium
E00683,SK005,1.4,Beginner,2024-12-13,1,Medium
E00683,SK010,2.0,Intermediate,2025-04-26,1,High
E00683,SK024,1.8,Beginner,2025-08-09,1,High
E00684,SK006,1.5,Beginner,2026-01-13,1,Medium
E00684,SK015,0.9,Beginner,2025-02-21,1,Low
E00684,SK024,3.4,Intermediate,2025-06-22,1,High
E00685,SK009,2.6,Intermediate,2025-08-13,1,Low
E00685,SK010,4.9,Advanced,2025-07-27,1,Medium
E00685,SK024,6.1,Advanced,2025-01-18,0,Medium
E00685,SK028,5.6,Advanced,2024-12-28,0,Medium
E00685,SK031,6.8,Advanced,2025-02-01,1,Medium
E00685,SK037,5.4,Advanced,2025-03-14,0,Medium
E00686,SK001,0.5,Beginner,2025-07-30,0,High
E00686,SK003,0.5,Beginner,2024-10-11,0,Low
E00686,SK008,0.5,Beginner,2025-09-28,0,Low
E00686,SK014,0.5,Beginner,2025-05-22,0,Medium
E00687,SK017,1.3,Beginner,2025-02-23,0,Medium
E00687,SK018,3.0,Intermediate,2025-06-13,0,High
E00687,SK023,2.8,Intermediate,2025-03-12,0,High
E00688,SK005,2.8,Intermediate,2025-11-01,1,High
E00688,SK010,2.3,Intermediate,2026-03-22,0,High
E00688,SK017,0.7,Beginner,2025-06-23,1,Low
E00689,SK004,1.1,Beginner,2025-07-13,0,Low
E00689,SK006,2.6,Intermediate,2025-05-05,0,Low
E00689,SK008,5.8,Advanced,2025-08-20,0,Medium
E00689,SK009,6.8,Advanced,2025-09-24,0,Medium
E00689,SK010,6.7,Advanced,2025-09-07,0,Medium
E00689,SK037,9.9,Advanced,2025-08-10,0,High
E00690,SK008,4.2,Advanced,2024-12-22,1,Medium
E00690,SK024,1.9,Beginner,2026-03-16,1,Medium
E00690,SK036,2.4,Intermediate,2025-02-25,0,Low
E00690,SK038,4.1,Advanced,2025-04-28,1,Medium
E00691,SK001,1.6,Beginner,2025-04-04,1,Low
E00691,SK021,3.0,Intermediate,2025-06-08,1,Medium
E00691,SK022,2.2,Intermediate,2025-10-29,1,Medium
E00691,SK025,3.7,Intermediate,2025-02-20,0,High
E00692,SK001,3.9,Intermediate,2025-08-28,0,Medium
E00692,SK002,4.3,Advanced,2025-12-06,1,High
E00692,SK021,2.4,Intermediate,2025-12-10,1,Medium
E00692,SK025,1.1,Beginner,2025-06-25,1,Low
E00692,SK032,6.0,Advanced,2024-11-30,1,High
E00693,SK002,9.3,Advanced,2025-10-10,0,High
E00693,SK018,8.2,Advanced,2025-07-07,0,Medium
E00693,SK020,8.2,Advanced,2025-09-05,0,Medium
E00693,SK024,7.6,Advanced,2024-12-18,0,High
E00693,SK028,2.7,Intermediate,2025-08-03,0,Low
E00694,SK001,6.4,Advanced,2026-01-27,1,High
E00694,SK002,3.9,Intermediate,2025-12-09,0,Low
E00694,SK007,6.6,Advanced,2025-12-25,1,Medium
E00694,SK010,4.7,Advanced,2025-04-10,0,Medium
E00694,SK037,6.2,Advanced,2025-06-26,0,Medium
E00695,SK005,2.0,Intermediate,2026-03-09,0,Low
E00695,SK011,1.5,Beginner,2026-01-28,0,Low
E00695,SK015,1.2,Beginner,2025-06-14,0,Low
E00695,SK017,4.6,Advanced,2025-06-20,0,High
E00695,SK024,2.5,Intermediate,2025-06-29,0,Medium
E00695,SK027,4.8,Advanced,2024-11-07,0,Medium
E00696,SK004,12.8,Advanced,2025-04-23,0,High
E00696,SK018,17.0,Advanced,2024-11-09,0,High
E00696,SK037,12.7,Advanced,2025-03-17,0,Medium
E00696,SK038,9.1,Advanced,2026-01-13,0,Medium
E00697,SK002,6.0,Advanced,2026-02-07,0,High
E00697,SK004,2.3,Intermediate,2024-12-24,1,Medium
E00697,SK011,2.6,Intermediate,2024-11-05,1,Medium
E00697,SK016,2.8,Intermediate,2025-07-24,0,Low
E00697,SK035,4.3,Advanced,2026-02-16,1,Medium
E00698,SK001,4.6,Advanced,2025-06-02,0,Low
E00698,SK004,7.9,Advanced,2026-01-01,1,High
E00698,SK006,4.4,Advanced,2024-12-19,1,Medium
E00698,SK008,5.6,Advanced,2024-12-21,0,Medium
E00698,SK013,5.6,Advanced,2026-02-19,1,Medium
E00698,SK019,8.3,Advanced,2025-11-04,0,Medium
E00698,SK028,7.8,Advanced,2025-12-28,1,High
E00699,SK004,5.0,Advanced,2025-02-07,0,High
E00699,SK005,2.0,Intermediate,2026-01-07,0,Low
E00699,SK006,3.5,Intermediate,2025-03-29,0,Medium
E00699,SK009,0.6,Beginner,2025-10-12,0,Low
E00699,SK011,4.4,Advanced,2024-12-18,0,High
E00699,SK024,0.8,Beginner,2025-07-23,0,Low
E00700,SK001,5.2,Advanced,2025-05-19,1,Medium
E00700,SK004,6.4,Advanced,2026-01-28,1,Medium
E00700,SK007,1.5,Beginner,2024-12-24,1,Low
E00700,SK011,5.8,Advanced,2026-01-06,1,Medium
E00700,SK013,1.8,Beginner,2026-03-10,1,Low
E00701,SK008,5.0,Advanced,2025-07-15,0,High
E00701,SK011,4.0,Advanced,2024-10-13,0,High
E00701,SK012,2.9,Intermediate,2026-03-24,0,Medium
E00701,SK013,3.8,Intermediate,2025-01-29,0,Medium
E00701,SK018,3.8,Intermediate,2025-10-15,0,Medium
E00702,SK001,2.4,Intermediate,2025-01-05,1,Medium
E00702,SK005,2.2,Intermediate,2026-02-23,1,High
E00702,SK032,0.5,Beginner,2025-07-28,0,Low
E00702,SK033,1.4,Beginner,2025-06-18,0,Low
E00703,SK001,2.9,Intermediate,2026-01-31,0,Medium
E00703,SK004,4.6,Advanced,2026-02-19,0,High
E00703,SK034,5.6,Advanced,2025-03-04,0,High
E00704,SK013,0.6,Beginner,2025-03-14,0,Medium
E00704,SK017,0.5,Beginner,2025-09-04,0,Medium
E00704,SK024,0.7,Beginner,2025-06-01,0,Medium
E00704,SK025,0.8,Beginner,2024-11-17,0,High
E00704,SK038,0.7,Beginner,2026-01-18,0,Medium
E00705,SK009,4.4,Advanced,2024-11-17,1,Low
E00705,SK010,3.1,Intermediate,2026-01-09,1,Low
E00705,SK017,18.0,Advanced,2026-03-10,1,High
E00705,SK027,16.2,Advanced,2025-04-05,1,High
E00705,SK029,7.8,Advanced,2024-12-09,1,Low
E00705,SK031,11.5,Advanced,2025-01-26,1,Medium
E00705,SK038,8.4,Advanced,2025-10-29,1,Low
E00706,SK007,0.9,Beginner,2025-07-12,1,High
E00706,SK008,0.5,Beginner,2025-01-30,1,Medium
E00706,SK027,0.5,Beginner,2026-02-24,0,Low
E00706,SK033,0.8,Beginner,2026-03-11,0,Medium
E00706,SK036,1.0,Beginner,2024-11-25,1,High
E00707,SK002,5.0,Advanced,2026-02-16,0,High
E00707,SK007,4.1,Advanced,2024-11-16,1,Medium
E00707,SK016,3.4,Intermediate,2026-03-03,0,Medium
E00707,SK024,4.1,Advanced,2025-07-01,1,Medium
E00708,SK007,1.6,Beginner,2025-07-23,0,Low
E00708,SK024,0.7,Beginner,2025-02-24,0,Low
E00708,SK029,2.2,Intermediate,2026-03-17,0,Medium
E00709,SK002,0.5,Beginner,2024-10-30,0,Low
E00709,SK007,1.9,Beginner,2025-08-18,0,Low
E00709,SK011,4.0,Advanced,2025-08-17,0,High
E00709,SK017,2.3,Intermediate,2025-06-12,0,Medium
E00709,SK029,3.9,Intermediate,2025-09-17,0,Medium
E00709,SK032,4.2,Advanced,2025-05-08,0,Medium
E00710,SK005,5.7,Advanced,2025-05-01,0,Medium
E00710,SK010,1.3,Beginner,2025-01-30,0,Low
E00710,SK016,3.3,Intermediate,2025-05-22,0,Medium
E00710,SK017,7.6,Advanced,2026-01-07,0,Medium
E00710,SK020,4.2,Advanced,2025-06-22,0,Low
E00710,SK029,8.4,Advanced,2025-06-08,0,High
E00710,SK034,4.0,Advanced,2025-05-19,0,Medium
E00711,SK005,13.5,Advanced,2025-09-23,1,High
E00711,SK020,7.4,Advanced,2025-10-03,0,Medium
E00711,SK021,11.6,Advanced,2024-11-07,0,Medium
E00711,SK027,10.7,Advanced,2026-03-11,1,Medium
E00711,SK038,6.6,Advanced,2025-07-05,1,Medium
E00712,SK020,0.5,Beginner,2025-02-09,0,Low
E00712,SK022,0.5,Beginner,2026-03-01,0,High
E00713,SK002,0.5,Beginner,2026-01-03,0,Low
E00713,SK007,0.5,Beginner,2024-12-15,0,Low
E00713,SK012,0.5,Beginner,2026-02-14,0,Medium
E00713,SK018,0.5,Beginner,2025-11-21,0,Medium
E00713,SK019,0.5,Beginner,2025-06-15,0,High
E00713,SK026,0.5,Beginner,2025-12-18,0,Medium
E00714,SK002,1.6,Beginner,2024-11-13,1,High
E00714,SK018,0.9,Beginner,2025-11-29,1,Medium
E00714,SK023,1.2,Beginner,2025-02-11,1,Medium
E00714,SK028,0.8,Beginner,2025-04-17,1,Low
E00715,SK001,1.5,Beginner,2025-08-15,0,Low
E00715,SK006,2.8,Intermediate,2026-01-06,0,Medium
E00715,SK010,1.9,Beginner,2025-07-27,0,Medium
E00715,SK013,0.6,Beginner,2024-12-26,0,Low
E00715,SK024,4.0,Advanced,2025-06-21,0,High
E00716,SK004,1.3,Beginner,2024-12-16,0,Low
E00716,SK005,4.6,Advanced,2025-03-07,0,Low
E00716,SK013,1.9,Beginner,2025-09-12,0,Low
E00716,SK024,11.6,Advanced,2026-02-25,1,High
E00716,SK025,5.4,Advanced,2025-09-22,1,Medium
E00716,SK028,3.4,Intermediate,2024-11-26,1,Low
E00717,SK011,3.8,Intermediate,2026-02-07,0,Medium
E00717,SK017,1.6,Beginner,2024-10-22,0,Low
E00717,SK024,1.8,Beginner,2025-01-11,0,Medium
E00717,SK025,5.0,Advanced,2025-10-04,0,High
E00718,SK006,1.8,Beginner,2025-11-25,0,Low
E00718,SK022,1.8,Beginner,2025-06-21,0,Low
E00718,SK026,4.0,Advanced,2026-01-31,0,High
E00718,SK028,3.3,Intermediate,2026-02-01,0,High
E00718,SK029,2.4,Intermediate,2026-02-25,0,Medium
E00719,SK001,1.4,Beginner,2025-02-17,0,Medium
E00719,SK013,2.3,Intermediate,2024-12-14,0,High
E00719,SK016,0.9,Beginner,2025-03-11,0,Low
E00719,SK020,1.1,Beginner,2025-09-29,0,Medium
E00721,SK005,1.7,Beginner,2026-03-17,1,Low
E00721,SK017,4.3,Advanced,2024-12-23,1,Medium
E00721,SK036,3.9,Intermediate,2025-01-12,1,Medium
E00722,SK002,0.9,Beginner,2026-02-14,1,Low
E00722,SK003,1.4,Beginner,2025-03-16,1,Medium
E00722,SK017,2.8,Intermediate,2026-02-06,0,High
E00722,SK030,0.5,Beginner,2025-03-29,1,Low
E00723,SK002,2.5,Intermediate,2024-10-21,0,Low
E00723,SK010,5.9,Advanced,2025-09-25,0,High
E00723,SK019,8.0,Advanced,2025-01-14,0,High
E00723,SK024,3.6,Intermediate,2025-03-28,0,Medium
E00723,SK033,2.2,Intermediate,2025-10-07,0,Low
E00724,SK002,4.3,Advanced,2025-07-29,1,Low
E00724,SK010,8.0,Advanced,2025-01-27,0,Medium
E00724,SK011,5.5,Advanced,2026-01-22,0,Low
E00724,SK018,6.1,Advanced,2025-10-15,0,Medium
E00724,SK027,2.6,Intermediate,2025-04-02,0,Low
E00725,SK005,2.8,Intermediate,2026-03-23,0,High
E00725,SK018,3.0,Intermediate,2025-12-07,1,Medium
E00725,SK022,2.2,Intermediate,2025-10-01,1,Medium
E00725,SK023,1.7,Beginner,2025-01-21,0,Low
E00726,SK001,5.4,Advanced,2025-02-27,0,Medium
E00726,SK010,3.2,Intermediate,2025-12-08,0,Medium
E00726,SK014,3.6,Intermediate,2025-07-06,0,Medium
E00726,SK017,6.5,Advanced,2025-07-03,1,High
E00726,SK020,7.0,Advanced,2026-03-12,0,High
E00727,SK004,2.5,Intermediate,2025-07-23,0,Low
E00727,SK023,8.9,Advanced,2024-10-20,1,Medium
E00727,SK024,7.1,Advanced,2025-06-20,1,Medium
E00727,SK035,5.0,Advanced,2025-04-03,1,Medium
E00728,SK011,5.0,Advanced,2025-05-03,1,High
E00728,SK022,2.4,Intermediate,2025-12-10,0,Low
E00728,SK023,0.6,Beginner,2025-02-22,0,Low
E00728,SK024,1.4,Beginner,2025-08-17,0,Low
E00728,SK025,3.3,Intermediate,2025-01-07,0,Medium
E00728,SK031,2.0,Intermediate,2026-02-25,0,Medium
E00729,SK001,2.0,Intermediate,2025-02-13,1,Medium
E00729,SK011,2.7,Intermediate,2025-04-22,0,High
E00729,SK013,2.1,Intermediate,2025-08-20,0,Medium
E00729,SK023,0.5,Beginner,2025-05-19,1,Low
E00729,SK025,2.0,Intermediate,2025-07-01,1,Medium
E00730,SK003,0.5,Beginner,2025-07-21,0,Medium
E00730,SK037,0.5,Beginner,2025-02-12,1,Medium
E00731,SK001,10.5,Advanced,2024-10-30,1,Medium
E00731,SK007,11.9,Advanced,2025-05-12,0,Medium
E00731,SK018,6.5,Advanced,2024-10-30,1,Medium
E00731,SK036,3.7,Intermediate,2026-03-16,0,Low
E00732,SK019,3.3,Intermediate,2025-12-07,0,Medium
E00732,SK022,4.4,Advanced,2026-02-20,0,High
E00732,SK023,4.7,Advanced,2026-02-04,0,High
E00732,SK024,2.9,Intermediate,2025-04-23,0,Medium
E00732,SK025,0.7,Beginner,2025-11-23,0,Low
E00732,SK031,5.0,Advanced,2025-04-13,0,Medium
E00732,SK033,1.3,Beginner,2025-10-30,0,Low
E00732,SK036,4.2,Advanced,2025-02-10,0,Medium
E00733,SK004,0.5,Beginner,2026-02-03,0,Low
E00733,SK013,3.0,Intermediate,2025-04-16,0,Medium
E00733,SK022,3.0,Intermediate,2025-06-01,1,High
E00733,SK025,4.0,Advanced,2024-11-13,1,High
E00734,SK015,0.9,Beginner,2025-06-28,0,Low
E00734,SK022,1.2,Beginner,2026-01-16,0,Medium
E00734,SK024,0.9,Beginner,2025-03-11,0,Medium
E00734,SK035,1.5,Beginner,2025-02-09,0,Medium
E00735,SK015,4.2,Advanced,2025-12-13,0,Medium
E00735,SK017,8.1,Advanced,2025-01-27,1,Medium
E00735,SK020,5.0,Advanced,2025-11-25,1,Low
E00735,SK021,11.0,Advanced,2025-10-15,1,High
E00735,SK024,5.9,Advanced,2025-01-08,1,Medium
E00735,SK026,2.6,Intermediate,2025-02-18,1,Low
E00735,SK036,5.9,Advanced,2026-03-19,1,Medium
E00735,SK037,6.4,Advanced,2025-12-16,1,Medium
E00736,SK005,5.3,Advanced,2025-02-22,1,Medium
E00736,SK011,3.1,Intermediate,2024-10-19,1,Low
E00736,SK024,7.0,Advanced,2024-10-08,1,High
E00736,SK027,5.3,Advanced,2025-08-24,0,Medium
E00736,SK029,5.6,Advanced,2025-09-05,0,Medium
E00737,SK002,0.5,Beginner,2025-10-07,1,High
E00737,SK007,0.5,Beginner,2025-08-13,1,Low
E00737,SK010,0.5,Beginner,2024-11-06,1,Medium
E00737,SK013,0.5,Beginner,2025-04-08,0,Medium
E00737,SK017,0.5,Beginner,2026-02-10,1,Low
E00737,SK024,0.5,Beginner,2025-10-01,1,Low
E00738,SK019,2.7,Intermediate,2025-06-18,0,Medium
E00738,SK023,1.2,Beginner,2025-10-22,0,Low
E00738,SK026,5.4,Advanced,2025-12-24,0,High
E00739,SK011,1.2,Beginner,2025-09-04,1,Low
E00739,SK016,1.6,Beginner,2026-02-15,1,Low
E00739,SK017,4.0,Advanced,2024-10-24,1,High
E00739,SK021,3.2,Intermediate,2025-04-23,1,Medium
E00739,SK027,3.6,Intermediate,2025-10-14,0,High
E00739,SK035,2.9,Intermediate,2025-01-06,1,Medium
E00740,SK007,1.0,Beginner,2025-08-07,1,Low
E00740,SK009,2.1,Intermediate,2025-05-17,1,Medium
E00740,SK036,4.0,Advanced,2024-12-07,0,High
E00741,SK005,9.0,Advanced,2025-10-30,1,Low
E00741,SK012,8.9,Advanced,2025-01-26,0,Medium
E00741,SK022,5.1,Advanced,2025-04-26,1,Low
E00741,SK023,6.0,Advanced,2025-09-15,1,Low
E00741,SK025,11.0,Advanced,2026-01-11,1,Medium
E00741,SK026,16.8,Advanced,2025-07-09,1,High
E00741,SK029,4.9,Advanced,2024-10-10,1,Low
E00741,SK034,5.9,Advanced,2025-10-01,0,Low
E00742,SK008,0.5,Beginner,2025-04-13,1,High
E00742,SK011,0.5,Beginner,2025-01-17,1,High
E00742,SK024,0.5,Beginner,2025-01-14,1,Medium
E00742,SK029,0.5,Beginner,2026-01-15,1,Medium
E00742,SK030,0.5,Beginner,2025-09-20,0,Medium
E00742,SK034,0.5,Beginner,2026-03-12,1,Medium
E00743,SK004,2.5,Intermediate,2025-04-02,0,Medium
E00743,SK024,3.5,Intermediate,2024-11-04,1,Medium
E00743,SK025,6.8,Advanced,2024-11-22,1,High
E00743,SK036,7.0,Advanced,2024-11-21,1,High
E00744,SK030,0.5,Beginner,2026-01-21,1,Low
E00744,SK036,0.5,Beginner,2025-09-29,1,Medium
E00745,SK004,4.0,Advanced,2026-03-16,1,Medium
E00745,SK011,4.3,Advanced,2026-02-25,1,Medium
E00745,SK017,4.1,Advanced,2025-09-10,1,Medium
E00745,SK021,1.6,Beginner,2024-12-14,0,Low
E00745,SK027,5.4,Advanced,2026-02-23,1,High
E00746,SK010,5.1,Advanced,2025-09-26,1,Medium
E00746,SK012,2.9,Intermediate,2026-03-04,1,Low
E00746,SK014,2.8,Intermediate,2025-01-08,1,Medium
E00746,SK022,7.0,Advanced,2025-09-03,1,High
E00747,SK002,3.0,Intermediate,2025-05-15,1,Medium
E00747,SK003,2.9,Intermediate,2026-03-02,1,Low
E00747,SK006,4.8,Advanced,2024-10-30,1,High
E00747,SK009,5.5,Advanced,2025-08-18,1,High
E00747,SK010,2.3,Intermediate,2024-11-07,1,Medium
E00747,SK020,4.7,Advanced,2025-08-14,0,Medium
E00747,SK024,2.5,Intermediate,2025-04-08,1,Medium
E00748,SK011,6.7,Advanced,2025-02-25,1,Medium
E00748,SK020,4.6,Advanced,2024-12-30,1,Low
E00748,SK021,16.3,Advanced,2025-11-09,1,High
E00748,SK022,8.7,Advanced,2026-02-07,0,Medium
E00748,SK023,14.1,Advanced,2025-01-21,0,High
E00749,SK006,1.9,Beginner,2024-12-15,1,Low
E00749,SK011,4.8,Advanced,2024-12-02,0,High
E00749,SK016,2.1,Intermediate,2025-01-30,1,Low
E00749,SK025,1.8,Beginner,2026-03-12,0,Low
E00749,SK035,1.9,Beginner,2025-07-10,1,Low
E00750,SK022,1.1,Beginner,2025-04-26,0,Low
E00750,SK026,5.1,Advanced,2026-02-21,0,High
E00750,SK027,4.0,Advanced,2025-04-25,0,Medium
E00750,SK031,2.2,Intermediate,2025-06-28,0,Medium
E00750,SK036,4.7,Advanced,2025-02-05,0,Medium
E00751,SK005,1.8,Beginner,2026-02-16,1,Low
E00751,SK019,8.4,Advanced,2026-02-25,1,High
E00751,SK021,3.9,Intermediate,2025-09-10,1,Medium
E00751,SK022,3.6,Intermediate,2024-12-08,0,Medium
E00751,SK026,7.5,Advanced,2024-11-04,1,Medium
E00751,SK028,6.4,Advanced,2024-10-17,1,Medium
E00752,SK005,5.8,Advanced,2025-12-14,1,Medium
E00752,SK017,3.0,Intermediate,2025-07-24,0,Low
E00752,SK024,7.2,Advanced,2025-06-11,0,High
E00752,SK038,2.6,Intermediate,2025-08-16,1,Low
E00753,SK001,6.6,Advanced,2025-10-09,0,High
E00753,SK002,2.3,Intermediate,2025-04-02,1,Low
E00753,SK014,3.1,Intermediate,2025-08-03,1,Medium
E00754,SK001,8.0,Advanced,2025-03-12,1,High
E00754,SK008,6.3,Advanced,2025-09-04,1,Medium
E00754,SK011,5.6,Advanced,2026-03-02,1,Medium
E00754,SK018,3.8,Intermediate,2026-01-03,1,Medium
E00755,SK002,4.4,Advanced,2025-12-31,0,Medium
E00755,SK007,5.7,Advanced,2025-06-02,0,High
E00755,SK022,1.7,Beginner,2026-01-25,0,Low
E00755,SK032,3.2,Intermediate,2025-04-17,0,Medium
E00755,SK036,2.8,Intermediate,2025-04-17,0,Low
E00755,SK037,5.2,Advanced,2025-01-20,0,High
E00756,SK004,1.4,Beginner,2025-04-12,0,Medium
E00756,SK005,0.5,Beginner,2025-07-23,0,Low
E00756,SK024,2.0,Intermediate,2025-02-06,0,High
E00757,SK006,0.8,Beginner,2026-02-17,0,High
E00757,SK008,0.6,Beginner,2026-03-08,0,Medium
E00757,SK034,0.5,Beginner,2026-02-05,0,Low
E00757,SK036,0.9,Beginner,2025-03-24,0,High
E00758,SK001,4.8,Advanced,2024-11-22,0,Medium
E00758,SK011,5.9,Advanced,2024-11-21,0,High
E00758,SK014,3.4,Intermediate,2025-06-28,1,Low
E00758,SK018,1.2,Beginner,2026-01-02,0,Low
E00758,SK020,3.3,Intermediate,2025-09-17,0,Medium
E00759,SK003,2.0,Intermediate,2025-01-04,1,High
E00759,SK011,1.8,Beginner,2025-06-09,1,High
E00759,SK026,1.1,Beginner,2025-03-01,1,Medium
E00759,SK030,0.5,Beginner,2025-03-20,1,Low
E00760,SK001,0.5,Beginner,2024-10-12,0,Low
E00760,SK013,0.5,Beginner,2025-04-19,0,Medium
E00760,SK014,0.5,Beginner,2025-05-17,0,High
E00760,SK015,0.5,Beginner,2025-04-20,0,High
E00760,SK017,0.5,Beginner,2025-01-05,0,Low
E00761,SK001,0.8,Beginner,2026-02-11,1,Low
E00761,SK002,1.9,Beginner,2024-12-16,1,Medium
E00761,SK006,2.0,Intermediate,2025-01-12,1,Medium
E00761,SK011,1.8,Beginner,2025-06-25,1,Medium
E00761,SK024,3.0,Intermediate,2025-12-11,0,High
E00761,SK027,0.6,Beginner,2025-03-10,1,Low
E00761,SK034,1.0,Beginner,2025-03-13,0,Low
E00762,SK001,0.5,Beginner,2025-07-28,0,Medium
E00762,SK038,0.5,Beginner,2025-09-02,0,High
E00763,SK012,4.0,Advanced,2025-09-17,0,High
E00763,SK014,4.0,Advanced,2025-01-23,1,High
E00763,SK018,2.0,Intermediate,2025-02-05,0,Medium
E00763,SK023,2.8,Intermediate,2025-02-09,0,Medium
E00764,SK001,2.3,Intermediate,2026-01-25,0,Medium
E00764,SK002,3.5,Intermediate,2025-10-19,0,Medium
E00764,SK004,5.0,Advanced,2025-09-03,0,High
E00764,SK010,2.2,Intermediate,2025-11-23,0,Medium
E00764,SK022,2.8,Intermediate,2025-05-13,0,Medium
E00765,SK004,0.5,Beginner,2026-01-14,1,Low
E00765,SK008,2.0,Intermediate,2024-11-15,0,High
E00765,SK029,0.8,Beginner,2024-10-17,1,Medium
E00765,SK037,1.0,Beginner,2025-09-12,0,Medium
E00766,SK004,8.5,Advanced,2025-01-10,1,Medium
E00766,SK005,7.3,Advanced,2025-11-28,1,Low
E00766,SK006,4.4,Advanced,2024-10-25,1,Low
E00766,SK010,13.2,Advanced,2025-11-23,0,Medium
E00766,SK022,9.7,Advanced,2025-10-07,0,Medium
E00766,SK024,15.0,Advanced,2025-11-18,1,High
E00766,SK033,13.8,Advanced,2024-11-12,1,High
E00767,SK001,3.3,Intermediate,2025-02-20,1,Low
E00767,SK006,7.4,Advanced,2025-03-30,1,Medium
E00767,SK009,10.0,Advanced,2025-08-15,1,High
E00767,SK019,4.2,Advanced,2025-11-10,0,Medium
E00767,SK024,8.2,Advanced,2025-06-11,1,Medium
E00767,SK034,5.4,Advanced,2025-03-01,1,Medium
E00768,SK001,0.8,Beginner,2025-12-02,0,High
E00768,SK004,0.7,Beginner,2026-02-17,0,Medium
E00768,SK029,0.5,Beginner,2025-06-20,0,Low
E00769,SK019,2.1,Intermediate,2026-03-08,1,Low
E00769,SK020,6.8,Advanced,2025-08-27,1,Medium
E00769,SK022,6.5,Advanced,2026-01-06,0,Medium
E00769,SK025,6.4,Advanced,2024-10-30,1,Medium
E00769,SK034,1.9,Beginner,2024-10-19,0,Low
E00770,SK002,6.5,Advanced,2024-11-27,1,Low
E00770,SK008,7.1,Advanced,2024-11-11,1,Low
E00770,SK010,4.8,Advanced,2025-06-04,1,Low
E00770,SK011,9.1,Advanced,2025-10-04,0,Medium
E00770,SK030,2.9,Intermediate,2025-11-04,1,Low
E00770,SK031,6.6,Advanced,2025-10-18,0,Low
E00770,SK032,13.8,Advanced,2026-02-20,1,High
E00770,SK037,4.5,Advanced,2026-01-13,1,Low
E00771,SK003,5.4,Advanced,2025-09-26,0,Low
E00771,SK013,8.9,Advanced,2025-03-30,1,Medium
E00771,SK016,7.0,Advanced,2024-10-16,0,Medium
E00771,SK018,16.0,Advanced,2024-12-14,1,High
E00771,SK020,9.9,Advanced,2024-10-19,1,Medium
E00771,SK022,10.5,Advanced,2025-11-03,1,Medium
E00772,SK003,1.1,Beginner,2026-02-22,1,Low
E00772,SK005,2.2,Intermediate,2025-09-29,1,Medium
E00772,SK008,1.4,Beginner,2025-12-18,1,Low
E00772,SK011,1.3,Beginner,2025-01-04,1,Low
E00772,SK014,0.7,Beginner,2025-01-25,0,Low
E00772,SK030,1.7,Beginner,2024-10-22,1,Medium
E00773,SK001,3.5,Intermediate,2025-02-02,0,Low
E00773,SK008,0.8,Beginner,2025-05-20,0,Low
E00773,SK017,8.0,Advanced,2024-12-21,0,High
E00773,SK019,6.4,Advanced,2026-03-14,1,Medium
E00773,SK023,3.8,Intermediate,2025-08-02,0,Low
E00774,SK001,0.5,Beginner,2025-02-06,1,Low
E00774,SK015,1.6,Beginner,2025-04-28,0,High
E00774,SK017,0.9,Beginner,2025-08-09,0,Low
E00775,SK003,2.8,Intermediate,2024-12-30,0,Low
E00775,SK010,6.0,Advanced,2024-12-02,1,High
E00775,SK017,5.4,Advanced,2025-04-29,1,High
E00775,SK022,3.8,Intermediate,2024-12-13,0,Medium
E00775,SK025,3.0,Intermediate,2025-01-29,0,Medium
E00775,SK033,5.0,Advanced,2025-05-21,0,Medium
E00776,SK017,0.5,Beginner,2025-07-18,0,High
E00776,SK019,0.5,Beginner,2025-06-02,0,Medium
E00776,SK024,0.5,Beginner,2025-09-20,0,Medium
E00776,SK028,0.5,Beginner,2026-01-15,0,Medium
E00777,SK002,0.5,Beginner,2026-03-17,0,Low
E00777,SK006,1.2,Beginner,2025-03-19,0,Low
E00777,SK010,0.8,Beginner,2025-08-26,0,Low
E00778,SK026,0.9,Beginner,2025-09-15,1,Low
E00778,SK027,3.0,Intermediate,2025-12-28,0,High
E00778,SK028,1.1,Beginner,2025-10-23,1,Low
E00779,SK022,2.0,Intermediate,2024-11-23,0,High
E00779,SK036,2.0,Intermediate,2024-11-10,1,High
E00780,SK005,5.1,Advanced,2025-10-25,0,Medium
E00780,SK008,5.2,Advanced,2025-03-18,1,Medium
E00780,SK009,9.8,Advanced,2026-01-31,0,Medium
E00780,SK013,5.9,Advanced,2026-01-27,1,Medium
E00780,SK034,9.8,Advanced,2025-06-03,1,Medium
E00781,SK005,2.7,Intermediate,2025-04-26,0,Medium
E00781,SK021,4.6,Advanced,2024-10-29,1,Medium
E00781,SK024,2.7,Intermediate,2025-10-10,1,Medium
E00781,SK033,2.6,Intermediate,2025-09-17,0,Low
E00782,SK004,4.2,Advanced,2025-05-08,0,Low
E00782,SK006,8.5,Advanced,2024-10-11,0,High
E00782,SK014,8.6,Advanced,2024-11-14,0,Medium
E00782,SK018,10.7,Advanced,2026-03-20,1,High
E00782,SK023,4.4,Advanced,2024-12-15,1,Medium
E00783,SK019,1.9,Beginner,2024-10-14,0,Medium
E00783,SK023,2.0,Intermediate,2025-10-23,0,Medium
E00783,SK025,3.7,Intermediate,2024-11-07,0,High
E00783,SK027,3.0,Intermediate,2025-08-18,0,Medium
E00783,SK030,1.6,Beginner,2025-06-21,0,Low
E00783,SK036,2.3,Intermediate,2026-01-01,0,Low
E00784,SK001,0.5,Beginner,2024-10-14,1,High
E00784,SK004,0.5,Beginner,2025-01-30,1,Low
E00784,SK028,0.5,Beginner,2025-07-03,1,Medium
E00785,SK003,2.3,Intermediate,2025-07-09,1,Medium
E00785,SK034,1.1,Beginner,2025-12-11,0,Low
E00785,SK037,2.9,Intermediate,2025-07-15,1,Medium
E00786,SK008,5.6,Advanced,2024-11-10,0,High
E00786,SK019,2.1,Intermediate,2026-01-16,0,Medium
E00786,SK037,4.9,Advanced,2025-02-10,0,High
E00787,SK008,3.7,Intermediate,2024-10-23,1,Medium
E00787,SK019,6.2,Advanced,2025-03-03,1,High
E00787,SK022,5.6,Advanced,2025-04-23,1,Medium
E00787,SK025,3.1,Intermediate,2025-11-05,1,Low
E00788,SK021,4.1,Advanced,2025-02-18,0,Medium
E00788,SK025,2.8,Intermediate,2025-04-03,0,Medium
E00788,SK026,1.2,Beginner,2024-10-08,1,Low
E00788,SK036,3.5,Intermediate,2025-03-08,1,High
E00789,SK004,3.7,Intermediate,2025-02-28,1,Low
E00789,SK011,8.0,Advanced,2025-04-28,1,High
E00789,SK019,5.5,Advanced,2026-03-19,1,Medium
E00789,SK029,2.2,Intermediate,2024-12-01,0,Low
E00790,SK011,0.5,Beginner,2025-10-25,0,High
E00790,SK015,0.5,Beginner,2026-02-23,0,Low
E00790,SK017,0.5,Beginner,2025-01-28,0,High
E00791,SK002,1.3,Beginner,2025-12-10,0,Medium
E00791,SK012,0.7,Beginner,2026-03-03,0,Low
E00791,SK017,1.2,Beginner,2025-10-27,0,Low
E00791,SK023,2.3,Intermediate,2025-05-30,0,High
E00792,SK002,5.6,Advanced,2025-08-30,1,Medium
E00792,SK004,10.0,Advanced,2025-05-28,1,High
E00792,SK005,6.4,Advanced,2025-12-05,0,Medium
E00792,SK016,5.1,Advanced,2025-12-29,1,Medium
E00792,SK037,8.0,Advanced,2026-02-02,1,High
E00793,SK001,2.0,Intermediate,2025-04-15,1,High
E00793,SK011,1.0,Beginner,2024-11-16,0,Medium
E00793,SK016,1.3,Beginner,2025-04-08,1,Medium
E00794,SK001,3.9,Intermediate,2025-04-25,0,Medium
E00794,SK005,7.2,Advanced,2025-01-12,1,Medium
E00794,SK011,4.9,Advanced,2025-10-24,0,Medium
E00794,SK027,6.7,Advanced,2025-12-29,0,High
E00794,SK032,6.9,Advanced,2025-05-25,1,Medium
E00794,SK038,8.8,Advanced,2025-09-08,1,High
E00795,SK011,2.2,Intermediate,2026-03-01,0,Medium
E00795,SK024,2.4,Intermediate,2025-07-07,1,High
E00795,SK026,1.2,Beginner,2025-01-19,1,Low
E00795,SK035,1.7,Beginner,2025-01-09,1,Medium
E00796,SK005,4.9,Advanced,2025-02-22,0,Medium
E00796,SK010,9.0,Advanced,2025-01-12,0,High
E00796,SK026,4.5,Advanced,2025-12-02,0,Medium
E00797,SK006,5.9,Advanced,2025-03-08,1,Low
E00797,SK009,2.0,Intermediate,2025-05-23,1,Low
E00797,SK011,9.5,Advanced,2025-10-20,1,Medium
E00797,SK013,9.0,Advanced,2025-09-06,0,Medium
E00797,SK022,9.1,Advanced,2025-09-29,0,Medium
E00797,SK023,5.2,Advanced,2025-05-22,1,Low
E00797,SK026,15.0,Advanced,2025-07-01,1,High
E00798,SK006,10.6,Advanced,2025-11-12,1,High
E00798,SK011,3.6,Intermediate,2025-07-15,1,Low
E00798,SK013,12.5,Advanced,2026-02-07,0,Medium
E00798,SK037,10.6,Advanced,2025-07-23,1,Medium
E00799,SK004,0.8,Beginner,2025-02-13,0,Medium
E00799,SK007,0.7,Beginner,2024-11-03,0,High
E00799,SK019,0.5,Beginner,2026-02-23,0,Low
E00799,SK034,0.8,Beginner,2025-06-23,0,High
E00800,SK008,0.5,Beginner,2026-02-17,0,Medium
E00800,SK018,0.5,Beginner,2025-10-21,0,Low
E00800,SK028,0.5,Beginner,2025-01-11,0,High
E00800,SK029,0.5,Beginner,2026-02-14,0,Medium
E00800,SK036,0.5,Beginner,2025-11-23,0,Medium
E00801,SK005,0.5,Beginner,2025-07-21,0,Medium
E00801,SK021,0.5,Beginner,2025-06-07,1,Medium
E00801,SK022,0.5,Beginner,2025-07-26,1,Medium
E00802,SK008,4.2,Advanced,2025-06-04,1,Medium
E00802,SK009,2.3,Intermediate,2025-01-26,1,Medium
E00802,SK015,1.9,Beginner,2025-08-24,1,Medium
E00802,SK027,4.0,Advanced,2025-05-09,1,High
E00803,SK003,5.0,Advanced,2026-01-19,0,Medium
E00803,SK011,1.5,Beginner,2024-11-12,0,Low
E00803,SK014,3.6,Intermediate,2025-11-03,0,Low
E00803,SK027,7.2,Advanced,2025-09-15,0,High
E00803,SK031,7.5,Advanced,2024-10-21,0,Medium
E00803,SK033,5.8,Advanced,2025-12-09,1,Medium
E00803,SK034,7.7,Advanced,2026-02-18,0,Medium
E00804,SK004,1.7,Beginner,2026-01-03,0,Low
E00804,SK005,5.5,Advanced,2026-02-22,1,Medium
E00804,SK011,2.6,Intermediate,2025-08-04,0,Medium
E00805,SK001,1.1,Beginner,2024-10-12,0,Low
E00805,SK003,0.8,Beginner,2025-12-03,0,Low
E00805,SK004,5.0,Advanced,2025-10-31,1,Medium
E00805,SK008,4.1,Advanced,2026-03-07,0,Medium
E00805,SK015,1.8,Beginner,2024-11-04,0,Low
E00805,SK017,4.2,Advanced,2024-10-13,0,Medium
E00805,SK026,1.7,Beginner,2025-06-15,0,Low
E00805,SK033,5.4,Advanced,2025-05-20,1,High
E00806,SK001,5.3,Advanced,2025-12-24,1,Medium
E00806,SK002,4.9,Advanced,2025-12-12,0,Medium
E00806,SK007,4.0,Advanced,2025-07-21,1,Low
E00806,SK008,1.3,Beginner,2025-08-02,1,Low
E00806,SK031,5.7,Advanced,2026-02-15,1,Medium
E00806,SK036,12.0,Advanced,2025-11-28,1,High
E00807,SK006,1.3,Beginner,2025-05-31,1,Low
E00807,SK011,0.6,Beginner,2024-12-12,1,Low
E00807,SK013,4.0,Advanced,2025-06-13,0,High
E00808,SK004,7.9,Advanced,2025-06-25,0,High
E00808,SK011,1.0,Beginner,2026-01-26,0,Low
E00808,SK036,4.4,Advanced,2025-08-21,0,Medium
E00808,SK037,2.0,Intermediate,2024-12-07,0,Low
E00809,SK003,2.5,Intermediate,2024-10-30,1,Medium
E00809,SK017,2.9,Intermediate,2024-12-22,0,High
E00810,SK011,1.7,Beginner,2025-08-22,0,Low
E00810,SK016,1.5,Beginner,2025-10-28,1,Low
E00810,SK024,4.0,Advanced,2025-06-03,1,High
E00810,SK031,1.8,Beginner,2025-11-02,1,Low
E00811,SK011,9.6,Advanced,2025-06-01,1,High
E00811,SK017,4.1,Advanced,2025-08-07,1,Medium
E00811,SK018,7.4,Advanced,2025-02-17,1,High
E00811,SK020,6.9,Advanced,2025-04-30,1,Medium
E00811,SK028,4.0,Advanced,2025-04-18,1,Low
E00811,SK036,7.3,Advanced,2025-05-21,1,Medium
E00811,SK037,3.4,Intermediate,2024-12-28,0,Low
E00812,SK001,4.5,Advanced,2025-06-01,0,Low
E00812,SK004,14.5,Advanced,2025-08-20,1,High
E00812,SK006,16.0,Advanced,2025-05-10,0,High
E00812,SK007,11.9,Advanced,2025-04-17,1,Medium
E00812,SK008,3.0,Intermediate,2025-08-28,1,Low
E00812,SK012,6.9,Advanced,2025-03-25,1,Low
E00812,SK024,11.7,Advanced,2026-01-05,1,Medium
E00812,SK033,10.6,Advanced,2025-02-25,1,Medium
E00813,SK009,2.4,Intermediate,2025-06-28,1,Medium
E00813,SK027,5.7,Advanced,2025-10-09,1,High
E00814,SK011,0.5,Beginner,2025-07-18,0,High
E00814,SK015,0.5,Beginner,2025-04-26,0,Medium
E00814,SK020,0.5,Beginner,2025-01-17,1,Medium
E00815,SK004,2.1,Intermediate,2025-10-07,0,Medium
E00815,SK011,4.5,Advanced,2025-03-18,0,High
E00815,SK015,1.3,Beginner,2025-10-20,0,Low
E00815,SK031,1.1,Beginner,2024-11-02,0,Low
E00815,SK035,0.7,Beginner,2025-08-17,0,Low
E00816,SK013,3.9,Intermediate,2026-01-28,1,Medium
E00816,SK019,8.8,Advanced,2025-05-21,1,High
E00816,SK022,6.4,Advanced,2025-04-19,1,Medium
E00816,SK023,8.2,Advanced,2025-10-25,0,Medium
E00816,SK024,7.6,Advanced,2025-08-04,1,High
E00817,SK001,0.8,Beginner,2025-06-20,0,Low
E00817,SK005,1.5,Beginner,2024-11-13,0,Low
E00817,SK009,3.0,Intermediate,2026-02-17,0,High
E00817,SK034,3.0,Intermediate,2026-02-21,0,High
E00818,SK004,14.8,Advanced,2025-07-18,0,Medium
E00818,SK007,15.3,Advanced,2026-03-23,0,High
E00818,SK009,9.6,Advanced,2025-12-05,0,Medium
E00818,SK010,9.7,Advanced,2025-06-13,0,Medium
E00818,SK011,14.0,Advanced,2025-08-09,0,Medium
E00818,SK013,10.9,Advanced,2026-02-22,1,Medium
E00818,SK015,11.4,Advanced,2025-03-12,0,Medium
E00818,SK036,8.6,Advanced,2024-11-06,0,Medium
E00819,SK001,2.5,Intermediate,2024-10-09,0,Medium
E00819,SK005,0.5,Beginner,2026-02-19,0,Low
E00819,SK011,1.6,Beginner,2024-11-20,0,Medium
E00819,SK027,2.4,Intermediate,2025-01-26,0,Medium
E00819,SK034,1.9,Beginner,2025-08-21,0,Medium
E00819,SK035,0.7,Beginner,2025-06-17,0,Low
E00820,SK005,0.8,Beginner,2024-11-15,0,Medium
E00820,SK015,0.9,Beginner,2025-01-15,0,High
E00820,SK025,1.0,Beginner,2025-11-12,0,High
E00821,SK004,3.8,Intermediate,2025-03-21,0,Low
E00821,SK011,7.6,Advanced,2025-09-23,0,Medium
E00821,SK024,9.1,Advanced,2025-02-25,0,Medium
E00821,SK031,5.3,Advanced,2026-01-12,0,Low
E00821,SK033,10.2,Advanced,2025-12-10,0,High
E00822,SK008,3.5,Intermediate,2025-07-08,0,Low
E00822,SK028,1.9,Beginner,2026-02-11,0,Low
E00823,SK001,6.5,Advanced,2026-02-06,0,High
E00823,SK019,4.0,Advanced,2025-07-20,1,Medium
E00823,SK025,5.0,Advanced,2025-02-05,0,High
E00823,SK028,3.0,Intermediate,2025-10-20,1,Low
E00823,SK029,2.5,Intermediate,2025-04-08,0,Medium
E00824,SK005,2.0,Intermediate,2026-01-21,0,Low
E00824,SK015,3.1,Intermediate,2025-01-25,1,Low
E00824,SK018,4.6,Advanced,2025-06-27,1,Low
E00824,SK023,4.5,Advanced,2024-10-25,1,Low
E00824,SK025,4.3,Advanced,2026-02-23,1,Medium
E00824,SK028,10.0,Advanced,2026-03-09,1,High
E00825,SK019,8.0,Advanced,2025-06-15,1,High
E00825,SK026,4.6,Advanced,2025-09-09,0,Low
E00825,SK029,8.3,Advanced,2025-10-27,0,High
E00825,SK035,8.4,Advanced,2025-08-20,1,Medium
E00826,SK024,0.5,Beginner,2025-11-27,1,Medium
E00826,SK031,0.5,Beginner,2025-02-03,1,Medium
E00826,SK034,0.5,Beginner,2025-01-29,0,High
E00826,SK036,0.5,Beginner,2024-12-14,1,Low
E00827,SK006,0.5,Beginner,2026-03-07,1,High
E00828,SK001,0.5,Beginner,2026-03-24,0,High
E00828,SK011,0.5,Beginner,2024-11-01,0,Medium
E00828,SK014,0.5,Beginner,2024-12-04,0,High
E00828,SK029,0.5,Beginner,2026-02-21,0,Low
E00829,SK002,3.9,Intermediate,2025-09-15,0,Low
E00829,SK021,2.7,Intermediate,2025-12-12,1,Low
E00829,SK024,11.5,Advanced,2025-12-01,0,High
E00829,SK028,4.3,Advanced,2026-01-05,0,Low
E00829,SK029,5.3,Advanced,2024-11-09,1,Low
E00829,SK032,10.7,Advanced,2025-07-02,1,Medium
E00830,SK002,6.5,Advanced,2025-05-15,0,Medium
E00830,SK009,6.3,Advanced,2025-01-29,0,Medium
E00830,SK026,4.3,Advanced,2025-09-01,1,Medium
E00830,SK034,5.6,Advanced,2025-10-31,1,Medium
E00830,SK037,3.2,Intermediate,2025-07-22,1,Low
E00831,SK007,0.5,Beginner,2025-01-31,1,Low
E00831,SK017,0.5,Beginner,2025-12-31,1,Medium
E00832,SK002,2.5,Intermediate,2025-10-04,0,Medium
E00832,SK019,1.4,Beginner,2025-08-01,0,Low
E00832,SK020,1.0,Beginner,2025-04-27,0,Low
E00832,SK025,6.0,Advanced,2026-02-24,1,High
E00833,SK004,8.8,Advanced,2025-12-02,0,Medium
E00833,SK014,7.5,Advanced,2024-11-02,1,Medium
E00833,SK033,1.4,Beginner,2025-12-17,1,Low
E00833,SK036,7.8,Advanced,2025-10-20,0,High
E00833,SK037,2.0,Intermediate,2025-12-18,0,Low
E00834,SK007,3.7,Intermediate,2024-11-04,0,High
E00834,SK018,2.4,Intermediate,2025-09-26,1,Medium
E00834,SK036,3.5,Intermediate,2025-06-11,1,High
E00834,SK037,1.9,Beginner,2024-10-18,0,Medium
E00835,SK012,3.6,Intermediate,2024-12-11,0,Low
E00835,SK013,12.0,Advanced,2025-04-26,1,Medium
E00835,SK014,10.8,Advanced,2025-07-11,1,Medium
E00835,SK017,12.4,Advanced,2026-03-10,1,High
E00835,SK018,13.0,Advanced,2025-02-02,1,High
E00835,SK037,9.0,Advanced,2024-12-25,0,Medium
E00836,SK004,4.4,Advanced,2026-01-18,1,High
E00836,SK009,4.2,Advanced,2025-03-27,1,Medium
E00836,SK019,1.2,Beginner,2025-10-31,0,Low
E00836,SK021,6.0,Advanced,2024-11-02,1,High
E00837,SK019,1.2,Beginner,2024-11-16,1,Medium
E00837,SK021,1.1,Beginner,2025-07-29,1,Medium
E00837,SK023,2.3,Intermediate,2025-09-30,1,High
E00837,SK024,1.6,Beginner,2026-03-02,1,Medium
E00837,SK026,2.9,Intermediate,2025-06-22,0,High
E00837,SK036,1.2,Beginner,2025-08-08,0,Low
E00838,SK001,6.0,Advanced,2025-05-09,1,Low
E00838,SK022,4.8,Advanced,2025-04-03,0,Low
E00838,SK023,7.9,Advanced,2025-09-11,1,Medium
E00838,SK024,13.1,Advanced,2024-10-18,1,Medium
E00838,SK030,7.5,Advanced,2025-09-10,0,Medium
E00838,SK037,8.8,Advanced,2025-08-21,0,Medium
E00839,SK002,2.5,Intermediate,2024-11-26,0,Low
E00839,SK004,5.7,Advanced,2026-01-14,0,Low
E00839,SK005,7.1,Advanced,2025-07-13,0,Low
E00839,SK024,4.9,Advanced,2025-01-25,0,Low
E00839,SK027,12.8,Advanced,2025-12-15,1,High
E00839,SK029,8.5,Advanced,2024-12-05,0,Medium
E00839,SK037,11.2,Advanced,2025-10-11,1,Medium
E00840,SK002,3.2,Intermediate,2026-01-26,0,High
E00840,SK004,1.1,Beginner,2025-02-16,0,Low
E00840,SK007,1.3,Beginner,2024-10-22,1,Low
E00840,SK024,4.0,Advanced,2025-02-21,1,High
E00840,SK033,0.5,Beginner,2025-02-02,1,Low
E00840,SK034,2.3,Intermediate,2025-06-02,1,Medium
E00841,SK002,6.0,Advanced,2025-05-10,0,High
E00841,SK012,1.9,Beginner,2025-03-12,0,Low
E00841,SK017,2.5,Intermediate,2025-10-08,1,Low
E00842,SK008,4.4,Advanced,2025-12-26,0,Medium
E00842,SK009,7.2,Advanced,2025-08-20,0,Medium
E00842,SK024,8.2,Advanced,2025-10-15,0,High
E00842,SK025,1.4,Beginner,2025-07-08,0,Low
E00842,SK028,6.7,Advanced,2025-06-13,0,Medium
E00842,SK031,3.2,Intermediate,2025-10-28,0,Low
E00843,SK011,2.0,Intermediate,2025-06-19,0,Low
E00843,SK016,5.3,Advanced,2025-02-19,1,Medium
E00844,SK001,1.0,Beginner,2025-10-07,1,Low
E00844,SK013,3.0,Intermediate,2024-11-03,0,Medium
E00844,SK015,7.0,Advanced,2025-04-19,1,High
E00844,SK018,4.4,Advanced,2024-12-05,0,Medium
E00844,SK022,5.1,Advanced,2025-10-23,1,High
E00844,SK027,3.6,Intermediate,2025-09-18,1,Medium
E00844,SK029,4.1,Advanced,2024-11-19,0,Medium
E00845,SK005,1.9,Beginner,2025-06-03,0,Medium
E00845,SK006,4.2,Advanced,2025-05-21,1,Medium
E00845,SK007,4.5,Advanced,2025-10-18,1,High
E00845,SK034,5.0,Advanced,2026-01-09,1,High
E00846,SK002,3.2,Intermediate,2025-12-07,1,Medium
E00846,SK004,0.5,Beginner,2025-06-30,1,Low
E00846,SK007,4.0,Advanced,2025-12-28,1,High
E00846,SK036,0.7,Beginner,2025-08-15,1,Low
E00847,SK007,1.4,Beginner,2025-01-09,0,Medium
E00847,SK011,1.3,Beginner,2025-06-24,0,Low
E00847,SK022,1.3,Beginner,2025-02-10,1,Low
E00847,SK024,3.5,Intermediate,2025-05-04,0,High
E00847,SK031,2.2,Intermediate,2025-09-04,1,Medium
E00847,SK032,1.6,Beginner,2025-06-10,1,Medium
E00848,SK001,9.0,Advanced,2025-12-12,1,High
E00848,SK004,3.6,Intermediate,2026-03-11,1,Medium
E00848,SK021,6.4,Advanced,2024-12-14,1,Medium
E00848,SK028,6.8,Advanced,2024-10-26,0,High
E00848,SK029,7.4,Advanced,2025-04-07,1,Medium
E00849,SK005,0.5,Beginner,2026-02-20,1,Medium
E00849,SK010,0.9,Beginner,2025-01-21,0,High
E00849,SK013,0.7,Beginner,2025-09-29,1,High
E00850,SK003,7.6,Advanced,2025-01-02,1,Medium
E00850,SK009,8.5,Advanced,2025-10-31,0,Medium
E00850,SK024,11.0,Advanced,2025-12-30,1,High
E00850,SK027,8.4,Advanced,2026-01-12,1,High
E00850,SK032,7.0,Advanced,2025-07-22,1,Medium
E00851,SK019,5.9,Advanced,2026-03-18,1,Medium
E00851,SK022,1.4,Beginner,2025-11-20,0,Low
E00851,SK026,12.0,Advanced,2025-07-28,1,High
E00851,SK028,5.8,Advanced,2025-05-09,1,Low
E00851,SK037,9.8,Advanced,2025-10-20,1,Medium
E00852,SK001,3.0,Intermediate,2025-09-11,0,High
E00852,SK017,2.2,Intermediate,2024-11-21,0,High
E00853,SK017,4.0,Advanced,2025-10-05,0,Low
E00853,SK018,3.9,Intermediate,2025-10-22,0,Low
E00853,SK024,7.2,Advanced,2025-02-11,1,High
E00853,SK030,1.2,Beginner,2025-01-02,1,Low
E00853,SK032,4.0,Advanced,2025-04-10,1,Low
E00854,SK019,1.4,Beginner,2026-01-18,1,Medium
E00854,SK022,1.8,Beginner,2025-10-17,0,High
E00854,SK025,0.7,Beginner,2024-10-14,1,Medium
E00854,SK036,0.7,Beginner,2026-02-26,1,Medium
E00855,SK009,0.5,Beginner,2025-09-12,1,Medium
E00855,SK013,0.5,Beginner,2026-02-14,0,High
E00855,SK037,0.5,Beginner,2024-11-26,0,Low
E00856,SK001,6.1,Advanced,2025-11-07,0,Medium
E00856,SK011,7.2,Advanced,2025-01-05,1,Medium
E00856,SK022,1.9,Beginner,2024-12-27,1,Low
E00856,SK023,9.8,Advanced,2025-11-30,0,High
E00856,SK024,6.7,Advanced,2025-08-27,1,Medium
E00856,SK026,8.7,Advanced,2025-01-14,1,Medium
E00856,SK029,6.1,Advanced,2025-11-29,1,Low
E00856,SK030,4.1,Advanced,2025-04-30,0,Low
E00857,SK001,7.7,Advanced,2025-06-25,1,Medium
E00857,SK013,2.2,Intermediate,2025-07-10,0,Low
E00857,SK017,8.7,Advanced,2025-10-15,1,High
E00857,SK018,4.1,Advanced,2026-02-08,1,Low
E00857,SK020,9.7,Advanced,2025-08-03,0,High
E00857,SK022,2.1,Intermediate,2026-02-28,1,Low
E00858,SK007,4.1,Advanced,2024-10-11,1,Medium
E00858,SK014,9.2,Advanced,2025-11-09,1,Medium
E00858,SK021,7.6,Advanced,2025-01-31,0,Medium
E00858,SK022,6.2,Advanced,2025-07-11,0,Medium
E00858,SK026,11.0,Advanced,2025-07-05,0,High
E00858,SK036,2.6,Intermediate,2025-08-18,1,Low
E00859,SK002,1.4,Beginner,2024-10-23,0,Low
E00859,SK004,1.3,Beginner,2024-12-14,0,Medium
E00859,SK008,0.6,Beginner,2026-01-01,0,Low
E00859,SK013,1.7,Beginner,2026-03-03,1,Medium
E00859,SK030,1.5,Beginner,2025-07-04,0,Medium
E00859,SK036,2.3,Intermediate,2025-11-22,0,Medium
E00860,SK008,1.1,Beginner,2026-01-17,0,Low
E00860,SK010,6.0,Advanced,2025-02-24,0,High
E00860,SK021,5.9,Advanced,2025-02-13,0,Medium
E00860,SK022,2.9,Intermediate,2025-05-09,0,Low
E00860,SK036,2.9,Intermediate,2024-10-12,0,Medium
E00861,SK026,2.1,Intermediate,2024-10-08,0,Medium
E00861,SK036,3.0,Intermediate,2025-12-04,0,High
E00862,SK001,1.0,Beginner,2025-09-12,0,High
E00862,SK027,0.5,Beginner,2025-04-17,0,Medium
E00862,SK032,0.5,Beginner,2025-03-20,0,Low
E00863,SK004,1.9,Beginner,2026-01-23,1,High
E00863,SK026,1.1,Beginner,2025-11-12,1,Medium
E00863,SK028,0.5,Beginner,2025-01-15,1,Low
E00863,SK030,1.6,Beginner,2024-10-31,1,Medium
E00864,SK005,8.6,Advanced,2024-11-11,1,High
E00864,SK009,3.4,Intermediate,2025-11-16,1,Low
E00864,SK010,5.4,Advanced,2024-10-31,1,Medium
E00864,SK018,3.8,Intermediate,2025-06-05,1,Low
E00864,SK033,7.8,Advanced,2026-02-24,1,Medium
E00864,SK035,4.7,Advanced,2025-11-12,1,Low
E00865,SK013,1.6,Beginner,2025-07-27,0,Medium
E00865,SK016,1.6,Beginner,2025-10-11,1,Medium
E00865,SK024,1.7,Beginner,2025-08-19,0,High
E00865,SK028,0.6,Beginner,2026-03-20,0,Low
E00865,SK034,1.5,Beginner,2025-07-21,0,High
E00866,SK002,0.8,Beginner,2025-05-22,1,Medium
E00866,SK006,0.5,Beginner,2024-10-26,1,Low
E00866,SK008,0.8,Beginner,2026-03-15,1,Medium
E00866,SK022,0.5,Beginner,2024-10-28,1,Low
E00866,SK037,0.8,Beginner,2025-04-14,1,High
E00867,SK005,5.7,Advanced,2026-03-08,0,Medium
E00867,SK019,2.6,Intermediate,2024-11-13,0,Low
E00867,SK022,5.3,Advanced,2025-04-14,0,Medium
E00867,SK025,10.7,Advanced,2024-12-07,1,High
E00867,SK034,5.6,Advanced,2025-04-14,0,Medium
E00867,SK036,9.2,Advanced,2025-05-27,0,Medium
E00868,SK022,6.0,Advanced,2026-01-10,1,High
E00868,SK026,4.1,Advanced,2024-10-25,0,Medium
E00869,SK011,2.7,Intermediate,2025-01-26,1,Medium
E00869,SK022,5.8,Advanced,2025-09-11,0,Medium
E00870,SK001,7.0,Advanced,2025-06-20,0,High
E00870,SK012,4.4,Advanced,2025-08-22,0,Medium
E00870,SK013,1.5,Beginner,2025-02-22,0,Low
E00870,SK018,4.7,Advanced,2024-12-17,0,Medium
E00870,SK032,5.1,Advanced,2025-03-15,0,Medium
E00871,SK004,2.2,Intermediate,2026-03-15,0,High
E00871,SK023,0.7,Beginner,2025-05-07,0,Low
E00871,SK026,1.1,Beginner,2025-06-20,0,Low
E00871,SK031,2.4,Intermediate,2025-02-25,0,Medium
E00871,SK038,2.4,Intermediate,2025-12-08,0,Medium
E00872,SK002,2.4,Intermediate,2026-01-13,1,Medium
E00872,SK020,3.0,Intermediate,2025-03-22,1,High
E00872,SK021,1.5,Beginner,2024-11-10,1,Low
E00872,SK024,1.5,Beginner,2025-07-08,1,Medium
E00872,SK026,3.0,Intermediate,2025-10-18,1,High
E00873,SK004,2.7,Intermediate,2024-11-01,0,High
E00873,SK020,3.0,Intermediate,2024-11-20,0,High
E00873,SK024,1.4,Beginner,2025-08-19,0,Medium
E00873,SK025,1.1,Beginner,2025-08-18,0,Low
E00873,SK036,1.0,Beginner,2025-04-27,0,Low
E00874,SK002,5.3,Advanced,2025-02-04,1,Low
E00874,SK022,10.8,Advanced,2025-01-21,1,High
E00874,SK024,10.2,Advanced,2026-02-12,1,High
E00875,SK001,2.2,Intermediate,2025-12-09,0,Medium
E00875,SK002,6.0,Advanced,2025-11-19,0,High
E00875,SK013,2.7,Intermediate,2026-01-10,0,Medium
E00875,SK016,2.1,Intermediate,2024-12-17,0,Medium
E00875,SK029,2.7,Intermediate,2025-02-13,0,Low
E00876,SK010,0.5,Beginner,2025-08-13,1,High
E00876,SK011,0.5,Beginner,2026-03-06,1,High
E00877,SK020,0.9,Beginner,2025-04-16,1,Low
E00877,SK021,2.1,Intermediate,2025-04-06,1,Medium
E00877,SK022,3.7,Intermediate,2026-01-21,1,High
E00877,SK024,3.5,Intermediate,2026-03-06,1,Medium
E00877,SK025,3.4,Intermediate,2025-08-26,0,Medium
E00878,SK020,2.3,Intermediate,2025-08-17,1,Medium
E00878,SK038,2.3,Intermediate,2025-07-26,0,Medium
E00879,SK001,1.2,Beginner,2026-02-11,0,Low
E00879,SK006,3.6,Intermediate,2026-03-23,0,Medium
E00879,SK011,4.4,Advanced,2024-10-29,1,Medium
E00879,SK013,6.0,Advanced,2025-02-14,1,High
E00879,SK026,0.7,Beginner,2026-03-10,1,Low
E00880,SK005,4.5,Advanced,2025-05-10,0,Medium
E00880,SK011,3.0,Intermediate,2025-04-18,1,Medium
E00880,SK017,6.2,Advanced,2024-12-06,1,High
E00880,SK020,3.1,Intermediate,2024-11-15,1,Low
E00880,SK022,2.6,Intermediate,2025-02-19,1,Low
E00880,SK024,4.6,Advanced,2025-11-16,0,Medium
E00881,SK025,1.1,Beginner,2026-01-19,0,Low
E00881,SK028,2.5,Intermediate,2026-01-10,0,Medium
E00881,SK032,2.3,Intermediate,2025-09-17,1,Medium
E00882,SK004,1.2,Beginner,2026-02-05,0,Low
E00882,SK008,11.3,Advanced,2025-05-14,1,High
E00882,SK024,6.0,Advanced,2025-02-15,0,Low
E00882,SK032,8.1,Advanced,2025-11-19,1,Medium
E00883,SK001,4.5,Advanced,2026-02-04,0,High
E00883,SK005,6.0,Advanced,2026-01-27,0,High
E00883,SK029,4.9,Advanced,2026-03-01,0,Medium
E00883,SK030,1.7,Beginner,2025-05-14,0,Low
E00884,SK004,6.3,Advanced,2024-11-29,1,High
E00884,SK007,5.5,Advanced,2025-12-27,1,Medium
E00884,SK008,2.7,Intermediate,2025-01-18,1,Medium
E00884,SK028,3.7,Intermediate,2025-07-26,1,Medium
E00884,SK035,3.4,Intermediate,2025-03-12,1,Medium
E00885,SK001,3.9,Intermediate,2025-06-01,1,High
E00885,SK002,3.7,Intermediate,2025-08-08,0,High
E00885,SK013,2.0,Intermediate,2024-12-30,0,Medium
E00886,SK002,3.6,Intermediate,2025-09-28,1,Low
E00886,SK004,8.4,Advanced,2025-03-08,1,High
E00886,SK032,4.3,Advanced,2025-07-30,1,Low
E00887,SK008,3.7,Intermediate,2025-01-09,1,Medium
E00887,SK011,2.1,Intermediate,2024-12-25,1,Low
E00887,SK033,4.0,Advanced,2025-04-27,1,High
E00888,SK005,4.0,Advanced,2025-12-20,1,High
E00888,SK008,1.5,Beginner,2025-06-01,1,Low
E00888,SK024,0.5,Beginner,2024-12-24,1,Low
E00889,SK005,3.0,Intermediate,2025-11-15,1,High
E00889,SK021,2.2,Intermediate,2025-03-14,1,Medium
E00889,SK024,0.9,Beginner,2026-02-27,1,Low
E00889,SK029,2.2,Intermediate,2025-07-25,1,Medium
E00889,SK034,2.1,Intermediate,2025-06-22,0,Medium
E00890,SK016,0.6,Beginner,2025-01-05,1,Medium
E00890,SK018,0.7,Beginner,2024-11-23,1,Medium
E00890,SK023,1.0,Beginner,2025-07-10,1,High
E00890,SK035,0.8,Beginner,2025-01-14,1,Medium
E00891,SK022,0.6,Beginner,2025-09-25,1,Low
E00891,SK025,3.0,Intermediate,2025-04-23,0,High
E00891,SK031,1.7,Beginner,2026-03-21,0,Medium
E00891,SK033,2.6,Intermediate,2025-04-25,1,High
E00892,SK008,1.8,Beginner,2025-11-26,1,Medium
E00892,SK017,3.3,Intermediate,2026-01-29,1,Medium
E00892,SK024,4.1,Advanced,2025-04-29,1,Medium
E00892,SK034,1.3,Beginner,2025-12-30,1,Low
E00893,SK004,1.3,Beginner,2025-08-25,1,Low
E00893,SK011,1.2,Beginner,2025-11-12,1,Medium
E00893,SK034,2.9,Intermediate,2025-04-09,1,High
E00893,SK036,1.3,Beginner,2025-09-09,0,Low
E00894,SK001,10.9,Advanced,2025-02-13,0,Medium
E00894,SK006,5.1,Advanced,2026-02-27,0,Low
E00894,SK007,9.7,Advanced,2025-03-09,0,Medium
E00894,SK010,4.7,Advanced,2025-01-04,0,Low
E00894,SK031,7.8,Advanced,2025-03-03,0,Medium
E00894,SK034,5.1,Advanced,2025-06-12,0,Low
E00894,SK036,1.7,Beginner,2025-01-27,0,Low
E00895,SK007,3.0,Intermediate,2024-10-21,1,High
E00895,SK033,2.3,Intermediate,2025-12-20,1,High
E00895,SK037,1.6,Beginner,2025-10-21,1,Medium
E00896,SK002,4.6,Advanced,2025-11-08,1,High
E00896,SK004,4.6,Advanced,2025-09-24,1,Medium
E00896,SK008,2.9,Intermediate,2024-10-15,0,Medium
E00896,SK012,4.9,Advanced,2025-10-05,1,Medium
E00896,SK024,5.5,Advanced,2025-10-17,1,High
E00896,SK032,3.4,Intermediate,2026-01-02,1,Medium
E00897,SK004,0.6,Beginner,2025-03-14,0,Low
E00897,SK015,1.3,Beginner,2024-11-06,0,Medium
E00897,SK016,1.2,Beginner,2026-03-22,0,Medium
E00897,SK017,0.6,Beginner,2026-02-11,0,Low
E00897,SK024,1.7,Beginner,2025-11-03,0,High
E00898,SK008,3.8,Intermediate,2025-11-14,1,High
E00898,SK015,1.0,Beginner,2025-04-14,0,Low
E00898,SK024,2.5,Intermediate,2025-07-22,0,Low
E00898,SK032,1.7,Beginner,2025-02-10,1,Low
E00899,SK001,7.0,Advanced,2025-09-22,0,High
E00899,SK005,3.5,Intermediate,2025-07-22,0,Medium
E00899,SK010,2.6,Intermediate,2025-10-26,0,Medium
E00899,SK011,5.7,Advanced,2025-08-07,0,Medium
E00899,SK019,1.6,Beginner,2025-02-21,0,Low
E00899,SK037,3.4,Intermediate,2025-05-30,0,Medium
E00900,SK011,0.8,Beginner,2025-08-14,0,High
E00900,SK024,0.5,Beginner,2025-02-13,0,Medium
E00900,SK026,0.6,Beginner,2025-09-10,0,Medium
E00900,SK031,0.5,Beginner,2026-01-07,1,Low
E00901,SK001,5.5,Advanced,2025-01-01,0,High
E00901,SK007,4.5,Advanced,2024-11-18,0,Medium
E00901,SK013,5.5,Advanced,2025-10-15,0,High
E00901,SK026,5.4,Advanced,2025-02-22,0,Medium
E00902,SK007,9.3,Advanced,2025-05-21,0,Medium
E00902,SK013,10.6,Advanced,2025-10-09,0,Medium
E00902,SK014,10.2,Advanced,2025-10-26,0,Medium
E00902,SK015,6.5,Advanced,2026-02-24,0,Low
E00902,SK018,6.0,Advanced,2025-11-17,0,Medium
E00902,SK023,3.8,Intermediate,2025-03-02,0,Low
E00902,SK024,12.8,Advanced,2024-10-17,0,High
E00903,SK011,1.5,Beginner,2025-05-01,0,High
E00904,SK015,7.0,Advanced,2025-02-19,0,High
E00904,SK020,1.3,Beginner,2025-07-29,0,Low
E00905,SK001,2.0,Intermediate,2025-11-22,1,High
E00905,SK035,2.0,Intermediate,2025-03-10,0,High
E00906,SK010,4.0,Advanced,2025-07-19,0,High
E00906,SK028,0.6,Beginner,2025-02-19,1,Low
E00906,SK033,4.0,Advanced,2025-08-17,1,High
E00906,SK034,1.2,Beginner,2026-01-09,0,Low
E00907,SK002,1.4,Beginner,2026-02-10,1,Medium
E00907,SK003,3.0,Intermediate,2025-05-26,1,High
E00907,SK007,1.1,Beginner,2025-02-03,1,Low
E00907,SK008,3.0,Intermediate,2025-06-13,0,High
E00907,SK011,1.2,Beginner,2025-04-13,0,Low
E00907,SK024,2.0,Intermediate,2026-01-15,0,Medium
E00908,SK001,6.0,Advanced,2025-05-07,1,High
E00908,SK004,1.5,Beginner,2024-12-09,1,Low
E00908,SK015,2.6,Intermediate,2025-05-07,1,Medium
E00908,SK018,2.8,Intermediate,2024-11-06,0,Medium
E00908,SK019,2.4,Intermediate,2025-07-05,1,Medium
E00908,SK028,3.6,Intermediate,2025-04-09,1,Medium
E00909,SK011,7.4,Advanced,2025-04-24,1,Medium
E00909,SK024,12.9,Advanced,2025-05-04,0,High
E00909,SK034,7.4,Advanced,2025-05-21,0,Low
E00910,SK008,1.8,Beginner,2025-10-11,1,Low
E00910,SK014,3.9,Intermediate,2025-11-21,1,Medium
E00910,SK022,5.0,Advanced,2026-02-01,0,Medium
E00910,SK026,5.2,Advanced,2026-01-13,1,High
E00910,SK036,2.1,Intermediate,2026-03-03,1,Low
E00910,SK037,3.5,Intermediate,2024-11-12,1,Medium
E00911,SK001,5.9,Advanced,2025-03-14,0,Medium
E00911,SK018,1.4,Beginner,2026-03-04,1,Low
E00911,SK020,3.4,Intermediate,2025-01-02,0,Low
E00911,SK025,8.1,Advanced,2025-07-06,1,High
E00911,SK028,3.1,Intermediate,2025-02-21,1,Low
E00912,SK021,1.1,Beginner,2025-12-18,1,Medium
E00912,SK024,2.0,Intermediate,2025-09-20,0,High
E00912,SK037,0.9,Beginner,2025-08-21,0,Low
E00913,SK012,2.9,Intermediate,2025-11-28,1,Low
E00913,SK018,9.7,Advanced,2025-06-05,1,High
E00913,SK022,4.9,Advanced,2026-02-04,1,Low
E00914,SK012,2.0,Intermediate,2025-12-05,1,Medium
E00914,SK020,2.4,Intermediate,2025-10-04,1,Medium
E00914,SK028,1.3,Beginner,2025-10-25,0,Medium
E00914,SK029,2.2,Intermediate,2026-01-17,1,High
E00914,SK030,2.1,Intermediate,2025-10-21,1,Medium
E00915,SK007,7.0,Advanced,2024-12-13,1,Medium
E00915,SK009,6.9,Advanced,2026-02-05,1,High
E00915,SK013,7.5,Advanced,2025-10-17,1,Medium
E00915,SK033,8.4,Advanced,2025-12-18,0,High
E00915,SK034,1.4,Beginner,2025-12-08,1,Low
E00916,SK008,7.5,Advanced,2025-01-22,1,Medium
E00916,SK011,6.8,Advanced,2025-11-25,0,Medium
E00916,SK017,4.2,Advanced,2025-04-15,0,Medium
E00916,SK019,8.5,Advanced,2024-10-08,1,High
E00916,SK024,3.7,Intermediate,2026-02-26,0,Low
E00916,SK025,8.7,Advanced,2025-04-13,0,High
E00916,SK035,3.2,Intermediate,2025-08-25,0,Low
E00916,SK036,3.2,Intermediate,2024-11-12,1,Low
E00917,SK002,5.5,Advanced,2024-12-17,0,Medium
E00917,SK025,2.8,Intermediate,2025-11-18,0,Medium
E00917,SK026,6.0,Advanced,2025-06-11,0,High
E00917,SK029,1.1,Beginner,2025-12-08,0,Low
E00918,SK024,0.9,Beginner,2025-02-06,0,High
E00918,SK026,0.5,Beginner,2024-11-12,1,Low
E00919,SK001,6.6,Advanced,2025-02-24,1,Medium
E00919,SK010,5.4,Advanced,2025-09-04,0,Medium
E00919,SK022,4.1,Advanced,2025-08-03,0,Low
E00919,SK027,12.0,Advanced,2025-09-26,1,High
E00919,SK030,10.0,Advanced,2024-11-14,1,Medium
E00919,SK034,5.3,Advanced,2024-11-27,0,Low
E00919,SK035,7.4,Advanced,2025-08-16,0,Medium
E00920,SK003,13.1,Advanced,2026-03-02,1,Medium
E00920,SK004,4.2,Advanced,2026-02-06,1,Low
E00920,SK011,12.0,Advanced,2025-12-26,0,Medium
E00920,SK013,5.1,Advanced,2025-04-17,1,Low
E00920,SK017,10.6,Advanced,2025-01-21,1,Medium
E00920,SK018,3.4,Intermediate,2025-09-21,0,Low
E00920,SK024,11.3,Advanced,2025-12-13,1,High
E00920,SK025,6.5,Advanced,2026-02-02,1,Medium
E00921,SK002,4.0,Advanced,2025-09-01,1,Medium
E00921,SK005,5.0,Advanced,2024-10-08,1,High
E00921,SK010,2.9,Intermediate,2025-11-10,0,Medium
E00921,SK013,5.0,Advanced,2025-05-31,1,High
E00921,SK021,3.1,Intermediate,2024-10-13,0,Medium
E00921,SK033,2.2,Intermediate,2026-03-23,1,Medium
E00922,SK002,2.4,Intermediate,2024-11-23,1,Low
E00922,SK011,3.6,Intermediate,2024-12-03,0,Medium
E00922,SK017,3.1,Intermediate,2025-10-03,0,Medium
E00922,SK024,4.6,Advanced,2025-07-08,1,High
E00923,SK001,3.1,Intermediate,2026-03-05,0,Medium
E00923,SK017,2.7,Intermediate,2025-07-17,0,Medium
E00923,SK018,5.7,Advanced,2025-02-09,1,Medium
E00923,SK020,3.7,Intermediate,2025-09-12,0,Medium
E00923,SK022,4.9,Advanced,2026-01-05,0,High
E00923,SK031,1.6,Beginner,2026-03-11,0,Low
E00924,SK025,2.7,Intermediate,2025-12-16,0,Medium
E00924,SK029,5.7,Advanced,2026-03-06,0,Medium
E00924,SK030,3.7,Intermediate,2025-02-02,1,Medium
E00925,SK003,2.2,Intermediate,2025-02-14,0,Medium
E00925,SK013,2.6,Intermediate,2025-07-18,0,High
E00925,SK027,1.4,Beginner,2025-06-20,0,Medium
E00925,SK036,2.5,Intermediate,2024-12-07,0,Medium
E00926,SK008,0.5,Beginner,2025-11-02,1,Low
E00926,SK020,2.3,Intermediate,2025-06-29,1,Medium
E00926,SK024,2.5,Intermediate,2025-06-23,0,High
E00926,SK027,1.5,Beginner,2025-02-14,0,Medium
E00926,SK031,2.9,Intermediate,2025-04-29,0,High
E00927,SK001,3.3,Intermediate,2026-01-02,1,Medium
E00927,SK002,3.9,Intermediate,2025-11-16,1,High
E00927,SK010,2.5,Intermediate,2025-11-08,1,Medium
E00927,SK016,1.8,Beginner,2024-11-25,1,Low
E00927,SK024,1.8,Beginner,2026-02-20,1,Low
E00927,SK028,1.6,Beginner,2025-07-03,0,Low
E00928,SK012,1.6,Beginner,2025-01-02,1,Low
E00928,SK020,2.6,Intermediate,2025-10-06,0,Low
E00928,SK035,2.6,Intermediate,2024-10-30,1,Medium
E00929,SK004,0.9,Beginner,2026-01-01,1,Low
E00929,SK007,2.9,Intermediate,2025-06-06,1,Medium
E00929,SK014,5.3,Advanced,2025-09-15,1,High
E00929,SK017,4.2,Advanced,2025-08-04,1,Medium
E00929,SK018,5.8,Advanced,2025-11-11,1,High
E00930,SK002,1.4,Beginner,2024-11-05,0,Medium
E00930,SK007,1.6,Beginner,2025-01-05,0,Medium
E00930,SK032,0.8,Beginner,2024-11-01,0,Medium
E00930,SK036,0.7,Beginner,2026-02-19,0,Low
E00931,SK005,2.6,Intermediate,2025-05-21,1,Low
E00931,SK020,5.5,Advanced,2025-04-13,1,High
E00931,SK022,4.9,Advanced,2025-09-30,0,Medium
E00931,SK024,6.0,Advanced,2025-02-11,1,High
E00932,SK001,0.5,Beginner,2025-04-04,0,Medium
E00932,SK011,1.0,Beginner,2025-10-08,0,High
E00932,SK013,0.7,Beginner,2025-03-20,1,High
E00932,SK014,0.5,Beginner,2025-08-30,1,Low
E00933,SK018,2.3,Intermediate,2026-02-18,0,Medium
E00933,SK028,2.5,Intermediate,2025-03-21,1,Medium
E00934,SK004,2.2,Intermediate,2025-06-18,1,High
E00934,SK007,1.2,Beginner,2025-09-05,1,Low
E00934,SK009,1.1,Beginner,2025-04-04,1,Low
E00934,SK028,1.9,Beginner,2025-08-06,1,Medium
E00934,SK029,2.4,Intermediate,2025-10-24,0,Medium
E00935,SK001,8.0,Advanced,2025-08-19,1,High
E00935,SK002,2.9,Intermediate,2025-08-12,0,Medium
E00935,SK013,6.6,Advanced,2025-03-06,1,Medium
E00935,SK022,7.3,Advanced,2025-11-04,1,High
E00935,SK031,4.3,Advanced,2024-10-31,0,Medium
E00936,SK006,1.8,Beginner,2025-07-18,1,Low
E00936,SK015,2.3,Intermediate,2024-11-27,1,Low
E00936,SK017,2.1,Intermediate,2025-06-04,1,Medium
E00936,SK020,0.7,Beginner,2025-08-03,1,Low
E00936,SK029,2.9,Intermediate,2026-03-10,1,Medium
E00937,SK005,5.7,Advanced,2026-03-18,1,Low
E00937,SK011,16.1,Advanced,2025-01-01,1,High
E00937,SK015,9.3,Advanced,2025-06-11,1,Medium
E00937,SK017,11.0,Advanced,2025-10-30,1,Medium
E00937,SK023,4.7,Advanced,2025-11-30,0,Low
E00937,SK025,7.1,Advanced,2025-10-19,0,Low
E00937,SK030,9.5,Advanced,2026-01-07,1,Medium
E00938,SK001,1.9,Beginner,2025-10-22,0,Medium
E00938,SK002,2.6,Intermediate,2025-05-19,1,High
E00938,SK019,3.0,Intermediate,2026-02-15,0,High
E00938,SK033,0.8,Beginner,2025-09-03,1,Low
E00939,SK005,4.8,Advanced,2026-01-19,0,High
E00939,SK011,2.2,Intermediate,2025-07-24,0,Low
E00939,SK024,4.2,Advanced,2024-12-15,0,Medium
E00939,SK025,4.3,Advanced,2025-06-05,0,High
E00939,SK026,1.2,Beginner,2025-03-09,0,Low
E00940,SK004,5.5,Advanced,2025-08-19,1,Low
E00940,SK005,10.6,Advanced,2025-03-16,1,Medium
E00940,SK013,13.2,Advanced,2025-12-26,0,Medium
E00940,SK018,6.6,Advanced,2025-07-26,1,Medium
E00941,SK007,8.0,Advanced,2025-02-17,0,High
E00941,SK009,3.3,Intermediate,2025-10-20,1,Medium
E00941,SK011,3.9,Intermediate,2025-09-22,0,Medium
E00941,SK020,3.2,Intermediate,2025-11-11,1,Medium
E00941,SK024,1.3,Beginner,2026-03-16,1,Low
E00941,SK027,7.2,Advanced,2025-04-15,1,High
E00941,SK032,3.0,Intermediate,2024-12-23,1,Low
E00942,SK011,4.3,Advanced,2025-03-30,0,High
E00942,SK029,4.3,Advanced,2025-08-06,0,High
E00943,SK016,1.8,Beginner,2025-07-22,1,Low
E00943,SK017,11.0,Advanced,2025-05-01,0,High
E00943,SK020,8.6,Advanced,2026-01-08,1,Medium
E00943,SK022,9.1,Advanced,2024-12-01,1,Medium
E00944,SK014,1.8,Beginner,2025-09-06,1,Low
E00944,SK017,1.7,Beginner,2025-12-16,1,Low
E00944,SK023,5.8,Advanced,2025-04-09,1,Medium
E00944,SK025,4.1,Advanced,2024-12-23,1,Medium
E00945,SK004,1.8,Beginner,2024-12-21,1,Low
E00945,SK007,1.5,Beginner,2025-06-29,0,Low
E00945,SK024,0.7,Beginner,2025-04-13,1,Low
E00945,SK028,3.0,Intermediate,2025-03-25,0,Medium
E00945,SK029,4.0,Advanced,2026-01-05,1,High
E00946,SK010,0.5,Beginner,2025-03-06,0,Low
E00946,SK017,1.0,Beginner,2025-08-31,0,High
E00947,SK009,2.1,Intermediate,2025-05-18,0,Low
E00947,SK011,5.8,Advanced,2024-10-08,1,Medium
E00947,SK017,4.0,Advanced,2025-06-04,1,Low
E00947,SK027,11.0,Advanced,2025-10-01,1,High
E00947,SK037,4.2,Advanced,2025-08-16,0,Low
E00948,SK020,2.0,Intermediate,2025-08-24,1,Medium
E00948,SK021,1.4,Beginner,2025-05-11,1,Low
E00948,SK022,2.3,Intermediate,2025-11-08,1,Medium
E00948,SK036,3.2,Intermediate,2025-12-26,0,Medium
E00949,SK007,1.4,Beginner,2025-01-27,0,Low
E00949,SK009,3.6,Intermediate,2026-02-12,0,Medium
E00949,SK011,6.0,Advanced,2024-12-24,1,High
E00949,SK014,1.3,Beginner,2024-11-22,0,Low
E00949,SK027,2.2,Intermediate,2024-12-03,0,Medium
E00949,SK037,6.0,Advanced,2025-05-17,0,High
E00950,SK003,6.0,Advanced,2025-12-17,1,Medium
E00950,SK013,2.7,Intermediate,2026-03-17,0,Low
E00950,SK017,5.2,Advanced,2025-06-29,1,Low
E00950,SK022,2.1,Intermediate,2024-12-16,1,Low
E00950,SK024,12.0,Advanced,2026-01-18,1,High
E00951,SK008,3.6,Intermediate,2025-11-24,0,Low
E00951,SK011,4.7,Advanced,2025-12-19,1,Medium
E00951,SK012,2.9,Intermediate,2025-01-20,1,Low
E00951,SK021,5.4,Advanced,2025-04-26,0,Medium
E00951,SK025,7.0,Advanced,2025-09-30,1,High
E00951,SK031,7.8,Advanced,2024-10-27,1,Medium
E00951,SK037,6.6,Advanced,2025-07-04,1,Medium
E00952,SK010,0.5,Beginner,2025-09-08,1,Medium
E00952,SK011,0.7,Beginner,2026-01-20,1,Medium
E00952,SK015,0.5,Beginner,2025-04-29,1,Low
E00952,SK016,0.6,Beginner,2025-01-06,0,Medium
E00952,SK024,1.0,Beginner,2025-01-23,1,High
E00952,SK025,0.5,Beginner,2025-04-08,1,Low
E00953,SK009,2.4,Intermediate,2024-11-17,0,Medium
E00953,SK015,1.2,Beginner,2025-02-25,0,Low
E00953,SK017,1.0,Beginner,2026-02-03,0,Low
E00953,SK018,1.6,Beginner,2025-01-24,0,Medium
E00953,SK024,2.1,Intermediate,2025-04-24,0,High
E00953,SK033,2.5,Intermediate,2026-02-25,0,High
E00954,SK002,0.9,Beginner,2025-07-18,0,High
E00954,SK005,1.0,Beginner,2025-12-17,0,High
E00954,SK024,0.7,Beginner,2026-02-14,0,Medium
E00954,SK025,0.8,Beginner,2025-09-27,0,Medium
E00955,SK001,0.8,Beginner,2025-10-12,1,High
E00955,SK003,0.5,Beginner,2025-07-06,1,Medium
E00955,SK023,0.7,Beginner,2025-07-17,0,Medium
E00955,SK025,0.5,Beginner,2024-11-09,0,Low
E00956,SK001,3.5,Intermediate,2026-01-25,0,Low
E00956,SK007,6.0,Advanced,2025-08-01,0,Medium
E00956,SK024,6.8,Advanced,2025-02-12,1,High
E00956,SK025,6.4,Advanced,2024-12-11,1,Medium
E00956,SK026,3.9,Intermediate,2025-12-24,1,Low
E00956,SK036,4.0,Advanced,2026-01-11,1,Medium
E00957,SK005,2.3,Intermediate,2024-11-05,0,Medium
E00957,SK012,2.3,Intermediate,2025-04-18,0,Medium
E00957,SK019,2.9,Intermediate,2025-02-08,1,Medium
E00957,SK022,2.1,Intermediate,2026-02-25,1,Low
E00957,SK027,4.6,Advanced,2025-08-30,1,High
E00957,SK037,1.9,Beginner,2025-08-05,0,Low
E00958,SK005,2.5,Intermediate,2025-07-29,0,Low
E00958,SK024,2.0,Intermediate,2025-02-10,0,Low
E00958,SK026,3.2,Intermediate,2025-08-11,0,Medium
E00958,SK028,2.9,Intermediate,2025-07-08,0,Medium
E00958,SK035,4.0,Advanced,2025-10-02,0,High
E00959,SK002,2.0,Intermediate,2025-10-23,1,Low
E00959,SK024,1.2,Beginner,2025-11-28,1,Low
E00959,SK028,2.8,Intermediate,2024-10-23,1,Medium
E00959,SK029,4.0,Advanced,2025-05-03,1,High
E00960,SK011,4.0,Advanced,2025-07-13,1,High
E00960,SK018,0.8,Beginner,2025-09-14,1,Low
E00960,SK020,1.8,Beginner,2026-01-21,0,Low
E00960,SK032,3.1,Intermediate,2025-09-29,0,Medium
E00960,SK033,0.6,Beginner,2024-10-08,0,Low
E00961,SK010,1.8,Beginner,2025-05-05,0,Low
E00961,SK022,6.1,Advanced,2026-01-18,0,Medium
E00961,SK037,6.7,Advanced,2025-11-27,0,Medium
E00962,SK005,11.0,Advanced,2025-12-24,0,High
E00962,SK006,1.3,Beginner,2025-12-17,0,Low
E00962,SK009,11.0,Advanced,2026-02-25,1,High
E00962,SK014,6.1,Advanced,2024-12-22,1,Medium
E00962,SK028,4.9,Advanced,2024-12-23,0,Low
E00963,SK001,0.5,Beginner,2025-03-10,1,High
E00963,SK007,0.5,Beginner,2025-12-26,1,Low
E00963,SK021,0.5,Beginner,2025-03-01,0,High
E00963,SK023,0.5,Beginner,2025-06-21,0,Low
E00964,SK002,1.2,Beginner,2025-03-19,0,Low
E00964,SK011,1.8,Beginner,2025-09-26,1,Medium
E00964,SK018,3.8,Intermediate,2026-03-06,0,High
E00964,SK020,1.0,Beginner,2025-12-23,0,Low
E00964,SK033,3.2,Intermediate,2025-06-15,1,High
E00965,SK011,4.0,Advanced,2025-10-20,1,High
E00965,SK014,2.9,Intermediate,2024-12-18,1,High
E00965,SK018,2.5,Intermediate,2024-12-14,1,Medium
E00966,SK001,2.9,Intermediate,2025-06-26,0,Low
E00966,SK004,4.3,Advanced,2025-04-16,0,High
E00966,SK007,4.1,Advanced,2025-07-17,0,Medium
E00966,SK009,0.8,Beginner,2025-11-15,0,Low
E00966,SK011,2.9,Intermediate,2025-02-10,0,Low
E00966,SK036,4.8,Advanced,2024-11-28,0,Medium
E00967,SK004,5.0,Advanced,2024-10-27,1,Medium
E00967,SK009,4.9,Advanced,2024-12-05,1,Medium
E00967,SK015,2.8,Intermediate,2025-05-11,0,Medium
E00967,SK022,2.3,Intermediate,2025-09-13,1,Medium
E00967,SK026,1.6,Beginner,2024-11-27,1,Low
E00967,SK027,4.3,Advanced,2025-06-04,1,High
E00967,SK037,2.4,Intermediate,2025-02-01,1,Medium
E00968,SK001,2.2,Intermediate,2024-12-30,0,Low
E00968,SK011,3.0,Intermediate,2025-01-06,0,Medium
E00968,SK017,5.7,Advanced,2026-02-08,0,High
E00968,SK024,5.1,Advanced,2025-06-30,0,Medium
E00968,SK027,6.0,Advanced,2025-08-25,0,High
E00968,SK034,3.2,Intermediate,2025-01-11,0,Medium
E00969,SK002,5.3,Advanced,2025-08-23,0,High
E00969,SK017,2.9,Intermediate,2026-02-13,0,Low
E00969,SK027,3.2,Intermediate,2025-09-24,0,Low
E00969,SK033,6.7,Advanced,2024-10-08,0,High
E00970,SK001,2.2,Intermediate,2024-11-01,0,Low
E00970,SK007,4.0,Advanced,2025-11-12,0,Medium
E00970,SK011,1.0,Beginner,2026-01-14,1,Low
E00970,SK027,4.4,Advanced,2026-01-24,1,Medium
E00970,SK036,5.0,Advanced,2025-04-23,1,Medium
E00971,SK022,6.0,Advanced,2025-10-11,1,High
E00971,SK024,1.9,Beginner,2026-02-24,0,Low
E00971,SK030,3.2,Intermediate,2025-06-19,1,Medium
E00971,SK034,2.5,Intermediate,2025-05-24,1,Low
E00971,SK035,2.1,Intermediate,2025-08-03,1,Medium
E00972,SK004,0.5,Beginner,2025-02-11,1,High
E00972,SK008,0.5,Beginner,2026-01-31,1,Low
E00972,SK011,0.5,Beginner,2024-11-12,0,Medium
E00973,SK004,10.4,Advanced,2024-11-17,1,High
E00973,SK006,9.5,Advanced,2025-11-15,0,Medium
E00973,SK018,9.3,Advanced,2025-06-03,0,Medium
E00973,SK023,8.9,Advanced,2025-03-12,0,Medium
E00973,SK024,5.9,Advanced,2025-12-04,0,Low
E00973,SK030,5.3,Advanced,2025-10-20,0,Low
E00973,SK035,10.2,Advanced,2025-04-25,0,Medium
E00974,SK008,3.3,Intermediate,2025-07-07,1,Medium
E00974,SK010,3.0,Intermediate,2024-12-04,0,High
E00975,SK005,2.7,Intermediate,2024-12-17,1,High
E00975,SK016,1.5,Beginner,2025-10-18,1,Low
E00975,SK027,1.3,Beginner,2024-10-20,1,Medium
E00976,SK008,3.6,Intermediate,2025-01-13,0,Low
E00976,SK009,9.3,Advanced,2025-04-07,0,High
E00976,SK010,4.4,Advanced,2025-05-28,0,Low
E00976,SK017,5.1,Advanced,2025-12-15,0,Medium
E00976,SK019,2.9,Intermediate,2025-10-11,0,Low
E00976,SK036,11.0,Advanced,2025-05-27,0,High
E00977,SK011,4.1,Advanced,2025-09-27,1,Medium
E00977,SK015,1.5,Beginner,2025-10-06,1,Low
E00977,SK019,3.7,Intermediate,2026-02-06,1,Low
E00977,SK022,6.1,Advanced,2025-01-22,1,High
E00977,SK024,3.1,Intermediate,2025-01-28,0,Medium
E00977,SK025,8.0,Advanced,2025-07-05,1,High
E00978,SK016,0.5,Beginner,2025-08-21,1,Medium
E00978,SK026,0.5,Beginner,2025-12-17,1,Low
E00978,SK028,0.5,Beginner,2025-07-11,1,Medium
E00979,SK001,2.0,Intermediate,2025-09-18,0,High
E00979,SK028,0.9,Beginner,2025-10-09,0,Medium
E00979,SK029,2.0,Intermediate,2024-11-21,1,High
E00979,SK033,1.1,Beginner,2024-10-23,0,Medium
E00980,SK001,1.8,Beginner,2025-11-10,0,Medium
E00980,SK004,4.4,Advanced,2026-03-21,0,High
E00980,SK034,2.3,Intermediate,2025-07-09,0,Low
E00981,SK013,1.4,Beginner,2026-03-08,0,Low
E00981,SK022,2.2,Intermediate,2025-08-25,0,High
E00981,SK024,2.2,Intermediate,2025-06-08,0,Medium
E00982,SK011,2.4,Intermediate,2025-02-10,1,High
E00982,SK017,0.6,Beginner,2025-01-17,1,Low
E00982,SK034,2.3,Intermediate,2025-12-26,1,Medium
E00983,SK012,7.0,Advanced,2025-08-14,1,Medium
E00983,SK019,3.5,Intermediate,2025-05-07,1,Low
E00983,SK022,9.8,Advanced,2025-06-29,0,High
E00983,SK023,8.0,Advanced,2024-12-30,1,Medium
E00983,SK024,7.8,Advanced,2025-03-22,0,Medium
E00984,SK004,0.5,Beginner,2025-04-25,1,Low
E00984,SK005,1.1,Beginner,2024-12-24,0,Medium
E00984,SK020,0.6,Beginner,2025-02-18,1,Low
E00985,SK004,4.5,Advanced,2025-07-31,0,Medium
E00985,SK021,8.5,Advanced,2026-03-16,1,Medium
E00986,SK024,1.8,Beginner,2024-12-30,1,Medium
E00986,SK027,0.5,Beginner,2025-11-27,0,Low
E00986,SK033,0.5,Beginner,2025-01-05,1,Low
E00986,SK037,4.0,Advanced,2024-12-31,1,High
E00986,SK038,1.9,Beginner,2024-12-07,0,Low
E00987,SK002,0.6,Beginner,2024-12-20,0,Low
E00987,SK004,4.7,Advanced,2026-01-13,0,High
E00987,SK005,2.1,Intermediate,2026-01-26,0,Medium
E00988,SK003,0.5,Beginner,2025-01-14,1,Low
E00988,SK004,0.5,Beginner,2025-04-28,0,High
E00988,SK009,0.5,Beginner,2024-11-03,1,Low
E00988,SK011,0.5,Beginner,2025-10-08,0,Low
E00988,SK036,0.5,Beginner,2025-01-22,0,High
E00989,SK004,0.5,Beginner,2025-07-21,1,Medium
E00989,SK022,0.5,Beginner,2024-11-04,1,High
E00989,SK024,0.5,Beginner,2025-12-29,1,Medium
E00989,SK033,0.5,Beginner,2026-02-15,1,Medium
E00990,SK013,0.5,Beginner,2026-03-14,1,High
E00990,SK022,0.5,Beginner,2025-08-23,1,Medium
E00990,SK024,0.5,Beginner,2024-10-23,0,Medium
E00990,SK026,0.5,Beginner,2026-03-20,0,High
E00991,SK008,1.7,Beginner,2025-07-03,1,Medium
E00991,SK010,2.1,Intermediate,2025-08-16,0,Medium
E00991,SK020,2.5,Intermediate,2025-01-29,1,High
E00991,SK034,3.0,Intermediate,2025-08-22,1,High
E00991,SK036,1.5,Beginner,2025-01-21,1,Medium
E00992,SK004,7.8,Advanced,2025-03-10,1,Medium
E00992,SK012,6.7,Advanced,2025-07-12,1,Medium
E00992,SK019,4.2,Advanced,2025-10-03,1,Low
E00992,SK020,11.0,Advanced,2025-08-10,1,High
E00993,SK004,4.1,Advanced,2025-08-24,0,Medium
E00993,SK008,6.5,Advanced,2025-11-06,0,Medium
E00993,SK011,3.2,Intermediate,2024-11-01,0,Low
E00993,SK013,5.0,Advanced,2025-01-12,1,Medium
E00993,SK024,0.9,Beginner,2025-06-14,0,Low
E00993,SK030,3.2,Intermediate,2026-03-11,0,Low
E00993,SK036,1.9,Beginner,2025-06-26,0,Low
E00994,SK017,2.0,Intermediate,2025-12-12,0,High
E00994,SK022,1.7,Beginner,2025-12-26,1,High
E00994,SK035,0.9,Beginner,2025-08-08,1,Low
E00995,SK011,3.2,Intermediate,2025-09-09,0,High
E00995,SK015,1.4,Beginner,2025-03-18,0,Medium
E00995,SK022,4.0,Advanced,2025-01-12,0,High
E00995,SK023,1.5,Beginner,2026-02-12,0,Medium
E00995,SK024,2.1,Intermediate,2026-02-11,1,Medium
E00995,SK026,1.0,Beginner,2025-06-22,0,Low
E00996,SK020,7.0,Advanced,2024-12-22,0,High
E00996,SK022,7.0,Advanced,2024-12-14,1,High
E00996,SK036,4.4,Advanced,2025-01-02,0,Medium
E00997,SK004,0.5,Beginner,2025-03-23,0,Low
E00997,SK005,1.5,Beginner,2025-03-27,0,Medium
E00997,SK017,1.2,Beginner,2025-12-20,0,Low
E00997,SK027,2.3,Intermediate,2025-08-21,0,High
E00997,SK031,1.2,Beginner,2025-11-10,0,Medium
E00998,SK011,2.5,Intermediate,2025-03-05,1,High
E00998,SK013,2.2,Intermediate,2025-02-19,1,High
E00998,SK034,2.3,Intermediate,2025-09-14,1,Medium
E00999,SK012,1.8,Beginner,2025-07-04,0,Medium
E00999,SK023,1.5,Beginner,2025-09-11,0,Medium
E00999,SK024,3.7,Intermediate,2025-12-18,0,High
E00999,SK037,1.0,Beginner,2026-01-07,1,Low
E01000,SK001,2.0,Intermediate,2025-12-04,0,High
E01000,SK009,1.4,Beginner,2025-06-01,1,Medium
E01000,SK013,0.5,Beginner,2025-04-25,1,Low
E01000,SK031,1.7,Beginner,2025-10-14,0,Medium
E01001,SK003,1.2,Beginner,2025-06-19,1,Low
E01001,SK019,1.4,Beginner,2025-10-15,1,Low
E01001,SK025,4.6,Advanced,2025-10-06,1,High
E01001,SK028,4.2,Advanced,2025-04-01,1,High
E01002,SK023,2.3,Intermediate,2025-12-14,1,High
E01002,SK025,0.8,Beginner,2024-11-04,1,Low
E01002,SK026,0.5,Beginner,2025-07-14,1,Low
E01002,SK034,1.4,Beginner,2026-03-05,1,Low
E01002,SK036,2.1,Intermediate,2025-11-09,1,Medium
E01003,SK008,2.8,Intermediate,2025-06-20,0,High
E01003,SK013,3.0,Intermediate,2024-10-14,0,High
E01003,SK018,1.7,Beginner,2025-04-14,0,Medium
E01004,SK001,5.9,Advanced,2025-03-12,0,Medium
E01004,SK013,6.5,Advanced,2025-02-27,0,High
E01004,SK016,5.5,Advanced,2025-03-29,0,Medium
E01004,SK034,3.3,Intermediate,2025-09-25,0,Medium
E01005,SK004,3.4,Intermediate,2025-10-27,1,High
E01005,SK030,3.0,Intermediate,2024-11-10,1,Medium
E01006,SK019,0.5,Beginner,2026-02-23,0,Low
E01006,SK021,0.5,Beginner,2026-03-01,0,Low
E01006,SK023,0.5,Beginner,2025-08-15,0,High
E01006,SK025,0.5,Beginner,2025-02-17,0,High
E01007,SK010,3.7,Intermediate,2024-10-29,1,Medium
E01007,SK011,8.9,Advanced,2025-03-22,1,High
E01007,SK019,2.9,Intermediate,2025-06-30,0,Low
E01007,SK022,10.0,Advanced,2024-12-04,1,High
E01007,SK024,5.3,Advanced,2025-07-10,1,Medium
E01007,SK028,5.0,Advanced,2025-02-28,1,Medium
E01008,SK003,0.5,Beginner,2025-06-28,1,Low
E01008,SK009,0.9,Beginner,2025-10-27,1,High
E01008,SK010,0.6,Beginner,2026-03-08,1,Medium
E01008,SK011,0.7,Beginner,2025-09-17,1,Medium
E01008,SK015,0.8,Beginner,2026-02-20,0,High
E01008,SK029,0.5,Beginner,2025-01-18,1,Low
E01009,SK001,2.1,Intermediate,2025-12-26,1,Medium
E01009,SK011,3.0,Intermediate,2025-02-12,1,High
E01010,SK006,3.4,Intermediate,2025-05-01,0,Medium
E01010,SK016,2.4,Intermediate,2025-04-23,0,Low
E01010,SK036,4.6,Advanced,2026-02-15,0,High
E01011,SK002,2.0,Intermediate,2025-11-11,0,Low
E01011,SK012,4.3,Advanced,2025-02-28,0,Medium
E01011,SK021,1.9,Beginner,2025-01-24,0,Low
E01011,SK022,3.6,Intermediate,2024-10-31,0,Medium
E01011,SK023,5.8,Advanced,2025-01-22,0,High
E01011,SK024,0.9,Beginner,2025-03-29,0,Low
E01011,SK034,4.9,Advanced,2025-08-26,0,Medium
E01011,SK036,4.7,Advanced,2026-01-26,0,Medium
E01012,SK015,3.6,Intermediate,2026-01-11,0,Medium
E01012,SK023,5.0,Advanced,2024-11-11,0,High
E01012,SK032,3.4,Intermediate,2025-03-18,0,Medium
E01012,SK034,3.7,Intermediate,2025-10-31,0,High
E01013,SK001,8.3,Advanced,2026-02-10,1,Medium
E01013,SK019,3.8,Intermediate,2026-01-15,1,Low
E01013,SK020,12.1,Advanced,2025-07-25,0,Medium
E01013,SK024,12.2,Advanced,2024-12-02,1,High
E01013,SK026,8.0,Advanced,2024-10-25,1,Low
E01014,SK001,6.0,Advanced,2024-12-02,0,High
E01014,SK003,2.9,Intermediate,2024-12-08,0,Low
E01014,SK011,5.8,Advanced,2025-06-22,0,Medium
E01014,SK024,3.9,Intermediate,2025-12-25,0,Medium
E01015,SK011,1.7,Beginner,2025-04-04,1,Low
E01015,SK023,3.9,Intermediate,2025-10-03,1,High
E01015,SK024,2.3,Intermediate,2024-10-12,1,Medium
E01015,SK025,3.4,Intermediate,2024-10-30,0,Medium
E01015,SK036,2.7,Intermediate,2024-11-03,0,Medium
E01016,SK011,3.6,Intermediate,2025-12-04,1,High
E01016,SK021,2.0,Intermediate,2025-02-14,1,Medium
E01016,SK023,3.0,Intermediate,2024-12-15,1,Medium
E01016,SK026,3.8,Intermediate,2026-01-29,1,Medium
E01017,SK005,6.8,Advanced,2025-12-02,1,Medium
E01017,SK008,4.4,Advanced,2025-06-15,1,Medium
E01017,SK009,7.1,Advanced,2025-10-11,0,Medium
E01017,SK011,5.4,Advanced,2024-10-29,1,Low
E01017,SK026,8.5,Advanced,2024-11-17,1,Medium
E01017,SK034,2.0,Intermediate,2025-09-30,0,Low
E01017,SK037,5.2,Advanced,2025-09-06,1,Medium
E01018,SK001,6.0,Advanced,2025-05-02,0,High
E01018,SK004,1.6,Beginner,2025-08-10,0,Low
E01018,SK024,4.7,Advanced,2024-12-03,0,Medium
E01018,SK029,6.0,Advanced,2025-07-25,0,High
E01018,SK030,3.0,Intermediate,2025-07-16,0,Medium
E01018,SK033,2.9,Intermediate,2025-03-14,0,Medium
E01019,SK020,2.3,Intermediate,2025-04-16,0,Medium
E01019,SK023,1.8,Beginner,2025-11-23,0,Low
E01019,SK029,4.0,Advanced,2025-05-25,0,High
E01019,SK038,3.2,Intermediate,2025-07-17,0,High
E01020,SK025,1.5,Beginner,2025-09-27,1,High
E01020,SK038,0.7,Beginner,2025-11-21,1,Medium
E01021,SK017,6.0,Advanced,2025-07-24,0,High
E01021,SK024,5.5,Advanced,2025-05-30,0,High
E01022,SK006,5.0,Advanced,2025-11-30,1,Low
E01022,SK011,4.6,Advanced,2024-11-28,0,Medium
E01022,SK018,7.9,Advanced,2024-10-31,0,Medium
E01022,SK020,9.2,Advanced,2025-11-08,0,Medium
E01022,SK022,11.0,Advanced,2025-10-09,0,High
E01023,SK006,0.5,Beginner,2026-01-19,1,Medium
E01023,SK012,0.5,Beginner,2025-05-15,1,Medium
E01023,SK022,0.5,Beginner,2025-04-17,1,High
E01024,SK017,0.5,Beginner,2026-01-04,1,Medium
E01024,SK023,0.5,Beginner,2025-09-04,0,Medium
E01024,SK025,0.5,Beginner,2024-11-25,1,High
E01025,SK011,6.0,Advanced,2025-01-03,1,High
E01025,SK017,2.2,Intermediate,2026-01-10,0,Medium
E01025,SK024,2.3,Intermediate,2025-11-29,0,Medium
E01025,SK027,2.2,Intermediate,2025-10-12,0,Medium
E01026,SK004,7.8,Advanced,2025-09-30,0,Medium
E01026,SK016,2.3,Intermediate,2025-03-15,0,Low
E01026,SK020,7.7,Advanced,2024-11-12,1,High
E01026,SK022,4.1,Advanced,2024-12-17,0,Medium
E01027,SK002,3.7,Intermediate,2025-11-29,0,Medium
E01027,SK027,4.3,Advanced,2025-08-19,0,High
E01027,SK037,2.3,Intermediate,2025-02-14,0,Low
E01028,SK004,9.8,Advanced,2025-12-27,1,Medium
E01028,SK005,13.0,Advanced,2025-10-12,1,High
E01028,SK011,3.2,Intermediate,2025-04-24,0,Low
E01029,SK003,2.4,Intermediate,2025-04-20,0,Medium
E01029,SK022,2.4,Intermediate,2025-09-13,0,Medium
E01029,SK026,1.2,Beginner,2025-05-23,0,Low
E01029,SK027,1.4,Beginner,2025-11-22,0,Low
E01030,SK002,5.8,Advanced,2024-11-19,1,Medium
E01030,SK006,6.6,Advanced,2026-02-06,1,High
E01030,SK011,5.9,Advanced,2025-08-14,0,Medium
E01030,SK015,5.5,Advanced,2025-12-19,1,Medium
E01031,SK002,4.6,Advanced,2026-02-21,1,Medium
E01031,SK011,4.5,Advanced,2025-01-06,1,Medium
E01031,SK025,2.2,Intermediate,2026-02-04,0,Medium
E01031,SK038,5.7,Advanced,2025-11-12,1,High
E01032,SK001,1.3,Beginner,2026-03-14,0,Low
E01032,SK024,0.6,Beginner,2026-03-22,1,Low
E01033,SK001,3.0,Intermediate,2025-05-02,0,Low
E01033,SK002,4.9,Advanced,2025-12-06,0,High
E01033,SK006,6.6,Advanced,2025-02-10,0,High
E01033,SK010,5.9,Advanced,2025-06-03,1,Medium
E01033,SK030,2.6,Intermediate,2026-01-19,0,Medium
E01033,SK037,5.6,Advanced,2025-07-10,0,Medium
E01034,SK006,3.3,Intermediate,2025-08-27,1,Medium
E01034,SK008,1.2,Beginner,2025-07-30,1,Low
E01034,SK024,5.6,Advanced,2024-11-10,1,Medium
E01035,SK002,0.7,Beginner,2025-12-03,0,Low
E01035,SK003,2.1,Intermediate,2025-10-26,1,Low
E01035,SK005,3.8,Intermediate,2024-11-16,1,Medium
E01035,SK007,1.8,Beginner,2025-08-24,1,Low
E01035,SK009,2.1,Intermediate,2026-01-23,1,Medium
E01035,SK010,3.7,Intermediate,2025-01-26,1,Medium
E01035,SK033,4.7,Advanced,2025-06-12,1,Medium
E01036,SK005,1.1,Beginner,2025-07-26,1,Medium
E01036,SK008,2.0,Intermediate,2025-01-14,1,High
E01036,SK024,0.5,Beginner,2024-10-31,1,Low
E01036,SK037,1.6,Beginner,2025-05-06,0,High
E01037,SK004,9.4,Advanced,2026-02-21,0,High
E01037,SK005,6.7,Advanced,2026-02-26,0,Medium
E01037,SK012,5.4,Advanced,2026-01-18,0,Medium
E01037,SK019,6.7,Advanced,2026-01-02,0,Medium
E01037,SK027,8.3,Advanced,2025-12-17,1,Medium
E01037,SK034,4.4,Advanced,2025-08-27,0,Low
E01037,SK038,8.4,Advanced,2025-11-12,0,Medium
E01038,SK004,0.5,Beginner,2026-03-03,0,Low
E01038,SK027,0.7,Beginner,2024-12-08,1,Medium
E01038,SK028,1.0,Beginner,2025-10-14,1,High
E01038,SK035,0.5,Beginner,2025-01-28,1,Low
E01039,SK001,1.2,Beginner,2026-02-16,1,Medium
E01039,SK004,2.2,Intermediate,2025-12-18,1,High
E01039,SK006,1.4,Beginner,2025-09-18,0,Medium
E01039,SK011,2.4,Intermediate,2026-03-06,1,High
E01040,SK010,3.4,Intermediate,2025-02-15,1,Medium
E01040,SK011,4.3,Advanced,2026-03-07,0,High
E01040,SK013,3.6,Intermediate,2025-11-14,1,High
E01040,SK023,3.5,Intermediate,2025-05-11,0,Medium
E01040,SK026,1.8,Beginner,2025-03-23,0,Medium
E01041,SK005,2.2,Intermediate,2025-12-01,1,High
E01041,SK012,1.3,Beginner,2025-05-06,0,Low
E01041,SK022,2.5,Intermediate,2025-10-11,1,Medium
E01041,SK031,1.6,Beginner,2024-11-21,1,Medium
E01042,SK010,2.2,Intermediate,2024-10-16,1,Medium
E01042,SK011,4.0,Advanced,2025-07-24,1,High
E01042,SK014,1.7,Beginner,2025-02-20,1,Medium
E01042,SK021,1.6,Beginner,2025-09-01,1,Low
E01042,SK025,1.9,Beginner,2025-01-24,0,Medium
E01042,SK027,2.7,Intermediate,2025-11-10,1,Medium
E01043,SK002,5.3,Advanced,2024-11-11,1,High
E01043,SK019,3.9,Intermediate,2026-03-21,0,Medium
E01043,SK036,5.0,Advanced,2024-12-20,1,Medium
E01043,SK037,3.3,Intermediate,2024-10-31,1,Medium
E01044,SK008,1.9,Beginner,2025-08-24,0,Medium
E01044,SK011,5.0,Advanced,2025-03-29,0,High
E01044,SK016,0.9,Beginner,2025-08-27,0,Low
E01044,SK018,4.2,Advanced,2024-11-21,0,Medium
E01044,SK037,3.7,Intermediate,2024-12-16,0,Medium
E01045,SK004,4.7,Advanced,2024-12-04,0,High
E01045,SK014,2.8,Intermediate,2025-11-18,0,Medium
E01045,SK025,2.5,Intermediate,2024-11-30,0,Low
E01045,SK027,2.2,Intermediate,2025-02-16,0,Medium
E01045,SK034,2.2,Intermediate,2025-11-06,0,Medium
E01046,SK003,3.0,Intermediate,2024-11-26,0,Low
E01046,SK011,5.2,Advanced,2025-08-13,0,High
E01046,SK017,2.7,Intermediate,2025-11-11,0,Low
E01046,SK021,2.4,Intermediate,2025-03-25,0,Medium
E01046,SK024,4.9,Advanced,2025-03-15,0,Medium
E01046,SK027,3.8,Intermediate,2025-08-30,0,Medium
E01047,SK005,7.4,Advanced,2025-05-08,1,Medium
E01047,SK016,4.5,Advanced,2025-12-16,1,Low
E01047,SK019,7.0,Advanced,2025-02-17,0,Medium
E01047,SK020,6.7,Advanced,2024-10-22,0,Medium
E01048,SK001,7.0,Advanced,2026-01-24,1,High
E01048,SK010,3.7,Intermediate,2025-02-07,0,Medium
E01048,SK011,2.7,Intermediate,2024-12-16,1,Medium
E01048,SK012,3.2,Intermediate,2026-01-24,0,Low
E01048,SK015,2.9,Intermediate,2025-05-12,1,Medium
E01048,SK018,2.6,Intermediate,2024-11-21,1,Medium
E01049,SK027,3.0,Intermediate,2025-08-22,1,High
E01049,SK035,2.0,Intermediate,2025-04-27,1,Medium
E01050,SK011,4.4,Advanced,2025-04-11,1,High
E01050,SK013,1.6,Beginner,2025-01-07,1,Low
E01050,SK015,4.3,Advanced,2025-08-23,0,High
E01050,SK037,2.6,Intermediate,2025-01-28,1,Medium
E01051,SK022,5.3,Advanced,2025-03-01,1,High
E01051,SK024,3.7,Intermediate,2025-10-26,1,Medium
E01051,SK033,2.8,Intermediate,2025-06-05,1,Low
E01051,SK038,0.7,Beginner,2025-05-10,1,Low
E01052,SK001,5.2,Advanced,2025-05-08,0,Low
E01052,SK002,3.6,Intermediate,2026-01-01,1,Low
E01052,SK006,3.6,Intermediate,2025-07-16,1,Low
E01052,SK022,12.0,Advanced,2024-11-20,1,High
E01052,SK023,3.9,Intermediate,2025-09-26,1,Low
E01052,SK026,9.4,Advanced,2026-01-09,1,Medium
E01053,SK006,0.7,Beginner,2025-10-05,0,Low
E01053,SK011,1.5,Beginner,2025-08-09,0,Medium
E01053,SK016,4.0,Advanced,2026-01-22,0,High
E01053,SK017,3.0,Intermediate,2025-11-12,0,Medium
E01053,SK018,2.0,Intermediate,2025-09-17,0,Medium
E01053,SK020,2.0,Intermediate,2025-07-05,0,Medium
E01053,SK022,1.8,Beginner,2025-08-13,0,Medium
E01054,SK016,2.3,Intermediate,2024-10-30,1,Low
E01054,SK017,6.7,Advanced,2026-01-19,1,High
E01054,SK024,4.4,Advanced,2025-07-27,1,Medium
E01054,SK028,5.3,Advanced,2024-12-26,1,Medium
E01055,SK001,5.6,Advanced,2025-09-04,1,Medium
E01055,SK011,3.8,Intermediate,2025-04-22,0,Medium
E01055,SK019,4.0,Advanced,2025-09-15,0,Medium
E01055,SK020,4.7,Advanced,2025-08-11,1,Medium
E01055,SK027,7.3,Advanced,2025-09-26,1,Medium
E01055,SK034,8.4,Advanced,2025-03-20,1,High
E01055,SK036,7.0,Advanced,2024-12-30,1,High
E01056,SK001,7.0,Advanced,2025-12-19,0,High
E01056,SK005,3.7,Intermediate,2025-09-29,1,Medium
E01056,SK010,7.0,Advanced,2025-11-07,1,High
E01056,SK037,2.8,Intermediate,2025-11-09,0,Medium
E01057,SK001,4.0,Advanced,2026-02-02,1,High
E01057,SK014,1.2,Beginner,2025-01-21,1,Low
E01057,SK015,0.7,Beginner,2026-01-04,0,Low
E01057,SK028,1.2,Beginner,2025-04-26,1,Low
E01057,SK034,1.8,Beginner,2025-08-18,1,Low
E01058,SK029,3.2,Intermediate,2025-11-04,1,Medium
E01058,SK033,2.3,Intermediate,2025-12-05,1,Low
E01059,SK002,5.8,Advanced,2025-05-10,0,Medium
E01059,SK010,3.0,Intermediate,2026-02-07,0,Low
E01059,SK014,5.4,Advanced,2024-10-27,1,Medium
E01059,SK024,2.0,Intermediate,2025-03-02,0,Low
E01059,SK027,7.0,Advanced,2025-03-19,0,High
E01060,SK001,0.5,Beginner,2024-10-27,0,High
E01060,SK004,0.5,Beginner,2025-11-07,1,High
E01060,SK011,0.5,Beginner,2025-07-03,1,Medium
E01060,SK027,0.5,Beginner,2025-06-19,1,Medium
E01061,SK007,1.0,Beginner,2025-09-05,0,Low
E01061,SK008,0.9,Beginner,2025-01-07,0,Low
E01061,SK021,2.0,Intermediate,2025-11-24,0,Low
E01061,SK024,0.9,Beginner,2024-11-14,0,Low
E01061,SK037,4.8,Advanced,2025-04-26,0,High
E01062,SK004,1.3,Beginner,2025-01-20,0,Medium
E01062,SK011,1.7,Beginner,2025-11-27,0,High
E01062,SK033,1.8,Beginner,2025-10-14,0,High
E01063,SK001,5.4,Advanced,2025-05-29,1,Medium
E01063,SK002,5.3,Advanced,2025-10-20,1,Medium
E01063,SK011,7.6,Advanced,2024-10-13,0,Medium
E01063,SK017,4.6,Advanced,2025-05-17,1,Medium
E01063,SK022,10.0,Advanced,2025-09-29,1,High
E01063,SK023,3.7,Intermediate,2024-10-22,1,Low
E01063,SK030,3.8,Intermediate,2024-12-02,1,Low
E01064,SK007,1.4,Beginner,2024-12-30,1,Medium
E01064,SK012,0.9,Beginner,2025-06-25,1,Medium
E01064,SK022,1.6,Beginner,2025-11-12,0,High
E01064,SK037,0.8,Beginner,2026-03-09,0,Low
E01064,SK038,0.7,Beginner,2025-05-26,1,Low
E01065,SK013,0.5,Beginner,2024-12-11,1,Low
E01065,SK027,0.6,Beginner,2025-09-24,1,Medium
E01066,SK014,1.7,Beginner,2025-04-11,0,Medium
E01066,SK015,2.5,Intermediate,2025-06-20,1,High
E01066,SK023,0.5,Beginner,2026-03-15,0,Low
E01066,SK024,0.5,Beginner,2025-10-18,1,Low
E01067,SK003,4.9,Advanced,2026-03-04,1,Medium
E01067,SK009,4.5,Advanced,2025-02-01,1,Medium
E01067,SK025,8.4,Advanced,2024-10-09,0,Medium
E01067,SK026,4.0,Advanced,2025-11-25,1,Medium
E01067,SK036,9.1,Advanced,2024-10-25,1,High
E01068,SK021,4.8,Advanced,2025-08-17,0,Medium
E01068,SK022,1.3,Beginner,2026-02-21,0,Low
E01068,SK025,5.5,Advanced,2025-04-07,1,High
E01068,SK036,2.3,Intermediate,2025-09-04,1,Medium
E01069,SK013,6.0,Advanced,2025-02-22,1,High
E01069,SK033,2.6,Intermediate,2026-03-24,1,Medium
E01070,SK016,2.3,Intermediate,2025-02-01,1,Medium
E01070,SK020,1.1,Beginner,2024-11-10,1,Medium
E01070,SK024,2.5,Intermediate,2025-05-02,0,Medium
E01070,SK025,2.5,Intermediate,2024-12-12,1,High
E01071,SK007,1.0,Beginner,2025-05-12,1,Low
E01071,SK019,2.7,Intermediate,2025-07-22,0,Medium
E01071,SK023,3.2,Intermediate,2024-10-21,1,Medium
E01071,SK026,2.5,Intermediate,2025-09-04,1,Medium
E01072,SK017,3.4,Intermediate,2025-11-03,0,Medium
E01072,SK035,5.2,Advanced,2024-12-19,0,High
E01073,SK004,4.6,Advanced,2025-02-18,0,Medium
E01073,SK014,3.6,Intermediate,2025-06-27,0,Medium
E01073,SK019,2.9,Intermediate,2025-11-01,1,Low
E01073,SK020,3.0,Intermediate,2025-09-09,1,Low
E01073,SK024,3.5,Intermediate,2024-11-18,1,Medium
E01074,SK011,3.0,Intermediate,2024-10-29,1,High
E01074,SK023,2.1,Intermediate,2024-12-20,1,Medium
E01074,SK024,2.8,Intermediate,2025-01-09,1,High
E01074,SK026,1.4,Beginner,2025-01-25,1,Low
E01075,SK001,4.0,Advanced,2025-08-08,0,Medium
E01075,SK004,7.0,Advanced,2025-12-04,0,High
E01075,SK006,3.7,Intermediate,2025-04-05,1,Medium
E01075,SK017,5.4,Advanced,2026-03-12,0,Medium
E01075,SK023,3.4,Intermediate,2026-03-04,1,Medium
E01076,SK004,2.5,Intermediate,2026-01-08,0,Medium
E01076,SK005,1.7,Beginner,2025-09-03,0,Medium
E01076,SK033,4.0,Advanced,2026-01-12,0,High
E01076,SK038,1.8,Beginner,2025-03-30,0,Low
E01077,SK023,0.7,Beginner,2026-03-24,0,Low
E01077,SK028,1.6,Beginner,2025-08-18,0,Low
E01078,SK011,1.3,Beginner,2025-09-04,0,Low
E01078,SK012,4.1,Advanced,2024-10-30,0,Low
E01078,SK013,6.6,Advanced,2026-03-09,0,Medium
E01078,SK025,1.5,Beginner,2026-01-06,0,Low
E01078,SK026,6.9,Advanced,2025-08-23,0,Medium
E01079,SK006,6.1,Advanced,2025-01-29,0,Medium
E01079,SK011,14.6,Advanced,2026-03-01,0,High
E01079,SK013,6.1,Advanced,2026-02-12,0,Low
E01079,SK021,4.0,Advanced,2025-02-03,0,Low
E01079,SK024,2.1,Intermediate,2025-01-13,0,Low
E01080,SK004,0.5,Beginner,2026-03-15,0,Low
E01080,SK011,0.5,Beginner,2025-07-03,0,Medium
E01080,SK018,0.5,Beginner,2025-11-06,0,Medium
E01080,SK028,0.5,Beginner,2025-09-10,0,Low
E01081,SK019,5.1,Advanced,2025-12-13,1,Low
E01081,SK022,3.2,Intermediate,2025-10-15,0,Low
E01081,SK026,9.2,Advanced,2025-05-18,1,Medium
E01081,SK028,1.8,Beginner,2025-05-12,1,Low
E01081,SK032,7.6,Advanced,2025-02-14,0,Medium
E01082,SK001,6.6,Advanced,2025-05-22,0,High
E01082,SK011,5.1,Advanced,2025-12-08,1,Medium
E01082,SK013,5.5,Advanced,2024-10-27,1,Medium
E01082,SK017,0.7,Beginner,2025-11-30,1,Low
E01082,SK019,2.3,Intermediate,2025-06-24,0,Low
E01082,SK035,2.8,Intermediate,2024-12-22,1,Low
E01083,SK020,2.8,Intermediate,2025-05-20,1,Low
E01083,SK037,7.8,Advanced,2025-01-10,1,High
E01084,SK012,0.5,Beginner,2026-03-09,1,High
E01085,SK004,3.6,Intermediate,2026-03-17,1,Low
E01085,SK007,4.5,Advanced,2024-10-31,1,Medium
E01085,SK024,4.7,Advanced,2025-03-23,1,Low
E01085,SK027,8.8,Advanced,2026-02-18,1,High
E01085,SK030,4.0,Advanced,2025-04-12,1,Low
E01085,SK035,3.6,Intermediate,2025-09-07,1,Low
E01086,SK020,5.7,Advanced,2026-02-27,0,Medium
E01086,SK023,9.2,Advanced,2025-05-09,1,Medium
E01086,SK026,14.4,Advanced,2025-01-27,1,High
E01086,SK036,4.4,Advanced,2025-06-13,0,Low
E01086,SK038,5.5,Advanced,2024-12-22,1,Low
E01087,SK025,3.8,Intermediate,2025-04-01,1,High
E01087,SK031,2.3,Intermediate,2024-10-31,1,Medium
E01088,SK005,10.9,Advanced,2025-12-12,0,High
E01088,SK022,4.4,Advanced,2025-11-09,0,Low
E01088,SK026,8.8,Advanced,2025-02-26,0,Medium
E01088,SK036,10.9,Advanced,2026-01-30,1,High
E01089,SK001,2.4,Intermediate,2024-11-28,1,Medium
E01089,SK034,2.0,Intermediate,2025-05-25,0,Medium
E01089,SK036,5.0,Advanced,2026-03-13,0,High
E01090,SK009,3.0,Intermediate,2025-10-06,0,High
E01090,SK011,2.5,Intermediate,2025-04-13,0,Medium
E01090,SK023,1.2,Beginner,2025-06-01,0,Low
E01090,SK031,1.1,Beginner,2026-01-31,0,Low
E01091,SK005,11.7,Advanced,2025-11-09,0,High
E01091,SK006,9.8,Advanced,2025-02-15,1,High
E01091,SK014,2.3,Intermediate,2025-06-17,0,Low
E01091,SK027,2.2,Intermediate,2025-10-12,1,Low
E01091,SK033,9.8,Advanced,2025-08-29,1,Medium
E01092,SK002,5.7,Advanced,2025-08-13,1,Medium
E01092,SK017,3.9,Intermediate,2025-06-23,1,Medium
E01092,SK025,7.4,Advanced,2026-01-18,1,High
E01092,SK032,3.9,Intermediate,2025-10-30,1,Medium
E01093,SK011,6.9,Advanced,2025-03-08,0,Low
E01093,SK020,7.2,Advanced,2025-12-04,0,Medium
E01093,SK021,12.2,Advanced,2025-10-18,0,High
E01093,SK023,7.4,Advanced,2025-11-27,1,Medium
E01093,SK024,5.0,Advanced,2025-01-15,0,Medium
E01093,SK026,2.5,Intermediate,2025-01-06,0,Low
E01094,SK004,3.9,Intermediate,2025-11-26,0,Medium
E01094,SK007,2.4,Intermediate,2025-09-11,0,Low
E01094,SK019,5.7,Advanced,2025-07-27,1,High
E01094,SK023,5.6,Advanced,2026-02-22,1,High
E01095,SK001,4.6,Advanced,2026-01-22,1,Medium
E01095,SK010,2.9,Intermediate,2025-11-05,1,Low
E01095,SK014,4.6,Advanced,2024-10-13,0,High
E01095,SK023,4.8,Advanced,2025-06-07,1,Medium
E01095,SK024,3.8,Intermediate,2025-08-05,1,Medium
E01095,SK025,5.4,Advanced,2026-02-11,0,High
E01095,SK026,5.1,Advanced,2026-01-31,0,Medium
E01096,SK004,4.1,Advanced,2026-01-21,1,Medium
E01096,SK005,3.8,Intermediate,2025-07-28,0,Medium
E01096,SK025,2.4,Intermediate,2026-03-09,1,Medium
E01096,SK027,4.8,Advanced,2025-09-25,0,High
E01096,SK034,3.4,Intermediate,2025-05-14,0,Medium
E01096,SK037,3.2,Intermediate,2026-03-20,0,Medium
E01097,SK001,2.3,Intermediate,2026-01-21,1,Medium
E01097,SK002,3.1,Intermediate,2025-10-20,0,High
E01097,SK003,2.2,Intermediate,2024-10-09,1,Medium
E01097,SK005,2.1,Intermediate,2025-12-17,1,Medium
E01097,SK021,2.4,Intermediate,2025-10-20,1,Medium
E01097,SK024,1.0,Beginner,2024-12-23,0,Low
E01098,SK011,3.0,Intermediate,2025-12-08,0,High
E01098,SK019,1.6,Beginner,2025-09-20,0,Medium
E01098,SK038,1.2,Beginner,2025-01-03,0,Medium
E01099,SK012,3.2,Intermediate,2025-12-28,0,Medium
E01099,SK017,2.1,Intermediate,2025-06-21,0,Medium
E01099,SK026,2.8,Intermediate,2025-09-04,1,Medium
E01100,SK002,3.2,Intermediate,2025-05-04,1,Medium
E01100,SK010,1.0,Beginner,2025-02-18,1,Low
E01100,SK017,4.0,Advanced,2024-12-27,0,High
E01100,SK032,0.5,Beginner,2025-07-28,0,Low
E01100,SK034,1.8,Beginner,2025-03-04,1,Low
E01100,SK037,1.3,Beginner,2025-01-30,1,Low
E01101,SK013,2.3,Intermediate,2025-04-25,0,High
E01101,SK018,2.2,Intermediate,2025-02-06,0,Medium
E01101,SK024,3.0,Intermediate,2026-02-17,0,High
E01101,SK034,1.6,Beginner,2025-08-14,0,Medium
E01102,SK009,7.0,Advanced,2025-02-27,0,High
E01102,SK011,1.7,Beginner,2024-11-12,0,Low
E01102,SK024,2.1,Intermediate,2025-04-16,0,Low
E01102,SK036,2.7,Intermediate,2025-09-12,0,Low
E01103,SK004,0.5,Beginner,2024-12-07,1,Medium
E01103,SK011,0.5,Beginner,2025-09-23,0,Medium
E01103,SK037,0.5,Beginner,2024-12-09,1,Low
E01104,SK006,11.0,Advanced,2025-12-12,1,High
E01104,SK009,5.4,Advanced,2025-10-29,1,Low
E01104,SK010,3.9,Intermediate,2026-02-15,0,Medium
E01104,SK029,4.6,Advanced,2025-04-07,0,Medium
E01105,SK001,1.8,Beginner,2025-10-25,0,Medium
E01105,SK012,1.0,Beginner,2025-04-24,0,Low
E01105,SK015,3.2,Intermediate,2025-07-14,0,Medium
E01105,SK020,4.0,Advanced,2025-07-09,0,High
E01106,SK013,4.0,Advanced,2025-05-03,1,Low
E01106,SK021,6.7,Advanced,2024-12-14,0,Medium
E01106,SK023,6.9,Advanced,2024-11-29,0,Medium
E01106,SK024,3.9,Intermediate,2025-08-04,0,Low
E01106,SK032,9.0,Advanced,2026-03-16,0,High
E01107,SK014,8.6,Advanced,2025-03-30,1,Medium
E01107,SK015,6.3,Advanced,2024-12-15,0,Low
E01107,SK016,18.0,Advanced,2025-10-01,1,High
E01107,SK018,3.5,Intermediate,2026-01-10,0,Low
E01107,SK019,11.1,Advanced,2025-02-12,1,Medium
E01107,SK024,2.6,Intermediate,2025-07-10,0,Low
E01107,SK028,8.1,Advanced,2025-10-15,1,Medium
E01107,SK029,18.0,Advanced,2026-02-26,1,High
E01108,SK020,7.2,Advanced,2025-12-21,0,High
E01108,SK022,1.6,Beginner,2026-03-19,1,Low
E01108,SK032,8.6,Advanced,2025-10-30,0,High
E01108,SK034,5.7,Advanced,2025-08-11,1,Medium
E01108,SK037,3.9,Intermediate,2025-11-13,0,Medium
E01109,SK003,2.1,Intermediate,2026-01-17,0,Low
E01109,SK016,6.0,Advanced,2025-04-26,0,High
E01109,SK018,3.4,Intermediate,2025-11-01,0,Medium
E01109,SK022,5.7,Advanced,2026-01-04,1,High
E01109,SK029,2.7,Intermediate,2024-12-18,0,Low
E01110,SK005,6.0,Advanced,2024-11-17,1,High
E01110,SK022,3.1,Intermediate,2025-03-16,0,Medium
E01111,SK001,4.3,Advanced,2025-10-21,1,Medium
E01111,SK008,2.3,Intermediate,2025-10-31,1,Low
E01111,SK013,5.2,Advanced,2025-01-26,1,Medium
E01111,SK015,9.4,Advanced,2025-04-14,1,Medium
E01111,SK030,5.6,Advanced,2025-12-11,1,Low
E01111,SK036,2.6,Intermediate,2024-10-16,1,Low
E01111,SK037,5.5,Advanced,2025-09-13,0,Low
E01112,SK011,2.5,Intermediate,2026-01-10,1,Low
E01112,SK023,4.4,Advanced,2025-05-21,1,High
E01112,SK025,5.2,Advanced,2024-10-16,1,High
E01112,SK032,3.9,Intermediate,2025-07-19,1,Medium
E01113,SK007,1.1,Beginner,2025-09-15,0,Medium
E01113,SK012,0.5,Beginner,2026-01-12,0,Low
E01113,SK024,2.8,Intermediate,2024-12-01,1,High
E01113,SK035,0.8,Beginner,2025-11-26,1,Low
E01114,SK002,6.0,Advanced,2025-05-20,1,Medium
E01114,SK004,12.0,Advanced,2024-11-15,0,High
E01114,SK010,12.0,Advanced,2025-03-21,0,High
E01114,SK021,3.0,Intermediate,2025-07-01,1,Low
E01115,SK010,3.0,Intermediate,2025-10-23,1,High
E01115,SK011,1.1,Beginner,2025-12-02,1,Medium
E01116,SK004,5.9,Advanced,2025-06-06,0,Medium
E01116,SK005,9.3,Advanced,2024-12-24,0,Medium
E01116,SK006,8.5,Advanced,2025-10-31,1,Medium
E01116,SK037,11.0,Advanced,2025-02-19,0,High
E01116,SK038,6.7,Advanced,2026-02-06,0,Medium
E01117,SK022,1.7,Beginner,2025-11-15,1,Low
E01117,SK023,2.6,Intermediate,2025-03-01,0,Medium
E01117,SK024,5.6,Advanced,2025-06-20,1,High
E01117,SK038,2.3,Intermediate,2026-02-07,1,Low
E01118,SK004,0.5,Beginner,2025-07-03,1,Low
E01118,SK008,1.6,Beginner,2024-12-30,1,High
E01118,SK013,0.9,Beginner,2025-09-23,1,Medium
E01118,SK023,0.5,Beginner,2025-02-01,1,Low
E01119,SK002,3.5,Intermediate,2026-03-08,0,Medium
E01119,SK004,4.9,Advanced,2026-02-09,1,Medium
E01119,SK005,5.0,Advanced,2024-11-28,0,High
E01119,SK024,2.9,Intermediate,2025-02-24,1,Medium
E01119,SK038,3.1,Intermediate,2025-04-12,0,Medium
E01120,SK011,1.5,Beginner,2024-11-22,0,High
E01120,SK015,0.9,Beginner,2024-11-27,0,Low
E01120,SK024,1.4,Beginner,2025-04-15,0,Medium
E01120,SK029,1.3,Beginner,2025-07-04,0,Medium
E01120,SK033,1.2,Beginner,2025-04-25,0,Medium
E01121,SK002,8.6,Advanced,2024-12-26,0,Medium
E01121,SK004,17.7,Advanced,2025-04-26,1,High
E01121,SK024,3.9,Intermediate,2025-04-05,0,Low
E01121,SK028,9.9,Advanced,2025-10-31,1,Medium
E01121,SK031,11.8,Advanced,2025-03-04,0,Medium
E01121,SK038,12.7,Advanced,2024-11-17,0,Medium
E01122,SK011,0.6,Beginner,2024-10-28,1,Low
E01122,SK013,4.0,Advanced,2025-07-18,1,High
E01122,SK017,3.3,Intermediate,2024-12-16,0,Medium
E01122,SK023,0.8,Beginner,2024-12-24,0,Low
E01123,SK006,4.8,Advanced,2025-01-26,0,Medium
E01123,SK007,5.0,Advanced,2026-01-27,1,Medium
E01123,SK023,6.0,Advanced,2025-01-21,1,High
E01123,SK024,4.9,Advanced,2025-09-04,1,Medium
E01123,SK025,3.9,Intermediate,2024-11-09,0,Medium
E01123,SK026,4.1,Advanced,2025-03-12,0,Medium
E01123,SK036,5.5,Advanced,2026-01-28,1,Medium
E01124,SK009,4.1,Advanced,2025-06-28,0,Medium
E01124,SK017,8.1,Advanced,2025-01-21,1,High
E01124,SK025,7.7,Advanced,2026-03-02,1,Medium
E01124,SK031,6.8,Advanced,2026-03-07,1,Medium
E01124,SK032,6.2,Advanced,2026-02-14,1,Medium
E01125,SK001,1.9,Beginner,2025-06-17,0,Medium
E01125,SK016,2.8,Intermediate,2025-11-12,0,High
E01125,SK022,1.6,Beginner,2025-12-04,0,Low
E01125,SK031,1.8,Beginner,2025-07-30,0,Medium
E01126,SK018,1.8,Beginner,2024-10-25,0,High
E01126,SK022,2.0,Intermediate,2025-10-03,0,High
E01126,SK023,1.0,Beginner,2025-02-09,0,Medium
E01126,SK026,1.4,Beginner,2025-12-31,0,Medium
E01127,SK011,1.1,Beginner,2025-08-28,1,Low
E01127,SK017,0.9,Beginner,2025-07-24,0,Low
E01127,SK019,3.1,Intermediate,2025-02-25,0,Medium
E01127,SK024,7.0,Advanced,2025-10-23,1,High
E01127,SK028,3.1,Intermediate,2025-10-24,0,Low
E01128,SK011,2.8,Intermediate,2025-05-03,0,High
E01128,SK018,3.0,Intermediate,2025-05-14,1,Medium
E01128,SK024,3.3,Intermediate,2025-09-22,0,High
E01129,SK002,2.6,Intermediate,2026-01-08,0,Low
E01129,SK005,3.5,Intermediate,2025-06-15,1,Medium
E01129,SK006,2.9,Intermediate,2026-01-30,1,Medium
E01129,SK013,6.5,Advanced,2025-01-06,1,High
E01129,SK026,5.7,Advanced,2025-09-30,1,Medium
E01129,SK037,6.3,Advanced,2025-03-05,1,High
E01130,SK018,4.9,Advanced,2025-06-14,0,Medium
E01130,SK033,2.1,Intermediate,2025-11-09,1,Medium
E01131,SK001,0.5,Beginner,2025-05-30,0,Low
E01131,SK009,1.7,Beginner,2025-02-04,0,Medium
E01131,SK026,2.4,Intermediate,2025-03-07,0,High
E01132,SK004,7.3,Advanced,2026-01-13,1,Medium
E01132,SK007,6.4,Advanced,2025-07-29,1,Medium
E01132,SK017,7.9,Advanced,2025-02-24,0,High
E01132,SK027,4.8,Advanced,2026-01-05,1,Medium
E01132,SK031,1.0,Beginner,2025-12-20,0,Low
E01133,SK005,2.6,Intermediate,2025-12-04,0,Medium
E01133,SK022,6.0,Advanced,2025-10-19,1,High
E01133,SK026,6.0,Advanced,2025-08-10,1,High
E01133,SK031,2.2,Intermediate,2025-04-03,0,Medium
E01134,SK020,1.0,Beginner,2025-06-23,0,High
E01134,SK021,0.5,Beginner,2025-10-12,1,Low
E01134,SK022,0.5,Beginner,2025-09-23,1,Low
E01134,SK024,0.5,Beginner,2025-06-18,0,Medium
E01134,SK031,0.7,Beginner,2024-10-22,1,Medium
E01135,SK020,4.0,Advanced,2025-10-28,1,Low
E01135,SK022,7.4,Advanced,2025-04-13,1,Medium
E01135,SK023,10.0,Advanced,2026-03-01,1,High
E01135,SK025,1.4,Beginner,2025-04-03,1,Low
E01135,SK026,3.7,Intermediate,2025-05-25,1,Medium
E01135,SK034,1.5,Beginner,2024-11-28,1,Low
E01135,SK036,5.5,Advanced,2025-04-24,0,Medium
E01136,SK001,9.4,Advanced,2026-01-03,0,High
E01136,SK002,3.5,Intermediate,2025-09-21,0,Low
E01136,SK016,2.0,Intermediate,2025-11-22,0,Low
E01136,SK020,7.6,Advanced,2024-10-26,0,Medium
E01136,SK029,8.6,Advanced,2025-03-19,0,Medium
E01136,SK037,4.0,Advanced,2025-07-06,0,Low
E01137,SK004,0.9,Beginner,2025-06-30,0,High
E01137,SK017,0.8,Beginner,2025-02-18,0,Medium
E01138,SK001,2.4,Intermediate,2024-11-09,1,High
E01138,SK006,2.0,Intermediate,2025-01-16,0,Medium
E01138,SK018,1.2,Beginner,2026-01-30,0,Low
E01139,SK002,4.0,Advanced,2025-01-31,0,Medium
E01139,SK005,3.2,Intermediate,2025-01-05,0,Low
E01139,SK019,8.6,Advanced,2025-11-22,0,High
E01139,SK024,5.8,Advanced,2025-08-09,0,Medium
E01139,SK029,2.0,Intermediate,2024-12-11,0,Low
E01140,SK008,7.0,Advanced,2025-02-03,0,High
E01140,SK013,5.7,Advanced,2025-02-07,1,Medium
E01140,SK017,3.2,Intermediate,2024-10-16,1,Medium
E01140,SK024,6.1,Advanced,2025-03-15,1,High
E01140,SK029,2.6,Intermediate,2026-02-04,1,Medium
E01141,SK001,6.0,Advanced,2025-09-12,1,Medium
E01141,SK006,8.0,Advanced,2024-11-28,0,Medium
E01141,SK013,4.4,Advanced,2024-12-19,0,Low
E01141,SK015,7.1,Advanced,2026-01-01,0,High
E01141,SK020,5.5,Advanced,2025-03-26,0,Medium
E01141,SK033,4.8,Advanced,2025-04-19,0,Medium
E01141,SK035,1.7,Beginner,2025-12-07,0,Low
E01142,SK023,4.1,Advanced,2025-08-13,0,Medium
E01142,SK024,2.6,Intermediate,2024-10-15,0,Medium
E01142,SK029,2.2,Intermediate,2025-08-31,0,Low
E01143,SK013,4.9,Advanced,2025-04-13,0,Medium
E01143,SK015,4.1,Advanced,2025-04-29,0,Medium
E01143,SK016,3.5,Intermediate,2025-06-16,0,Medium
E01143,SK019,1.9,Beginner,2025-02-17,0,Low
E01143,SK020,2.0,Intermediate,2024-12-31,0,Low
E01143,SK023,1.4,Beginner,2025-06-28,0,Low
E01143,SK025,6.3,Advanced,2024-11-28,0,High
E01144,SK019,3.3,Intermediate,2025-12-12,1,Low
E01144,SK020,4.5,Advanced,2025-07-29,1,Medium
E01144,SK025,5.8,Advanced,2025-09-18,1,High
E01145,SK008,3.4,Intermediate,2024-10-11,1,High
E01145,SK011,1.8,Beginner,2025-07-15,1,Medium
E01146,SK011,4.6,Advanced,2025-06-09,0,Medium
E01146,SK030,3.1,Intermediate,2024-11-10,1,Low
E01146,SK031,7.1,Advanced,2025-07-06,1,Medium
E01146,SK032,7.0,Advanced,2026-01-23,1,Medium
E01146,SK038,3.8,Intermediate,2025-06-05,0,Low
E01147,SK004,16.0,Advanced,2026-02-24,1,High
E01147,SK006,18.0,Advanced,2025-10-23,1,High
E01148,SK011,5.1,Advanced,2025-03-28,1,High
E01148,SK013,2.5,Intermediate,2024-12-03,0,Medium
E01148,SK020,4.3,Advanced,2025-04-19,0,High
E01149,SK001,1.4,Beginner,2026-02-25,1,Medium
E01149,SK010,0.5,Beginner,2025-04-26,1,Low
E01149,SK023,1.7,Beginner,2025-12-01,1,High
E01150,SK005,6.2,Advanced,2025-09-01,0,Medium
E01150,SK011,9.0,Advanced,2025-02-22,0,High
E01150,SK017,4.6,Advanced,2025-11-24,0,Medium
E01150,SK023,7.4,Advanced,2025-02-08,0,Medium
E01150,SK025,8.3,Advanced,2025-12-01,0,High
E01150,SK027,4.2,Advanced,2025-03-04,0,Low
E01150,SK031,5.7,Advanced,2025-07-15,0,Medium
E01151,SK014,6.8,Advanced,2025-03-10,1,Medium
E01151,SK017,10.7,Advanced,2025-08-23,1,High
E01151,SK018,5.2,Advanced,2025-05-01,1,Low
E01151,SK033,4.8,Advanced,2024-10-23,1,Low
E01151,SK038,8.5,Advanced,2025-06-05,1,Medium
E01152,SK004,5.1,Advanced,2025-02-02,1,Medium
E01152,SK008,3.4,Intermediate,2025-12-30,0,Low
E01152,SK020,4.3,Advanced,2025-02-25,1,Medium
E01152,SK023,5.8,Advanced,2024-12-02,1,Medium
E01153,SK001,5.1,Advanced,2025-07-19,0,Medium
E01153,SK003,0.8,Beginner,2026-01-18,1,Low
E01153,SK011,8.0,Advanced,2025-09-15,1,High
E01153,SK017,1.0,Beginner,2024-11-10,0,Low
E01153,SK020,5.2,Advanced,2025-12-26,1,Medium
E01154,SK012,0.5,Beginner,2025-04-07,1,Medium
E01154,SK014,0.5,Beginner,2024-10-15,0,Low
E01154,SK020,0.5,Beginner,2026-02-21,1,High
E01155,SK005,0.6,Beginner,2026-01-17,0,Low
E01155,SK020,3.6,Intermediate,2025-03-16,0,Medium
E01155,SK021,4.1,Advanced,2025-08-02,0,Medium
E01155,SK026,1.2,Beginner,2025-03-01,0,Low
E01155,SK036,4.9,Advanced,2025-07-29,0,High
E01156,SK004,0.5,Beginner,2024-12-04,0,Low
E01156,SK009,0.5,Beginner,2025-03-20,1,High
E01156,SK010,0.5,Beginner,2025-04-10,1,Medium
E01157,SK005,9.5,Advanced,2025-11-09,1,Medium
E01157,SK008,12.6,Advanced,2024-10-18,1,Medium
E01157,SK011,18.0,Advanced,2025-01-07,1,High
E01157,SK016,11.9,Advanced,2024-10-28,1,Medium
E01158,SK017,0.7,Beginner,2025-02-24,1,Medium
E01158,SK027,1.5,Beginner,2026-02-21,1,Medium
E01158,SK038,0.8,Beginner,2025-01-15,1,Medium
E01159,SK004,2.7,Intermediate,2025-09-08,1,Medium
E01159,SK008,2.4,Intermediate,2025-03-19,1,Low
E01159,SK015,4.5,Advanced,2024-11-12,1,Medium
E01159,SK024,7.0,Advanced,2025-05-14,1,High
E01159,SK033,3.9,Intermediate,2024-10-08,1,Medium
E01160,SK001,1.4,Beginner,2026-02-20,0,Medium
E01160,SK005,0.6,Beginner,2024-11-25,1,Low
E01160,SK006,3.0,Intermediate,2025-10-16,0,High
E01160,SK033,2.3,Intermediate,2025-01-03,0,Medium
E01161,SK001,4.7,Advanced,2025-04-20,1,Medium
E01161,SK011,5.0,Advanced,2025-10-28,1,High
E01161,SK013,5.8,Advanced,2025-12-22,1,High
E01161,SK031,1.9,Beginner,2026-02-24,0,Low
E01162,SK001,0.5,Beginner,2025-11-07,1,Low
E01162,SK014,0.5,Beginner,2025-08-03,1,Medium
E01162,SK024,0.5,Beginner,2025-05-17,1,High
E01162,SK029,0.5,Beginner,2025-05-11,0,Low
E01162,SK030,0.5,Beginner,2025-12-28,1,Medium
E01163,SK011,6.0,Advanced,2026-01-14,0,Medium
E01163,SK015,3.1,Intermediate,2025-06-22,1,Low
E01163,SK017,8.0,Advanced,2025-12-25,1,High
E01163,SK022,5.8,Advanced,2025-01-14,1,Medium
E01163,SK032,6.7,Advanced,2025-03-24,1,Medium
E01164,SK010,1.6,Beginner,2024-10-15,0,Low
E01165,SK004,1.3,Beginner,2025-02-13,0,Low
E01165,SK011,5.0,Advanced,2025-02-26,1,High
E01165,SK013,2.2,Intermediate,2025-06-10,0,Low
E01165,SK018,3.1,Intermediate,2025-10-14,0,Medium
E01166,SK011,1.9,Beginner,2026-01-02,0,High
E01166,SK018,0.9,Beginner,2026-02-02,1,Medium
E01166,SK023,0.5,Beginner,2025-03-28,1,Low
E01166,SK024,1.2,Beginner,2025-11-02,1,Medium
E01166,SK027,0.9,Beginner,2025-09-12,1,Low
E01167,SK002,0.5,Beginner,2025-03-06,1,Low
E01167,SK008,1.0,Beginner,2025-11-16,1,High
E01168,SK004,5.8,Advanced,2025-08-09,0,High
E01168,SK024,1.0,Beginner,2024-11-11,0,Low
E01168,SK034,3.4,Intermediate,2026-01-14,0,Medium
E01169,SK027,3.0,Intermediate,2025-07-09,0,High
E01170,SK001,2.3,Intermediate,2025-11-20,1,Low
E01170,SK010,4.3,Advanced,2024-11-30,0,Low
E01170,SK014,5.6,Advanced,2026-03-24,1,Medium
E01170,SK015,3.2,Intermediate,2025-02-27,1,Low
E01170,SK017,3.7,Intermediate,2025-03-13,1,Medium
E01170,SK018,8.8,Advanced,2026-02-11,1,High
E01170,SK023,9.0,Advanced,2025-11-21,1,High
E01171,SK036,0.6,Beginner,2024-11-18,1,Medium
E01172,SK001,0.5,Beginner,2024-12-02,0,Low
E01172,SK024,1.1,Beginner,2025-08-28,1,Low
E01172,SK025,2.7,Intermediate,2025-02-17,0,High
E01173,SK004,2.0,Intermediate,2026-03-22,0,Low
E01173,SK005,5.4,Advanced,2026-03-21,0,High
E01173,SK006,5.0,Advanced,2025-05-21,1,Medium
E01173,SK007,7.0,Advanced,2025-06-06,1,High
E01173,SK032,5.0,Advanced,2025-06-24,1,Medium
E01174,SK011,4.0,Advanced,2025-03-30,0,High
E01174,SK017,4.3,Advanced,2026-03-10,0,High
E01175,SK001,2.2,Intermediate,2025-02-06,1,Medium
E01175,SK023,3.3,Intermediate,2025-02-17,0,Medium
E01175,SK025,4.2,Advanced,2026-02-10,0,High
E01175,SK026,3.0,Intermediate,2025-07-24,0,Medium
E01176,SK002,5.0,Advanced,2026-02-23,1,Medium
E01176,SK013,3.4,Intermediate,2024-12-06,0,Medium
E01176,SK018,2.1,Intermediate,2026-02-28,0,Low
E01176,SK019,1.9,Beginner,2025-12-13,1,Low
E01176,SK024,4.1,Advanced,2025-09-03,0,Medium
E01176,SK025,5.6,Advanced,2025-12-11,0,Medium
E01177,SK011,11.6,Advanced,2025-07-18,1,Medium
E01177,SK017,6.6,Advanced,2025-09-05,1,Medium
E01177,SK020,13.7,Advanced,2025-12-04,0,Medium
E01177,SK026,3.7,Intermediate,2025-08-28,1,Low
E01177,SK037,3.6,Intermediate,2025-12-08,0,Low
E01178,SK005,2.7,Intermediate,2025-10-09,1,Low
E01178,SK021,6.9,Advanced,2026-02-18,1,High
E01178,SK022,2.8,Intermediate,2025-12-14,0,Medium
E01178,SK027,7.0,Advanced,2026-01-22,1,High
E01179,SK002,3.4,Intermediate,2026-02-27,0,Medium
E01179,SK024,4.0,Advanced,2026-02-17,0,High
E01180,SK005,12.4,Advanced,2025-08-16,0,High
E01180,SK010,6.7,Advanced,2025-12-05,0,Medium
E01180,SK019,10.7,Advanced,2025-02-08,0,High
E01180,SK020,7.1,Advanced,2025-01-24,0,Low
E01180,SK026,7.5,Advanced,2026-01-18,0,Medium
E01180,SK037,9.3,Advanced,2024-11-06,1,Medium
E01181,SK001,3.5,Intermediate,2025-01-02,1,Low
E01181,SK015,9.4,Advanced,2025-03-20,1,High
E01181,SK016,7.1,Advanced,2025-10-13,0,High
E01181,SK017,8.4,Advanced,2024-12-12,1,Medium
E01181,SK020,4.8,Advanced,2025-07-13,0,Medium
E01181,SK028,5.3,Advanced,2025-12-02,1,Medium
E01181,SK031,2.4,Intermediate,2026-02-07,0,Low
E01182,SK001,2.4,Intermediate,2026-01-04,1,Medium
E01182,SK002,2.2,Intermediate,2025-01-14,1,High
E01182,SK005,0.8,Beginner,2025-02-04,1,Low
E01182,SK024,3.0,Intermediate,2026-01-18,0,High
E01182,SK032,1.2,Beginner,2024-11-20,0,Medium
E01183,SK018,0.5,Beginner,2025-04-30,1,Low
E01183,SK027,1.3,Beginner,2026-02-11,1,Medium
E01184,SK001,2.0,Intermediate,2024-10-08,1,Low
E01184,SK017,10.0,Advanced,2025-10-02,0,Medium
E01184,SK025,3.4,Intermediate,2025-05-26,0,Low
E01184,SK034,5.6,Advanced,2026-03-07,1,Medium
E01185,SK001,5.1,Advanced,2024-10-16,1,Medium
E01185,SK002,4.1,Advanced,2025-04-02,0,Low
E01185,SK011,5.8,Advanced,2025-10-16,1,Low
E01185,SK012,8.2,Advanced,2025-08-27,1,Medium
E01185,SK024,12.0,Advanced,2025-05-27,1,High
E01185,SK028,4.1,Advanced,2025-07-11,1,Low
E01185,SK029,2.6,Intermediate,2025-12-01,0,Low
E01186,SK004,2.5,Intermediate,2025-02-12,0,Medium
E01186,SK005,3.5,Intermediate,2025-03-18,1,Medium
E01186,SK009,1.5,Beginner,2025-12-26,1,Low
E01186,SK027,2.1,Intermediate,2025-02-19,0,Medium
E01186,SK034,5.0,Advanced,2024-10-10,1,High
E01187,SK010,2.0,Intermediate,2025-06-27,0,Low
E01187,SK026,3.6,Intermediate,2026-01-15,0,Low
E01187,SK029,4.6,Advanced,2024-10-12,0,Medium
E01187,SK031,8.2,Advanced,2025-10-24,0,Medium
E01188,SK018,0.5,Beginner,2025-08-08,0,Medium
E01188,SK019,0.5,Beginner,2025-03-26,1,Medium
E01188,SK021,0.5,Beginner,2025-06-27,0,Medium
E01188,SK026,0.8,Beginner,2026-02-25,1,High
E01189,SK014,11.0,Advanced,2025-02-28,1,High
E01189,SK017,4.3,Advanced,2025-03-16,0,Medium
E01189,SK019,6.5,Advanced,2025-02-28,1,Medium
E01189,SK023,4.6,Advanced,2025-04-10,1,Low
E01189,SK025,5.9,Advanced,2025-03-20,1,Medium
E01189,SK026,10.2,Advanced,2025-06-19,1,High
E01189,SK030,1.8,Beginner,2026-02-28,1,Low
E01189,SK034,3.0,Intermediate,2025-05-06,0,Low
E01190,SK022,2.4,Intermediate,2025-08-14,0,Medium
E01190,SK023,4.0,Advanced,2024-10-09,0,High
E01190,SK026,3.6,Intermediate,2025-10-03,0,High
E01190,SK034,3.2,Intermediate,2024-12-01,0,Medium
E01190,SK036,2.6,Intermediate,2025-10-09,0,Medium
E01191,SK017,1.0,Beginner,2025-10-01,1,High
E01191,SK037,0.8,Beginner,2026-02-15,1,Medium
E01192,SK001,2.7,Intermediate,2025-09-13,1,Low
E01192,SK004,2.4,Intermediate,2025-03-02,1,Low
E01192,SK005,4.5,Advanced,2025-01-11,1,Low
E01192,SK011,5.2,Advanced,2025-03-19,0,Low
E01192,SK017,5.6,Advanced,2025-10-07,1,Medium
E01192,SK023,2.3,Intermediate,2025-07-25,0,Low
E01193,SK001,4.0,Advanced,2025-04-17,1,Low
E01193,SK022,3.1,Intermediate,2025-03-10,0,Low
E01193,SK024,9.7,Advanced,2025-03-09,0,Medium
E01193,SK025,8.2,Advanced,2025-07-28,1,Medium
E01193,SK026,2.4,Intermediate,2025-11-12,0,Low
E01193,SK027,2.1,Intermediate,2024-10-18,0,Low
E01193,SK028,5.6,Advanced,2025-02-23,1,Low
E01194,SK002,1.1,Beginner,2024-10-28,0,Low
E01194,SK005,2.4,Intermediate,2024-11-22,1,Medium
E01194,SK006,2.2,Intermediate,2026-01-23,1,Medium
E01194,SK008,3.1,Intermediate,2025-05-27,1,High
E01194,SK037,3.2,Intermediate,2025-02-09,0,High
E01195,SK005,4.4,Advanced,2026-01-27,1,Low
E01195,SK006,4.8,Advanced,2025-09-30,1,Medium
E01195,SK010,6.8,Advanced,2024-12-26,1,Medium
E01195,SK011,7.4,Advanced,2025-08-31,1,High
E01195,SK033,2.1,Intermediate,2025-12-08,0,Low
E01196,SK006,0.7,Beginner,2025-06-26,0,Medium
E01196,SK015,0.7,Beginner,2025-09-22,0,Medium
E01196,SK020,0.5,Beginner,2024-11-01,0,Medium
E01196,SK021,1.0,Beginner,2025-11-23,0,High
E01196,SK026,0.5,Beginner,2025-03-15,0,Medium
E01197,SK004,3.0,Intermediate,2024-11-20,1,High
E01197,SK017,2.0,Intermediate,2025-04-11,1,Medium
E01197,SK027,1.8,Beginner,2025-01-27,1,Medium
E01198,SK002,0.5,Beginner,2025-04-04,1,Medium
E01198,SK005,0.5,Beginner,2025-08-04,0,Low
E01198,SK007,0.5,Beginner,2025-02-09,1,Medium
E01198,SK010,0.5,Beginner,2025-03-19,1,High
E01198,SK024,0.5,Beginner,2025-01-19,1,Low
E01199,SK011,1.4,Beginner,2025-01-29,1,Medium
E01199,SK036,0.8,Beginner,2024-11-15,1,Medium
E01200,SK006,3.9,Intermediate,2026-01-30,0,Medium
E01200,SK009,3.0,Intermediate,2026-03-21,0,Low
E01200,SK022,3.7,Intermediate,2025-12-26,0,Medium
E01200,SK024,7.0,Advanced,2024-11-09,0,High
E01200,SK029,4.6,Advanced,2025-09-21,0,Medium
E01200,SK033,3.1,Intermediate,2025-09-26,0,Low
E01201,SK002,5.3,Advanced,2025-06-26,0,High
E01201,SK013,4.4,Advanced,2025-06-02,0,Medium
E01201,SK024,5.5,Advanced,2025-07-02,0,Medium
E01201,SK028,6.5,Advanced,2026-01-21,1,High
E01202,SK007,0.5,Beginner,2026-02-19,0,High
E01202,SK008,0.5,Beginner,2025-11-15,0,Medium
E01203,SK011,1.4,Beginner,2025-03-06,1,Low
E01203,SK016,1.9,Beginner,2026-01-03,0,Low
E01203,SK019,3.3,Intermediate,2026-03-02,1,Medium
E01203,SK022,1.2,Beginner,2025-12-11,1,Low
E01203,SK023,2.4,Intermediate,2025-10-05,0,Low
E01203,SK026,5.0,Advanced,2024-12-28,1,High
E01204,SK019,0.5,Beginner,2024-12-17,1,Medium
E01204,SK024,1.0,Beginner,2024-11-14,1,High
E01205,SK001,0.5,Beginner,2025-02-12,1,Medium
E01205,SK011,0.5,Beginner,2025-08-23,1,Medium
E01205,SK027,0.8,Beginner,2025-12-15,1,High
E01206,SK014,2.4,Intermediate,2025-08-12,0,Low
E01206,SK015,4.3,Advanced,2024-12-20,0,Medium
E01206,SK023,2.0,Intermediate,2025-03-30,0,Low
E01207,SK001,16.0,Advanced,2025-02-04,0,High
E01207,SK016,7.7,Advanced,2025-11-30,1,Medium
E01207,SK017,4.4,Advanced,2026-02-17,1,Low
E01207,SK024,10.6,Advanced,2024-11-01,1,Medium
E01207,SK027,6.7,Advanced,2025-01-03,1,Low
E01207,SK032,11.9,Advanced,2025-02-25,1,Medium
E01208,SK017,5.7,Advanced,2026-02-26,1,High
E01208,SK019,5.6,Advanced,2026-02-01,1,High
E01208,SK020,4.4,Advanced,2025-02-19,0,Medium
E01208,SK021,4.0,Advanced,2025-07-22,1,Medium
E01208,SK025,4.3,Advanced,2025-07-28,1,Medium
E01208,SK033,5.5,Advanced,2025-05-14,1,Medium
E01209,SK012,4.1,Advanced,2024-11-03,0,Low
E01209,SK013,11.0,Advanced,2025-01-20,1,High
E01209,SK014,3.3,Intermediate,2025-01-14,1,Low
E01209,SK018,4.6,Advanced,2025-08-05,0,Medium
E01209,SK023,3.3,Intermediate,2026-02-12,1,Low
E01209,SK037,7.4,Advanced,2024-11-20,0,Medium
E01210,SK005,9.6,Advanced,2024-12-29,1,Medium
E01210,SK010,5.9,Advanced,2025-06-03,1,Low
E01210,SK020,8.1,Advanced,2025-01-09,1,Medium
E01210,SK032,2.7,Intermediate,2026-03-02,0,Low
E01211,SK001,3.2,Intermediate,2025-05-27,1,Low
E01211,SK007,10.1,Advanced,2025-10-13,0,High
E01211,SK011,13.0,Advanced,2026-02-05,0,High
E01211,SK012,3.0,Intermediate,2025-10-19,1,Low
E01211,SK014,2.8,Intermediate,2026-01-29,1,Low
E01211,SK021,10.4,Advanced,2025-03-20,1,Medium
E01212,SK027,4.0,Advanced,2025-05-13,0,High
E01212,SK038,3.8,Intermediate,2025-01-05,0,High
E01213,SK005,5.0,Advanced,2025-09-08,0,High
E01213,SK021,4.0,Advanced,2025-05-24,1,Medium
E01213,SK025,1.6,Beginner,2025-01-30,0,Low
E01213,SK032,0.9,Beginner,2025-12-30,0,Low
E01214,SK007,4.0,Advanced,2025-02-13,1,High
E01214,SK008,0.6,Beginner,2025-07-02,1,Low
E01214,SK013,1.3,Beginner,2024-10-30,1,Low
E01214,SK017,3.2,Intermediate,2024-10-30,0,Medium
E01215,SK014,1.9,Beginner,2025-06-14,0,Medium
E01215,SK016,1.1,Beginner,2025-11-15,0,Medium
E01215,SK019,2.1,Intermediate,2025-01-17,0,High
E01216,SK019,6.9,Advanced,2026-03-09,1,High
E01216,SK020,5.5,Advanced,2025-08-28,0,Medium
E01216,SK021,5.6,Advanced,2025-07-27,0,Medium
E01216,SK024,2.6,Intermediate,2025-04-14,0,Low
E01216,SK031,2.7,Intermediate,2026-03-11,0,Low
E01217,SK014,1.6,Beginner,2025-10-31,0,Medium
E01217,SK024,0.9,Beginner,2025-04-01,0,Low
E01217,SK026,4.0,Advanced,2026-03-07,1,High
E01218,SK007,15.0,Advanced,2025-10-21,1,High
E01218,SK009,9.4,Advanced,2024-11-23,0,Medium
E01218,SK013,12.0,Advanced,2026-02-06,0,Medium
E01218,SK020,9.5,Advanced,2025-11-02,0,Medium
E01219,SK008,1.9,Beginner,2025-08-06,0,High
E01219,SK009,1.3,Beginner,2026-02-04,1,Medium
E01219,SK017,1.8,Beginner,2025-05-07,0,High
E01219,SK027,0.9,Beginner,2026-01-10,1,Low
E01220,SK011,2.5,Intermediate,2026-03-08,0,Medium
E01220,SK024,4.9,Advanced,2025-08-02,0,Medium
E01220,SK025,6.7,Advanced,2025-04-05,0,High
E01220,SK031,3.3,Intermediate,2024-11-01,0,Low
E01220,SK038,1.1,Beginner,2025-01-18,0,Low
E01221,SK011,2.5,Intermediate,2025-09-29,0,Medium
E01221,SK015,1.6,Beginner,2025-11-18,1,Medium
E01221,SK017,3.0,Intermediate,2025-01-29,0,High
E01221,SK018,1.4,Beginner,2025-01-06,1,Low
E01221,SK020,0.5,Beginner,2025-03-31,0,Low
E01221,SK022,2.4,Intermediate,2025-06-07,0,High
E01222,SK001,0.5,Beginner,2025-07-28,0,High
E01222,SK010,0.5,Beginner,2026-03-22,1,High
E01222,SK013,0.5,Beginner,2024-11-27,1,Low
E01223,SK020,3.7,Intermediate,2025-08-21,1,Medium
E01223,SK024,2.0,Intermediate,2024-12-11,1,Low
E01223,SK025,4.2,Advanced,2026-03-11,1,Medium
E01223,SK032,9.2,Advanced,2025-08-30,1,High
E01224,SK019,1.0,Beginner,2025-05-23,0,Low
E01224,SK020,1.0,Beginner,2025-08-01,1,Low
E01224,SK023,1.3,Beginner,2025-09-23,0,Medium
E01224,SK025,1.9,Beginner,2025-11-02,0,High
E01224,SK029,2.0,Intermediate,2026-01-29,1,High
E01225,SK009,2.1,Intermediate,2025-01-21,0,Low
E01225,SK011,3.2,Intermediate,2024-10-26,0,Low
E01225,SK012,7.7,Advanced,2025-12-27,1,Medium
E01225,SK023,1.3,Beginner,2025-06-28,1,Low
E01225,SK027,4.0,Advanced,2026-03-15,1,Low
E01226,SK007,9.6,Advanced,2025-06-24,1,High
E01226,SK008,2.6,Intermediate,2025-12-17,1,Low
E01226,SK010,5.7,Advanced,2025-12-01,1,Medium
E01226,SK013,8.9,Advanced,2025-04-07,1,High
E01226,SK014,7.4,Advanced,2025-01-13,1,Medium
E01226,SK016,3.9,Intermediate,2025-05-30,0,Low
E01226,SK037,5.5,Advanced,2026-01-22,1,Low
E01227,SK019,1.4,Beginner,2025-04-29,0,Medium
E01227,SK020,1.7,Beginner,2025-10-07,0,High
E01227,SK036,1.7,Beginner,2024-12-21,0,High
E01227,SK038,1.6,Beginner,2024-10-26,0,Medium
E01228,SK004,6.0,Advanced,2025-07-14,0,High
E01228,SK013,3.1,Intermediate,2025-07-08,0,Medium
E01228,SK033,6.0,Advanced,2025-11-26,0,High
E01228,SK036,3.0,Intermediate,2024-11-17,0,Medium
E01229,SK008,1.1,Beginner,2025-03-20,0,Medium
E01229,SK026,2.3,Intermediate,2025-09-09,1,Medium
E01230,SK015,2.3,Intermediate,2025-01-22,0,Medium
E01230,SK027,2.1,Intermediate,2025-05-19,1,High
E01230,SK031,0.5,Beginner,2024-12-21,0,Low
E01230,SK033,2.0,Intermediate,2026-01-15,1,Medium
E01231,SK004,5.0,Advanced,2026-02-21,1,Medium
E01231,SK010,6.7,Advanced,2025-09-24,1,High
E01231,SK011,5.8,Advanced,2025-06-01,1,High
E01231,SK017,5.7,Advanced,2024-12-04,1,Medium
E01231,SK023,2.1,Intermediate,2024-11-28,1,Low
E01232,SK001,6.0,Advanced,2025-11-19,1,Low
E01232,SK013,7.7,Advanced,2025-09-16,1,Medium
E01232,SK018,12.0,Advanced,2025-08-14,1,High
E01232,SK026,12.0,Advanced,2024-10-29,0,High
E01232,SK028,6.3,Advanced,2025-04-19,1,Medium
E01232,SK032,9.1,Advanced,2025-12-22,1,Medium
E01233,SK008,0.9,Beginner,2024-12-12,1,High
E01233,SK009,0.6,Beginner,2026-02-23,1,Medium
E01234,SK006,12.0,Advanced,2025-04-19,0,Medium
E01234,SK012,7.2,Advanced,2024-11-25,1,Medium
E01234,SK024,15.0,Advanced,2025-12-23,1,High
E01234,SK028,4.7,Advanced,2026-02-13,0,Low
E01234,SK029,12.1,Advanced,2026-01-18,1,High
E01234,SK030,5.5,Advanced,2025-12-06,1,Medium
E01235,SK004,0.8,Beginner,2025-07-28,0,Low
E01235,SK016,4.3,Advanced,2024-10-15,1,Medium
E01235,SK019,4.2,Advanced,2025-08-27,0,High
E01235,SK022,4.1,Advanced,2025-04-19,1,Medium
E01235,SK026,4.6,Advanced,2025-10-22,1,High
E01236,SK018,2.4,Intermediate,2025-11-11,0,High
E01236,SK020,0.5,Beginner,2025-04-01,1,Low
E01236,SK022,0.5,Beginner,2024-10-18,1,Low
E01236,SK026,3.0,Intermediate,2025-09-15,1,High
E01237,SK002,3.8,Intermediate,2025-03-22,0,Medium
E01237,SK009,3.4,Intermediate,2024-11-08,1,Low
E01237,SK019,5.8,Advanced,2026-03-04,0,High
E01237,SK024,3.4,Intermediate,2025-08-05,1,Low
E01237,SK033,7.0,Advanced,2025-02-07,0,High
E01238,SK013,0.5,Beginner,2026-03-03,1,High
E01238,SK034,0.5,Beginner,2026-01-12,1,Medium
E01238,SK037,0.5,Beginner,2025-09-07,1,High
E01239,SK019,3.0,Intermediate,2025-08-27,0,Medium
E01239,SK022,8.0,Advanced,2025-04-29,1,High
E01239,SK024,2.6,Intermediate,2025-10-13,0,Low
E01239,SK036,3.9,Intermediate,2025-10-21,1,Medium
E01240,SK005,6.5,Advanced,2026-03-19,1,Medium
E01240,SK013,8.5,Advanced,2025-08-26,1,Medium
E01240,SK017,4.6,Advanced,2025-03-13,0,Low
E01240,SK023,10.1,Advanced,2025-10-22,0,Medium
E01240,SK024,1.2,Beginner,2025-08-17,1,Low
E01240,SK034,10.6,Advanced,2024-11-08,1,High
E01240,SK038,6.2,Advanced,2024-12-08,1,Medium
E01241,SK001,8.3,Advanced,2026-01-15,1,High
E01241,SK017,2.6,Intermediate,2025-02-28,1,Low
E01241,SK022,7.1,Advanced,2025-08-20,0,High
E01241,SK025,7.1,Advanced,2025-07-31,1,Medium
E01241,SK027,1.4,Beginner,2025-11-16,1,Low
E01242,SK017,0.5,Beginner,2025-07-11,0,High
E01242,SK031,0.5,Beginner,2025-08-28,0,Low
E01243,SK024,11.8,Advanced,2024-10-22,0,High
E01244,SK002,6.0,Advanced,2025-05-11,1,High
E01244,SK015,1.5,Beginner,2025-10-20,1,Low
E01244,SK016,1.1,Beginner,2025-05-07,1,Low
E01244,SK021,3.8,Intermediate,2025-03-31,0,Medium
E01244,SK024,3.9,Intermediate,2025-09-12,1,Medium
E01244,SK036,5.8,Advanced,2025-02-21,0,High
E01245,SK002,5.5,Advanced,2026-02-10,0,Medium
E01245,SK011,4.9,Advanced,2025-04-09,0,Medium
E01245,SK012,4.9,Advanced,2025-01-08,0,Medium
E01245,SK026,6.3,Advanced,2024-12-25,0,High
E01245,SK030,2.7,Intermediate,2025-06-03,0,Low
E01245,SK031,5.9,Advanced,2025-12-26,0,Medium
E01246,SK005,3.4,Intermediate,2024-10-15,0,Low
E01246,SK014,5.2,Advanced,2025-08-13,0,Medium
E01246,SK017,3.6,Intermediate,2024-12-06,0,Medium
E01246,SK019,7.5,Advanced,2025-01-02,0,Medium
E01246,SK026,5.4,Advanced,2025-12-23,0,Medium
E01246,SK027,10.0,Advanced,2026-03-22,0,High
E01246,SK031,9.5,Advanced,2025-11-29,0,High
E01247,SK006,2.9,Intermediate,2025-05-21,0,High
E01247,SK008,2.8,Intermediate,2025-05-27,0,High
E01247,SK014,1.6,Beginner,2024-11-02,0,Medium
E01247,SK016,1.2,Beginner,2025-03-25,0,Low
E01248,SK004,8.7,Advanced,2024-11-06,1,Medium
E01248,SK007,9.8,Advanced,2025-04-19,0,High
E01248,SK008,7.2,Advanced,2025-01-06,0,Medium
E01248,SK011,10.1,Advanced,2026-03-23,0,Medium
E01248,SK012,2.3,Intermediate,2024-10-11,0,Low
E01249,SK008,3.2,Intermediate,2025-04-19,1,Medium
E01249,SK009,3.8,Intermediate,2025-09-01,1,Medium
E01249,SK018,4.6,Advanced,2026-03-10,0,High
E01249,SK025,3.2,Intermediate,2025-12-21,1,Medium
E01249,SK029,3.7,Intermediate,2024-12-21,0,Medium
E01250,SK011,4.6,Advanced,2025-04-27,1,Low
E01250,SK019,11.2,Advanced,2026-01-22,1,High
E01250,SK020,7.7,Advanced,2025-03-19,1,Medium
E01250,SK025,4.3,Advanced,2025-08-02,1,Medium
E01251,SK001,1.6,Beginner,2025-05-18,1,Medium
E01251,SK005,1.0,Beginner,2025-03-30,1,Medium
E01251,SK007,1.2,Beginner,2025-12-07,1,Medium
E01251,SK036,1.6,Beginner,2026-01-28,1,High
E01252,SK015,0.5,Beginner,2025-03-05,1,Low
E01252,SK026,0.5,Beginner,2025-05-27,0,High
E01253,SK007,5.2,Advanced,2024-10-31,1,Medium
E01253,SK013,4.0,Advanced,2025-08-10,1,Medium
E01253,SK017,2.9,Intermediate,2025-05-27,1,Medium
E01253,SK022,4.3,Advanced,2026-02-01,1,Medium
E01253,SK023,1.5,Beginner,2025-02-28,1,Low
E01253,SK024,5.6,Advanced,2026-03-14,1,High
E01253,SK029,4.4,Advanced,2025-03-17,1,Medium
E01254,SK003,4.6,Advanced,2024-10-26,0,High
E01254,SK013,6.0,Advanced,2025-08-09,0,High
E01254,SK024,1.1,Beginner,2025-07-11,0,Low
E01254,SK029,2.4,Intermediate,2025-02-20,1,Medium
E01255,SK011,5.8,Advanced,2024-12-16,1,Medium
E01255,SK016,5.7,Advanced,2025-03-15,0,Medium
E01255,SK022,6.6,Advanced,2025-05-02,0,Medium
E01255,SK024,11.0,Advanced,2024-11-30,0,High
E01255,SK026,7.1,Advanced,2025-03-04,0,Medium
E01255,SK030,6.1,Advanced,2025-04-17,1,Medium
E01256,SK002,0.5,Beginner,2024-10-09,0,Low
E01256,SK003,0.8,Beginner,2024-12-09,1,Low
E01256,SK016,0.7,Beginner,2026-02-02,0,Low
E01256,SK017,1.4,Beginner,2025-09-16,1,Medium
E01256,SK023,0.8,Beginner,2025-09-30,1,Medium
E01257,SK011,2.3,Intermediate,2025-11-26,1,High
E01257,SK024,1.4,Beginner,2025-01-12,1,Low
E01257,SK025,2.8,Intermediate,2025-02-16,1,High
E01257,SK028,1.5,Beginner,2025-11-30,0,Medium
E01257,SK029,0.7,Beginner,2025-03-04,1,Low
E01257,SK037,2.5,Intermediate,2025-12-17,0,Medium
E01258,SK010,1.9,Beginner,2025-12-25,1,Low
E01258,SK019,3.5,Intermediate,2024-12-26,1,Medium
E01258,SK022,8.8,Advanced,2025-11-19,0,High
E01258,SK024,3.3,Intermediate,2025-11-25,0,Low
E01258,SK025,3.8,Intermediate,2026-01-02,0,Medium
E01258,SK026,3.4,Intermediate,2024-12-10,1,Low
E01259,SK004,1.4,Beginner,2025-12-31,1,High
E01259,SK021,0.5,Beginner,2025-03-15,1,Low
E01259,SK027,2.0,Intermediate,2025-10-23,1,High
E01260,SK008,5.4,Advanced,2026-02-02,1,Medium
E01260,SK016,3.5,Intermediate,2025-08-25,1,Low
E01260,SK017,10.0,Advanced,2025-04-28,0,High
E01260,SK020,10.0,Advanced,2025-01-04,1,High
E01260,SK028,5.1,Advanced,2025-05-01,1,Medium
E01261,SK001,1.9,Beginner,2025-04-10,1,Medium
E01261,SK018,2.9,Intermediate,2024-12-31,0,High
E01261,SK026,1.8,Beginner,2025-06-09,0,Medium
E01262,SK018,6.2,Advanced,2025-07-03,1,Medium
E01262,SK022,9.6,Advanced,2025-08-27,1,High
E01262,SK023,8.9,Advanced,2024-10-31,1,Medium
E01262,SK026,9.6,Advanced,2025-07-13,1,High
E01263,SK002,0.6,Beginner,2026-03-08,1,Medium
E01263,SK005,0.8,Beginner,2025-09-21,1,Medium
E01263,SK010,0.7,Beginner,2026-03-13,1,Medium
E01263,SK033,1.0,Beginner,2025-05-27,0,High
E01263,SK034,0.5,Beginner,2025-11-12,1,Low
E01264,SK022,5.0,Advanced,2025-11-04,1,High
E01264,SK026,2.1,Intermediate,2025-06-28,1,Medium
E01264,SK035,1.7,Beginner,2025-12-31,0,Low
E01264,SK037,2.2,Intermediate,2024-12-17,0,Medium
E01264,SK038,4.0,Advanced,2024-12-11,0,Medium
E01265,SK019,1.2,Beginner,2025-07-27,0,Low
E01265,SK021,2.0,Intermediate,2025-04-19,0,Medium
E01265,SK023,3.0,Intermediate,2024-12-09,0,High
E01265,SK032,2.1,Intermediate,2025-06-23,0,Medium
E01266,SK011,10.4,Advanced,2025-08-29,0,High
E01266,SK024,5.0,Advanced,2025-10-16,0,Medium
E01266,SK026,4.6,Advanced,2025-08-28,0,Low
E01266,SK033,1.5,Beginner,2025-01-16,0,Low
E01267,SK003,4.4,Advanced,2025-01-17,1,Medium
E01267,SK011,1.8,Beginner,2025-09-01,0,Low
E01267,SK024,3.3,Intermediate,2025-10-27,1,Medium
E01267,SK025,7.0,Advanced,2025-09-27,1,High
E01267,SK030,4.9,Advanced,2026-03-20,0,Medium
E01268,SK012,6.4,Advanced,2025-08-21,0,Medium
E01268,SK016,6.2,Advanced,2025-06-18,0,Low
E01268,SK019,2.2,Intermediate,2025-01-30,1,Low
E01268,SK022,4.2,Advanced,2025-09-04,0,Low
E01268,SK038,12.5,Advanced,2026-01-05,1,Medium
E01269,SK004,2.4,Intermediate,2025-08-24,0,Medium
E01269,SK018,6.0,Advanced,2025-03-01,0,High
E01269,SK023,6.0,Advanced,2025-11-10,0,High
E01270,SK005,2.9,Intermediate,2026-02-09,1,Medium
E01270,SK011,4.6,Advanced,2025-03-02,1,High
E01270,SK016,1.5,Beginner,2025-12-13,0,Low
E01270,SK019,2.6,Intermediate,2026-01-12,1,Medium
E01270,SK024,3.6,Intermediate,2025-04-27,0,Medium
E01270,SK033,1.7,Beginner,2026-03-13,1,Low
E01270,SK034,4.0,Advanced,2025-07-27,1,Medium
E01271,SK002,0.5,Beginner,2026-02-11,1,High
E01271,SK005,0.5,Beginner,2025-08-03,0,Medium
E01271,SK013,0.5,Beginner,2026-02-14,1,High
E01271,SK027,0.5,Beginner,2025-12-21,0,Low
E01271,SK037,0.5,Beginner,2026-03-09,0,Medium
E01272,SK001,1.1,Beginner,2025-10-11,1,Low
E01272,SK002,1.7,Beginner,2025-02-15,1,Medium
E01272,SK013,0.7,Beginner,2024-10-10,1,Low
E01272,SK019,2.4,Intermediate,2024-12-18,1,Medium
E01272,SK024,3.3,Intermediate,2026-02-09,1,Medium
E01272,SK025,4.0,Advanced,2024-10-22,0,High
E01273,SK005,1.0,Beginner,2025-08-07,0,High
E01273,SK008,1.0,Beginner,2025-06-17,0,High
E01273,SK015,0.5,Beginner,2025-04-21,0,Medium
E01274,SK011,12.0,Advanced,2025-08-20,0,High
E01274,SK012,5.0,Advanced,2025-08-25,1,Medium
E01274,SK017,8.8,Advanced,2025-10-23,1,Medium
E01274,SK021,12.0,Advanced,2025-05-08,0,High
E01274,SK024,4.0,Advanced,2024-11-28,1,Low
E01274,SK029,2.5,Intermediate,2026-01-09,1,Low
E01275,SK001,0.9,Beginner,2025-04-19,0,Low
E01275,SK008,0.8,Beginner,2025-07-27,0,Low
E01275,SK017,2.0,Intermediate,2025-04-23,1,High
E01275,SK024,2.0,Intermediate,2024-11-08,1,High
E01275,SK027,0.5,Beginner,2025-09-29,1,Low
E01276,SK006,7.0,Advanced,2025-07-02,1,High
E01276,SK007,3.3,Intermediate,2024-12-24,1,Low
E01276,SK033,2.3,Intermediate,2024-12-11,0,Low
E01276,SK036,2.8,Intermediate,2025-08-30,0,Medium
E01277,SK005,2.6,Intermediate,2025-11-23,1,Low
E01277,SK009,3.2,Intermediate,2026-01-17,0,Medium
E01277,SK010,4.7,Advanced,2025-05-07,0,Medium
E01277,SK013,5.0,Advanced,2025-10-11,0,High
E01277,SK022,2.6,Intermediate,2025-06-09,1,Medium
E01277,SK026,5.9,Advanced,2025-03-05,1,High
E01278,SK006,0.5,Beginner,2025-03-29,0,High
E01278,SK017,0.5,Beginner,2025-02-11,0,Medium
E01279,SK002,7.7,Advanced,2025-09-24,1,Medium
E01279,SK004,2.4,Intermediate,2025-11-11,0,Low
E01279,SK013,4.2,Advanced,2024-11-19,1,Low
E01279,SK015,1.3,Beginner,2026-02-07,1,Low
E01279,SK017,4.5,Advanced,2025-01-17,1,Medium
E01279,SK024,9.3,Advanced,2024-10-24,1,Medium
E01279,SK025,9.8,Advanced,2025-09-25,1,High
E01279,SK026,7.8,Advanced,2025-02-12,1,Medium
E01279,SK029,1.2,Beginner,2024-11-26,1,Low
E01280,SK001,1.4,Beginner,2025-07-02,0,Low
E01280,SK013,5.7,Advanced,2025-07-20,0,High
E01280,SK014,2.2,Intermediate,2025-12-20,0,Medium
E01280,SK020,4.8,Advanced,2026-02-16,0,Medium
E01281,SK014,1.0,Beginner,2025-06-07,0,High
E01282,SK008,7.4,Advanced,2025-02-17,0,Medium
E01282,SK009,5.7,Advanced,2025-10-11,1,Medium
E01282,SK020,10.1,Advanced,2025-05-20,0,Medium
E01282,SK022,7.1,Advanced,2026-02-10,1,Low
E01282,SK023,3.4,Intermediate,2025-07-05,1,Low
E01282,SK026,16.0,Advanced,2025-10-29,1,High
E01282,SK035,9.2,Advanced,2025-07-17,1,Medium
E01283,SK002,1.0,Beginner,2025-10-06,1,Low
E01283,SK010,0.8,Beginner,2025-03-28,0,Medium
E01283,SK013,1.3,Beginner,2025-09-04,1,Medium
E01283,SK022,0.7,Beginner,2024-11-08,0,Low
E01283,SK028,1.5,Beginner,2025-09-27,1,High
E01283,SK029,0.5,Beginner,2025-01-16,1,Low
E01284,SK011,5.3,Advanced,2025-10-07,0,Medium
E01284,SK018,2.6,Intermediate,2025-08-22,1,Low
E01284,SK023,7.0,Advanced,2025-04-22,0,High
E01284,SK029,1.8,Beginner,2025-04-12,1,Low
E01285,SK003,11.3,Advanced,2025-01-27,0,Medium
E01285,SK008,8.8,Advanced,2026-01-08,0,Medium
E01285,SK032,9.9,Advanced,2025-03-04,0,High
E01285,SK037,6.2,Advanced,2026-03-14,0,Low
E01286,SK002,5.2,Advanced,2025-09-22,1,High
E01286,SK005,2.8,Intermediate,2024-11-04,1,Medium
E01286,SK021,1.7,Beginner,2025-10-12,1,Low
E01286,SK025,5.7,Advanced,2024-12-18,0,High
E01287,SK029,3.0,Intermediate,2024-11-11,0,High
E01287,SK030,0.5,Beginner,2024-10-10,1,Low
E01287,SK038,0.5,Beginner,2026-01-23,1,Low
E01288,SK005,11.0,Advanced,2026-03-18,0,High
E01288,SK012,2.3,Intermediate,2025-10-13,1,Low
E01288,SK016,6.4,Advanced,2024-10-09,1,Medium
E01288,SK029,6.2,Advanced,2025-05-01,0,Medium
E01289,SK012,3.7,Intermediate,2025-07-18,0,Medium
E01289,SK019,8.5,Advanced,2025-09-08,0,High
E01289,SK022,3.7,Intermediate,2025-10-25,0,Low
E01289,SK023,3.7,Intermediate,2025-08-17,0,Low
E01289,SK029,3.1,Intermediate,2025-08-21,0,Low
E01289,SK034,5.5,Advanced,2025-10-15,0,Medium
E01290,SK001,0.8,Beginner,2026-02-11,1,Low
E01290,SK007,1.6,Beginner,2025-01-20,0,Medium
E01290,SK012,1.1,Beginner,2025-11-22,1,Medium
E01290,SK017,1.4,Beginner,2025-07-11,1,Low
E01290,SK018,2.3,Intermediate,2025-06-29,1,High
E01291,SK008,1.0,Beginner,2026-03-16,0,Low
E01291,SK018,3.9,Intermediate,2025-02-23,0,Medium
E01291,SK022,5.7,Advanced,2025-04-28,1,High
E01292,SK001,12.4,Advanced,2025-04-04,0,Medium
E01292,SK002,16.0,Advanced,2024-11-07,0,High
E01292,SK011,11.6,Advanced,2026-03-24,0,High
E01292,SK025,11.6,Advanced,2025-03-28,0,Medium
E01292,SK029,9.8,Advanced,2025-07-25,0,Medium
E01293,SK005,1.7,Beginner,2025-03-14,0,Medium
E01293,SK011,0.5,Beginner,2025-01-04,1,Low
E01293,SK013,1.2,Beginner,2025-07-30,1,Medium
E01293,SK023,1.0,Beginner,2025-07-11,1,Low
E01293,SK024,2.2,Intermediate,2025-08-12,0,Medium
E01293,SK034,3.0,Intermediate,2026-01-27,0,High
E01294,SK001,2.4,Intermediate,2025-11-28,1,Medium
E01294,SK004,2.5,Intermediate,2025-03-23,1,Medium
E01294,SK016,2.7,Intermediate,2025-12-02,1,High
E01294,SK022,1.8,Beginner,2026-03-02,0,Medium
E01295,SK001,1.7,Beginner,2024-12-11,1,Medium
E01295,SK010,1.1,Beginner,2025-08-30,1,Medium
E01295,SK027,2.2,Intermediate,2025-02-11,1,Medium
E01295,SK031,1.1,Beginner,2026-02-18,1,Low
E01296,SK009,2.6,Intermediate,2025-10-24,0,Low
E01296,SK019,1.4,Beginner,2025-08-07,1,Low
E01296,SK022,3.2,Intermediate,2024-12-27,0,Medium
E01296,SK036,1.0,Beginner,2025-12-04,1,Low
E01297,SK001,1.5,Beginner,2025-12-17,0,Low
E01297,SK008,3.9,Intermediate,2025-06-17,1,High
E01297,SK009,1.8,Beginner,2025-04-07,0,Medium
E01297,SK031,1.4,Beginner,2024-10-08,1,Low
E01297,SK033,1.3,Beginner,2025-02-26,0,Low
E01298,SK018,2.3,Intermediate,2026-01-21,0,High
E01298,SK020,0.5,Beginner,2025-09-16,0,Low
E01298,SK022,2.9,Intermediate,2024-10-31,0,High
E01299,SK001,0.5,Beginner,2025-12-21,0,Low
E01299,SK004,1.0,Beginner,2025-07-18,0,High
E01299,SK024,0.5,Beginner,2025-09-24,0,Low
E01299,SK035,0.8,Beginner,2025-06-17,0,Medium
E01300,SK019,2.5,Intermediate,2026-01-01,0,High
E01300,SK023,0.6,Beginner,2024-10-10,0,Low
E01300,SK025,1.4,Beginner,2024-12-26,0,Low
E01300,SK026,1.1,Beginner,2025-11-03,0,Low
E01300,SK033,0.9,Beginner,2025-08-05,0,Low
E01301,SK001,3.3,Intermediate,2026-03-03,1,Medium
E01301,SK002,3.1,Intermediate,2025-12-05,0,Low
E01301,SK026,4.4,Advanced,2026-01-08,0,Medium
E01301,SK037,7.0,Advanced,2025-03-30,1,High
E01302,SK008,0.5,Beginner,2025-08-25,0,High
E01302,SK012,0.5,Beginner,2026-03-15,1,Medium
E01302,SK025,0.5,Beginner,2025-09-26,0,High
E01302,SK026,0.5,Beginner,2025-12-22,1,Medium
E01302,SK033,0.5,Beginner,2025-04-28,1,Low
E01303,SK015,5.6,Advanced,2025-12-30,0,High
E01303,SK017,6.0,Advanced,2024-11-26,0,High
E01303,SK018,3.3,Intermediate,2025-06-28,0,Low
E01304,SK017,0.5,Beginner,2024-12-30,0,High
E01304,SK031,0.5,Beginner,2025-05-10,0,High
E01304,SK034,0.5,Beginner,2025-11-21,0,Medium
E01305,SK001,4.0,Advanced,2024-12-29,1,Medium
E01305,SK015,7.0,Advanced,2025-05-09,0,High
E01305,SK017,1.8,Beginner,2024-12-01,0,Low
E01305,SK020,4.0,Advanced,2025-04-02,1,Medium
E01306,SK017,2.4,Intermediate,2025-05-23,0,Low
E01306,SK018,6.1,Advanced,2024-12-17,0,High
E01306,SK020,3.4,Intermediate,2025-10-30,0,Low
E01306,SK022,4.8,Advanced,2025-06-23,0,Medium
E01306,SK027,3.6,Intermediate,2024-11-13,0,Medium
E01306,SK030,7.4,Advanced,2025-06-24,0,High
E01306,SK031,3.4,Intermediate,2024-11-23,0,Low
E01307,SK007,0.5,Beginner,2025-12-10,0,Low
E01307,SK021,0.5,Beginner,2025-01-11,0,Medium
E01307,SK022,0.7,Beginner,2025-04-16,0,Medium
E01307,SK026,0.5,Beginner,2025-06-17,0,Medium
E01307,SK027,0.5,Beginner,2025-07-15,0,Low
E01308,SK007,4.7,Advanced,2025-08-05,0,Low
E01308,SK008,4.7,Advanced,2025-12-05,1,Low
E01308,SK009,10.4,Advanced,2025-03-06,0,High
E01308,SK013,9.6,Advanced,2025-10-02,1,Medium
E01309,SK001,2.4,Intermediate,2025-09-05,1,Low
E01309,SK007,6.8,Advanced,2024-12-08,1,Medium
E01309,SK016,7.3,Advanced,2024-12-08,0,Medium
E01309,SK018,4.8,Advanced,2025-02-03,0,Medium
E01309,SK020,4.4,Advanced,2025-05-24,1,Medium
E01309,SK027,2.5,Intermediate,2025-10-10,0,Low
E01309,SK034,7.9,Advanced,2025-10-02,1,Medium
E01310,SK006,2.7,Intermediate,2025-02-14,0,Medium
E01310,SK020,3.3,Intermediate,2025-07-31,0,Medium
E01311,SK023,0.8,Beginner,2025-03-23,1,High
E01311,SK033,0.5,Beginner,2025-08-23,1,Medium
E01312,SK001,9.0,Advanced,2024-11-23,0,Medium
E01312,SK011,5.4,Advanced,2025-08-18,1,Low
E01312,SK015,5.5,Advanced,2025-12-04,1,Medium
E01312,SK016,7.3,Advanced,2025-12-22,1,Medium
E01312,SK033,9.7,Advanced,2024-12-01,1,Medium
E01313,SK013,4.3,Advanced,2025-07-29,0,Low
E01313,SK015,3.6,Intermediate,2026-02-24,0,Low
E01313,SK016,11.0,Advanced,2025-02-21,1,High
E01313,SK017,11.0,Advanced,2025-05-15,0,High
E01314,SK001,5.9,Advanced,2025-12-14,1,Medium
E01314,SK016,1.2,Beginner,2025-04-10,1,Low
E01314,SK018,5.0,Advanced,2026-02-03,0,Medium
E01314,SK020,5.6,Advanced,2026-01-07,1,High
E01314,SK021,1.3,Beginner,2025-05-02,1,Low
E01314,SK024,2.7,Intermediate,2025-07-27,1,Low
E01315,SK001,4.8,Advanced,2024-10-08,1,Medium
E01315,SK002,11.0,Advanced,2025-02-05,0,High
E01315,SK006,5.6,Advanced,2026-02-05,1,Medium
E01315,SK014,4.8,Advanced,2025-10-25,0,Low
E01315,SK020,5.8,Advanced,2026-01-23,1,Medium
E01315,SK024,9.3,Advanced,2025-02-21,1,High
E01315,SK032,6.0,Advanced,2025-04-10,1,Low
E01315,SK033,4.3,Advanced,2025-01-11,0,Medium
E01315,SK036,9.1,Advanced,2025-10-30,1,Medium
E01316,SK007,1.0,Beginner,2026-02-23,1,Low
E01316,SK008,3.4,Intermediate,2025-10-09,0,Low
E01316,SK015,4.1,Advanced,2025-07-26,0,Medium
E01316,SK017,2.0,Intermediate,2025-10-16,0,Low
E01316,SK020,3.5,Intermediate,2025-09-07,0,Medium
E01316,SK024,6.2,Advanced,2025-08-16,1,High
E01316,SK028,1.4,Beginner,2025-10-16,0,Low
E01317,SK011,6.3,Advanced,2024-10-08,1,Medium
E01317,SK019,4.9,Advanced,2024-11-08,0,Low
E01317,SK024,16.0,Advanced,2025-04-30,0,High
E01317,SK034,11.5,Advanced,2026-03-15,0,Medium
E01318,SK011,0.9,Beginner,2026-02-18,0,Low
E01318,SK014,1.5,Beginner,2024-11-19,0,Low
E01318,SK017,2.3,Intermediate,2026-03-08,0,High
E01318,SK033,1.9,Beginner,2025-07-12,0,Medium
E01319,SK002,1.8,Beginner,2025-06-12,0,Medium
E01319,SK003,2.2,Intermediate,2024-11-13,0,High
E01319,SK004,3.0,Intermediate,2025-01-31,0,High
E01319,SK005,1.3,Beginner,2025-07-25,0,Medium
E01319,SK029,1.6,Beginner,2025-12-06,0,Medium
E01320,SK001,3.8,Intermediate,2025-09-04,0,High
E01320,SK009,2.4,Intermediate,2025-05-02,1,Medium
E01320,SK015,3.4,Intermediate,2025-05-23,1,High
E01321,SK010,6.7,Advanced,2025-05-11,0,Medium
E01321,SK011,3.9,Intermediate,2025-04-01,1,Medium
E01321,SK017,7.3,Advanced,2025-01-20,1,High
E01322,SK009,1.4,Beginner,2025-05-29,1,Low
E01322,SK017,0.7,Beginner,2025-05-16,0,Low
E01322,SK022,2.8,Intermediate,2025-06-04,1,High
E01322,SK037,1.6,Beginner,2026-02-14,1,Medium
E01323,SK017,9.4,Advanced,2025-08-21,1,Medium
E01323,SK018,13.0,Advanced,2025-07-03,1,High
E01323,SK020,10.1,Advanced,2025-05-28,0,Medium
E01323,SK021,6.3,Advanced,2026-02-27,1,Medium
E01323,SK022,6.7,Advanced,2026-01-14,0,Medium
E01323,SK026,13.0,Advanced,2026-03-12,1,High
E01324,SK005,2.8,Intermediate,2025-10-11,0,Medium
E01324,SK014,2.4,Intermediate,2024-10-12,0,Low
E01324,SK019,3.2,Intermediate,2025-02-20,0,Medium
E01324,SK027,8.0,Advanced,2025-08-14,0,High
E01324,SK030,3.5,Intermediate,2025-01-21,0,Low
E01324,SK038,6.3,Advanced,2025-07-29,0,High
E01325,SK004,4.0,Advanced,2025-11-06,1,High
E01325,SK009,1.5,Beginner,2024-11-05,1,Medium
E01325,SK022,2.7,Intermediate,2026-01-31,1,Medium
E01326,SK001,2.0,Intermediate,2025-09-27,0,High
E01326,SK004,1.4,Beginner,2025-07-23,1,Medium
E01326,SK013,0.8,Beginner,2025-09-30,1,Low
E01326,SK017,1.9,Beginner,2025-11-16,1,High
E01326,SK029,0.8,Beginner,2025-04-05,1,Low
E01327,SK001,3.8,Intermediate,2026-01-03,0,High
E01327,SK002,1.3,Beginner,2025-12-16,0,Low
E01327,SK004,2.0,Intermediate,2025-10-05,0,Medium
E01327,SK006,1.0,Beginner,2025-12-03,0,Low
E01327,SK028,3.1,Intermediate,2025-11-15,0,Medium
E01327,SK035,3.3,Intermediate,2025-06-12,0,Medium
E01328,SK001,14.0,Advanced,2025-10-16,0,High
E01328,SK004,7.1,Advanced,2025-08-13,0,Medium
E01328,SK028,15.8,Advanced,2025-06-13,1,High
E01328,SK029,7.1,Advanced,2025-10-31,1,Medium
E01328,SK030,8.6,Advanced,2025-03-15,1,Low
E01328,SK035,5.5,Advanced,2024-11-15,1,Low
E01329,SK013,2.4,Intermediate,2025-05-14,1,Low
E01329,SK014,5.1,Advanced,2025-04-14,0,Medium
E01329,SK017,5.0,Advanced,2026-01-09,0,Medium
E01329,SK018,5.9,Advanced,2025-12-23,1,High
E01329,SK035,3.0,Intermediate,2025-03-26,1,Medium
E01329,SK037,7.0,Advanced,2025-06-21,1,High
E01329,SK038,1.3,Beginner,2025-06-23,0,Low
E01330,SK002,7.0,Advanced,2024-10-09,0,High
E01330,SK005,5.3,Advanced,2026-01-31,1,High
E01330,SK006,3.3,Intermediate,2026-03-21,1,Low
E01330,SK024,2.9,Intermediate,2025-11-08,1,Medium
E01330,SK032,3.1,Intermediate,2025-02-25,1,Low
E01330,SK034,3.2,Intermediate,2024-11-05,1,Low
E01331,SK012,2.1,Intermediate,2025-04-03,1,Low
E01331,SK017,6.0,Advanced,2025-03-12,0,High
E01331,SK023,5.4,Advanced,2026-02-16,1,High
E01332,SK001,1.7,Beginner,2025-05-28,1,Medium
E01332,SK002,2.8,Intermediate,2026-01-22,1,High
E01332,SK024,2.4,Intermediate,2025-07-26,1,Medium
E01332,SK029,2.0,Intermediate,2026-01-13,1,Medium
E01333,SK001,3.1,Intermediate,2025-02-25,1,Low
E01333,SK005,6.6,Advanced,2026-01-06,1,Medium
E01333,SK006,8.2,Advanced,2025-05-28,1,Medium
E01333,SK010,9.0,Advanced,2025-01-15,0,Medium
E01333,SK014,6.5,Advanced,2025-12-06,1,Medium
E01333,SK023,5.6,Advanced,2025-08-12,0,Medium
E01334,SK011,7.0,Advanced,2024-11-19,0,High
E01334,SK017,4.5,Advanced,2025-11-03,1,Medium
E01334,SK020,3.4,Intermediate,2025-03-17,0,Low
E01334,SK023,4.2,Advanced,2025-01-06,1,Medium
E01334,SK025,5.0,Advanced,2025-08-15,1,Medium
E01334,SK034,2.2,Intermediate,2025-09-18,0,Low
E01335,SK002,1.7,Beginner,2024-11-25,0,Low
E01335,SK013,0.7,Beginner,2026-03-15,0,Low
E01335,SK019,1.8,Beginner,2026-01-17,0,Low
E01335,SK025,4.8,Advanced,2024-10-10,0,Medium
E01335,SK026,0.9,Beginner,2025-12-17,0,Low
E01336,SK002,1.4,Beginner,2025-03-19,0,Medium
E01336,SK024,2.3,Intermediate,2026-02-12,0,High
E01337,SK001,2.0,Intermediate,2025-12-11,0,High
E01337,SK007,1.6,Beginner,2026-02-10,0,Medium
E01337,SK018,0.5,Beginner,2024-12-04,0,Low
E01337,SK023,0.7,Beginner,2025-08-23,0,Low
E01338,SK001,5.4,Advanced,2026-01-07,1,Medium
E01338,SK016,4.6,Advanced,2025-10-14,0,Medium
E01338,SK024,2.0,Intermediate,2025-09-19,0,Low
E01338,SK028,7.1,Advanced,2026-02-01,0,High
E01338,SK029,4.7,Advanced,2025-04-02,0,Medium
E01338,SK036,6.9,Advanced,2025-11-01,0,High
E01339,SK012,6.7,Advanced,2025-07-04,1,Medium
E01339,SK020,1.4,Beginner,2024-12-20,1,Low
E01339,SK023,11.1,Advanced,2025-03-24,1,High
E01339,SK032,3.0,Intermediate,2025-02-22,1,Low
E01340,SK004,0.5,Beginner,2025-03-20,1,Low
E01340,SK009,0.6,Beginner,2025-09-30,1,Medium
E01340,SK027,0.8,Beginner,2025-04-17,1,Medium
E01341,SK002,0.7,Beginner,2025-04-09,0,Low
E01341,SK007,1.2,Beginner,2025-01-08,0,Medium
E01341,SK011,2.0,Intermediate,2024-10-26,0,High
E01341,SK017,0.9,Beginner,2025-06-10,0,Low
E01341,SK026,0.5,Beginner,2025-06-12,0,Low
E01342,SK011,0.5,Beginner,2025-03-13,1,Low
E01342,SK024,0.9,Beginner,2025-01-01,1,High
E01342,SK030,0.6,Beginner,2026-02-17,1,Medium
E01343,SK001,3.1,Intermediate,2025-06-02,1,Medium
E01343,SK004,2.9,Intermediate,2025-10-06,0,High
E01343,SK033,3.2,Intermediate,2026-03-22,1,Medium
E01344,SK004,5.0,Advanced,2025-07-22,0,High
E01344,SK005,0.9,Beginner,2024-10-08,1,Low
E01344,SK011,3.8,Intermediate,2025-07-31,1,Medium
E01344,SK027,2.1,Intermediate,2024-11-30,0,Medium
E01344,SK031,3.1,Intermediate,2025-11-15,1,Medium
E01344,SK036,0.7,Beginner,2025-03-21,1,Low
E01345,SK009,5.0,Advanced,2026-03-06,0,Medium
E01345,SK013,3.0,Intermediate,2025-07-13,1,Medium
E01345,SK024,4.4,Advanced,2024-11-11,0,Medium
E01345,SK031,4.9,Advanced,2025-08-24,1,Medium
E01345,SK033,2.8,Intermediate,2025-11-26,1,Low
E01345,SK034,2.4,Intermediate,2024-11-03,0,Medium
E01346,SK007,5.8,Advanced,2025-08-14,1,High
E01346,SK029,4.9,Advanced,2024-11-15,1,High
E01346,SK036,2.0,Intermediate,2025-11-18,0,Low
E01347,SK023,0.5,Beginner,2025-11-15,0,High
E01347,SK025,0.5,Beginner,2025-09-20,0,Medium
E01347,SK026,0.5,Beginner,2025-04-11,0,High
E01348,SK002,8.6,Advanced,2025-03-29,1,High
E01348,SK011,9.2,Advanced,2025-05-15,1,Medium
E01348,SK013,2.9,Intermediate,2024-11-13,0,Low
E01348,SK021,3.8,Intermediate,2024-12-03,0,Low
E01348,SK033,5.0,Advanced,2025-12-12,0,Low
E01349,SK004,2.1,Intermediate,2025-01-24,1,Low
E01349,SK008,5.5,Advanced,2024-11-05,0,Medium
E01349,SK024,11.7,Advanced,2026-02-01,0,High
E01349,SK028,5.8,Advanced,2025-03-16,1,Low
E01349,SK029,5.6,Advanced,2024-12-01,0,Low
E01350,SK001,1.0,Beginner,2025-05-10,0,High
E01350,SK016,0.5,Beginner,2024-12-27,0,Low
E01350,SK023,0.7,Beginner,2025-07-09,0,Medium
E01350,SK033,1.0,Beginner,2025-06-18,0,High
E01351,SK021,0.5,Beginner,2025-01-11,1,High
E01351,SK025,0.5,Beginner,2025-06-04,1,Low
E01351,SK035,0.5,Beginner,2026-02-24,1,High
E01352,SK001,1.1,Beginner,2025-06-20,1,Medium
E01352,SK002,2.5,Intermediate,2025-05-12,1,Medium
E01352,SK010,1.6,Beginner,2025-10-31,0,Medium
E01352,SK023,2.9,Intermediate,2026-01-16,0,High
E01352,SK037,0.5,Beginner,2025-10-21,0,Low
E01353,SK019,3.0,Intermediate,2025-03-31,1,High
E01353,SK022,1.6,Beginner,2025-12-20,1,Medium
E01353,SK024,1.7,Beginner,2025-11-17,0,Medium
E01353,SK026,1.4,Beginner,2025-06-06,1,Medium
E01354,SK001,6.5,Advanced,2025-10-30,0,Medium
E01354,SK006,4.1,Advanced,2024-10-27,0,Low
E01354,SK008,1.8,Beginner,2025-02-20,0,Low
E01354,SK021,3.5,Intermediate,2026-02-23,0,Medium
E01354,SK032,4.3,Advanced,2025-11-13,0,Medium
E01354,SK033,9.0,Advanced,2025-10-24,0,High
E01354,SK034,1.7,Beginner,2024-11-04,0,Low
E01355,SK001,5.8,Advanced,2025-01-01,1,Medium
E01355,SK013,4.2,Advanced,2024-11-21,1,Medium
E01355,SK017,5.4,Advanced,2025-04-10,1,High
E01355,SK018,2.8,Intermediate,2025-03-05,1,Medium
E01355,SK022,4.0,Advanced,2025-11-30,1,Medium
E01355,SK024,2.6,Intermediate,2024-10-20,1,Low
E01356,SK011,6.5,Advanced,2026-01-16,0,Medium
E01356,SK013,17.0,Advanced,2025-06-17,0,High
E01356,SK017,6.3,Advanced,2026-03-24,0,Low
E01356,SK025,12.0,Advanced,2025-07-02,0,High
E01356,SK027,8.1,Advanced,2025-10-02,0,Low
E01356,SK031,5.5,Advanced,2026-02-03,0,Low
E01356,SK035,10.7,Advanced,2025-10-19,0,Medium
E01356,SK036,11.8,Advanced,2026-03-17,0,Medium
E01357,SK017,8.0,Advanced,2024-12-28,0,Medium
E01357,SK018,12.6,Advanced,2026-02-16,0,Medium
E01357,SK020,8.1,Advanced,2024-12-25,0,Medium
E01357,SK021,14.0,Advanced,2025-11-05,0,High
E01357,SK023,14.2,Advanced,2025-03-29,0,Medium
E01357,SK024,3.0,Intermediate,2025-08-14,0,Low
E01357,SK026,11.0,Advanced,2025-05-30,1,Medium
E01357,SK036,9.7,Advanced,2025-03-23,0,Medium
E01358,SK001,5.0,Advanced,2024-11-15,1,High
E01358,SK002,4.9,Advanced,2024-12-14,1,High
E01358,SK008,2.0,Intermediate,2026-02-21,1,Medium
E01358,SK034,4.0,Advanced,2025-09-17,1,Medium
E01358,SK036,3.8,Intermediate,2025-07-07,0,Medium
E01359,SK005,0.7,Beginner,2026-01-10,1,High
E01359,SK012,0.8,Beginner,2025-08-03,1,Medium
E01359,SK019,0.5,Beginner,2026-02-18,0,Medium
E01360,SK011,0.5,Beginner,2024-12-14,0,Low
E01360,SK013,0.5,Beginner,2024-12-31,0,Low
E01360,SK022,0.5,Beginner,2026-01-27,0,Medium
E01360,SK023,0.5,Beginner,2024-12-17,0,High
E01360,SK028,0.5,Beginner,2025-10-03,0,Medium
E01361,SK017,4.1,Advanced,2025-09-13,0,Medium
E01361,SK023,2.1,Intermediate,2025-10-11,1,Low
E01361,SK024,3.8,Intermediate,2026-01-26,0,Medium
E01361,SK031,3.6,Intermediate,2025-07-25,1,Medium
E01361,SK037,0.8,Beginner,2025-08-18,0,Low
E01362,SK019,1.3,Beginner,2025-08-12,1,Medium
E01362,SK022,0.5,Beginner,2024-11-07,0,Low
E01362,SK024,1.8,Beginner,2025-05-29,1,Medium
E01362,SK025,3.0,Intermediate,2024-10-11,0,High
E01362,SK029,1.4,Beginner,2025-07-30,1,Low
E01363,SK005,1.4,Beginner,2026-02-15,1,Medium
E01363,SK017,4.0,Advanced,2025-06-06,1,High
E01363,SK020,2.7,Intermediate,2025-03-08,1,Medium
E01363,SK022,3.3,Intermediate,2025-09-06,1,Medium
E01364,SK007,1.2,Beginner,2024-10-09,0,Low
E01364,SK025,3.0,Intermediate,2025-02-27,0,High
E01365,SK027,1.7,Beginner,2026-01-25,0,High
E01365,SK030,1.4,Beginner,2025-12-11,1,Medium
E01365,SK031,0.9,Beginner,2025-05-28,1,Medium
E01365,SK035,1.6,Beginner,2024-11-18,1,Medium
E01366,SK024,0.5,Beginner,2025-03-23,0,High
E01366,SK038,0.5,Beginner,2025-12-19,0,Low
E01367,SK021,1.5,Beginner,2024-11-24,1,Low
E01367,SK023,3.1,Intermediate,2025-01-01,1,Medium
E01367,SK027,1.0,Beginner,2025-11-21,1,Low
E01367,SK038,2.7,Intermediate,2025-12-04,1,Medium
E01368,SK004,0.5,Beginner,2025-09-06,0,Low
E01368,SK025,0.5,Beginner,2025-05-26,0,Low
E01368,SK026,1.0,Beginner,2025-09-30,0,High
E01368,SK033,0.8,Beginner,2025-06-04,0,Medium
E01369,SK007,4.8,Advanced,2025-06-02,0,Medium
E01369,SK008,2.5,Intermediate,2025-12-09,0,Low
E01369,SK011,3.9,Intermediate,2025-11-22,0,Medium
E01369,SK013,5.7,Advanced,2025-02-02,1,Medium
E01369,SK014,5.1,Advanced,2025-06-03,1,Medium
E01369,SK026,7.3,Advanced,2024-10-29,1,Medium
E01369,SK028,9.9,Advanced,2026-03-07,1,High
E01369,SK037,9.2,Advanced,2025-11-28,1,High
E01370,SK022,3.0,Intermediate,2025-11-20,1,High
E01370,SK025,2.8,Intermediate,2024-12-07,1,High
E01371,SK013,4.5,Advanced,2025-08-09,1,Low
E01371,SK015,7.2,Advanced,2024-10-25,0,Medium
E01371,SK017,11.2,Advanced,2026-02-11,0,High
E01371,SK022,6.7,Advanced,2025-05-29,1,Medium
E01371,SK027,5.9,Advanced,2025-01-19,0,Medium
E01371,SK035,6.7,Advanced,2026-02-23,1,Low
E01372,SK002,7.5,Advanced,2024-11-16,1,Medium
E01372,SK011,7.6,Advanced,2026-02-14,0,Medium
E01372,SK012,4.2,Advanced,2025-02-06,1,Medium
E01372,SK013,6.9,Advanced,2026-01-12,1,Medium
E01372,SK014,7.1,Advanced,2025-06-08,1,High
E01372,SK016,9.0,Advanced,2026-01-04,1,High
E01372,SK023,4.7,Advanced,2025-04-12,0,Medium
E01372,SK038,2.7,Intermediate,2024-10-22,0,Low
E01373,SK006,2.8,Intermediate,2026-01-05,0,Medium
E01373,SK017,7.0,Advanced,2025-11-30,0,High
E01373,SK024,5.4,Advanced,2024-11-10,1,Medium
E01373,SK025,7.0,Advanced,2024-12-28,0,High
E01373,SK031,3.0,Intermediate,2025-03-27,0,Medium
E01374,SK004,7.6,Advanced,2025-08-03,0,High
E01374,SK005,2.1,Intermediate,2025-01-29,0,Low
E01374,SK017,6.8,Advanced,2025-04-20,1,Medium
E01374,SK018,6.8,Advanced,2025-05-13,0,Medium
E01374,SK027,5.2,Advanced,2025-03-24,0,Medium
E01374,SK029,1.1,Beginner,2025-02-22,0,Low
E01374,SK035,4.4,Advanced,2026-02-25,0,Medium
E01375,SK011,3.5,Intermediate,2025-12-24,1,High
E01375,SK017,2.1,Intermediate,2025-12-25,1,Medium
E01375,SK026,1.8,Beginner,2025-04-01,1,Medium
E01376,SK001,11.9,Advanced,2025-06-28,1,Medium
E01376,SK004,13.4,Advanced,2025-05-23,0,Medium
E01376,SK006,6.8,Advanced,2024-12-13,1,Medium
E01376,SK009,15.8,Advanced,2024-11-25,0,High
E01376,SK013,15.0,Advanced,2025-08-08,1,High
E01376,SK033,7.4,Advanced,2025-12-13,1,Low
E01376,SK036,7.6,Advanced,2026-01-25,0,Low
E01377,SK002,2.2,Intermediate,2025-02-19,0,Medium
E01377,SK005,4.7,Advanced,2025-01-12,0,High
E01377,SK006,3.1,Intermediate,2025-07-18,0,Medium
E01377,SK034,3.7,Intermediate,2024-11-13,0,High
E01378,SK025,3.1,Intermediate,2025-07-28,0,Medium
E01378,SK026,1.4,Beginner,2025-09-03,0,Low
E01378,SK034,0.6,Beginner,2025-06-02,0,Low
E01379,SK005,3.5,Intermediate,2025-04-22,1,Medium
E01379,SK011,1.3,Beginner,2026-01-27,1,Low
E01379,SK013,5.2,Advanced,2025-05-24,0,High
E01379,SK014,2.8,Intermediate,2026-01-06,1,Low
E01379,SK017,4.3,Advanced,2024-12-05,1,Medium
E01380,SK017,2.6,Intermediate,2025-07-14,0,Medium
E01380,SK018,6.6,Advanced,2025-12-08,0,High
E01380,SK026,1.8,Beginner,2025-06-08,0,Low
E01380,SK031,2.4,Intermediate,2025-08-18,0,Low
E01380,SK035,5.3,Advanced,2025-12-13,0,Medium
E01381,SK018,3.8,Intermediate,2024-10-15,0,Medium
E01381,SK021,5.7,Advanced,2025-11-04,0,High
E01381,SK024,2.0,Intermediate,2026-02-22,0,Low
E01381,SK025,0.9,Beginner,2025-09-01,0,Low
E01381,SK030,3.7,Intermediate,2025-06-07,0,Medium
E01382,SK019,5.2,Advanced,2025-09-10,0,Medium
E01382,SK024,10.0,Advanced,2025-10-21,0,High
E01382,SK025,2.7,Intermediate,2025-02-02,0,Low
E01382,SK026,9.0,Advanced,2026-02-26,1,High
E01382,SK030,5.2,Advanced,2025-03-22,0,Medium
E01383,SK036,0.5,Beginner,2025-12-26,0,High
E01384,SK001,10.0,Advanced,2025-11-13,1,Medium
E01384,SK008,7.2,Advanced,2025-11-13,0,Medium
E01384,SK011,12.0,Advanced,2024-11-13,1,High
E01384,SK013,2.8,Intermediate,2025-11-20,0,Low
E01384,SK014,7.1,Advanced,2025-10-01,1,Medium
E01385,SK005,2.8,Intermediate,2025-05-24,0,Low
E01385,SK006,2.5,Intermediate,2025-12-24,0,Medium
E01385,SK015,4.7,Advanced,2025-10-07,0,Medium
E01385,SK022,5.8,Advanced,2025-08-01,0,Medium
E01385,SK023,7.0,Advanced,2024-12-03,0,High
E01386,SK001,3.9,Intermediate,2025-07-15,1,Medium
E01386,SK020,3.7,Intermediate,2024-10-20,1,Medium
E01386,SK024,0.8,Beginner,2025-08-15,0,Low
E01386,SK029,6.6,Advanced,2024-11-30,1,High
E01387,SK002,1.8,Beginner,2026-03-06,0,Low
E01387,SK011,4.1,Advanced,2025-10-29,1,Low
E01387,SK024,8.8,Advanced,2025-01-09,1,High
E01387,SK027,9.0,Advanced,2025-03-21,1,High
E01387,SK029,5.5,Advanced,2025-02-23,1,Medium
E01387,SK032,4.4,Advanced,2026-01-24,1,Medium
E01387,SK034,2.7,Intermediate,2025-08-30,0,Low
E01388,SK001,3.1,Intermediate,2024-11-21,0,Low
E01388,SK002,12.0,Advanced,2026-02-06,1,Medium
E01388,SK005,6.2,Advanced,2025-02-21,1,Low
E01388,SK011,5.3,Advanced,2024-10-19,1,Low
E01388,SK022,11.1,Advanced,2025-03-08,0,Medium
E01388,SK023,7.7,Advanced,2025-06-01,1,Medium
E01389,SK007,6.7,Advanced,2025-10-05,1,Medium
E01389,SK037,5.7,Advanced,2024-10-15,1,High
E01390,SK011,0.5,Beginner,2025-04-12,0,Medium
E01390,SK022,0.5,Beginner,2025-12-09,0,Medium
E01390,SK025,1.0,Beginner,2025-07-06,0,High
E01390,SK026,0.9,Beginner,2025-06-08,1,High
E01391,SK005,3.9,Intermediate,2025-04-30,1,Medium
E01391,SK013,2.5,Intermediate,2025-09-06,1,Medium
E01391,SK024,5.0,Advanced,2025-03-31,0,High
E01391,SK028,0.8,Beginner,2024-12-15,1,Low
E01391,SK030,3.5,Intermediate,2026-01-12,0,High
E01391,SK036,3.7,Intermediate,2024-11-23,1,Medium
E01392,SK004,5.6,Advanced,2025-06-15,0,Medium
E01392,SK020,3.3,Intermediate,2025-05-05,0,Medium
E01392,SK021,1.6,Beginner,2025-06-19,0,Low
E01392,SK023,9.0,Advanced,2024-12-18,0,High
E01392,SK026,7.0,Advanced,2025-10-14,1,High
E01392,SK033,7.0,Advanced,2025-07-03,0,Medium
E01392,SK036,2.3,Intermediate,2025-02-01,1,Low
E01393,SK010,0.5,Beginner,2025-09-19,1,Low
E01393,SK020,0.5,Beginner,2026-03-17,1,Low
E01393,SK022,0.5,Beginner,2025-04-02,0,Low
E01393,SK026,0.5,Beginner,2025-10-10,1,High
E01393,SK037,0.5,Beginner,2025-09-10,0,Medium
E01394,SK001,0.5,Beginner,2026-02-11,0,High
E01394,SK032,0.5,Beginner,2025-05-23,0,High
E01395,SK008,8.0,Advanced,2025-02-26,1,High
E01395,SK009,5.2,Advanced,2025-08-21,1,Medium
E01395,SK010,5.7,Advanced,2024-10-17,0,High
E01396,SK004,0.5,Beginner,2026-01-26,0,High
E01396,SK007,0.5,Beginner,2026-02-04,0,Medium
E01396,SK018,0.5,Beginner,2024-12-29,0,High
E01396,SK023,0.5,Beginner,2024-10-25,0,Low
E01397,SK002,4.1,Advanced,2025-09-03,1,Medium
E01397,SK008,4.7,Advanced,2025-09-10,1,Medium
E01397,SK009,2.4,Intermediate,2025-03-01,0,Low
E01397,SK010,11.0,Advanced,2024-10-12,0,High
E01397,SK036,5.0,Advanced,2026-01-31,0,Low
E01398,SK005,3.1,Intermediate,2024-11-20,1,Medium
E01398,SK011,4.0,Advanced,2025-10-15,1,High
E01398,SK017,2.3,Intermediate,2025-02-06,0,Medium
E01398,SK021,1.1,Beginner,2025-03-01,0,Low
E01398,SK023,3.2,Intermediate,2025-11-21,1,Medium
E01398,SK025,0.7,Beginner,2025-10-08,1,Low
E01399,SK008,2.8,Intermediate,2025-11-29,1,Low
E01399,SK013,2.7,Intermediate,2025-11-11,1,Low
E01399,SK025,8.6,Advanced,2025-01-28,0,Medium
E01399,SK026,12.6,Advanced,2025-09-01,1,Medium
E01399,SK027,11.1,Advanced,2026-02-13,0,High
E01400,SK011,3.9,Intermediate,2025-03-13,0,Medium
E01400,SK024,3.5,Intermediate,2024-12-19,0,Medium
E01400,SK037,2.5,Intermediate,2026-02-16,0,Medium
E01401,SK001,7.0,Advanced,2025-02-06,1,High
E01401,SK002,3.6,Intermediate,2025-08-08,0,Medium
E01401,SK005,2.7,Intermediate,2025-04-07,0,Low
E01401,SK011,3.5,Intermediate,2026-02-28,1,Medium
E01401,SK029,6.9,Advanced,2025-08-13,1,High
E01402,SK011,0.5,Beginner,2025-09-09,1,Low
E01402,SK020,0.9,Beginner,2025-05-10,1,Low
E01402,SK025,2.9,Intermediate,2026-03-17,1,High
E01402,SK034,2.4,Intermediate,2025-12-14,0,High
E01403,SK004,0.5,Beginner,2025-07-09,0,High
E01403,SK022,0.5,Beginner,2025-07-18,1,Low
E01403,SK024,0.5,Beginner,2026-01-19,1,Low
E01403,SK037,0.5,Beginner,2025-09-15,0,Low
E01404,SK033,3.0,Intermediate,2025-10-17,1,High
E01405,SK001,0.6,Beginner,2025-02-12,0,Low
E01405,SK011,2.1,Intermediate,2025-07-08,0,High
E01405,SK013,3.0,Intermediate,2025-08-23,1,High
E01405,SK033,2.1,Intermediate,2025-11-02,0,Medium
E01406,SK013,2.4,Intermediate,2025-05-26,0,Low
E01406,SK033,5.2,Advanced,2025-06-15,0,Medium
E01407,SK001,4.9,Advanced,2025-11-17,0,Low
E01407,SK022,8.2,Advanced,2025-06-03,1,High
E01407,SK023,5.1,Advanced,2025-02-22,1,Medium
E01407,SK024,1.6,Beginner,2025-03-11,1,Low
E01407,SK025,2.8,Intermediate,2025-03-12,1,Low
E01407,SK026,9.8,Advanced,2024-10-18,1,High
E01407,SK028,3.9,Intermediate,2025-06-29,1,Medium
E01408,SK003,0.5,Beginner,2025-12-04,1,Medium
E01408,SK023,0.5,Beginner,2024-12-07,1,High
E01409,SK005,4.2,Advanced,2025-03-15,1,Medium
E01409,SK006,4.5,Advanced,2025-05-04,1,Medium
E01409,SK008,7.0,Advanced,2025-04-19,0,High
E01409,SK027,5.8,Advanced,2025-10-16,1,High
E01409,SK031,3.7,Intermediate,2025-04-15,1,Medium
E01410,SK003,1.6,Beginner,2026-01-29,0,Low
E01410,SK007,4.1,Advanced,2025-06-26,0,Medium
E01410,SK009,6.4,Advanced,2025-12-04,0,Medium
E01410,SK010,8.0,Advanced,2025-01-31,1,High
E01410,SK036,6.2,Advanced,2025-03-14,0,High
E01411,SK001,4.6,Advanced,2025-12-05,1,Medium
E01411,SK017,4.8,Advanced,2024-12-21,0,High
E01411,SK022,4.9,Advanced,2024-11-14,1,Medium
E01412,SK011,2.5,Intermediate,2025-06-06,1,Medium
E01412,SK024,2.2,Intermediate,2025-05-22,1,High
E01412,SK025,1.1,Beginner,2025-05-19,0,Medium
E01413,SK003,1.0,Beginner,2024-10-17,1,High
E01413,SK016,0.5,Beginner,2025-09-06,1,Medium
E01413,SK024,0.8,Beginner,2025-02-23,1,Medium
E01413,SK037,1.0,Beginner,2025-11-12,0,High
E01414,SK023,3.0,Intermediate,2025-08-10,0,High
E01414,SK035,0.8,Beginner,2025-04-27,0,Low
E01414,SK036,0.8,Beginner,2025-11-23,0,Low
E01415,SK008,6.2,Advanced,2025-02-20,0,High
E01415,SK018,4.1,Advanced,2026-03-06,1,Medium
E01415,SK022,3.2,Intermediate,2025-09-26,0,Low
E01415,SK024,6.7,Advanced,2025-02-23,1,High
E01416,SK014,11.8,Advanced,2025-02-05,1,Medium
E01416,SK023,11.8,Advanced,2025-10-24,1,Medium
E01416,SK024,6.5,Advanced,2025-02-26,1,Low
E01416,SK034,14.2,Advanced,2025-10-19,1,Medium
E01416,SK037,4.3,Advanced,2025-07-04,1,Low
E01417,SK002,0.8,Beginner,2025-10-29,1,Low
E01417,SK010,2.9,Intermediate,2025-10-11,1,Low
E01417,SK011,3.6,Intermediate,2025-09-08,1,Medium
E01417,SK016,2.9,Intermediate,2025-11-16,1,Medium
E01417,SK017,1.3,Beginner,2026-03-24,1,Low
E01417,SK033,3.8,Intermediate,2025-03-22,0,Low
E01417,SK034,0.9,Beginner,2024-11-03,0,Low
E01418,SK001,0.5,Beginner,2024-10-25,1,Low
E01418,SK011,0.5,Beginner,2025-04-08,0,Low
E01418,SK016,0.8,Beginner,2024-10-17,1,High
E01419,SK001,0.8,Beginner,2026-03-11,1,High
E01419,SK004,0.5,Beginner,2025-09-07,1,Low
E01419,SK013,0.8,Beginner,2025-01-08,1,Medium
E01420,SK002,1.9,Beginner,2025-09-09,1,Medium
E01420,SK013,0.7,Beginner,2024-10-11,1,Low
E01420,SK026,4.2,Advanced,2025-06-06,1,Medium
E01420,SK027,3.8,Intermediate,2026-03-02,0,Medium
E01421,SK002,4.9,Advanced,2024-12-16,0,Medium
E01421,SK004,6.3,Advanced,2025-05-20,0,High
E01421,SK009,2.9,Intermediate,2025-02-02,0,Medium
E01422,SK001,3.1,Intermediate,2025-12-08,0,Low
E01422,SK004,8.6,Advanced,2025-06-07,1,High
E01422,SK006,6.5,Advanced,2025-03-05,0,Medium
E01422,SK009,6.1,Advanced,2025-10-16,1,Medium
E01422,SK020,11.0,Advanced,2026-01-12,0,High
E01423,SK002,12.5,Advanced,2025-06-09,0,Medium
E01423,SK004,7.7,Advanced,2025-01-19,1,Medium
E01423,SK006,12.6,Advanced,2025-03-24,1,Medium
E01423,SK024,3.4,Intermediate,2025-05-11,1,Low
E01423,SK030,7.6,Advanced,2025-09-12,0,Medium
E01423,SK033,3.2,Intermediate,2024-12-14,1,Low
E01424,SK001,6.5,Advanced,2026-02-27,0,High
E01424,SK013,5.5,Advanced,2025-10-22,1,Medium
E01424,SK015,3.5,Intermediate,2025-09-22,0,Low
E01424,SK017,5.7,Advanced,2024-11-27,1,High
E01424,SK018,4.6,Advanced,2026-03-10,1,Medium
E01425,SK004,2.1,Intermediate,2026-01-03,1,Low
E01425,SK014,9.6,Advanced,2025-06-11,1,Medium
E01425,SK018,3.7,Intermediate,2025-01-27,1,Low
E01425,SK020,4.1,Advanced,2024-11-27,1,Low
E01425,SK023,11.8,Advanced,2026-01-22,1,High
E01426,SK019,2.9,Intermediate,2026-01-18,1,High
E01426,SK026,2.1,Intermediate,2025-08-08,1,High
E01427,SK002,0.5,Beginner,2025-08-14,0,Medium
E01427,SK006,0.5,Beginner,2024-11-06,0,High
E01427,SK011,0.5,Beginner,2025-07-06,0,Medium
E01427,SK024,0.5,Beginner,2025-07-11,0,High
E01428,SK011,8.2,Advanced,2025-02-01,0,Medium
E01428,SK017,6.8,Advanced,2026-01-31,1,Medium
E01428,SK027,9.4,Advanced,2024-11-24,0,High
E01428,SK036,10.0,Advanced,2025-02-23,1,High
E01429,SK009,3.7,Intermediate,2025-01-02,1,High
E01429,SK017,1.7,Beginner,2025-05-06,1,Low
E01429,SK018,2.9,Intermediate,2025-12-23,1,Medium
E01429,SK019,1.8,Beginner,2025-05-14,1,Medium
E01429,SK024,2.9,Intermediate,2026-01-01,1,High
E01430,SK006,1.7,Beginner,2025-12-24,1,Low
E01430,SK012,2.1,Intermediate,2025-11-06,1,Low
E01430,SK020,4.9,Advanced,2025-10-06,1,High
E01430,SK021,3.3,Intermediate,2026-02-25,1,Medium
E01430,SK026,4.2,Advanced,2025-05-12,0,Medium
E01431,SK019,3.0,Intermediate,2025-07-01,0,High
E01432,SK021,2.1,Intermediate,2026-02-06,0,Medium
E01432,SK023,1.0,Beginner,2024-10-18,1,Low
E01433,SK006,1.3,Beginner,2025-04-20,1,Medium
E01433,SK027,1.4,Beginner,2025-11-14,1,Low
E01433,SK029,2.8,Intermediate,2025-01-11,1,High
E01433,SK038,0.9,Beginner,2026-03-08,1,Low
E01434,SK003,0.8,Beginner,2024-10-16,0,Medium
E01434,SK004,0.7,Beginner,2025-11-12,0,High
E01434,SK005,0.5,Beginner,2025-06-03,1,Low
E01434,SK017,1.0,Beginner,2025-02-06,1,High
E01434,SK027,0.6,Beginner,2025-09-07,1,Medium
E01434,SK038,0.5,Beginner,2025-05-23,1,Medium
E01435,SK001,4.5,Advanced,2025-02-10,1,Low
E01435,SK002,8.4,Advanced,2025-07-12,0,Medium
E01435,SK008,1.9,Beginner,2024-12-28,1,Low
E01435,SK011,8.6,Advanced,2025-06-16,1,High
E01435,SK014,8.1,Advanced,2025-11-26,0,Medium
E01435,SK026,8.0,Advanced,2025-08-18,1,Medium
E01436,SK024,0.5,Beginner,2024-10-23,1,High
E01436,SK028,0.5,Beginner,2025-04-22,1,Low
E01437,SK024,3.8,Intermediate,2025-02-07,1,Medium
E01437,SK027,2.9,Intermediate,2025-01-17,1,Low
E01437,SK029,3.7,Intermediate,2025-03-25,1,Medium
E01437,SK030,3.5,Intermediate,2024-11-18,1,Medium
E01438,SK007,0.7,Beginner,2025-08-08,1,Medium
E01438,SK011,1.0,Beginner,2025-12-02,0,High
E01438,SK021,0.8,Beginner,2024-10-18,1,Medium
E01438,SK025,0.5,Beginner,2025-05-10,0,Low
E01438,SK027,0.8,Beginner,2026-01-01,1,Medium
E01438,SK035,0.5,Beginner,2025-02-26,1,Low
E01439,SK018,2.0,Intermediate,2025-07-26,0,Medium
E01439,SK019,2.6,Intermediate,2025-11-28,0,Medium
E01439,SK024,4.0,Advanced,2025-05-28,1,High
E01439,SK027,0.8,Beginner,2025-08-28,0,Low
E01439,SK034,1.1,Beginner,2026-01-05,1,Low
E01440,SK007,4.6,Advanced,2025-03-02,0,Low
E01440,SK011,1.9,Beginner,2025-11-21,0,Low
E01440,SK016,7.5,Advanced,2026-02-02,1,Medium
E01440,SK020,3.5,Intermediate,2025-03-24,1,Medium
E01440,SK024,7.8,Advanced,2025-07-10,1,High
E01440,SK026,8.6,Advanced,2025-06-20,1,High
E01441,SK009,3.9,Intermediate,2025-11-09,1,Low
E01441,SK011,6.1,Advanced,2025-06-23,1,Medium
E01441,SK017,8.0,Advanced,2025-01-09,0,High
E01441,SK024,5.4,Advanced,2026-02-19,1,Medium
E01441,SK030,9.1,Advanced,2024-12-03,1,Medium
E01441,SK032,5.6,Advanced,2025-05-07,1,Medium
E01442,SK019,5.5,Advanced,2025-08-04,1,High
E01442,SK020,1.1,Beginner,2025-10-08,0,Low
E01442,SK035,2.4,Intermediate,2025-03-04,1,Medium
E01443,SK001,0.5,Beginner,2026-01-22,1,High
E01443,SK011,0.5,Beginner,2025-11-03,1,Low
E01443,SK013,0.5,Beginner,2025-05-19,0,High
E01443,SK018,0.5,Beginner,2025-10-15,0,Low
E01443,SK020,0.5,Beginner,2025-06-02,1,Medium
E01444,SK009,5.6,Advanced,2025-11-13,0,Medium
E01444,SK017,2.9,Intermediate,2025-07-15,0,Low
E01444,SK025,3.2,Intermediate,2025-03-22,0,Low
E01444,SK026,6.3,Advanced,2024-10-13,0,High
E01445,SK018,5.6,Advanced,2025-08-05,0,Medium
E01445,SK026,8.9,Advanced,2025-07-01,0,High
E01445,SK037,4.3,Advanced,2024-11-08,0,Medium
E01446,SK003,5.9,Advanced,2025-02-06,1,Low
E01446,SK019,6.3,Advanced,2025-12-15,0,Medium
E01446,SK023,7.8,Advanced,2024-11-16,0,Medium
E01446,SK024,2.8,Intermediate,2025-06-19,0,Low
E01446,SK026,7.2,Advanced,2026-01-05,0,Medium
E01446,SK032,6.4,Advanced,2024-12-03,0,Medium
E01447,SK001,4.9,Advanced,2026-03-19,1,Medium
E01447,SK024,6.9,Advanced,2025-01-07,1,High
E01447,SK026,5.8,Advanced,2026-03-12,1,Medium
E01447,SK032,2.9,Intermediate,2025-12-01,1,Low
E01448,SK001,4.5,Advanced,2025-11-19,0,Low
E01448,SK012,7.7,Advanced,2025-06-15,1,Medium
E01448,SK019,1.8,Beginner,2025-03-08,0,Low
E01448,SK029,7.6,Advanced,2024-11-01,1,Medium
E01448,SK032,4.6,Advanced,2026-02-14,1,Medium
E01449,SK001,5.6,Advanced,2024-12-08,1,Medium
E01449,SK002,2.7,Intermediate,2025-12-14,1,Low
E01449,SK004,7.5,Advanced,2025-05-18,0,High
E01449,SK012,6.1,Advanced,2026-01-11,0,Medium
E01449,SK036,5.8,Advanced,2025-05-16,1,High
E01450,SK013,2.5,Intermediate,2025-03-31,1,Low
E01450,SK033,2.1,Intermediate,2025-03-05,1,Low
E01450,SK034,1.9,Beginner,2024-12-18,1,Low
E01450,SK037,5.0,Advanced,2025-08-03,1,High
E01451,SK001,1.9,Beginner,2025-02-26,1,Medium
E01451,SK004,2.4,Intermediate,2025-09-17,1,Low
E01451,SK024,5.0,Advanced,2025-08-18,1,High
E01451,SK025,1.1,Beginner,2025-08-05,0,Low
E01451,SK029,1.1,Beginner,2025-01-20,0,Low
E01451,SK030,2.7,Intermediate,2025-03-11,1,Medium
E01451,SK033,2.1,Intermediate,2025-01-22,1,Low
E01452,SK004,12.0,Advanced,2025-06-13,1,High
E01452,SK005,1.9,Beginner,2025-06-24,1,Low
E01452,SK006,7.7,Advanced,2025-01-11,1,Medium
E01452,SK010,9.6,Advanced,2025-01-17,0,Medium
E01452,SK013,9.7,Advanced,2025-08-17,1,Medium
E01452,SK027,5.3,Advanced,2025-01-24,1,Low
E01452,SK033,5.1,Advanced,2025-04-02,1,Medium
E01453,SK020,3.9,Intermediate,2024-12-25,0,Low
E01453,SK021,3.4,Intermediate,2026-02-11,0,Low
E01453,SK031,5.3,Advanced,2025-10-29,1,Low
E01453,SK036,6.5,Advanced,2025-11-17,1,Medium
E01454,SK002,3.3,Intermediate,2026-01-01,1,Medium
E01454,SK003,3.2,Intermediate,2025-12-12,1,Medium
E01454,SK009,6.2,Advanced,2025-07-12,1,High
E01454,SK012,2.8,Intermediate,2025-05-15,1,Low
E01454,SK015,2.9,Intermediate,2025-09-11,1,Medium
E01455,SK008,2.0,Intermediate,2025-12-07,0,Medium
E01455,SK009,0.5,Beginner,2024-11-08,1,Low
E01455,SK010,1.5,Beginner,2024-11-09,1,Low
E01455,SK028,2.3,Intermediate,2025-06-12,1,Medium
E01455,SK034,2.1,Intermediate,2026-03-14,0,High
E01456,SK006,0.8,Beginner,2025-09-02,1,Medium
E01456,SK024,0.7,Beginner,2026-03-03,0,Medium
E01456,SK026,0.9,Beginner,2025-01-04,1,High
E01456,SK030,0.6,Beginner,2025-03-07,0,Medium
E01457,SK014,2.2,Intermediate,2025-12-23,0,Low
E01457,SK019,4.0,Advanced,2025-08-09,0,High
E01457,SK021,3.9,Intermediate,2025-03-14,0,Medium
E01457,SK024,4.9,Advanced,2026-02-16,0,High
E01457,SK032,2.7,Intermediate,2025-09-16,0,Medium
E01458,SK026,1.3,Beginner,2025-11-06,0,Low
E01458,SK033,2.2,Intermediate,2025-03-04,1,High
E01459,SK002,2.8,Intermediate,2025-05-04,1,High
E01459,SK010,0.8,Beginner,2026-01-07,0,Low
E01459,SK011,1.2,Beginner,2024-12-16,0,Low
E01459,SK021,0.5,Beginner,2024-12-11,0,Low
E01459,SK023,0.5,Beginner,2025-06-28,1,Low
E01459,SK026,2.6,Intermediate,2025-06-24,1,High
E01460,SK003,3.0,Intermediate,2025-08-20,0,High
E01460,SK011,0.6,Beginner,2025-06-28,0,Low
E01460,SK014,2.3,Intermediate,2025-12-30,0,Medium
E01460,SK024,3.0,Intermediate,2024-12-30,0,High
E01460,SK025,1.4,Beginner,2025-12-26,0,Low
E01460,SK026,1.3,Beginner,2024-11-03,0,Medium
E01461,SK005,1.8,Beginner,2025-01-01,0,Low
E01461,SK013,3.7,Intermediate,2025-04-09,0,High
E01461,SK015,1.4,Beginner,2025-05-01,0,Low
E01461,SK031,3.2,Intermediate,2026-02-18,0,Medium
E01462,SK004,4.5,Advanced,2024-11-23,0,Low
E01462,SK008,8.4,Advanced,2025-10-30,0,Low
E01462,SK023,3.8,Intermediate,2024-10-14,0,Low
E01462,SK024,12.6,Advanced,2025-12-20,0,High
E01462,SK028,9.6,Advanced,2025-07-06,0,Medium
E01462,SK029,10.8,Advanced,2025-12-07,0,Medium
E01463,SK006,5.3,Advanced,2025-07-03,1,High
E01463,SK013,1.6,Beginner,2025-02-03,0,Low
E01463,SK036,2.8,Intermediate,2025-05-28,1,Low
E01464,SK004,1.7,Beginner,2025-04-12,1,Low
E01464,SK013,2.3,Intermediate,2026-02-23,0,Low
E01464,SK014,5.8,Advanced,2024-11-07,1,High
E01464,SK016,2.4,Intermediate,2026-03-24,1,Low
E01464,SK025,0.7,Beginner,2026-01-20,1,Low
E01464,SK028,3.4,Intermediate,2025-05-27,1,Medium
E01465,SK004,7.0,Advanced,2024-11-26,1,High
E01465,SK024,5.7,Advanced,2025-11-08,1,High
E01465,SK028,5.1,Advanced,2025-08-31,1,Medium
E01465,SK036,3.6,Intermediate,2025-08-07,1,Medium
E01466,SK001,7.3,Advanced,2025-01-01,1,Medium
E01466,SK010,6.8,Advanced,2025-04-07,1,Medium
E01466,SK016,4.9,Advanced,2025-05-03,1,Low
E01466,SK022,13.0,Advanced,2025-10-14,0,High
E01466,SK024,9.7,Advanced,2025-10-09,1,High
E01466,SK027,10.5,Advanced,2026-03-22,1,Medium
E01467,SK010,4.9,Advanced,2025-08-25,0,Medium
E01467,SK011,8.0,Advanced,2024-12-04,0,High
E01467,SK031,7.5,Advanced,2024-12-20,0,High
E01468,SK001,1.5,Beginner,2026-03-08,0,Low
E01468,SK009,5.0,Advanced,2025-12-21,1,High
E01468,SK012,4.0,Advanced,2024-10-13,1,Medium
E01468,SK029,3.4,Intermediate,2024-12-10,0,Medium
E01469,SK003,5.0,Advanced,2026-01-09,1,Medium
E01469,SK004,3.7,Intermediate,2024-11-07,1,Medium
E01469,SK005,6.3,Advanced,2025-02-20,0,High
E01469,SK010,2.2,Intermediate,2025-12-11,1,Low
E01469,SK011,3.9,Intermediate,2026-02-20,1,Medium
E01469,SK027,0.9,Beginner,2026-03-13,0,Low
E01469,SK028,5.2,Advanced,2024-12-24,0,High
E01469,SK038,2.4,Intermediate,2026-03-21,0,Low
E01470,SK008,0.8,Beginner,2025-06-02,1,Medium
E01470,SK024,2.0,Intermediate,2024-10-11,1,High
E01471,SK006,0.5,Beginner,2025-01-29,1,Medium
E01471,SK022,0.8,Beginner,2025-12-17,0,Medium
E01471,SK024,1.0,Beginner,2025-07-25,1,High
E01472,SK004,4.7,Advanced,2024-11-02,1,Medium
E01472,SK008,8.7,Advanced,2024-11-24,1,Medium
E01472,SK019,8.3,Advanced,2025-01-01,1,High
E01472,SK022,2.2,Intermediate,2024-11-14,1,Low
E01472,SK023,7.6,Advanced,2025-10-26,1,Medium
E01472,SK026,2.0,Intermediate,2025-07-08,1,Low
E01472,SK035,4.6,Advanced,2025-01-26,1,Low
E01473,SK001,7.7,Advanced,2026-02-21,0,Medium
E01473,SK006,1.9,Beginner,2025-03-22,0,Low
E01473,SK014,7.5,Advanced,2025-03-22,0,High
E01473,SK019,1.3,Beginner,2025-06-19,0,Low
E01473,SK027,7.3,Advanced,2024-11-19,0,High
E01474,SK006,2.0,Intermediate,2025-04-22,1,Medium
E01474,SK010,0.6,Beginner,2024-10-17,1,Low
E01474,SK024,2.2,Intermediate,2025-05-09,1,High
E01475,SK007,3.4,Intermediate,2025-07-31,1,Medium
E01475,SK013,2.4,Intermediate,2025-07-03,0,Medium
E01475,SK015,2.5,Intermediate,2025-03-06,0,Low
E01475,SK017,3.9,Intermediate,2025-07-12,0,High
E01475,SK021,1.5,Beginner,2025-11-21,1,Low
E01475,SK022,5.0,Advanced,2024-12-17,1,High
E01475,SK034,3.4,Intermediate,2026-01-29,0,Medium
E01476,SK011,1.2,Beginner,2025-07-12,1,Medium
E01476,SK012,0.9,Beginner,2026-03-04,0,Medium
E01476,SK024,1.5,Beginner,2024-12-20,1,High
E01476,SK037,0.8,Beginner,2026-02-16,1,Low
E01477,SK001,5.0,Advanced,2025-05-18,1,Medium
E01477,SK010,4.5,Advanced,2025-05-14,1,Medium
E01477,SK011,2.8,Intermediate,2024-10-21,0,Low
E01477,SK025,5.3,Advanced,2026-03-18,1,High
E01477,SK026,3.8,Intermediate,2025-04-10,1,Medium
E01477,SK034,2.7,Intermediate,2024-10-17,0,Medium
E01478,SK002,2.3,Intermediate,2026-02-23,1,High
E01478,SK006,0.5,Beginner,2026-01-28,0,Low
E01478,SK011,2.9,Intermediate,2025-07-15,0,High
E01478,SK021,0.7,Beginner,2025-01-06,1,Low
E01479,SK002,2.3,Intermediate,2025-05-06,0,Medium
E01479,SK015,3.9,Intermediate,2025-01-04,0,Medium
E01479,SK023,2.1,Intermediate,2025-01-29,0,Low
E01479,SK024,5.4,Advanced,2025-10-26,0,High
E01479,SK025,4.3,Advanced,2025-07-31,0,Medium
E01480,SK011,1.1,Beginner,2026-03-16,1,Low
E01480,SK022,1.7,Beginner,2024-12-05,1,Medium
E01480,SK023,2.6,Intermediate,2026-03-14,1,High
E01480,SK025,1.9,Beginner,2025-06-22,1,Medium
E01480,SK026,3.0,Intermediate,2025-03-22,1,High
E01481,SK001,10.1,Advanced,2026-03-21,1,High
E01481,SK015,7.3,Advanced,2025-11-08,1,Medium
E01481,SK016,1.8,Beginner,2025-11-28,1,Low
E01481,SK037,4.8,Advanced,2026-01-06,0,Low
E01482,SK020,2.8,Intermediate,2025-12-19,1,Low
E01482,SK024,4.5,Advanced,2025-02-21,1,High
E01482,SK027,4.9,Advanced,2025-10-25,0,High
E01483,SK001,8.2,Advanced,2025-11-21,0,High
E01483,SK004,1.1,Beginner,2025-01-25,1,Low
E01483,SK011,8.1,Advanced,2024-12-20,0,Medium
E01483,SK014,6.9,Advanced,2025-04-28,1,Medium
E01483,SK027,4.0,Advanced,2025-02-21,1,Low
E01483,SK038,4.9,Advanced,2025-12-23,0,Low
E01484,SK010,3.6,Intermediate,2025-12-27,1,Medium
E01484,SK017,7.0,Advanced,2025-07-15,1,High
E01484,SK018,3.6,Intermediate,2025-07-25,1,Medium
E01484,SK023,6.2,Advanced,2025-08-16,0,High
E01484,SK026,2.0,Intermediate,2026-02-16,1,Low
E01485,SK004,2.4,Intermediate,2025-06-23,0,Medium
E01485,SK024,3.9,Intermediate,2025-04-23,1,High
E01485,SK028,2.5,Intermediate,2025-04-04,1,Medium
E01486,SK003,3.7,Intermediate,2025-05-09,0,Low
E01486,SK015,8.1,Advanced,2025-12-03,1,High
E01486,SK017,3.7,Intermediate,2025-03-28,1,Low
E01486,SK018,7.1,Advanced,2025-11-16,1,Medium
E01486,SK020,1.6,Beginner,2026-02-11,1,Low
E01487,SK011,7.7,Advanced,2025-06-30,1,High
E01487,SK017,1.7,Beginner,2025-03-26,1,Low
E01487,SK033,8.0,Advanced,2025-05-23,1,High
E01488,SK001,3.0,Intermediate,2025-04-01,0,High
E01488,SK002,2.0,Intermediate,2025-01-19,1,Medium
E01488,SK009,2.0,Intermediate,2025-12-19,1,Medium
E01488,SK011,1.3,Beginner,2026-01-22,1,Low
E01488,SK020,1.7,Beginner,2025-08-22,1,Medium
E01488,SK034,1.8,Beginner,2025-11-19,1,Medium
E01488,SK036,2.5,Intermediate,2025-09-09,0,High
E01489,SK004,3.0,Intermediate,2025-04-20,0,Medium
E01489,SK011,5.3,Advanced,2025-10-25,1,High
E01489,SK017,2.1,Intermediate,2025-09-10,0,Low
E01489,SK024,1.3,Beginner,2025-12-09,0,Low
E01489,SK028,2.7,Intermediate,2024-12-29,0,Medium
E01489,SK035,5.8,Advanced,2025-02-12,0,High
E01490,SK019,11.0,Advanced,2025-03-15,0,Medium
E01490,SK020,7.8,Advanced,2024-12-28,0,Medium
E01490,SK021,1.4,Beginner,2025-03-22,0,Low
E01490,SK026,8.0,Advanced,2025-05-23,0,Medium
E01490,SK031,13.0,Advanced,2025-12-27,0,High
E01491,SK004,8.0,Advanced,2025-08-14,0,Medium
E01491,SK022,7.0,Advanced,2026-01-11,0,High
E01491,SK025,4.6,Advanced,2025-01-14,0,Low
E01491,SK026,3.2,Intermediate,2026-01-19,0,Low
E01491,SK032,7.2,Advanced,2026-03-07,1,Medium
E01491,SK035,3.3,Intermediate,2025-01-13,0,Low
E01492,SK011,0.8,Beginner,2025-04-11,1,High
E01492,SK025,0.9,Beginner,2025-10-01,1,High
E01493,SK006,7.1,Advanced,2025-04-06,1,Low
E01493,SK014,13.7,Advanced,2024-11-01,1,High
E01493,SK019,14.7,Advanced,2024-11-10,1,High
E01493,SK023,4.7,Advanced,2025-04-11,1,Low
E01493,SK024,5.8,Advanced,2025-01-29,1,Low
E01493,SK026,6.5,Advanced,2026-02-07,1,Medium
E01493,SK037,6.3,Advanced,2025-11-24,1,Low
E01494,SK037,1.1,Beginner,2025-08-23,0,Low
E01495,SK014,7.2,Advanced,2025-03-01,0,Medium
E01495,SK016,3.4,Intermediate,2025-06-26,0,Low
E01495,SK020,10.3,Advanced,2025-12-13,0,Medium
E01495,SK031,8.0,Advanced,2025-10-17,0,Medium
E01495,SK037,4.7,Advanced,2025-02-18,0,Low
E01496,SK005,7.0,Advanced,2025-02-21,1,High
E01496,SK010,2.1,Intermediate,2025-06-06,0,Low
E01496,SK013,4.7,Advanced,2025-10-05,0,Medium
E01496,SK037,6.3,Advanced,2024-10-15,1,High
E01497,SK008,0.5,Beginner,2025-12-31,0,High
E01498,SK004,1.2,Beginner,2024-11-14,1,Medium
E01498,SK011,1.4,Beginner,2025-12-15,0,High
E01498,SK024,0.6,Beginner,2024-12-22,1,Low
E01498,SK034,2.0,Intermediate,2025-04-30,0,High
E01499,SK002,6.6,Advanced,2025-09-27,0,Medium
E01499,SK004,14.3,Advanced,2026-02-23,0,High
E01499,SK010,7.3,Advanced,2025-04-30,0,Low
E01499,SK034,3.3,Intermediate,2025-07-19,0,Low
E01499,SK036,6.5,Advanced,2025-03-25,0,Low
E01499,SK037,18.0,Advanced,2025-02-03,1,High
E01500,SK018,2.5,Intermediate,2024-12-31,1,Medium
E01500,SK019,2.1,Intermediate,2025-05-23,0,Medium
E01500,SK026,1.6,Beginner,2025-01-09,0,Medium
E01501,SK002,4.9,Advanced,2025-12-01,0,Medium
E01501,SK021,5.0,Advanced,2025-04-07,1,Medium
E01501,SK024,4.4,Advanced,2026-01-05,0,High
E01502,SK010,2.2,Intermediate,2025-05-23,1,Medium
E01502,SK029,1.9,Beginner,2024-11-04,1,Medium
E01502,SK034,2.5,Intermediate,2025-01-20,1,High
E01502,SK036,2.5,Intermediate,2026-01-04,1,High
E01503,SK005,1.2,Beginner,2024-11-07,1,Medium
E01503,SK014,2.4,Intermediate,2025-07-20,0,Medium
E01503,SK017,1.7,Beginner,2025-06-30,1,Medium
E01503,SK019,0.5,Beginner,2025-05-13,0,Low
E01503,SK023,0.6,Beginner,2025-03-23,0,Low
E01504,SK011,2.1,Intermediate,2024-10-13,0,Low
E01504,SK014,4.7,Advanced,2025-12-26,1,Medium
E01504,SK020,5.5,Advanced,2025-03-29,0,Medium
E01504,SK026,10.9,Advanced,2024-12-25,1,High
E01504,SK027,10.0,Advanced,2025-08-08,1,High
E01505,SK001,5.9,Advanced,2025-07-04,1,High
E01505,SK010,3.4,Intermediate,2025-06-22,1,Medium
E01505,SK011,4.9,Advanced,2024-11-16,1,Medium
E01505,SK021,3.1,Intermediate,2025-04-19,0,Medium
E01506,SK003,0.7,Beginner,2025-08-20,1,Low
E01506,SK019,2.1,Intermediate,2026-01-30,0,Low
E01506,SK023,4.6,Advanced,2025-10-25,0,Medium
E01506,SK027,6.0,Advanced,2025-11-26,0,High
E01507,SK001,1.3,Beginner,2025-01-27,0,Low
E01507,SK022,3.0,Intermediate,2025-11-06,0,Low
E01507,SK024,2.9,Intermediate,2026-02-09,0,Low
E01508,SK005,2.0,Intermediate,2025-07-10,0,High
E01508,SK015,1.6,Beginner,2025-06-09,1,Medium
E01508,SK020,1.0,Beginner,2025-10-27,1,Medium
E01509,SK011,1.8,Beginner,2025-01-27,0,Medium
E01509,SK018,2.4,Intermediate,2025-11-10,1,Medium
E01509,SK022,2.0,Intermediate,2025-04-20,0,Medium
E01509,SK026,0.6,Beginner,2025-12-05,1,Low
E01510,SK011,12.0,Advanced,2025-09-09,1,High
E01510,SK021,1.5,Beginner,2025-09-23,1,Low
E01510,SK023,12.0,Advanced,2025-02-05,1,High
E01510,SK024,2.8,Intermediate,2025-12-11,1,Low
E01510,SK038,5.6,Advanced,2025-06-28,1,Medium
E01511,SK002,0.9,Beginner,2024-11-25,1,Low
E01511,SK004,3.0,Intermediate,2025-09-03,1,High
E01511,SK024,2.3,Intermediate,2025-12-21,0,Medium
E01511,SK029,2.3,Intermediate,2025-07-24,1,Medium
E01512,SK001,3.8,Intermediate,2025-04-02,1,Medium
E01512,SK003,5.1,Advanced,2024-10-16,1,High
E01512,SK014,5.9,Advanced,2025-12-10,1,High
E01512,SK018,1.1,Beginner,2024-10-12,1,Low
E01512,SK038,2.5,Intermediate,2026-01-20,0,Low
E01513,SK007,7.1,Advanced,2025-06-21,1,Medium
E01513,SK022,4.4,Advanced,2026-01-20,1,Low
E01513,SK037,8.6,Advanced,2025-03-27,1,High
E01514,SK006,12.4,Advanced,2025-11-13,1,Medium
E01514,SK007,1.9,Beginner,2025-03-13,1,Low
E01514,SK011,12.3,Advanced,2024-10-24,0,Medium
E01514,SK015,17.8,Advanced,2025-06-01,1,High
E01514,SK016,15.2,Advanced,2025-04-20,0,Medium
E01514,SK017,15.7,Advanced,2026-01-29,1,High
E01514,SK024,6.8,Advanced,2025-12-10,1,Medium
E01514,SK032,11.3,Advanced,2025-03-15,1,Medium
E01514,SK035,5.8,Advanced,2025-02-28,0,Low
E01515,SK002,7.1,Advanced,2025-07-15,1,Medium
E01515,SK009,15.7,Advanced,2025-10-23,1,High
E01515,SK010,12.0,Advanced,2025-05-12,1,Medium
E01515,SK028,6.9,Advanced,2025-06-16,1,Low
E01515,SK038,12.9,Advanced,2025-12-19,1,High
E01516,SK005,5.7,Advanced,2025-04-26,1,High
E01516,SK013,3.3,Intermediate,2025-12-14,0,Low
E01516,SK014,4.6,Advanced,2025-02-23,1,Medium
E01516,SK018,7.0,Advanced,2025-02-22,1,High
E01517,SK002,4.8,Advanced,2024-12-18,1,Medium
E01517,SK004,7.0,Advanced,2024-11-07,1,High
E01517,SK005,4.7,Advanced,2025-10-28,1,Medium
E01517,SK009,3.2,Intermediate,2026-01-01,1,Low
E01517,SK024,1.1,Beginner,2025-06-14,1,Low
E01517,SK025,3.0,Intermediate,2024-11-03,0,Medium
E01517,SK026,2.7,Intermediate,2025-01-13,1,Low
E01518,SK001,1.7,Beginner,2025-01-12,0,Low
E01518,SK012,2.8,Intermediate,2026-01-24,0,Medium
E01518,SK022,0.8,Beginner,2025-05-02,0,Low
E01518,SK026,4.4,Advanced,2025-01-15,0,High
E01518,SK030,3.7,Intermediate,2026-01-01,0,Medium
E01519,SK011,1.0,Beginner,2025-03-07,1,Medium
E01519,SK022,1.0,Beginner,2025-09-13,1,Low
E01519,SK023,0.5,Beginner,2025-05-02,1,Low
E01519,SK024,2.0,Intermediate,2024-12-08,1,High
E01519,SK026,1.6,Beginner,2026-03-07,1,Medium
E01520,SK004,3.3,Intermediate,2025-02-15,1,Medium
E01520,SK013,3.5,Intermediate,2025-04-08,0,Medium
E01520,SK016,1.0,Beginner,2026-01-13,0,Low
E01520,SK036,3.5,Intermediate,2025-05-20,1,Medium
E01521,SK019,2.9,Intermediate,2025-01-31,0,Low
E01521,SK020,5.6,Advanced,2025-08-21,0,Medium
E01521,SK026,4.5,Advanced,2025-05-18,0,Medium
E01521,SK032,1.5,Beginner,2025-06-27,0,Low
E01521,SK036,7.7,Advanced,2025-07-23,0,High
E01521,SK038,2.3,Intermediate,2025-11-08,0,Low
E01522,SK015,7.1,Advanced,2024-11-21,1,Medium
E01522,SK017,4.7,Advanced,2025-10-19,0,Medium
E01522,SK018,7.8,Advanced,2026-02-01,0,Medium
E01522,SK019,8.7,Advanced,2025-02-08,1,Medium
E01522,SK020,2.4,Intermediate,2025-12-20,1,Low
E01522,SK024,6.6,Advanced,2025-04-04,0,Medium
E01522,SK025,4.5,Advanced,2025-07-12,1,Low
E01523,SK013,3.2,Intermediate,2025-09-11,0,Medium
E01523,SK021,2.2,Intermediate,2025-04-24,0,Medium
E01523,SK024,2.1,Intermediate,2025-01-22,0,Medium
E01523,SK028,5.0,Advanced,2024-10-16,0,High
E01524,SK019,1.0,Beginner,2025-03-19,1,Low
E01524,SK025,3.0,Intermediate,2025-03-13,1,High
E01525,SK011,1.3,Beginner,2025-02-20,1,Low
E01525,SK013,4.3,Advanced,2026-02-12,1,High
E01525,SK016,4.2,Advanced,2025-02-11,1,Medium
E01525,SK020,4.5,Advanced,2024-11-02,0,High
E01525,SK033,3.4,Intermediate,2025-10-07,0,Medium
E01526,SK017,0.9,Beginner,2025-08-31,1,Low
E01526,SK023,4.0,Advanced,2025-04-13,1,Medium
E01526,SK024,4.4,Advanced,2025-12-20,0,High
E01526,SK025,4.3,Advanced,2026-03-23,1,Medium
E01526,SK028,1.6,Beginner,2025-12-05,1,Low
E01527,SK001,5.8,Advanced,2025-04-22,0,Medium
E01527,SK005,2.1,Intermediate,2025-05-24,1,Low
E01527,SK022,4.7,Advanced,2025-01-03,1,Medium
E01527,SK025,10.6,Advanced,2025-03-13,1,High
E01527,SK026,8.9,Advanced,2026-01-29,1,High
E01527,SK029,8.0,Advanced,2024-12-26,1,Medium
E01528,SK014,2.0,Intermediate,2025-11-23,0,High
E01528,SK022,2.0,Intermediate,2025-05-16,0,High
E01528,SK026,0.8,Beginner,2026-03-13,0,Low
E01528,SK037,0.8,Beginner,2026-01-07,0,Low
E01529,SK001,6.8,Advanced,2025-07-14,1,Low
E01529,SK004,13.3,Advanced,2025-06-21,1,High
E01529,SK005,11.2,Advanced,2024-11-03,1,Medium
E01529,SK010,13.5,Advanced,2025-04-20,0,Medium
E01529,SK012,13.9,Advanced,2025-08-19,0,Medium
E01529,SK024,13.4,Advanced,2024-12-02,0,High
E01529,SK032,9.3,Advanced,2025-11-04,0,Medium
E01529,SK033,9.3,Advanced,2025-06-10,1,Medium
E01530,SK001,2.5,Intermediate,2026-02-04,0,High
E01530,SK024,2.2,Intermediate,2026-03-14,1,High
E01530,SK025,2.3,Intermediate,2025-12-25,0,Medium
E01530,SK026,1.3,Beginner,2025-01-01,0,Low
E01531,SK001,11.0,Advanced,2025-04-04,0,High
E01531,SK016,9.0,Advanced,2025-05-27,1,Medium
E01531,SK017,4.8,Advanced,2025-12-21,0,Low
E01531,SK024,1.8,Beginner,2026-01-31,0,Low
E01531,SK028,7.7,Advanced,2025-08-25,0,Medium
E01531,SK029,9.1,Advanced,2025-08-04,0,Medium
E01531,SK032,9.9,Advanced,2026-03-17,0,Medium
E01531,SK036,2.3,Intermediate,2025-12-22,0,Low
E01532,SK001,4.0,Advanced,2025-10-02,1,High
E01532,SK027,2.0,Intermediate,2025-03-23,1,Medium
E01533,SK012,10.8,Advanced,2026-01-16,0,High
E01533,SK017,9.2,Advanced,2025-10-12,0,High
E01533,SK024,1.4,Beginner,2025-01-17,0,Low
E01533,SK028,4.8,Advanced,2025-07-05,0,Low
E01534,SK002,3.4,Intermediate,2025-04-01,0,High
E01534,SK023,1.8,Beginner,2024-12-04,1,Medium
E01535,SK015,2.3,Intermediate,2025-03-31,0,High
E01535,SK017,3.0,Intermediate,2024-10-26,0,High
E01535,SK021,1.1,Beginner,2025-10-14,0,Medium
E01535,SK024,1.8,Beginner,2025-05-31,0,Medium
E01535,SK029,1.4,Beginner,2025-04-01,0,Low
E01536,SK008,3.5,Intermediate,2025-01-23,1,Medium
E01536,SK011,4.9,Advanced,2024-10-26,1,Medium
E01536,SK019,6.3,Advanced,2026-01-01,1,Medium
E01536,SK025,7.9,Advanced,2024-12-23,1,High
E01537,SK004,8.5,Advanced,2025-06-03,1,High
E01537,SK027,11.0,Advanced,2025-08-23,0,High
E01537,SK028,5.4,Advanced,2025-09-05,1,Medium
E01537,SK029,7.9,Advanced,2025-07-30,0,Medium
E01537,SK034,8.4,Advanced,2026-01-07,1,Medium
E01537,SK035,6.2,Advanced,2025-08-15,0,Medium
E01538,SK008,1.1,Beginner,2025-09-25,0,Low
E01538,SK010,1.3,Beginner,2025-10-04,0,Low
E01538,SK033,2.3,Intermediate,2025-01-28,0,High
E01539,SK002,6.0,Advanced,2025-02-28,0,High
E01539,SK004,5.2,Advanced,2026-02-17,1,High
E01539,SK009,4.3,Advanced,2025-08-22,1,Medium
E01539,SK011,3.4,Intermediate,2024-12-11,1,Medium
E01540,SK002,11.0,Advanced,2025-12-04,1,High
E01540,SK011,8.6,Advanced,2026-01-05,0,Medium
E01540,SK013,11.0,Advanced,2026-01-18,1,High
E01541,SK008,2.9,Intermediate,2025-08-06,0,Medium
E01541,SK011,1.6,Beginner,2025-02-06,0,Low
E01541,SK013,1.0,Beginner,2025-04-26,0,Low
E01541,SK031,2.5,Intermediate,2025-06-28,1,Low
E01541,SK033,3.2,Intermediate,2025-04-24,1,Medium
E01541,SK034,5.3,Advanced,2025-11-30,1,High
E01541,SK036,4.9,Advanced,2025-02-19,0,High
E01542,SK001,2.1,Intermediate,2025-05-24,1,Medium
E01542,SK002,3.7,Intermediate,2026-03-24,0,High
E01542,SK011,3.4,Intermediate,2025-06-25,0,Medium
E01542,SK037,1.0,Beginner,2025-09-05,1,Low
E01542,SK038,4.3,Advanced,2025-11-05,1,High
E01543,SK012,0.8,Beginner,2025-05-22,0,Low
E01543,SK022,5.2,Advanced,2026-01-01,1,High
E01543,SK023,5.1,Advanced,2024-12-06,1,High
E01543,SK024,2.9,Intermediate,2025-03-10,1,Medium
E01543,SK035,4.3,Advanced,2025-03-27,0,Medium
E01544,SK005,2.8,Intermediate,2026-01-11,0,Low
E01544,SK009,5.5,Advanced,2025-07-22,0,Low
E01544,SK017,10.0,Advanced,2025-10-08,1,Medium
E01544,SK022,14.0,Advanced,2025-04-02,0,High
E01544,SK024,2.1,Intermediate,2025-03-08,1,Low
E01544,SK025,8.2,Advanced,2025-01-30,1,Medium
E01544,SK026,10.2,Advanced,2024-10-30,1,Medium
E01545,SK005,6.0,Advanced,2025-11-24,1,High
E01545,SK007,2.9,Intermediate,2024-12-24,0,Low
E01545,SK009,6.0,Advanced,2025-04-18,0,High
E01545,SK013,1.0,Beginner,2025-07-04,0,Low
E01546,SK020,2.9,Intermediate,2025-07-17,1,High
E01546,SK023,3.0,Intermediate,2025-12-28,0,High
E01547,SK002,2.7,Intermediate,2025-12-30,0,Low
E01547,SK003,7.3,Advanced,2025-10-20,0,Medium
E01547,SK005,2.2,Intermediate,2024-11-25,0,Low
E01547,SK006,1.0,Beginner,2025-10-20,0,Low
E01547,SK010,9.0,Advanced,2025-06-14,0,High
E01547,SK011,5.8,Advanced,2025-02-25,1,Medium
E01547,SK013,4.2,Advanced,2025-06-01,0,Low
E01547,SK033,3.4,Intermediate,2024-11-22,0,Low
E01548,SK001,3.7,Intermediate,2025-05-13,0,Low
E01548,SK002,7.4,Advanced,2025-07-28,1,Medium
E01548,SK005,4.9,Advanced,2024-11-23,1,Medium
E01548,SK007,3.8,Intermediate,2025-05-31,1,Low
E01548,SK013,5.6,Advanced,2025-06-10,1,Medium
E01548,SK024,7.4,Advanced,2025-08-28,1,High
E01548,SK037,7.8,Advanced,2026-01-07,1,Medium
E01549,SK001,11.0,Advanced,2025-11-28,1,High
E01549,SK011,6.2,Advanced,2025-09-22,1,Medium
E01549,SK013,9.0,Advanced,2026-03-09,0,Medium
E01549,SK029,4.8,Advanced,2025-01-27,0,Low
E01549,SK032,5.1,Advanced,2025-07-29,1,Medium
E01549,SK036,1.9,Beginner,2025-06-30,1,Low
E01550,SK010,12.8,Advanced,2025-09-28,0,Medium
E01550,SK011,16.0,Advanced,2024-11-24,0,High
E01550,SK023,7.2,Advanced,2025-12-25,1,Low
E01550,SK024,1.9,Beginner,2025-08-19,0,Low
E01551,SK011,2.3,Intermediate,2025-05-16,1,Low
E01551,SK013,9.0,Advanced,2025-02-09,1,High
E01551,SK033,4.0,Advanced,2024-12-19,1,Low
E01552,SK011,5.6,Advanced,2025-01-15,1,Medium
E01552,SK014,2.0,Intermediate,2025-05-01,1,Low
E01552,SK025,7.0,Advanced,2025-12-10,1,High
E01552,SK033,6.9,Advanced,2025-05-27,0,High
E01553,SK010,2.0,Intermediate,2026-01-10,1,Medium
E01553,SK021,2.7,Intermediate,2025-09-09,1,High
E01553,SK024,0.6,Beginner,2025-10-23,1,Low
E01553,SK027,2.4,Intermediate,2025-05-17,0,Medium
E01553,SK034,1.9,Beginner,2025-07-13,1,Medium
E01554,SK002,3.1,Intermediate,2026-01-31,0,Medium
E01554,SK009,2.2,Intermediate,2025-07-01,1,Medium
E01554,SK011,3.5,Intermediate,2025-08-25,1,Medium
E01554,SK013,2.8,Intermediate,2026-03-11,0,Medium
E01554,SK023,6.0,Advanced,2025-02-15,0,High
E01555,SK001,6.0,Advanced,2025-01-12,1,High
E01555,SK011,3.4,Intermediate,2025-05-13,1,Medium
E01555,SK015,5.4,Advanced,2025-08-28,1,Medium
E01555,SK018,2.4,Intermediate,2025-06-27,0,Low
E01556,SK005,0.5,Beginner,2025-10-15,1,Low
E01556,SK033,0.5,Beginner,2024-12-24,0,High
E01556,SK034,0.5,Beginner,2025-02-04,0,Medium
E01557,SK004,0.5,Beginner,2025-06-18,0,Low
E01557,SK005,0.8,Beginner,2024-11-21,0,High
E01557,SK007,0.5,Beginner,2025-09-08,0,Low
E01557,SK037,1.0,Beginner,2024-11-02,0,High
E01558,SK002,2.0,Intermediate,2025-11-14,0,Low
E01558,SK008,4.0,Advanced,2025-02-21,0,Low
E01558,SK011,4.2,Advanced,2025-06-02,0,Medium
E01558,SK012,4.9,Advanced,2025-02-23,0,Low
E01558,SK017,9.7,Advanced,2025-07-08,0,High
E01558,SK026,7.3,Advanced,2025-01-21,0,Medium
E01558,SK031,5.8,Advanced,2025-04-18,0,Medium
E01559,SK008,0.5,Beginner,2025-01-24,1,Low
E01559,SK022,2.2,Intermediate,2025-05-01,1,Medium
E01559,SK033,0.9,Beginner,2025-08-14,0,Low
E01560,SK019,8.0,Advanced,2025-04-18,1,High
E01560,SK022,8.0,Advanced,2025-01-28,1,High
E01560,SK025,5.4,Advanced,2026-03-21,1,Medium
E01560,SK026,6.2,Advanced,2025-04-04,1,Medium
E01561,SK002,1.2,Beginner,2025-09-10,0,Medium
E01561,SK022,1.9,Beginner,2025-07-24,1,High
E01562,SK004,8.3,Advanced,2025-09-16,0,High
E01562,SK008,4.4,Advanced,2024-10-28,0,Low
E01562,SK037,10.0,Advanced,2025-11-15,0,High
E01563,SK005,2.0,Intermediate,2025-05-19,1,Low
E01563,SK007,5.3,Advanced,2025-12-13,1,Medium
E01563,SK013,3.6,Intermediate,2025-01-19,0,Medium
E01563,SK024,1.3,Beginner,2026-01-29,0,Low
E01563,SK030,8.8,Advanced,2025-09-21,1,High
E01564,SK011,1.8,Beginner,2025-09-28,0,Low
E01564,SK030,4.4,Advanced,2025-11-16,0,Medium
E01565,SK008,0.6,Beginner,2025-10-27,1,Medium
E01565,SK015,0.5,Beginner,2025-12-10,1,Low
E01566,SK005,0.5,Beginner,2025-02-11,0,High
E01566,SK008,0.5,Beginner,2025-04-01,0,Medium
E01566,SK011,0.5,Beginner,2025-09-03,0,Medium
E01566,SK037,0.5,Beginner,2025-07-11,0,High
E01567,SK015,0.9,Beginner,2025-03-28,1,Low
E01567,SK017,2.0,Intermediate,2025-09-19,0,High
E01567,SK030,1.1,Beginner,2025-05-25,0,Medium
E01568,SK001,0.9,Beginner,2025-11-11,0,Low
E01568,SK004,2.1,Intermediate,2025-08-18,1,Low
E01568,SK006,6.1,Advanced,2024-12-04,1,Medium
E01568,SK011,3.2,Intermediate,2025-10-14,0,Medium
E01568,SK017,0.8,Beginner,2026-02-06,1,Low
E01568,SK022,5.7,Advanced,2025-08-06,1,Medium
E01568,SK027,2.9,Intermediate,2026-01-18,1,Medium
E01569,SK011,2.9,Intermediate,2025-01-03,0,Low
E01569,SK013,6.0,Advanced,2025-07-31,1,High
E01569,SK014,1.4,Beginner,2025-02-19,0,Low
E01569,SK024,2.9,Intermediate,2025-12-15,0,Medium
E01570,SK003,2.6,Intermediate,2026-03-07,0,Medium
E01570,SK006,5.9,Advanced,2026-03-18,0,Medium
E01570,SK007,2.6,Intermediate,2024-10-30,0,Low
E01570,SK014,3.8,Intermediate,2024-12-11,0,Medium
E01571,SK001,2.3,Intermediate,2024-11-17,0,Medium
E01571,SK007,3.0,Intermediate,2024-12-01,1,Medium
E01571,SK011,1.5,Beginner,2025-12-21,0,Low
E01571,SK033,1.2,Beginner,2025-03-01,1,Low
E01572,SK002,2.0,Intermediate,2024-10-29,0,Medium
E01572,SK033,1.7,Beginner,2026-02-01,1,Medium
E01573,SK004,0.5,Beginner,2025-06-18,1,Low
E01573,SK009,1.2,Beginner,2025-03-31,1,Low
E01573,SK011,3.4,Intermediate,2024-12-18,1,Medium
E01573,SK024,3.5,Intermediate,2025-06-30,1,High
E01573,SK026,4.0,Advanced,2024-12-12,1,High
E01573,SK030,1.6,Beginner,2024-11-01,0,Medium
E01573,SK033,2.7,Intermediate,2025-06-25,0,Medium
E01574,SK004,0.8,Beginner,2025-06-30,1,Medium
E01574,SK015,0.6,Beginner,2025-09-29,1,Low
E01574,SK017,0.7,Beginner,2026-02-18,1,Low
E01574,SK018,0.6,Beginner,2025-02-19,0,Low
E01574,SK020,1.5,Beginner,2025-10-30,0,High
E01575,SK014,4.0,Advanced,2024-11-23,0,High
E01575,SK024,3.1,Intermediate,2025-08-06,0,Medium
E01575,SK027,3.6,Intermediate,2025-02-23,0,High
E01575,SK037,2.7,Intermediate,2025-02-22,0,Medium
E01576,SK001,10.2,Advanced,2025-02-17,0,High
E01576,SK002,7.6,Advanced,2024-10-12,0,Medium
E01576,SK004,8.6,Advanced,2026-03-05,0,Medium
E01576,SK007,12.0,Advanced,2026-02-14,0,High
E01576,SK020,7.0,Advanced,2026-02-21,0,Medium
E01576,SK028,6.0,Advanced,2025-12-09,1,Medium
E01577,SK001,12.0,Advanced,2025-05-13,0,High
E01577,SK011,1.2,Beginner,2025-10-05,1,Low
E01577,SK016,5.6,Advanced,2024-11-01,1,Low
E01577,SK020,4.7,Advanced,2026-02-24,1,Medium
E01577,SK022,10.5,Advanced,2025-10-26,0,High
E01577,SK028,6.3,Advanced,2025-10-19,1,Medium
E01578,SK011,0.8,Beginner,2024-10-23,1,Medium
E01578,SK018,2.0,Intermediate,2025-04-15,1,High
E01578,SK024,1.8,Beginner,2025-05-24,0,High
E01578,SK026,1.3,Beginner,2024-12-31,0,Medium
E01578,SK038,1.3,Beginner,2025-01-28,0,Medium
E01579,SK001,1.4,Beginner,2025-05-07,1,Low
E01579,SK004,2.1,Intermediate,2025-06-14,1,Low
E01579,SK011,1.8,Beginner,2025-08-21,1,Low
E01579,SK017,4.9,Advanced,2025-02-15,0,High
E01579,SK018,4.9,Advanced,2025-05-11,1,High
E01579,SK022,2.8,Intermediate,2025-05-06,1,Medium
E01580,SK011,1.9,Beginner,2025-10-16,1,Low
E01580,SK013,2.6,Intermediate,2025-10-21,1,Medium
E01580,SK015,2.9,Intermediate,2025-05-18,1,Medium
E01580,SK017,1.1,Beginner,2024-12-15,0,Low
E01581,SK002,8.8,Advanced,2025-10-09,0,Medium
E01581,SK011,2.3,Intermediate,2025-01-07,0,Low
E01581,SK013,4.1,Advanced,2024-10-14,0,Low
E01581,SK017,10.4,Advanced,2025-01-04,1,High
E01581,SK020,5.0,Advanced,2026-01-18,0,Low
E01581,SK021,3.4,Intermediate,2025-01-14,0,Low
E01581,SK022,5.6,Advanced,2024-12-12,0,Low
E01582,SK011,2.5,Intermediate,2025-11-14,0,High
E01582,SK018,1.0,Beginner,2024-11-30,0,Low
E01582,SK024,1.1,Beginner,2025-07-26,0,Low
E01582,SK026,1.3,Beginner,2025-06-19,0,Low
E01583,SK003,8.3,Advanced,2025-11-10,0,Medium
E01583,SK009,6.4,Advanced,2025-01-30,1,Medium
E01583,SK018,6.1,Advanced,2025-04-01,0,Medium
E01583,SK022,8.0,Advanced,2025-04-03,0,High
E01583,SK023,6.9,Advanced,2026-01-14,0,Medium
E01583,SK024,2.1,Intermediate,2025-07-11,0,Low
E01583,SK026,5.5,Advanced,2024-10-10,0,Medium
E01584,SK005,5.7,Advanced,2024-10-17,0,Medium
E01584,SK011,2.9,Intermediate,2025-07-11,1,Low
E01584,SK012,6.0,Advanced,2025-03-29,1,Medium
E01584,SK013,4.2,Advanced,2024-12-06,1,Medium
E01584,SK027,7.2,Advanced,2024-12-18,1,High
E01584,SK029,5.1,Advanced,2024-12-10,1,Medium
E01585,SK005,2.3,Intermediate,2025-03-04,0,High
E01585,SK022,0.8,Beginner,2025-01-04,1,Low
E01585,SK034,2.0,Intermediate,2025-04-30,1,Medium
E01585,SK036,2.9,Intermediate,2024-12-21,0,High
E01586,SK004,2.7,Intermediate,2025-03-28,1,High
E01586,SK026,1.4,Beginner,2025-06-06,1,Low
E01586,SK027,0.5,Beginner,2024-11-18,1,Low
E01587,SK004,0.6,Beginner,2025-08-12,0,Medium
E01587,SK037,0.9,Beginner,2025-12-12,0,High
E01588,SK005,8.1,Advanced,2025-04-17,1,High
E01588,SK007,7.8,Advanced,2024-10-19,1,Medium
E01588,SK018,3.4,Intermediate,2025-01-04,0,Low
E01588,SK027,1.9,Beginner,2025-10-19,1,Low
E01588,SK033,2.8,Intermediate,2025-02-11,1,Low
E01589,SK011,2.8,Intermediate,2025-04-02,0,Low
E01589,SK019,2.6,Intermediate,2025-08-13,0,Medium
E01589,SK022,3.9,Intermediate,2026-03-17,0,Medium
E01589,SK023,5.4,Advanced,2025-12-19,0,High
E01590,SK013,4.1,Advanced,2024-12-06,0,Low
E01590,SK014,6.8,Advanced,2024-12-15,0,High
E01590,SK017,6.9,Advanced,2025-12-05,0,Medium
E01590,SK018,4.1,Advanced,2025-11-08,0,Medium
E01590,SK020,2.9,Intermediate,2025-10-12,0,Low
E01590,SK024,4.0,Advanced,2024-12-17,0,Medium
E01590,SK037,2.7,Intermediate,2024-11-06,0,Low
E01591,SK008,4.2,Advanced,2025-12-05,0,Medium
E01591,SK010,5.6,Advanced,2025-06-23,0,Medium
E01591,SK011,5.0,Advanced,2024-10-26,0,Medium
E01591,SK017,7.8,Advanced,2024-11-30,0,High
E01591,SK024,10.0,Advanced,2025-06-24,1,High
E01591,SK025,5.4,Advanced,2025-04-14,0,Medium
E01592,SK001,12.6,Advanced,2024-12-18,0,High
E01592,SK028,4.5,Advanced,2025-12-30,0,Low
E01592,SK034,11.5,Advanced,2025-03-01,0,High
E01592,SK035,6.4,Advanced,2025-12-06,0,Medium
E01593,SK015,1.3,Beginner,2024-11-02,0,Low
E01593,SK018,3.8,Intermediate,2026-02-24,0,High
E01593,SK023,2.5,Intermediate,2024-12-13,0,Medium
E01594,SK008,1.3,Beginner,2025-08-13,1,Low
E01594,SK011,3.1,Intermediate,2025-05-03,1,Medium
E01594,SK013,0.9,Beginner,2025-08-12,1,Low
E01594,SK030,5.0,Advanced,2024-12-22,1,High
E01594,SK033,5.0,Advanced,2024-11-29,1,High
E01595,SK001,0.5,Beginner,2025-04-14,0,Low
E01595,SK025,0.8,Beginner,2026-03-04,0,Medium
E01595,SK028,1.0,Beginner,2024-11-23,0,High
E01596,SK015,3.3,Intermediate,2025-05-31,0,Low
E01596,SK016,6.8,Advanced,2025-10-24,1,Medium
E01596,SK017,9.8,Advanced,2025-10-07,1,High
E01596,SK018,6.5,Advanced,2024-12-07,1,Medium
E01596,SK026,4.6,Advanced,2025-01-28,1,Medium
E01596,SK027,7.3,Advanced,2025-11-17,1,Medium
E01596,SK033,7.1,Advanced,2024-11-26,0,Medium
E01597,SK015,4.6,Advanced,2025-01-24,0,High
E01597,SK033,2.0,Intermediate,2025-06-05,1,Low
E01597,SK036,2.0,Intermediate,2025-06-10,1,Low
E01598,SK011,3.0,Intermediate,2025-05-12,0,Medium
E01598,SK028,1.8,Beginner,2025-04-01,0,Low
E01599,SK005,0.6,Beginner,2025-01-18,1,Low
E01599,SK013,1.6,Beginner,2024-12-18,0,Medium
E01599,SK016,3.0,Intermediate,2026-03-04,1,High
E01599,SK037,2.4,Intermediate,2024-12-15,0,Medium
E01600,SK002,0.5,Beginner,2025-02-24,0,Medium
E01600,SK011,0.5,Beginner,2026-01-26,0,Medium
E01600,SK019,0.5,Beginner,2024-12-19,0,High
E01600,SK022,0.5,Beginner,2025-06-29,0,High
E01600,SK025,0.5,Beginner,2025-05-06,0,Low
E01600,SK036,0.5,Beginner,2025-11-12,0,Low
E01601,SK001,7.0,Advanced,2026-03-20,1,Medium
E01601,SK004,8.2,Advanced,2024-12-09,1,Medium
E01601,SK005,8.0,Advanced,2026-01-21,0,Medium
E01601,SK013,9.3,Advanced,2026-02-23,0,Medium
E01601,SK034,6.9,Advanced,2026-01-27,0,Medium
E01601,SK038,5.0,Advanced,2024-12-14,0,Low
E01602,SK013,2.8,Intermediate,2025-05-28,1,Low
E01602,SK015,8.0,Advanced,2025-10-07,1,High
E01602,SK016,6.8,Advanced,2025-06-30,1,Medium
E01602,SK020,5.0,Advanced,2025-01-30,1,Medium
E01602,SK021,4.0,Advanced,2025-03-06,1,Medium
E01602,SK032,6.1,Advanced,2025-04-19,0,Medium
E01602,SK033,4.3,Advanced,2025-03-18,1,Medium
E01602,SK037,3.8,Intermediate,2025-07-01,1,Medium
E01603,SK009,2.4,Intermediate,2024-10-11,1,Low
E01603,SK022,6.0,Advanced,2025-09-03,1,High
E01603,SK023,4.5,Advanced,2026-01-04,1,Medium
E01603,SK036,5.9,Advanced,2025-11-08,1,High
E01604,SK007,4.2,Advanced,2025-12-12,1,Medium
E01604,SK009,6.2,Advanced,2025-10-03,0,High
E01604,SK010,3.6,Intermediate,2025-08-12,1,Medium
E01604,SK013,6.9,Advanced,2025-11-11,1,High
E01604,SK024,1.8,Beginner,2025-09-23,1,Low
E01605,SK010,6.1,Advanced,2025-08-30,1,Medium
E01605,SK011,8.0,Advanced,2024-10-16,0,High
E01605,SK024,6.4,Advanced,2025-06-25,1,Medium
E01606,SK002,10.8,Advanced,2025-12-24,1,Medium
E01606,SK008,16.0,Advanced,2025-09-18,1,High
E01606,SK024,14.4,Advanced,2025-12-30,1,High
E01606,SK033,7.5,Advanced,2025-03-07,0,Low
E01607,SK022,1.9,Beginner,2025-02-12,1,Medium
E01607,SK025,4.2,Advanced,2025-02-20,1,Medium
E01607,SK026,2.9,Intermediate,2025-01-11,1,Medium
E01608,SK005,0.5,Beginner,2024-11-01,1,Medium
E01608,SK027,0.7,Beginner,2025-09-30,1,High
E01608,SK032,0.5,Beginner,2025-04-25,0,Medium
E01608,SK037,0.5,Beginner,2025-08-26,0,Low
E01609,SK003,3.7,Intermediate,2026-01-27,0,Low
E01609,SK016,6.3,Advanced,2025-10-06,1,Low
E01609,SK019,8.5,Advanced,2025-07-11,1,Medium
E01609,SK034,5.4,Advanced,2025-04-17,0,Low
E01609,SK036,10.1,Advanced,2025-09-11,0,Medium
E01610,SK001,3.9,Intermediate,2025-04-04,1,Medium
E01610,SK005,5.0,Advanced,2024-11-27,1,Medium
E01610,SK010,10.4,Advanced,2025-03-01,1,High
E01610,SK036,5.2,Advanced,2025-04-20,0,Medium
E01610,SK037,9.2,Advanced,2025-02-27,0,Medium
E01611,SK005,0.5,Beginner,2025-08-02,1,Low
E01611,SK007,0.8,Beginner,2025-06-17,1,Medium
E01611,SK013,0.5,Beginner,2025-01-31,1,Medium
E01611,SK024,1.0,Beginner,2025-08-16,1,High
E01611,SK027,0.7,Beginner,2025-06-04,0,Medium
E01612,SK018,2.0,Intermediate,2025-03-08,0,Low
E01612,SK019,1.5,Beginner,2024-11-06,0,Low
E01612,SK022,4.9,Advanced,2025-04-15,0,Medium
E01612,SK024,5.0,Advanced,2025-05-23,0,Medium
E01612,SK025,3.2,Intermediate,2026-02-20,0,Low
E01613,SK002,3.2,Intermediate,2025-09-13,0,Medium
E01613,SK005,2.8,Intermediate,2024-10-23,1,Medium
E01613,SK006,2.6,Intermediate,2024-12-16,1,Low
E01613,SK007,7.0,Advanced,2025-05-13,1,High
E01613,SK013,3.1,Intermediate,2026-03-21,0,Low
E01613,SK024,2.8,Intermediate,2025-11-26,0,Medium
E01613,SK028,4.5,Advanced,2025-12-19,1,Medium
E01614,SK008,0.5,Beginner,2025-11-12,1,Medium
E01614,SK017,0.5,Beginner,2025-07-09,1,High
E01614,SK018,0.5,Beginner,2025-07-31,1,Medium
E01614,SK029,0.5,Beginner,2025-12-25,1,Low
E01615,SK013,4.2,Advanced,2025-02-24,1,High
E01615,SK020,1.9,Beginner,2025-06-13,0,Low
E01616,SK021,7.0,Advanced,2025-08-11,0,High
E01616,SK024,2.9,Intermediate,2025-07-22,1,Low
E01616,SK033,7.0,Advanced,2025-11-28,0,High
E01617,SK003,2.7,Intermediate,2024-11-21,0,Low
E01617,SK008,5.8,Advanced,2025-10-04,1,Medium
E01617,SK019,2.8,Intermediate,2024-10-13,1,Medium
E01617,SK023,2.4,Intermediate,2025-07-03,1,Low
E01617,SK025,7.0,Advanced,2025-02-16,1,High
E01618,SK011,13.0,Advanced,2025-03-09,1,High
E01618,SK023,9.9,Advanced,2025-11-09,1,Medium
E01618,SK024,11.1,Advanced,2024-12-17,1,Medium
E01618,SK027,6.7,Advanced,2024-10-29,1,Medium
E01618,SK031,10.9,Advanced,2025-04-06,0,Medium
E01618,SK033,6.6,Advanced,2026-02-23,1,Medium
E01618,SK034,7.4,Advanced,2024-11-15,1,Low
E01619,SK015,2.0,Intermediate,2026-02-23,0,High
E01619,SK020,1.6,Beginner,2025-04-17,0,Medium
E01619,SK036,1.6,Beginner,2025-02-21,0,Medium
E01620,SK013,9.8,Advanced,2025-08-16,0,Medium
E01620,SK015,9.1,Advanced,2025-08-22,1,High
E01620,SK016,8.7,Advanced,2025-11-24,0,Medium
E01620,SK017,1.3,Beginner,2025-01-04,1,Low
E01620,SK025,2.5,Intermediate,2025-04-02,0,Low
E01620,SK034,4.7,Advanced,2025-04-04,1,Low
E01621,SK001,5.4,Advanced,2025-12-31,1,Medium
E01621,SK004,3.5,Intermediate,2025-09-01,1,Medium
E01621,SK006,5.9,Advanced,2026-02-22,1,Medium
E01621,SK011,5.6,Advanced,2025-08-11,0,High
E01622,SK001,2.9,Intermediate,2025-06-26,0,Low
E01622,SK012,3.2,Intermediate,2025-03-17,1,Medium
E01622,SK020,3.9,Intermediate,2025-11-25,1,Medium
E01622,SK021,7.1,Advanced,2025-05-20,1,High
E01622,SK028,6.8,Advanced,2025-05-23,1,Medium
E01623,SK019,0.5,Beginner,2026-01-19,0,High
E01623,SK033,0.5,Beginner,2026-02-27,1,Low
E01623,SK036,0.5,Beginner,2025-11-12,1,Low
E01624,SK002,3.9,Intermediate,2025-12-04,0,Medium
E01624,SK003,7.6,Advanced,2026-02-28,1,Medium
E01624,SK005,7.1,Advanced,2025-08-15,1,Medium
E01624,SK022,3.0,Intermediate,2025-05-06,0,Low
E01624,SK031,2.8,Intermediate,2025-07-20,0,Low
E01624,SK036,4.8,Advanced,2025-10-29,1,Medium
E01625,SK003,1.2,Beginner,2025-09-15,0,Medium
E01625,SK005,1.8,Beginner,2026-01-23,0,Medium
E01625,SK012,2.3,Intermediate,2024-12-20,0,High
E01625,SK020,3.0,Intermediate,2025-11-06,0,High
E01625,SK022,0.5,Beginner,2025-07-04,0,Low
E01626,SK006,3.7,Intermediate,2025-05-02,0,Medium
E01626,SK018,5.9,Advanced,2025-08-06,1,Medium
E01626,SK020,1.0,Beginner,2026-02-04,0,Low
E01626,SK024,1.5,Beginner,2025-02-09,1,Low
E01626,SK027,6.0,Advanced,2025-07-07,0,High
E01627,SK007,2.8,Intermediate,2025-05-11,0,Medium
E01627,SK022,5.0,Advanced,2026-01-30,0,High
E01627,SK037,1.9,Beginner,2025-05-24,1,Medium
E01628,SK019,5.4,Advanced,2024-10-30,1,High
E01628,SK024,2.3,Intermediate,2025-04-18,0,Medium
E01628,SK032,1.1,Beginner,2024-10-11,1,Low
E01629,SK004,4.4,Advanced,2025-04-12,0,Medium
E01629,SK020,4.4,Advanced,2025-07-22,1,Medium
E01629,SK029,5.8,Advanced,2025-11-12,1,High
E01630,SK003,4.4,Advanced,2025-12-11,0,Medium
E01630,SK010,3.0,Intermediate,2024-10-24,0,Medium
E01630,SK014,4.9,Advanced,2025-07-26,0,High
E01630,SK017,3.5,Intermediate,2025-03-27,0,Medium
E01630,SK018,4.5,Advanced,2025-05-23,0,Medium
E01630,SK023,1.7,Beginner,2025-05-15,0,Low
E01631,SK003,4.5,Advanced,2026-01-21,0,Medium
E01631,SK008,4.3,Advanced,2026-03-09,0,Medium
E01631,SK015,2.5,Intermediate,2025-04-13,0,Low
E01631,SK017,6.0,Advanced,2025-08-04,1,High
E01631,SK019,3.2,Intermediate,2025-07-01,0,Medium
E01631,SK024,3.2,Intermediate,2025-01-06,0,Medium
E01631,SK034,3.9,Intermediate,2026-01-08,0,Medium
E01632,SK004,2.4,Intermediate,2025-04-16,0,High
E01632,SK005,2.9,Intermediate,2025-02-19,1,High
E01632,SK006,1.4,Beginner,2025-06-06,1,Low
E01632,SK007,0.8,Beginner,2024-12-03,1,Low
E01632,SK012,1.9,Beginner,2026-02-24,1,Medium
E01632,SK035,0.5,Beginner,2024-10-11,1,Low
E01633,SK001,1.3,Beginner,2025-09-15,1,Low
E01633,SK002,5.4,Advanced,2025-04-16,1,High
E01633,SK007,3.8,Intermediate,2025-03-30,1,Medium
E01633,SK008,4.5,Advanced,2024-12-19,0,Medium
E01633,SK017,4.5,Advanced,2025-03-04,1,High
E01633,SK026,1.4,Beginner,2025-05-10,0,Low
E01634,SK004,3.9,Intermediate,2025-12-22,0,Low
E01634,SK017,15.0,Advanced,2025-11-17,1,High
E01634,SK023,12.0,Advanced,2025-08-01,0,Medium
E01634,SK034,15.0,Advanced,2024-11-02,0,High
E01634,SK035,9.2,Advanced,2026-01-28,0,Medium
E01635,SK009,4.1,Advanced,2025-06-20,1,Medium
E01635,SK014,1.9,Beginner,2025-12-30,0,Low
E01635,SK023,4.6,Advanced,2026-03-11,0,Medium
E01635,SK024,3.2,Intermediate,2026-01-14,0,Medium
E01635,SK031,3.0,Intermediate,2026-01-10,0,Medium
E01636,SK001,3.1,Intermediate,2026-03-15,1,Medium
E01636,SK020,3.3,Intermediate,2025-08-05,0,Medium
E01636,SK024,3.4,Intermediate,2025-01-04,0,Medium
E01636,SK027,6.0,Advanced,2026-03-08,0,High
E01636,SK028,2.8,Intermediate,2025-07-13,0,Medium
E01637,SK009,2.5,Intermediate,2025-08-17,1,Medium
E01637,SK010,1.0,Beginner,2026-03-09,1,Low
E01637,SK017,7.0,Advanced,2025-09-27,1,High
E01637,SK019,5.7,Advanced,2025-12-11,1,Medium
E01637,SK022,1.6,Beginner,2025-09-25,1,Low
E01637,SK030,3.1,Intermediate,2025-08-02,1,Medium
E01637,SK033,4.1,Advanced,2024-11-22,1,Medium
E01638,SK001,8.5,Advanced,2025-01-14,1,Medium
E01638,SK007,9.9,Advanced,2025-05-17,1,High
E01638,SK011,8.1,Advanced,2025-08-12,0,Medium
E01638,SK026,10.8,Advanced,2025-11-08,0,Medium
E01638,SK030,12.3,Advanced,2024-10-13,1,High
E01639,SK004,11.0,Advanced,2025-11-26,1,High
E01639,SK007,4.9,Advanced,2025-03-17,1,Medium
E01639,SK008,6.6,Advanced,2025-02-16,1,Medium
E01639,SK024,8.3,Advanced,2026-01-05,1,Medium
E01639,SK034,8.5,Advanced,2025-03-22,1,Medium
E01639,SK035,7.0,Advanced,2025-10-28,1,Medium
E01640,SK020,4.9,Advanced,2025-09-13,0,High
E01640,SK026,5.0,Advanced,2025-04-16,1,High
E01640,SK027,1.0,Beginner,2026-01-31,1,Low
E01641,SK006,3.2,Intermediate,2025-12-27,1,Medium
E01641,SK007,5.5,Advanced,2024-10-08,1,Medium
E01641,SK009,7.8,Advanced,2026-02-09,1,High
E01641,SK018,6.4,Advanced,2025-06-19,1,High
E01641,SK033,4.1,Advanced,2025-05-18,0,Medium
E01642,SK004,0.5,Beginner,2024-12-29,0,Low
E01642,SK008,0.5,Beginner,2024-10-16,0,Low
E01642,SK021,0.5,Beginner,2026-02-23,0,Medium
E01643,SK005,4.5,Advanced,2025-12-22,0,Medium
E01643,SK020,7.8,Advanced,2025-10-14,0,Medium
E01643,SK023,8.7,Advanced,2025-07-14,0,Medium
E01644,SK001,6.7,Advanced,2024-10-27,0,High
E01644,SK011,3.3,Intermediate,2025-03-20,0,Medium
E01644,SK022,3.8,Intermediate,2025-11-17,0,Low
E01644,SK033,3.5,Intermediate,2026-01-27,0,Medium
E01645,SK005,1.6,Beginner,2026-01-08,0,Low
E01645,SK018,1.9,Beginner,2025-05-07,0,Medium
E01645,SK030,2.5,Intermediate,2025-06-14,0,Medium
E01646,SK004,4.4,Advanced,2025-11-11,1,Medium
E01646,SK011,3.9,Intermediate,2025-08-15,1,Low
E01646,SK014,3.3,Intermediate,2025-05-23,0,Medium
E01646,SK024,8.0,Advanced,2025-05-05,1,High
E01646,SK031,4.9,Advanced,2025-05-09,1,Medium
E01647,SK012,4.4,Advanced,2024-11-04,1,Low
E01647,SK016,7.5,Advanced,2025-09-25,1,Medium
E01647,SK020,3.1,Intermediate,2025-10-21,0,Low
E01647,SK024,9.1,Advanced,2025-08-13,1,High
E01647,SK031,9.1,Advanced,2026-03-15,1,Medium
E01648,SK005,1.3,Beginner,2025-11-21,1,Low
E01648,SK013,2.8,Intermediate,2025-01-25,1,Medium
E01648,SK014,2.7,Intermediate,2025-10-05,0,Medium
E01648,SK018,5.2,Advanced,2025-10-01,1,High
E01648,SK030,2.8,Intermediate,2025-12-09,0,Medium
E01649,SK008,3.0,Intermediate,2024-12-03,0,High
E01649,SK017,3.3,Intermediate,2025-05-14,0,High
E01649,SK031,1.5,Beginner,2025-07-04,0,Medium
E01650,SK004,2.0,Intermediate,2025-07-24,1,High
E01650,SK011,1.3,Beginner,2025-08-06,1,Medium
E01650,SK025,2.0,Intermediate,2025-03-02,0,High
E01651,SK011,1.0,Beginner,2024-10-29,0,High
E01651,SK012,0.9,Beginner,2025-01-07,0,High
E01651,SK034,0.5,Beginner,2025-07-06,0,Low
E01652,SK009,2.6,Intermediate,2025-08-10,1,High
E01652,SK034,1.7,Beginner,2026-03-12,1,Medium
E01653,SK001,0.6,Beginner,2025-09-04,0,Low
E01653,SK011,2.4,Intermediate,2025-04-18,0,Medium
E01653,SK015,3.9,Intermediate,2025-08-12,1,Medium
E01653,SK034,4.0,Advanced,2025-01-18,1,High
E01654,SK006,1.2,Beginner,2025-04-03,0,Medium
E01654,SK022,1.8,Beginner,2025-04-11,0,High
E01654,SK023,1.7,Beginner,2025-06-29,0,High
E01654,SK036,0.5,Beginner,2025-11-08,0,Low
E01655,SK011,5.1,Advanced,2025-10-03,1,Low
E01655,SK013,15.0,Advanced,2026-01-27,1,High
E01655,SK015,10.1,Advanced,2026-03-11,1,Medium
E01655,SK016,5.1,Advanced,2025-11-18,1,Low
E01655,SK017,8.1,Advanced,2024-11-21,0,Medium
E01655,SK020,10.6,Advanced,2025-01-06,1,Medium
E01655,SK022,3.4,Intermediate,2024-12-08,1,Low
E01655,SK031,3.6,Intermediate,2025-03-09,0,Low
E01655,SK033,12.5,Advanced,2025-05-10,1,Medium
E01656,SK004,3.7,Intermediate,2025-05-29,0,Medium
E01656,SK012,2.1,Intermediate,2024-12-27,0,Low
E01656,SK017,5.5,Advanced,2024-11-04,0,Medium
E01656,SK023,6.5,Advanced,2024-12-14,1,Medium
E01656,SK034,4.5,Advanced,2026-03-06,0,Medium
E01657,SK011,0.5,Beginner,2025-02-03,0,Medium
E01657,SK014,0.5,Beginner,2025-09-16,1,High
E01657,SK023,0.5,Beginner,2024-11-01,1,Medium
E01657,SK027,0.5,Beginner,2025-02-19,1,High
E01658,SK002,0.5,Beginner,2025-12-24,0,Medium
E01658,SK036,0.5,Beginner,2025-05-29,0,High
E01659,SK001,2.6,Intermediate,2025-09-05,0,High
E01659,SK010,3.0,Intermediate,2025-10-15,1,High
E01659,SK011,1.9,Beginner,2025-01-21,1,Medium
E01659,SK037,1.1,Beginner,2024-11-01,0,Low
E01660,SK003,1.0,Beginner,2025-05-10,1,Low
E01660,SK011,2.1,Intermediate,2024-10-27,0,Medium
E01660,SK025,3.7,Intermediate,2025-03-09,1,High
E01660,SK035,2.3,Intermediate,2025-05-26,1,Medium
E01661,SK001,2.2,Intermediate,2025-02-10,0,High
E01661,SK003,3.0,Intermediate,2025-12-14,0,High
E01661,SK004,1.6,Beginner,2025-03-22,0,Medium
E01661,SK006,0.9,Beginner,2025-06-07,0,Low
E01662,SK002,7.5,Advanced,2024-12-13,1,Medium
E01662,SK006,7.8,Advanced,2025-10-25,0,High
E01662,SK007,8.3,Advanced,2025-02-11,0,High
E01662,SK009,4.1,Advanced,2024-12-24,0,Low
E01662,SK034,3.5,Intermediate,2025-11-13,0,Low
E01662,SK036,4.2,Advanced,2025-11-14,0,Low
E01662,SK038,6.9,Advanced,2025-02-06,0,Medium
E01663,SK004,0.7,Beginner,2025-06-27,0,Low
E01663,SK007,3.7,Intermediate,2024-12-08,0,High
E01663,SK012,1.5,Beginner,2024-11-02,0,Medium
E01663,SK029,3.9,Intermediate,2026-01-29,0,High
E01664,SK001,3.3,Intermediate,2024-12-02,0,High
E01664,SK008,1.5,Beginner,2025-08-26,0,Low
E01664,SK011,2.1,Intermediate,2025-08-25,0,Medium
E01664,SK016,3.3,Intermediate,2025-12-01,0,Medium
E01664,SK017,2.8,Intermediate,2025-10-25,0,Medium
E01664,SK036,1.2,Beginner,2025-12-31,0,Low
E01665,SK001,5.0,Advanced,2024-12-19,0,High
E01665,SK013,1.3,Beginner,2025-10-17,0,Low
E01665,SK019,3.3,Intermediate,2024-12-09,0,Medium
E01665,SK034,1.8,Beginner,2025-07-22,0,Medium
E01666,SK005,2.4,Intermediate,2026-02-11,0,Low
E01666,SK019,10.0,Advanced,2025-05-29,0,High
E01666,SK021,5.9,Advanced,2024-11-24,0,Medium
E01666,SK023,7.0,Advanced,2025-09-25,0,Medium
E01666,SK037,7.5,Advanced,2025-04-19,0,Medium
E01667,SK004,9.1,Advanced,2024-12-24,1,Medium
E01667,SK008,8.1,Advanced,2024-11-12,1,Medium
E01667,SK023,2.1,Intermediate,2025-07-17,0,Low
E01667,SK027,9.2,Advanced,2025-07-17,0,High
E01667,SK032,11.0,Advanced,2024-10-17,1,High
E01668,SK021,0.5,Beginner,2026-02-06,0,Low
E01668,SK024,0.5,Beginner,2026-01-10,0,Medium
E01668,SK028,0.8,Beginner,2025-09-06,0,High
E01668,SK031,0.5,Beginner,2026-02-04,1,Medium
E01668,SK038,0.5,Beginner,2025-10-23,1,Medium
E01669,SK002,1.1,Beginner,2025-01-16,1,Medium
E01669,SK004,2.5,Intermediate,2025-06-16,1,Medium
E01669,SK013,0.5,Beginner,2025-02-09,1,Low
E01669,SK019,3.0,Intermediate,2026-02-07,0,High
E01669,SK022,2.3,Intermediate,2026-03-14,1,High
E01669,SK024,1.2,Beginner,2026-03-17,1,Low
E01670,SK008,6.6,Advanced,2024-11-26,1,Medium
E01670,SK010,11.9,Advanced,2024-10-20,0,Medium
E01670,SK021,1.9,Beginner,2024-11-11,0,Low
E01670,SK024,6.2,Advanced,2026-02-20,1,Medium
E01670,SK035,14.0,Advanced,2026-02-27,1,High
E01671,SK009,3.9,Intermediate,2025-06-24,1,Medium
E01671,SK014,6.0,Advanced,2025-01-15,0,High
E01671,SK017,5.4,Advanced,2024-10-10,1,High
E01671,SK033,4.5,Advanced,2025-04-27,0,Medium
E01672,SK023,2.9,Intermediate,2026-02-10,0,Medium
E01673,SK004,4.7,Advanced,2025-06-16,0,Medium
E01673,SK024,8.0,Advanced,2024-10-08,1,High
E01673,SK036,2.7,Intermediate,2024-12-03,1,Low
E01673,SK037,8.0,Advanced,2025-01-12,1,High
E01674,SK011,2.0,Intermediate,2025-12-09,0,High
E01674,SK023,0.8,Beginner,2026-03-14,0,Medium
E01674,SK038,0.8,Beginner,2025-08-21,0,Medium
E01675,SK011,9.0,Advanced,2024-10-15,0,High
E01675,SK017,7.2,Advanced,2024-10-19,1,Medium
E01675,SK024,2.9,Intermediate,2025-10-09,1,Low
E01675,SK025,5.6,Advanced,2024-10-12,1,Medium
E01675,SK029,4.4,Advanced,2025-03-15,1,Low
E01676,SK001,1.9,Beginner,2025-04-09,1,High
E01676,SK011,2.0,Intermediate,2025-04-04,1,High
E01676,SK026,0.5,Beginner,2026-01-03,1,Low
E01676,SK027,0.5,Beginner,2024-12-28,1,Low
E01676,SK036,1.3,Beginner,2025-05-17,1,Medium
E01677,SK006,1.5,Beginner,2025-01-05,0,Medium
E01677,SK034,3.0,Intermediate,2025-05-05,0,High
E01678,SK011,6.2,Advanced,2025-01-27,0,Medium
E01678,SK015,6.5,Advanced,2026-02-14,1,Medium
E01678,SK023,11.0,Advanced,2025-06-29,0,High
E01678,SK025,4.0,Advanced,2025-12-11,1,Low
E01678,SK026,7.3,Advanced,2025-12-09,1,Medium
E01678,SK029,1.9,Beginner,2024-11-27,0,Low
E01679,SK007,0.5,Beginner,2024-10-20,0,Medium
E01679,SK010,0.5,Beginner,2025-08-11,0,High
E01679,SK034,0.5,Beginner,2025-07-23,0,Low
E01680,SK001,8.3,Advanced,2024-11-19,1,Medium
E01680,SK008,4.0,Advanced,2025-01-20,1,Medium
E01680,SK022,6.1,Advanced,2025-08-16,1,Medium
E01680,SK023,8.0,Advanced,2024-10-17,0,Medium
E01680,SK026,7.9,Advanced,2025-04-11,1,High
E01680,SK029,5.8,Advanced,2024-11-02,1,Medium
E01680,SK037,6.3,Advanced,2025-03-09,1,Medium
E01681,SK009,0.8,Beginner,2025-03-14,1,Medium
E01681,SK036,0.8,Beginner,2025-06-09,0,High
E01683,SK002,1.9,Beginner,2025-05-22,0,Low
E01683,SK004,13.6,Advanced,2026-02-28,1,Medium
E01683,SK014,1.9,Beginner,2025-03-27,1,Low
E01683,SK017,7.0,Advanced,2024-12-13,1,Medium
E01683,SK018,6.9,Advanced,2024-11-09,1,Low
E01683,SK027,13.2,Advanced,2025-05-14,0,Medium
E01684,SK005,5.1,Advanced,2025-02-14,0,Medium
E01684,SK012,2.3,Intermediate,2025-10-26,0,Medium
E01684,SK013,3.0,Intermediate,2026-01-04,0,Low
E01684,SK024,5.3,Advanced,2024-11-02,0,High
E01684,SK034,4.3,Advanced,2026-01-10,0,Medium
E01685,SK033,3.6,Intermediate,2025-03-02,1,Low
E01686,SK011,1.2,Beginner,2025-11-03,1,Medium
E01686,SK022,1.2,Beginner,2024-12-31,1,Medium
E01686,SK026,1.6,Beginner,2025-06-29,1,High
E01686,SK031,0.5,Beginner,2024-10-15,0,Low
E01687,SK021,1.9,Beginner,2025-07-09,0,High
E01687,SK024,1.6,Beginner,2024-12-19,0,Medium
E01687,SK026,0.8,Beginner,2026-01-03,0,Low
E01688,SK009,2.8,Intermediate,2025-11-16,0,Medium
E01688,SK010,1.9,Beginner,2025-03-16,0,Medium
E01688,SK023,5.0,Advanced,2024-12-25,0,High
E01688,SK030,3.8,Intermediate,2025-08-05,0,Medium
E01689,SK001,1.1,Beginner,2025-05-11,0,Low
E01689,SK017,1.0,Beginner,2025-12-28,1,Low
E01689,SK023,7.7,Advanced,2025-03-30,1,High
E01690,SK017,4.0,Advanced,2026-01-11,0,High
E01690,SK019,3.3,Intermediate,2025-12-22,0,Medium
E01690,SK034,4.0,Advanced,2025-01-30,0,High
E01691,SK001,3.8,Intermediate,2025-05-17,0,Medium
E01691,SK004,1.0,Beginner,2025-02-24,0,Low
E01691,SK006,3.5,Intermediate,2025-08-26,0,Medium
E01691,SK007,2.1,Intermediate,2025-10-20,0,Medium
E01691,SK013,4.8,Advanced,2025-05-07,0,High
E01691,SK029,2.2,Intermediate,2026-02-13,0,Low
E01691,SK036,3.3,Intermediate,2024-12-27,0,Medium
E01692,SK001,3.0,Intermediate,2025-11-21,0,Low
E01692,SK005,2.5,Intermediate,2026-02-05,1,Medium
E01692,SK007,4.3,Advanced,2025-12-10,1,Medium
E01692,SK011,7.0,Advanced,2025-07-04,0,High
E01692,SK034,4.1,Advanced,2025-04-19,1,Medium
E01693,SK013,2.4,Intermediate,2025-10-26,0,Medium
E01693,SK021,1.8,Beginner,2025-10-29,0,Medium
E01693,SK026,3.0,Intermediate,2025-09-23,0,High
E01693,SK034,1.5,Beginner,2025-09-27,0,Medium
E01693,SK035,3.0,Intermediate,2024-10-16,0,High
E01694,SK002,15.0,Advanced,2025-07-07,0,High
E01694,SK005,5.9,Advanced,2025-05-29,0,Low
E01694,SK007,8.5,Advanced,2025-03-06,0,Medium
E01694,SK010,8.5,Advanced,2025-09-10,0,Medium
E01694,SK013,3.9,Intermediate,2025-01-16,0,Low
E01694,SK024,7.5,Advanced,2025-08-08,0,Medium
E01695,SK009,7.3,Advanced,2026-02-25,1,Medium
E01695,SK011,4.1,Advanced,2026-01-04,1,Medium
E01695,SK015,6.4,Advanced,2024-11-13,1,Medium
E01695,SK019,1.1,Beginner,2025-08-20,0,Low
E01695,SK022,4.6,Advanced,2025-01-25,1,Medium
E01695,SK025,2.7,Intermediate,2024-11-06,1,Low
E01695,SK027,9.0,Advanced,2025-12-08,0,High
E01696,SK013,1.4,Beginner,2025-08-09,0,Low
E01696,SK014,1.8,Beginner,2025-01-24,0,Medium
E01696,SK015,3.0,Intermediate,2025-07-22,0,High
E01696,SK016,1.5,Beginner,2025-09-29,0,Medium
E01696,SK026,2.4,Intermediate,2025-08-04,0,Medium
E01697,SK001,1.5,Beginner,2025-01-05,1,Low
E01697,SK008,9.7,Advanced,2025-12-04,1,High
E01697,SK009,5.0,Advanced,2025-01-15,0,Low
E01697,SK010,2.9,Intermediate,2025-02-14,0,Low
E01697,SK019,6.8,Advanced,2025-08-15,0,Medium
E01697,SK033,3.0,Intermediate,2025-12-27,0,Low
E01697,SK034,4.9,Advanced,2025-02-11,1,Low
E01698,SK011,1.3,Beginner,2025-08-14,1,Low
E01698,SK013,2.8,Intermediate,2025-08-22,1,Low
E01698,SK019,3.1,Intermediate,2025-01-12,1,Medium
E01698,SK020,6.0,Advanced,2025-07-17,0,High
E01699,SK015,2.0,Intermediate,2025-05-01,1,High
E01699,SK029,1.7,Beginner,2025-09-06,1,Medium
E01699,SK036,1.3,Beginner,2026-03-12,1,Medium
E01700,SK001,12.0,Advanced,2025-04-02,1,High
E01700,SK002,5.1,Advanced,2025-09-24,1,Medium
E01700,SK004,5.0,Advanced,2026-03-21,1,Low
E01700,SK010,1.7,Beginner,2025-12-10,1,Low
E01701,SK007,2.4,Intermediate,2025-01-13,0,Low
E01701,SK009,2.9,Intermediate,2025-05-14,0,Medium
E01701,SK033,4.9,Advanced,2026-01-21,1,High
E01701,SK036,0.9,Beginner,2024-12-17,1,Low
E01702,SK011,0.5,Beginner,2025-11-16,1,High
E01702,SK022,0.5,Beginner,2026-01-03,1,High
E01702,SK023,0.5,Beginner,2025-11-27,1,Low
E01703,SK006,2.6,Intermediate,2025-01-30,0,Medium
E01703,SK028,5.0,Advanced,2025-08-08,1,High
E01703,SK033,3.6,Intermediate,2026-03-18,0,High
E01703,SK034,4.1,Advanced,2025-08-23,1,Medium
E01704,SK001,8.7,Advanced,2026-02-12,1,Medium
E01704,SK002,2.2,Intermediate,2025-11-04,0,Low
E01704,SK005,10.7,Advanced,2026-02-20,0,Medium
E01704,SK007,11.8,Advanced,2025-09-21,1,Medium
E01704,SK018,8.2,Advanced,2025-11-15,0,Medium
E01704,SK021,6.2,Advanced,2026-03-17,0,Medium
E01704,SK028,14.0,Advanced,2025-03-21,0,High
E01704,SK036,2.7,Intermediate,2026-01-31,0,Low
E01705,SK011,4.0,Advanced,2025-04-16,1,High
E01705,SK024,2.9,Intermediate,2025-09-29,0,Medium
E01705,SK025,1.6,Beginner,2025-02-18,0,Medium
E01705,SK029,1.1,Beginner,2025-01-18,1,Low
E01706,SK013,5.0,Advanced,2025-11-20,1,High
E01706,SK019,3.6,Intermediate,2025-07-30,1,Medium
E01706,SK027,1.8,Beginner,2026-02-07,0,Low
E01706,SK033,4.2,Advanced,2025-10-04,0,Medium
E01707,SK014,4.3,Advanced,2025-01-20,1,Medium
E01707,SK017,4.3,Advanced,2025-10-28,1,Medium
E01707,SK018,1.9,Beginner,2025-03-07,1,Low
E01707,SK024,6.0,Advanced,2025-08-04,0,High
E01707,SK027,4.7,Advanced,2025-07-31,0,Medium
E01707,SK028,2.9,Intermediate,2024-11-25,0,Medium
E01707,SK031,0.9,Beginner,2025-08-14,1,Low
E01707,SK033,4.3,Advanced,2025-06-25,0,Medium
E01707,SK036,1.8,Beginner,2024-10-18,0,Low
E01708,SK001,0.5,Beginner,2026-02-11,1,Low
E01708,SK004,0.5,Beginner,2025-10-26,1,High
E01708,SK010,0.5,Beginner,2024-11-25,1,Medium
E01708,SK036,0.5,Beginner,2025-09-14,1,Low
E01709,SK013,1.8,Beginner,2026-03-18,1,High
E01709,SK017,0.5,Beginner,2026-02-07,1,Low
E01709,SK018,1.7,Beginner,2025-11-18,0,High
E01710,SK003,1.8,Beginner,2024-12-07,0,Low
E01710,SK004,1.8,Beginner,2025-12-06,1,Low
E01710,SK011,3.2,Intermediate,2024-11-30,1,Medium
E01710,SK013,2.7,Intermediate,2026-03-20,1,Medium
E01710,SK036,3.4,Intermediate,2024-12-25,0,Low
E01711,SK009,7.0,Advanced,2025-04-28,1,High
E01711,SK011,4.9,Advanced,2025-07-07,1,Medium
E01711,SK027,0.8,Beginner,2024-12-08,1,Low
E01711,SK028,6.7,Advanced,2025-09-23,0,High
E01711,SK030,1.4,Beginner,2026-01-02,1,Low
E01712,SK010,4.1,Advanced,2024-12-18,1,Medium
E01712,SK013,6.5,Advanced,2025-06-05,0,High
E01712,SK021,3.4,Intermediate,2025-11-23,0,Low
E01712,SK024,1.3,Beginner,2025-01-06,0,Low
E01712,SK028,7.3,Advanced,2025-02-24,0,High
E01712,SK029,7.5,Advanced,2025-09-15,1,Medium
E01713,SK002,1.8,Beginner,2025-06-03,0,Low
E01713,SK008,9.7,Advanced,2025-05-20,0,High
E01713,SK025,2.5,Intermediate,2025-07-07,0,Low
E01714,SK020,3.0,Intermediate,2024-11-21,0,Low
E01714,SK023,2.3,Intermediate,2024-11-02,0,Medium
E01714,SK027,2.0,Intermediate,2025-01-03,0,Low
E01714,SK030,2.5,Intermediate,2024-12-11,0,Medium
E01715,SK001,3.4,Intermediate,2025-06-26,1,High
E01715,SK005,1.6,Beginner,2025-06-01,0,Low
E01715,SK012,2.9,Intermediate,2025-07-10,1,Medium
E01715,SK013,4.0,Advanced,2025-06-21,1,High
E01715,SK018,0.7,Beginner,2026-02-24,1,Low
E01715,SK023,1.7,Beginner,2025-09-03,0,Low
E01716,SK001,3.0,Intermediate,2024-10-17,1,High
E01716,SK017,1.3,Beginner,2026-02-10,1,Low
E01716,SK035,0.7,Beginner,2025-06-13,1,Low
E01717,SK003,8.3,Advanced,2026-02-05,1,Medium
E01717,SK007,12.0,Advanced,2025-09-18,0,High
E01717,SK023,10.1,Advanced,2025-05-22,1,High
E01718,SK017,5.8,Advanced,2026-01-02,1,High
E01718,SK030,3.3,Intermediate,2024-12-21,0,Medium
E01718,SK037,4.1,Advanced,2024-10-26,0,Medium
E01718,SK038,4.3,Advanced,2024-12-02,0,Medium
E01719,SK017,2.5,Intermediate,2024-12-31,1,High
E01719,SK032,2.3,Intermediate,2024-12-17,1,Medium
E01720,SK004,3.0,Intermediate,2025-04-04,1,High
E01720,SK005,2.5,Intermediate,2026-02-09,1,High
E01720,SK017,1.6,Beginner,2026-03-02,0,Medium
E01720,SK026,2.0,Intermediate,2025-04-26,1,Medium
E01720,SK034,0.6,Beginner,2024-11-27,0,Low
E01721,SK005,3.2,Intermediate,2025-12-01,1,Medium
E01721,SK026,3.5,Intermediate,2026-03-04,1,High
E01722,SK002,0.9,Beginner,2024-11-27,1,High
E01722,SK011,0.8,Beginner,2025-02-25,1,Medium
E01722,SK013,0.7,Beginner,2025-04-13,0,Medium
E01722,SK037,0.8,Beginner,2026-01-07,0,Medium
E01723,SK016,0.5,Beginner,2025-01-25,1,Low
E01723,SK022,0.5,Beginner,2024-11-27,1,Medium
E01723,SK026,0.5,Beginner,2025-07-27,0,Medium
E01723,SK038,0.5,Beginner,2025-10-01,0,Medium
E01724,SK024,1.3,Beginner,2025-12-07,0,Medium
E01724,SK034,2.1,Intermediate,2025-08-23,0,High
E01725,SK007,1.2,Beginner,2024-11-13,1,Low
E01725,SK010,1.3,Beginner,2025-02-19,1,Low
E01725,SK011,0.7,Beginner,2025-09-12,1,Low
E01725,SK013,2.2,Intermediate,2026-01-25,1,High
E01726,SK001,5.2,Advanced,2025-05-07,1,High
E01726,SK010,2.0,Intermediate,2025-02-27,1,Low
E01726,SK021,1.3,Beginner,2026-01-03,1,Low
E01726,SK024,4.3,Advanced,2025-09-18,0,High
E01726,SK027,4.0,Advanced,2024-11-16,0,Medium
E01727,SK010,5.6,Advanced,2025-03-21,0,Medium
E01727,SK011,5.8,Advanced,2025-08-05,0,Medium
E01727,SK024,6.5,Advanced,2025-10-01,0,High
E01727,SK028,2.8,Intermediate,2025-12-26,0,Low
E01727,SK033,4.7,Advanced,2025-03-29,0,Medium
E01728,SK001,0.5,Beginner,2025-03-17,1,High
E01728,SK021,0.5,Beginner,2025-02-18,1,Medium
E01728,SK029,0.5,Beginner,2025-12-25,1,High
E01729,SK002,1.1,Beginner,2026-03-10,0,Low
E01729,SK005,2.2,Intermediate,2025-01-15,1,High
E01729,SK009,2.4,Intermediate,2025-09-01,0,High
E01729,SK030,1.7,Beginner,2025-12-05,0,Medium
E01729,SK034,0.5,Beginner,2025-03-04,1,Low
E01730,SK011,3.3,Intermediate,2025-04-07,1,Medium
E01730,SK012,0.9,Beginner,2025-12-22,0,Low
E01730,SK036,2.9,Intermediate,2025-03-01,0,Medium
E01731,SK003,2.7,Intermediate,2025-04-21,0,Medium
E01731,SK011,1.8,Beginner,2024-11-18,1,Low
E01731,SK017,5.0,Advanced,2025-02-26,0,High
E01732,SK001,5.6,Advanced,2024-10-28,0,High
E01732,SK006,5.8,Advanced,2025-04-09,1,High
E01733,SK001,2.4,Intermediate,2024-12-04,0,Medium
E01733,SK007,0.6,Beginner,2026-02-20,0,Low
E01733,SK008,2.4,Intermediate,2024-12-24,0,High
E01733,SK011,2.4,Intermediate,2025-08-13,0,Medium
E01733,SK036,2.5,Intermediate,2024-10-21,0,Medium
E01734,SK017,2.4,Intermediate,2024-12-11,1,Low
E01734,SK018,4.2,Advanced,2025-03-17,1,High
E01734,SK031,3.6,Intermediate,2024-10-26,1,High
E01735,SK001,9.0,Advanced,2025-04-30,0,High
E01735,SK017,4.0,Advanced,2025-03-03,0,Low
E01735,SK023,5.5,Advanced,2026-02-15,0,Medium
E01735,SK030,4.0,Advanced,2025-09-04,0,Medium
E01735,SK031,4.5,Advanced,2024-12-30,0,Low
E01735,SK036,1.9,Beginner,2025-11-27,0,Low
E01736,SK002,6.5,Advanced,2024-11-09,0,High
E01736,SK004,3.2,Intermediate,2025-12-02,0,Medium
E01736,SK021,4.3,Advanced,2026-03-06,0,Medium
E01736,SK022,2.6,Intermediate,2026-03-14,0,Low
E01736,SK029,7.0,Advanced,2025-11-10,0,High
E01737,SK018,0.6,Beginner,2025-05-01,0,Low
E01737,SK019,2.3,Intermediate,2025-08-28,0,High
E01737,SK025,0.5,Beginner,2024-11-04,0,Low
E01737,SK026,0.9,Beginner,2025-05-21,0,Low
E01738,SK010,0.5,Beginner,2024-11-20,1,Low
E01738,SK025,0.5,Beginner,2025-04-27,1,Low
E01739,SK002,1.3,Beginner,2025-04-16,0,Medium
E01739,SK004,1.8,Beginner,2026-01-07,0,High
E01739,SK006,1.2,Beginner,2026-02-11,0,Medium
E01739,SK013,1.7,Beginner,2025-09-11,0,High
E01740,SK015,4.1,Advanced,2025-11-04,0,Low
E01740,SK023,7.3,Advanced,2025-06-05,0,Medium
E01740,SK025,8.1,Advanced,2026-01-17,1,High
E01740,SK026,6.9,Advanced,2025-10-10,1,Medium
E01740,SK028,2.1,Intermediate,2025-01-11,1,Low
E01740,SK038,1.9,Beginner,2025-07-02,1,Low
E01741,SK002,6.0,Advanced,2025-06-20,1,High
E01741,SK024,1.4,Beginner,2025-03-16,1,Low
E01741,SK028,4.9,Advanced,2024-12-14,1,Medium
E01741,SK034,2.2,Intermediate,2026-02-10,1,Medium
E01741,SK037,1.0,Beginner,2025-12-24,1,Low
E01742,SK013,2.4,Intermediate,2024-12-14,0,Medium
E01742,SK020,2.4,Intermediate,2025-06-26,0,Medium
E01742,SK034,2.5,Intermediate,2025-10-25,0,Medium
E01743,SK016,8.0,Advanced,2026-03-02,1,High
E01743,SK017,5.7,Advanced,2025-07-29,0,Medium
E01743,SK020,6.7,Advanced,2025-09-08,1,High
E01743,SK022,7.0,Advanced,2024-10-18,1,Medium
E01743,SK036,4.5,Advanced,2025-05-15,0,Low
E01744,SK010,0.6,Beginner,2024-12-20,1,Low
E01744,SK033,0.5,Beginner,2026-02-27,0,Low
E01744,SK034,1.7,Beginner,2024-11-26,1,High
E01744,SK038,1.9,Beginner,2025-11-19,0,High
E01745,SK002,8.5,Advanced,2026-02-08,1,High
E01745,SK004,1.5,Beginner,2024-11-13,0,Low
E01745,SK007,2.1,Intermediate,2024-11-03,1,Low
E01745,SK022,9.2,Advanced,2025-08-20,1,Medium
E01745,SK024,8.0,Advanced,2025-12-19,1,Medium
E01745,SK029,3.2,Intermediate,2024-11-23,1,Low
E01745,SK032,6.3,Advanced,2025-06-17,1,Medium
E01746,SK001,1.0,Beginner,2025-04-08,0,Low
E01746,SK016,0.7,Beginner,2025-11-13,0,Low
E01746,SK017,6.0,Advanced,2026-03-19,0,High
E01746,SK025,0.8,Beginner,2026-01-15,1,Low
E01746,SK029,4.1,Advanced,2024-11-03,0,Medium
E01747,SK001,9.2,Advanced,2025-10-27,1,High
E01747,SK005,10.1,Advanced,2025-03-22,0,Medium
E01747,SK032,9.0,Advanced,2026-01-08,0,Medium
E01747,SK038,4.2,Advanced,2026-03-01,0,Low
E01748,SK001,8.1,Advanced,2025-04-14,0,Low
E01748,SK011,13.2,Advanced,2025-08-10,0,High
E01748,SK020,3.2,Intermediate,2025-03-01,0,Low
E01748,SK022,8.1,Advanced,2025-06-10,0,Medium
E01748,SK026,8.0,Advanced,2024-12-05,0,Low
E01749,SK001,4.0,Advanced,2025-05-05,0,High
E01749,SK004,0.5,Beginner,2025-09-15,0,Low
E01749,SK016,0.5,Beginner,2024-11-10,0,Low
E01749,SK028,0.7,Beginner,2025-01-15,0,Low
E01749,SK031,1.6,Beginner,2024-11-17,0,Low
E01750,SK003,2.5,Intermediate,2025-11-19,1,Low
E01750,SK004,6.4,Advanced,2025-09-27,1,Medium
E01750,SK017,5.2,Advanced,2025-01-06,1,Low
E01750,SK018,6.8,Advanced,2025-10-30,1,Medium
E01750,SK030,4.9,Advanced,2025-06-11,1,Medium
E01750,SK035,9.1,Advanced,2025-12-09,1,Medium
E01751,SK007,3.1,Intermediate,2026-02-11,0,Medium
E01751,SK024,7.0,Advanced,2026-02-18,0,High
E01751,SK025,5.2,Advanced,2025-06-10,0,High
E01752,SK004,1.8,Beginner,2025-09-01,1,Low
E01752,SK022,5.9,Advanced,2026-03-02,1,Medium
E01752,SK023,3.9,Intermediate,2025-02-05,1,Medium
E01752,SK024,4.0,Advanced,2025-08-28,1,Medium
E01752,SK027,4.0,Advanced,2025-11-06,1,Medium
E01753,SK016,1.7,Beginner,2025-10-20,1,Low
E01753,SK017,2.7,Intermediate,2026-02-11,1,Medium
E01753,SK024,3.6,Intermediate,2026-03-24,0,Medium
E01753,SK025,5.8,Advanced,2026-01-20,1,High
E01753,SK026,6.9,Advanced,2025-08-21,1,High
E01754,SK013,3.6,Intermediate,2026-01-05,1,Medium
E01754,SK014,1.6,Beginner,2026-02-15,0,Low
E01754,SK017,0.7,Beginner,2025-12-24,1,Low
E01754,SK024,4.5,Advanced,2024-10-25,0,Medium
E01754,SK027,6.2,Advanced,2025-03-26,1,High
E01755,SK022,1.0,Beginner,2025-05-17,1,High
E01755,SK027,0.5,Beginner,2024-11-13,0,Low
E01755,SK028,0.8,Beginner,2025-11-12,1,Medium
E01755,SK034,0.7,Beginner,2026-03-16,1,Medium
E01756,SK007,3.7,Intermediate,2025-05-18,0,Medium
E01756,SK009,3.5,Intermediate,2025-04-16,0,Medium
E01756,SK011,1.8,Beginner,2024-11-10,0,Low
E01756,SK024,3.9,Intermediate,2025-07-08,0,High
E01756,SK037,1.8,Beginner,2025-08-23,0,Low
E01757,SK012,1.8,Beginner,2025-11-09,1,Medium
E01757,SK024,3.3,Intermediate,2025-01-27,0,Medium
E01757,SK038,0.7,Beginner,2025-04-17,1,Low
E01758,SK001,6.4,Advanced,2025-01-27,0,Medium
E01758,SK002,2.8,Intermediate,2025-09-19,1,Low
E01758,SK004,8.0,Advanced,2024-10-10,1,High
E01758,SK015,5.3,Advanced,2026-02-11,0,Medium
E01758,SK019,5.2,Advanced,2025-01-03,1,Medium
E01758,SK025,5.6,Advanced,2025-04-16,0,Medium
E01758,SK027,7.4,Advanced,2025-03-03,1,Medium
E01758,SK028,2.6,Intermediate,2026-02-15,1,Low
E01759,SK020,3.1,Intermediate,2024-12-27,1,Medium
E01759,SK021,2.5,Intermediate,2025-11-08,0,Medium
E01759,SK023,1.5,Beginner,2026-02-17,1,Low
E01759,SK026,0.6,Beginner,2025-11-08,0,Low
E01760,SK001,4.9,Advanced,2025-11-22,0,High
E01760,SK003,4.0,Advanced,2025-04-21,1,Medium
E01760,SK013,3.1,Intermediate,2026-02-14,0,Medium
E01760,SK022,4.7,Advanced,2024-11-01,1,Medium
E01761,SK005,3.0,Intermediate,2024-12-24,0,High
E01761,SK017,1.9,Beginner,2026-03-15,0,Low
E01761,SK020,2.9,Intermediate,2025-10-24,0,High
E01761,SK023,3.0,Intermediate,2026-02-27,0,Medium
E01762,SK001,4.6,Advanced,2025-02-18,1,Medium
E01762,SK021,9.2,Advanced,2025-08-21,1,Medium
E01762,SK023,11.0,Advanced,2024-12-26,1,High
E01762,SK024,7.5,Advanced,2025-07-09,1,Medium
E01762,SK026,4.4,Advanced,2025-12-04,0,Medium
E01763,SK020,5.9,Advanced,2025-11-23,1,Low
E01763,SK021,4.2,Advanced,2025-12-23,0,Low
E01763,SK022,5.9,Advanced,2024-10-28,1,Low
E01763,SK025,4.2,Advanced,2026-03-18,1,Low
E01763,SK030,11.5,Advanced,2025-12-17,0,Medium
E01763,SK036,2.3,Intermediate,2025-08-02,1,Low
E01764,SK001,4.7,Advanced,2024-10-28,1,Medium
E01764,SK007,3.1,Intermediate,2024-11-24,0,Medium
E01764,SK008,2.7,Intermediate,2025-10-08,1,Low
E01764,SK012,5.2,Advanced,2025-02-14,0,Medium
E01764,SK032,5.0,Advanced,2025-06-09,1,Medium
E01764,SK034,4.6,Advanced,2025-06-26,0,Medium
E01764,SK036,5.1,Advanced,2025-02-12,1,High
E01765,SK010,5.6,Advanced,2025-11-24,0,High
E01765,SK017,4.5,Advanced,2025-03-13,0,Medium
E01766,SK005,2.5,Intermediate,2024-11-11,1,High
E01766,SK007,2.3,Intermediate,2024-11-01,1,Medium
E01766,SK008,2.1,Intermediate,2025-04-18,1,Medium
E01766,SK011,2.8,Intermediate,2026-03-10,0,High
E01766,SK037,1.4,Beginner,2025-04-22,1,Medium
E01767,SK005,8.2,Advanced,2025-11-25,0,Medium
E01767,SK008,8.4,Advanced,2025-05-15,0,Medium
E01767,SK010,1.7,Beginner,2024-12-07,1,Low
E01767,SK011,7.0,Advanced,2025-12-28,0,Medium
E01767,SK013,8.3,Advanced,2024-12-24,1,Medium
E01768,SK002,5.5,Advanced,2025-05-22,0,Medium
E01768,SK016,2.5,Intermediate,2025-02-06,0,Low
E01768,SK027,8.7,Advanced,2025-09-15,0,Medium
E01769,SK002,3.0,Intermediate,2025-07-09,1,Low
E01769,SK004,7.0,Advanced,2025-02-05,0,High
E01769,SK006,3.2,Intermediate,2025-10-24,0,Medium
E01769,SK007,3.1,Intermediate,2025-06-19,1,Medium
E01769,SK009,4.9,Advanced,2026-03-01,1,Medium
E01769,SK013,1.9,Beginner,2025-04-24,1,Low
E01769,SK023,3.0,Intermediate,2025-07-05,1,Medium
E01769,SK033,3.0,Intermediate,2025-11-05,0,Low
E01769,SK037,2.9,Intermediate,2026-02-10,0,Low
E01770,SK004,7.5,Advanced,2025-04-14,0,Medium
E01770,SK007,7.6,Advanced,2025-03-26,1,Medium
E01770,SK011,8.1,Advanced,2025-02-10,0,Medium
E01770,SK023,1.3,Beginner,2025-03-09,0,Low
E01770,SK032,8.9,Advanced,2026-02-25,0,Medium
E01770,SK034,5.3,Advanced,2025-03-14,0,Low
E01770,SK037,5.0,Advanced,2025-12-14,0,Medium
E01771,SK001,3.0,Intermediate,2026-02-16,1,Low
E01771,SK006,2.5,Intermediate,2026-03-06,1,Low
E01771,SK007,10.6,Advanced,2026-02-21,0,Medium
E01771,SK024,7.1,Advanced,2025-10-27,1,Medium
E01771,SK033,14.8,Advanced,2026-01-26,1,High
E01771,SK036,9.4,Advanced,2025-03-12,0,Medium
E01772,SK022,3.0,Intermediate,2024-10-18,1,High
E01772,SK024,2.4,Intermediate,2025-04-11,0,Medium
E01772,SK025,2.8,Intermediate,2025-08-04,1,High
E01773,SK004,11.4,Advanced,2025-08-18,1,Medium
E01773,SK005,16.3,Advanced,2025-07-17,1,High
E01773,SK006,11.0,Advanced,2025-08-20,1,Medium
E01773,SK008,14.8,Advanced,2026-02-09,1,High
E01773,SK012,12.1,Advanced,2025-10-21,1,Medium
E01773,SK013,8.0,Advanced,2025-12-05,1,Low
E01773,SK016,10.1,Advanced,2026-02-04,1,Medium
E01773,SK036,14.5,Advanced,2024-10-10,1,Medium
E01774,SK003,1.8,Beginner,2025-04-02,1,Low
E01774,SK004,2.0,Intermediate,2025-01-30,1,Medium
E01774,SK012,2.0,Intermediate,2024-12-19,0,Medium
E01774,SK023,1.5,Beginner,2024-10-29,0,Medium
E01775,SK011,1.0,Beginner,2024-10-14,0,Low
E01775,SK020,5.7,Advanced,2025-11-03,0,High
E01775,SK022,4.3,Advanced,2025-11-26,0,Medium
E01775,SK030,4.7,Advanced,2025-05-25,0,High
E01776,SK005,5.3,Advanced,2025-01-04,1,High
E01776,SK011,5.5,Advanced,2025-01-31,1,Medium
E01776,SK012,3.5,Intermediate,2024-11-01,0,Low
E01776,SK024,4.8,Advanced,2024-12-30,1,Medium
E01777,SK001,7.7,Advanced,2024-12-19,1,High
E01777,SK027,5.6,Advanced,2025-10-04,0,Medium
E01778,SK011,3.6,Intermediate,2025-01-26,1,Medium
E01778,SK012,6.5,Advanced,2025-07-02,1,Medium
E01778,SK013,2.9,Intermediate,2025-06-28,0,Low
E01778,SK037,8.4,Advanced,2025-10-17,1,Medium
E01779,SK020,2.0,Intermediate,2025-12-26,0,High
E01779,SK025,1.1,Beginner,2025-04-13,0,Medium
E01779,SK026,0.9,Beginner,2025-10-27,0,Low
E01779,SK036,1.6,Beginner,2025-11-27,0,Medium
E01780,SK009,4.0,Advanced,2025-04-08,1,Medium
E01780,SK010,5.7,Advanced,2025-01-06,1,Medium
E01780,SK011,10.0,Advanced,2025-01-23,0,High
E01780,SK016,4.8,Advanced,2025-02-12,0,Low
E01780,SK019,2.9,Intermediate,2025-03-23,0,Low
E01780,SK020,3.9,Intermediate,2024-11-06,0,Low
E01780,SK026,5.7,Advanced,2025-11-27,1,Medium
E01780,SK036,2.1,Intermediate,2025-06-25,0,Low
E01781,SK001,0.5,Beginner,2025-02-10,1,Low
E01781,SK014,0.8,Beginner,2025-06-07,1,Medium
E01781,SK015,1.1,Beginner,2025-07-30,0,Medium
E01781,SK018,0.9,Beginner,2025-07-24,1,Low
E01781,SK020,2.0,Intermediate,2025-06-27,1,High
E01782,SK001,2.1,Intermediate,2025-03-13,0,Low
E01782,SK013,5.2,Advanced,2025-10-20,1,Medium
E01782,SK023,14.0,Advanced,2025-11-13,1,High
E01782,SK037,6.0,Advanced,2025-11-05,1,Medium
E01783,SK002,1.1,Beginner,2025-12-21,1,Low
E01783,SK004,0.9,Beginner,2025-05-04,1,Low
E01783,SK006,2.5,Intermediate,2025-08-06,0,Medium
E01783,SK023,0.7,Beginner,2026-01-04,1,Low
E01783,SK024,3.0,Intermediate,2025-10-15,1,High
E01783,SK028,2.4,Intermediate,2024-10-26,1,Medium
E01783,SK032,1.9,Beginner,2025-10-09,0,Medium
E01784,SK002,0.6,Beginner,2024-12-09,1,Low
E01784,SK010,0.7,Beginner,2026-03-04,0,Low
E01784,SK011,0.5,Beginner,2024-12-24,1,Low
E01784,SK013,2.0,Intermediate,2026-01-25,1,High
E01785,SK011,2.1,Intermediate,2025-06-05,0,Medium
E01785,SK019,1.0,Beginner,2025-12-10,1,Low
E01785,SK021,0.8,Beginner,2024-11-26,0,Low
E01785,SK023,2.7,Intermediate,2024-11-01,1,High
E01785,SK024,0.6,Beginner,2025-04-09,1,Low
E01785,SK034,1.5,Beginner,2024-11-01,0,Medium
E01786,SK010,6.2,Advanced,2024-12-22,1,Medium
E01786,SK014,6.5,Advanced,2025-12-26,0,Medium
E01786,SK017,3.7,Intermediate,2026-03-14,1,Low
E01786,SK025,9.0,Advanced,2024-11-21,1,High
E01786,SK029,4.4,Advanced,2026-02-02,1,Medium
E01786,SK033,4.9,Advanced,2025-11-24,0,Medium
E01787,SK002,3.3,Intermediate,2024-12-26,1,High
E01787,SK024,2.7,Intermediate,2025-04-22,1,Medium
E01787,SK028,1.5,Beginner,2025-03-13,1,Low
E01787,SK029,2.3,Intermediate,2025-09-09,0,Medium
E01787,SK031,2.4,Intermediate,2025-12-21,0,Medium
E01788,SK002,1.0,Beginner,2025-09-28,1,High
E01788,SK008,0.5,Beginner,2025-03-12,0,Medium
E01788,SK013,0.5,Beginner,2024-10-30,1,Low
E01788,SK034,0.5,Beginner,2026-01-11,0,Low
E01789,SK013,0.9,Beginner,2025-03-02,1,High
E01789,SK024,0.8,Beginner,2026-02-22,1,High
E01789,SK025,0.8,Beginner,2026-01-16,1,Medium
E01790,SK013,3.2,Intermediate,2025-06-07,1,High
E01790,SK022,2.7,Intermediate,2026-02-17,1,Medium
E01791,SK002,9.0,Advanced,2025-10-04,1,High
E01791,SK008,4.4,Advanced,2025-03-25,0,Low
E01791,SK024,6.4,Advanced,2025-04-18,1,Medium
E01791,SK029,2.2,Intermediate,2025-07-03,1,Low
E01791,SK037,2.2,Intermediate,2025-11-14,0,Low
E01791,SK038,4.2,Advanced,2025-03-01,1,Medium
E01792,SK007,3.1,Intermediate,2025-09-21,1,Medium
E01792,SK008,5.4,Advanced,2024-11-23,1,Medium
E01792,SK015,0.7,Beginner,2025-04-13,1,Low
E01792,SK016,2.7,Intermediate,2026-03-22,0,Medium
E01792,SK033,5.4,Advanced,2025-08-26,1,High
E01793,SK002,5.7,Advanced,2025-05-31,1,High
E01793,SK007,2.3,Intermediate,2025-02-26,0,Low
E01793,SK033,4.3,Advanced,2025-03-28,1,Medium
E01793,SK034,1.7,Beginner,2024-10-20,0,Low
E01794,SK011,2.4,Intermediate,2026-03-19,0,High
E01794,SK012,1.4,Beginner,2025-04-29,0,Low
E01794,SK013,2.0,Intermediate,2025-02-16,0,Medium
E01794,SK028,2.5,Intermediate,2024-11-01,0,Medium
E01795,SK007,5.6,Advanced,2025-03-10,0,Medium
E01795,SK010,6.3,Advanced,2025-06-03,1,Medium
E01795,SK011,4.0,Advanced,2025-05-25,0,Medium
E01795,SK015,6.0,Advanced,2026-01-07,0,High
E01795,SK017,5.7,Advanced,2026-01-28,0,High
E01795,SK024,2.6,Intermediate,2025-09-30,0,Low
E01795,SK027,3.0,Intermediate,2025-03-07,0,Low
E01796,SK004,1.7,Beginner,2025-02-09,0,Low
E01796,SK005,6.1,Advanced,2026-02-23,0,Medium
E01796,SK007,3.5,Intermediate,2025-03-31,0,Medium
E01796,SK027,8.0,Advanced,2025-08-09,1,High
E01796,SK037,4.9,Advanced,2025-02-19,0,Medium
E01796,SK038,3.5,Intermediate,2024-12-05,0,Medium
E01797,SK007,0.5,Beginner,2025-11-21,1,Medium
E01797,SK022,0.5,Beginner,2026-02-05,1,Medium
E01797,SK023,0.5,Beginner,2025-11-27,0,Low
E01797,SK024,0.5,Beginner,2025-08-19,1,Medium
E01797,SK025,0.5,Beginner,2025-09-30,0,High
E01798,SK024,1.9,Beginner,2025-07-31,1,Medium
E01798,SK025,0.5,Beginner,2025-12-10,1,Low
E01798,SK036,1.1,Beginner,2024-11-19,1,Medium
E01799,SK002,2.7,Intermediate,2025-03-18,1,High
E01799,SK020,2.9,Intermediate,2025-09-26,1,High
E01800,SK004,3.0,Intermediate,2025-07-06,0,Medium
E01800,SK014,3.6,Intermediate,2026-02-15,0,Medium
E01800,SK037,2.3,Intermediate,2025-01-12,0,Low
E01801,SK009,0.5,Beginner,2025-02-08,1,Medium
E01801,SK030,0.5,Beginner,2025-10-18,1,Low
E01802,SK020,0.5,Beginner,2025-09-09,1,Low
E01802,SK034,1.9,Beginner,2025-02-08,1,High
E01803,SK001,7.2,Advanced,2025-08-17,1,Medium
E01803,SK002,4.3,Advanced,2024-10-27,1,Medium
E01803,SK011,6.6,Advanced,2025-09-04,1,High
E01803,SK015,6.2,Advanced,2025-06-05,1,Medium
E01804,SK007,6.0,Advanced,2025-09-24,1,High
E01804,SK012,2.8,Intermediate,2026-01-24,1,Low
E01804,SK019,4.2,Advanced,2025-03-05,1,Medium
E01804,SK022,3.4,Intermediate,2025-07-16,0,Medium
E01804,SK036,4.5,Advanced,2025-06-30,1,High
E01805,SK016,0.8,Beginner,2025-11-10,1,Medium
E01805,SK022,1.2,Beginner,2025-11-19,1,Medium
E01805,SK029,1.9,Beginner,2025-05-11,1,High
E01806,SK011,1.5,Beginner,2024-10-25,1,Medium
E01806,SK023,2.2,Intermediate,2026-03-17,0,Medium
E01806,SK024,2.8,Intermediate,2025-09-21,1,High
E01806,SK029,3.6,Intermediate,2026-02-14,1,High
E01806,SK035,1.9,Beginner,2025-07-10,0,Low
E01807,SK001,1.1,Beginner,2024-12-19,0,Medium
E01807,SK004,0.5,Beginner,2025-10-06,1,Low
E01807,SK011,1.3,Beginner,2025-07-20,1,Medium
E01807,SK037,0.5,Beginner,2025-02-12,0,Low
E01808,SK004,1.2,Beginner,2026-02-08,0,Low
E01808,SK005,4.6,Advanced,2024-11-17,0,Medium
E01808,SK034,3.2,Intermediate,2026-01-23,1,Medium
E01808,SK037,4.3,Advanced,2026-01-04,1,High
E01809,SK021,2.9,Intermediate,2024-11-25,0,Low
E01809,SK025,6.0,Advanced,2025-09-04,0,High
E01809,SK038,4.7,Advanced,2024-10-21,0,Medium
E01810,SK005,3.0,Intermediate,2024-11-16,0,Low
E01810,SK008,3.6,Intermediate,2026-01-29,1,Medium
E01810,SK024,2.7,Intermediate,2025-07-21,1,Low
E01810,SK027,6.0,Advanced,2025-05-09,1,High
E01811,SK017,6.0,Advanced,2024-12-17,0,High
E01811,SK032,3.6,Intermediate,2024-11-14,0,Medium
E01811,SK033,1.7,Beginner,2025-09-30,0,Low
E01812,SK004,5.1,Advanced,2025-03-31,1,High
E01812,SK005,1.3,Beginner,2024-12-05,0,Low
E01812,SK014,4.2,Advanced,2026-02-16,0,Medium
E01812,SK031,5.4,Advanced,2026-02-28,1,Medium
E01813,SK010,5.0,Advanced,2026-02-15,0,High
E01813,SK030,1.1,Beginner,2025-11-13,0,Low
E01814,SK019,4.0,Advanced,2025-03-05,1,High
E01814,SK021,1.4,Beginner,2026-01-23,0,Low
E01814,SK023,1.5,Beginner,2025-09-19,1,Medium
E01814,SK024,3.9,Intermediate,2025-01-25,1,High
E01814,SK034,2.0,Intermediate,2025-10-23,0,Medium
E01815,SK001,1.4,Beginner,2025-04-26,0,Medium
E01815,SK011,3.7,Intermediate,2025-01-09,0,High
E01815,SK014,3.3,Intermediate,2025-05-27,0,Medium
E01815,SK016,1.8,Beginner,2025-06-27,1,Medium
E01815,SK033,3.3,Intermediate,2025-07-21,1,Medium
E01815,SK034,0.5,Beginner,2025-01-24,0,Low
E01816,SK025,2.0,Intermediate,2024-11-12,0,Low
E01816,SK032,0.5,Beginner,2025-06-17,0,Low
E01817,SK011,3.3,Intermediate,2025-11-10,1,Low
E01817,SK014,5.5,Advanced,2025-02-03,1,Medium
E01817,SK018,1.8,Beginner,2025-07-08,0,Low
E01818,SK009,0.5,Beginner,2025-02-26,0,Low
E01818,SK015,0.5,Beginner,2025-04-12,0,Medium
E01818,SK021,0.5,Beginner,2025-11-22,0,High
E01818,SK022,0.5,Beginner,2025-11-18,0,Low
E01819,SK011,5.5,Advanced,2025-07-03,1,High
E01819,SK024,3.0,Intermediate,2024-10-13,1,Low
E01819,SK025,4.5,Advanced,2024-12-05,1,Medium
E01819,SK027,3.5,Intermediate,2025-03-01,1,Medium
E01819,SK033,4.3,Advanced,2024-10-28,1,High
E01819,SK035,3.5,Intermediate,2025-08-04,0,Medium
E01820,SK008,7.0,Advanced,2025-12-09,1,High
E01820,SK010,1.7,Beginner,2026-02-15,1,Low
E01820,SK033,2.8,Intermediate,2025-08-17,0,Medium
E01820,SK036,3.6,Intermediate,2026-02-15,0,Medium
E01820,SK037,5.9,Advanced,2025-02-14,1,High
E01821,SK016,1.0,Beginner,2025-03-20,0,Low
E01821,SK017,1.6,Beginner,2024-10-29,1,Low
E01821,SK023,2.3,Intermediate,2025-11-30,1,Medium
E01821,SK025,3.3,Intermediate,2025-11-10,1,High
E01821,SK026,3.5,Intermediate,2025-03-10,1,High
E01821,SK036,1.1,Beginner,2025-05-19,0,Low
E01822,SK004,0.9,Beginner,2025-02-16,1,Low
E01822,SK017,7.0,Advanced,2025-09-05,0,High
E01822,SK024,5.3,Advanced,2025-05-29,1,Medium
E01822,SK025,4.3,Advanced,2025-12-15,1,Medium
E01822,SK033,3.7,Intermediate,2024-11-03,1,Medium
E01822,SK034,4.4,Advanced,2025-12-27,0,Medium
E01822,SK036,5.6,Advanced,2024-12-03,1,Medium
E01822,SK037,4.0,Advanced,2024-12-28,1,Medium
E01823,SK023,2.4,Intermediate,2025-11-11,0,Medium
E01824,SK016,0.5,Beginner,2025-07-25,0,Medium
E01824,SK020,0.5,Beginner,2025-03-11,0,High
E01824,SK029,0.5,Beginner,2025-11-28,1,Medium
E01824,SK038,0.5,Beginner,2025-05-12,1,High
E01825,SK017,0.5,Beginner,2025-02-22,0,High
E01825,SK018,0.5,Beginner,2025-12-15,0,High
E01825,SK020,0.5,Beginner,2025-05-01,1,Low
E01825,SK022,0.5,Beginner,2025-04-29,1,Medium
E01826,SK006,3.0,Intermediate,2024-11-13,0,High
E01826,SK010,1.2,Beginner,2026-02-18,0,Medium
E01826,SK026,1.3,Beginner,2024-12-29,0,Medium
E01826,SK033,0.8,Beginner,2025-03-14,0,Low
E01827,SK009,7.0,Advanced,2025-12-09,0,High
E01827,SK013,6.7,Advanced,2025-06-19,1,High
E01827,SK015,5.7,Advanced,2025-07-22,1,Medium
E01827,SK016,2.7,Intermediate,2025-01-10,1,Medium
E01827,SK018,2.0,Intermediate,2025-10-27,1,Low
E01828,SK001,4.2,Advanced,2026-01-21,0,Low
E01828,SK013,1.4,Beginner,2026-01-21,0,Low
E01828,SK017,5.3,Advanced,2025-05-29,0,Low
E01828,SK020,10.1,Advanced,2024-11-03,0,High
E01828,SK023,11.0,Advanced,2025-09-15,0,High
E01828,SK024,8.3,Advanced,2025-03-27,0,Medium
E01829,SK001,0.5,Beginner,2025-08-21,0,High
E01829,SK011,0.5,Beginner,2025-05-06,0,Medium
E01829,SK024,0.5,Beginner,2025-08-12,0,Medium
E01830,SK001,0.5,Beginner,2026-03-11,0,Medium
E01830,SK010,0.5,Beginner,2025-04-26,1,High
E01830,SK036,0.5,Beginner,2025-01-10,1,Medium
E01831,SK011,3.5,Intermediate,2025-08-21,1,High
E01831,SK014,1.9,Beginner,2025-11-10,0,Medium
E01831,SK034,0.9,Beginner,2025-12-17,1,Low
E01832,SK005,0.5,Beginner,2024-12-09,0,High
E01832,SK030,0.5,Beginner,2026-01-03,0,High
E01833,SK011,9.4,Advanced,2025-06-19,1,Medium
E01833,SK017,12.0,Advanced,2025-11-03,0,High
E01833,SK023,5.8,Advanced,2025-11-13,1,Medium
E01833,SK024,6.6,Advanced,2025-10-13,1,Medium
E01833,SK037,8.4,Advanced,2024-11-03,1,Medium
E01834,SK005,2.5,Intermediate,2025-07-23,1,Medium
E01834,SK011,3.0,Intermediate,2025-07-18,1,High
E01834,SK031,2.5,Intermediate,2024-10-30,0,Medium
E01834,SK037,1.5,Beginner,2025-04-17,0,Low
E01835,SK005,0.5,Beginner,2026-03-03,1,Low
E01835,SK008,0.8,Beginner,2025-05-02,1,High
E01835,SK034,0.6,Beginner,2025-06-23,1,Medium
E01836,SK001,2.4,Intermediate,2025-10-16,0,High
E01836,SK018,1.1,Beginner,2026-02-15,0,Low
E01836,SK034,1.1,Beginner,2025-03-13,1,Low
E01837,SK003,0.5,Beginner,2026-02-11,0,Low
E01837,SK005,1.0,Beginner,2025-11-15,1,High
E01837,SK010,0.6,Beginner,2025-05-03,1,Medium
E01838,SK011,2.4,Intermediate,2025-10-16,0,Low
E01838,SK020,9.6,Advanced,2025-07-14,0,Medium
E01838,SK021,9.0,Advanced,2025-02-20,0,High
E01838,SK023,12.0,Advanced,2025-08-16,0,High
E01838,SK026,10.1,Advanced,2025-07-05,1,Medium
E01838,SK027,10.2,Advanced,2026-02-22,0,Medium
E01838,SK036,6.4,Advanced,2025-11-11,1,Medium
E01839,SK013,3.8,Intermediate,2025-12-29,1,Medium
E01839,SK023,2.5,Intermediate,2024-12-19,1,Low
E01839,SK036,5.3,Advanced,2025-07-12,1,High
E01840,SK011,3.3,Intermediate,2025-11-30,1,Medium
E01840,SK018,3.2,Intermediate,2025-05-07,1,Medium
E01840,SK022,3.9,Intermediate,2025-03-29,1,High
E01840,SK024,2.1,Intermediate,2025-08-04,1,Low
E01840,SK025,4.9,Advanced,2025-05-05,1,High
E01840,SK033,1.0,Beginner,2025-02-14,1,Low
E01841,SK013,0.5,Beginner,2025-02-04,1,Low
E01841,SK015,0.9,Beginner,2025-12-16,1,High
E01841,SK033,0.9,Beginner,2025-06-17,1,High
E01842,SK011,2.4,Intermediate,2024-11-10,0,Low
E01842,SK017,3.2,Intermediate,2025-01-13,0,Low
E01842,SK032,3.3,Intermediate,2025-01-05,0,Low
E01843,SK006,6.6,Advanced,2025-06-22,1,Medium
E01843,SK016,1.8,Beginner,2025-09-22,1,Low
E01843,SK017,0.9,Beginner,2025-01-17,1,Low
E01843,SK024,6.5,Advanced,2025-03-22,1,Medium
E01843,SK030,3.7,Intermediate,2024-10-12,1,Medium
E01843,SK038,2.4,Intermediate,2025-11-19,1,Low
E01844,SK001,2.6,Intermediate,2025-01-23,1,High
E01844,SK011,3.0,Intermediate,2025-05-09,1,High
E01844,SK016,1.4,Beginner,2025-12-08,1,Low
E01844,SK018,0.6,Beginner,2025-04-28,0,Low
E01844,SK019,1.1,Beginner,2025-10-13,1,Medium
E01845,SK001,5.8,Advanced,2024-11-29,1,High
E01845,SK002,6.0,Advanced,2025-10-30,1,High
E01845,SK004,2.6,Intermediate,2026-02-22,1,Medium
E01845,SK030,2.9,Intermediate,2026-02-04,0,Medium
E01846,SK002,3.3,Intermediate,2025-01-09,0,Medium
E01846,SK005,1.6,Beginner,2025-03-22,0,Low
E01846,SK010,2.8,Intermediate,2026-01-27,0,Medium
E01846,SK031,4.7,Advanced,2026-02-26,0,Medium
E01846,SK033,1.6,Beginner,2025-11-26,0,Low
E01847,SK001,1.0,Beginner,2025-07-10,1,Low
E01847,SK011,4.2,Advanced,2024-11-11,1,High
E01847,SK026,3.0,Intermediate,2026-02-28,0,Medium
E01847,SK034,4.2,Advanced,2025-08-18,0,Medium
E01847,SK037,2.3,Intermediate,2026-02-13,1,Medium
E01848,SK008,0.8,Beginner,2024-10-24,1,Medium
E01848,SK019,1.0,Beginner,2025-12-12,0,High
E01848,SK033,0.5,Beginner,2026-02-19,1,Medium
E01848,SK034,0.5,Beginner,2025-08-12,1,Medium
E01849,SK001,0.8,Beginner,2024-10-22,1,Low
E01849,SK004,5.9,Advanced,2025-08-21,1,High
E01849,SK006,2.7,Intermediate,2025-08-22,1,Low
E01849,SK008,6.0,Advanced,2025-08-16,1,High
E01849,SK010,0.9,Beginner,2025-08-09,0,Low
E01849,SK011,4.8,Advanced,2024-12-13,0,Medium
E01849,SK024,2.0,Intermediate,2024-11-21,0,Low
E01850,SK005,2.5,Intermediate,2025-08-30,0,High
E01850,SK027,3.0,Intermediate,2025-02-11,0,High
E01850,SK037,0.9,Beginner,2024-11-03,0,Low
E01851,SK004,3.6,Intermediate,2024-11-15,0,Low
E01851,SK008,1.7,Beginner,2025-03-26,0,Low
E01851,SK017,2.3,Intermediate,2024-12-25,0,Low
E01851,SK026,8.5,Advanced,2025-04-06,0,High
E01852,SK002,0.8,Beginner,2026-02-22,1,Low
E01852,SK004,5.7,Advanced,2026-02-01,1,High
E01852,SK021,1.3,Beginner,2025-02-01,1,Low
E01852,SK028,1.3,Beginner,2024-12-11,1,Low
E01853,SK010,1.0,Beginner,2025-06-15,0,High
E01853,SK013,0.8,Beginner,2026-01-14,1,High
E01854,SK022,5.0,Advanced,2024-12-13,1,High
E01854,SK024,1.0,Beginner,2025-06-04,1,Low
E01854,SK028,3.5,Intermediate,2024-10-21,1,Medium
E01854,SK029,2.0,Intermediate,2024-11-16,1,Medium
E01854,SK033,1.5,Beginner,2026-01-22,0,Low
E01854,SK036,1.0,Beginner,2025-06-01,1,Low
E01855,SK008,1.9,Beginner,2025-02-23,1,Low
E01855,SK009,4.6,Advanced,2024-12-02,0,Medium
E01855,SK020,6.0,Advanced,2025-02-06,1,High
E01855,SK036,4.7,Advanced,2025-04-02,0,Medium
E01856,SK006,1.7,Beginner,2025-03-20,1,Low
E01856,SK007,5.1,Advanced,2025-03-03,0,High
E01856,SK016,2.3,Intermediate,2024-10-19,0,Medium
E01856,SK024,5.5,Advanced,2025-03-23,0,High
E01857,SK005,0.9,Beginner,2025-02-07,0,High
E01857,SK020,0.9,Beginner,2025-11-22,0,High
E01857,SK036,0.8,Beginner,2026-03-12,0,Medium
E01858,SK006,1.4,Beginner,2025-09-02,0,High
E01858,SK014,0.8,Beginner,2026-02-10,0,Medium
E01858,SK028,1.0,Beginner,2024-11-04,0,Low
E01859,SK010,4.5,Advanced,2026-01-24,0,Medium
E01859,SK022,2.3,Intermediate,2025-03-11,0,Medium
E01859,SK023,1.1,Beginner,2025-05-27,0,Low
E01859,SK024,5.0,Advanced,2025-10-04,1,High
E01859,SK032,1.1,Beginner,2025-12-14,0,Low
E01860,SK001,5.9,Advanced,2025-06-25,1,Medium
E01860,SK008,5.9,Advanced,2025-08-03,1,Low
E01860,SK009,8.1,Advanced,2024-10-08,1,Medium
E01860,SK024,7.3,Advanced,2025-06-18,1,Medium
E01860,SK028,13.7,Advanced,2025-11-28,1,High
E01860,SK031,7.3,Advanced,2025-09-19,1,Medium
E01860,SK035,5.6,Advanced,2024-12-07,1,Medium
E01860,SK038,6.4,Advanced,2025-12-21,1,Low
E01861,SK005,2.4,Intermediate,2025-12-04,1,Medium
E01861,SK009,4.6,Advanced,2025-02-21,1,High
E01861,SK025,0.9,Beginner,2026-02-12,1,Low
E01862,SK016,7.3,Advanced,2025-09-24,0,Medium
E01862,SK024,1.2,Beginner,2024-12-16,0,Low
E01863,SK008,5.4,Advanced,2026-03-09,0,Medium
E01863,SK021,9.6,Advanced,2025-12-08,0,High
E01863,SK022,4.4,Advanced,2025-03-19,0,Medium
E01863,SK024,4.4,Advanced,2025-07-14,0,Low
E01863,SK025,8.1,Advanced,2026-02-23,0,Medium
E01863,SK036,4.3,Advanced,2025-02-18,0,Medium
E01864,SK006,4.0,Advanced,2024-11-07,1,Low
E01864,SK008,13.7,Advanced,2026-01-24,1,Medium
E01864,SK011,8.5,Advanced,2025-12-24,1,Low
E01864,SK022,18.0,Advanced,2025-06-18,0,High
E01864,SK024,17.6,Advanced,2025-06-27,1,High
E01864,SK031,7.6,Advanced,2026-01-31,1,Low
E01864,SK034,11.0,Advanced,2025-07-28,1,Medium
E01864,SK038,4.8,Advanced,2025-05-02,0,Low
E01865,SK025,2.0,Intermediate,2025-05-02,0,Low
E01865,SK033,3.6,Intermediate,2025-07-12,0,Medium
E01866,SK022,7.0,Advanced,2025-10-19,1,High
E01866,SK023,7.0,Advanced,2025-12-16,1,High
E01866,SK025,4.3,Advanced,2025-01-08,1,Medium
E01866,SK033,4.7,Advanced,2025-03-23,0,Medium
E01867,SK004,2.5,Intermediate,2025-12-02,0,Low
E01867,SK007,2.4,Intermediate,2026-03-01,0,Medium
E01867,SK024,2.2,Intermediate,2025-03-27,0,Medium
E01867,SK028,5.0,Advanced,2025-07-02,1,High
E01868,SK009,3.0,Intermediate,2024-12-06,0,High
E01868,SK034,1.1,Beginner,2025-04-05,0,Low
E01868,SK037,1.0,Beginner,2024-12-05,0,Low
E01869,SK003,0.5,Beginner,2025-05-02,0,Low
E01869,SK024,1.0,Beginner,2024-12-08,1,High
E01870,SK002,3.5,Intermediate,2025-10-19,0,Medium
E01870,SK006,5.2,Advanced,2025-02-24,0,High
E01870,SK009,1.1,Beginner,2025-09-18,1,Low
E01870,SK018,3.3,Intermediate,2025-05-28,0,Low
E01870,SK025,0.9,Beginner,2025-03-03,0,Low
E01871,SK013,6.3,Advanced,2025-10-02,1,Medium
E01871,SK014,10.8,Advanced,2025-02-28,1,Medium
E01871,SK024,4.6,Advanced,2024-11-15,0,Medium
E01871,SK034,5.1,Advanced,2024-12-22,1,Low
E01871,SK035,9.9,Advanced,2024-10-25,1,Medium
E01871,SK037,8.5,Advanced,2025-05-14,0,Medium
E01872,SK017,8.6,Advanced,2025-12-08,1,Medium
E01872,SK023,6.1,Advanced,2025-10-12,1,Medium
E01872,SK024,2.8,Intermediate,2025-11-08,1,Low
E01872,SK026,3.8,Intermediate,2024-11-23,1,Low
E01872,SK028,5.5,Advanced,2026-01-19,1,Low
E01872,SK038,9.2,Advanced,2025-11-03,1,High
E01873,SK004,8.5,Advanced,2025-06-27,0,High
E01873,SK005,9.2,Advanced,2026-01-15,1,Medium
E01873,SK024,5.3,Advanced,2025-01-29,1,Medium
E01873,SK034,1.2,Beginner,2025-12-26,0,Low
E01874,SK001,3.2,Intermediate,2025-01-03,1,Low
E01874,SK012,1.8,Beginner,2025-03-16,0,Low
E01874,SK013,1.6,Beginner,2025-04-23,1,Low
E01874,SK017,10.3,Advanced,2025-01-13,1,High
E01874,SK024,5.0,Advanced,2025-11-17,1,Medium
E01875,SK011,0.6,Beginner,2025-09-07,0,Medium
E01875,SK014,0.5,Beginner,2025-02-15,0,Low
E01875,SK020,0.5,Beginner,2026-02-05,1,Low
E01875,SK022,1.0,Beginner,2024-11-15,1,High
E01876,SK011,2.8,Intermediate,2025-08-08,1,Low
E01876,SK030,1.7,Beginner,2025-04-27,1,Low
E01876,SK032,5.6,Advanced,2025-04-24,1,Medium
E01877,SK008,8.7,Advanced,2025-09-26,1,Medium
E01877,SK009,4.5,Advanced,2025-01-11,0,Medium
E01877,SK011,3.0,Intermediate,2025-03-10,0,Low
E01877,SK013,3.0,Intermediate,2025-06-15,1,Low
E01877,SK023,9.1,Advanced,2025-05-14,1,Medium
E01877,SK024,4.8,Advanced,2026-01-15,1,Medium
E01877,SK033,9.5,Advanced,2024-12-13,1,Medium
E01878,SK004,2.5,Intermediate,2024-12-21,0,Medium
E01878,SK027,3.0,Intermediate,2024-10-20,0,High
E01878,SK028,2.9,Intermediate,2026-01-12,0,High
E01879,SK009,2.2,Intermediate,2025-06-06,1,High
E01879,SK010,1.8,Beginner,2025-03-23,1,Medium
E01879,SK031,1.7,Beginner,2025-01-14,1,Medium
E01879,SK036,2.2,Intermediate,2025-12-20,1,High
E01880,SK021,3.3,Intermediate,2026-03-22,1,Low
E01880,SK023,3.8,Intermediate,2025-12-17,1,Medium
E01880,SK024,10.0,Advanced,2025-03-23,0,High
E01880,SK034,6.1,Advanced,2025-08-27,0,Medium
E01881,SK007,2.1,Intermediate,2024-12-20,1,Low
E01881,SK015,1.6,Beginner,2025-08-29,1,Low
E01882,SK004,6.3,Advanced,2025-10-21,0,High
E01882,SK008,1.3,Beginner,2025-07-09,1,Low
E01882,SK017,1.0,Beginner,2025-02-09,0,Low
E01882,SK031,5.2,Advanced,2025-01-16,1,Medium
E01883,SK007,1.4,Beginner,2025-11-05,1,Medium
E01883,SK012,1.4,Beginner,2024-10-11,1,Medium
E01883,SK015,0.7,Beginner,2026-02-25,1,Low
E01883,SK020,1.4,Beginner,2026-02-28,0,Medium
E01883,SK036,3.0,Intermediate,2025-10-11,1,High
E01884,SK022,4.9,Advanced,2026-01-15,1,High
E01884,SK025,3.1,Intermediate,2026-03-24,0,Medium
E01884,SK026,4.6,Advanced,2024-11-01,1,High
E01885,SK008,2.3,Intermediate,2026-03-17,0,Medium
E01885,SK009,5.0,Advanced,2025-09-20,1,Medium
E01885,SK011,3.1,Intermediate,2025-05-08,1,Medium
E01885,SK026,2.9,Intermediate,2025-06-13,1,Low
E01885,SK032,3.0,Intermediate,2025-03-20,1,Medium
E01886,SK019,1.2,Beginner,2025-03-30,0,Low
E01886,SK020,7.8,Advanced,2025-10-21,1,Medium
E01886,SK021,9.1,Advanced,2025-10-09,1,Medium
E01886,SK030,2.4,Intermediate,2024-12-04,0,Low
E01886,SK037,8.5,Advanced,2025-02-07,0,High
E01887,SK001,3.9,Intermediate,2025-08-27,1,Medium
E01887,SK013,4.6,Advanced,2024-12-17,1,Medium
E01887,SK015,5.8,Advanced,2024-10-20,0,High
E01887,SK029,7.0,Advanced,2024-12-13,0,High
E01888,SK008,2.1,Intermediate,2025-11-10,1,Medium
E01888,SK012,1.4,Beginner,2025-01-10,0,Medium
E01888,SK017,2.4,Intermediate,2024-11-23,1,Medium
E01888,SK023,2.7,Intermediate,2025-02-01,1,High
E01888,SK026,2.4,Intermediate,2025-05-18,1,Medium
E01888,SK032,1.0,Beginner,2024-10-14,1,Low
E01889,SK003,4.6,Advanced,2025-08-01,1,Medium
E01889,SK024,6.6,Advanced,2026-02-23,1,High
E01889,SK038,8.4,Advanced,2025-06-15,1,High
E01890,SK024,3.3,Intermediate,2025-04-22,0,Medium
E01890,SK025,7.0,Advanced,2025-08-30,1,High
E01890,SK037,2.8,Intermediate,2025-04-17,1,Medium
E01891,SK027,4.9,Advanced,2025-04-08,0,Medium
E01891,SK036,6.1,Advanced,2025-02-23,1,Medium
E01892,SK005,4.9,Advanced,2025-12-28,0,Low
E01892,SK020,7.3,Advanced,2026-01-17,1,Medium
E01892,SK023,8.3,Advanced,2025-09-01,1,Medium
E01892,SK024,9.2,Advanced,2024-11-23,1,High
E01892,SK026,9.0,Advanced,2025-08-26,1,Medium
E01892,SK029,10.1,Advanced,2025-01-26,0,Medium
E01893,SK001,2.8,Intermediate,2025-11-18,1,Medium
E01893,SK019,1.5,Beginner,2025-08-06,1,Medium
E01893,SK021,2.6,Intermediate,2026-02-04,0,Medium
E01893,SK022,2.8,Intermediate,2025-11-05,0,Medium
E01893,SK024,3.7,Intermediate,2025-02-23,0,High
E01893,SK026,3.2,Intermediate,2025-02-22,0,Medium
E01893,SK036,1.5,Beginner,2025-10-01,1,Medium
E01894,SK006,2.7,Intermediate,2025-09-02,1,High
E01894,SK007,1.6,Beginner,2026-02-20,0,Medium
E01894,SK020,0.5,Beginner,2024-11-15,1,Low
E01894,SK034,1.5,Beginner,2026-03-18,1,Medium
E01894,SK037,0.5,Beginner,2026-02-19,1,Low
E01895,SK001,0.5,Beginner,2026-02-21,0,Medium
E01895,SK011,0.5,Beginner,2024-10-17,1,High
E01895,SK013,0.5,Beginner,2025-08-28,1,Medium
E01895,SK014,0.5,Beginner,2025-08-10,1,High
E01895,SK018,0.5,Beginner,2025-11-10,0,Low
E01896,SK015,3.9,Intermediate,2025-11-29,0,Medium
E01896,SK016,0.5,Beginner,2025-10-13,1,Low
E01896,SK019,0.9,Beginner,2025-08-25,0,Low
E01896,SK035,2.6,Intermediate,2024-10-21,0,Medium
E01897,SK001,2.7,Intermediate,2026-02-18,0,High
E01897,SK009,2.4,Intermediate,2025-04-24,0,High
E01897,SK018,1.1,Beginner,2025-11-09,0,Medium
E01897,SK021,1.4,Beginner,2025-12-02,0,Medium
E01898,SK006,10.0,Advanced,2024-10-16,0,Medium
E01898,SK013,6.3,Advanced,2025-04-16,0,Medium
E01898,SK016,4.5,Advanced,2026-02-13,0,Low
E01898,SK033,6.6,Advanced,2025-06-08,0,Medium
E01898,SK034,4.0,Advanced,2025-07-08,0,Low
E01898,SK036,7.5,Advanced,2025-08-20,0,Medium
E01898,SK037,7.4,Advanced,2025-01-25,0,Medium
E01899,SK009,1.2,Beginner,2025-09-14,1,Medium
E01899,SK024,2.7,Intermediate,2025-10-04,0,High
E01899,SK027,3.0,Intermediate,2025-07-12,0,High
E01899,SK033,1.7,Beginner,2025-02-02,1,Medium
E01900,SK010,3.4,Intermediate,2024-10-29,1,Medium
E01900,SK023,1.6,Beginner,2025-05-21,0,Low
E01900,SK024,3.5,Intermediate,2025-06-05,1,Medium
E01900,SK038,4.6,Advanced,2025-03-05,1,Medium
E01901,SK013,4.0,Advanced,2025-11-12,1,High
E01901,SK015,3.2,Intermediate,2025-01-19,1,High
E01901,SK017,1.6,Beginner,2026-01-16,0,Medium
E01901,SK030,2.0,Intermediate,2025-05-21,0,Medium
E01902,SK019,9.7,Advanced,2025-10-25,0,High
E01902,SK020,5.3,Advanced,2025-11-19,1,Low
E01902,SK033,6.1,Advanced,2025-08-17,0,Medium
E01903,SK001,3.4,Intermediate,2024-11-26,0,Medium
E01903,SK006,3.9,Intermediate,2025-06-29,1,Medium
E01903,SK022,2.6,Intermediate,2025-12-01,1,Low
E01904,SK004,2.7,Intermediate,2025-10-18,1,High
E01904,SK006,1.8,Beginner,2025-06-24,1,Medium
E01904,SK012,1.3,Beginner,2026-01-24,0,Medium
E01905,SK009,2.4,Intermediate,2024-12-04,1,Medium
E01905,SK011,2.3,Intermediate,2025-08-24,0,Medium
E01905,SK022,2.4,Intermediate,2025-11-17,1,Medium
E01906,SK009,3.8,Intermediate,2026-01-24,0,Medium
E01906,SK011,3.0,Intermediate,2025-09-09,1,Medium
E01906,SK021,5.8,Advanced,2025-07-21,1,Medium
E01906,SK022,4.2,Advanced,2025-09-09,0,Medium
E01906,SK023,6.1,Advanced,2025-10-16,1,High
E01906,SK033,1.8,Beginner,2025-05-16,1,Low
E01907,SK003,1.5,Beginner,2025-01-21,0,Low
E01907,SK004,5.7,Advanced,2025-07-30,1,Medium
E01907,SK017,7.0,Advanced,2024-11-17,0,Medium
E01907,SK023,3.0,Intermediate,2025-05-25,0,Low
E01907,SK026,1.9,Beginner,2025-04-10,0,Low
E01907,SK027,7.4,Advanced,2025-01-16,0,High
E01907,SK032,2.1,Intermediate,2025-03-07,0,Low
E01907,SK034,6.3,Advanced,2025-02-08,1,Medium
E01908,SK004,8.0,Advanced,2026-01-19,1,High
E01908,SK005,5.0,Advanced,2025-10-17,1,Medium
E01908,SK009,2.8,Intermediate,2025-10-21,1,Low
E01908,SK024,7.2,Advanced,2025-04-09,1,High
E01908,SK037,1.1,Beginner,2024-10-13,1,Low
E01908,SK038,3.0,Intermediate,2025-08-06,1,Medium
E01909,SK001,0.7,Beginner,2024-10-29,0,Low
E01909,SK007,4.7,Advanced,2025-12-04,1,Medium
E01909,SK011,3.3,Intermediate,2025-06-27,1,Medium
E01909,SK013,2.5,Intermediate,2025-03-03,1,Low
E01909,SK019,2.8,Intermediate,2025-04-09,1,Medium
E01909,SK026,4.5,Advanced,2025-10-05,1,Medium
E01910,SK013,6.7,Advanced,2025-05-18,1,Medium
E01910,SK020,5.0,Advanced,2026-03-03,1,Medium
E01910,SK022,7.1,Advanced,2025-04-06,1,Medium
E01911,SK013,0.9,Beginner,2025-03-29,0,Low
E01911,SK015,0.7,Beginner,2025-09-26,1,Low
E01911,SK017,4.4,Advanced,2025-08-24,0,High
E01911,SK020,3.3,Intermediate,2024-12-31,1,Medium
E01911,SK035,2.4,Intermediate,2025-09-17,1,Low
E01912,SK002,5.2,Advanced,2025-08-13,0,High
E01912,SK004,1.6,Beginner,2024-10-24,0,Low
E01912,SK007,3.0,Intermediate,2025-12-01,0,Medium
E01912,SK008,1.0,Beginner,2026-02-19,0,Low
E01912,SK015,3.7,Intermediate,2024-11-05,0,Medium
E01912,SK033,1.3,Beginner,2025-11-03,0,Low
E01913,SK012,2.6,Intermediate,2025-04-09,1,Low
E01913,SK017,5.3,Advanced,2025-09-20,0,Medium
E01913,SK018,3.9,Intermediate,2025-01-31,0,Low
E01913,SK019,11.0,Advanced,2025-06-21,1,High
E01913,SK023,5.2,Advanced,2025-03-20,0,Medium
E01913,SK024,4.7,Advanced,2025-04-21,1,Medium
E01913,SK025,5.3,Advanced,2025-01-13,1,Low
E01913,SK029,4.3,Advanced,2025-12-05,0,Medium
E01914,SK012,0.5,Beginner,2025-07-12,0,Low
E01914,SK019,0.8,Beginner,2025-07-04,0,Medium
E01914,SK025,0.9,Beginner,2025-08-04,0,High
E01914,SK029,0.5,Beginner,2024-10-24,0,Medium
E01915,SK019,0.5,Beginner,2025-01-13,0,Medium
E01915,SK023,0.5,Beginner,2025-10-12,0,High
E01915,SK036,0.5,Beginner,2025-12-27,0,High
E01916,SK001,0.5,Beginner,2025-07-10,0,High
E01916,SK015,0.5,Beginner,2025-01-15,0,Low
E01916,SK024,0.5,Beginner,2025-05-03,0,Medium
E01916,SK029,0.5,Beginner,2025-04-17,0,High
E01917,SK006,2.2,Intermediate,2025-07-19,1,Medium
E01917,SK010,2.8,Intermediate,2025-04-02,0,Low
E01917,SK011,3.1,Intermediate,2026-03-15,0,Medium
E01917,SK027,4.5,Advanced,2025-12-20,1,Medium
E01918,SK008,7.3,Advanced,2025-03-09,0,Medium
E01918,SK009,6.7,Advanced,2024-10-31,1,Medium
E01918,SK011,4.2,Advanced,2025-12-10,0,Medium
E01918,SK013,9.0,Advanced,2025-09-26,0,High
E01919,SK011,5.1,Advanced,2025-04-11,1,High
E01919,SK013,5.5,Advanced,2025-03-01,1,Medium
E01920,SK001,0.5,Beginner,2025-06-16,0,Medium
E01920,SK010,0.6,Beginner,2024-10-10,0,Medium
E01920,SK016,0.7,Beginner,2025-12-01,0,Medium
E01921,SK011,1.0,Beginner,2024-10-22,0,Low
E01921,SK024,3.0,Intermediate,2026-03-03,0,High
E01921,SK027,2.4,Intermediate,2025-02-08,0,Medium
E01921,SK031,2.8,Intermediate,2024-11-22,0,High
E01921,SK036,1.2,Beginner,2025-09-25,0,Low
E01922,SK001,5.5,Advanced,2025-07-02,1,High
E01922,SK005,0.8,Beginner,2026-02-18,0,Low
E01922,SK019,4.6,Advanced,2025-11-29,0,Medium
E01922,SK034,1.3,Beginner,2025-06-19,1,Low
E01922,SK037,4.3,Advanced,2025-03-31,1,Medium
E01923,SK002,12.0,Advanced,2025-06-26,1,High
E01923,SK004,7.0,Advanced,2025-08-09,1,Medium
E01923,SK007,8.9,Advanced,2025-02-10,1,Medium
E01923,SK009,8.2,Advanced,2026-02-16,1,Medium
E01923,SK010,6.0,Advanced,2025-12-21,1,Medium
E01923,SK013,7.4,Advanced,2025-11-17,1,Medium
E01923,SK037,12.0,Advanced,2025-01-22,1,High
E01924,SK004,0.8,Beginner,2024-10-15,0,Medium
E01924,SK015,0.5,Beginner,2025-10-24,0,Low
E01924,SK024,1.0,Beginner,2024-10-19,0,High
E01925,SK002,2.8,Intermediate,2026-03-07,0,High
E01925,SK024,1.3,Beginner,2025-07-23,0,Medium
E01925,SK025,1.5,Beginner,2025-11-16,0,Medium
E01926,SK010,8.6,Advanced,2026-01-12,0,High
E01926,SK031,7.8,Advanced,2025-12-26,1,Medium
E01927,SK017,7.0,Advanced,2025-07-18,0,High
E01927,SK023,3.0,Intermediate,2025-12-03,0,Low
E01927,SK034,5.4,Advanced,2025-06-25,0,Medium
E01927,SK037,5.0,Advanced,2026-01-09,1,Medium
E01928,SK002,2.6,Intermediate,2025-03-03,0,Medium
E01928,SK004,5.4,Advanced,2025-06-02,1,High
E01928,SK006,3.5,Intermediate,2025-11-12,0,Medium
E01928,SK008,3.0,Intermediate,2026-02-20,1,Medium
E01928,SK027,5.0,Advanced,2025-05-24,1,Medium
E01928,SK033,3.9,Intermediate,2024-10-20,1,Medium
E01928,SK034,2.9,Intermediate,2025-12-16,0,Medium
E01929,SK001,2.1,Intermediate,2025-10-07,1,Low
E01929,SK003,10.6,Advanced,2025-02-21,1,Medium
E01929,SK004,5.9,Advanced,2025-06-22,1,Low
E01929,SK005,8.5,Advanced,2025-07-24,1,Low
E01929,SK008,13.4,Advanced,2025-06-15,1,Medium
E01929,SK018,6.6,Advanced,2025-10-27,1,Medium
E01929,SK032,6.2,Advanced,2026-01-02,0,Low
E01930,SK006,0.5,Beginner,2025-10-02,1,Medium
E01930,SK011,0.5,Beginner,2024-10-27,1,Medium
E01930,SK014,0.5,Beginner,2025-02-22,1,High
E01930,SK017,0.5,Beginner,2025-04-04,1,Medium
E01931,SK001,4.2,Advanced,2025-01-02,0,Low
E01931,SK002,5.9,Advanced,2026-03-02,0,Medium
E01931,SK005,2.5,Intermediate,2025-02-09,0,Low
E01931,SK006,4.6,Advanced,2025-02-15,0,Medium
E01931,SK013,4.4,Advanced,2025-10-19,0,Low
E01931,SK037,8.8,Advanced,2024-12-08,0,High
E01932,SK005,1.7,Beginner,2025-10-12,0,Low
E01932,SK006,3.8,Intermediate,2025-05-27,1,Medium
E01932,SK008,5.5,Advanced,2026-01-23,1,High
E01932,SK010,2.7,Intermediate,2025-02-24,0,Medium
E01932,SK022,1.5,Beginner,2025-07-09,0,Low
E01932,SK029,4.1,Advanced,2025-08-25,1,Medium
E01932,SK033,3.4,Intermediate,2025-07-19,0,Medium
E01933,SK016,9.3,Advanced,2025-03-29,1,Medium
E01933,SK024,5.3,Advanced,2025-12-17,1,Low
E01933,SK033,5.2,Advanced,2024-12-02,1,Medium
E01933,SK034,1.4,Beginner,2024-10-29,0,Low
E01934,SK009,14.2,Advanced,2024-12-28,1,Medium
E01934,SK020,7.6,Advanced,2025-08-23,1,Low
E01934,SK021,14.0,Advanced,2025-01-02,1,High
E01934,SK025,11.5,Advanced,2025-06-07,0,Medium
E01934,SK030,11.5,Advanced,2025-08-16,1,Medium
E01934,SK034,5.4,Advanced,2025-09-19,1,Low
E01935,SK002,1.9,Beginner,2025-09-25,0,Medium
E01935,SK015,1.7,Beginner,2025-04-19,1,Medium
E01935,SK024,0.5,Beginner,2025-04-30,0,Low
E01935,SK027,2.3,Intermediate,2025-03-12,0,High
E01936,SK008,4.0,Advanced,2024-12-23,1,Medium
E01936,SK017,5.8,Advanced,2026-03-23,1,Medium
E01936,SK022,7.4,Advanced,2025-02-04,1,Medium
E01936,SK025,9.8,Advanced,2026-02-10,0,High
E01936,SK030,1.7,Beginner,2025-03-01,1,Low
E01936,SK038,6.4,Advanced,2025-05-02,1,Medium
E01937,SK011,2.9,Intermediate,2025-12-09,1,Medium
E01937,SK025,3.8,Intermediate,2026-02-06,1,Medium
E01937,SK026,6.1,Advanced,2024-11-23,1,High
E01937,SK028,3.7,Intermediate,2025-09-28,1,Medium
E01938,SK012,3.0,Intermediate,2025-09-09,1,Low
E01938,SK019,5.7,Advanced,2026-01-08,1,High
E01938,SK022,6.0,Advanced,2025-06-04,1,High
E01938,SK023,2.5,Intermediate,2025-02-04,1,Low
E01938,SK026,2.8,Intermediate,2025-01-10,0,Low
E01939,SK005,4.8,Advanced,2026-01-12,0,Medium
E01939,SK017,4.8,Advanced,2025-07-29,0,Medium
E01939,SK025,4.5,Advanced,2025-12-26,0,High
E01939,SK026,1.4,Beginner,2025-10-22,0,Low
E01940,SK021,3.4,Intermediate,2025-10-22,0,Low
E01940,SK022,2.9,Intermediate,2024-10-24,0,Low
E01940,SK023,3.2,Intermediate,2024-10-15,0,Low
E01940,SK025,1.9,Beginner,2025-09-03,0,Low
E01941,SK003,0.5,Beginner,2025-06-22,0,Medium
E01941,SK004,0.5,Beginner,2025-06-10,0,Low
E01941,SK006,0.5,Beginner,2024-12-10,0,Medium
E01941,SK023,0.5,Beginner,2026-03-11,1,High
E01941,SK026,0.5,Beginner,2025-05-05,1,High
E01942,SK005,3.9,Intermediate,2024-11-12,0,High
E01942,SK009,3.1,Intermediate,2025-10-31,1,High
E01942,SK012,2.5,Intermediate,2025-10-09,1,Medium
E01942,SK022,3.2,Intermediate,2025-05-19,1,Medium
E01943,SK013,3.7,Intermediate,2025-03-29,1,High
E01943,SK020,1.8,Beginner,2025-01-20,0,Low
E01943,SK021,4.5,Advanced,2026-01-16,1,High
E01943,SK024,2.6,Intermediate,2025-07-10,1,Medium
E01943,SK026,2.1,Intermediate,2026-03-06,0,Low
E01943,SK029,2.2,Intermediate,2025-07-27,1,Low
E01944,SK013,5.5,Advanced,2025-11-30,0,Medium
E01944,SK017,3.6,Intermediate,2025-11-03,0,Medium
E01944,SK021,5.0,Advanced,2025-12-27,1,Medium
E01944,SK025,7.3,Advanced,2024-10-17,0,Medium
E01944,SK037,1.6,Beginner,2025-08-02,0,Low
E01945,SK002,2.8,Intermediate,2025-08-16,0,High
E01945,SK007,3.0,Intermediate,2025-09-19,1,High
E01946,SK015,0.7,Beginner,2025-05-16,0,Low
E01946,SK028,2.2,Intermediate,2025-02-26,1,Medium
E01947,SK004,4.4,Advanced,2025-08-25,0,Low
E01947,SK005,2.1,Intermediate,2025-01-26,0,Low
E01947,SK010,8.1,Advanced,2026-02-09,1,Medium
E01947,SK011,1.6,Beginner,2025-04-22,0,Low
E01947,SK018,11.0,Advanced,2025-09-23,1,High
E01947,SK020,2.1,Intermediate,2025-12-05,0,Low
E01947,SK029,4.0,Advanced,2025-06-25,0,Medium
E01947,SK032,10.5,Advanced,2025-12-15,1,High
E01948,SK004,3.2,Intermediate,2026-01-03,1,High
E01948,SK008,2.1,Intermediate,2025-09-27,1,Medium
E01948,SK009,1.6,Beginner,2025-06-06,1,Low
E01948,SK034,1.5,Beginner,2026-01-21,0,Low
E01948,SK037,4.0,Advanced,2025-05-04,1,High
E01948,SK038,2.8,Intermediate,2024-12-05,1,Medium
E01949,SK019,0.5,Beginner,2025-08-11,1,Medium
E01949,SK022,0.5,Beginner,2025-12-20,0,Low
E01949,SK023,0.5,Beginner,2025-09-30,0,Low
E01950,SK009,3.3,Intermediate,2025-02-05,0,Medium
E01950,SK011,8.7,Advanced,2025-04-28,0,High
E01950,SK017,5.3,Advanced,2025-04-14,0,Medium
E01950,SK024,2.8,Intermediate,2025-04-13,0,Low
E01950,SK028,7.0,Advanced,2025-05-04,0,Medium
E01950,SK030,4.5,Advanced,2024-10-17,0,Medium
E01950,SK034,4.7,Advanced,2025-07-09,0,Medium
E01951,SK001,8.1,Advanced,2025-04-15,0,Medium
E01952,SK001,2.2,Intermediate,2024-11-01,1,Medium
E01952,SK013,1.4,Beginner,2025-09-22,1,Low
E01952,SK016,2.6,Intermediate,2025-10-18,1,High
E01952,SK017,3.0,Intermediate,2025-01-24,0,High
E01952,SK028,0.7,Beginner,2025-04-12,0,Low
E01953,SK011,2.1,Intermediate,2025-01-11,1,Low
E01953,SK015,6.8,Advanced,2026-01-04,1,Medium
E01953,SK017,6.3,Advanced,2024-10-18,1,High
E01953,SK025,2.4,Intermediate,2025-02-08,1,Low
E01953,SK029,1.3,Beginner,2025-05-30,1,Low
E01953,SK033,3.7,Intermediate,2025-07-07,0,Medium
E01953,SK034,6.5,Advanced,2025-10-11,1,Medium
E01954,SK019,11.0,Advanced,2025-02-28,1,High
E01954,SK024,1.3,Beginner,2025-12-23,0,Low
E01954,SK026,2.2,Intermediate,2026-03-01,1,Low
E01954,SK027,6.1,Advanced,2025-06-12,1,Medium
E01955,SK004,2.3,Intermediate,2025-04-07,1,Low
E01955,SK011,5.2,Advanced,2025-01-06,0,High
E01955,SK018,2.4,Intermediate,2026-03-15,1,Low
E01955,SK021,4.9,Advanced,2025-10-23,0,Medium
E01955,SK022,2.8,Intermediate,2025-10-30,1,Medium
E01955,SK023,2.9,Intermediate,2025-02-14,1,Medium
E01955,SK024,5.0,Advanced,2025-12-31,1,Medium
E01955,SK036,2.3,Intermediate,2026-03-04,1,Medium
E01956,SK015,0.5,Beginner,2024-12-27,1,High
E01956,SK017,0.5,Beginner,2025-12-02,1,High
E01956,SK022,0.5,Beginner,2025-07-31,0,Medium
E01957,SK002,1.4,Beginner,2025-08-17,0,Medium
E01957,SK011,1.2,Beginner,2024-11-01,1,Medium
E01957,SK017,1.6,Beginner,2025-07-26,0,Medium
E01957,SK028,1.3,Beginner,2025-01-23,1,Medium
E01958,SK011,8.3,Advanced,2025-05-30,0,High
E01958,SK015,4.4,Advanced,2025-06-23,0,Low
E01958,SK024,7.6,Advanced,2026-01-31,0,High
E01958,SK037,4.0,Advanced,2025-02-18,0,Low
E01959,SK008,5.9,Advanced,2024-11-21,0,Medium
E01959,SK012,1.2,Beginner,2024-10-11,0,Low
E01959,SK017,4.2,Advanced,2026-03-19,0,Medium
E01959,SK036,2.0,Intermediate,2024-12-29,0,Low
E01960,SK008,2.6,Intermediate,2025-04-21,0,Low
E01960,SK021,4.4,Advanced,2025-06-29,0,Low
E01960,SK023,4.2,Advanced,2026-01-20,0,Low
E01960,SK027,12.0,Advanced,2025-03-13,1,High
E01960,SK035,2.4,Intermediate,2024-10-23,0,Low
E01960,SK037,8.4,Advanced,2025-01-28,0,Medium
E01961,SK024,5.8,Advanced,2025-09-17,1,High
E01961,SK026,2.0,Intermediate,2025-01-04,1,Low
E01961,SK032,5.1,Advanced,2025-07-05,0,High
E01962,SK004,1.5,Beginner,2025-02-02,1,Low
E01962,SK005,6.6,Advanced,2025-09-21,1,Medium
E01962,SK007,2.5,Intermediate,2026-03-11,1,Low
E01962,SK010,6.6,Advanced,2024-12-07,1,Medium
E01962,SK013,12.0,Advanced,2025-04-28,1,High
E01962,SK018,3.7,Intermediate,2025-03-06,1,Low
E01962,SK033,7.0,Advanced,2025-02-22,1,Medium
E01962,SK038,2.1,Intermediate,2025-09-17,1,Low
E01963,SK002,4.3,Advanced,2025-03-22,0,Medium
E01963,SK003,3.1,Intermediate,2026-01-13,0,Medium
E01963,SK013,4.0,Advanced,2024-11-09,0,Low
E01963,SK014,2.8,Intermediate,2025-09-30,0,Low
E01963,SK020,8.0,Advanced,2025-01-07,0,High
E01964,SK001,3.5,Intermediate,2025-01-04,1,Medium
E01964,SK004,4.4,Advanced,2026-02-22,1,Medium
E01964,SK007,2.8,Intermediate,2025-05-03,0,Medium
E01964,SK010,2.5,Intermediate,2024-11-24,0,Medium
E01964,SK035,2.7,Intermediate,2024-12-09,1,Medium
E01964,SK036,4.2,Advanced,2025-04-13,1,Medium
E01965,SK001,4.9,Advanced,2025-03-29,1,Medium
E01965,SK011,4.3,Advanced,2025-06-05,1,Medium
E01965,SK013,3.3,Intermediate,2024-11-16,1,Medium
E01965,SK014,0.8,Beginner,2025-01-21,0,Low
E01965,SK023,5.1,Advanced,2025-08-28,0,High
E01966,SK007,2.5,Intermediate,2025-09-11,0,Low
E01966,SK009,12.4,Advanced,2025-01-13,0,Medium
E01966,SK013,5.8,Advanced,2025-04-06,1,Medium
E01966,SK022,13.0,Advanced,2025-03-20,1,Medium
E01966,SK023,12.4,Advanced,2026-03-01,1,Medium
E01966,SK024,12.8,Advanced,2025-06-04,1,Medium
E01966,SK025,15.6,Advanced,2025-10-03,0,High
E01966,SK026,6.6,Advanced,2025-09-10,1,Low
E01967,SK001,2.6,Intermediate,2025-10-18,1,High
E01967,SK012,1.9,Beginner,2026-01-29,1,Medium
E01967,SK018,1.3,Beginner,2025-02-08,0,Medium
E01967,SK037,1.0,Beginner,2026-03-10,1,Low
E01968,SK016,0.5,Beginner,2025-04-26,1,Low
E01968,SK024,0.5,Beginner,2025-10-31,0,Low
E01968,SK030,0.5,Beginner,2025-12-14,1,High
E01969,SK018,4.8,Advanced,2025-07-01,0,Medium
E01969,SK019,7.0,Advanced,2024-11-21,0,High
E01969,SK023,7.0,Advanced,2026-03-24,0,High
E01969,SK037,4.2,Advanced,2025-11-01,0,Medium
E01970,SK001,1.0,Beginner,2025-02-01,1,Low
E01970,SK016,1.0,Beginner,2025-11-01,0,Low
E01970,SK017,9.0,Advanced,2025-04-28,1,High
E01970,SK028,8.3,Advanced,2025-10-04,0,High
E01970,SK031,7.0,Advanced,2025-12-04,1,Medium
E01970,SK036,7.4,Advanced,2024-12-07,0,Medium
E01971,SK010,4.0,Advanced,2025-04-19,1,Medium
E01971,SK011,5.0,Advanced,2026-02-10,1,High
E01971,SK014,2.9,Intermediate,2026-03-16,0,Medium
E01971,SK030,3.4,Intermediate,2025-12-05,1,Medium
E01972,SK023,3.0,Intermediate,2025-11-10,0,High
E01972,SK024,0.5,Beginner,2025-07-08,1,Low
E01972,SK025,3.0,Intermediate,2025-01-06,0,High
E01972,SK026,2.0,Intermediate,2025-02-12,0,Medium
E01972,SK034,2.5,Intermediate,2026-02-24,0,Medium
E01973,SK011,0.5,Beginner,2025-11-03,0,High
E01973,SK014,0.5,Beginner,2025-04-18,0,Low
E01973,SK036,0.5,Beginner,2026-03-20,0,Medium
E01974,SK011,0.5,Beginner,2024-11-19,1,Low
E01974,SK027,0.5,Beginner,2026-01-05,1,High
E01974,SK034,0.5,Beginner,2025-11-01,0,Low
E01975,SK003,0.6,Beginner,2025-09-03,1,Low
E01975,SK015,2.5,Intermediate,2025-12-05,1,Medium
E01975,SK017,6.0,Advanced,2025-02-12,1,High
E01975,SK031,2.9,Intermediate,2025-02-25,1,Low
E01975,SK035,3.6,Intermediate,2025-05-13,1,Medium
E01975,SK036,1.6,Beginner,2026-02-26,0,Low
E01976,SK017,1.6,Beginner,2025-07-09,0,Medium
E01976,SK024,3.0,Intermediate,2025-01-03,0,High
E01976,SK033,1.2,Beginner,2025-02-25,0,Medium
E01976,SK036,2.1,Intermediate,2025-12-06,0,Medium
E01977,SK002,2.0,Intermediate,2025-08-11,1,Medium
E01977,SK007,2.9,Intermediate,2025-05-05,0,High
E01977,SK011,1.3,Beginner,2025-11-13,1,Low
E01977,SK031,2.4,Intermediate,2025-09-12,1,Medium
E01978,SK005,2.3,Intermediate,2026-02-24,0,Low
E01978,SK014,6.1,Advanced,2025-11-05,1,Medium
E01978,SK024,1.5,Beginner,2026-03-06,0,Low
E01978,SK028,3.2,Intermediate,2025-07-09,1,Low
E01979,SK012,1.9,Beginner,2025-12-25,0,High
E01979,SK021,1.4,Beginner,2025-08-13,0,Medium
E01979,SK022,1.9,Beginner,2024-10-26,0,High
E01980,SK004,5.4,Advanced,2025-03-03,1,Medium
E01980,SK005,6.1,Advanced,2026-02-16,0,High
E01980,SK010,2.9,Intermediate,2025-10-30,1,Medium
E01980,SK013,2.6,Intermediate,2025-06-16,1,Low
E01980,SK014,5.1,Advanced,2025-05-09,1,Medium
E01981,SK006,0.5,Beginner,2025-05-05,0,Low
E01981,SK010,0.5,Beginner,2025-09-20,0,Low
E01981,SK024,0.7,Beginner,2024-12-22,1,Medium
E01981,SK038,0.8,Beginner,2024-11-26,1,Medium
E01982,SK011,5.6,Advanced,2026-02-04,1,Medium
E01982,SK014,6.4,Advanced,2026-01-31,1,Medium
E01982,SK017,3.6,Intermediate,2026-01-28,1,Medium
E01982,SK018,3.4,Intermediate,2026-02-01,1,Low
E01982,SK022,6.0,Advanced,2025-02-12,0,Medium
E01982,SK023,6.4,Advanced,2025-07-25,1,High
E01983,SK001,4.2,Advanced,2025-08-03,0,High
E01983,SK002,5.0,Advanced,2025-03-21,1,High
E01983,SK033,1.8,Beginner,2025-12-20,1,Low
E01983,SK037,2.8,Intermediate,2025-08-29,1,Medium
E01984,SK004,2.1,Intermediate,2025-07-07,1,Medium
E01984,SK006,2.7,Intermediate,2025-01-11,1,Medium
E01984,SK011,6.0,Advanced,2025-10-29,1,High
E01984,SK013,3.1,Intermediate,2025-04-23,1,Medium
E01984,SK021,1.3,Beginner,2024-10-24,1,Low
E01985,SK008,0.6,Beginner,2024-12-04,1,Medium
E01985,SK013,0.7,Beginner,2025-03-09,1,Medium
E01985,SK024,0.7,Beginner,2025-10-20,1,Medium
E01986,SK008,3.1,Intermediate,2025-02-12,0,Medium
E01986,SK010,7.0,Advanced,2025-07-01,1,High
E01986,SK012,6.3,Advanced,2025-04-18,0,High
E01986,SK013,4.6,Advanced,2025-03-13,0,Medium
E01986,SK019,1.7,Beginner,2025-02-18,0,Low
E01987,SK015,2.0,Intermediate,2026-03-01,1,Low
E01987,SK018,4.9,Advanced,2025-05-18,1,Medium
E01987,SK021,2.0,Intermediate,2025-02-04,1,Low
E01987,SK025,5.8,Advanced,2026-01-20,1,High
E01987,SK026,2.7,Intermediate,2026-03-20,1,Low
E01987,SK031,4.4,Advanced,2025-11-03,0,Medium
E01988,SK002,6.5,Advanced,2024-12-19,1,Medium
E01988,SK004,7.2,Advanced,2025-11-16,0,Medium
E01988,SK007,4.2,Advanced,2025-11-27,1,Medium
E01988,SK008,11.0,Advanced,2025-10-19,1,High
E01988,SK010,4.2,Advanced,2025-04-23,1,Medium
E01988,SK011,6.8,Advanced,2025-03-19,1,Medium
E01988,SK016,3.6,Intermediate,2025-08-07,0,Low
E01988,SK036,7.8,Advanced,2025-05-11,1,Medium
E01988,SK037,6.9,Advanced,2026-02-13,1,Medium
E01989,SK001,0.5,Beginner,2025-06-08,1,Low
E01989,SK004,0.5,Beginner,2024-11-07,1,High
E01990,SK002,3.5,Intermediate,2025-06-21,0,High
E01990,SK024,5.0,Advanced,2025-01-16,1,High
E01990,SK038,3.9,Intermediate,2026-01-12,1,Medium
E01991,SK024,1.1,Beginner,2025-05-25,0,Medium
E01991,SK027,2.4,Intermediate,2024-11-14,1,High
E01991,SK029,2.0,Intermediate,2025-04-27,0,Medium
E01991,SK037,1.2,Beginner,2025-05-09,1,Low
E01992,SK006,6.5,Advanced,2024-10-08,0,High
E01992,SK011,5.7,Advanced,2026-01-16,0,Medium
E01992,SK020,2.6,Intermediate,2025-10-07,0,Low
E01992,SK022,5.9,Advanced,2025-12-03,0,High
E01992,SK024,1.2,Beginner,2025-10-18,0,Low
E01992,SK026,3.4,Intermediate,2025-01-22,0,Low
E01993,SK023,0.5,Beginner,2025-05-22,1,Low
E01993,SK033,1.0,Beginner,2025-08-07,1,High
E01994,SK002,1.4,Beginner,2025-01-17,0,Low
E01994,SK004,3.0,Intermediate,2025-09-30,1,High
E01994,SK009,2.2,Intermediate,2024-10-17,0,Medium
E01994,SK011,2.5,Intermediate,2025-04-20,0,High
E01994,SK013,1.6,Beginner,2024-12-07,1,Medium
E01995,SK003,4.9,Advanced,2025-05-24,0,Medium
E01995,SK004,2.7,Intermediate,2026-03-01,0,Low
E01995,SK009,6.1,Advanced,2025-11-13,0,Medium
E01996,SK005,1.7,Beginner,2025-08-21,0,Low
E01996,SK006,8.5,Advanced,2026-03-14,1,High
E01996,SK007,2.2,Intermediate,2025-04-27,1,Low
E01996,SK009,9.6,Advanced,2025-07-27,1,High
E01996,SK024,3.4,Intermediate,2026-01-01,1,Low
E01996,SK036,4.1,Advanced,2025-09-13,0,Medium
E01997,SK001,2.3,Intermediate,2025-03-16,1,Medium
E01997,SK011,6.0,Advanced,2024-10-11,1,High
E01997,SK017,3.2,Intermediate,2025-10-23,1,Medium
E01997,SK022,3.0,Intermediate,2026-01-17,1,Low
E01997,SK025,2.3,Intermediate,2025-01-21,1,Low
E01997,SK030,2.1,Intermediate,2024-10-08,1,Low
E01998,SK013,6.1,Advanced,2025-10-21,0,Medium
E01998,SK022,11.0,Advanced,2025-04-29,1,High
E01998,SK035,7.3,Advanced,2025-04-05,1,Medium
E01999,SK015,1.8,Beginner,2025-03-13,1,High
E01999,SK023,1.5,Beginner,2024-11-09,1,Medium
E02000,SK007,8.0,Advanced,2024-11-13,1,High
E02000,SK020,2.9,Intermediate,2024-10-14,0,Medium
E02000,SK024,8.0,Advanced,2025-01-24,0,High
E02000,SK037,4.0,Advanced,2025-03-26,0,Medium
E02001,SK002,1.2,Beginner,2025-05-08,1,Medium
E02001,SK021,2.5,Intermediate,2025-05-25,0,High
E02001,SK022,2.7,Intermediate,2025-02-24,0,High
E02001,SK023,1.3,Beginner,2025-01-20,0,Medium
E02001,SK026,2.4,Intermediate,2025-08-14,1,Medium
E02002,SK005,3.5,Intermediate,2025-11-09,1,Low
E02002,SK010,6.4,Advanced,2025-11-02,0,Medium
E02002,SK024,10.0,Advanced,2026-02-26,1,High
E02002,SK025,6.6,Advanced,2025-05-09,1,Medium
E02002,SK029,7.5,Advanced,2025-09-29,1,Medium
E02003,SK028,1.6,Beginner,2025-05-06,1,Medium
E02004,SK005,1.5,Beginner,2025-12-25,1,Low
E02004,SK011,7.0,Advanced,2026-02-24,1,High
E02004,SK028,4.4,Advanced,2026-01-26,0,Medium
E02004,SK036,6.6,Advanced,2025-09-16,1,High
E02004,SK037,5.5,Advanced,2024-11-04,1,Medium
E02005,SK010,2.2,Intermediate,2025-06-20,0,Medium
E02005,SK027,2.8,Intermediate,2024-10-15,1,High
E02005,SK032,1.7,Beginner,2025-04-20,0,Medium
E02005,SK036,0.5,Beginner,2025-02-11,1,Low
E02006,SK001,1.0,Beginner,2025-08-12,0,High
E02006,SK016,0.6,Beginner,2025-07-21,0,Medium
E02006,SK018,0.5,Beginner,2024-12-07,0,Low
E02006,SK029,0.5,Beginner,2026-03-23,0,Medium
E02007,SK004,3.4,Intermediate,2026-03-18,1,High
E02007,SK005,1.2,Beginner,2025-10-02,1,Low
E02007,SK028,2.3,Intermediate,2025-06-17,1,Medium
E02008,SK011,3.0,Intermediate,2025-08-16,0,Low
E02008,SK014,5.7,Advanced,2025-08-26,0,Medium
E02008,SK020,6.2,Advanced,2024-11-15,0,Medium
E02008,SK022,2.5,Intermediate,2025-03-03,0,Low
E02008,SK026,6.5,Advanced,2024-11-26,0,High
E02009,SK012,0.5,Beginner,2025-02-09,0,Low
E02009,SK028,0.5,Beginner,2025-02-05,0,High
E02010,SK018,0.5,Beginner,2025-04-04,0,Low
E02010,SK023,0.5,Beginner,2025-07-07,0,High
E02011,SK007,1.2,Beginner,2025-11-15,0,Low
E02011,SK011,3.1,Intermediate,2026-02-20,0,Medium
E02011,SK029,3.0,Intermediate,2026-02-07,0,Medium
E02011,SK030,5.5,Advanced,2025-11-12,0,High
E02012,SK004,2.2,Intermediate,2025-01-28,1,Low
E02012,SK015,13.0,Advanced,2025-04-01,1,High
E02012,SK018,2.1,Intermediate,2024-11-29,1,Low
E02012,SK020,10.1,Advanced,2025-03-23,0,Medium
E02012,SK024,5.0,Advanced,2025-11-16,0,Medium
E02012,SK025,8.5,Advanced,2025-01-12,0,Medium
E02012,SK026,9.2,Advanced,2025-12-29,0,Medium
E02013,SK022,5.4,Advanced,2025-03-20,1,High
E02013,SK036,7.0,Advanced,2025-12-13,1,High
E02014,SK001,4.6,Advanced,2025-05-27,0,Low
E02014,SK004,12.0,Advanced,2025-12-26,0,High
E02014,SK027,5.5,Advanced,2025-11-15,0,Low
E02014,SK036,4.9,Advanced,2025-10-11,0,Medium
E02015,SK013,0.5,Beginner,2025-10-07,0,Low
E02015,SK018,0.5,Beginner,2025-03-11,0,Medium
E02015,SK024,0.6,Beginner,2025-09-12,0,Medium
E02015,SK029,0.7,Beginner,2025-01-01,0,High
E02016,SK015,11.0,Advanced,2024-12-01,0,High
E02016,SK016,9.3,Advanced,2024-10-27,0,Medium
E02016,SK020,11.0,Advanced,2025-10-04,0,High
E02016,SK033,3.9,Intermediate,2026-01-01,0,Low
E02017,SK016,2.4,Intermediate,2025-05-07,1,Low
E02017,SK017,1.1,Beginner,2025-11-04,1,Low
E02017,SK019,1.8,Beginner,2025-11-09,0,Low
E02017,SK021,1.3,Beginner,2025-10-20,1,Low
E02017,SK022,4.5,Advanced,2026-02-07,1,High
E02018,SK009,1.2,Beginner,2025-02-12,1,Medium
E02018,SK017,1.6,Beginner,2024-10-21,1,Medium
E02018,SK023,0.8,Beginner,2025-10-09,1,Medium
E02018,SK024,2.0,Intermediate,2025-08-05,1,High
E02018,SK036,0.7,Beginner,2025-03-22,0,Low
E02019,SK005,10.7,Advanced,2026-02-11,0,High
E02019,SK018,4.3,Advanced,2025-01-13,0,Medium
E02019,SK025,5.4,Advanced,2025-05-07,0,Medium
E02019,SK034,4.8,Advanced,2024-12-17,0,Low
E02019,SK038,3.2,Intermediate,2025-06-28,0,Low
E02020,SK005,7.8,Advanced,2025-09-23,0,Medium
E02020,SK013,9.3,Advanced,2025-01-28,0,Medium
E02020,SK022,8.7,Advanced,2024-12-18,0,High
E02020,SK024,9.4,Advanced,2026-02-15,0,Medium
E02020,SK034,4.3,Advanced,2025-01-15,0,Medium
E02020,SK037,5.8,Advanced,2025-09-01,0,Low
E02021,SK011,0.5,Beginner,2025-01-26,1,High
E02021,SK013,0.5,Beginner,2026-01-02,1,Low
E02021,SK023,0.5,Beginner,2025-12-13,1,Medium
E02021,SK024,0.5,Beginner,2025-05-19,0,High
E02022,SK005,2.1,Intermediate,2025-06-12,0,Medium
E02022,SK009,0.5,Beginner,2026-02-20,0,Low
E02022,SK010,0.9,Beginner,2025-09-10,0,Low
E02022,SK030,0.9,Beginner,2025-12-23,0,Low
E02023,SK003,6.2,Advanced,2025-08-02,0,Medium
E02023,SK011,5.6,Advanced,2025-07-02,1,Low
E02023,SK023,6.6,Advanced,2026-03-09,0,Medium
E02024,SK017,3.0,Intermediate,2025-11-26,1,High
E02025,SK009,7.2,Advanced,2026-02-04,0,Medium
E02025,SK011,11.0,Advanced,2025-08-27,1,High
E02025,SK027,5.0,Advanced,2024-10-29,0,Medium
E02026,SK006,0.5,Beginner,2025-03-31,0,Medium
E02026,SK019,0.5,Beginner,2026-01-01,0,Medium
E02026,SK021,0.5,Beginner,2024-11-01,0,High
E02027,SK007,2.3,Intermediate,2025-12-18,1,High
E02027,SK023,1.4,Beginner,2025-01-20,1,Low
E02027,SK025,2.4,Intermediate,2025-03-23,1,Medium
E02028,SK013,3.0,Intermediate,2025-09-17,0,Medium
E02028,SK015,6.0,Advanced,2024-11-11,1,High
E02028,SK016,3.1,Intermediate,2025-08-07,0,Low
E02028,SK017,7.0,Advanced,2025-06-06,0,High
E02029,SK001,3.0,Intermediate,2024-12-08,0,Medium
E02029,SK002,6.4,Advanced,2026-01-19,0,High
E02029,SK004,5.5,Advanced,2025-10-18,1,Medium
E02029,SK024,4.1,Advanced,2025-08-14,0,Medium
E02029,SK029,3.9,Intermediate,2025-11-07,1,Medium
E02029,SK035,5.9,Advanced,2025-03-03,1,Medium
E02030,SK001,4.8,Advanced,2025-10-13,0,Medium
E02030,SK002,2.3,Intermediate,2026-01-29,1,Medium
E02030,SK006,4.2,Advanced,2025-03-02,0,High
E02030,SK007,4.5,Advanced,2024-10-23,1,High
E02030,SK008,2.5,Intermediate,2026-02-06,0,Medium
E02030,SK034,1.8,Beginner,2025-05-29,1,Low
E02031,SK008,0.5,Beginner,2025-05-30,0,Medium
E02031,SK027,0.5,Beginner,2024-12-13,0,Medium
E02031,SK030,0.5,Beginner,2025-11-07,1,Medium
E02031,SK034,0.5,Beginner,2025-06-06,1,High
E02032,SK001,0.5,Beginner,2025-03-02,0,High
E02032,SK015,0.5,Beginner,2025-11-21,0,Medium
E02032,SK032,0.5,Beginner,2025-04-01,0,Low
E02033,SK005,0.8,Beginner,2024-10-20,0,Medium
E02033,SK013,1.5,Beginner,2024-11-12,1,High
E02034,SK004,4.8,Advanced,2025-12-20,1,High
E02034,SK013,4.6,Advanced,2025-05-12,1,High
E02034,SK031,3.5,Intermediate,2026-03-20,1,Medium
E02034,SK032,3.4,Intermediate,2025-09-18,0,Medium
E02035,SK007,0.5,Beginner,2024-10-08,0,Low
E02035,SK014,0.5,Beginner,2026-01-11,0,Low
E02035,SK018,0.8,Beginner,2025-12-09,0,High
E02035,SK024,0.8,Beginner,2026-02-03,0,High
E02036,SK002,1.8,Beginner,2026-02-17,0,Low
E02036,SK005,5.0,Advanced,2025-10-07,1,High
E02036,SK009,2.2,Intermediate,2025-08-29,1,Medium
E02036,SK025,2.7,Intermediate,2026-02-05,1,Medium
E02036,SK027,2.9,Intermediate,2025-01-24,1,Medium
E02036,SK036,2.2,Intermediate,2024-10-12,1,Medium
E02037,SK017,3.4,Intermediate,2026-03-05,1,High
E02037,SK024,3.7,Intermediate,2026-03-18,1,High
E02037,SK025,1.7,Beginner,2025-06-02,0,Low
E02037,SK032,3.4,Intermediate,2025-12-25,1,Medium
E02038,SK023,5.0,Advanced,2025-04-18,0,High
E02038,SK025,2.3,Intermediate,2024-11-11,0,Low
E02038,SK029,2.4,Intermediate,2025-11-26,0,Low
E02039,SK009,0.5,Beginner,2024-11-06,1,Medium
E02039,SK015,0.5,Beginner,2025-02-23,0,Low
E02039,SK020,0.5,Beginner,2025-09-04,0,High
E02039,SK021,0.5,Beginner,2026-03-11,1,Medium
E02039,SK023,0.5,Beginner,2025-10-03,1,Low
E02039,SK025,0.5,Beginner,2025-09-22,1,High
E02040,SK002,3.0,Intermediate,2025-09-25,1,Low
E02040,SK007,2.8,Intermediate,2024-12-04,1,Medium
E02040,SK016,2.7,Intermediate,2024-12-09,1,Medium
E02040,SK020,3.0,Intermediate,2025-10-30,0,Low
E02040,SK024,3.1,Intermediate,2025-02-01,0,Medium
E02040,SK036,3.9,Intermediate,2026-01-25,1,Medium
E02041,SK008,3.5,Intermediate,2025-10-10,0,Low
E02041,SK011,11.1,Advanced,2025-01-31,1,High
E02041,SK017,2.6,Intermediate,2025-04-13,1,Low
E02041,SK018,3.7,Intermediate,2025-10-23,1,Low
E02041,SK021,4.8,Advanced,2025-08-10,0,Low
E02041,SK024,9.2,Advanced,2026-01-27,1,Medium
E02041,SK027,1.6,Beginner,2025-08-13,0,Low
E02042,SK011,0.5,Beginner,2024-10-19,0,Low
E02042,SK013,2.0,Intermediate,2025-10-19,1,High
E02042,SK015,0.9,Beginner,2025-02-15,1,Medium
E02042,SK018,0.7,Beginner,2025-09-20,1,Low
E02042,SK020,1.7,Beginner,2025-10-31,1,High
E02042,SK022,0.7,Beginner,2024-10-25,1,Medium
E02043,SK011,6.6,Advanced,2025-08-05,1,High
E02043,SK018,4.6,Advanced,2025-03-07,1,Medium
E02043,SK020,8.0,Advanced,2025-02-07,1,High
E02043,SK021,3.3,Intermediate,2025-03-13,1,Low
E02043,SK028,2.5,Intermediate,2025-09-26,1,Low
E02043,SK038,1.9,Beginner,2025-03-10,0,Low
E02044,SK004,2.0,Intermediate,2025-07-14,0,Medium
E02044,SK038,2.4,Intermediate,2025-01-02,0,High
E02045,SK001,6.2,Advanced,2026-01-24,1,Medium
E02045,SK006,4.6,Advanced,2025-09-04,1,Low
E02045,SK007,6.5,Advanced,2024-12-24,1,Medium
E02045,SK010,3.4,Intermediate,2025-05-15,0,Low
E02045,SK013,9.0,Advanced,2025-04-10,1,Medium
E02045,SK034,14.5,Advanced,2025-01-29,1,High
E02046,SK004,5.3,Advanced,2025-11-26,1,Medium
E02046,SK005,2.4,Intermediate,2025-08-22,1,Low
E02046,SK006,3.2,Intermediate,2024-10-22,0,Medium
E02046,SK009,4.8,Advanced,2026-02-17,1,Medium
E02046,SK011,3.9,Intermediate,2026-03-11,1,Low
E02046,SK013,3.7,Intermediate,2025-03-19,1,Medium
E02046,SK022,2.7,Intermediate,2025-04-17,1,Low
E02046,SK037,7.9,Advanced,2025-09-17,1,High
E02047,SK002,2.0,Intermediate,2025-02-03,0,Low
E02047,SK005,1.6,Beginner,2025-04-30,0,Low
E02047,SK006,6.9,Advanced,2025-11-12,0,Medium
E02047,SK009,8.1,Advanced,2025-11-20,1,High
E02047,SK011,10.0,Advanced,2026-02-26,1,High
E02047,SK020,7.0,Advanced,2025-05-14,1,Medium
E02047,SK024,3.4,Intermediate,2025-01-14,0,Low
E02048,SK013,4.4,Advanced,2026-02-17,0,High
E02048,SK015,4.1,Advanced,2025-10-09,0,Medium
E02048,SK037,2.4,Intermediate,2025-08-26,0,Low
E02049,SK001,8.4,Advanced,2024-11-23,0,Medium
E02049,SK015,9.1,Advanced,2024-11-20,1,High
E02049,SK026,5.2,Advanced,2025-08-12,0,Medium
E02049,SK029,6.8,Advanced,2025-08-27,0,Medium
E02049,SK031,1.8,Beginner,2025-08-11,0,Low
E02050,SK001,3.0,Intermediate,2025-09-10,0,High
E02050,SK013,0.8,Beginner,2025-05-31,0,Low
E02050,SK016,2.0,Intermediate,2024-11-10,0,Medium
E02050,SK038,0.8,Beginner,2025-08-31,0,Low
E02051,SK002,2.9,Intermediate,2025-06-19,1,Medium
E02051,SK011,1.3,Beginner,2025-01-08,0,Low
E02051,SK015,6.0,Advanced,2024-11-23,1,High
E02051,SK024,2.5,Intermediate,2026-03-06,1,Low
E02051,SK027,5.0,Advanced,2025-12-13,1,High
E02052,SK004,12.6,Advanced,2025-10-25,1,Medium
E02052,SK007,6.5,Advanced,2026-01-16,1,Medium
E02052,SK011,8.3,Advanced,2025-12-17,1,Medium
E02052,SK019,4.1,Advanced,2024-11-20,1,Low
E02052,SK020,12.6,Advanced,2026-03-08,1,Medium
E02052,SK023,15.4,Advanced,2025-07-30,1,High
E02052,SK026,9.7,Advanced,2025-07-14,1,Medium
E02053,SK004,11.1,Advanced,2026-02-03,1,Medium
E02053,SK008,8.3,Advanced,2025-05-02,0,Medium
E02053,SK011,5.6,Advanced,2025-12-13,0,Medium
E02053,SK013,16.0,Advanced,2025-08-26,0,High
E02053,SK014,12.2,Advanced,2026-01-28,1,High
E02053,SK034,1.6,Beginner,2025-11-17,0,Low
E02054,SK002,4.2,Advanced,2024-11-02,0,High
E02054,SK005,3.6,Intermediate,2025-05-15,1,Medium
E02054,SK027,4.0,Advanced,2025-07-21,1,High
E02054,SK028,2.0,Intermediate,2026-03-23,0,Low
E02054,SK029,3.4,Intermediate,2025-11-20,1,Medium
E02055,SK004,2.3,Intermediate,2025-02-11,1,Low
E02055,SK031,3.7,Intermediate,2025-08-24,0,Medium
E02055,SK038,5.5,Advanced,2025-09-23,1,High
E02056,SK001,9.8,Advanced,2026-03-01,1,Medium
E02056,SK003,3.6,Intermediate,2026-02-27,1,Low
E02056,SK010,14.0,Advanced,2025-12-13,1,Medium
E02056,SK011,10.4,Advanced,2025-10-09,1,Medium
E02056,SK013,18.0,Advanced,2025-03-31,1,High
E02056,SK016,14.8,Advanced,2025-01-05,0,Medium
E02056,SK018,10.7,Advanced,2025-01-08,1,Medium
E02056,SK020,7.7,Advanced,2025-06-30,1,Medium
E02056,SK022,14.2,Advanced,2025-01-07,0,Medium
E02057,SK017,2.4,Intermediate,2025-09-12,1,Medium
E02057,SK024,4.8,Advanced,2025-02-22,1,Medium
E02057,SK025,1.2,Beginner,2025-05-31,0,Low
E02058,SK003,4.2,Advanced,2025-02-10,1,Medium
E02058,SK008,7.0,Advanced,2025-06-09,1,High
E02058,SK027,3.1,Intermediate,2025-03-06,1,Medium
E02059,SK007,5.1,Advanced,2025-07-02,1,Medium
E02059,SK014,4.4,Advanced,2025-07-28,0,Medium
E02059,SK023,6.0,Advanced,2025-03-02,1,Medium
E02059,SK024,2.8,Intermediate,2025-10-05,0,Low
E02060,SK013,0.5,Beginner,2025-08-15,1,High
E02060,SK024,0.5,Beginner,2025-02-14,1,Low
E02060,SK026,0.5,Beginner,2024-12-27,1,Medium
E02061,SK009,0.9,Beginner,2025-12-09,0,Medium
E02061,SK036,1.5,Beginner,2025-06-17,1,Medium
E02061,SK037,2.0,Intermediate,2025-07-23,1,High
E02062,SK006,1.5,Beginner,2026-02-15,1,Low
E02062,SK022,5.0,Advanced,2024-10-16,1,Medium
E02062,SK023,6.7,Advanced,2025-08-30,1,Medium
E02062,SK024,4.1,Advanced,2026-01-24,1,Medium
E02062,SK025,8.4,Advanced,2026-01-01,0,High
E02062,SK026,7.3,Advanced,2025-01-19,1,Medium
E02062,SK034,7.1,Advanced,2026-01-19,1,High
E02063,SK001,8.0,Advanced,2025-08-29,0,Medium
E02063,SK017,10.1,Advanced,2025-01-11,0,High
E02063,SK021,6.9,Advanced,2025-01-28,0,Medium
E02063,SK023,6.5,Advanced,2025-02-14,0,Medium
E02063,SK029,8.6,Advanced,2025-08-23,0,High
E02064,SK001,3.9,Intermediate,2026-01-13,1,High
E02064,SK009,2.1,Intermediate,2024-12-30,1,Low
E02064,SK013,0.9,Beginner,2025-08-03,1,Low
E02064,SK014,5.0,Advanced,2026-01-31,1,High
E02064,SK023,1.8,Beginner,2026-03-11,0,Medium
E02064,SK024,2.7,Intermediate,2024-12-28,1,Medium
E02065,SK004,3.0,Intermediate,2025-07-28,1,High
E02065,SK005,1.2,Beginner,2024-10-23,0,Medium
E02065,SK024,1.4,Beginner,2025-09-25,1,Medium
E02065,SK032,1.3,Beginner,2025-09-19,1,Medium
E02065,SK034,1.1,Beginner,2025-05-05,0,Medium
E02066,SK002,6.7,Advanced,2025-10-02,0,Medium
E02066,SK004,3.3,Intermediate,2025-09-26,1,Low
E02066,SK011,7.5,Advanced,2025-03-14,0,High
E02066,SK017,3.1,Intermediate,2025-03-22,1,Low
E02066,SK022,7.7,Advanced,2025-02-03,1,Medium
E02066,SK027,1.3,Beginner,2025-09-25,0,Low
E02066,SK033,4.1,Advanced,2024-12-12,1,Low
E02067,SK017,2.9,Intermediate,2025-06-29,0,Low
E02067,SK018,8.6,Advanced,2025-08-13,0,High
E02067,SK022,5.0,Advanced,2024-12-16,0,Low
E02067,SK027,8.5,Advanced,2025-07-30,1,High
E02068,SK001,0.5,Beginner,2024-11-23,1,High
E02068,SK030,0.5,Beginner,2026-01-25,0,Medium
E02068,SK037,0.5,Beginner,2025-09-16,1,Medium
E02069,SK012,3.2,Intermediate,2025-10-20,0,Low
E02069,SK014,2.4,Intermediate,2025-12-30,0,Low
E02069,SK017,5.7,Advanced,2025-03-17,0,Medium
E02069,SK018,2.8,Intermediate,2025-05-12,0,Low
E02069,SK023,5.8,Advanced,2025-07-16,1,High
E02070,SK002,5.4,Advanced,2025-12-15,1,Medium
E02070,SK005,7.1,Advanced,2025-10-27,1,Medium
E02070,SK024,7.8,Advanced,2026-01-16,0,Medium
E02070,SK027,2.1,Intermediate,2026-03-05,0,Low
E02070,SK028,9.2,Advanced,2024-10-10,1,Medium
E02071,SK005,11.0,Advanced,2025-04-22,1,High
E02071,SK008,2.7,Intermediate,2025-09-29,1,Low
E02071,SK023,7.0,Advanced,2026-03-23,1,Medium
E02071,SK024,1.2,Beginner,2025-03-22,0,Low
E02071,SK027,5.7,Advanced,2024-11-30,1,Medium
E02071,SK029,1.3,Beginner,2026-03-11,1,Low
E02071,SK036,1.4,Beginner,2024-12-07,0,Low
E02071,SK038,5.4,Advanced,2025-01-04,1,Low
E02072,SK001,5.4,Advanced,2025-03-13,1,High
E02072,SK002,3.5,Intermediate,2026-02-06,1,Medium
E02072,SK024,3.8,Intermediate,2025-06-08,1,Medium
E02072,SK031,3.0,Intermediate,2026-01-20,0,Low
E02072,SK032,4.7,Advanced,2025-07-29,1,Medium
E02073,SK001,2.9,Intermediate,2025-05-19,1,High
E02073,SK004,0.6,Beginner,2026-03-18,0,Low
E02073,SK023,3.3,Intermediate,2025-10-23,1,Medium
E02073,SK029,2.9,Intermediate,2025-08-11,1,Medium
E02073,SK035,1.5,Beginner,2025-04-24,1,Low
E02074,SK023,0.5,Beginner,2024-11-29,0,Medium
E02074,SK035,0.5,Beginner,2025-05-02,1,High
E02074,SK036,0.5,Beginner,2025-02-02,1,Medium
E02075,SK011,3.1,Intermediate,2026-02-23,1,Medium
E02075,SK014,2.5,Intermediate,2025-04-09,1,Medium
E02075,SK020,3.1,Intermediate,2025-07-17,1,Medium
E02075,SK022,4.3,Advanced,2025-09-17,1,High
E02076,SK007,5.5,Advanced,2024-10-11,1,Medium
E02076,SK022,9.8,Advanced,2025-05-24,1,High
E02076,SK024,7.5,Advanced,2026-03-01,0,High
E02077,SK005,4.9,Advanced,2026-01-01,1,Low
E02077,SK007,2.9,Intermediate,2025-08-29,0,Low
E02077,SK018,7.7,Advanced,2025-03-20,0,Medium
E02077,SK027,9.4,Advanced,2025-03-30,1,High
E02077,SK031,7.5,Advanced,2025-08-28,1,Medium
E02077,SK036,10.1,Advanced,2025-12-23,1,Medium
E02078,SK001,0.8,Beginner,2025-06-25,1,High
E02078,SK002,0.5,Beginner,2025-05-28,1,Medium
E02078,SK004,0.9,Beginner,2026-03-04,0,High
E02078,SK015,0.5,Beginner,2025-09-23,1,Low
E02078,SK028,0.6,Beginner,2025-05-29,0,Medium
E02079,SK021,3.9,Intermediate,2025-11-27,0,High
E02079,SK025,2.7,Intermediate,2025-03-14,0,Medium
E02079,SK031,0.9,Beginner,2025-12-27,0,Low
E02079,SK033,1.8,Beginner,2026-01-06,0,Low
E02079,SK036,3.4,Intermediate,2025-02-03,0,Medium
E02080,SK001,6.8,Advanced,2024-11-17,0,Medium
E02080,SK003,9.6,Advanced,2024-12-29,1,Medium
E02080,SK009,7.6,Advanced,2025-08-12,1,Medium
E02080,SK021,10.9,Advanced,2025-10-10,0,High
E02080,SK022,5.6,Advanced,2025-04-26,1,Low
E02080,SK025,4.3,Advanced,2025-11-19,1,Low
E02080,SK034,8.5,Advanced,2025-06-24,0,Medium
E02081,SK004,0.5,Beginner,2024-12-25,1,High
E02081,SK016,0.5,Beginner,2025-06-13,1,Medium
E02081,SK033,0.5,Beginner,2025-12-12,0,Medium
E02082,SK005,4.0,Advanced,2025-05-22,0,High
E02082,SK024,0.5,Beginner,2026-02-07,0,Low
E02082,SK028,3.0,Intermediate,2025-10-07,0,Medium
E02082,SK033,3.2,Intermediate,2025-08-30,0,Medium
E02082,SK036,2.8,Intermediate,2026-01-08,0,Medium
E02083,SK001,2.2,Intermediate,2024-11-02,1,High
E02083,SK007,1.5,Beginner,2025-09-04,0,Medium
E02083,SK017,0.9,Beginner,2025-12-19,0,Low
E02083,SK020,0.5,Beginner,2024-12-23,0,Low
E02084,SK010,6.0,Advanced,2025-04-09,1,Medium
E02084,SK011,9.8,Advanced,2025-03-10,1,High
E02084,SK017,6.9,Advanced,2025-07-27,1,Medium
E02084,SK022,8.5,Advanced,2025-07-06,1,Medium
E02084,SK026,3.5,Intermediate,2025-12-10,1,Low
E02084,SK035,7.1,Advanced,2024-12-08,0,Medium
E02084,SK037,3.3,Intermediate,2024-11-21,0,Low
E02085,SK004,3.9,Intermediate,2025-11-10,1,Low
E02085,SK015,7.1,Advanced,2025-11-21,1,Medium
E02085,SK018,4.1,Advanced,2024-11-03,1,Low
E02085,SK024,5.0,Advanced,2025-10-30,1,Medium
E02085,SK027,5.9,Advanced,2025-06-19,1,Medium
E02086,SK019,2.5,Intermediate,2025-03-29,0,Medium
E02086,SK032,4.8,Advanced,2026-02-04,0,Medium
E02086,SK038,5.4,Advanced,2025-10-21,1,Medium
E02087,SK012,0.9,Beginner,2024-12-25,1,High
E02087,SK018,0.6,Beginner,2025-08-22,0,Medium
E02087,SK027,0.7,Beginner,2025-04-05,1,High
E02087,SK028,0.6,Beginner,2024-12-01,1,Medium
E02088,SK007,2.9,Intermediate,2025-10-08,1,Medium
E02088,SK009,3.3,Intermediate,2025-11-26,1,Medium
E02088,SK024,0.6,Beginner,2025-11-16,0,Low
E02089,SK001,2.6,Intermediate,2025-08-27,1,Low
E02089,SK015,2.1,Intermediate,2025-09-24,1,Low
E02089,SK017,5.4,Advanced,2025-12-26,0,High
E02089,SK018,5.5,Advanced,2025-10-08,1,High
E02089,SK020,3.5,Intermediate,2025-06-01,0,Medium
E02089,SK031,2.4,Intermediate,2025-07-14,1,Low
E02090,SK011,1.0,Beginner,2026-01-28,1,High
E02090,SK021,1.0,Beginner,2024-11-23,1,High
E02090,SK032,0.5,Beginner,2025-04-30,0,Low
E02091,SK004,2.9,Intermediate,2025-07-08,0,Low
E02091,SK011,5.9,Advanced,2026-03-17,0,Medium
E02091,SK013,5.9,Advanced,2024-10-10,0,Medium
E02091,SK016,3.3,Intermediate,2025-04-01,0,Medium
E02091,SK018,3.5,Intermediate,2025-08-23,0,Medium
E02091,SK030,7.3,Advanced,2025-11-05,0,Medium
E02092,SK001,3.8,Intermediate,2026-03-12,1,Medium
E02092,SK006,5.7,Advanced,2026-01-08,0,Medium
E02092,SK018,5.6,Advanced,2025-07-02,1,Medium
E02092,SK022,8.7,Advanced,2025-08-09,1,High
E02092,SK031,7.7,Advanced,2025-01-03,0,Medium
E02093,SK006,4.5,Advanced,2025-07-26,0,Medium
E02093,SK018,5.0,Advanced,2025-03-03,0,Medium
E02093,SK022,2.3,Intermediate,2025-10-31,0,Medium
E02093,SK031,4.7,Advanced,2025-10-12,0,High
E02094,SK015,9.5,Advanced,2025-11-25,1,Medium
E02094,SK027,4.4,Advanced,2026-02-04,0,Medium
E02094,SK032,9.4,Advanced,2025-03-22,1,Medium
E02095,SK023,4.2,Advanced,2026-01-21,1,Medium
E02095,SK026,4.0,Advanced,2025-02-05,0,High
E02096,SK020,4.2,Advanced,2025-10-29,1,Medium
E02096,SK022,8.3,Advanced,2025-02-09,1,High
E02096,SK023,8.1,Advanced,2025-06-14,1,High
E02096,SK034,3.5,Intermediate,2025-07-04,1,Low
E02097,SK011,6.4,Advanced,2025-06-05,1,Medium
E02097,SK015,9.5,Advanced,2024-12-29,1,High
E02097,SK016,4.9,Advanced,2025-10-14,1,Low
E02097,SK017,6.9,Advanced,2025-07-29,1,Medium
E02097,SK033,2.2,Intermediate,2024-12-19,1,Low
E02098,SK001,7.0,Advanced,2025-07-27,1,Medium
E02098,SK006,6.1,Advanced,2024-12-13,1,Medium
E02098,SK013,3.1,Intermediate,2026-01-27,0,Low
E02098,SK026,13.3,Advanced,2026-02-25,1,High
E02098,SK036,11.0,Advanced,2024-10-13,1,High
E02098,SK038,7.4,Advanced,2025-08-19,0,Medium
E02099,SK007,1.5,Beginner,2024-11-15,0,Medium
E02099,SK009,0.9,Beginner,2025-04-28,1,Low
E02099,SK013,0.9,Beginner,2026-03-24,0,Low
E02099,SK021,1.2,Beginner,2024-11-27,0,Medium
E02100,SK002,6.1,Advanced,2026-01-15,0,High
E02100,SK011,4.4,Advanced,2025-08-31,0,Medium
E02100,SK012,3.4,Intermediate,2025-02-11,0,Low
E02100,SK017,1.5,Beginner,2025-06-01,0,Low
E02100,SK026,3.8,Intermediate,2024-10-12,0,Low
E02100,SK038,3.6,Intermediate,2024-10-23,0,Low
E02101,SK027,4.3,Advanced,2025-03-27,1,Medium
E02101,SK030,5.2,Advanced,2025-02-02,0,Medium
E02101,SK034,6.6,Advanced,2025-04-27,1,High
E02102,SK001,0.5,Beginner,2026-03-15,1,Low
E02102,SK004,0.5,Beginner,2025-01-04,0,Low
E02102,SK024,0.5,Beginner,2025-08-08,1,High
E02103,SK011,2.5,Intermediate,2025-07-13,0,High
E02103,SK013,2.3,Intermediate,2025-05-31,1,Medium
E02103,SK026,1.8,Beginner,2024-12-08,1,Medium
E02103,SK031,3.0,Intermediate,2025-03-04,1,High
E02104,SK011,3.4,Intermediate,2025-12-16,1,Low
E02104,SK013,2.9,Intermediate,2025-01-14,1,Medium
E02104,SK014,3.4,Intermediate,2024-11-14,0,Medium
E02104,SK017,1.6,Beginner,2025-10-28,0,Low
E02104,SK027,3.2,Intermediate,2025-02-01,1,Medium
E02105,SK011,3.2,Intermediate,2025-07-18,0,Medium
E02105,SK016,1.6,Beginner,2025-08-06,1,Low
E02105,SK024,2.2,Intermediate,2025-06-25,1,Medium
E02105,SK026,2.8,Intermediate,2026-01-24,0,Low
E02105,SK027,2.3,Intermediate,2025-01-02,1,Low
E02106,SK007,3.3,Intermediate,2025-07-25,0,Medium
E02106,SK010,1.7,Beginner,2025-07-11,0,Low
E02106,SK023,1.1,Beginner,2024-10-25,0,Low
E02106,SK030,1.0,Beginner,2026-02-23,0,Low
E02106,SK033,4.0,Advanced,2025-10-23,0,High
E02107,SK002,2.6,Intermediate,2026-03-24,0,High
E02107,SK004,2.9,Intermediate,2025-05-02,0,High
E02107,SK010,1.6,Beginner,2024-11-09,0,Medium
E02107,SK028,2.4,Intermediate,2025-11-21,0,Medium
E02108,SK004,0.8,Beginner,2025-07-16,1,High
E02108,SK022,0.6,Beginner,2024-11-24,0,Medium
E02108,SK031,0.7,Beginner,2025-08-05,0,Medium
E02109,SK011,11.0,Advanced,2024-12-12,1,High
E02109,SK013,8.4,Advanced,2025-02-21,1,High
E02109,SK018,5.5,Advanced,2024-10-18,1,Medium
E02109,SK024,3.4,Intermediate,2024-10-20,1,Low
E02109,SK033,1.7,Beginner,2025-11-06,1,Low
E02110,SK001,8.4,Advanced,2025-01-12,1,High
E02110,SK004,9.9,Advanced,2025-08-19,0,Medium
E02110,SK007,1.4,Beginner,2025-12-30,1,Low
E02110,SK015,6.8,Advanced,2024-10-20,1,Medium
E02110,SK022,4.5,Advanced,2025-10-24,0,Medium
E02110,SK038,4.5,Advanced,2026-02-26,1,Low
E02111,SK001,0.9,Beginner,2025-04-30,1,High
E02111,SK002,1.0,Beginner,2025-09-29,1,High
E02111,SK010,0.7,Beginner,2025-07-19,0,Medium
E02111,SK028,0.5,Beginner,2025-02-09,1,Low
E02111,SK029,0.5,Beginner,2025-03-02,1,Low
E02112,SK004,5.0,Advanced,2024-10-24,1,High
E02112,SK016,3.6,Intermediate,2025-05-27,1,Medium
E02112,SK018,2.7,Intermediate,2025-08-03,0,Medium
E02112,SK029,1.4,Beginner,2026-02-02,0,Low
E02112,SK036,1.8,Beginner,2026-02-15,0,Medium
E02113,SK002,5.6,Advanced,2026-02-12,1,High
E02113,SK007,2.8,Intermediate,2026-01-30,0,Medium
E02113,SK028,2.9,Intermediate,2026-03-04,0,Medium
E02113,SK037,1.3,Beginner,2025-03-09,1,Low
E02114,SK007,0.8,Beginner,2025-12-22,1,Low
E02114,SK009,2.3,Intermediate,2025-09-26,1,High
E02114,SK015,2.1,Intermediate,2025-03-11,1,Medium
E02114,SK032,1.0,Beginner,2025-04-16,1,Low
E02115,SK001,0.5,Beginner,2025-12-05,0,Low
E02115,SK013,0.5,Beginner,2025-03-25,0,High
E02116,SK004,4.2,Advanced,2025-02-18,0,High
E02116,SK011,1.1,Beginner,2025-03-23,0,Low
E02116,SK019,2.2,Intermediate,2026-03-09,1,Medium
E02116,SK023,3.9,Intermediate,2025-05-23,0,Medium
E02116,SK024,3.7,Intermediate,2025-11-24,1,Medium
E02117,SK002,8.2,Advanced,2025-03-10,1,Medium
E02117,SK023,7.2,Advanced,2025-06-09,1,Low
E02118,SK001,5.6,Advanced,2025-10-04,1,High
E02118,SK002,4.3,Advanced,2025-08-19,1,High
E02118,SK005,1.4,Beginner,2025-10-09,1,Low
E02118,SK010,4.1,Advanced,2025-05-18,1,Medium
E02118,SK032,3.0,Intermediate,2025-09-20,0,Low
E02118,SK034,3.0,Intermediate,2025-12-19,0,Low
E02119,SK011,4.1,Advanced,2024-10-09,0,Medium
E02119,SK013,3.3,Intermediate,2025-02-16,0,Medium
E02119,SK020,3.6,Intermediate,2025-08-10,0,Medium
E02119,SK027,5.2,Advanced,2025-05-13,0,High
E02119,SK035,2.9,Intermediate,2024-12-02,0,Low
E02120,SK001,8.0,Advanced,2025-12-25,1,High
E02120,SK002,3.3,Intermediate,2025-10-05,1,Medium
E02120,SK029,5.6,Advanced,2026-02-27,1,Medium
E02121,SK025,0.5,Beginner,2024-11-14,0,Low
E02121,SK032,0.8,Beginner,2025-09-15,0,Medium
E02122,SK031,0.9,Beginner,2025-03-21,1,Low
E02122,SK037,2.1,Intermediate,2025-03-11,0,Medium
E02123,SK011,7.5,Advanced,2025-11-24,1,High
E02123,SK015,2.7,Intermediate,2025-12-05,0,Low
E02123,SK017,3.0,Intermediate,2025-07-04,0,Medium
E02123,SK018,6.7,Advanced,2024-12-30,0,High
E02123,SK024,3.3,Intermediate,2025-02-21,0,Medium
E02123,SK027,3.7,Intermediate,2025-05-09,0,Low
E02123,SK028,5.8,Advanced,2025-05-03,0,Medium
E02123,SK030,1.9,Beginner,2025-12-25,0,Low
E02123,SK036,5.4,Advanced,2026-01-09,0,Medium
E02124,SK002,4.6,Advanced,2025-05-17,0,Medium
E02124,SK024,5.9,Advanced,2024-11-27,0,High
E02124,SK029,4.9,Advanced,2025-02-08,0,Medium
E02124,SK037,6.2,Advanced,2025-12-09,0,High
E02124,SK038,4.5,Advanced,2025-11-01,0,Medium
E02125,SK004,1.8,Beginner,2025-04-23,0,High
E02125,SK005,0.7,Beginner,2025-04-12,0,Low
E02125,SK027,1.5,Beginner,2025-03-13,0,Medium
E02125,SK035,1.9,Beginner,2025-01-22,0,High
E02126,SK019,4.7,Advanced,2025-10-30,1,Medium
E02126,SK024,7.0,Advanced,2026-01-29,1,High
E02126,SK026,1.8,Beginner,2025-10-30,1,Low
E02126,SK027,3.0,Intermediate,2025-09-19,0,Medium
E02126,SK038,1.3,Beginner,2025-05-23,1,Low
E02127,SK011,0.5,Beginner,2025-03-31,0,Medium
E02127,SK015,0.6,Beginner,2025-03-14,0,Medium
E02127,SK017,1.0,Beginner,2025-06-26,0,High
E02127,SK026,0.5,Beginner,2025-02-23,0,Low
E02128,SK003,7.4,Advanced,2026-01-07,1,Medium
E02128,SK005,6.6,Advanced,2025-11-16,1,Medium
E02128,SK021,5.2,Advanced,2025-03-27,1,Medium
E02128,SK022,4.9,Advanced,2025-05-10,1,Medium
E02128,SK027,7.0,Advanced,2025-07-26,0,High
E02128,SK037,3.7,Intermediate,2025-03-02,0,Medium
E02129,SK003,2.5,Intermediate,2024-10-25,1,Medium
E02129,SK012,4.7,Advanced,2025-01-30,1,Medium
E02129,SK019,7.0,Advanced,2025-03-04,0,High
E02129,SK022,0.9,Beginner,2024-12-12,1,Low
E02129,SK023,4.8,Advanced,2025-07-21,1,Medium
E02129,SK024,3.0,Intermediate,2026-01-06,0,Medium
E02129,SK036,4.6,Advanced,2026-02-18,1,Medium
E02130,SK004,4.9,Advanced,2025-03-24,0,High
E02130,SK018,1.4,Beginner,2024-11-23,0,Low
E02130,SK025,3.1,Intermediate,2026-01-09,0,Medium
E02131,SK009,0.5,Beginner,2024-12-22,0,Low
E02131,SK019,0.5,Beginner,2025-05-22,1,Low
E02131,SK023,0.5,Beginner,2025-01-05,0,Medium
E02131,SK028,0.5,Beginner,2026-02-17,0,Medium
E02132,SK005,2.2,Intermediate,2025-04-12,0,Medium
E02132,SK020,2.7,Intermediate,2024-10-24,0,High
E02132,SK036,2.3,Intermediate,2024-12-27,0,Medium
E02133,SK008,4.0,Advanced,2024-10-12,0,Low
E02134,SK003,3.0,Intermediate,2025-03-09,0,Medium
E02134,SK017,6.0,Advanced,2025-07-22,1,High
E02134,SK027,6.0,Advanced,2025-04-13,0,High
E02135,SK014,1.1,Beginner,2025-11-23,1,Low
E02135,SK023,3.7,Intermediate,2025-11-24,1,Medium
E02135,SK025,5.0,Advanced,2025-03-30,1,High
E02135,SK036,5.0,Advanced,2024-11-09,0,High
E02136,SK003,8.2,Advanced,2025-12-04,1,Low
E02136,SK005,7.7,Advanced,2025-11-10,0,Low
E02136,SK014,6.4,Advanced,2025-01-21,0,Medium
E02136,SK016,5.1,Advanced,2025-07-09,0,Low
E02136,SK037,12.7,Advanced,2025-03-09,0,Medium
E02136,SK038,3.7,Intermediate,2024-12-22,0,Low
E02137,SK023,6.5,Advanced,2025-08-28,0,High
E02137,SK024,2.7,Intermediate,2025-09-18,0,Low
E02137,SK025,1.0,Beginner,2025-07-13,0,Low
E02137,SK032,1.9,Beginner,2025-01-24,0,Low
E02137,SK036,5.9,Advanced,2024-11-25,0,Medium
E02137,SK038,3.3,Intermediate,2024-11-29,0,Low
E02138,SK001,6.6,Advanced,2025-01-08,0,High
E02138,SK004,3.0,Intermediate,2026-02-24,1,Low
E02138,SK017,6.7,Advanced,2024-11-02,0,Medium
E02138,SK019,6.0,Advanced,2026-03-07,0,Medium
E02138,SK020,7.0,Advanced,2025-08-04,1,Medium
E02138,SK023,3.7,Intermediate,2025-08-16,0,Medium
E02138,SK026,3.8,Intermediate,2025-07-19,1,Medium
E02139,SK003,5.1,Advanced,2025-12-26,0,Medium
E02139,SK010,6.2,Advanced,2025-04-18,0,High
E02139,SK020,7.0,Advanced,2024-11-08,1,High
E02139,SK025,2.5,Intermediate,2025-01-30,1,Low
E02140,SK012,1.9,Beginner,2024-12-04,1,Low
E02140,SK015,2.7,Intermediate,2024-10-22,0,Medium
E02140,SK021,5.9,Advanced,2026-01-22,1,High
E02140,SK026,6.0,Advanced,2025-04-17,0,High
E02141,SK010,0.5,Beginner,2025-06-26,0,Low
E02141,SK025,0.7,Beginner,2025-02-21,0,Medium
E02141,SK033,0.5,Beginner,2025-10-09,0,Low
E02141,SK034,0.8,Beginner,2025-07-21,0,High
E02142,SK019,10.0,Advanced,2025-05-09,0,High
E02142,SK020,5.5,Advanced,2025-09-25,0,Medium
E02142,SK021,7.3,Advanced,2026-01-23,0,High
E02142,SK024,4.2,Advanced,2025-05-29,0,Low
E02142,SK036,3.3,Intermediate,2026-01-23,0,Low
E02142,SK037,2.7,Intermediate,2025-07-30,0,Low
E02143,SK021,4.7,Advanced,2025-12-25,0,Medium
E02143,SK022,5.9,Advanced,2025-03-28,0,Low
E02143,SK026,4.6,Advanced,2025-11-11,0,Low
E02144,SK010,0.5,Beginner,2026-02-15,0,Low
E02144,SK023,0.5,Beginner,2025-01-11,0,High
E02144,SK024,0.5,Beginner,2025-08-13,0,Medium
E02144,SK026,0.5,Beginner,2025-03-10,0,Medium
E02145,SK002,1.4,Beginner,2025-04-01,0,Low
E02145,SK008,1.5,Beginner,2025-08-15,1,Medium
E02145,SK021,1.8,Beginner,2025-06-17,1,Medium
E02145,SK024,2.3,Intermediate,2024-11-24,1,High
E02146,SK002,6.2,Advanced,2026-01-09,0,Medium
E02146,SK017,6.2,Advanced,2026-01-03,1,Low
E02146,SK023,11.0,Advanced,2025-01-02,1,Medium
E02146,SK024,7.0,Advanced,2025-12-13,0,Medium
E02146,SK025,16.0,Advanced,2024-11-24,1,High
E02146,SK032,2.9,Intermediate,2025-01-11,0,Low
E02147,SK004,7.0,Advanced,2025-12-21,0,High
E02147,SK006,3.2,Intermediate,2024-12-23,0,Low
E02147,SK023,3.0,Intermediate,2026-02-23,0,Medium
E02147,SK024,4.2,Advanced,2025-09-29,0,Medium
E02147,SK031,4.5,Advanced,2025-02-09,0,Medium
E02148,SK001,2.9,Intermediate,2025-10-18,1,Low
E02148,SK008,1.3,Beginner,2025-10-07,1,Low
E02148,SK034,3.0,Intermediate,2024-11-16,1,Medium
E02148,SK037,3.4,Intermediate,2025-12-17,1,Low
E02149,SK014,3.0,Intermediate,2025-09-03,0,Low
E02149,SK023,4.4,Advanced,2025-06-01,0,Medium
E02149,SK026,2.5,Intermediate,2025-03-12,0,Medium
E02150,SK023,3.0,Intermediate,2025-01-09,1,High
E02150,SK025,1.1,Beginner,2025-07-06,0,Low
E02150,SK026,1.1,Beginner,2025-03-03,0,Low
E02151,SK005,2.9,Intermediate,2025-11-11,0,Medium
E02151,SK009,4.0,Advanced,2025-01-12,1,High
E02151,SK014,4.1,Advanced,2025-06-17,1,Medium
E02151,SK026,2.5,Intermediate,2025-06-29,1,Low
E02151,SK037,0.6,Beginner,2025-09-12,1,Low
E02152,SK008,7.0,Advanced,2026-02-28,0,High
E02152,SK010,4.4,Advanced,2025-12-21,0,Medium
E02152,SK011,1.2,Beginner,2025-04-18,1,Low
E02152,SK023,6.1,Advanced,2025-02-07,0,High
E02153,SK001,4.1,Advanced,2025-02-20,1,Medium
E02153,SK004,4.0,Advanced,2025-04-30,0,Medium
E02153,SK008,2.5,Intermediate,2025-10-30,1,Medium
E02153,SK025,4.6,Advanced,2024-11-18,1,Medium
E02153,SK034,5.4,Advanced,2025-08-25,1,High
E02154,SK018,0.5,Beginner,2025-10-22,0,Medium
E02154,SK022,0.5,Beginner,2026-02-28,0,Medium
E02154,SK023,0.5,Beginner,2025-12-09,0,Medium
E02154,SK026,0.5,Beginner,2025-12-07,0,High
E02154,SK029,0.5,Beginner,2025-11-14,0,Medium
E02155,SK017,3.3,Intermediate,2025-10-08,0,Medium
E02155,SK019,1.4,Beginner,2024-10-10,1,Medium
E02155,SK024,3.2,Intermediate,2025-09-16,0,High
E02155,SK025,2.1,Intermediate,2025-08-01,0,Medium
E02155,SK029,2.0,Intermediate,2025-10-14,1,Medium
E02156,SK006,4.7,Advanced,2025-02-16,1,Medium
E02156,SK015,4.9,Advanced,2025-08-22,1,High
E02156,SK017,3.1,Intermediate,2025-10-12,1,Medium
E02156,SK023,6.0,Advanced,2024-10-08,1,High
E02156,SK024,2.9,Intermediate,2024-10-21,0,Low
E02156,SK026,2.3,Intermediate,2026-01-31,0,Medium
E02156,SK033,2.4,Intermediate,2024-10-23,1,Low
E02157,SK002,0.5,Beginner,2025-12-23,1,Medium
E02157,SK011,0.5,Beginner,2025-04-22,0,Low
E02157,SK024,0.5,Beginner,2025-07-04,0,High
E02158,SK004,6.9,Advanced,2025-08-02,1,High
E02158,SK005,4.2,Advanced,2026-02-19,1,Low
E02158,SK015,1.4,Beginner,2024-12-18,1,Low
E02158,SK018,4.2,Advanced,2025-02-13,1,Medium
E02158,SK022,4.7,Advanced,2025-08-09,1,Medium
E02158,SK027,5.9,Advanced,2024-10-30,1,Medium
E02158,SK033,6.3,Advanced,2025-02-28,1,Medium
E02159,SK002,3.1,Intermediate,2025-01-02,0,Medium
E02159,SK004,3.7,Intermediate,2025-09-20,0,Medium
E02159,SK012,3.9,Intermediate,2024-11-07,0,Medium
E02159,SK022,1.3,Beginner,2025-10-14,0,Low
E02160,SK002,3.9,Intermediate,2025-01-31,0,Medium
E02160,SK029,5.3,Advanced,2025-06-29,0,Medium
E02160,SK032,1.8,Beginner,2025-09-16,0,Low
E02160,SK038,5.6,Advanced,2024-11-21,0,Medium
E02161,SK001,7.7,Advanced,2025-02-28,1,Medium
E02161,SK006,2.3,Intermediate,2025-03-21,1,Low
E02161,SK016,5.7,Advanced,2025-08-30,0,Medium
E02161,SK017,8.4,Advanced,2025-02-23,1,Medium
E02161,SK022,8.5,Advanced,2025-02-14,1,High
E02161,SK026,6.9,Advanced,2025-03-16,0,Medium
E02161,SK036,4.0,Advanced,2025-05-24,0,Low
E02162,SK018,3.3,Intermediate,2024-10-13,1,Low
E02162,SK022,7.6,Advanced,2026-02-19,1,High
E02162,SK027,10.0,Advanced,2024-10-28,1,High
E02162,SK033,8.1,Advanced,2025-10-31,1,Medium
E02163,SK001,0.9,Beginner,2025-07-23,0,Low
E02163,SK017,5.4,Advanced,2025-04-17,1,Medium
E02163,SK021,7.2,Advanced,2025-08-15,1,High
E02163,SK022,7.0,Advanced,2025-04-01,1,High
E02163,SK029,3.5,Intermediate,2025-06-25,0,Low
E02163,SK036,3.3,Intermediate,2024-12-22,1,Medium
E02164,SK008,4.9,Advanced,2025-10-29,0,Medium
E02164,SK020,5.0,Advanced,2025-12-08,0,High
E02164,SK021,2.2,Intermediate,2026-03-14,0,Medium
E02164,SK023,2.7,Intermediate,2025-11-26,1,Medium
E02164,SK025,2.3,Intermediate,2026-01-04,0,Medium
E02165,SK011,0.5,Beginner,2025-07-07,1,Low
E02165,SK022,2.0,Intermediate,2026-01-06,0,High
E02165,SK023,0.5,Beginner,2025-10-28,0,Low
E02165,SK036,0.5,Beginner,2024-10-11,1,Low
E02166,SK005,7.0,Advanced,2025-07-14,1,Medium
E02166,SK006,16.7,Advanced,2025-03-11,1,High
E02166,SK010,4.8,Advanced,2025-05-14,0,Low
E02166,SK015,7.3,Advanced,2025-05-09,1,Medium
E02166,SK019,2.3,Intermediate,2024-10-28,1,Low
E02166,SK035,7.3,Advanced,2025-06-23,1,Low
E02166,SK036,7.0,Advanced,2025-06-11,1,Medium
E02166,SK037,9.1,Advanced,2025-07-25,1,Medium
E02167,SK011,5.7,Advanced,2025-04-26,1,High
E02167,SK012,4.6,Advanced,2025-09-01,1,Medium
E02167,SK026,2.2,Intermediate,2026-02-08,0,Low
E02168,SK004,3.7,Intermediate,2025-10-30,1,Low
E02168,SK032,7.1,Advanced,2025-06-01,1,Medium
E02168,SK038,4.3,Advanced,2024-11-08,0,Medium
E02169,SK002,2.4,Intermediate,2024-10-21,0,Medium
E02169,SK005,4.9,Advanced,2025-04-14,0,High
E02169,SK009,2.9,Intermediate,2025-08-28,0,Low
E02169,SK011,4.1,Advanced,2025-05-19,0,Medium
E02169,SK036,5.9,Advanced,2025-09-26,0,High
E02170,SK021,0.5,Beginner,2026-01-27,0,Low
E02170,SK022,4.3,Advanced,2025-05-03,0,High
E02170,SK024,0.8,Beginner,2025-08-02,0,Low
E02170,SK038,5.0,Advanced,2025-07-02,0,High
E02171,SK004,7.4,Advanced,2026-03-01,0,High
E02171,SK011,7.1,Advanced,2024-11-20,0,High
E02171,SK018,2.7,Intermediate,2025-05-08,0,Low
E02171,SK037,3.9,Intermediate,2025-09-03,0,Low
E02172,SK002,5.0,Advanced,2026-02-21,1,Low
E02172,SK005,3.5,Intermediate,2025-07-25,0,Low
E02172,SK024,4.2,Advanced,2026-01-13,0,Low
E02172,SK027,7.3,Advanced,2025-05-03,0,High
E02172,SK029,3.7,Intermediate,2025-02-02,0,Medium
E02173,SK011,7.3,Advanced,2025-03-22,0,Medium
E02173,SK013,1.5,Beginner,2025-03-29,0,Low
E02173,SK016,4.2,Advanced,2025-06-28,0,Medium
E02173,SK017,10.0,Advanced,2025-12-09,0,High
E02173,SK018,6.3,Advanced,2024-11-25,0,Medium
E02173,SK020,8.4,Advanced,2025-09-26,0,High
E02173,SK022,4.0,Advanced,2025-04-09,0,Low
E02173,SK028,3.0,Intermediate,2025-11-21,0,Low
E02174,SK002,3.6,Intermediate,2025-12-17,0,Low
E02174,SK008,5.0,Advanced,2025-10-04,1,Low
E02174,SK023,10.0,Advanced,2025-06-08,1,High
E02175,SK001,0.7,Beginner,2025-09-22,1,Low
E02175,SK005,0.8,Beginner,2025-07-04,1,Medium
E02175,SK014,1.2,Beginner,2025-11-13,1,Medium
E02175,SK024,1.6,Beginner,2025-12-16,1,High
E02176,SK007,2.9,Intermediate,2026-01-09,0,Medium
E02176,SK009,2.5,Intermediate,2025-02-16,0,Medium
E02176,SK022,2.1,Intermediate,2025-11-06,0,Medium
E02176,SK024,1.0,Beginner,2025-12-07,0,Low
E02176,SK026,2.5,Intermediate,2024-10-31,0,Medium
E02177,SK007,0.5,Beginner,2025-10-13,1,Medium
E02177,SK012,0.5,Beginner,2024-11-01,0,Low
E02177,SK016,0.5,Beginner,2025-09-09,0,Medium
E02177,SK036,0.5,Beginner,2025-08-26,1,Low
E02178,SK018,2.4,Intermediate,2025-10-24,1,Medium
E02178,SK020,0.7,Beginner,2025-04-07,0,Low
E02178,SK024,1.5,Beginner,2025-10-07,0,Medium
E02179,SK012,1.2,Beginner,2025-12-17,0,Low
E02179,SK022,3.0,Intermediate,2025-04-19,1,High
E02179,SK023,3.0,Intermediate,2025-08-27,1,High
E02179,SK025,1.1,Beginner,2024-11-12,1,Medium
E02180,SK007,3.2,Intermediate,2025-05-09,0,Medium
E02180,SK016,5.8,Advanced,2025-09-26,1,Medium
E02180,SK018,3.4,Intermediate,2024-12-26,1,Low
E02180,SK029,1.1,Beginner,2025-09-15,1,Low
E02180,SK031,7.0,Advanced,2025-09-15,1,High
E02181,SK011,3.5,Intermediate,2025-01-15,1,High
E02181,SK024,4.0,Advanced,2025-03-29,0,High
E02181,SK028,1.9,Beginner,2025-04-02,1,Medium
E02181,SK031,0.9,Beginner,2025-10-09,1,Low
E02182,SK011,6.9,Advanced,2025-01-18,1,High
E02182,SK014,7.3,Advanced,2026-02-06,0,High
E02182,SK016,6.1,Advanced,2025-05-13,1,Medium
E02182,SK017,3.1,Intermediate,2025-07-30,0,Low
E02182,SK024,3.7,Intermediate,2025-02-02,1,Low
E02182,SK025,3.6,Intermediate,2025-11-10,1,Low
E02182,SK026,3.0,Intermediate,2024-12-04,1,Medium
E02183,SK003,2.3,Intermediate,2025-08-31,1,Medium
E02183,SK024,2.7,Intermediate,2024-11-06,1,High
E02183,SK037,1.1,Beginner,2025-02-26,1,Medium
E02184,SK001,6.8,Advanced,2026-03-15,1,High
E02184,SK004,2.8,Intermediate,2025-04-20,1,Low
E02184,SK021,4.4,Advanced,2024-11-12,0,Medium
E02184,SK028,5.5,Advanced,2024-12-29,1,Medium
E02184,SK029,2.9,Intermediate,2026-03-23,1,Medium
E02185,SK011,4.0,Advanced,2025-05-23,0,High
E02185,SK024,2.4,Intermediate,2024-12-05,0,Medium
E02185,SK036,1.0,Beginner,2026-01-13,0,Low
E02185,SK037,3.9,Intermediate,2025-10-19,0,High
E02186,SK011,0.5,Beginner,2025-03-03,0,High
E02186,SK013,0.5,Beginner,2025-08-10,1,Medium
E02186,SK016,0.5,Beginner,2025-07-06,1,Medium
E02187,SK001,2.0,Intermediate,2025-12-10,1,High
E02187,SK011,1.8,Beginner,2026-01-25,0,High
E02187,SK012,0.5,Beginner,2025-02-06,1,Low
E02187,SK022,1.0,Beginner,2025-01-11,0,Medium
E02187,SK023,0.5,Beginner,2026-02-17,1,Low
E02188,SK001,2.7,Intermediate,2025-06-26,1,Low
E02188,SK008,4.6,Advanced,2025-10-17,0,Medium
E02188,SK018,2.4,Intermediate,2025-06-20,1,Low
E02188,SK021,5.2,Advanced,2025-11-29,1,Medium
E02189,SK011,5.1,Advanced,2025-03-21,1,Low
E02189,SK014,11.4,Advanced,2025-05-02,1,Medium
E02189,SK017,6.4,Advanced,2024-10-29,0,Medium
E02189,SK023,13.2,Advanced,2025-12-15,1,High
E02189,SK024,14.1,Advanced,2025-03-22,1,High
E02189,SK026,5.6,Advanced,2025-12-16,1,Medium
E02189,SK038,7.4,Advanced,2025-09-22,1,Medium
E02190,SK001,3.2,Intermediate,2025-11-05,0,Medium
E02190,SK011,5.2,Advanced,2025-03-31,1,High
E02190,SK027,3.7,Intermediate,2025-01-03,0,Medium
E02190,SK034,4.9,Advanced,2025-05-29,0,High
E02191,SK001,3.3,Intermediate,2025-02-17,0,High
E02191,SK006,1.5,Beginner,2025-07-11,0,Medium
E02191,SK022,1.9,Beginner,2024-11-16,0,Medium
E02191,SK023,3.3,Intermediate,2025-09-24,0,Medium
E02191,SK024,4.0,Advanced,2025-04-01,0,High
E02191,SK025,3.3,Intermediate,2026-03-19,0,Medium
E02192,SK010,3.3,Intermediate,2026-01-12,0,Low
E02192,SK011,6.0,Advanced,2024-10-27,1,Medium
E02193,SK008,6.6,Advanced,2025-12-21,0,Medium
E02193,SK022,6.1,Advanced,2024-12-23,1,Medium
E02193,SK023,8.0,Advanced,2025-06-20,1,High
E02193,SK024,4.6,Advanced,2026-02-01,1,Medium
E02193,SK025,3.0,Intermediate,2025-08-26,1,Medium
E02194,SK002,2.6,Intermediate,2025-06-16,0,Low
E02194,SK022,9.0,Advanced,2025-05-08,0,High
E02194,SK026,2.6,Intermediate,2025-11-17,0,Low
E02194,SK027,8.3,Advanced,2025-01-11,1,High
E02194,SK031,5.3,Advanced,2025-06-15,1,Medium
E02195,SK008,0.5,Beginner,2025-10-12,1,Low
E02195,SK023,1.0,Beginner,2025-01-20,0,High
E02195,SK024,0.8,Beginner,2025-06-08,0,Medium
E02195,SK026,0.9,Beginner,2025-03-21,0,High
E02196,SK008,3.2,Intermediate,2025-01-01,1,Medium
E02196,SK012,2.5,Intermediate,2025-01-20,0,Medium
E02196,SK015,3.6,Intermediate,2024-11-11,1,Medium
E02196,SK025,5.0,Advanced,2025-04-22,0,High
E02196,SK033,4.9,Advanced,2025-03-19,1,Medium
E02197,SK002,2.4,Intermediate,2025-01-30,0,Low
E02197,SK008,3.5,Intermediate,2026-01-09,1,High
E02197,SK029,2.3,Intermediate,2024-10-20,0,Low
E02197,SK037,3.2,Intermediate,2025-12-12,1,Medium
E02198,SK002,5.1,Advanced,2025-12-07,1,Medium
E02198,SK003,4.0,Advanced,2025-09-25,0,Medium
E02198,SK005,1.2,Beginner,2026-01-16,1,Low
E02198,SK008,8.3,Advanced,2026-02-21,0,High
E02198,SK011,8.8,Advanced,2025-10-01,1,High
E02198,SK013,4.7,Advanced,2024-12-11,0,Low
E02198,SK024,4.6,Advanced,2025-03-05,0,Low
E02199,SK005,12.0,Advanced,2025-09-03,1,Medium
E02199,SK023,12.1,Advanced,2025-08-13,0,Medium
E02199,SK025,11.1,Advanced,2025-05-31,1,Medium
E02199,SK026,14.7,Advanced,2025-03-26,0,High
E02199,SK028,7.1,Advanced,2025-04-23,0,Low
E02199,SK029,10.3,Advanced,2025-02-02,0,Medium
E02199,SK034,3.6,Intermediate,2025-09-19,0,Low
E02199,SK036,10.1,Advanced,2026-02-19,0,Medium
E02200,SK001,3.4,Intermediate,2025-10-16,1,Medium
E02200,SK004,8.4,Advanced,2025-12-09,0,High
E02200,SK020,4.3,Advanced,2025-08-17,1,Low
E02200,SK027,6.7,Advanced,2026-01-25,0,Medium
E02200,SK028,1.3,Beginner,2025-07-11,1,Low
E02200,SK029,9.0,Advanced,2025-08-16,1,High
E02201,SK024,7.0,Advanced,2026-01-30,0,Medium
E02201,SK025,2.0,Intermediate,2026-03-16,0,Low
E02201,SK026,8.8,Advanced,2026-03-09,0,High
E02201,SK032,11.4,Advanced,2025-05-11,1,High
E02201,SK034,4.9,Advanced,2025-06-02,1,Low
E02202,SK002,1.9,Beginner,2026-03-19,1,Low
E02202,SK007,4.0,Advanced,2025-12-31,1,Medium
E02202,SK008,6.1,Advanced,2025-11-04,0,High
E02202,SK011,0.8,Beginner,2024-11-07,0,Low
E02202,SK031,1.1,Beginner,2025-05-09,0,Low
E02202,SK038,0.8,Beginner,2025-08-09,0,Low
E02203,SK004,0.5,Beginner,2025-03-05,1,Low
E02203,SK023,3.8,Intermediate,2025-12-10,1,High
E02203,SK024,3.3,Intermediate,2026-01-24,1,Medium
E02203,SK036,2.9,Intermediate,2025-06-30,1,High
E02204,SK015,1.2,Beginner,2025-01-20,1,Low
E02204,SK019,1.1,Beginner,2025-09-04,1,Low
E02204,SK038,2.2,Intermediate,2025-12-22,1,Medium
E02205,SK001,2.7,Intermediate,2025-03-14,1,High
E02205,SK004,1.3,Beginner,2026-02-01,1,Medium
E02205,SK009,2.4,Intermediate,2025-06-05,0,Medium
E02205,SK024,1.9,Beginner,2024-10-16,1,Medium
E02205,SK029,2.1,Intermediate,2025-01-24,1,Medium
E02206,SK001,1.6,Beginner,2025-07-18,0,Medium
E02206,SK037,3.3,Intermediate,2026-02-24,0,Medium
E02207,SK003,3.4,Intermediate,2025-09-19,0,Medium
E02207,SK008,2.5,Intermediate,2026-03-08,1,Low
E02207,SK010,5.3,Advanced,2026-01-26,0,High
E02207,SK031,2.7,Intermediate,2026-02-07,1,Medium
E02207,SK033,1.6,Beginner,2025-01-22,1,Low
E02207,SK038,2.4,Intermediate,2025-07-17,1,Low
E02208,SK012,6.6,Advanced,2025-03-22,1,Medium
E02208,SK015,11.1,Advanced,2025-10-31,1,Medium
E02208,SK017,6.0,Advanced,2025-08-14,1,Low
E02208,SK027,10.1,Advanced,2025-11-23,0,Medium
E02208,SK038,14.0,Advanced,2025-02-22,0,High
E02209,SK003,0.8,Beginner,2024-12-20,0,Low
E02209,SK027,1.4,Beginner,2025-03-23,0,High
E02209,SK034,0.8,Beginner,2026-03-21,0,Low
E02210,SK018,2.9,Intermediate,2026-01-26,1,High
E02210,SK023,2.8,Intermediate,2026-02-28,0,High
E02211,SK009,0.5,Beginner,2026-03-19,0,Low
E02211,SK025,3.0,Intermediate,2025-03-10,0,High
E02211,SK026,3.0,Intermediate,2025-12-12,1,High
E02211,SK033,1.7,Beginner,2025-06-07,0,Medium
E02212,SK001,11.3,Advanced,2025-09-15,1,Medium
E02212,SK008,14.2,Advanced,2024-12-02,1,Medium
E02212,SK017,2.7,Intermediate,2026-02-12,0,Low
E02212,SK018,10.5,Advanced,2025-09-03,1,Medium
E02212,SK021,3.8,Intermediate,2025-05-10,1,Low
E02212,SK032,11.9,Advanced,2024-12-04,0,Medium
E02213,SK012,2.4,Intermediate,2025-02-17,0,Medium
E02213,SK033,1.7,Beginner,2025-04-14,1,Low
E02213,SK037,3.6,Intermediate,2025-03-16,1,High
E02214,SK007,3.2,Intermediate,2024-11-12,0,Medium
E02214,SK022,0.8,Beginner,2025-02-20,0,Low
E02214,SK024,1.0,Beginner,2024-11-20,0,Low
E02214,SK025,3.8,Intermediate,2026-02-12,0,Medium
E02214,SK026,6.7,Advanced,2025-07-10,0,High
E02215,SK003,1.0,Beginner,2024-11-01,1,Low
E02215,SK019,2.1,Intermediate,2024-12-19,1,Medium
E02215,SK021,2.5,Intermediate,2025-10-01,0,Medium
E02215,SK035,3.0,Intermediate,2026-01-26,0,High
E02216,SK012,1.5,Beginner,2024-11-01,1,Low
E02216,SK017,7.6,Advanced,2024-11-11,1,High
E02216,SK018,6.6,Advanced,2024-12-27,0,High
E02216,SK034,5.1,Advanced,2025-03-08,0,Medium
E02217,SK003,3.0,Intermediate,2024-10-29,1,High
E02217,SK011,2.5,Intermediate,2024-12-18,0,Medium
E02217,SK025,2.2,Intermediate,2025-09-05,0,Medium
E02218,SK011,0.5,Beginner,2025-04-12,0,Medium
E02218,SK025,1.0,Beginner,2025-07-16,0,High
E02218,SK030,0.8,Beginner,2025-02-24,0,High
E02219,SK024,4.7,Advanced,2024-12-28,1,High
E02219,SK025,2.4,Intermediate,2025-08-23,1,Low
E02219,SK029,3.1,Intermediate,2025-02-21,1,Medium
E02219,SK036,5.0,Advanced,2025-02-28,1,High
E02220,SK007,0.8,Beginner,2025-04-29,0,Medium
E02220,SK022,0.7,Beginner,2025-10-29,0,Medium
E02220,SK028,1.0,Beginner,2025-09-26,0,High
E02221,SK003,0.5,Beginner,2025-12-07,0,Medium
E02221,SK009,0.5,Beginner,2026-02-19,1,High
E02221,SK024,0.5,Beginner,2025-07-29,1,Low
E02222,SK005,3.5,Intermediate,2024-11-11,1,Low
E02222,SK023,11.0,Advanced,2024-10-10,1,High
E02222,SK028,5.3,Advanced,2025-08-06,1,Medium
E02222,SK038,4.7,Advanced,2025-10-14,1,Low
E02223,SK001,0.5,Beginner,2025-07-16,0,Low
E02223,SK004,0.5,Beginner,2025-06-20,1,Low
E02223,SK005,0.5,Beginner,2025-03-24,1,High
E02224,SK003,0.5,Beginner,2025-09-14,0,Low
E02224,SK010,0.5,Beginner,2025-06-02,0,Low
E02224,SK013,0.8,Beginner,2026-02-27,0,High
E02224,SK014,0.5,Beginner,2025-09-13,0,Low
E02224,SK022,0.5,Beginner,2026-02-08,0,Medium
E02225,SK007,4.2,Advanced,2024-12-31,0,Low
E02225,SK009,5.1,Advanced,2025-06-07,1,Medium
E02225,SK010,7.6,Advanced,2025-11-25,0,Medium
E02225,SK011,5.6,Advanced,2025-04-18,1,Medium
E02225,SK021,7.7,Advanced,2024-11-17,1,Medium
E02225,SK033,4.4,Advanced,2025-07-24,0,Low
E02225,SK036,7.3,Advanced,2025-04-07,0,Medium
E02225,SK037,7.9,Advanced,2024-11-13,0,Medium
E02226,SK019,1.3,Beginner,2026-01-24,0,Medium
E02226,SK026,2.8,Intermediate,2025-05-05,0,High
E02226,SK028,2.4,Intermediate,2025-03-28,0,Medium
E02227,SK002,8.7,Advanced,2024-12-31,1,Medium
E02227,SK004,3.1,Intermediate,2026-01-03,1,Low
E02227,SK009,3.0,Intermediate,2024-11-16,0,Low
E02227,SK021,4.5,Advanced,2025-05-04,1,Medium
E02227,SK022,5.8,Advanced,2025-12-12,1,Medium
E02227,SK024,12.0,Advanced,2025-02-04,1,High
E02228,SK001,6.0,Advanced,2024-11-21,0,Medium
E02228,SK017,7.1,Advanced,2025-07-28,1,Medium
E02228,SK022,8.2,Advanced,2025-07-08,1,Medium
E02228,SK030,13.0,Advanced,2024-10-25,1,High
E02229,SK012,1.8,Beginner,2025-06-03,0,Low
E02229,SK021,1.1,Beginner,2025-09-28,0,Low
E02229,SK034,1.6,Beginner,2025-05-01,0,Medium
E02230,SK015,1.5,Beginner,2025-12-24,1,High
E02230,SK018,1.3,Beginner,2025-03-05,1,Medium
E02230,SK020,0.9,Beginner,2025-11-24,1,Low
E02230,SK038,0.7,Beginner,2025-01-14,1,Medium
E02231,SK021,1.9,Beginner,2026-01-16,0,Low
E02231,SK022,3.7,Intermediate,2026-01-26,0,Low
E02231,SK025,9.7,Advanced,2025-01-26,0,High
E02231,SK026,5.3,Advanced,2024-12-18,0,Medium
E02231,SK036,7.0,Advanced,2025-07-28,0,Medium
E02232,SK006,3.1,Intermediate,2025-05-02,0,Medium
E02232,SK008,1.1,Beginner,2024-12-03,0,Low
E02232,SK014,1.1,Beginner,2026-02-22,0,Low
E02232,SK017,6.0,Advanced,2026-02-28,0,High
E02232,SK019,1.2,Beginner,2025-06-18,0,Low
E02232,SK022,6.0,Advanced,2025-09-08,0,High
E02232,SK024,4.7,Advanced,2026-01-14,0,Medium
E02233,SK007,0.5,Beginner,2025-02-09,0,Low
E02233,SK011,0.5,Beginner,2025-01-28,0,Medium
E02233,SK015,0.5,Beginner,2025-08-28,0,High
E02233,SK029,0.5,Beginner,2025-01-24,1,High
E02234,SK006,1.2,Beginner,2025-07-14,1,Low
E02234,SK012,3.8,Intermediate,2024-10-09,0,Medium
E02234,SK014,2.4,Intermediate,2025-11-20,1,Medium
E02234,SK020,4.1,Advanced,2025-04-12,0,Medium
E02234,SK021,4.7,Advanced,2024-10-26,0,High
E02234,SK036,3.2,Intermediate,2025-04-19,0,Medium
E02235,SK003,4.8,Advanced,2025-03-19,0,Medium
E02235,SK011,7.3,Advanced,2024-12-31,0,Medium
E02235,SK024,10.0,Advanced,2025-05-18,1,High
E02235,SK027,8.7,Advanced,2025-10-27,1,High
E02236,SK001,0.5,Beginner,2025-02-20,1,Medium
E02236,SK028,0.5,Beginner,2026-02-16,1,High
E02237,SK002,2.3,Intermediate,2024-12-09,0,High
E02237,SK022,2.3,Intermediate,2025-04-29,0,Medium
E02238,SK011,0.5,Beginner,2024-10-27,1,High
E02238,SK023,0.5,Beginner,2026-03-17,1,Medium
E02238,SK027,0.5,Beginner,2025-06-03,0,High
E02239,SK001,1.3,Beginner,2026-02-06,0,Medium
E02239,SK004,2.0,Intermediate,2026-01-05,1,High
E02239,SK018,1.5,Beginner,2025-01-11,1,Medium
E02239,SK023,1.2,Beginner,2026-03-15,0,Medium
E02239,SK033,0.5,Beginner,2025-10-18,0,Low
E02240,SK001,11.0,Advanced,2025-04-20,0,High
E02240,SK010,7.7,Advanced,2025-04-04,1,Medium
E02240,SK011,10.0,Advanced,2025-07-29,0,High
E02240,SK015,8.7,Advanced,2025-03-01,1,Medium
E02240,SK022,2.9,Intermediate,2025-10-24,1,Low
E02240,SK026,2.9,Intermediate,2025-06-30,0,Low
E02241,SK015,7.3,Advanced,2025-02-20,1,Medium
E02241,SK017,7.3,Advanced,2026-01-25,1,Medium
E02241,SK020,3.7,Intermediate,2025-12-05,0,Medium
E02241,SK025,7.3,Advanced,2025-12-20,1,High
E02242,SK015,1.4,Beginner,2026-01-05,1,Low
E02242,SK023,4.8,Advanced,2026-01-27,1,High
E02242,SK024,5.0,Advanced,2025-03-22,1,High
E02242,SK025,2.7,Intermediate,2025-10-26,1,Medium
E02243,SK001,3.0,Intermediate,2025-02-23,0,Low
E02243,SK003,4.3,Advanced,2025-02-07,0,Medium
E02243,SK014,3.0,Intermediate,2025-03-10,0,Medium
E02243,SK018,6.0,Advanced,2024-11-05,0,High
E02243,SK020,4.8,Advanced,2025-12-15,0,Medium
E02243,SK022,4.0,Advanced,2024-10-15,0,Medium
E02244,SK011,3.0,Intermediate,2025-10-04,1,High
E02244,SK013,1.1,Beginner,2025-09-17,0,Low
E02244,SK019,1.6,Beginner,2025-02-08,1,Medium
E02244,SK024,2.2,Intermediate,2025-08-24,1,Medium
E02245,SK002,0.6,Beginner,2025-12-31,1,Medium
E02245,SK004,0.9,Beginner,2024-10-11,1,High
E02245,SK008,0.5,Beginner,2025-05-07,1,Low
E02246,SK010,1.7,Beginner,2025-05-05,0,Low
E02246,SK011,1.5,Beginner,2025-01-22,0,Low
E02246,SK015,2.5,Intermediate,2025-02-20,0,Medium
E02246,SK023,2.7,Intermediate,2025-01-24,0,Medium
E02246,SK030,3.6,Intermediate,2026-01-28,0,Medium
E02246,SK033,1.6,Beginner,2025-03-17,0,Low
E02247,SK013,5.7,Advanced,2025-12-14,0,High
E02247,SK022,5.8,Advanced,2025-03-05,0,High
E02247,SK023,3.8,Intermediate,2025-03-12,0,Medium
E02247,SK024,3.8,Intermediate,2025-05-30,0,Medium
E02247,SK025,1.0,Beginner,2026-01-15,0,Low
E02247,SK028,3.2,Intermediate,2026-03-02,0,Medium
E02247,SK037,3.4,Intermediate,2025-08-28,0,Medium
E02248,SK001,2.8,Intermediate,2025-06-24,1,Low
E02248,SK008,7.8,Advanced,2025-06-09,1,High
E02248,SK034,3.4,Intermediate,2024-10-31,1,Low
E02248,SK036,1.8,Beginner,2026-01-10,1,Low
E02249,SK018,9.4,Advanced,2025-01-31,0,High
E02249,SK035,7.8,Advanced,2026-03-05,1,Medium
E02250,SK018,6.6,Advanced,2026-03-11,1,Medium
E02250,SK019,4.9,Advanced,2026-01-31,1,Low
E02250,SK023,4.1,Advanced,2025-05-05,1,Low
E02250,SK025,11.0,Advanced,2025-10-16,1,High
E02250,SK026,4.4,Advanced,2025-07-22,0,Low
E02251,SK007,6.0,Advanced,2025-08-31,0,Medium
E02251,SK020,7.6,Advanced,2025-03-27,0,Medium
E02251,SK037,5.0,Advanced,2026-01-25,0,Low
E02252,SK006,0.5,Beginner,2025-09-02,0,Low
E02252,SK018,0.5,Beginner,2024-12-09,0,Low
E02252,SK024,0.8,Beginner,2024-11-12,0,Medium
E02252,SK026,1.5,Beginner,2025-11-16,0,Medium
E02253,SK008,2.6,Intermediate,2025-12-20,0,Low
E02253,SK014,3.8,Intermediate,2024-12-07,0,Medium
E02253,SK019,3.6,Intermediate,2025-06-23,0,Medium
E02253,SK022,4.7,Advanced,2025-01-26,0,Low
E02253,SK024,8.0,Advanced,2025-05-09,0,High
E02253,SK025,4.9,Advanced,2026-02-12,0,Medium
E02254,SK013,0.5,Beginner,2025-08-01,1,Medium
E02254,SK017,0.5,Beginner,2025-02-24,0,Medium
E02254,SK027,0.5,Beginner,2024-10-16,1,High
E02254,SK032,0.5,Beginner,2025-10-07,0,Medium
E02254,SK035,0.5,Beginner,2024-10-19,1,Medium
E02255,SK002,1.5,Beginner,2024-11-04,0,Medium
E02255,SK014,0.9,Beginner,2025-08-05,0,Low
E02255,SK017,2.0,Intermediate,2025-12-23,1,High
E02255,SK030,1.5,Beginner,2025-08-18,1,High
E02256,SK002,1.2,Beginner,2026-01-27,0,Low
E02256,SK024,3.0,Intermediate,2026-02-15,0,High
E02256,SK036,1.8,Beginner,2025-11-19,1,Medium
E02257,SK015,0.5,Beginner,2025-11-23,0,Low
E02257,SK019,0.9,Beginner,2024-12-11,0,Medium
E02257,SK024,1.8,Beginner,2025-03-11,0,High
E02258,SK019,0.7,Beginner,2025-11-20,1,Medium
E02258,SK022,0.5,Beginner,2025-05-29,0,Low
E02258,SK023,0.7,Beginner,2024-12-06,1,Medium
E02258,SK024,0.9,Beginner,2026-02-23,1,High
E02259,SK011,1.5,Beginner,2025-10-18,0,Low
E02259,SK026,0.8,Beginner,2025-12-23,1,Low
E02260,SK004,4.4,Advanced,2025-12-20,0,Medium
E02260,SK009,4.7,Advanced,2025-10-25,0,Medium
E02260,SK011,9.0,Advanced,2025-11-17,1,High
E02260,SK014,4.1,Advanced,2025-06-18,0,Low
E02260,SK017,6.0,Advanced,2024-10-11,0,Medium
E02260,SK027,1.7,Beginner,2025-07-08,0,Low
E02260,SK028,6.3,Advanced,2026-03-20,1,Medium
E02261,SK001,3.4,Intermediate,2025-01-13,0,Medium
E02261,SK004,4.9,Advanced,2024-11-30,1,High
E02261,SK024,3.2,Intermediate,2025-05-07,0,Medium
E02261,SK028,4.3,Advanced,2025-01-23,0,Medium
E02261,SK032,2.9,Intermediate,2025-01-27,1,Medium
E02262,SK001,11.1,Advanced,2025-05-10,1,High
E02262,SK006,3.8,Intermediate,2025-09-15,0,Low
E02262,SK007,6.8,Advanced,2026-01-05,0,Medium
E02262,SK011,12.0,Advanced,2025-04-29,0,High
E02262,SK036,4.5,Advanced,2025-07-07,0,Low
E02263,SK015,4.3,Advanced,2025-03-09,0,Medium
E02263,SK021,4.9,Advanced,2026-01-27,1,Medium
E02263,SK022,4.4,Advanced,2025-05-02,1,Low
E02263,SK023,2.6,Intermediate,2025-09-30,0,Low
E02263,SK024,3.5,Intermediate,2025-03-11,1,Medium
E02263,SK026,4.0,Advanced,2026-02-12,1,Medium
E02263,SK028,3.6,Intermediate,2025-06-29,1,Low
E02263,SK035,3.7,Intermediate,2026-01-14,0,Medium
E02263,SK036,7.2,Advanced,2024-11-21,0,High
E02264,SK004,5.0,Advanced,2025-12-16,1,High
E02264,SK006,2.3,Intermediate,2025-04-01,1,Medium
E02264,SK025,3.4,Intermediate,2026-01-20,1,Medium
E02264,SK033,2.1,Intermediate,2025-09-17,0,Medium
E02264,SK036,2.7,Intermediate,2025-10-06,0,Medium
E02265,SK011,0.5,Beginner,2026-01-06,0,Medium
E02265,SK024,0.5,Beginner,2026-02-19,0,Medium
E02265,SK025,0.5,Beginner,2024-11-20,1,High
E02266,SK020,6.3,Advanced,2025-07-16,1,Low
E02266,SK023,10.4,Advanced,2025-05-18,1,Medium
E02266,SK024,13.0,Advanced,2025-06-19,1,High
E02266,SK025,2.9,Intermediate,2024-11-03,1,Low
E02266,SK026,2.8,Intermediate,2025-07-29,0,Low
E02266,SK031,6.3,Advanced,2025-04-07,0,Low
E02267,SK002,1.1,Beginner,2026-01-22,1,Low
E02267,SK011,5.0,Advanced,2024-12-14,1,High
E02267,SK024,2.5,Intermediate,2026-01-22,1,Medium
E02267,SK034,2.6,Intermediate,2026-02-25,0,Medium
E02267,SK036,5.0,Advanced,2025-12-25,1,High
E02267,SK038,3.8,Intermediate,2024-12-06,1,Medium
E02268,SK018,0.5,Beginner,2025-09-24,1,Medium
E02268,SK034,0.8,Beginner,2025-06-06,1,Medium
E02268,SK035,0.7,Beginner,2025-05-11,0,Medium
E02269,SK004,2.9,Intermediate,2025-03-14,1,Low
E02269,SK011,6.0,Advanced,2025-12-03,1,High
E02269,SK023,4.6,Advanced,2025-01-16,0,Medium
E02270,SK011,3.8,Intermediate,2025-06-12,0,Low
E02270,SK013,3.8,Intermediate,2026-03-17,1,Low
E02270,SK015,10.0,Advanced,2025-06-18,0,High
E02270,SK016,3.6,Intermediate,2025-06-26,0,Medium
E02270,SK017,2.7,Intermediate,2025-06-04,1,Low
E02270,SK020,4.0,Advanced,2025-04-15,0,Low
E02270,SK021,8.1,Advanced,2026-02-06,1,High
E02270,SK029,8.0,Advanced,2024-12-15,1,Medium
E02271,SK002,0.5,Beginner,2025-09-12,0,Medium
E02271,SK017,0.5,Beginner,2024-12-04,0,Medium
E02271,SK023,0.5,Beginner,2026-02-27,0,High
E02272,SK024,8.3,Advanced,2026-01-02,0,High
E02272,SK026,3.9,Intermediate,2024-12-02,1,Medium
E02272,SK030,1.0,Beginner,2025-04-30,1,Low
E02272,SK032,0.9,Beginner,2025-12-05,0,Low
E02272,SK035,4.8,Advanced,2025-07-11,1,Medium
E02273,SK001,2.8,Intermediate,2024-11-16,1,High
E02273,SK017,3.0,Intermediate,2025-08-13,1,High
E02273,SK028,2.5,Intermediate,2025-04-26,0,Medium
E02274,SK009,3.0,Intermediate,2025-09-20,1,High
E02274,SK021,1.7,Beginner,2024-11-22,1,Medium
E02274,SK028,2.4,Intermediate,2024-11-04,1,High
E02274,SK029,1.4,Beginner,2025-07-20,1,Medium
E02275,SK010,3.2,Intermediate,2025-07-30,0,Low
E02275,SK011,2.3,Intermediate,2025-12-05,1,Low
E02275,SK021,3.2,Intermediate,2025-12-18,1,Medium
E02275,SK022,5.8,Advanced,2024-11-14,1,Medium
E02275,SK023,5.1,Advanced,2025-12-14,0,High
E02275,SK028,1.1,Beginner,2025-05-27,1,Low
E02275,SK035,2.7,Intermediate,2025-12-23,1,Medium
E02276,SK008,0.5,Beginner,2026-01-03,1,High
E02276,SK021,0.5,Beginner,2025-11-20,1,High
E02276,SK022,0.5,Beginner,2025-09-26,1,Medium
E02276,SK026,0.5,Beginner,2026-03-15,1,Low
E02276,SK036,0.5,Beginner,2024-12-20,1,Low
E02277,SK006,3.1,Intermediate,2025-02-11,0,Low
E02277,SK013,10.1,Advanced,2025-03-09,1,High
E02277,SK022,5.1,Advanced,2025-02-15,0,Low
E02277,SK024,4.0,Advanced,2025-08-26,0,Low
E02278,SK006,6.1,Advanced,2025-02-28,0,Medium
E02278,SK010,2.0,Intermediate,2026-01-24,1,Low
E02278,SK014,2.8,Intermediate,2026-01-07,1,Low
E02278,SK015,4.4,Advanced,2025-10-23,0,Low
E02278,SK016,7.3,Advanced,2026-01-05,1,High
E02278,SK027,1.1,Beginner,2026-01-23,1,Low
E02278,SK028,9.0,Advanced,2024-11-22,1,High
E02279,SK009,3.7,Intermediate,2026-02-14,0,Low
E02279,SK019,1.3,Beginner,2025-08-16,1,Low
E02279,SK025,5.4,Advanced,2024-12-17,1,Medium
E02279,SK027,5.4,Advanced,2024-12-02,1,Medium
E02280,SK011,2.0,Intermediate,2025-09-03,0,High
E02280,SK012,1.5,Beginner,2025-06-03,0,High
E02280,SK022,0.5,Beginner,2025-07-30,0,Low
E02280,SK037,0.5,Beginner,2025-01-25,0,Low
E02281,SK018,1.8,Beginner,2025-04-09,0,Medium
E02281,SK021,1.6,Beginner,2025-07-25,0,Medium
E02281,SK022,2.4,Intermediate,2025-07-10,0,Medium
E02281,SK027,3.0,Intermediate,2025-11-16,0,High
E02282,SK006,1.4,Beginner,2025-08-17,0,Low
E02282,SK016,2.1,Intermediate,2025-02-18,1,Medium
E02282,SK018,0.8,Beginner,2025-01-04,1,Low
E02282,SK020,2.8,Intermediate,2025-07-10,1,High
E02283,SK002,0.5,Beginner,2025-03-31,1,Medium
E02283,SK011,0.5,Beginner,2025-06-17,0,High
E02283,SK018,0.5,Beginner,2025-09-20,1,Medium
E02283,SK025,0.5,Beginner,2026-03-16,1,Medium
E02283,SK028,0.5,Beginner,2024-10-30,1,Medium
E02284,SK001,3.0,Intermediate,2025-08-19,0,High
E02284,SK012,0.8,Beginner,2026-02-10,1,Low
E02285,SK011,1.1,Beginner,2024-10-24,0,Low
E02285,SK013,1.3,Beginner,2025-11-09,0,Low
E02285,SK017,4.1,Advanced,2026-02-16,0,Medium
E02286,SK023,0.5,Beginner,2024-10-24,0,High
E02286,SK026,0.5,Beginner,2026-01-26,0,High
E02287,SK002,4.8,Advanced,2025-12-02,1,High
E02287,SK004,2.6,Intermediate,2025-01-07,0,Medium
E02287,SK007,4.2,Advanced,2025-11-23,0,Medium
E02287,SK008,4.4,Advanced,2024-11-25,0,High
E02287,SK018,1.4,Beginner,2024-11-24,1,Low
E02287,SK024,4.2,Advanced,2025-05-25,0,Medium
E02287,SK028,2.6,Intermediate,2025-10-26,1,Low
E02288,SK003,5.3,Advanced,2025-03-08,1,Medium
E02288,SK015,5.9,Advanced,2025-04-23,0,Low
E02288,SK017,1.9,Beginner,2025-09-25,1,Low
E02288,SK018,8.7,Advanced,2026-01-06,1,High
E02288,SK020,1.7,Beginner,2025-05-16,1,Low
E02288,SK022,4.9,Advanced,2026-03-21,1,Low
E02288,SK024,11.2,Advanced,2025-12-16,1,High
E02289,SK019,2.4,Intermediate,2025-04-03,1,High
E02289,SK020,3.0,Intermediate,2025-07-06,1,High
E02289,SK021,1.6,Beginner,2025-04-27,1,Medium
E02290,SK002,1.2,Beginner,2024-11-10,0,Low
E02290,SK004,4.8,Advanced,2025-03-04,0,Medium
E02290,SK019,6.1,Advanced,2026-01-11,1,High
E02290,SK021,4.1,Advanced,2025-05-07,0,Medium
E02290,SK026,5.4,Advanced,2025-05-24,0,Medium
E02290,SK029,3.1,Intermediate,2025-02-07,0,Low
E02291,SK031,0.5,Beginner,2025-11-19,0,Medium
E02292,SK019,1.7,Beginner,2024-12-25,1,Medium
E02292,SK023,2.3,Intermediate,2026-01-19,1,Medium
E02292,SK024,1.2,Beginner,2026-02-10,0,Medium
E02292,SK026,2.2,Intermediate,2024-10-25,1,Medium
E02293,SK001,3.6,Intermediate,2025-05-21,1,Medium
E02293,SK015,6.1,Advanced,2024-12-10,0,High
E02293,SK021,3.1,Intermediate,2025-01-06,1,Low
E02293,SK036,5.3,Advanced,2025-05-11,1,Medium
E02294,SK017,1.7,Beginner,2025-02-16,1,Low
E02294,SK018,5.9,Advanced,2025-12-22,0,Medium
E02294,SK022,3.8,Intermediate,2026-03-15,0,Medium
E02294,SK026,5.4,Advanced,2025-03-15,1,Medium
E02294,SK033,5.3,Advanced,2025-01-10,0,Medium
E02294,SK036,3.3,Intermediate,2025-12-16,1,Low
E02295,SK005,0.8,Beginner,2026-02-25,1,High
E02295,SK015,0.5,Beginner,2025-07-16,0,Low
E02295,SK019,0.6,Beginner,2025-02-20,0,Medium
E02295,SK021,0.9,Beginner,2025-07-21,0,High
E02296,SK001,9.0,Advanced,2025-05-09,1,High
E02296,SK013,5.9,Advanced,2026-03-05,0,Medium
E02296,SK032,3.9,Intermediate,2026-03-16,0,Low
E02296,SK034,4.8,Advanced,2025-07-22,0,Medium
E02297,SK001,5.3,Advanced,2025-04-14,1,High
E02297,SK020,2.7,Intermediate,2025-04-11,0,Medium
E02297,SK030,5.1,Advanced,2025-09-22,1,Medium
E02298,SK001,5.2,Advanced,2025-02-25,1,Medium
E02298,SK006,1.3,Beginner,2026-01-16,1,Low
E02298,SK007,6.7,Advanced,2025-08-30,0,Medium
E02298,SK009,10.6,Advanced,2026-02-28,0,High
E02298,SK037,4.4,Advanced,2025-07-12,1,Medium
E02299,SK006,0.9,Beginner,2025-01-27,0,High
E02299,SK009,0.5,Beginner,2024-12-18,0,Medium
E02299,SK020,0.7,Beginner,2025-05-28,0,Medium
E02299,SK021,0.8,Beginner,2026-03-23,0,High
E02299,SK023,0.5,Beginner,2026-03-05,0,Medium
E02300,SK001,1.6,Beginner,2025-07-11,0,Medium
E02300,SK009,2.0,Intermediate,2025-02-20,0,High
E02300,SK013,0.9,Beginner,2025-08-15,0,Low
E02301,SK004,0.6,Beginner,2025-11-09,0,Low
E02301,SK008,2.6,Intermediate,2024-11-25,1,High
E02301,SK036,0.5,Beginner,2025-11-02,1,Low
E02302,SK001,2.6,Intermediate,2024-12-31,0,Medium
E02302,SK007,4.1,Advanced,2025-06-10,1,Medium
E02302,SK009,2.2,Intermediate,2025-10-05,0,Medium
E02302,SK029,2.4,Intermediate,2025-09-21,1,Low
E02302,SK032,4.1,Advanced,2025-08-28,1,Medium
E02302,SK037,4.4,Advanced,2025-03-29,1,High
E02303,SK007,11.1,Advanced,2025-05-04,0,Medium
E02303,SK034,16.0,Advanced,2025-07-19,0,High
E02303,SK036,6.4,Advanced,2025-07-05,0,Low
E02304,SK005,3.5,Intermediate,2025-08-03,1,Medium
E02304,SK006,9.0,Advanced,2025-07-09,1,High
E02304,SK011,2.1,Intermediate,2026-01-27,1,Low
E02304,SK024,2.8,Intermediate,2025-08-07,1,Low
E02304,SK034,6.7,Advanced,2025-04-02,1,High
E02304,SK035,3.5,Intermediate,2025-06-05,0,Medium
E02304,SK036,6.6,Advanced,2025-06-02,1,Medium
E02305,SK005,4.5,Advanced,2025-09-28,1,Medium
E02305,SK006,1.3,Beginner,2024-11-02,1,Low
E02305,SK007,3.8,Intermediate,2025-08-04,1,Medium
E02305,SK025,9.2,Advanced,2026-03-19,1,High
E02305,SK036,3.4,Intermediate,2025-07-14,0,Low
E02305,SK038,8.2,Advanced,2025-09-15,1,Medium
E02306,SK001,5.1,Advanced,2025-01-12,0,Low
E02306,SK004,8.0,Advanced,2025-02-03,1,Medium
E02306,SK011,9.0,Advanced,2025-10-23,1,Medium
E02306,SK013,10.9,Advanced,2025-08-07,0,High
E02306,SK017,5.0,Advanced,2026-01-16,1,Medium
E02306,SK018,10.1,Advanced,2025-09-29,1,High
E02306,SK027,2.9,Intermediate,2025-06-28,0,Low
E02307,SK036,1.9,Beginner,2024-11-23,0,High
E02308,SK003,2.7,Intermediate,2025-06-09,0,Low
E02308,SK008,0.9,Beginner,2025-08-14,0,Low
E02308,SK009,5.9,Advanced,2025-03-08,0,Medium
E02308,SK012,5.8,Advanced,2025-12-01,0,Medium
E02308,SK015,5.1,Advanced,2025-08-20,0,Medium
E02308,SK017,2.7,Intermediate,2025-01-08,0,Medium
E02308,SK024,5.4,Advanced,2026-01-23,0,High
E02308,SK027,2.1,Intermediate,2025-03-18,0,Low
E02309,SK005,1.5,Beginner,2025-05-21,1,Low
E02309,SK011,9.0,Advanced,2025-08-22,1,High
E02309,SK014,5.4,Advanced,2025-02-05,0,Medium
E02309,SK017,5.7,Advanced,2025-05-02,0,Medium
E02309,SK018,2.6,Intermediate,2026-01-24,0,Low
E02309,SK020,7.1,Advanced,2025-10-20,1,Medium
E02310,SK001,1.5,Beginner,2024-12-17,1,Low
E02310,SK002,1.0,Beginner,2024-10-31,0,Low
E02310,SK024,1.1,Beginner,2025-06-24,0,Medium
E02310,SK028,1.3,Beginner,2025-08-16,1,Low
E02310,SK029,3.0,Intermediate,2025-07-05,0,High
E02311,SK014,4.5,Advanced,2025-06-10,1,Low
E02311,SK024,6.2,Advanced,2025-07-24,1,Medium
E02311,SK025,4.7,Advanced,2025-04-25,1,Medium
E02311,SK026,4.4,Advanced,2026-01-05,1,Medium
E02312,SK001,0.5,Beginner,2025-09-18,0,Low
E02312,SK024,1.0,Beginner,2025-04-21,1,High
E02312,SK036,1.0,Beginner,2025-09-05,0,High
E02313,SK001,0.6,Beginner,2025-06-14,1,Low
E02313,SK010,3.9,Intermediate,2025-03-08,1,Medium
E02314,SK009,9.5,Advanced,2025-10-18,1,Medium
E02314,SK011,2.2,Intermediate,2025-01-14,0,Low
E02314,SK013,5.6,Advanced,2025-07-02,1,Medium
E02314,SK017,7.2,Advanced,2024-10-30,1,Medium
E02314,SK018,12.6,Advanced,2025-04-25,0,High
E02314,SK024,12.3,Advanced,2025-11-30,1,High
E02314,SK034,1.9,Beginner,2025-06-29,1,Low
E02315,SK011,1.0,Beginner,2025-11-27,0,Low
E02315,SK014,3.8,Intermediate,2025-08-31,0,Medium
E02315,SK018,7.0,Advanced,2026-03-21,1,High
E02315,SK027,4.7,Advanced,2025-07-28,1,Medium
E02315,SK033,5.2,Advanced,2025-05-11,1,Medium
E02315,SK034,4.5,Advanced,2026-02-10,0,Medium
E02316,SK001,1.2,Beginner,2024-10-30,1,Medium
E02316,SK027,1.1,Beginner,2025-12-04,1,Medium
E02316,SK029,1.9,Beginner,2026-03-14,0,Medium
E02316,SK037,0.5,Beginner,2024-10-26,1,Low
E02317,SK005,3.7,Intermediate,2025-05-04,1,Medium
E02317,SK006,1.6,Beginner,2024-12-20,1,Low
E02317,SK009,2.7,Intermediate,2025-07-04,0,Medium
E02317,SK010,5.1,Advanced,2025-10-18,0,Medium
E02317,SK011,2.8,Intermediate,2025-08-19,0,Low
E02317,SK021,4.6,Advanced,2025-11-01,0,Medium
E02317,SK033,6.0,Advanced,2025-02-10,0,High
E02317,SK034,5.9,Advanced,2025-03-10,1,High
E02317,SK036,2.5,Intermediate,2025-08-25,1,Medium
E02318,SK013,10.1,Advanced,2026-03-04,1,Medium
E02318,SK019,10.9,Advanced,2025-02-25,1,High
E02318,SK022,6.7,Advanced,2025-12-19,1,Low
E02318,SK025,8.2,Advanced,2025-01-26,1,Medium
E02318,SK026,12.1,Advanced,2025-05-12,1,Medium
E02319,SK001,2.2,Intermediate,2024-12-05,0,Medium
E02319,SK002,2.4,Intermediate,2025-10-01,0,Medium
E02319,SK009,4.7,Advanced,2025-09-20,1,Medium
E02319,SK011,1.8,Beginner,2025-09-28,1,Low
E02319,SK026,4.4,Advanced,2025-06-03,0,High
E02320,SK009,4.4,Advanced,2024-12-05,0,Medium
E02320,SK017,6.8,Advanced,2025-01-14,0,High
E02320,SK018,1.5,Beginner,2025-08-28,0,Low
E02320,SK020,5.7,Advanced,2025-02-15,1,High
E02320,SK022,2.5,Intermediate,2025-07-27,0,Medium
E02321,SK001,5.6,Advanced,2025-07-03,1,Medium
E02321,SK002,2.9,Intermediate,2025-10-17,1,Medium
E02321,SK025,6.4,Advanced,2024-11-22,1,High
E02321,SK030,4.6,Advanced,2024-12-14,1,Medium
E02322,SK019,4.3,Advanced,2025-07-06,1,Medium
E02322,SK024,5.7,Advanced,2024-10-20,1,High
E02322,SK026,5.3,Advanced,2025-02-01,1,Medium
E02323,SK004,3.8,Intermediate,2025-06-04,0,High
E02323,SK008,1.3,Beginner,2025-01-09,0,Low
E02323,SK027,1.2,Beginner,2025-07-10,0,Low
E02323,SK034,1.7,Beginner,2025-11-03,0,Medium
E02324,SK005,4.2,Advanced,2026-02-06,1,High
E02324,SK027,4.2,Advanced,2024-10-09,1,High
E02325,SK016,4.2,Advanced,2026-01-20,1,Medium
E02325,SK017,4.6,Advanced,2024-12-11,1,Medium
E02325,SK020,2.8,Intermediate,2026-03-08,1,Medium
E02325,SK031,3.5,Intermediate,2025-12-27,1,Low
E02326,SK003,0.7,Beginner,2025-01-07,0,Low
E02326,SK010,1.4,Beginner,2025-12-15,0,Medium
E02326,SK013,3.4,Intermediate,2024-11-29,1,Medium
E02326,SK025,4.0,Advanced,2025-08-02,1,High
E02327,SK013,3.6,Intermediate,2025-09-27,0,Low
E02327,SK017,5.3,Advanced,2025-05-27,0,Medium
E02327,SK023,2.9,Intermediate,2025-11-23,1,Medium
E02327,SK030,3.3,Intermediate,2025-09-07,1,Medium
E02327,SK037,5.5,Advanced,2025-02-08,1,Medium
E02328,SK001,6.0,Advanced,2024-10-25,0,High
E02328,SK004,2.9,Intermediate,2024-11-13,0,Low
E02328,SK013,0.9,Beginner,2024-12-21,0,Low
E02328,SK015,5.3,Advanced,2024-12-10,0,High
E02328,SK036,1.7,Beginner,2026-01-03,0,Low
E02329,SK011,4.0,Advanced,2025-06-14,1,Medium
E02329,SK023,4.2,Advanced,2025-02-10,1,High
E02329,SK024,3.3,Intermediate,2024-10-20,1,Medium
E02329,SK025,3.8,Intermediate,2025-04-12,1,Medium
E02329,SK026,1.8,Beginner,2025-10-22,1,Low
E02330,SK032,4.1,Advanced,2026-01-21,0,Medium
E02331,SK019,1.6,Beginner,2025-06-21,0,High
E02331,SK022,1.3,Beginner,2025-12-12,1,Medium
E02331,SK024,1.1,Beginner,2024-12-07,1,Medium
E02332,SK019,5.5,Advanced,2026-03-08,0,Medium
E02332,SK020,10.7,Advanced,2024-10-10,0,High
E02332,SK023,1.7,Beginner,2025-11-30,0,Low
E02332,SK027,4.3,Advanced,2025-09-12,0,Low
E02333,SK001,3.7,Intermediate,2025-11-19,1,Medium
E02333,SK002,6.0,Advanced,2024-11-09,0,High
E02333,SK020,6.0,Advanced,2025-08-29,1,High
E02333,SK022,1.7,Beginner,2025-02-25,0,Low
E02333,SK031,4.8,Advanced,2025-12-06,1,Medium
E02333,SK036,2.6,Intermediate,2025-10-27,1,Medium
E02334,SK017,3.0,Intermediate,2025-09-20,1,High
E02334,SK024,1.5,Beginner,2026-01-04,1,Medium
E02334,SK027,1.1,Beginner,2025-07-30,0,Low
E02334,SK034,2.3,Intermediate,2025-03-08,1,Medium
E02334,SK036,0.8,Beginner,2025-01-07,1,Low
E02334,SK038,2.4,Intermediate,2025-08-17,1,High
E02335,SK001,1.6,Beginner,2025-08-12,1,Low
E02335,SK007,1.4,Beginner,2024-11-12,1,Low
E02335,SK008,1.8,Beginner,2025-03-05,1,Low
E02335,SK019,3.3,Intermediate,2025-07-28,1,High
E02335,SK027,2.9,Intermediate,2025-05-25,0,Medium
E02336,SK008,1.8,Beginner,2025-05-28,1,Low
E02336,SK011,4.4,Advanced,2025-10-05,1,Medium
E02336,SK022,3.7,Intermediate,2026-02-14,1,Low
E02336,SK024,5.1,Advanced,2025-06-15,1,Medium
E02337,SK019,5.6,Advanced,2026-03-05,1,Medium
E02337,SK020,4.5,Advanced,2025-12-14,0,Medium
E02337,SK036,3.0,Intermediate,2026-01-19,0,Medium
E02338,SK009,2.5,Intermediate,2025-11-20,1,Medium
E02338,SK010,0.6,Beginner,2026-01-01,1,Low
E02338,SK011,0.9,Beginner,2025-03-22,1,Low
E02338,SK032,1.4,Beginner,2025-03-20,1,Low
E02338,SK034,2.5,Intermediate,2026-01-04,1,Medium
E02339,SK006,3.8,Intermediate,2025-10-31,0,Low
E02339,SK013,6.6,Advanced,2025-06-12,0,Medium
E02339,SK024,7.4,Advanced,2025-11-28,0,Medium
E02339,SK031,6.4,Advanced,2025-03-05,0,Medium
E02340,SK009,2.3,Intermediate,2025-07-26,1,Low
E02340,SK019,6.9,Advanced,2025-01-04,0,Medium
E02340,SK028,10.0,Advanced,2024-11-23,1,High
E02340,SK029,7.6,Advanced,2025-02-13,1,Medium
E02340,SK033,7.6,Advanced,2025-07-18,1,Medium
E02341,SK019,3.0,Intermediate,2024-10-31,1,High
E02341,SK025,3.0,Intermediate,2025-09-02,0,High
E02342,SK011,5.0,Advanced,2025-04-25,0,High
E02342,SK012,2.1,Intermediate,2025-12-17,0,Medium
E02342,SK017,2.3,Intermediate,2026-02-15,0,Medium
E02342,SK019,3.8,Intermediate,2025-01-24,0,High
E02342,SK035,1.8,Beginner,2024-12-03,0,Low
E02343,SK011,0.6,Beginner,2026-02-26,0,Low
E02343,SK019,1.4,Beginner,2025-01-23,1,Medium
E02343,SK027,2.3,Intermediate,2025-10-24,1,High
E02343,SK034,0.7,Beginner,2025-03-08,1,Low
E02344,SK018,4.7,Advanced,2024-10-17,1,Low
E02344,SK024,7.7,Advanced,2025-09-20,1,Medium
E02344,SK026,8.6,Advanced,2025-07-13,1,High
E02344,SK029,4.2,Advanced,2025-11-11,1,Low
E02345,SK004,4.3,Advanced,2024-11-26,1,Medium
E02345,SK008,7.3,Advanced,2025-09-08,1,Medium
E02345,SK011,5.7,Advanced,2025-05-21,1,Medium
E02346,SK002,0.5,Beginner,2025-06-02,0,Low
E02346,SK007,1.0,Beginner,2025-04-16,0,Medium
E02346,SK010,1.7,Beginner,2025-09-20,0,High
E02346,SK023,0.8,Beginner,2025-08-09,0,Medium
E02346,SK033,0.9,Beginner,2026-03-14,0,Low
E02347,SK007,3.9,Intermediate,2026-03-23,1,Medium
E02347,SK016,5.3,Advanced,2025-04-09,1,Medium
E02347,SK017,4.3,Advanced,2024-10-19,1,Low
E02347,SK018,9.0,Advanced,2025-04-28,0,High
E02347,SK021,7.0,Advanced,2025-06-28,1,Medium
E02347,SK036,9.0,Advanced,2026-02-07,1,High
E02348,SK001,2.1,Intermediate,2025-06-13,1,Low
E02348,SK005,2.7,Intermediate,2025-04-03,1,Low
E02348,SK006,4.6,Advanced,2025-01-27,0,Medium
E02348,SK018,4.3,Advanced,2025-08-28,1,Medium
E02348,SK021,0.8,Beginner,2025-11-08,1,Low
E02348,SK024,4.2,Advanced,2024-12-01,1,Medium
E02349,SK001,4.5,Advanced,2025-03-27,1,Medium
E02349,SK024,3.3,Intermediate,2025-10-06,0,Medium
E02349,SK028,1.2,Beginner,2025-07-24,1,Low
E02349,SK034,0.6,Beginner,2026-03-08,1,Low
E02349,SK036,1.3,Beginner,2026-02-07,0,Low
E02350,SK001,5.8,Advanced,2024-10-16,1,Medium
E02350,SK002,1.5,Beginner,2024-10-13,1,Low
E02350,SK013,3.3,Intermediate,2025-12-20,1,Low
E02350,SK014,2.5,Intermediate,2025-09-05,0,Low
E02351,SK002,3.4,Intermediate,2024-11-05,0,Low
E02351,SK004,1.1,Beginner,2025-02-14,1,Low
E02351,SK006,4.5,Advanced,2025-01-15,1,Medium
E02351,SK007,4.0,Advanced,2025-05-22,0,Low
E02351,SK008,6.0,Advanced,2025-11-20,0,High
E02351,SK021,4.4,Advanced,2025-04-20,1,Medium
E02351,SK033,2.9,Intermediate,2025-12-20,1,Medium
E02351,SK035,6.1,Advanced,2026-03-12,1,Medium
E02352,SK001,5.1,Advanced,2025-01-31,0,Low
E02352,SK011,11.0,Advanced,2025-04-26,1,High
E02352,SK017,1.9,Beginner,2025-06-26,0,Low
E02352,SK018,5.0,Advanced,2025-05-03,0,Medium
E02352,SK026,7.7,Advanced,2025-11-15,1,Medium
E02353,SK004,9.0,Advanced,2024-11-16,0,Medium
E02353,SK008,6.1,Advanced,2026-03-22,1,Medium
E02353,SK010,7.6,Advanced,2026-03-21,0,Medium
E02353,SK022,5.7,Advanced,2025-08-05,1,Medium
E02353,SK024,11.0,Advanced,2024-10-13,0,High
E02353,SK029,8.5,Advanced,2025-01-10,0,Medium
E02353,SK035,11.0,Advanced,2025-04-20,0,High
E02354,SK004,3.8,Intermediate,2025-04-14,0,Medium
E02354,SK014,3.9,Intermediate,2026-01-19,1,High
E02354,SK026,1.9,Beginner,2025-08-22,1,Medium
E02354,SK035,1.5,Beginner,2025-02-13,1,Low
E02354,SK036,2.0,Intermediate,2025-10-13,1,Low
E02355,SK001,2.0,Intermediate,2026-01-21,0,High
E02355,SK011,1.9,Beginner,2025-09-15,0,High
E02355,SK022,1.3,Beginner,2025-06-20,0,Medium
E02356,SK001,5.1,Advanced,2025-10-04,0,Low
E02356,SK002,9.6,Advanced,2025-09-27,0,High
E02356,SK010,3.0,Intermediate,2025-05-12,0,Low
E02356,SK011,4.2,Advanced,2024-12-28,1,Medium
E02356,SK028,5.1,Advanced,2025-09-13,1,Medium
E02356,SK037,11.0,Advanced,2025-02-05,0,High
E02357,SK007,1.7,Beginner,2025-08-20,1,High
E02358,SK004,4.4,Advanced,2024-12-09,1,High
E02358,SK038,3.5,Intermediate,2026-02-10,1,High
E02359,SK003,6.0,Advanced,2025-10-25,0,Medium
E02359,SK006,2.2,Intermediate,2025-09-20,0,Low
E02359,SK013,8.5,Advanced,2025-01-17,1,Medium
E02359,SK015,10.1,Advanced,2025-01-12,0,High
E02359,SK018,3.0,Intermediate,2025-04-19,0,Low
E02359,SK028,9.8,Advanced,2025-03-29,0,Medium
E02359,SK036,2.3,Intermediate,2025-09-16,0,Low
E02360,SK024,4.0,Advanced,2025-12-23,0,Medium
E02360,SK026,3.5,Intermediate,2025-07-23,0,Medium
E02360,SK027,2.4,Intermediate,2025-12-18,0,Medium
E02361,SK001,11.1,Advanced,2025-07-02,0,High
E02361,SK002,5.4,Advanced,2024-10-28,0,Medium
E02361,SK003,10.2,Advanced,2025-03-09,0,Medium
E02361,SK007,1.8,Beginner,2025-05-23,0,Low
E02361,SK028,3.3,Intermediate,2025-10-11,0,Low
E02362,SK001,3.6,Intermediate,2025-05-30,1,Medium
E02362,SK004,2.3,Intermediate,2025-08-14,0,Low
E02362,SK028,4.9,Advanced,2025-12-31,0,Medium
E02362,SK032,2.0,Intermediate,2025-10-22,0,Low
E02363,SK016,6.1,Advanced,2025-09-15,0,High
E02363,SK017,3.3,Intermediate,2025-10-30,0,Medium
E02363,SK019,1.3,Beginner,2025-07-13,0,Low
E02363,SK021,3.3,Intermediate,2025-03-13,0,Medium
E02364,SK001,6.0,Advanced,2025-08-16,0,High
E02364,SK022,4.4,Advanced,2025-10-05,0,High
E02364,SK036,4.5,Advanced,2025-04-05,0,Medium
E02365,SK002,2.3,Intermediate,2026-01-24,1,Low
E02365,SK006,2.5,Intermediate,2025-09-14,1,Medium
E02365,SK009,4.9,Advanced,2025-10-15,0,High
E02365,SK010,2.8,Intermediate,2026-01-25,0,Medium
E02365,SK011,0.7,Beginner,2025-09-21,1,Low
E02365,SK013,4.5,Advanced,2025-12-01,0,High
E02366,SK014,3.8,Intermediate,2025-10-20,1,Low
E02366,SK019,6.0,Advanced,2025-05-15,1,High
E02366,SK022,2.1,Intermediate,2025-11-28,0,Low
E02366,SK025,5.3,Advanced,2025-02-18,0,Medium
E02366,SK029,6.1,Advanced,2025-10-27,1,Medium
E02367,SK009,4.5,Advanced,2024-12-07,0,High
E02367,SK017,4.1,Advanced,2026-02-21,0,Medium
E02367,SK025,5.8,Advanced,2025-11-06,0,High
E02367,SK031,1.6,Beginner,2026-02-17,0,Low
E02368,SK011,4.5,Advanced,2025-08-12,1,High
E02368,SK034,4.3,Advanced,2025-09-20,1,High
E02369,SK004,3.0,Intermediate,2025-03-01,1,High
E02369,SK006,2.7,Intermediate,2025-01-07,1,High
E02369,SK029,1.3,Beginner,2024-10-15,1,Low
E02369,SK030,2.1,Intermediate,2025-01-06,1,Medium
E02369,SK037,2.5,Intermediate,2025-11-06,1,Medium
E02370,SK001,1.8,Beginner,2025-11-21,1,Medium
E02370,SK016,3.1,Intermediate,2025-12-17,1,High
E02370,SK022,0.8,Beginner,2025-05-05,1,Low
E02370,SK033,1.8,Beginner,2024-12-24,1,Medium
E02371,SK002,0.7,Beginner,2025-09-15,1,Low
E02371,SK016,2.1,Intermediate,2025-02-13,1,Medium
E02371,SK023,2.0,Intermediate,2024-10-21,1,Medium
E02371,SK024,3.0,Intermediate,2025-09-14,1,High
E02371,SK025,2.1,Intermediate,2026-01-21,0,Medium
E02372,SK004,5.4,Advanced,2025-01-24,0,Medium
E02372,SK005,4.7,Advanced,2025-09-09,1,Low
E02372,SK007,8.7,Advanced,2025-04-10,1,High
E02372,SK009,7.9,Advanced,2026-03-21,1,Medium
E02372,SK036,7.6,Advanced,2025-11-15,1,High
E02373,SK007,0.6,Beginner,2025-10-09,0,Low
E02373,SK016,0.5,Beginner,2024-12-11,0,Low
E02373,SK022,1.2,Beginner,2025-04-21,0,Medium
E02373,SK032,0.9,Beginner,2026-01-11,0,Medium
E02374,SK015,7.3,Advanced,2025-07-06,1,High
E02374,SK016,4.0,Advanced,2024-10-20,0,Medium
E02374,SK017,6.0,Advanced,2025-07-27,0,High
E02374,SK018,1.8,Beginner,2025-05-30,0,Low
E02375,SK004,1.0,Beginner,2024-12-16,1,High
E02375,SK005,0.5,Beginner,2025-12-21,0,Medium
E02375,SK024,0.5,Beginner,2024-10-25,1,Medium
E02375,SK027,0.5,Beginner,2025-02-17,1,Medium
E02376,SK019,1.0,Beginner,2025-05-05,1,Low
E02376,SK023,3.0,Intermediate,2025-11-26,1,High
E02376,SK025,0.5,Beginner,2025-09-16,1,Low
E02377,SK002,0.5,Beginner,2025-12-09,0,Low
E02377,SK004,0.5,Beginner,2025-04-13,0,High
E02377,SK025,0.5,Beginner,2024-11-24,0,Low
E02377,SK034,0.5,Beginner,2025-03-20,0,Medium
E02378,SK002,0.5,Beginner,2025-11-02,0,Medium
E02378,SK004,0.5,Beginner,2025-12-22,0,Medium
E02378,SK012,0.5,Beginner,2024-11-30,0,High
E02378,SK027,0.5,Beginner,2025-07-10,0,High
E02379,SK009,5.0,Advanced,2025-12-14,1,Medium
E02379,SK011,6.3,Advanced,2026-03-02,0,High
E02379,SK033,3.1,Intermediate,2025-06-29,0,Low
E02380,SK001,4.6,Advanced,2025-11-25,0,Medium
E02380,SK004,8.0,Advanced,2026-01-07,0,High
E02380,SK009,3.4,Intermediate,2026-03-24,0,Low
E02380,SK010,6.6,Advanced,2024-10-19,0,Medium
E02380,SK011,5.6,Advanced,2024-10-16,1,Medium
E02380,SK022,2.2,Intermediate,2025-10-14,0,Low
E02380,SK029,3.0,Intermediate,2025-01-28,0,Low
E02380,SK037,1.5,Beginner,2025-02-10,0,Low
E02381,SK006,8.7,Advanced,2026-02-17,0,High
E02381,SK020,10.0,Advanced,2025-01-06,0,High
E02381,SK022,1.9,Beginner,2025-12-14,1,Low
E02381,SK026,4.7,Advanced,2025-04-04,0,Low
E02381,SK035,3.3,Intermediate,2024-11-22,1,Low
E02382,SK002,4.2,Advanced,2025-04-04,1,Medium
E02382,SK004,5.1,Advanced,2025-01-16,1,High
E02382,SK005,4.3,Advanced,2025-12-14,1,Medium
E02382,SK008,3.2,Intermediate,2025-10-18,0,Low
E02382,SK013,6.2,Advanced,2025-08-25,1,High
E02383,SK002,0.5,Beginner,2025-12-04,0,Low
E02383,SK027,0.9,Beginner,2025-10-15,0,High
E02383,SK031,0.8,Beginner,2025-07-02,1,Medium
E02383,SK033,0.5,Beginner,2025-10-20,1,Medium
E02384,SK020,11.2,Advanced,2024-12-05,0,High
E02384,SK021,6.7,Advanced,2026-03-18,1,Medium
E02384,SK023,4.3,Advanced,2024-10-22,1,Low
E02384,SK025,5.7,Advanced,2025-04-30,1,Medium
E02384,SK029,8.0,Advanced,2026-02-19,1,Medium
E02384,SK036,5.1,Advanced,2025-01-21,1,Low
E02385,SK004,1.1,Beginner,2025-12-29,1,Low
E02385,SK013,4.0,Advanced,2025-12-31,1,High
E02385,SK016,1.9,Beginner,2025-09-26,0,Medium
E02385,SK017,2.3,Intermediate,2024-11-24,0,Medium
E02385,SK032,1.7,Beginner,2025-03-14,0,Medium
E02386,SK005,1.4,Beginner,2024-11-26,0,Low
E02386,SK027,2.9,Intermediate,2025-04-17,1,High
E02387,SK004,5.0,Advanced,2025-10-23,0,High
E02387,SK009,6.6,Advanced,2024-11-14,1,High
E02388,SK015,7.0,Advanced,2025-07-19,0,High
E02388,SK024,1.2,Beginner,2025-10-30,0,Low
E02388,SK025,7.0,Advanced,2025-10-11,0,High
E02389,SK011,0.5,Beginner,2025-04-05,0,High
E02390,SK003,2.2,Intermediate,2026-02-22,1,Low
E02390,SK011,3.5,Intermediate,2025-09-28,0,Medium
E02390,SK016,6.0,Advanced,2025-10-04,1,High
E02390,SK029,3.9,Intermediate,2026-02-18,1,Medium
E02391,SK019,6.0,Advanced,2026-02-14,1,High
E02391,SK024,4.9,Advanced,2025-01-29,0,Medium
E02391,SK027,4.6,Advanced,2025-10-02,0,Medium
E02392,SK018,4.9,Advanced,2025-12-02,0,Medium
E02392,SK022,2.7,Intermediate,2025-10-02,0,Low
E02392,SK023,4.3,Advanced,2026-02-21,0,High
E02392,SK025,4.8,Advanced,2025-12-02,0,Medium
E02392,SK027,4.2,Advanced,2025-01-08,0,Medium
E02392,SK034,3.5,Intermediate,2026-03-01,0,Medium
E02393,SK001,0.6,Beginner,2026-02-15,0,Low
E02393,SK024,5.5,Advanced,2025-11-27,1,High
E02393,SK029,3.1,Intermediate,2026-01-10,1,Medium
E02393,SK036,4.8,Advanced,2025-05-03,0,Medium
E02394,SK005,6.0,Advanced,2025-09-21,1,High
E02394,SK009,3.5,Intermediate,2025-03-05,1,Medium
E02394,SK011,2.9,Intermediate,2025-09-21,1,Medium
E02394,SK024,5.0,Advanced,2025-02-08,1,Medium
E02394,SK033,3.8,Intermediate,2025-07-06,1,Medium
E02394,SK036,2.7,Intermediate,2025-07-07,1,Low
E02395,SK008,8.3,Advanced,2025-01-12,1,Medium
E02395,SK023,1.1,Beginner,2025-08-22,1,Low
E02395,SK024,1.4,Beginner,2026-01-27,1,Low
E02395,SK025,10.3,Advanced,2025-12-07,0,High
E02395,SK028,7.6,Advanced,2026-02-16,1,Medium
E02396,SK002,5.3,Advanced,2025-04-05,0,Medium
E02396,SK015,4.8,Advanced,2025-01-07,0,Low
E02396,SK022,4.5,Advanced,2025-09-28,0,Low
E02396,SK023,8.7,Advanced,2025-08-29,0,High
E02396,SK024,3.5,Intermediate,2024-10-23,0,Low
E02396,SK028,5.6,Advanced,2025-12-01,0,Medium
E02396,SK038,1.3,Beginner,2026-02-28,0,Low
E02397,SK003,0.9,Beginner,2026-01-12,1,High
E02397,SK006,0.5,Beginner,2025-05-03,1,Low
E02397,SK032,0.8,Beginner,2026-01-14,1,Medium
E02398,SK012,0.9,Beginner,2025-02-23,0,Low
E02398,SK016,3.1,Intermediate,2024-10-24,1,Medium
E02398,SK027,1.0,Beginner,2025-03-20,1,Low
E02398,SK034,1.4,Beginner,2025-02-27,1,Low
E02399,SK017,1.2,Beginner,2025-03-12,0,Medium
E02399,SK022,2.9,Intermediate,2025-09-09,1,High
E02399,SK024,2.5,Intermediate,2025-02-24,0,Medium
E02399,SK031,2.2,Intermediate,2025-06-04,0,Medium
E02400,SK011,4.6,Advanced,2025-02-10,1,Medium
E02400,SK022,7.4,Advanced,2025-01-15,1,Medium
E02400,SK028,5.2,Advanced,2024-10-18,1,Medium
E02400,SK033,3.9,Intermediate,2025-03-13,0,Medium
E02401,SK009,5.1,Advanced,2026-02-08,1,Medium
E02401,SK017,2.6,Intermediate,2025-07-14,0,Medium
E02401,SK018,4.5,Advanced,2025-10-12,1,Medium
E02401,SK024,5.0,Advanced,2024-11-06,1,Medium
E02401,SK025,4.4,Advanced,2024-10-18,1,High
E02401,SK027,1.8,Beginner,2026-03-11,1,Low
E02402,SK020,1.7,Beginner,2025-06-06,0,Medium
E02402,SK023,1.3,Beginner,2025-03-04,1,Low
E02402,SK029,2.4,Intermediate,2025-08-12,1,Medium
E02402,SK036,1.6,Beginner,2025-03-24,1,Medium
E02403,SK005,3.2,Intermediate,2024-10-31,1,High
E02403,SK007,2.0,Intermediate,2025-01-20,1,Medium
E02403,SK036,3.5,Intermediate,2025-07-02,1,High
E02404,SK001,10.6,Advanced,2024-12-10,0,High
E02404,SK002,7.4,Advanced,2025-12-06,0,Medium
E02404,SK004,5.9,Advanced,2026-03-20,0,Low
E02404,SK005,4.4,Advanced,2025-05-08,0,Low
E02404,SK007,9.7,Advanced,2024-10-31,0,Medium
E02404,SK025,6.3,Advanced,2025-06-10,0,Medium
E02404,SK029,12.0,Advanced,2025-01-17,0,High
E02405,SK011,6.0,Advanced,2024-10-21,1,High
E02405,SK013,4.3,Advanced,2026-03-15,0,Medium
E02405,SK022,2.8,Intermediate,2025-02-07,0,Low
E02405,SK027,5.7,Advanced,2026-03-14,1,High
E02406,SK020,9.3,Advanced,2025-12-17,1,Medium
E02406,SK021,7.1,Advanced,2025-01-28,1,Medium
E02406,SK022,2.8,Intermediate,2024-11-02,0,Low
E02406,SK023,9.0,Advanced,2024-12-28,0,High
E02406,SK037,5.1,Advanced,2026-03-07,0,Low
E02406,SK038,4.2,Advanced,2025-10-14,0,Low
E02407,SK001,1.6,Beginner,2024-11-12,0,Low
E02407,SK002,7.9,Advanced,2026-01-02,1,Medium
E02407,SK005,8.3,Advanced,2025-02-12,0,High
E02407,SK008,7.3,Advanced,2024-11-30,0,Medium
E02407,SK011,6.1,Advanced,2024-10-15,0,Medium
E02407,SK034,10.0,Advanced,2025-04-06,1,High
E02407,SK037,4.0,Advanced,2025-10-24,0,Medium
E02408,SK001,3.0,Intermediate,2024-12-23,1,Medium
E02408,SK008,6.0,Advanced,2025-11-27,1,High
E02408,SK017,2.2,Intermediate,2025-08-15,1,Medium
E02408,SK033,5.1,Advanced,2025-04-25,1,Medium
E02408,SK037,5.1,Advanced,2025-10-17,1,High
E02409,SK001,9.0,Advanced,2026-03-14,1,High
E02410,SK006,1.4,Beginner,2025-07-02,1,Low
E02410,SK011,4.9,Advanced,2025-09-16,1,Medium
E02410,SK024,5.1,Advanced,2025-06-07,1,Medium
E02410,SK033,7.9,Advanced,2025-09-08,1,Medium
E02410,SK035,4.0,Advanced,2025-06-14,0,Low
E02410,SK036,9.3,Advanced,2025-01-07,1,High
E02411,SK002,1.5,Beginner,2024-12-26,0,Low
E02411,SK004,12.0,Advanced,2026-03-23,0,High
E02411,SK007,2.2,Intermediate,2026-01-24,0,Low
E02411,SK021,4.3,Advanced,2026-02-13,0,Medium
E02412,SK020,9.5,Advanced,2024-12-30,0,High
E02412,SK021,3.4,Intermediate,2025-03-02,1,Low
E02412,SK023,6.6,Advanced,2025-08-21,1,Medium
E02412,SK032,4.2,Advanced,2025-08-19,1,Low
E02412,SK036,7.6,Advanced,2025-01-30,1,Medium
E02412,SK037,6.8,Advanced,2026-01-07,0,Medium
E02413,SK017,9.8,Advanced,2025-03-06,0,High
E02413,SK022,5.5,Advanced,2025-07-26,0,Low
E02413,SK024,8.5,Advanced,2025-02-19,1,High
E02413,SK026,3.0,Intermediate,2026-02-13,0,Low
E02413,SK031,5.4,Advanced,2025-07-21,0,Medium
E02414,SK002,1.7,Beginner,2025-10-08,1,High
E02414,SK013,1.2,Beginner,2024-10-15,0,Medium
E02414,SK016,1.9,Beginner,2025-12-25,0,High
E02414,SK024,0.9,Beginner,2025-01-16,1,Medium
E02415,SK002,0.9,Beginner,2025-04-28,1,High
E02415,SK010,0.5,Beginner,2026-03-19,0,Medium
E02415,SK030,0.8,Beginner,2026-03-12,0,High
E02415,SK033,0.8,Beginner,2025-03-28,1,Medium
E02416,SK011,7.4,Advanced,2025-03-31,0,Medium
E02416,SK017,3.9,Intermediate,2025-04-10,0,Medium
E02416,SK018,4.8,Advanced,2024-10-24,0,Medium
E02416,SK022,3.7,Intermediate,2025-01-03,0,Low
E02416,SK035,4.0,Advanced,2026-01-28,1,Medium
E02417,SK002,3.9,Intermediate,2025-07-03,0,High
E02417,SK004,0.5,Beginner,2026-02-13,0,Low
E02417,SK009,3.0,Intermediate,2025-04-20,0,High
E02417,SK028,1.9,Beginner,2025-10-02,0,Medium
E02417,SK029,2.1,Intermediate,2025-06-13,0,Medium
E02418,SK005,2.8,Intermediate,2025-06-04,1,Medium
E02418,SK013,2.9,Intermediate,2024-12-09,1,Medium
E02418,SK015,6.4,Advanced,2026-02-21,0,High
E02418,SK020,7.0,Advanced,2025-03-22,1,High
E02419,SK008,8.6,Advanced,2024-10-11,1,Medium
E02419,SK013,3.9,Intermediate,2024-12-16,1,Medium
E02419,SK024,1.4,Beginner,2024-10-30,1,Low
E02419,SK027,9.9,Advanced,2025-06-15,1,High
E02419,SK028,3.9,Intermediate,2025-01-04,0,Medium
E02419,SK030,5.6,Advanced,2025-02-03,1,Medium
E02420,SK001,6.9,Advanced,2025-09-10,1,Low
E02420,SK008,10.1,Advanced,2026-01-19,1,Medium
E02420,SK009,10.4,Advanced,2025-10-27,0,Medium
E02420,SK010,11.9,Advanced,2025-05-09,1,Medium
E02420,SK024,12.5,Advanced,2026-01-05,0,High
E02420,SK026,10.5,Advanced,2026-02-08,0,Medium
E02420,SK034,7.6,Advanced,2024-11-28,1,Medium
E02420,SK036,7.8,Advanced,2026-02-28,1,Low
E02421,SK023,3.0,Intermediate,2025-12-15,0,High
E02421,SK024,2.2,Intermediate,2026-03-13,0,Medium
E02421,SK029,1.1,Beginner,2025-04-11,0,Low
E02421,SK036,1.8,Beginner,2025-12-27,0,Medium
E02422,SK003,0.5,Beginner,2025-08-15,0,Low
E02422,SK004,0.5,Beginner,2025-11-27,0,Medium
E02422,SK005,0.5,Beginner,2025-09-19,0,Medium
E02422,SK007,0.5,Beginner,2025-05-18,0,Medium
E02422,SK024,0.5,Beginner,2025-02-06,0,High
E02422,SK028,0.5,Beginner,2026-01-13,0,High
E02423,SK004,3.1,Intermediate,2025-05-31,1,Medium
E02423,SK013,1.5,Beginner,2024-10-11,1,Low
E02423,SK014,1.9,Beginner,2026-02-26,1,Medium
E02423,SK018,3.3,Intermediate,2025-10-24,1,High
E02423,SK020,1.8,Beginner,2025-08-21,1,Medium
E02423,SK034,2.4,Intermediate,2025-04-07,1,Medium
E02424,SK012,1.4,Beginner,2025-05-26,1,Low
E02424,SK017,1.3,Beginner,2025-06-11,1,Medium
E02424,SK024,1.3,Beginner,2025-07-27,1,Low
E02424,SK036,3.0,Intermediate,2025-11-12,0,High
E02425,SK022,2.2,Intermediate,2025-03-30,1,Low
E02425,SK025,5.0,Advanced,2025-01-21,1,High
E02425,SK029,1.5,Beginner,2026-02-19,1,Low
E02425,SK038,2.0,Intermediate,2024-11-16,0,Low
E02426,SK014,0.6,Beginner,2025-12-25,0,Low
E02426,SK021,1.8,Beginner,2025-09-24,1,Medium
E02426,SK024,1.0,Beginner,2025-02-03,1,Low
E02426,SK025,2.4,Intermediate,2025-09-05,1,High
E02427,SK017,0.7,Beginner,2025-10-21,0,Medium
E02427,SK019,0.5,Beginner,2024-11-28,0,Medium
E02427,SK023,0.8,Beginner,2025-03-11,0,High
E02427,SK030,0.5,Beginner,2025-03-23,0,Medium
E02428,SK024,2.4,Intermediate,2026-02-25,1,Low
E02428,SK025,1.7,Beginner,2025-03-10,1,Low
E02428,SK026,4.0,Advanced,2025-04-04,1,Medium
E02428,SK031,3.2,Intermediate,2026-01-15,0,Low
E02429,SK005,2.7,Intermediate,2024-10-18,1,Low
E02429,SK012,4.1,Advanced,2025-05-24,1,Medium
E02429,SK017,3.0,Intermediate,2025-03-25,0,Low
E02429,SK020,1.0,Beginner,2025-08-25,1,Low
E02429,SK025,9.0,Advanced,2025-11-05,1,High
E02429,SK028,2.0,Intermediate,2026-02-27,1,Low
E02429,SK030,7.2,Advanced,2025-09-06,1,Medium
E02430,SK001,4.4,Advanced,2025-08-05,0,High
E02430,SK015,2.3,Intermediate,2025-08-29,0,Low
E02430,SK016,4.2,Advanced,2026-03-15,0,Medium
E02430,SK020,3.8,Intermediate,2026-03-21,0,Medium
E02431,SK001,0.5,Beginner,2025-06-11,1,Low
E02431,SK013,0.5,Beginner,2025-11-21,1,Medium
E02432,SK005,9.2,Advanced,2026-01-07,0,High
E02432,SK017,11.7,Advanced,2025-10-19,1,High
E02432,SK021,8.9,Advanced,2025-12-05,1,Medium
E02432,SK025,10.6,Advanced,2026-01-20,1,Medium
E02432,SK029,7.8,Advanced,2025-04-09,1,Medium
E02432,SK033,7.6,Advanced,2025-02-11,1,Medium
E02433,SK011,12.3,Advanced,2025-11-09,0,High
E02433,SK015,9.7,Advanced,2024-12-17,0,Medium
E02433,SK017,8.0,Advanced,2025-08-01,0,Medium
E02433,SK020,10.2,Advanced,2025-12-10,1,Medium
E02433,SK029,9.1,Advanced,2026-02-01,0,Medium
E02434,SK001,3.7,Intermediate,2025-01-07,0,Medium
E02434,SK009,3.7,Intermediate,2024-10-12,0,Medium
E02434,SK018,2.9,Intermediate,2025-09-21,0,Medium
E02434,SK029,5.0,Advanced,2024-11-03,1,High
E02435,SK001,10.0,Advanced,2025-10-12,0,High
E02435,SK006,3.1,Intermediate,2024-11-03,0,Low
E02435,SK016,4.2,Advanced,2025-01-05,0,Low
E02435,SK018,6.4,Advanced,2025-08-30,0,Medium
E02435,SK037,4.1,Advanced,2026-02-05,0,Medium
E02436,SK022,1.4,Beginner,2025-03-11,1,Medium
E02436,SK023,2.5,Intermediate,2025-07-17,1,Medium
E02436,SK024,2.8,Intermediate,2025-06-14,1,High
E02436,SK028,0.5,Beginner,2025-07-22,0,Low
E02436,SK029,1.9,Beginner,2024-12-20,1,Medium
E02436,SK034,0.5,Beginner,2025-12-27,0,Low
E02436,SK038,0.5,Beginner,2025-05-07,1,Low
E02437,SK002,7.4,Advanced,2025-03-31,0,Medium
E02437,SK020,5.6,Advanced,2025-03-31,1,Medium
E02437,SK021,9.0,Advanced,2026-01-19,1,High
E02437,SK022,4.5,Advanced,2024-12-23,0,Low
E02437,SK026,2.2,Intermediate,2026-02-05,1,Low
E02437,SK028,4.8,Advanced,2025-11-28,1,Medium
E02438,SK005,4.1,Advanced,2025-06-11,0,Medium
E02438,SK006,2.2,Intermediate,2024-11-13,1,Medium
E02438,SK011,0.8,Beginner,2025-03-19,1,Low
E02438,SK018,5.8,Advanced,2026-02-14,1,High
E02438,SK035,0.6,Beginner,2024-10-31,1,Low
E02439,SK016,5.1,Advanced,2025-01-29,0,Low
E02439,SK017,4.9,Advanced,2026-02-24,0,Low
E02439,SK020,9.9,Advanced,2024-11-18,0,High
E02439,SK029,1.5,Beginner,2024-10-18,0,Low
E02440,SK019,2.8,Intermediate,2025-09-17,0,Medium
E02440,SK025,3.0,Intermediate,2025-09-25,0,Low
E02441,SK006,2.1,Intermediate,2026-02-28,0,High
E02441,SK008,2.2,Intermediate,2024-11-13,1,High
E02441,SK010,1.7,Beginner,2024-11-20,0,Medium
E02441,SK036,1.1,Beginner,2025-03-05,1,Medium
E02442,SK006,3.9,Intermediate,2026-01-21,0,Medium
E02442,SK016,5.5,Advanced,2025-03-13,1,Medium
E02442,SK029,3.4,Intermediate,2026-03-17,0,Low
E02442,SK032,3.3,Intermediate,2026-02-26,0,Medium
E02443,SK003,5.9,Advanced,2024-12-13,0,Low
E02443,SK004,2.4,Intermediate,2025-09-03,0,Low
E02443,SK018,8.2,Advanced,2025-05-28,0,Medium
E02443,SK022,8.8,Advanced,2026-03-14,0,Medium
E02443,SK024,10.2,Advanced,2024-11-24,0,Medium
E02443,SK025,3.5,Intermediate,2025-12-22,0,Low
E02443,SK030,8.8,Advanced,2024-11-03,0,Medium
E02444,SK001,7.3,Advanced,2024-10-30,1,Medium
E02444,SK003,3.7,Intermediate,2025-06-17,1,Medium
E02444,SK005,10.0,Advanced,2025-01-31,1,High
E02444,SK013,3.8,Intermediate,2025-05-06,1,Low
E02444,SK023,5.0,Advanced,2026-01-27,1,Medium
E02444,SK026,6.7,Advanced,2025-11-28,1,Medium
E02444,SK035,5.9,Advanced,2025-12-07,1,Medium
E02445,SK005,5.2,Advanced,2025-03-03,1,High
E02445,SK006,2.2,Intermediate,2025-07-23,1,Medium
E02445,SK009,3.0,Intermediate,2026-01-13,1,Medium
E02445,SK014,1.3,Beginner,2025-12-07,1,Low
E02446,SK013,2.0,Intermediate,2025-12-08,1,Low
E02446,SK015,11.0,Advanced,2025-07-12,0,High
E02446,SK016,6.8,Advanced,2025-03-30,1,Medium
E02446,SK017,7.8,Advanced,2025-12-22,0,High
E02446,SK024,5.8,Advanced,2025-04-18,1,Medium
E02446,SK027,5.7,Advanced,2025-10-01,1,Medium
E02446,SK037,5.8,Advanced,2025-12-17,1,Medium
E02447,SK004,9.7,Advanced,2025-04-07,1,High
E02447,SK022,9.1,Advanced,2024-12-24,1,Medium
E02447,SK027,1.4,Beginner,2024-12-03,1,Low
E02448,SK001,3.0,Intermediate,2026-02-01,0,High
E02448,SK002,1.9,Beginner,2025-05-17,0,Medium
E02448,SK006,2.1,Intermediate,2025-05-25,0,Medium
E02448,SK011,0.7,Beginner,2024-11-17,0,Low
E02448,SK024,2.0,Intermediate,2025-08-16,0,Medium
E02448,SK033,1.4,Beginner,2025-11-22,0,Low
E02449,SK001,6.3,Advanced,2024-10-26,0,High
E02449,SK004,3.5,Intermediate,2025-09-07,0,Low
E02449,SK007,2.6,Intermediate,2024-10-28,0,Low
E02449,SK010,8.0,Advanced,2025-05-02,0,High
E02449,SK011,5.5,Advanced,2025-08-06,0,Medium
E02449,SK013,6.6,Advanced,2025-06-24,0,Medium
E02450,SK019,3.1,Intermediate,2025-01-01,1,Medium
E02450,SK024,6.0,Advanced,2024-12-11,1,High
E02450,SK029,2.8,Intermediate,2025-07-22,0,Low
E02451,SK006,3.5,Intermediate,2025-11-28,1,Medium
E02451,SK011,3.4,Intermediate,2025-01-21,0,Medium
E02451,SK014,3.8,Intermediate,2024-11-13,1,Medium
E02451,SK017,7.0,Advanced,2026-03-03,1,High
E02452,SK025,1.5,Beginner,2025-11-16,1,High
E02452,SK028,0.9,Beginner,2025-09-18,1,Medium
E02453,SK020,3.0,Intermediate,2026-03-17,1,Medium
E02453,SK022,2.9,Intermediate,2025-07-02,0,High
E02453,SK023,3.7,Intermediate,2026-02-23,1,High
E02453,SK036,1.7,Beginner,2025-06-20,1,Medium
E02454,SK005,0.5,Beginner,2025-11-04,1,Low
E02454,SK009,0.5,Beginner,2025-07-25,0,Medium
E02454,SK022,0.5,Beginner,2025-06-26,1,Low
E02454,SK027,1.0,Beginner,2024-12-01,1,High
E02454,SK029,1.0,Beginner,2024-12-07,0,High
E02455,SK015,0.5,Beginner,2025-09-18,1,Medium
E02455,SK031,0.5,Beginner,2024-11-19,0,High
E02456,SK014,3.6,Intermediate,2025-04-15,0,Medium
E02456,SK021,0.7,Beginner,2026-01-16,1,Low
E02456,SK025,7.0,Advanced,2025-08-25,1,High
E02457,SK001,5.1,Advanced,2025-12-02,0,Medium
E02457,SK013,1.0,Beginner,2025-07-03,0,Low
E02457,SK017,3.7,Intermediate,2025-08-12,0,Medium
E02457,SK018,4.3,Advanced,2025-12-14,0,High
E02457,SK020,5.1,Advanced,2025-07-22,1,Medium
E02457,SK022,2.7,Intermediate,2025-12-16,0,Low
E02457,SK023,3.1,Intermediate,2025-07-12,0,Medium
E02457,SK025,3.2,Intermediate,2025-01-13,0,Medium
E02458,SK008,1.0,Beginner,2025-06-28,1,High
E02458,SK010,0.5,Beginner,2026-01-26,1,Low
E02458,SK036,0.9,Beginner,2025-12-30,0,High
E02459,SK006,1.5,Beginner,2025-01-08,0,Medium
E02459,SK012,2.2,Intermediate,2026-02-28,0,High
E02459,SK013,3.0,Intermediate,2025-04-16,0,High
E02459,SK017,1.2,Beginner,2025-04-23,0,Low
E02460,SK004,4.6,Advanced,2024-12-01,0,High
E02460,SK027,2.3,Intermediate,2025-06-18,1,Low
E02460,SK029,6.0,Advanced,2026-02-06,0,High
E02460,SK035,5.1,Advanced,2025-10-08,1,Medium
E02461,SK011,7.0,Advanced,2025-11-16,0,High
E02461,SK015,5.9,Advanced,2025-09-30,1,Medium
E02461,SK020,2.1,Intermediate,2025-04-19,0,Low
E02461,SK033,6.3,Advanced,2025-08-19,0,High
E02462,SK006,3.6,Intermediate,2026-02-05,0,Medium
E02462,SK012,2.8,Intermediate,2025-12-31,0,Medium
E02462,SK013,1.9,Beginner,2026-02-06,0,Low
E02462,SK018,1.6,Beginner,2025-05-30,0,Low
E02462,SK034,1.8,Beginner,2025-09-10,0,Low
E02463,SK014,5.2,Advanced,2025-09-12,1,Low
E02463,SK019,5.0,Advanced,2025-06-24,0,Low
E02463,SK023,4.3,Advanced,2024-11-14,1,Medium
E02463,SK026,3.3,Intermediate,2024-12-20,1,Low
E02463,SK029,4.2,Advanced,2025-03-11,0,Low
E02463,SK030,4.9,Advanced,2025-10-29,0,Medium
E02464,SK001,1.6,Beginner,2025-09-24,0,Medium
E02464,SK016,0.9,Beginner,2025-11-15,1,Low
E02464,SK022,0.5,Beginner,2026-03-03,1,Low
E02464,SK038,1.1,Beginner,2025-06-16,1,Medium
E02465,SK007,6.4,Advanced,2025-11-29,0,Low
E02465,SK013,2.4,Intermediate,2025-12-22,1,Low
E02465,SK014,14.8,Advanced,2025-05-11,0,High
E02465,SK018,2.4,Intermediate,2025-06-14,1,Low
E02465,SK023,7.3,Advanced,2025-02-27,1,Low
E02465,SK036,4.3,Advanced,2024-11-18,1,Low
E02466,SK011,5.2,Advanced,2025-01-07,0,High
E02466,SK022,0.7,Beginner,2025-01-22,0,Low
E02466,SK032,4.0,Advanced,2025-10-22,0,Medium
E02467,SK013,0.5,Beginner,2026-03-24,1,High
E02467,SK028,0.5,Beginner,2025-06-20,1,High
E02468,SK002,4.2,Advanced,2025-01-15,1,Medium
E02468,SK005,1.5,Beginner,2024-11-15,1,Low
E02468,SK007,8.2,Advanced,2025-12-05,1,Medium
E02468,SK009,11.7,Advanced,2025-11-13,1,High
E02468,SK034,7.1,Advanced,2026-02-18,1,Medium
E02469,SK017,4.5,Advanced,2025-10-02,0,Medium
E02469,SK021,9.4,Advanced,2025-12-09,0,Medium
E02469,SK025,4.9,Advanced,2026-02-23,0,Medium
E02470,SK013,1.2,Beginner,2025-09-10,1,Low
E02470,SK015,2.1,Intermediate,2025-01-02,1,Low
E02470,SK021,4.4,Advanced,2025-07-19,1,Medium
E02470,SK023,4.4,Advanced,2024-11-11,1,Medium
E02470,SK024,4.4,Advanced,2025-07-20,0,High
E02470,SK031,1.4,Beginner,2025-02-25,1,Low
E02470,SK037,2.6,Intermediate,2024-11-11,0,Medium
E02471,SK007,12.0,Advanced,2025-12-16,1,Medium
E02471,SK016,3.6,Intermediate,2025-07-15,0,Low
E02471,SK019,12.8,Advanced,2025-07-23,1,High
E02471,SK021,12.3,Advanced,2026-02-07,0,High
E02471,SK023,7.9,Advanced,2024-10-20,1,Low
E02471,SK024,3.9,Intermediate,2025-02-20,1,Low
E02471,SK029,6.3,Advanced,2025-09-16,1,Medium
E02472,SK002,6.6,Advanced,2025-07-17,1,High
E02472,SK005,2.7,Intermediate,2024-12-22,1,Medium
E02472,SK006,2.6,Intermediate,2025-10-01,1,Low
E02472,SK008,3.0,Intermediate,2026-03-15,0,Medium
E02472,SK010,5.3,Advanced,2024-10-25,1,High
E02472,SK013,1.3,Beginner,2026-02-22,0,Low
E02472,SK017,5.9,Advanced,2025-03-05,1,Medium
E02472,SK024,2.1,Intermediate,2025-02-20,0,Low
E02473,SK004,0.8,Beginner,2025-11-26,1,Medium
E02473,SK019,0.5,Beginner,2025-07-28,1,Medium
E02473,SK032,0.5,Beginner,2025-10-22,1,Medium
E02473,SK033,0.8,Beginner,2024-12-04,1,Medium
E02474,SK001,0.8,Beginner,2025-08-15,0,Medium
E02474,SK013,0.6,Beginner,2024-10-17,0,Medium
E02474,SK037,0.5,Beginner,2025-05-05,0,Low
E02475,SK025,3.0,Intermediate,2026-02-12,0,Low
E02475,SK031,1.4,Beginner,2025-02-25,1,Low
E02475,SK038,2.0,Intermediate,2025-11-01,1,Low
E02476,SK007,5.0,Advanced,2025-04-03,0,High
E02476,SK012,1.0,Beginner,2025-12-29,1,Low
E02476,SK013,2.2,Intermediate,2026-03-08,1,Low
E02476,SK020,2.3,Intermediate,2025-04-14,1,Medium
E02476,SK037,3.7,Intermediate,2026-02-19,1,High
E02477,SK002,1.4,Beginner,2025-12-08,1,Low
E02477,SK034,1.3,Beginner,2025-06-19,1,Low
E02477,SK037,2.2,Intermediate,2026-01-25,1,Medium
E02478,SK008,4.8,Advanced,2025-08-09,0,Medium
E02478,SK011,3.1,Intermediate,2025-10-31,0,Low
E02478,SK014,2.5,Intermediate,2025-02-10,0,Low
E02478,SK022,2.9,Intermediate,2025-06-13,0,Medium
E02478,SK023,4.9,Advanced,2024-12-30,0,Medium
E02478,SK025,7.4,Advanced,2025-09-25,0,High
E02479,SK010,2.1,Intermediate,2025-07-21,1,Medium
E02479,SK021,1.3,Beginner,2024-12-22,1,Medium
E02480,SK007,1.5,Beginner,2025-03-20,1,Low
E02480,SK011,7.1,Advanced,2025-01-14,1,Medium
E02480,SK018,4.2,Advanced,2024-10-22,1,Low
E02480,SK020,6.0,Advanced,2025-09-25,0,Medium
E02480,SK022,10.7,Advanced,2025-10-25,1,High
E02480,SK023,9.7,Advanced,2024-10-26,1,High
E02480,SK026,7.3,Advanced,2025-01-24,0,Medium
E02480,SK033,5.1,Advanced,2025-05-02,1,Low
E02480,SK035,2.9,Intermediate,2026-03-04,1,Low
E02481,SK002,4.5,Advanced,2024-10-11,0,Medium
E02481,SK006,0.9,Beginner,2025-08-04,0,Low
E02481,SK007,3.3,Intermediate,2025-05-22,0,Medium
E02481,SK011,6.3,Advanced,2025-01-25,0,High
E02481,SK013,0.7,Beginner,2026-02-06,0,Low
E02481,SK027,2.4,Intermediate,2025-11-06,0,Low
E02482,SK001,7.0,Advanced,2026-03-11,1,High
E02482,SK018,1.0,Beginner,2024-10-22,1,Low
E02482,SK020,5.8,Advanced,2025-12-05,1,Medium
E02482,SK022,1.4,Beginner,2025-12-29,1,Low
E02483,SK005,4.1,Advanced,2025-12-18,1,Low
E02483,SK016,6.6,Advanced,2026-01-01,1,Medium
E02483,SK021,5.1,Advanced,2024-10-28,1,Medium
E02483,SK029,8.7,Advanced,2024-10-28,0,High
E02484,SK007,1.3,Beginner,2025-09-04,0,Low
E02484,SK022,5.9,Advanced,2025-12-08,0,High
E02485,SK001,4.7,Advanced,2024-10-24,0,Medium
E02485,SK026,1.7,Beginner,2025-01-23,0,Low
E02485,SK032,2.9,Intermediate,2025-11-10,0,Low
E02486,SK005,0.6,Beginner,2026-02-21,0,Low
E02486,SK008,3.7,Intermediate,2024-11-23,0,Medium
E02486,SK009,0.6,Beginner,2025-07-04,0,Low
E02486,SK010,2.4,Intermediate,2025-11-15,0,Medium
E02487,SK001,3.9,Intermediate,2026-01-14,1,Medium
E02487,SK002,1.1,Beginner,2025-08-30,1,Low
E02487,SK007,1.1,Beginner,2025-12-03,1,Low
E02487,SK024,7.0,Advanced,2025-03-04,0,High
E02488,SK019,6.0,Advanced,2025-07-26,0,Medium
E02488,SK021,9.4,Advanced,2025-10-27,0,High
E02488,SK026,3.2,Intermediate,2024-10-21,0,Low
E02489,SK009,2.0,Intermediate,2026-02-22,1,High
E02489,SK036,0.9,Beginner,2024-10-11,0,Medium
E02489,SK037,1.5,Beginner,2025-05-25,1,High
E02490,SK002,0.6,Beginner,2025-11-02,0,Low
E02490,SK007,4.9,Advanced,2025-04-03,0,High
E02490,SK013,2.2,Intermediate,2025-09-03,0,Low
E02490,SK018,2.0,Intermediate,2024-12-12,0,Medium
E02490,SK021,2.3,Intermediate,2024-10-09,0,Low
E02491,SK020,2.1,Intermediate,2026-03-07,1,Low
E02491,SK021,5.7,Advanced,2025-02-04,1,High
E02491,SK024,6.0,Advanced,2025-04-06,1,High
E02491,SK025,2.4,Intermediate,2024-12-20,1,Medium
E02491,SK031,4.8,Advanced,2025-11-23,0,Medium
E02492,SK010,1.5,Beginner,2026-02-06,0,Low
E02492,SK013,2.9,Intermediate,2024-10-22,0,Medium
E02492,SK015,3.9,Intermediate,2025-08-19,1,High
E02492,SK018,1.5,Beginner,2025-05-15,1,Low
E02492,SK022,1.7,Beginner,2025-09-09,0,Medium
E02493,SK005,3.2,Intermediate,2025-08-17,0,High
E02493,SK010,2.7,Intermediate,2025-04-05,0,Medium
E02493,SK018,1.3,Beginner,2025-08-02,0,Low
E02493,SK028,3.7,Intermediate,2025-05-15,0,High
E02494,SK003,6.5,Advanced,2025-10-09,0,Medium
E02494,SK009,4.2,Advanced,2025-04-07,0,Medium
E02494,SK010,11.0,Advanced,2025-10-29,1,High
E02494,SK031,4.9,Advanced,2025-01-21,0,Medium
E02494,SK037,2.4,Intermediate,2025-03-13,0,Low
E02495,SK011,4.1,Advanced,2025-08-22,0,Medium
E02495,SK017,11.0,Advanced,2024-10-30,0,High
E02495,SK035,5.0,Advanced,2025-12-12,0,Low
E02495,SK036,2.0,Intermediate,2026-02-02,0,Low
E02496,SK023,0.5,Beginner,2025-02-18,0,Low
E02496,SK031,0.5,Beginner,2024-12-18,1,High
E02497,SK005,0.5,Beginner,2025-10-25,1,High
E02497,SK007,0.5,Beginner,2025-05-26,1,Medium
E02497,SK013,0.5,Beginner,2025-12-10,0,Medium
E02497,SK023,0.5,Beginner,2025-05-02,0,Medium
E02498,SK004,4.7,Advanced,2025-11-29,1,High
E02498,SK021,5.0,Advanced,2025-09-17,1,High
E02498,SK025,3.1,Intermediate,2025-11-15,1,Medium
E02498,SK027,3.0,Intermediate,2025-02-07,0,Low
E02499,SK001,4.9,Advanced,2026-02-24,1,Medium
E02499,SK005,4.8,Advanced,2026-01-24,1,High
E02499,SK007,3.0,Intermediate,2025-03-22,1,Medium
E02500,SK018,4.2,Advanced,2025-09-28,0,Medium
E02500,SK020,2.4,Intermediate,2025-11-29,1,Low
E02500,SK026,5.2,Advanced,2025-10-09,1,High
E00001,SK044,1.0,Beginner,2026-05-01,0,Medium
E00001,SK045,1.0,Beginner,2026-05-01,0,Medium
E00001,SK046,1.0,Beginner,2026-05-01,0,Medium
E00001,SK040,1.0,Beginner,2026-05-01,0,High
E00001,SK052,1.0,Beginner,2026-05-01,0,Medium
E00002,SK040,4.0,Intermediate,2026-05-01,1,High
E00003,SK040,5.0,Intermediate,2026-05-01,1,High
E00004,SK044,7.0,Advanced,2026-05-01,0,Medium
E00004,SK045,7.0,Advanced,2026-05-01,0,Medium
E00004,SK046,7.0,Advanced,2026-05-01,0,Medium
E00004,SK040,7.0,Advanced,2026-05-01,1,High
E00004,SK052,7.0,Advanced,2026-05-01,0,Medium
E00006,SK044,6.0,Advanced,2026-05-01,0,Medium
E00006,SK045,6.0,Advanced,2026-05-01,0,Medium
E00006,SK046,6.0,Advanced,2026-05-01,0,Medium
E00006,SK040,6.0,Advanced,2026-05-01,1,High
E00006,SK042,6.0,Advanced,2026-05-01,0,High
E00007,SK044,10.0,Advanced,2026-05-01,0,Medium
E00007,SK045,10.0,Advanced,2026-05-01,0,Medium
E00007,SK046,10.0,Advanced,2026-05-01,0,Medium
E00007,SK040,10.0,Advanced,2026-05-01,1,High
E00007,SK042,10.0,Advanced,2026-05-01,0,High
E00008,SK044,15.0,Advanced,2026-05-01,0,Medium
E00008,SK045,15.0,Advanced,2026-05-01,0,Medium
E00008,SK046,15.0,Advanced,2026-05-01,0,Medium
E00008,SK042,15.0,Advanced,2026-05-01,0,High
E00008,SK043,15.0,Advanced,2026-05-01,0,Medium
E00009,SK044,0.5,Beginner,2026-05-01,0,Medium
E00009,SK045,0.5,Beginner,2026-05-01,0,Medium
E00009,SK046,0.5,Beginner,2026-05-01,0,Medium
E00009,SK039,0.5,Beginner,2026-05-01,0,High
E00009,SK049,0.5,Beginner,2026-05-01,0,High
E00011,SK044,12.0,Advanced,2026-05-01,0,Medium
E00011,SK045,12.0,Advanced,2026-05-01,0,Medium
E00011,SK046,12.0,Advanced,2026-05-01,0,Medium
E00011,SK040,12.0,Advanced,2026-05-01,1,High
E00011,SK042,12.0,Advanced,2026-05-01,0,High
E00012,SK044,7.0,Advanced,2026-05-01,0,Medium
E00012,SK045,7.0,Advanced,2026-05-01,0,Medium
E00012,SK046,7.0,Advanced,2026-05-01,0,Medium
E00012,SK040,7.0,Advanced,2026-05-01,1,High
E00012,SK052,7.0,Advanced,2026-05-01,0,Medium
E00013,SK044,4.0,Intermediate,2026-05-01,0,Medium
E00013,SK045,4.0,Intermediate,2026-05-01,0,Medium
E00013,SK046,4.0,Intermediate,2026-05-01,0,Medium
E00013,SK040,4.0,Intermediate,2026-05-01,1,High
E00013,SK052,4.0,Intermediate,2026-05-01,0,Medium
E00014,SK040,5.0,Intermediate,2026-05-01,1,High
E00016,SK044,14.0,Advanced,2026-05-01,0,Medium
E00016,SK045,14.0,Advanced,2026-05-01,0,Medium
E00016,SK046,14.0,Advanced,2026-05-01,0,Medium
E00016,SK040,14.0,Advanced,2026-05-01,1,High
E00016,SK042,14.0,Advanced,2026-05-01,0,High
E00017,SK044,9.0,Advanced,2026-05-01,0,Medium
E00017,SK045,9.0,Advanced,2026-05-01,0,Medium
E00017,SK046,9.0,Advanced,2026-05-01,0,Medium
E00017,SK040,9.0,Advanced,2026-05-01,1,High
E00017,SK042,9.0,Advanced,2026-05-01,0,High
E00018,SK044,10.0,Advanced,2026-05-01,0,Medium
E00018,SK045,10.0,Advanced,2026-05-01,0,Medium
E00018,SK046,10.0,Advanced,2026-05-01,0,Medium
E00018,SK042,10.0,Advanced,2026-05-01,0,High
E00018,SK043,10.0,Advanced,2026-05-01,0,Medium
E00019,SK044,6.0,Advanced,2026-05-01,0,Medium
E00019,SK052,6.0,Advanced,2026-05-01,0,Medium
E00020,SK044,7.0,Advanced,2026-05-01,0,Medium
E00020,SK045,7.0,Advanced,2026-05-01,0,Medium
E00020,SK046,7.0,Advanced,2026-05-01,0,Medium
E00020,SK040,7.0,Advanced,2026-05-01,1,High
E00020,SK042,7.0,Advanced,2026-05-01,0,High
E00021,SK044,12.0,Advanced,2026-05-01,0,Medium
E00021,SK045,12.0,Advanced,2026-05-01,0,Medium
E00021,SK046,12.0,Advanced,2026-05-01,0,Medium
E00021,SK042,12.0,Advanced,2026-05-01,0,High
E00021,SK043,12.0,Advanced,2026-05-01,0,Medium
E00023,SK044,6.0,Advanced,2026-05-01,0,Medium
E00023,SK045,6.0,Advanced,2026-05-01,0,Medium
E00023,SK046,6.0,Advanced,2026-05-01,0,Medium
E00023,SK052,6.0,Advanced,2026-05-01,0,Medium
E00023,SK053,6.0,Advanced,2026-05-01,0,Medium
E00024,SK044,9.0,Advanced,2026-05-01,0,Medium
E00024,SK045,9.0,Advanced,2026-05-01,0,Medium
E00024,SK046,9.0,Advanced,2026-05-01,0,Medium
E00024,SK040,9.0,Advanced,2026-05-01,1,High
E00024,SK042,9.0,Advanced,2026-05-01,0,High
E00025,SK044,8.0,Advanced,2026-05-01,0,Medium
E00025,SK045,8.0,Advanced,2026-05-01,0,Medium
E00025,SK046,8.0,Advanced,2026-05-01,0,Medium
E00025,SK040,8.0,Advanced,2026-05-01,1,High
E00025,SK042,8.0,Advanced,2026-05-01,0,High
E00026,SK044,2.0,Beginner,2026-05-01,0,Medium
E00026,SK052,2.0,Beginner,2026-05-01,0,Medium
E00027,SK040,3.0,Intermediate,2026-05-01,1,High
E00028,SK044,12.0,Advanced,2026-05-01,0,Medium
E00028,SK045,12.0,Advanced,2026-05-01,0,Medium
E00028,SK046,12.0,Advanced,2026-05-01,0,Medium
E00028,SK040,12.0,Advanced,2026-05-01,1,High
E00028,SK042,12.0,Advanced,2026-05-01,0,High
E00030,SK044,5.0,Intermediate,2026-05-01,0,Medium
E00030,SK045,5.0,Intermediate,2026-05-01,0,Medium
E00030,SK046,5.0,Intermediate,2026-05-01,0,Medium
E00030,SK040,5.0,Intermediate,2026-05-01,1,High
E00030,SK052,5.0,Intermediate,2026-05-01,0,Medium
E00031,SK040,2.0,Beginner,2026-05-01,0,High
E00032,SK044,12.0,Advanced,2026-05-01,0,Medium
E00032,SK045,12.0,Advanced,2026-05-01,0,Medium
E00032,SK046,12.0,Advanced,2026-05-01,0,Medium
E00032,SK040,12.0,Advanced,2026-05-01,1,High
E00032,SK042,12.0,Advanced,2026-05-01,0,High
E00033,SK040,3.0,Intermediate,2026-05-01,1,High
E00034,SK040,6.0,Advanced,2026-05-01,1,High
E00035,SK040,3.0,Intermediate,2026-05-01,1,High
E00036,SK040,6.0,Advanced,2026-05-01,1,High
E00037,SK044,12.0,Advanced,2026-05-01,0,Medium
E00037,SK045,12.0,Advanced,2026-05-01,0,Medium
E00037,SK046,12.0,Advanced,2026-05-01,0,Medium
E00037,SK039,12.0,Advanced,2026-05-01,1,High
E00037,SK049,12.0,Advanced,2026-05-01,0,High
E00039,SK044,15.0,Advanced,2026-05-01,0,Medium
E00039,SK045,15.0,Advanced,2026-05-01,0,Medium
E00039,SK046,15.0,Advanced,2026-05-01,0,Medium
E00039,SK040,15.0,Advanced,2026-05-01,1,High
E00039,SK042,15.0,Advanced,2026-05-01,0,High
E00040,SK044,7.0,Advanced,2026-05-01,0,Medium
E00040,SK052,7.0,Advanced,2026-05-01,0,Medium
E00042,SK044,9.0,Advanced,2026-05-01,0,Medium
E00042,SK045,9.0,Advanced,2026-05-01,0,Medium
E00042,SK046,9.0,Advanced,2026-05-01,0,Medium
E00042,SK042,9.0,Advanced,2026-05-01,0,High
E00042,SK043,9.0,Advanced,2026-05-01,0,Medium
E00043,SK044,11.0,Advanced,2026-05-01,0,Medium
E00043,SK045,11.0,Advanced,2026-05-01,0,Medium
E00043,SK046,11.0,Advanced,2026-05-01,0,Medium
E00043,SK040,11.0,Advanced,2026-05-01,1,High
E00043,SK042,11.0,Advanced,2026-05-01,0,High
E00044,SK040,4.0,Intermediate,2026-05-01,1,High
E00045,SK044,15.0,Advanced,2026-05-01,0,Medium
E00045,SK045,15.0,Advanced,2026-05-01,0,Medium
E00045,SK046,15.0,Advanced,2026-05-01,0,Medium
E00045,SK040,15.0,Advanced,2026-05-01,1,High
E00045,SK042,15.0,Advanced,2026-05-01,0,High
E00046,SK044,7.0,Advanced,2026-05-01,0,Medium
E00046,SK045,7.0,Advanced,2026-05-01,0,Medium
E00046,SK046,7.0,Advanced,2026-05-01,0,Medium
E00046,SK042,7.0,Advanced,2026-05-01,0,High
E00046,SK043,7.0,Advanced,2026-05-01,0,Medium
E00049,SK044,4.0,Intermediate,2026-05-01,0,Medium
E00049,SK045,4.0,Intermediate,2026-05-01,0,Medium
E00049,SK046,4.0,Intermediate,2026-05-01,0,Medium
E00049,SK039,4.0,Intermediate,2026-05-01,1,High
E00049,SK049,4.0,Intermediate,2026-05-01,0,High
E00050,SK044,8.0,Advanced,2026-05-01,0,Medium
E00050,SK045,8.0,Advanced,2026-05-01,0,Medium
E00050,SK046,8.0,Advanced,2026-05-01,0,Medium
E00050,SK040,8.0,Advanced,2026-05-01,1,High
E00050,SK042,8.0,Advanced,2026-05-01,0,High
E00051,SK044,7.0,Advanced,2026-05-01,0,Medium
E00051,SK045,7.0,Advanced,2026-05-01,0,Medium
E00051,SK046,7.0,Advanced,2026-05-01,0,Medium
E00051,SK040,7.0,Advanced,2026-05-01,1,High
E00051,SK042,7.0,Advanced,2026-05-01,0,High
E00052,SK040,6.0,Advanced,2026-05-01,1,High
E00053,SK044,4.0,Intermediate,2026-05-01,0,Medium
E00053,SK052,4.0,Intermediate,2026-05-01,0,Medium
E00056,SK044,11.0,Advanced,2026-05-01,0,Medium
E00056,SK045,11.0,Advanced,2026-05-01,0,Medium
E00056,SK046,11.0,Advanced,2026-05-01,0,Medium
E00056,SK042,11.0,Advanced,2026-05-01,0,High
E00056,SK043,11.0,Advanced,2026-05-01,0,Medium
E00058,SK044,8.0,Advanced,2026-05-01,0,Medium
E00058,SK045,8.0,Advanced,2026-05-01,0,Medium
E00058,SK046,8.0,Advanced,2026-05-01,0,Medium
E00058,SK042,8.0,Advanced,2026-05-01,0,High
E00058,SK043,8.0,Advanced,2026-05-01,0,Medium
E00059,SK040,0.5,Beginner,2026-05-01,0,High
E00060,SK044,9.0,Advanced,2026-05-01,0,Medium
E00060,SK045,9.0,Advanced,2026-05-01,0,Medium
E00060,SK046,9.0,Advanced,2026-05-01,0,Medium
E00060,SK040,9.0,Advanced,2026-05-01,1,High
E00060,SK042,9.0,Advanced,2026-05-01,0,High
E00061,SK040,1.0,Beginner,2026-05-01,0,High
E00062,SK044,5.0,Intermediate,2026-05-01,0,Medium
E00062,SK045,5.0,Intermediate,2026-05-01,0,Medium
E00062,SK046,5.0,Intermediate,2026-05-01,0,Medium
E00062,SK052,5.0,Intermediate,2026-05-01,0,Medium
E00062,SK053,5.0,Intermediate,2026-05-01,0,Medium
E00063,SK044,14.0,Advanced,2026-05-01,0,Medium
E00063,SK045,14.0,Advanced,2026-05-01,0,Medium
E00063,SK046,14.0,Advanced,2026-05-01,0,Medium
E00063,SK040,14.0,Advanced,2026-05-01,1,High
E00063,SK042,14.0,Advanced,2026-05-01,0,High
E00064,SK040,1.0,Beginner,2026-05-01,0,High
E00065,SK040,6.0,Advanced,2026-05-01,1,High
E00067,SK044,0.5,Beginner,2026-05-01,0,Medium
E00067,SK045,0.5,Beginner,2026-05-01,0,Medium
E00067,SK046,0.5,Beginner,2026-05-01,0,Medium
E00067,SK047,0.5,Beginner,2026-05-01,0,Medium
E00067,SK048,0.5,Beginner,2026-05-01,0,Medium
E00068,SK044,14.0,Advanced,2026-05-01,0,Medium
E00068,SK045,14.0,Advanced,2026-05-01,0,Medium
E00068,SK046,14.0,Advanced,2026-05-01,0,Medium
E00068,SK040,14.0,Advanced,2026-05-01,1,High
E00068,SK042,14.0,Advanced,2026-05-01,0,High
E00069,SK044,8.0,Advanced,2026-05-01,0,Medium
E00069,SK045,8.0,Advanced,2026-05-01,0,Medium
E00069,SK046,8.0,Advanced,2026-05-01,0,Medium
E00069,SK040,8.0,Advanced,2026-05-01,1,High
E00069,SK042,8.0,Advanced,2026-05-01,0,High
E00070,SK044,3.0,Intermediate,2026-05-01,0,Medium
E00070,SK045,3.0,Intermediate,2026-05-01,0,Medium
E00070,SK046,3.0,Intermediate,2026-05-01,0,Medium
E00070,SK039,3.0,Intermediate,2026-05-01,1,High
E00070,SK049,3.0,Intermediate,2026-05-01,0,High
E00071,SK044,8.0,Advanced,2026-05-01,0,Medium
E00071,SK045,8.0,Advanced,2026-05-01,0,Medium
E00071,SK046,8.0,Advanced,2026-05-01,0,Medium
E00071,SK042,8.0,Advanced,2026-05-01,0,High
E00071,SK043,8.0,Advanced,2026-05-01,0,Medium
E00072,SK044,7.0,Advanced,2026-05-01,0,Medium
E00072,SK045,7.0,Advanced,2026-05-01,0,Medium
E00072,SK046,7.0,Advanced,2026-05-01,0,Medium
E00072,SK047,7.0,Advanced,2026-05-01,0,Medium
E00072,SK048,7.0,Advanced,2026-05-01,0,Medium
E00073,SK044,6.0,Advanced,2026-05-01,0,Medium
E00073,SK045,6.0,Advanced,2026-05-01,0,Medium
E00073,SK046,6.0,Advanced,2026-05-01,0,Medium
E00074,SK044,9.0,Advanced,2026-05-01,0,Medium
E00074,SK045,9.0,Advanced,2026-05-01,0,Medium
E00074,SK046,9.0,Advanced,2026-05-01,0,Medium
E00074,SK042,9.0,Advanced,2026-05-01,0,High
E00074,SK043,9.0,Advanced,2026-05-01,0,Medium
E00075,SK044,15.0,Advanced,2026-05-01,0,Medium
E00075,SK045,15.0,Advanced,2026-05-01,0,Medium
E00075,SK046,15.0,Advanced,2026-05-01,0,Medium
E00075,SK042,15.0,Advanced,2026-05-01,0,High
E00075,SK043,15.0,Advanced,2026-05-01,0,Medium
E00077,SK040,3.0,Intermediate,2026-05-01,1,High
E00078,SK044,10.0,Advanced,2026-05-01,0,Medium
E00078,SK045,10.0,Advanced,2026-05-01,0,Medium
E00078,SK046,10.0,Advanced,2026-05-01,0,Medium
E00078,SK039,10.0,Advanced,2026-05-01,1,High
E00078,SK049,10.0,Advanced,2026-05-01,0,High
E00079,SK044,5.0,Intermediate,2026-05-01,0,Medium
E00079,SK045,5.0,Intermediate,2026-05-01,0,Medium
E00079,SK046,5.0,Intermediate,2026-05-01,0,Medium
E00079,SK052,5.0,Intermediate,2026-05-01,0,Medium
E00079,SK053,5.0,Intermediate,2026-05-01,0,Medium
E00080,SK044,2.0,Beginner,2026-05-01,0,Medium
E00080,SK045,2.0,Beginner,2026-05-01,0,Medium
E00080,SK046,2.0,Beginner,2026-05-01,0,Medium
E00080,SK040,2.0,Beginner,2026-05-01,0,High
E00080,SK052,2.0,Beginner,2026-05-01,0,Medium
E00081,SK040,4.0,Intermediate,2026-05-01,1,High
E00082,SK040,6.0,Advanced,2026-05-01,1,High
E00084,SK040,3.0,Intermediate,2026-05-01,1,High
E00085,SK044,5.0,Intermediate,2026-05-01,0,Medium
E00085,SK045,5.0,Intermediate,2026-05-01,0,Medium
E00085,SK046,5.0,Intermediate,2026-05-01,0,Medium
E00085,SK040,5.0,Intermediate,2026-05-01,1,High
E00085,SK052,5.0,Intermediate,2026-05-01,0,Medium
E00086,SK044,11.0,Advanced,2026-05-01,0,Medium
E00086,SK045,11.0,Advanced,2026-05-01,0,Medium
E00086,SK046,11.0,Advanced,2026-05-01,0,Medium
E00086,SK040,11.0,Advanced,2026-05-01,1,High
E00086,SK042,11.0,Advanced,2026-05-01,0,High
E00087,SK044,14.0,Advanced,2026-05-01,0,Medium
E00087,SK045,14.0,Advanced,2026-05-01,0,Medium
E00087,SK046,14.0,Advanced,2026-05-01,0,Medium
E00087,SK039,14.0,Advanced,2026-05-01,1,High
E00087,SK049,14.0,Advanced,2026-05-01,0,High
E00088,SK044,15.0,Advanced,2026-05-01,0,Medium
E00088,SK045,15.0,Advanced,2026-05-01,0,Medium
E00088,SK046,15.0,Advanced,2026-05-01,0,Medium
E00088,SK042,15.0,Advanced,2026-05-01,0,High
E00088,SK043,15.0,Advanced,2026-05-01,0,Medium
E00089,SK044,6.0,Advanced,2026-05-01,0,Medium
E00089,SK045,6.0,Advanced,2026-05-01,0,Medium
E00089,SK046,6.0,Advanced,2026-05-01,0,Medium
E00089,SK040,6.0,Advanced,2026-05-01,1,High
E00089,SK042,6.0,Advanced,2026-05-01,0,High
E00091,SK044,11.0,Advanced,2026-05-01,0,Medium
E00091,SK045,11.0,Advanced,2026-05-01,0,Medium
E00091,SK046,11.0,Advanced,2026-05-01,0,Medium
E00091,SK042,11.0,Advanced,2026-05-01,0,High
E00091,SK043,11.0,Advanced,2026-05-01,0,Medium
E00092,SK044,9.0,Advanced,2026-05-01,0,Medium
E00092,SK045,9.0,Advanced,2026-05-01,0,Medium
E00092,SK046,9.0,Advanced,2026-05-01,0,Medium
E00092,SK040,9.0,Advanced,2026-05-01,1,High
E00092,SK042,9.0,Advanced,2026-05-01,0,High
E00093,SK044,11.0,Advanced,2026-05-01,0,Medium
E00093,SK045,11.0,Advanced,2026-05-01,0,Medium
E00093,SK046,11.0,Advanced,2026-05-01,0,Medium
E00093,SK040,11.0,Advanced,2026-05-01,1,High
E00093,SK042,11.0,Advanced,2026-05-01,0,High
E00094,SK040,7.0,Advanced,2026-05-01,1,High
E00095,SK044,6.0,Advanced,2026-05-01,0,Medium
E00095,SK045,6.0,Advanced,2026-05-01,0,Medium
E00095,SK046,6.0,Advanced,2026-05-01,0,Medium
E00095,SK040,6.0,Advanced,2026-05-01,1,High
E00095,SK052,6.0,Advanced,2026-05-01,0,Medium
E00096,SK044,15.0,Advanced,2026-05-01,0,Medium
E00096,SK045,15.0,Advanced,2026-05-01,0,Medium
E00096,SK046,15.0,Advanced,2026-05-01,0,Medium
E00096,SK042,15.0,Advanced,2026-05-01,0,High
E00096,SK043,15.0,Advanced,2026-05-01,0,Medium
E00097,SK044,4.0,Intermediate,2026-05-01,0,Medium
E00097,SK045,4.0,Intermediate,2026-05-01,0,Medium
E00097,SK046,4.0,Intermediate,2026-05-01,0,Medium
E00097,SK052,4.0,Intermediate,2026-05-01,0,Medium
E00097,SK053,4.0,Intermediate,2026-05-01,0,Medium
E00098,SK040,2.0,Beginner,2026-05-01,0,High
E00099,SK040,3.0,Intermediate,2026-05-01,1,High
E00100,SK040,2.0,Beginner,2026-05-01,0,High
E00101,SK044,10.0,Advanced,2026-05-01,0,Medium
E00101,SK045,10.0,Advanced,2026-05-01,0,Medium
E00101,SK046,10.0,Advanced,2026-05-01,0,Medium
E00101,SK042,10.0,Advanced,2026-05-01,0,High
E00101,SK043,10.0,Advanced,2026-05-01,0,Medium
E00102,SK044,14.0,Advanced,2026-05-01,0,Medium
E00102,SK045,14.0,Advanced,2026-05-01,0,Medium
E00102,SK046,14.0,Advanced,2026-05-01,0,Medium
E00102,SK040,14.0,Advanced,2026-05-01,1,High
E00102,SK042,14.0,Advanced,2026-05-01,0,High
E00103,SK044,6.0,Advanced,2026-05-01,0,Medium
E00103,SK045,6.0,Advanced,2026-05-01,0,Medium
E00103,SK046,6.0,Advanced,2026-05-01,0,Medium
E00103,SK040,6.0,Advanced,2026-05-01,1,High
E00103,SK052,6.0,Advanced,2026-05-01,0,Medium
E00104,SK044,6.0,Advanced,2026-05-01,0,Medium
E00104,SK045,6.0,Advanced,2026-05-01,0,Medium
E00104,SK046,6.0,Advanced,2026-05-01,0,Medium
E00104,SK040,6.0,Advanced,2026-05-01,1,High
E00104,SK042,6.0,Advanced,2026-05-01,0,High
E00105,SK044,7.0,Advanced,2026-05-01,0,Medium
E00105,SK045,7.0,Advanced,2026-05-01,0,Medium
E00105,SK046,7.0,Advanced,2026-05-01,0,Medium
E00105,SK040,7.0,Advanced,2026-05-01,1,High
E00105,SK042,7.0,Advanced,2026-05-01,0,High
E00106,SK040,3.0,Intermediate,2026-05-01,1,High
E00107,SK044,10.0,Advanced,2026-05-01,0,Medium
E00107,SK045,10.0,Advanced,2026-05-01,0,Medium
E00107,SK046,10.0,Advanced,2026-05-01,0,Medium
E00107,SK040,10.0,Advanced,2026-05-01,1,High
E00107,SK042,10.0,Advanced,2026-05-01,0,High
E00108,SK040,3.0,Intermediate,2026-05-01,1,High
E00109,SK044,8.0,Advanced,2026-05-01,0,Medium
E00109,SK045,8.0,Advanced,2026-05-01,0,Medium
E00109,SK046,8.0,Advanced,2026-05-01,0,Medium
E00109,SK042,8.0,Advanced,2026-05-01,0,High
E00109,SK043,8.0,Advanced,2026-05-01,0,Medium
E00110,SK040,5.0,Intermediate,2026-05-01,1,High
E00111,SK040,3.0,Intermediate,2026-05-01,1,High
E00112,SK044,10.0,Advanced,2026-05-01,0,Medium
E00112,SK045,10.0,Advanced,2026-05-01,0,Medium
E00112,SK046,10.0,Advanced,2026-05-01,0,Medium
E00112,SK042,10.0,Advanced,2026-05-01,0,High
E00112,SK043,10.0,Advanced,2026-05-01,0,Medium
E00114,SK044,5.0,Intermediate,2026-05-01,0,Medium
E00114,SK045,5.0,Intermediate,2026-05-01,0,Medium
E00114,SK046,5.0,Intermediate,2026-05-01,0,Medium
E00114,SK039,5.0,Intermediate,2026-05-01,1,High
E00114,SK049,5.0,Intermediate,2026-05-01,0,High
E00115,SK044,3.0,Intermediate,2026-05-01,0,Medium
E00115,SK052,3.0,Intermediate,2026-05-01,0,Medium
E00116,SK040,2.0,Beginner,2026-05-01,0,High
E00117,SK044,15.0,Advanced,2026-05-01,0,Medium
E00117,SK045,15.0,Advanced,2026-05-01,0,Medium
E00117,SK046,15.0,Advanced,2026-05-01,0,Medium
E00117,SK042,15.0,Advanced,2026-05-01,0,High
E00117,SK043,15.0,Advanced,2026-05-01,0,Medium
E00118,SK044,6.0,Advanced,2026-05-01,0,Medium
E00118,SK045,6.0,Advanced,2026-05-01,0,Medium
E00118,SK046,6.0,Advanced,2026-05-01,0,Medium
E00118,SK040,6.0,Advanced,2026-05-01,1,High
E00118,SK052,6.0,Advanced,2026-05-01,0,Medium
E00119,SK044,7.0,Advanced,2026-05-01,0,Medium
E00119,SK045,7.0,Advanced,2026-05-01,0,Medium
E00119,SK046,7.0,Advanced,2026-05-01,0,Medium
E00119,SK039,7.0,Advanced,2026-05-01,1,High
E00119,SK049,7.0,Advanced,2026-05-01,0,High
E00120,SK044,10.0,Advanced,2026-05-01,0,Medium
E00120,SK045,10.0,Advanced,2026-05-01,0,Medium
E00120,SK046,10.0,Advanced,2026-05-01,0,Medium
E00120,SK042,10.0,Advanced,2026-05-01,0,High
E00120,SK043,10.0,Advanced,2026-05-01,0,Medium
E00121,SK044,9.0,Advanced,2026-05-01,0,Medium
E00121,SK045,9.0,Advanced,2026-05-01,0,Medium
E00121,SK046,9.0,Advanced,2026-05-01,0,Medium
E00121,SK040,9.0,Advanced,2026-05-01,1,High
E00121,SK042,9.0,Advanced,2026-05-01,0,High
E00122,SK044,10.0,Advanced,2026-05-01,0,Medium
E00122,SK045,10.0,Advanced,2026-05-01,0,Medium
E00122,SK046,10.0,Advanced,2026-05-01,0,Medium
E00122,SK040,10.0,Advanced,2026-05-01,1,High
E00122,SK042,10.0,Advanced,2026-05-01,0,High
E00123,SK044,11.0,Advanced,2026-05-01,0,Medium
E00123,SK045,11.0,Advanced,2026-05-01,0,Medium
E00123,SK046,11.0,Advanced,2026-05-01,0,Medium
E00123,SK042,11.0,Advanced,2026-05-01,0,High
E00123,SK043,11.0,Advanced,2026-05-01,0,Medium
E00124,SK044,9.0,Advanced,2026-05-01,0,Medium
E00124,SK045,9.0,Advanced,2026-05-01,0,Medium
E00124,SK046,9.0,Advanced,2026-05-01,0,Medium
E00124,SK042,9.0,Advanced,2026-05-01,0,High
E00124,SK043,9.0,Advanced,2026-05-01,0,Medium
E00125,SK044,12.0,Advanced,2026-05-01,0,Medium
E00125,SK045,12.0,Advanced,2026-05-01,0,Medium
E00125,SK046,12.0,Advanced,2026-05-01,0,Medium
E00125,SK039,12.0,Advanced,2026-05-01,1,High
E00125,SK049,12.0,Advanced,2026-05-01,0,High
E00126,SK044,11.0,Advanced,2026-05-01,0,Medium
E00126,SK045,11.0,Advanced,2026-05-01,0,Medium
E00126,SK046,11.0,Advanced,2026-05-01,0,Medium
E00126,SK042,11.0,Advanced,2026-05-01,0,High
E00126,SK043,11.0,Advanced,2026-05-01,0,Medium
E00127,SK044,8.0,Advanced,2026-05-01,0,Medium
E00127,SK045,8.0,Advanced,2026-05-01,0,Medium
E00127,SK046,8.0,Advanced,2026-05-01,0,Medium
E00127,SK040,8.0,Advanced,2026-05-01,1,High
E00127,SK042,8.0,Advanced,2026-05-01,0,High
E00128,SK047,0.5,Beginner,2026-05-01,0,Medium
E00128,SK048,0.5,Beginner,2026-05-01,0,Medium
E00130,SK044,0.5,Beginner,2026-05-01,0,Medium
E00130,SK045,0.5,Beginner,2026-05-01,0,Medium
E00130,SK046,0.5,Beginner,2026-05-01,0,Medium
E00130,SK040,0.5,Beginner,2026-05-01,0,High
E00130,SK052,0.5,Beginner,2026-05-01,0,Medium
E00131,SK044,9.0,Advanced,2026-05-01,0,Medium
E00131,SK045,9.0,Advanced,2026-05-01,0,Medium
E00131,SK046,9.0,Advanced,2026-05-01,0,Medium
E00131,SK042,9.0,Advanced,2026-05-01,0,High
E00131,SK043,9.0,Advanced,2026-05-01,0,Medium
E00132,SK044,7.0,Advanced,2026-05-01,0,Medium
E00132,SK045,7.0,Advanced,2026-05-01,0,Medium
E00132,SK046,7.0,Advanced,2026-05-01,0,Medium
E00132,SK040,7.0,Advanced,2026-05-01,1,High
E00132,SK042,7.0,Advanced,2026-05-01,0,High
E00133,SK047,0.5,Beginner,2026-05-01,0,Medium
E00133,SK048,0.5,Beginner,2026-05-01,0,Medium
E00134,SK047,3.0,Intermediate,2026-05-01,0,Medium
E00134,SK048,3.0,Intermediate,2026-05-01,0,Medium
E00136,SK044,1.0,Beginner,2026-05-01,0,Medium
E00136,SK045,1.0,Beginner,2026-05-01,0,Medium
E00136,SK046,1.0,Beginner,2026-05-01,0,Medium
E00136,SK040,1.0,Beginner,2026-05-01,0,High
E00136,SK052,1.0,Beginner,2026-05-01,0,Medium
E00137,SK044,11.0,Advanced,2026-05-01,0,Medium
E00137,SK045,11.0,Advanced,2026-05-01,0,Medium
E00137,SK046,11.0,Advanced,2026-05-01,0,Medium
E00137,SK042,11.0,Advanced,2026-05-01,0,High
E00137,SK043,11.0,Advanced,2026-05-01,0,Medium
E00138,SK044,0.5,Beginner,2026-05-01,0,Medium
E00138,SK045,0.5,Beginner,2026-05-01,0,Medium
E00138,SK046,0.5,Beginner,2026-05-01,0,Medium
E00138,SK039,0.5,Beginner,2026-05-01,0,High
E00138,SK049,0.5,Beginner,2026-05-01,0,High
E00139,SK040,7.0,Advanced,2026-05-01,1,High
E00140,SK044,0.5,Beginner,2026-05-01,0,Medium
E00140,SK045,0.5,Beginner,2026-05-01,0,Medium
E00140,SK046,0.5,Beginner,2026-05-01,0,Medium
E00140,SK039,0.5,Beginner,2026-05-01,0,High
E00140,SK049,0.5,Beginner,2026-05-01,0,High
E00141,SK047,3.0,Intermediate,2026-05-01,0,Medium
E00141,SK048,3.0,Intermediate,2026-05-01,0,Medium
E00142,SK044,3.0,Intermediate,2026-05-01,0,Medium
E00142,SK045,3.0,Intermediate,2026-05-01,0,Medium
E00142,SK046,3.0,Intermediate,2026-05-01,0,Medium
E00142,SK047,3.0,Intermediate,2026-05-01,0,Medium
E00142,SK048,3.0,Intermediate,2026-05-01,0,Medium
E00143,SK044,10.0,Advanced,2026-05-01,0,Medium
E00143,SK045,10.0,Advanced,2026-05-01,0,Medium
E00143,SK046,10.0,Advanced,2026-05-01,0,Medium
E00143,SK042,10.0,Advanced,2026-05-01,0,High
E00143,SK043,10.0,Advanced,2026-05-01,0,Medium
E00144,SK044,6.0,Advanced,2026-05-01,0,Medium
E00144,SK045,6.0,Advanced,2026-05-01,0,Medium
E00144,SK046,6.0,Advanced,2026-05-01,0,Medium
E00144,SK040,6.0,Advanced,2026-05-01,1,High
E00144,SK042,6.0,Advanced,2026-05-01,0,High
E00146,SK040,7.0,Advanced,2026-05-01,1,High
E00148,SK044,1.0,Beginner,2026-05-01,0,Medium
E00148,SK045,1.0,Beginner,2026-05-01,0,Medium
E00148,SK046,1.0,Beginner,2026-05-01,0,Medium
E00148,SK039,1.0,Beginner,2026-05-01,0,High
E00148,SK049,1.0,Beginner,2026-05-01,0,High
E00149,SK044,8.0,Advanced,2026-05-01,0,Medium
E00149,SK045,8.0,Advanced,2026-05-01,0,Medium
E00149,SK046,8.0,Advanced,2026-05-01,0,Medium
E00149,SK042,8.0,Advanced,2026-05-01,0,High
E00149,SK043,8.0,Advanced,2026-05-01,0,Medium
E00150,SK040,3.0,Intermediate,2026-05-01,1,High
E00151,SK044,11.0,Advanced,2026-05-01,0,Medium
E00151,SK045,11.0,Advanced,2026-05-01,0,Medium
E00151,SK046,11.0,Advanced,2026-05-01,0,Medium
E00151,SK042,11.0,Advanced,2026-05-01,0,High
E00151,SK043,11.0,Advanced,2026-05-01,0,Medium
E00152,SK044,12.0,Advanced,2026-05-01,0,Medium
E00152,SK045,12.0,Advanced,2026-05-01,0,Medium
E00152,SK046,12.0,Advanced,2026-05-01,0,Medium
E00152,SK042,12.0,Advanced,2026-05-01,0,High
E00152,SK043,12.0,Advanced,2026-05-01,0,Medium
E00153,SK044,6.0,Advanced,2026-05-01,0,Medium
E00153,SK045,6.0,Advanced,2026-05-01,0,Medium
E00153,SK046,6.0,Advanced,2026-05-01,0,Medium
E00153,SK040,6.0,Advanced,2026-05-01,1,High
E00153,SK042,6.0,Advanced,2026-05-01,0,High
E00155,SK044,11.0,Advanced,2026-05-01,0,Medium
E00155,SK045,11.0,Advanced,2026-05-01,0,Medium
E00155,SK046,11.0,Advanced,2026-05-01,0,Medium
E00155,SK042,11.0,Advanced,2026-05-01,0,High
E00155,SK043,11.0,Advanced,2026-05-01,0,Medium
E00156,SK044,4.0,Intermediate,2026-05-01,0,Medium
E00156,SK052,4.0,Intermediate,2026-05-01,0,Medium
E00157,SK044,5.0,Intermediate,2026-05-01,0,Medium
E00157,SK045,5.0,Intermediate,2026-05-01,0,Medium
E00157,SK046,5.0,Intermediate,2026-05-01,0,Medium
E00157,SK040,5.0,Intermediate,2026-05-01,1,High
E00157,SK052,5.0,Intermediate,2026-05-01,0,Medium
E00158,SK044,11.0,Advanced,2026-05-01,0,Medium
E00158,SK045,11.0,Advanced,2026-05-01,0,Medium
E00158,SK046,11.0,Advanced,2026-05-01,0,Medium
E00158,SK040,11.0,Advanced,2026-05-01,1,High
E00158,SK042,11.0,Advanced,2026-05-01,0,High
E00160,SK044,1.0,Beginner,2026-05-01,0,Medium
E00160,SK052,1.0,Beginner,2026-05-01,0,Medium
E00162,SK044,4.0,Intermediate,2026-05-01,0,Medium
E00162,SK045,4.0,Intermediate,2026-05-01,0,Medium
E00162,SK046,4.0,Intermediate,2026-05-01,0,Medium
E00162,SK047,4.0,Intermediate,2026-05-01,0,Medium
E00162,SK048,4.0,Intermediate,2026-05-01,0,Medium
E00163,SK044,3.0,Intermediate,2026-05-01,0,Medium
E00163,SK045,3.0,Intermediate,2026-05-01,0,Medium
E00163,SK046,3.0,Intermediate,2026-05-01,0,Medium
E00163,SK039,3.0,Intermediate,2026-05-01,1,High
E00163,SK049,3.0,Intermediate,2026-05-01,0,High
E00164,SK040,3.0,Intermediate,2026-05-01,1,High
E00165,SK040,2.0,Beginner,2026-05-01,0,High
E00166,SK044,0.5,Beginner,2026-05-01,0,Medium
E00166,SK052,0.5,Beginner,2026-05-01,0,Medium
E00168,SK040,2.0,Beginner,2026-05-01,0,High
E00169,SK040,6.0,Advanced,2026-05-01,1,High
E00170,SK044,9.0,Advanced,2026-05-01,0,Medium
E00170,SK045,9.0,Advanced,2026-05-01,0,Medium
E00170,SK046,9.0,Advanced,2026-05-01,0,Medium
E00170,SK040,9.0,Advanced,2026-05-01,1,High
E00170,SK042,9.0,Advanced,2026-05-01,0,High
E00171,SK044,12.0,Advanced,2026-05-01,0,Medium
E00171,SK045,12.0,Advanced,2026-05-01,0,Medium
E00171,SK046,12.0,Advanced,2026-05-01,0,Medium
E00171,SK042,12.0,Advanced,2026-05-01,0,High
E00171,SK043,12.0,Advanced,2026-05-01,0,Medium
E00172,SK040,6.0,Advanced,2026-05-01,1,High
E00173,SK044,3.0,Intermediate,2026-05-01,0,Medium
E00173,SK045,3.0,Intermediate,2026-05-01,0,Medium
E00173,SK046,3.0,Intermediate,2026-05-01,0,Medium
E00175,SK044,9.0,Advanced,2026-05-01,0,Medium
E00175,SK045,9.0,Advanced,2026-05-01,0,Medium
E00175,SK046,9.0,Advanced,2026-05-01,0,Medium
E00175,SK042,9.0,Advanced,2026-05-01,0,High
E00175,SK043,9.0,Advanced,2026-05-01,0,Medium
E00176,SK044,14.0,Advanced,2026-05-01,0,Medium
E00176,SK045,14.0,Advanced,2026-05-01,0,Medium
E00176,SK046,14.0,Advanced,2026-05-01,0,Medium
E00176,SK039,14.0,Advanced,2026-05-01,1,High
E00176,SK049,14.0,Advanced,2026-05-01,0,High
E00177,SK044,11.0,Advanced,2026-05-01,0,Medium
E00177,SK045,11.0,Advanced,2026-05-01,0,Medium
E00177,SK046,11.0,Advanced,2026-05-01,0,Medium
E00177,SK042,11.0,Advanced,2026-05-01,0,High
E00177,SK043,11.0,Advanced,2026-05-01,0,Medium
E00179,SK044,3.0,Intermediate,2026-05-01,0,Medium
E00179,SK045,3.0,Intermediate,2026-05-01,0,Medium
E00179,SK046,3.0,Intermediate,2026-05-01,0,Medium
E00179,SK039,3.0,Intermediate,2026-05-01,1,High
E00179,SK049,3.0,Intermediate,2026-05-01,0,High
E00180,SK040,3.0,Intermediate,2026-05-01,1,High
E00181,SK044,1.0,Beginner,2026-05-01,0,Medium
E00181,SK045,1.0,Beginner,2026-05-01,0,Medium
E00181,SK046,1.0,Beginner,2026-05-01,0,Medium
E00181,SK052,1.0,Beginner,2026-05-01,0,Medium
E00181,SK053,1.0,Beginner,2026-05-01,0,Medium
E00182,SK044,12.0,Advanced,2026-05-01,0,Medium
E00182,SK045,12.0,Advanced,2026-05-01,0,Medium
E00182,SK046,12.0,Advanced,2026-05-01,0,Medium
E00182,SK039,12.0,Advanced,2026-05-01,1,High
E00182,SK049,12.0,Advanced,2026-05-01,0,High
E00183,SK044,7.0,Advanced,2026-05-01,0,Medium
E00183,SK045,7.0,Advanced,2026-05-01,0,Medium
E00183,SK046,7.0,Advanced,2026-05-01,0,Medium
E00183,SK040,7.0,Advanced,2026-05-01,1,High
E00183,SK042,7.0,Advanced,2026-05-01,0,High
E00184,SK044,3.0,Intermediate,2026-05-01,0,Medium
E00184,SK045,3.0,Intermediate,2026-05-01,0,Medium
E00184,SK046,3.0,Intermediate,2026-05-01,0,Medium
E00184,SK040,3.0,Intermediate,2026-05-01,1,High
E00184,SK052,3.0,Intermediate,2026-05-01,0,Medium
E00185,SK044,9.0,Advanced,2026-05-01,0,Medium
E00185,SK045,9.0,Advanced,2026-05-01,0,Medium
E00185,SK046,9.0,Advanced,2026-05-01,0,Medium
E00185,SK042,9.0,Advanced,2026-05-01,0,High
E00185,SK043,9.0,Advanced,2026-05-01,0,Medium
E00186,SK044,5.0,Intermediate,2026-05-01,0,Medium
E00186,SK045,5.0,Intermediate,2026-05-01,0,Medium
E00186,SK046,5.0,Intermediate,2026-05-01,0,Medium
E00186,SK039,5.0,Intermediate,2026-05-01,1,High
E00186,SK049,5.0,Intermediate,2026-05-01,0,High
E00188,SK044,12.0,Advanced,2026-05-01,0,Medium
E00188,SK045,12.0,Advanced,2026-05-01,0,Medium
E00188,SK046,12.0,Advanced,2026-05-01,0,Medium
E00188,SK042,12.0,Advanced,2026-05-01,0,High
E00188,SK043,12.0,Advanced,2026-05-01,0,Medium
E00189,SK047,0.5,Beginner,2026-05-01,0,Medium
E00189,SK048,0.5,Beginner,2026-05-01,0,Medium
E00190,SK040,1.0,Beginner,2026-05-01,0,High
E00191,SK044,8.0,Advanced,2026-05-01,0,Medium
E00191,SK045,8.0,Advanced,2026-05-01,0,Medium
E00191,SK046,8.0,Advanced,2026-05-01,0,Medium
E00191,SK040,8.0,Advanced,2026-05-01,1,High
E00191,SK042,8.0,Advanced,2026-05-01,0,High
E00192,SK044,14.0,Advanced,2026-05-01,0,Medium
E00192,SK045,14.0,Advanced,2026-05-01,0,Medium
E00192,SK046,14.0,Advanced,2026-05-01,0,Medium
E00192,SK042,14.0,Advanced,2026-05-01,0,High
E00192,SK043,14.0,Advanced,2026-05-01,0,Medium
E00193,SK044,6.0,Advanced,2026-05-01,0,Medium
E00193,SK045,6.0,Advanced,2026-05-01,0,Medium
E00193,SK046,6.0,Advanced,2026-05-01,0,Medium
E00194,SK044,15.0,Advanced,2026-05-01,0,Medium
E00194,SK045,15.0,Advanced,2026-05-01,0,Medium
E00194,SK046,15.0,Advanced,2026-05-01,0,Medium
E00194,SK040,15.0,Advanced,2026-05-01,1,High
E00194,SK042,15.0,Advanced,2026-05-01,0,High
E00195,SK044,6.0,Advanced,2026-05-01,0,Medium
E00195,SK045,6.0,Advanced,2026-05-01,0,Medium
E00195,SK046,6.0,Advanced,2026-05-01,0,Medium
E00195,SK040,6.0,Advanced,2026-05-01,1,High
E00195,SK042,6.0,Advanced,2026-05-01,0,High
E00196,SK040,3.0,Intermediate,2026-05-01,1,High
E00197,SK044,15.0,Advanced,2026-05-01,0,Medium
E00197,SK045,15.0,Advanced,2026-05-01,0,Medium
E00197,SK046,15.0,Advanced,2026-05-01,0,Medium
E00197,SK042,15.0,Advanced,2026-05-01,0,High
E00197,SK043,15.0,Advanced,2026-05-01,0,Medium
E00199,SK040,7.0,Advanced,2026-05-01,1,High
E00200,SK044,4.0,Intermediate,2026-05-01,0,Medium
E00200,SK045,4.0,Intermediate,2026-05-01,0,Medium
E00200,SK046,4.0,Intermediate,2026-05-01,0,Medium
E00200,SK039,4.0,Intermediate,2026-05-01,1,High
E00200,SK049,4.0,Intermediate,2026-05-01,0,High
E00201,SK040,6.0,Advanced,2026-05-01,1,High
E00202,SK044,7.0,Advanced,2026-05-01,0,Medium
E00202,SK052,7.0,Advanced,2026-05-01,0,Medium
E00203,SK044,7.0,Advanced,2026-05-01,0,Medium
E00203,SK045,7.0,Advanced,2026-05-01,0,Medium
E00203,SK046,7.0,Advanced,2026-05-01,0,Medium
E00203,SK040,7.0,Advanced,2026-05-01,1,High
E00203,SK042,7.0,Advanced,2026-05-01,0,High
E00204,SK044,7.0,Advanced,2026-05-01,0,Medium
E00204,SK045,7.0,Advanced,2026-05-01,0,Medium
E00204,SK046,7.0,Advanced,2026-05-01,0,Medium
E00204,SK040,7.0,Advanced,2026-05-01,1,High
E00204,SK042,7.0,Advanced,2026-05-01,0,High
E00205,SK044,7.0,Advanced,2026-05-01,0,Medium
E00205,SK045,7.0,Advanced,2026-05-01,0,Medium
E00205,SK046,7.0,Advanced,2026-05-01,0,Medium
E00205,SK052,7.0,Advanced,2026-05-01,0,Medium
E00205,SK053,7.0,Advanced,2026-05-01,0,Medium
E00206,SK044,11.0,Advanced,2026-05-01,0,Medium
E00206,SK045,11.0,Advanced,2026-05-01,0,Medium
E00206,SK046,11.0,Advanced,2026-05-01,0,Medium
E00206,SK042,11.0,Advanced,2026-05-01,0,High
E00206,SK043,11.0,Advanced,2026-05-01,0,Medium
E00208,SK044,13.0,Advanced,2026-05-01,0,Medium
E00208,SK045,13.0,Advanced,2026-05-01,0,Medium
E00208,SK046,13.0,Advanced,2026-05-01,0,Medium
E00208,SK040,13.0,Advanced,2026-05-01,1,High
E00208,SK042,13.0,Advanced,2026-05-01,0,High
E00210,SK044,6.0,Advanced,2026-05-01,0,Medium
E00210,SK045,6.0,Advanced,2026-05-01,0,Medium
E00210,SK046,6.0,Advanced,2026-05-01,0,Medium
E00210,SK042,6.0,Advanced,2026-05-01,0,High
E00210,SK043,6.0,Advanced,2026-05-01,0,Medium
E00211,SK040,0.5,Beginner,2026-05-01,0,High
E00213,SK047,6.0,Advanced,2026-05-01,0,Medium
E00213,SK048,6.0,Advanced,2026-05-01,0,Medium
E00214,SK044,10.0,Advanced,2026-05-01,0,Medium
E00214,SK045,10.0,Advanced,2026-05-01,0,Medium
E00214,SK046,10.0,Advanced,2026-05-01,0,Medium
E00214,SK040,10.0,Advanced,2026-05-01,1,High
E00214,SK042,10.0,Advanced,2026-05-01,0,High
E00215,SK040,3.0,Intermediate,2026-05-01,1,High
E00216,SK040,3.0,Intermediate,2026-05-01,1,High
E00217,SK044,9.0,Advanced,2026-05-01,0,Medium
E00217,SK045,9.0,Advanced,2026-05-01,0,Medium
E00217,SK046,9.0,Advanced,2026-05-01,0,Medium
E00217,SK042,9.0,Advanced,2026-05-01,0,High
E00217,SK043,9.0,Advanced,2026-05-01,0,Medium
E00218,SK040,5.0,Intermediate,2026-05-01,1,High
E00220,SK044,7.0,Advanced,2026-05-01,0,Medium
E00220,SK045,7.0,Advanced,2026-05-01,0,Medium
E00220,SK046,7.0,Advanced,2026-05-01,0,Medium
E00220,SK040,7.0,Advanced,2026-05-01,1,High
E00220,SK052,7.0,Advanced,2026-05-01,0,Medium
E00221,SK044,11.0,Advanced,2026-05-01,0,Medium
E00221,SK045,11.0,Advanced,2026-05-01,0,Medium
E00221,SK046,11.0,Advanced,2026-05-01,0,Medium
E00221,SK042,11.0,Advanced,2026-05-01,0,High
E00221,SK043,11.0,Advanced,2026-05-01,0,Medium
E00222,SK040,2.0,Beginner,2026-05-01,0,High
E00223,SK044,10.0,Advanced,2026-05-01,0,Medium
E00223,SK045,10.0,Advanced,2026-05-01,0,Medium
E00223,SK046,10.0,Advanced,2026-05-01,0,Medium
E00223,SK042,10.0,Advanced,2026-05-01,0,High
E00223,SK043,10.0,Advanced,2026-05-01,0,Medium
E00226,SK040,5.0,Intermediate,2026-05-01,1,High
E00227,SK040,3.0,Intermediate,2026-05-01,1,High
E00228,SK044,15.0,Advanced,2026-05-01,0,Medium
E00228,SK045,15.0,Advanced,2026-05-01,0,Medium
E00228,SK046,15.0,Advanced,2026-05-01,0,Medium
E00228,SK042,15.0,Advanced,2026-05-01,0,High
E00228,SK043,15.0,Advanced,2026-05-01,0,Medium
E00230,SK044,2.0,Beginner,2026-05-01,0,Medium
E00230,SK045,2.0,Beginner,2026-05-01,0,Medium
E00230,SK046,2.0,Beginner,2026-05-01,0,Medium
E00230,SK040,2.0,Beginner,2026-05-01,0,High
E00230,SK052,2.0,Beginner,2026-05-01,0,Medium
E00232,SK044,6.0,Advanced,2026-05-01,0,Medium
E00232,SK045,6.0,Advanced,2026-05-01,0,Medium
E00232,SK046,6.0,Advanced,2026-05-01,0,Medium
E00232,SK042,6.0,Advanced,2026-05-01,0,High
E00232,SK043,6.0,Advanced,2026-05-01,0,Medium
E00233,SK040,3.0,Intermediate,2026-05-01,1,High
E00234,SK040,3.0,Intermediate,2026-05-01,1,High
E00235,SK044,8.0,Advanced,2026-05-01,0,Medium
E00235,SK045,8.0,Advanced,2026-05-01,0,Medium
E00235,SK046,8.0,Advanced,2026-05-01,0,Medium
E00235,SK040,8.0,Advanced,2026-05-01,1,High
E00235,SK042,8.0,Advanced,2026-05-01,0,High
E00236,SK044,12.0,Advanced,2026-05-01,0,Medium
E00236,SK045,12.0,Advanced,2026-05-01,0,Medium
E00236,SK046,12.0,Advanced,2026-05-01,0,Medium
E00236,SK042,12.0,Advanced,2026-05-01,0,High
E00236,SK043,12.0,Advanced,2026-05-01,0,Medium
E00238,SK044,9.0,Advanced,2026-05-01,0,Medium
E00238,SK045,9.0,Advanced,2026-05-01,0,Medium
E00238,SK046,9.0,Advanced,2026-05-01,0,Medium
E00238,SK042,9.0,Advanced,2026-05-01,0,High
E00238,SK043,9.0,Advanced,2026-05-01,0,Medium
E00239,SK040,5.0,Intermediate,2026-05-01,1,High
E00240,SK044,1.0,Beginner,2026-05-01,0,Medium
E00240,SK052,1.0,Beginner,2026-05-01,0,Medium
E00241,SK040,1.0,Beginner,2026-05-01,0,High
E00242,SK044,9.0,Advanced,2026-05-01,0,Medium
E00242,SK045,9.0,Advanced,2026-05-01,0,Medium
E00242,SK046,9.0,Advanced,2026-05-01,0,Medium
E00242,SK042,9.0,Advanced,2026-05-01,0,High
E00242,SK043,9.0,Advanced,2026-05-01,0,Medium
E00243,SK040,7.0,Advanced,2026-05-01,1,High
E00245,SK044,10.0,Advanced,2026-05-01,0,Medium
E00245,SK045,10.0,Advanced,2026-05-01,0,Medium
E00245,SK046,10.0,Advanced,2026-05-01,0,Medium
E00245,SK042,10.0,Advanced,2026-05-01,0,High
E00245,SK043,10.0,Advanced,2026-05-01,0,Medium
E00247,SK044,11.0,Advanced,2026-05-01,0,Medium
E00247,SK045,11.0,Advanced,2026-05-01,0,Medium
E00247,SK046,11.0,Advanced,2026-05-01,0,Medium
E00247,SK042,11.0,Advanced,2026-05-01,0,High
E00247,SK043,11.0,Advanced,2026-05-01,0,Medium
E00249,SK044,9.0,Advanced,2026-05-01,0,Medium
E00249,SK045,9.0,Advanced,2026-05-01,0,Medium
E00249,SK046,9.0,Advanced,2026-05-01,0,Medium
E00249,SK040,9.0,Advanced,2026-05-01,1,High
E00249,SK042,9.0,Advanced,2026-05-01,0,High
E00251,SK044,8.0,Advanced,2026-05-01,0,Medium
E00251,SK045,8.0,Advanced,2026-05-01,0,Medium
E00251,SK046,8.0,Advanced,2026-05-01,0,Medium
E00251,SK042,8.0,Advanced,2026-05-01,0,High
E00251,SK043,8.0,Advanced,2026-05-01,0,Medium
E00252,SK040,0.5,Beginner,2026-05-01,0,High
E00253,SK044,2.0,Beginner,2026-05-01,0,Medium
E00253,SK045,2.0,Beginner,2026-05-01,0,Medium
E00253,SK046,2.0,Beginner,2026-05-01,0,Medium
E00253,SK039,2.0,Beginner,2026-05-01,0,High
E00253,SK049,2.0,Beginner,2026-05-01,0,High
E00255,SK044,7.0,Advanced,2026-05-01,0,Medium
E00255,SK045,7.0,Advanced,2026-05-01,0,Medium
E00255,SK046,7.0,Advanced,2026-05-01,0,Medium
E00255,SK039,7.0,Advanced,2026-05-01,1,High
E00255,SK049,7.0,Advanced,2026-05-01,0,High
E00256,SK044,15.0,Advanced,2026-05-01,0,Medium
E00256,SK045,15.0,Advanced,2026-05-01,0,Medium
E00256,SK046,15.0,Advanced,2026-05-01,0,Medium
E00256,SK040,15.0,Advanced,2026-05-01,1,High
E00256,SK042,15.0,Advanced,2026-05-01,0,High
E00257,SK044,6.0,Advanced,2026-05-01,0,Medium
E00257,SK045,6.0,Advanced,2026-05-01,0,Medium
E00257,SK046,6.0,Advanced,2026-05-01,0,Medium
E00259,SK044,11.0,Advanced,2026-05-01,0,Medium
E00259,SK045,11.0,Advanced,2026-05-01,0,Medium
E00259,SK046,11.0,Advanced,2026-05-01,0,Medium
E00259,SK040,11.0,Advanced,2026-05-01,1,High
E00259,SK042,11.0,Advanced,2026-05-01,0,High
E00260,SK044,8.0,Advanced,2026-05-01,0,Medium
E00260,SK045,8.0,Advanced,2026-05-01,0,Medium
E00260,SK046,8.0,Advanced,2026-05-01,0,Medium
E00260,SK040,8.0,Advanced,2026-05-01,1,High
E00260,SK042,8.0,Advanced,2026-05-01,0,High
E00261,SK044,10.0,Advanced,2026-05-01,0,Medium
E00261,SK045,10.0,Advanced,2026-05-01,0,Medium
E00261,SK046,10.0,Advanced,2026-05-01,0,Medium
E00261,SK042,10.0,Advanced,2026-05-01,0,High
E00261,SK043,10.0,Advanced,2026-05-01,0,Medium
E00262,SK040,5.0,Intermediate,2026-05-01,1,High
E00266,SK040,7.0,Advanced,2026-05-01,1,High
E00267,SK044,14.0,Advanced,2026-05-01,0,Medium
E00267,SK045,14.0,Advanced,2026-05-01,0,Medium
E00267,SK046,14.0,Advanced,2026-05-01,0,Medium
E00267,SK040,14.0,Advanced,2026-05-01,1,High
E00267,SK042,14.0,Advanced,2026-05-01,0,High
E00268,SK040,6.0,Advanced,2026-05-01,1,High
E00269,SK044,10.0,Advanced,2026-05-01,0,Medium
E00269,SK045,10.0,Advanced,2026-05-01,0,Medium
E00269,SK046,10.0,Advanced,2026-05-01,0,Medium
E00269,SK042,10.0,Advanced,2026-05-01,0,High
E00269,SK043,10.0,Advanced,2026-05-01,0,Medium
E00270,SK044,14.0,Advanced,2026-05-01,0,Medium
E00270,SK045,14.0,Advanced,2026-05-01,0,Medium
E00270,SK046,14.0,Advanced,2026-05-01,0,Medium
E00270,SK039,14.0,Advanced,2026-05-01,1,High
E00270,SK049,14.0,Advanced,2026-05-01,0,High
E00271,SK040,3.0,Intermediate,2026-05-01,1,High
E00272,SK044,1.0,Beginner,2026-05-01,0,Medium
E00272,SK052,1.0,Beginner,2026-05-01,0,Medium
E00273,SK044,1.0,Beginner,2026-05-01,0,Medium
E00273,SK045,1.0,Beginner,2026-05-01,0,Medium
E00273,SK046,1.0,Beginner,2026-05-01,0,Medium
E00273,SK052,1.0,Beginner,2026-05-01,0,Medium
E00273,SK053,1.0,Beginner,2026-05-01,0,Medium
E00274,SK044,10.0,Advanced,2026-05-01,0,Medium
E00274,SK045,10.0,Advanced,2026-05-01,0,Medium
E00274,SK046,10.0,Advanced,2026-05-01,0,Medium
E00274,SK042,10.0,Advanced,2026-05-01,0,High
E00274,SK043,10.0,Advanced,2026-05-01,0,Medium
E00275,SK044,7.0,Advanced,2026-05-01,0,Medium
E00275,SK045,7.0,Advanced,2026-05-01,0,Medium
E00275,SK046,7.0,Advanced,2026-05-01,0,Medium
E00275,SK042,7.0,Advanced,2026-05-01,0,High
E00275,SK043,7.0,Advanced,2026-05-01,0,Medium
E00276,SK040,1.0,Beginner,2026-05-01,0,High
E00277,SK040,6.0,Advanced,2026-05-01,1,High
E00278,SK040,3.0,Intermediate,2026-05-01,1,High
E00279,SK044,9.0,Advanced,2026-05-01,0,Medium
E00279,SK045,9.0,Advanced,2026-05-01,0,Medium
E00279,SK046,9.0,Advanced,2026-05-01,0,Medium
E00279,SK040,9.0,Advanced,2026-05-01,1,High
E00279,SK042,9.0,Advanced,2026-05-01,0,High
E00280,SK044,7.0,Advanced,2026-05-01,0,Medium
E00280,SK045,7.0,Advanced,2026-05-01,0,Medium
E00280,SK046,7.0,Advanced,2026-05-01,0,Medium
E00280,SK040,7.0,Advanced,2026-05-01,1,High
E00280,SK042,7.0,Advanced,2026-05-01,0,High
E00282,SK044,6.0,Advanced,2026-05-01,0,Medium
E00282,SK045,6.0,Advanced,2026-05-01,0,Medium
E00282,SK046,6.0,Advanced,2026-05-01,0,Medium
E00282,SK039,6.0,Advanced,2026-05-01,1,High
E00282,SK049,6.0,Advanced,2026-05-01,0,High
E00284,SK044,8.0,Advanced,2026-05-01,0,Medium
E00284,SK045,8.0,Advanced,2026-05-01,0,Medium
E00284,SK046,8.0,Advanced,2026-05-01,0,Medium
E00284,SK042,8.0,Advanced,2026-05-01,0,High
E00284,SK043,8.0,Advanced,2026-05-01,0,Medium
E00285,SK044,11.0,Advanced,2026-05-01,0,Medium
E00285,SK045,11.0,Advanced,2026-05-01,0,Medium
E00285,SK046,11.0,Advanced,2026-05-01,0,Medium
E00285,SK040,11.0,Advanced,2026-05-01,1,High
E00285,SK042,11.0,Advanced,2026-05-01,0,High
E00287,SK044,13.0,Advanced,2026-05-01,0,Medium
E00287,SK045,13.0,Advanced,2026-05-01,0,Medium
E00287,SK046,13.0,Advanced,2026-05-01,0,Medium
E00287,SK040,13.0,Advanced,2026-05-01,1,High
E00287,SK042,13.0,Advanced,2026-05-01,0,High
E00288,SK044,2.0,Beginner,2026-05-01,0,Medium
E00288,SK052,2.0,Beginner,2026-05-01,0,Medium
E00289,SK044,7.0,Advanced,2026-05-01,0,Medium
E00289,SK045,7.0,Advanced,2026-05-01,0,Medium
E00289,SK046,7.0,Advanced,2026-05-01,0,Medium
E00290,SK044,1.0,Beginner,2026-05-01,0,Medium
E00290,SK052,1.0,Beginner,2026-05-01,0,Medium
E00292,SK044,15.0,Advanced,2026-05-01,0,Medium
E00292,SK045,15.0,Advanced,2026-05-01,0,Medium
E00292,SK046,15.0,Advanced,2026-05-01,0,Medium
E00292,SK042,15.0,Advanced,2026-05-01,0,High
E00292,SK043,15.0,Advanced,2026-05-01,0,Medium
E00293,SK044,6.0,Advanced,2026-05-01,0,Medium
E00293,SK045,6.0,Advanced,2026-05-01,0,Medium
E00293,SK046,6.0,Advanced,2026-05-01,0,Medium
E00293,SK040,6.0,Advanced,2026-05-01,1,High
E00293,SK042,6.0,Advanced,2026-05-01,0,High
E00294,SK044,6.0,Advanced,2026-05-01,0,Medium
E00294,SK045,6.0,Advanced,2026-05-01,0,Medium
E00294,SK046,6.0,Advanced,2026-05-01,0,Medium
E00294,SK040,6.0,Advanced,2026-05-01,1,High
E00294,SK052,6.0,Advanced,2026-05-01,0,Medium
E00295,SK044,15.0,Advanced,2026-05-01,0,Medium
E00295,SK045,15.0,Advanced,2026-05-01,0,Medium
E00295,SK046,15.0,Advanced,2026-05-01,0,Medium
E00295,SK039,15.0,Advanced,2026-05-01,1,High
E00295,SK049,15.0,Advanced,2026-05-01,0,High
E00296,SK044,4.0,Intermediate,2026-05-01,0,Medium
E00296,SK045,4.0,Intermediate,2026-05-01,0,Medium
E00296,SK046,4.0,Intermediate,2026-05-01,0,Medium
E00296,SK040,4.0,Intermediate,2026-05-01,1,High
E00296,SK052,4.0,Intermediate,2026-05-01,0,Medium
E00298,SK044,6.0,Advanced,2026-05-01,0,Medium
E00298,SK045,6.0,Advanced,2026-05-01,0,Medium
E00298,SK046,6.0,Advanced,2026-05-01,0,Medium
E00298,SK042,6.0,Advanced,2026-05-01,0,High
E00298,SK043,6.0,Advanced,2026-05-01,0,Medium
E00299,SK040,2.0,Beginner,2026-05-01,0,High
E00300,SK044,15.0,Advanced,2026-05-01,0,Medium
E00300,SK045,15.0,Advanced,2026-05-01,0,Medium
E00300,SK046,15.0,Advanced,2026-05-01,0,Medium
E00300,SK039,15.0,Advanced,2026-05-01,1,High
E00300,SK049,15.0,Advanced,2026-05-01,0,High
E00301,SK044,9.0,Advanced,2026-05-01,0,Medium
E00301,SK045,9.0,Advanced,2026-05-01,0,Medium
E00301,SK046,9.0,Advanced,2026-05-01,0,Medium
E00301,SK042,9.0,Advanced,2026-05-01,0,High
E00301,SK043,9.0,Advanced,2026-05-01,0,Medium
E00302,SK044,6.0,Advanced,2026-05-01,0,Medium
E00302,SK052,6.0,Advanced,2026-05-01,0,Medium
E00303,SK044,11.0,Advanced,2026-05-01,0,Medium
E00303,SK045,11.0,Advanced,2026-05-01,0,Medium
E00303,SK046,11.0,Advanced,2026-05-01,0,Medium
E00303,SK042,11.0,Advanced,2026-05-01,0,High
E00303,SK043,11.0,Advanced,2026-05-01,0,Medium
E00304,SK044,10.0,Advanced,2026-05-01,0,Medium
E00304,SK045,10.0,Advanced,2026-05-01,0,Medium
E00304,SK046,10.0,Advanced,2026-05-01,0,Medium
E00304,SK042,10.0,Advanced,2026-05-01,0,High
E00304,SK043,10.0,Advanced,2026-05-01,0,Medium
E00305,SK044,3.0,Intermediate,2026-05-01,0,Medium
E00305,SK045,3.0,Intermediate,2026-05-01,0,Medium
E00305,SK046,3.0,Intermediate,2026-05-01,0,Medium
E00305,SK047,3.0,Intermediate,2026-05-01,0,Medium
E00305,SK048,3.0,Intermediate,2026-05-01,0,Medium
E00306,SK044,9.0,Advanced,2026-05-01,0,Medium
E00306,SK045,9.0,Advanced,2026-05-01,0,Medium
E00306,SK046,9.0,Advanced,2026-05-01,0,Medium
E00306,SK040,9.0,Advanced,2026-05-01,1,High
E00306,SK042,9.0,Advanced,2026-05-01,0,High
E00308,SK044,9.0,Advanced,2026-05-01,0,Medium
E00308,SK045,9.0,Advanced,2026-05-01,0,Medium
E00308,SK046,9.0,Advanced,2026-05-01,0,Medium
E00308,SK042,9.0,Advanced,2026-05-01,0,High
E00308,SK043,9.0,Advanced,2026-05-01,0,Medium
E00309,SK044,5.0,Intermediate,2026-05-01,0,Medium
E00309,SK045,5.0,Intermediate,2026-05-01,0,Medium
E00309,SK046,5.0,Intermediate,2026-05-01,0,Medium
E00309,SK052,5.0,Intermediate,2026-05-01,0,Medium
E00309,SK053,5.0,Intermediate,2026-05-01,0,Medium
E00310,SK040,6.0,Advanced,2026-05-01,1,High
E00311,SK040,5.0,Intermediate,2026-05-01,1,High
E00312,SK044,3.0,Intermediate,2026-05-01,0,Medium
E00312,SK045,3.0,Intermediate,2026-05-01,0,Medium
E00312,SK046,3.0,Intermediate,2026-05-01,0,Medium
E00312,SK040,3.0,Intermediate,2026-05-01,1,High
E00312,SK052,3.0,Intermediate,2026-05-01,0,Medium
E00313,SK044,12.0,Advanced,2026-05-01,0,Medium
E00313,SK045,12.0,Advanced,2026-05-01,0,Medium
E00313,SK046,12.0,Advanced,2026-05-01,0,Medium
E00313,SK042,12.0,Advanced,2026-05-01,0,High
E00313,SK043,12.0,Advanced,2026-05-01,0,Medium
E00314,SK044,2.0,Beginner,2026-05-01,0,Medium
E00314,SK045,2.0,Beginner,2026-05-01,0,Medium
E00314,SK046,2.0,Beginner,2026-05-01,0,Medium
E00314,SK040,2.0,Beginner,2026-05-01,0,High
E00314,SK047,2.0,Beginner,2026-05-01,0,Medium
E00315,SK044,9.0,Advanced,2026-05-01,0,Medium
E00315,SK045,9.0,Advanced,2026-05-01,0,Medium
E00315,SK046,9.0,Advanced,2026-05-01,0,Medium
E00315,SK042,9.0,Advanced,2026-05-01,0,High
E00315,SK043,9.0,Advanced,2026-05-01,0,Medium
E00316,SK044,8.0,Advanced,2026-05-01,0,Medium
E00316,SK045,8.0,Advanced,2026-05-01,0,Medium
E00316,SK046,8.0,Advanced,2026-05-01,0,Medium
E00316,SK042,8.0,Advanced,2026-05-01,0,High
E00316,SK043,8.0,Advanced,2026-05-01,0,Medium
E00317,SK044,12.0,Advanced,2026-05-01,0,Medium
E00317,SK045,12.0,Advanced,2026-05-01,0,Medium
E00317,SK046,12.0,Advanced,2026-05-01,0,Medium
E00317,SK042,12.0,Advanced,2026-05-01,0,High
E00317,SK043,12.0,Advanced,2026-05-01,0,Medium
E00318,SK044,7.0,Advanced,2026-05-01,0,Medium
E00318,SK045,7.0,Advanced,2026-05-01,0,Medium
E00318,SK046,7.0,Advanced,2026-05-01,0,Medium
E00318,SK042,7.0,Advanced,2026-05-01,0,High
E00318,SK043,7.0,Advanced,2026-05-01,0,Medium
E00319,SK044,0.5,Beginner,2026-05-01,0,Medium
E00319,SK045,0.5,Beginner,2026-05-01,0,Medium
E00319,SK046,0.5,Beginner,2026-05-01,0,Medium
E00319,SK040,0.5,Beginner,2026-05-01,0,High
E00319,SK052,0.5,Beginner,2026-05-01,0,Medium
E00320,SK044,6.0,Advanced,2026-05-01,0,Medium
E00320,SK045,6.0,Advanced,2026-05-01,0,Medium
E00320,SK046,6.0,Advanced,2026-05-01,0,Medium
E00320,SK039,6.0,Advanced,2026-05-01,1,High
E00320,SK049,6.0,Advanced,2026-05-01,0,High
E00321,SK044,10.0,Advanced,2026-05-01,0,Medium
E00321,SK045,10.0,Advanced,2026-05-01,0,Medium
E00321,SK046,10.0,Advanced,2026-05-01,0,Medium
E00321,SK042,10.0,Advanced,2026-05-01,0,High
E00321,SK043,10.0,Advanced,2026-05-01,0,Medium
E00322,SK044,7.0,Advanced,2026-05-01,0,Medium
E00322,SK045,7.0,Advanced,2026-05-01,0,Medium
E00322,SK046,7.0,Advanced,2026-05-01,0,Medium
E00322,SK039,7.0,Advanced,2026-05-01,1,High
E00322,SK049,7.0,Advanced,2026-05-01,0,High
E00323,SK044,9.0,Advanced,2026-05-01,0,Medium
E00323,SK045,9.0,Advanced,2026-05-01,0,Medium
E00323,SK046,9.0,Advanced,2026-05-01,0,Medium
E00323,SK040,9.0,Advanced,2026-05-01,1,High
E00323,SK042,9.0,Advanced,2026-05-01,0,High
E00324,SK044,14.0,Advanced,2026-05-01,0,Medium
E00324,SK045,14.0,Advanced,2026-05-01,0,Medium
E00324,SK046,14.0,Advanced,2026-05-01,0,Medium
E00324,SK040,14.0,Advanced,2026-05-01,1,High
E00324,SK042,14.0,Advanced,2026-05-01,0,High
E00325,SK044,10.0,Advanced,2026-05-01,0,Medium
E00325,SK045,10.0,Advanced,2026-05-01,0,Medium
E00325,SK046,10.0,Advanced,2026-05-01,0,Medium
E00325,SK040,10.0,Advanced,2026-05-01,1,High
E00325,SK042,10.0,Advanced,2026-05-01,0,High
E00326,SK044,3.0,Intermediate,2026-05-01,0,Medium
E00326,SK045,3.0,Intermediate,2026-05-01,0,Medium
E00326,SK046,3.0,Intermediate,2026-05-01,0,Medium
E00326,SK039,3.0,Intermediate,2026-05-01,1,High
E00326,SK049,3.0,Intermediate,2026-05-01,0,High
E00327,SK044,12.0,Advanced,2026-05-01,0,Medium
E00327,SK045,12.0,Advanced,2026-05-01,0,Medium
E00327,SK046,12.0,Advanced,2026-05-01,0,Medium
E00327,SK042,12.0,Advanced,2026-05-01,0,High
E00327,SK043,12.0,Advanced,2026-05-01,0,Medium
E00328,SK044,6.0,Advanced,2026-05-01,0,Medium
E00328,SK045,6.0,Advanced,2026-05-01,0,Medium
E00328,SK046,6.0,Advanced,2026-05-01,0,Medium
E00328,SK040,6.0,Advanced,2026-05-01,1,High
E00328,SK052,6.0,Advanced,2026-05-01,0,Medium
E00329,SK044,15.0,Advanced,2026-05-01,0,Medium
E00329,SK045,15.0,Advanced,2026-05-01,0,Medium
E00329,SK046,15.0,Advanced,2026-05-01,0,Medium
E00329,SK042,15.0,Advanced,2026-05-01,0,High
E00329,SK043,15.0,Advanced,2026-05-01,0,Medium
E00330,SK044,12.0,Advanced,2026-05-01,0,Medium
E00330,SK045,12.0,Advanced,2026-05-01,0,Medium
E00330,SK046,12.0,Advanced,2026-05-01,0,Medium
E00330,SK040,12.0,Advanced,2026-05-01,1,High
E00330,SK042,12.0,Advanced,2026-05-01,0,High
E00331,SK047,0.5,Beginner,2026-05-01,0,Medium
E00331,SK048,0.5,Beginner,2026-05-01,0,Medium
E00332,SK044,7.0,Advanced,2026-05-01,0,Medium
E00332,SK045,7.0,Advanced,2026-05-01,0,Medium
E00332,SK046,7.0,Advanced,2026-05-01,0,Medium
E00332,SK040,7.0,Advanced,2026-05-01,1,High
E00332,SK042,7.0,Advanced,2026-05-01,0,High
E00333,SK040,7.0,Advanced,2026-05-01,1,High
E00334,SK040,2.0,Beginner,2026-05-01,0,High
E00335,SK040,6.0,Advanced,2026-05-01,1,High
E00336,SK040,4.0,Intermediate,2026-05-01,1,High
E00337,SK044,15.0,Advanced,2026-05-01,0,Medium
E00337,SK045,15.0,Advanced,2026-05-01,0,Medium
E00337,SK046,15.0,Advanced,2026-05-01,0,Medium
E00337,SK040,15.0,Advanced,2026-05-01,1,High
E00337,SK042,15.0,Advanced,2026-05-01,0,High
E00338,SK044,8.0,Advanced,2026-05-01,0,Medium
E00338,SK045,8.0,Advanced,2026-05-01,0,Medium
E00338,SK046,8.0,Advanced,2026-05-01,0,Medium
E00338,SK040,8.0,Advanced,2026-05-01,1,High
E00338,SK042,8.0,Advanced,2026-05-01,0,High
E00339,SK040,3.0,Intermediate,2026-05-01,1,High
E00340,SK040,6.0,Advanced,2026-05-01,1,High
E00342,SK044,12.0,Advanced,2026-05-01,0,Medium
E00342,SK045,12.0,Advanced,2026-05-01,0,Medium
E00342,SK046,12.0,Advanced,2026-05-01,0,Medium
E00342,SK040,12.0,Advanced,2026-05-01,1,High
E00342,SK042,12.0,Advanced,2026-05-01,0,High
E00343,SK044,8.0,Advanced,2026-05-01,0,Medium
E00343,SK045,8.0,Advanced,2026-05-01,0,Medium
E00343,SK046,8.0,Advanced,2026-05-01,0,Medium
E00343,SK039,8.0,Advanced,2026-05-01,1,High
E00343,SK049,8.0,Advanced,2026-05-01,0,High
E00344,SK044,10.0,Advanced,2026-05-01,0,Medium
E00344,SK045,10.0,Advanced,2026-05-01,0,Medium
E00344,SK046,10.0,Advanced,2026-05-01,0,Medium
E00344,SK040,10.0,Advanced,2026-05-01,1,High
E00344,SK042,10.0,Advanced,2026-05-01,0,High
E00345,SK044,7.0,Advanced,2026-05-01,0,Medium
E00345,SK045,7.0,Advanced,2026-05-01,0,Medium
E00345,SK046,7.0,Advanced,2026-05-01,0,Medium
E00345,SK040,7.0,Advanced,2026-05-01,1,High
E00345,SK042,7.0,Advanced,2026-05-01,0,High
E00347,SK044,15.0,Advanced,2026-05-01,0,Medium
E00347,SK045,15.0,Advanced,2026-05-01,0,Medium
E00347,SK046,15.0,Advanced,2026-05-01,0,Medium
E00347,SK039,15.0,Advanced,2026-05-01,1,High
E00347,SK049,15.0,Advanced,2026-05-01,0,High
E00348,SK044,11.0,Advanced,2026-05-01,0,Medium
E00348,SK045,11.0,Advanced,2026-05-01,0,Medium
E00348,SK046,11.0,Advanced,2026-05-01,0,Medium
E00348,SK039,11.0,Advanced,2026-05-01,1,High
E00348,SK049,11.0,Advanced,2026-05-01,0,High
E00349,SK040,2.0,Beginner,2026-05-01,0,High
E00350,SK044,3.0,Intermediate,2026-05-01,0,Medium
E00350,SK045,3.0,Intermediate,2026-05-01,0,Medium
E00350,SK046,3.0,Intermediate,2026-05-01,0,Medium
E00350,SK047,3.0,Intermediate,2026-05-01,0,Medium
E00350,SK048,3.0,Intermediate,2026-05-01,0,Medium
E00351,SK044,3.0,Intermediate,2026-05-01,0,Medium
E00351,SK052,3.0,Intermediate,2026-05-01,0,Medium
E00352,SK044,10.0,Advanced,2026-05-01,0,Medium
E00352,SK045,10.0,Advanced,2026-05-01,0,Medium
E00352,SK046,10.0,Advanced,2026-05-01,0,Medium
E00352,SK040,10.0,Advanced,2026-05-01,1,High
E00352,SK042,10.0,Advanced,2026-05-01,0,High
E00353,SK044,7.0,Advanced,2026-05-01,0,Medium
E00353,SK045,7.0,Advanced,2026-05-01,0,Medium
E00353,SK046,7.0,Advanced,2026-05-01,0,Medium
E00353,SK040,7.0,Advanced,2026-05-01,1,High
E00353,SK042,7.0,Advanced,2026-05-01,0,High
E00354,SK044,7.0,Advanced,2026-05-01,0,Medium
E00354,SK045,7.0,Advanced,2026-05-01,0,Medium
E00354,SK046,7.0,Advanced,2026-05-01,0,Medium
E00354,SK042,7.0,Advanced,2026-05-01,0,High
E00354,SK043,7.0,Advanced,2026-05-01,0,Medium
E00356,SK044,8.0,Advanced,2026-05-01,0,Medium
E00356,SK045,8.0,Advanced,2026-05-01,0,Medium
E00356,SK046,8.0,Advanced,2026-05-01,0,Medium
E00356,SK040,8.0,Advanced,2026-05-01,1,High
E00356,SK042,8.0,Advanced,2026-05-01,0,High
E00357,SK044,13.0,Advanced,2026-05-01,0,Medium
E00357,SK045,13.0,Advanced,2026-05-01,0,Medium
E00357,SK046,13.0,Advanced,2026-05-01,0,Medium
E00357,SK040,13.0,Advanced,2026-05-01,1,High
E00357,SK042,13.0,Advanced,2026-05-01,0,High
E00358,SK044,9.0,Advanced,2026-05-01,0,Medium
E00358,SK045,9.0,Advanced,2026-05-01,0,Medium
E00358,SK046,9.0,Advanced,2026-05-01,0,Medium
E00358,SK042,9.0,Advanced,2026-05-01,0,High
E00358,SK043,9.0,Advanced,2026-05-01,0,Medium
E00360,SK044,12.0,Advanced,2026-05-01,0,Medium
E00360,SK045,12.0,Advanced,2026-05-01,0,Medium
E00360,SK046,12.0,Advanced,2026-05-01,0,Medium
E00360,SK042,12.0,Advanced,2026-05-01,0,High
E00360,SK043,12.0,Advanced,2026-05-01,0,Medium
E00361,SK040,3.0,Intermediate,2026-05-01,1,High
E00362,SK044,0.5,Beginner,2026-05-01,0,Medium
E00362,SK045,0.5,Beginner,2026-05-01,0,Medium
E00362,SK046,0.5,Beginner,2026-05-01,0,Medium
E00362,SK039,0.5,Beginner,2026-05-01,0,High
E00362,SK049,0.5,Beginner,2026-05-01,0,High
E00363,SK044,10.0,Advanced,2026-05-01,0,Medium
E00363,SK045,10.0,Advanced,2026-05-01,0,Medium
E00363,SK046,10.0,Advanced,2026-05-01,0,Medium
E00363,SK040,10.0,Advanced,2026-05-01,1,High
E00363,SK042,10.0,Advanced,2026-05-01,0,High
E00364,SK044,8.0,Advanced,2026-05-01,0,Medium
E00364,SK045,8.0,Advanced,2026-05-01,0,Medium
E00364,SK046,8.0,Advanced,2026-05-01,0,Medium
E00364,SK039,8.0,Advanced,2026-05-01,1,High
E00364,SK049,8.0,Advanced,2026-05-01,0,High
E00365,SK044,7.0,Advanced,2026-05-01,0,Medium
E00365,SK045,7.0,Advanced,2026-05-01,0,Medium
E00365,SK046,7.0,Advanced,2026-05-01,0,Medium
E00365,SK039,7.0,Advanced,2026-05-01,1,High
E00365,SK049,7.0,Advanced,2026-05-01,0,High
E00366,SK044,9.0,Advanced,2026-05-01,0,Medium
E00366,SK045,9.0,Advanced,2026-05-01,0,Medium
E00366,SK046,9.0,Advanced,2026-05-01,0,Medium
E00366,SK040,9.0,Advanced,2026-05-01,1,High
E00366,SK042,9.0,Advanced,2026-05-01,0,High
E00368,SK047,3.0,Intermediate,2026-05-01,0,Medium
E00368,SK048,3.0,Intermediate,2026-05-01,0,Medium
E00369,SK044,11.0,Advanced,2026-05-01,0,Medium
E00369,SK045,11.0,Advanced,2026-05-01,0,Medium
E00369,SK046,11.0,Advanced,2026-05-01,0,Medium
E00369,SK040,11.0,Advanced,2026-05-01,1,High
E00369,SK042,11.0,Advanced,2026-05-01,0,High
E00372,SK040,6.0,Advanced,2026-05-01,1,High
E00375,SK044,11.0,Advanced,2026-05-01,0,Medium
E00375,SK045,11.0,Advanced,2026-05-01,0,Medium
E00375,SK046,11.0,Advanced,2026-05-01,0,Medium
E00375,SK040,11.0,Advanced,2026-05-01,1,High
E00375,SK042,11.0,Advanced,2026-05-01,0,High
E00376,SK040,0.5,Beginner,2026-05-01,0,High
E00377,SK044,10.0,Advanced,2026-05-01,0,Medium
E00377,SK045,10.0,Advanced,2026-05-01,0,Medium
E00377,SK046,10.0,Advanced,2026-05-01,0,Medium
E00377,SK042,10.0,Advanced,2026-05-01,0,High
E00377,SK043,10.0,Advanced,2026-05-01,0,Medium
E00378,SK044,6.0,Advanced,2026-05-01,0,Medium
E00378,SK045,6.0,Advanced,2026-05-01,0,Medium
E00378,SK046,6.0,Advanced,2026-05-01,0,Medium
E00378,SK042,6.0,Advanced,2026-05-01,0,High
E00378,SK043,6.0,Advanced,2026-05-01,0,Medium
E00379,SK040,0.5,Beginner,2026-05-01,0,High
E00381,SK044,7.0,Advanced,2026-05-01,0,Medium
E00381,SK045,7.0,Advanced,2026-05-01,0,Medium
E00381,SK046,7.0,Advanced,2026-05-01,0,Medium
E00381,SK047,7.0,Advanced,2026-05-01,0,Medium
E00381,SK048,7.0,Advanced,2026-05-01,0,Medium
E00382,SK044,6.0,Advanced,2026-05-01,0,Medium
E00382,SK045,6.0,Advanced,2026-05-01,0,Medium
E00382,SK046,6.0,Advanced,2026-05-01,0,Medium
E00382,SK042,6.0,Advanced,2026-05-01,0,High
E00382,SK043,6.0,Advanced,2026-05-01,0,Medium
E00383,SK040,5.0,Intermediate,2026-05-01,1,High
E00384,SK044,11.0,Advanced,2026-05-01,0,Medium
E00384,SK045,11.0,Advanced,2026-05-01,0,Medium
E00384,SK046,11.0,Advanced,2026-05-01,0,Medium
E00384,SK039,11.0,Advanced,2026-05-01,1,High
E00384,SK049,11.0,Advanced,2026-05-01,0,High
E00385,SK044,11.0,Advanced,2026-05-01,0,Medium
E00385,SK045,11.0,Advanced,2026-05-01,0,Medium
E00385,SK046,11.0,Advanced,2026-05-01,0,Medium
E00385,SK040,11.0,Advanced,2026-05-01,1,High
E00385,SK042,11.0,Advanced,2026-05-01,0,High
E00386,SK044,9.0,Advanced,2026-05-01,0,Medium
E00386,SK045,9.0,Advanced,2026-05-01,0,Medium
E00386,SK046,9.0,Advanced,2026-05-01,0,Medium
E00386,SK042,9.0,Advanced,2026-05-01,0,High
E00386,SK043,9.0,Advanced,2026-05-01,0,Medium
E00387,SK040,4.0,Intermediate,2026-05-01,1,High
E00389,SK044,3.0,Intermediate,2026-05-01,0,Medium
E00389,SK045,3.0,Intermediate,2026-05-01,0,Medium
E00389,SK046,3.0,Intermediate,2026-05-01,0,Medium
E00389,SK040,3.0,Intermediate,2026-05-01,1,High
E00389,SK052,3.0,Intermediate,2026-05-01,0,Medium
E00390,SK044,13.0,Advanced,2026-05-01,0,Medium
E00390,SK045,13.0,Advanced,2026-05-01,0,Medium
E00390,SK046,13.0,Advanced,2026-05-01,0,Medium
E00390,SK039,13.0,Advanced,2026-05-01,1,High
E00390,SK049,13.0,Advanced,2026-05-01,0,High
E00391,SK044,4.0,Intermediate,2026-05-01,0,Medium
E00391,SK045,4.0,Intermediate,2026-05-01,0,Medium
E00391,SK046,4.0,Intermediate,2026-05-01,0,Medium
E00391,SK040,4.0,Intermediate,2026-05-01,1,High
E00391,SK047,4.0,Intermediate,2026-05-01,0,Medium
E00392,SK040,7.0,Advanced,2026-05-01,1,High
E00393,SK044,6.0,Advanced,2026-05-01,0,Medium
E00393,SK045,6.0,Advanced,2026-05-01,0,Medium
E00393,SK046,6.0,Advanced,2026-05-01,0,Medium
E00393,SK052,6.0,Advanced,2026-05-01,0,Medium
E00393,SK053,6.0,Advanced,2026-05-01,0,Medium
E00394,SK044,0.5,Beginner,2026-05-01,0,Medium
E00394,SK045,0.5,Beginner,2026-05-01,0,Medium
E00394,SK046,0.5,Beginner,2026-05-01,0,Medium
E00394,SK047,0.5,Beginner,2026-05-01,0,Medium
E00394,SK048,0.5,Beginner,2026-05-01,0,Medium
E00395,SK044,15.0,Advanced,2026-05-01,0,Medium
E00395,SK045,15.0,Advanced,2026-05-01,0,Medium
E00395,SK046,15.0,Advanced,2026-05-01,0,Medium
E00395,SK040,15.0,Advanced,2026-05-01,1,High
E00395,SK042,15.0,Advanced,2026-05-01,0,High
E00396,SK044,12.0,Advanced,2026-05-01,0,Medium
E00396,SK045,12.0,Advanced,2026-05-01,0,Medium
E00396,SK046,12.0,Advanced,2026-05-01,0,Medium
E00396,SK040,12.0,Advanced,2026-05-01,1,High
E00396,SK042,12.0,Advanced,2026-05-01,0,High
E00397,SK044,10.0,Advanced,2026-05-01,0,Medium
E00397,SK045,10.0,Advanced,2026-05-01,0,Medium
E00397,SK046,10.0,Advanced,2026-05-01,0,Medium
E00397,SK042,10.0,Advanced,2026-05-01,0,High
E00397,SK043,10.0,Advanced,2026-05-01,0,Medium
E00398,SK044,0.5,Beginner,2026-05-01,0,Medium
E00398,SK052,0.5,Beginner,2026-05-01,0,Medium
E00401,SK044,2.0,Beginner,2026-05-01,0,Medium
E00401,SK045,2.0,Beginner,2026-05-01,0,Medium
E00401,SK046,2.0,Beginner,2026-05-01,0,Medium
E00401,SK039,2.0,Beginner,2026-05-01,0,High
E00401,SK049,2.0,Beginner,2026-05-01,0,High
E00402,SK044,11.0,Advanced,2026-05-01,0,Medium
E00402,SK045,11.0,Advanced,2026-05-01,0,Medium
E00402,SK046,11.0,Advanced,2026-05-01,0,Medium
E00402,SK042,11.0,Advanced,2026-05-01,0,High
E00402,SK043,11.0,Advanced,2026-05-01,0,Medium
E00406,SK044,3.0,Intermediate,2026-05-01,0,Medium
E00406,SK045,3.0,Intermediate,2026-05-01,0,Medium
E00406,SK046,3.0,Intermediate,2026-05-01,0,Medium
E00406,SK052,3.0,Intermediate,2026-05-01,0,Medium
E00406,SK053,3.0,Intermediate,2026-05-01,0,Medium
E00408,SK044,9.0,Advanced,2026-05-01,0,Medium
E00408,SK045,9.0,Advanced,2026-05-01,0,Medium
E00408,SK046,9.0,Advanced,2026-05-01,0,Medium
E00408,SK042,9.0,Advanced,2026-05-01,0,High
E00408,SK043,9.0,Advanced,2026-05-01,0,Medium
E00409,SK044,8.0,Advanced,2026-05-01,0,Medium
E00409,SK045,8.0,Advanced,2026-05-01,0,Medium
E00409,SK046,8.0,Advanced,2026-05-01,0,Medium
E00409,SK039,8.0,Advanced,2026-05-01,1,High
E00409,SK049,8.0,Advanced,2026-05-01,0,High
E00411,SK047,1.0,Beginner,2026-05-01,0,Medium
E00411,SK048,1.0,Beginner,2026-05-01,0,Medium
E00412,SK044,7.0,Advanced,2026-05-01,0,Medium
E00412,SK045,7.0,Advanced,2026-05-01,0,Medium
E00412,SK046,7.0,Advanced,2026-05-01,0,Medium
E00412,SK039,7.0,Advanced,2026-05-01,1,High
E00412,SK049,7.0,Advanced,2026-05-01,0,High
E00413,SK044,13.0,Advanced,2026-05-01,0,Medium
E00413,SK045,13.0,Advanced,2026-05-01,0,Medium
E00413,SK046,13.0,Advanced,2026-05-01,0,Medium
E00413,SK040,13.0,Advanced,2026-05-01,1,High
E00413,SK042,13.0,Advanced,2026-05-01,0,High
E00414,SK040,6.0,Advanced,2026-05-01,1,High
E00415,SK044,14.0,Advanced,2026-05-01,0,Medium
E00415,SK045,14.0,Advanced,2026-05-01,0,Medium
E00415,SK046,14.0,Advanced,2026-05-01,0,Medium
E00415,SK040,14.0,Advanced,2026-05-01,1,High
E00415,SK042,14.0,Advanced,2026-05-01,0,High
E00416,SK040,3.0,Intermediate,2026-05-01,1,High
E00417,SK040,6.0,Advanced,2026-05-01,1,High
E00419,SK044,14.0,Advanced,2026-05-01,0,Medium
E00419,SK045,14.0,Advanced,2026-05-01,0,Medium
E00419,SK046,14.0,Advanced,2026-05-01,0,Medium
E00419,SK040,14.0,Advanced,2026-05-01,1,High
E00419,SK042,14.0,Advanced,2026-05-01,0,High
E00420,SK044,7.0,Advanced,2026-05-01,0,Medium
E00420,SK045,7.0,Advanced,2026-05-01,0,Medium
E00420,SK046,7.0,Advanced,2026-05-01,0,Medium
E00420,SK042,7.0,Advanced,2026-05-01,0,High
E00420,SK043,7.0,Advanced,2026-05-01,0,Medium
E00421,SK044,9.0,Advanced,2026-05-01,0,Medium
E00421,SK045,9.0,Advanced,2026-05-01,0,Medium
E00421,SK046,9.0,Advanced,2026-05-01,0,Medium
E00421,SK042,9.0,Advanced,2026-05-01,0,High
E00421,SK043,9.0,Advanced,2026-05-01,0,Medium
E00423,SK044,10.0,Advanced,2026-05-01,0,Medium
E00423,SK045,10.0,Advanced,2026-05-01,0,Medium
E00423,SK046,10.0,Advanced,2026-05-01,0,Medium
E00423,SK042,10.0,Advanced,2026-05-01,0,High
E00423,SK043,10.0,Advanced,2026-05-01,0,Medium
E00424,SK040,6.0,Advanced,2026-05-01,1,High
E00425,SK040,7.0,Advanced,2026-05-01,1,High
E00426,SK044,7.0,Advanced,2026-05-01,0,Medium
E00426,SK045,7.0,Advanced,2026-05-01,0,Medium
E00426,SK046,7.0,Advanced,2026-05-01,0,Medium
E00426,SK039,7.0,Advanced,2026-05-01,1,High
E00426,SK049,7.0,Advanced,2026-05-01,0,High
E00427,SK044,4.0,Intermediate,2026-05-01,0,Medium
E00427,SK045,4.0,Intermediate,2026-05-01,0,Medium
E00427,SK046,4.0,Intermediate,2026-05-01,0,Medium
E00427,SK040,4.0,Intermediate,2026-05-01,1,High
E00427,SK047,4.0,Intermediate,2026-05-01,0,Medium
E00429,SK044,9.0,Advanced,2026-05-01,0,Medium
E00429,SK045,9.0,Advanced,2026-05-01,0,Medium
E00429,SK046,9.0,Advanced,2026-05-01,0,Medium
E00429,SK042,9.0,Advanced,2026-05-01,0,High
E00429,SK043,9.0,Advanced,2026-05-01,0,Medium
E00430,SK040,7.0,Advanced,2026-05-01,1,High
E00431,SK044,9.0,Advanced,2026-05-01,0,Medium
E00431,SK045,9.0,Advanced,2026-05-01,0,Medium
E00431,SK046,9.0,Advanced,2026-05-01,0,Medium
E00431,SK040,9.0,Advanced,2026-05-01,1,High
E00431,SK042,9.0,Advanced,2026-05-01,0,High
E00432,SK044,15.0,Advanced,2026-05-01,0,Medium
E00432,SK045,15.0,Advanced,2026-05-01,0,Medium
E00432,SK046,15.0,Advanced,2026-05-01,0,Medium
E00432,SK040,15.0,Advanced,2026-05-01,1,High
E00432,SK042,15.0,Advanced,2026-05-01,0,High
E00433,SK044,3.0,Intermediate,2026-05-01,0,Medium
E00433,SK045,3.0,Intermediate,2026-05-01,0,Medium
E00433,SK046,3.0,Intermediate,2026-05-01,0,Medium
E00433,SK040,3.0,Intermediate,2026-05-01,1,High
E00433,SK052,3.0,Intermediate,2026-05-01,0,Medium
E00434,SK044,2.0,Beginner,2026-05-01,0,Medium
E00434,SK045,2.0,Beginner,2026-05-01,0,Medium
E00434,SK046,2.0,Beginner,2026-05-01,0,Medium
E00434,SK052,2.0,Beginner,2026-05-01,0,Medium
E00434,SK053,2.0,Beginner,2026-05-01,0,Medium
E00435,SK040,7.0,Advanced,2026-05-01,1,High
E00436,SK044,7.0,Advanced,2026-05-01,0,Medium
E00436,SK045,7.0,Advanced,2026-05-01,0,Medium
E00436,SK046,7.0,Advanced,2026-05-01,0,Medium
E00436,SK042,7.0,Advanced,2026-05-01,0,High
E00436,SK043,7.0,Advanced,2026-05-01,0,Medium
E00437,SK040,3.0,Intermediate,2026-05-01,1,High
E00438,SK044,12.0,Advanced,2026-05-01,0,Medium
E00438,SK045,12.0,Advanced,2026-05-01,0,Medium
E00438,SK046,12.0,Advanced,2026-05-01,0,Medium
E00438,SK040,12.0,Advanced,2026-05-01,1,High
E00438,SK042,12.0,Advanced,2026-05-01,0,High
E00439,SK044,6.0,Advanced,2026-05-01,0,Medium
E00439,SK045,6.0,Advanced,2026-05-01,0,Medium
E00439,SK046,6.0,Advanced,2026-05-01,0,Medium
E00439,SK052,6.0,Advanced,2026-05-01,0,Medium
E00439,SK053,6.0,Advanced,2026-05-01,0,Medium
E00440,SK040,4.0,Intermediate,2026-05-01,1,High
E00442,SK044,7.0,Advanced,2026-05-01,0,Medium
E00442,SK045,7.0,Advanced,2026-05-01,0,Medium
E00442,SK046,7.0,Advanced,2026-05-01,0,Medium
E00442,SK042,7.0,Advanced,2026-05-01,0,High
E00442,SK043,7.0,Advanced,2026-05-01,0,Medium
E00443,SK044,3.0,Intermediate,2026-05-01,0,Medium
E00443,SK045,3.0,Intermediate,2026-05-01,0,Medium
E00443,SK046,3.0,Intermediate,2026-05-01,0,Medium
E00443,SK039,3.0,Intermediate,2026-05-01,1,High
E00443,SK049,3.0,Intermediate,2026-05-01,0,High
E00444,SK044,9.0,Advanced,2026-05-01,0,Medium
E00444,SK045,9.0,Advanced,2026-05-01,0,Medium
E00444,SK046,9.0,Advanced,2026-05-01,0,Medium
E00444,SK040,9.0,Advanced,2026-05-01,1,High
E00444,SK042,9.0,Advanced,2026-05-01,0,High
E00445,SK040,3.0,Intermediate,2026-05-01,1,High
E00446,SK044,4.0,Intermediate,2026-05-01,0,Medium
E00446,SK045,4.0,Intermediate,2026-05-01,0,Medium
E00446,SK046,4.0,Intermediate,2026-05-01,0,Medium
E00446,SK040,4.0,Intermediate,2026-05-01,1,High
E00446,SK052,4.0,Intermediate,2026-05-01,0,Medium
E00448,SK044,5.0,Intermediate,2026-05-01,0,Medium
E00448,SK045,5.0,Intermediate,2026-05-01,0,Medium
E00448,SK046,5.0,Intermediate,2026-05-01,0,Medium
E00448,SK047,5.0,Intermediate,2026-05-01,0,Medium
E00448,SK048,5.0,Intermediate,2026-05-01,0,Medium
E00449,SK044,7.0,Advanced,2026-05-01,0,Medium
E00449,SK045,7.0,Advanced,2026-05-01,0,Medium
E00449,SK046,7.0,Advanced,2026-05-01,0,Medium
E00449,SK052,7.0,Advanced,2026-05-01,0,Medium
E00449,SK053,7.0,Advanced,2026-05-01,0,Medium
E00450,SK044,10.0,Advanced,2026-05-01,0,Medium
E00450,SK045,10.0,Advanced,2026-05-01,0,Medium
E00450,SK046,10.0,Advanced,2026-05-01,0,Medium
E00450,SK040,10.0,Advanced,2026-05-01,1,High
E00450,SK042,10.0,Advanced,2026-05-01,0,High
E00452,SK044,7.0,Advanced,2026-05-01,0,Medium
E00452,SK045,7.0,Advanced,2026-05-01,0,Medium
E00452,SK046,7.0,Advanced,2026-05-01,0,Medium
E00452,SK039,7.0,Advanced,2026-05-01,1,High
E00452,SK049,7.0,Advanced,2026-05-01,0,High
E00453,SK044,15.0,Advanced,2026-05-01,0,Medium
E00453,SK045,15.0,Advanced,2026-05-01,0,Medium
E00453,SK046,15.0,Advanced,2026-05-01,0,Medium
E00453,SK039,15.0,Advanced,2026-05-01,1,High
E00453,SK049,15.0,Advanced,2026-05-01,0,High
E00454,SK044,15.0,Advanced,2026-05-01,0,Medium
E00454,SK045,15.0,Advanced,2026-05-01,0,Medium
E00454,SK046,15.0,Advanced,2026-05-01,0,Medium
E00454,SK042,15.0,Advanced,2026-05-01,0,High
E00454,SK043,15.0,Advanced,2026-05-01,0,Medium
E00455,SK044,7.0,Advanced,2026-05-01,0,Medium
E00455,SK045,7.0,Advanced,2026-05-01,0,Medium
E00455,SK046,7.0,Advanced,2026-05-01,0,Medium
E00455,SK040,7.0,Advanced,2026-05-01,1,High
E00455,SK042,7.0,Advanced,2026-05-01,0,High
E00456,SK044,11.0,Advanced,2026-05-01,0,Medium
E00456,SK045,11.0,Advanced,2026-05-01,0,Medium
E00456,SK046,11.0,Advanced,2026-05-01,0,Medium
E00456,SK040,11.0,Advanced,2026-05-01,1,High
E00456,SK042,11.0,Advanced,2026-05-01,0,High
E00458,SK044,5.0,Intermediate,2026-05-01,0,Medium
E00458,SK045,5.0,Intermediate,2026-05-01,0,Medium
E00458,SK046,5.0,Intermediate,2026-05-01,0,Medium
E00458,SK040,5.0,Intermediate,2026-05-01,1,High
E00458,SK047,5.0,Intermediate,2026-05-01,0,Medium
E00460,SK044,7.0,Advanced,2026-05-01,0,Medium
E00460,SK045,7.0,Advanced,2026-05-01,0,Medium
E00460,SK046,7.0,Advanced,2026-05-01,0,Medium
E00460,SK047,7.0,Advanced,2026-05-01,0,Medium
E00460,SK048,7.0,Advanced,2026-05-01,0,Medium
E00461,SK044,1.0,Beginner,2026-05-01,0,Medium
E00461,SK052,1.0,Beginner,2026-05-01,0,Medium
E00462,SK044,8.0,Advanced,2026-05-01,0,Medium
E00462,SK045,8.0,Advanced,2026-05-01,0,Medium
E00462,SK046,8.0,Advanced,2026-05-01,0,Medium
E00462,SK042,8.0,Advanced,2026-05-01,0,High
E00462,SK043,8.0,Advanced,2026-05-01,0,Medium
E00463,SK040,3.0,Intermediate,2026-05-01,1,High
E00464,SK044,5.0,Intermediate,2026-05-01,0,Medium
E00464,SK045,5.0,Intermediate,2026-05-01,0,Medium
E00464,SK046,5.0,Intermediate,2026-05-01,0,Medium
E00464,SK052,5.0,Intermediate,2026-05-01,0,Medium
E00464,SK053,5.0,Intermediate,2026-05-01,0,Medium
E00465,SK044,10.0,Advanced,2026-05-01,0,Medium
E00465,SK045,10.0,Advanced,2026-05-01,0,Medium
E00465,SK046,10.0,Advanced,2026-05-01,0,Medium
E00465,SK040,10.0,Advanced,2026-05-01,1,High
E00465,SK042,10.0,Advanced,2026-05-01,0,High
E00466,SK044,4.0,Intermediate,2026-05-01,0,Medium
E00466,SK045,4.0,Intermediate,2026-05-01,0,Medium
E00466,SK046,4.0,Intermediate,2026-05-01,0,Medium
E00466,SK040,4.0,Intermediate,2026-05-01,1,High
E00466,SK047,4.0,Intermediate,2026-05-01,0,Medium
E00467,SK044,6.0,Advanced,2026-05-01,0,Medium
E00467,SK045,6.0,Advanced,2026-05-01,0,Medium
E00467,SK046,6.0,Advanced,2026-05-01,0,Medium
E00467,SK042,6.0,Advanced,2026-05-01,0,High
E00467,SK043,6.0,Advanced,2026-05-01,0,Medium
E00468,SK044,2.0,Beginner,2026-05-01,0,Medium
E00468,SK045,2.0,Beginner,2026-05-01,0,Medium
E00468,SK046,2.0,Beginner,2026-05-01,0,Medium
E00468,SK052,2.0,Beginner,2026-05-01,0,Medium
E00468,SK053,2.0,Beginner,2026-05-01,0,Medium
E00469,SK040,7.0,Advanced,2026-05-01,1,High
E00470,SK044,7.0,Advanced,2026-05-01,0,Medium
E00470,SK045,7.0,Advanced,2026-05-01,0,Medium
E00470,SK046,7.0,Advanced,2026-05-01,0,Medium
E00470,SK040,7.0,Advanced,2026-05-01,1,High
E00470,SK042,7.0,Advanced,2026-05-01,0,High
E00471,SK040,7.0,Advanced,2026-05-01,1,High
E00472,SK044,11.0,Advanced,2026-05-01,0,Medium
E00472,SK045,11.0,Advanced,2026-05-01,0,Medium
E00472,SK046,11.0,Advanced,2026-05-01,0,Medium
E00472,SK042,11.0,Advanced,2026-05-01,0,High
E00472,SK043,11.0,Advanced,2026-05-01,0,Medium
E00473,SK040,3.0,Intermediate,2026-05-01,1,High
E00474,SK040,7.0,Advanced,2026-05-01,1,High
E00475,SK044,15.0,Advanced,2026-05-01,0,Medium
E00475,SK045,15.0,Advanced,2026-05-01,0,Medium
E00475,SK046,15.0,Advanced,2026-05-01,0,Medium
E00475,SK040,15.0,Advanced,2026-05-01,1,High
E00475,SK042,15.0,Advanced,2026-05-01,0,High
E00477,SK044,3.0,Intermediate,2026-05-01,0,Medium
E00477,SK045,3.0,Intermediate,2026-05-01,0,Medium
E00477,SK046,3.0,Intermediate,2026-05-01,0,Medium
E00477,SK052,3.0,Intermediate,2026-05-01,0,Medium
E00477,SK053,3.0,Intermediate,2026-05-01,0,Medium
E00478,SK044,15.0,Advanced,2026-05-01,0,Medium
E00478,SK045,15.0,Advanced,2026-05-01,0,Medium
E00478,SK046,15.0,Advanced,2026-05-01,0,Medium
E00478,SK040,15.0,Advanced,2026-05-01,1,High
E00478,SK042,15.0,Advanced,2026-05-01,0,High
E00479,SK040,6.0,Advanced,2026-05-01,1,High
E00480,SK044,5.0,Intermediate,2026-05-01,0,Medium
E00480,SK045,5.0,Intermediate,2026-05-01,0,Medium
E00480,SK046,5.0,Intermediate,2026-05-01,0,Medium
E00480,SK040,5.0,Intermediate,2026-05-01,1,High
E00480,SK052,5.0,Intermediate,2026-05-01,0,Medium
E00481,SK044,3.0,Intermediate,2026-05-01,0,Medium
E00481,SK045,3.0,Intermediate,2026-05-01,0,Medium
E00481,SK046,3.0,Intermediate,2026-05-01,0,Medium
E00481,SK052,3.0,Intermediate,2026-05-01,0,Medium
E00481,SK053,3.0,Intermediate,2026-05-01,0,Medium
E00482,SK040,1.0,Beginner,2026-05-01,0,High
E00483,SK044,11.0,Advanced,2026-05-01,0,Medium
E00483,SK045,11.0,Advanced,2026-05-01,0,Medium
E00483,SK046,11.0,Advanced,2026-05-01,0,Medium
E00483,SK042,11.0,Advanced,2026-05-01,0,High
E00483,SK043,11.0,Advanced,2026-05-01,0,Medium
E00484,SK044,9.0,Advanced,2026-05-01,0,Medium
E00484,SK045,9.0,Advanced,2026-05-01,0,Medium
E00484,SK046,9.0,Advanced,2026-05-01,0,Medium
E00484,SK040,9.0,Advanced,2026-05-01,1,High
E00484,SK042,9.0,Advanced,2026-05-01,0,High
E00485,SK044,11.0,Advanced,2026-05-01,0,Medium
E00485,SK045,11.0,Advanced,2026-05-01,0,Medium
E00485,SK046,11.0,Advanced,2026-05-01,0,Medium
E00485,SK040,11.0,Advanced,2026-05-01,1,High
E00485,SK042,11.0,Advanced,2026-05-01,0,High
E00486,SK044,14.0,Advanced,2026-05-01,0,Medium
E00486,SK045,14.0,Advanced,2026-05-01,0,Medium
E00486,SK046,14.0,Advanced,2026-05-01,0,Medium
E00486,SK040,14.0,Advanced,2026-05-01,1,High
E00486,SK042,14.0,Advanced,2026-05-01,0,High
E00487,SK044,3.0,Intermediate,2026-05-01,0,Medium
E00487,SK052,3.0,Intermediate,2026-05-01,0,Medium
E00489,SK044,5.0,Intermediate,2026-05-01,0,Medium
E00489,SK045,5.0,Intermediate,2026-05-01,0,Medium
E00489,SK046,5.0,Intermediate,2026-05-01,0,Medium
E00489,SK052,5.0,Intermediate,2026-05-01,0,Medium
E00489,SK053,5.0,Intermediate,2026-05-01,0,Medium
E00490,SK044,8.0,Advanced,2026-05-01,0,Medium
E00490,SK045,8.0,Advanced,2026-05-01,0,Medium
E00490,SK046,8.0,Advanced,2026-05-01,0,Medium
E00490,SK040,8.0,Advanced,2026-05-01,1,High
E00490,SK042,8.0,Advanced,2026-05-01,0,High
E00491,SK044,9.0,Advanced,2026-05-01,0,Medium
E00491,SK045,9.0,Advanced,2026-05-01,0,Medium
E00491,SK046,9.0,Advanced,2026-05-01,0,Medium
E00491,SK040,9.0,Advanced,2026-05-01,1,High
E00491,SK042,9.0,Advanced,2026-05-01,0,High
E00492,SK047,3.0,Intermediate,2026-05-01,0,Medium
E00492,SK048,3.0,Intermediate,2026-05-01,0,Medium
E00493,SK044,9.0,Advanced,2026-05-01,0,Medium
E00493,SK045,9.0,Advanced,2026-05-01,0,Medium
E00493,SK046,9.0,Advanced,2026-05-01,0,Medium
E00493,SK040,9.0,Advanced,2026-05-01,1,High
E00493,SK042,9.0,Advanced,2026-05-01,0,High
E00494,SK044,0.5,Beginner,2026-05-01,0,Medium
E00494,SK045,0.5,Beginner,2026-05-01,0,Medium
E00494,SK046,0.5,Beginner,2026-05-01,0,Medium
E00494,SK039,0.5,Beginner,2026-05-01,0,High
E00494,SK049,0.5,Beginner,2026-05-01,0,High
E00495,SK044,12.0,Advanced,2026-05-01,0,Medium
E00495,SK045,12.0,Advanced,2026-05-01,0,Medium
E00495,SK046,12.0,Advanced,2026-05-01,0,Medium
E00495,SK040,12.0,Advanced,2026-05-01,1,High
E00495,SK042,12.0,Advanced,2026-05-01,0,High
E00496,SK044,15.0,Advanced,2026-05-01,0,Medium
E00496,SK045,15.0,Advanced,2026-05-01,0,Medium
E00496,SK046,15.0,Advanced,2026-05-01,0,Medium
E00496,SK040,15.0,Advanced,2026-05-01,1,High
E00496,SK042,15.0,Advanced,2026-05-01,0,High
E00497,SK047,6.0,Advanced,2026-05-01,0,Medium
E00497,SK048,6.0,Advanced,2026-05-01,0,Medium
E00498,SK044,12.0,Advanced,2026-05-01,0,Medium
E00498,SK045,12.0,Advanced,2026-05-01,0,Medium
E00498,SK046,12.0,Advanced,2026-05-01,0,Medium
E00498,SK042,12.0,Advanced,2026-05-01,0,High
E00498,SK043,12.0,Advanced,2026-05-01,0,Medium
E00499,SK044,7.0,Advanced,2026-05-01,0,Medium
E00499,SK045,7.0,Advanced,2026-05-01,0,Medium
E00499,SK046,7.0,Advanced,2026-05-01,0,Medium
E00499,SK042,7.0,Advanced,2026-05-01,0,High
E00499,SK043,7.0,Advanced,2026-05-01,0,Medium
E00500,SK040,3.0,Intermediate,2026-05-01,1,High
E00501,SK044,12.0,Advanced,2026-05-01,0,Medium
E00501,SK045,12.0,Advanced,2026-05-01,0,Medium
E00501,SK046,12.0,Advanced,2026-05-01,0,Medium
E00501,SK040,12.0,Advanced,2026-05-01,1,High
E00501,SK042,12.0,Advanced,2026-05-01,0,High
E00502,SK040,2.0,Beginner,2026-05-01,0,High
E00504,SK040,3.0,Intermediate,2026-05-01,1,High
E00506,SK044,9.0,Advanced,2026-05-01,0,Medium
E00506,SK045,9.0,Advanced,2026-05-01,0,Medium
E00506,SK046,9.0,Advanced,2026-05-01,0,Medium
E00506,SK040,9.0,Advanced,2026-05-01,1,High
E00506,SK042,9.0,Advanced,2026-05-01,0,High
E00507,SK044,6.0,Advanced,2026-05-01,0,Medium
E00507,SK045,6.0,Advanced,2026-05-01,0,Medium
E00507,SK046,6.0,Advanced,2026-05-01,0,Medium
E00507,SK040,6.0,Advanced,2026-05-01,1,High
E00507,SK042,6.0,Advanced,2026-05-01,0,High
E00508,SK044,6.0,Advanced,2026-05-01,0,Medium
E00508,SK045,6.0,Advanced,2026-05-01,0,Medium
E00508,SK046,6.0,Advanced,2026-05-01,0,Medium
E00508,SK039,6.0,Advanced,2026-05-01,1,High
E00508,SK049,6.0,Advanced,2026-05-01,0,High
E00509,SK044,1.0,Beginner,2026-05-01,0,Medium
E00509,SK052,1.0,Beginner,2026-05-01,0,Medium
E00510,SK044,7.0,Advanced,2026-05-01,0,Medium
E00510,SK045,7.0,Advanced,2026-05-01,0,Medium
E00510,SK046,7.0,Advanced,2026-05-01,0,Medium
E00510,SK039,7.0,Advanced,2026-05-01,1,High
E00510,SK049,7.0,Advanced,2026-05-01,0,High
E00511,SK044,15.0,Advanced,2026-05-01,0,Medium
E00511,SK045,15.0,Advanced,2026-05-01,0,Medium
E00511,SK046,15.0,Advanced,2026-05-01,0,Medium
E00511,SK042,15.0,Advanced,2026-05-01,0,High
E00511,SK043,15.0,Advanced,2026-05-01,0,Medium
E00512,SK040,7.0,Advanced,2026-05-01,1,High
E00514,SK044,1.0,Beginner,2026-05-01,0,Medium
E00514,SK045,1.0,Beginner,2026-05-01,0,Medium
E00514,SK046,1.0,Beginner,2026-05-01,0,Medium
E00514,SK040,1.0,Beginner,2026-05-01,0,High
E00514,SK052,1.0,Beginner,2026-05-01,0,Medium
E00515,SK040,5.0,Intermediate,2026-05-01,1,High
E00516,SK044,6.0,Advanced,2026-05-01,0,Medium
E00516,SK045,6.0,Advanced,2026-05-01,0,Medium
E00516,SK046,6.0,Advanced,2026-05-01,0,Medium
E00516,SK042,6.0,Advanced,2026-05-01,0,High
E00516,SK043,6.0,Advanced,2026-05-01,0,Medium
E00517,SK044,0.5,Beginner,2026-05-01,0,Medium
E00517,SK045,0.5,Beginner,2026-05-01,0,Medium
E00517,SK046,0.5,Beginner,2026-05-01,0,Medium
E00517,SK039,0.5,Beginner,2026-05-01,0,High
E00517,SK049,0.5,Beginner,2026-05-01,0,High
E00519,SK044,1.0,Beginner,2026-05-01,0,Medium
E00519,SK045,1.0,Beginner,2026-05-01,0,Medium
E00519,SK046,1.0,Beginner,2026-05-01,0,Medium
E00519,SK047,1.0,Beginner,2026-05-01,0,Medium
E00519,SK048,1.0,Beginner,2026-05-01,0,Medium
E00521,SK040,0.5,Beginner,2026-05-01,0,High
E00522,SK044,10.0,Advanced,2026-05-01,0,Medium
E00522,SK045,10.0,Advanced,2026-05-01,0,Medium
E00522,SK046,10.0,Advanced,2026-05-01,0,Medium
E00522,SK042,10.0,Advanced,2026-05-01,0,High
E00522,SK043,10.0,Advanced,2026-05-01,0,Medium
E00524,SK044,7.0,Advanced,2026-05-01,0,Medium
E00524,SK052,7.0,Advanced,2026-05-01,0,Medium
E00525,SK040,3.0,Intermediate,2026-05-01,1,High
E00526,SK044,15.0,Advanced,2026-05-01,0,Medium
E00526,SK045,15.0,Advanced,2026-05-01,0,Medium
E00526,SK046,15.0,Advanced,2026-05-01,0,Medium
E00526,SK040,15.0,Advanced,2026-05-01,1,High
E00526,SK042,15.0,Advanced,2026-05-01,0,High
E00527,SK044,11.0,Advanced,2026-05-01,0,Medium
E00527,SK045,11.0,Advanced,2026-05-01,0,Medium
E00527,SK046,11.0,Advanced,2026-05-01,0,Medium
E00527,SK042,11.0,Advanced,2026-05-01,0,High
E00527,SK043,11.0,Advanced,2026-05-01,0,Medium
E00529,SK044,9.0,Advanced,2026-05-01,0,Medium
E00529,SK045,9.0,Advanced,2026-05-01,0,Medium
E00529,SK046,9.0,Advanced,2026-05-01,0,Medium
E00529,SK040,9.0,Advanced,2026-05-01,1,High
E00529,SK042,9.0,Advanced,2026-05-01,0,High
E00530,SK040,5.0,Intermediate,2026-05-01,1,High
E00531,SK044,6.0,Advanced,2026-05-01,0,Medium
E00531,SK045,6.0,Advanced,2026-05-01,0,Medium
E00531,SK046,6.0,Advanced,2026-05-01,0,Medium
E00531,SK042,6.0,Advanced,2026-05-01,0,High
E00531,SK043,6.0,Advanced,2026-05-01,0,Medium
E00532,SK044,7.0,Advanced,2026-05-01,0,Medium
E00532,SK045,7.0,Advanced,2026-05-01,0,Medium
E00532,SK046,7.0,Advanced,2026-05-01,0,Medium
E00532,SK042,7.0,Advanced,2026-05-01,0,High
E00532,SK043,7.0,Advanced,2026-05-01,0,Medium
E00533,SK044,11.0,Advanced,2026-05-01,0,Medium
E00533,SK045,11.0,Advanced,2026-05-01,0,Medium
E00533,SK046,11.0,Advanced,2026-05-01,0,Medium
E00533,SK039,11.0,Advanced,2026-05-01,1,High
E00533,SK049,11.0,Advanced,2026-05-01,0,High
E00534,SK044,9.0,Advanced,2026-05-01,0,Medium
E00534,SK045,9.0,Advanced,2026-05-01,0,Medium
E00534,SK046,9.0,Advanced,2026-05-01,0,Medium
E00534,SK042,9.0,Advanced,2026-05-01,0,High
E00534,SK043,9.0,Advanced,2026-05-01,0,Medium
E00535,SK044,5.0,Intermediate,2026-05-01,0,Medium
E00535,SK045,5.0,Intermediate,2026-05-01,0,Medium
E00535,SK046,5.0,Intermediate,2026-05-01,0,Medium
E00535,SK052,5.0,Intermediate,2026-05-01,0,Medium
E00535,SK053,5.0,Intermediate,2026-05-01,0,Medium
E00536,SK044,7.0,Advanced,2026-05-01,0,Medium
E00536,SK045,7.0,Advanced,2026-05-01,0,Medium
E00536,SK046,7.0,Advanced,2026-05-01,0,Medium
E00536,SK039,7.0,Advanced,2026-05-01,1,High
E00536,SK049,7.0,Advanced,2026-05-01,0,High
E00539,SK044,15.0,Advanced,2026-05-01,0,Medium
E00539,SK045,15.0,Advanced,2026-05-01,0,Medium
E00539,SK046,15.0,Advanced,2026-05-01,0,Medium
E00539,SK042,15.0,Advanced,2026-05-01,0,High
E00539,SK043,15.0,Advanced,2026-05-01,0,Medium
E00540,SK040,1.0,Beginner,2026-05-01,0,High
E00542,SK044,1.0,Beginner,2026-05-01,0,Medium
E00542,SK045,1.0,Beginner,2026-05-01,0,Medium
E00542,SK046,1.0,Beginner,2026-05-01,0,Medium
E00542,SK040,1.0,Beginner,2026-05-01,0,High
E00542,SK052,1.0,Beginner,2026-05-01,0,Medium
E00543,SK044,6.0,Advanced,2026-05-01,0,Medium
E00543,SK045,6.0,Advanced,2026-05-01,0,Medium
E00543,SK046,6.0,Advanced,2026-05-01,0,Medium
E00543,SK040,6.0,Advanced,2026-05-01,1,High
E00543,SK042,6.0,Advanced,2026-05-01,0,High
E00544,SK044,12.0,Advanced,2026-05-01,0,Medium
E00544,SK045,12.0,Advanced,2026-05-01,0,Medium
E00544,SK046,12.0,Advanced,2026-05-01,0,Medium
E00544,SK042,12.0,Advanced,2026-05-01,0,High
E00544,SK043,12.0,Advanced,2026-05-01,0,Medium
E00545,SK044,6.0,Advanced,2026-05-01,0,Medium
E00545,SK052,6.0,Advanced,2026-05-01,0,Medium
E00547,SK040,3.0,Intermediate,2026-05-01,1,High
E00548,SK044,3.0,Intermediate,2026-05-01,0,Medium
E00548,SK045,3.0,Intermediate,2026-05-01,0,Medium
E00548,SK046,3.0,Intermediate,2026-05-01,0,Medium
E00548,SK040,3.0,Intermediate,2026-05-01,1,High
E00548,SK052,3.0,Intermediate,2026-05-01,0,Medium
E00552,SK044,6.0,Advanced,2026-05-01,0,Medium
E00552,SK045,6.0,Advanced,2026-05-01,0,Medium
E00552,SK046,6.0,Advanced,2026-05-01,0,Medium
E00552,SK039,6.0,Advanced,2026-05-01,1,High
E00552,SK049,6.0,Advanced,2026-05-01,0,High
E00553,SK044,11.0,Advanced,2026-05-01,0,Medium
E00553,SK045,11.0,Advanced,2026-05-01,0,Medium
E00553,SK046,11.0,Advanced,2026-05-01,0,Medium
E00553,SK042,11.0,Advanced,2026-05-01,0,High
E00553,SK043,11.0,Advanced,2026-05-01,0,Medium
E00554,SK044,7.0,Advanced,2026-05-01,0,Medium
E00554,SK045,7.0,Advanced,2026-05-01,0,Medium
E00554,SK046,7.0,Advanced,2026-05-01,0,Medium
E00554,SK039,7.0,Advanced,2026-05-01,1,High
E00554,SK049,7.0,Advanced,2026-05-01,0,High
E00555,SK044,10.0,Advanced,2026-05-01,0,Medium
E00555,SK045,10.0,Advanced,2026-05-01,0,Medium
E00555,SK046,10.0,Advanced,2026-05-01,0,Medium
E00555,SK039,10.0,Advanced,2026-05-01,1,High
E00555,SK049,10.0,Advanced,2026-05-01,0,High
E00556,SK044,0.5,Beginner,2026-05-01,0,Medium
E00556,SK045,0.5,Beginner,2026-05-01,0,Medium
E00556,SK046,0.5,Beginner,2026-05-01,0,Medium
E00556,SK047,0.5,Beginner,2026-05-01,0,Medium
E00556,SK048,0.5,Beginner,2026-05-01,0,Medium
E00558,SK044,12.0,Advanced,2026-05-01,0,Medium
E00558,SK045,12.0,Advanced,2026-05-01,0,Medium
E00558,SK046,12.0,Advanced,2026-05-01,0,Medium
E00558,SK042,12.0,Advanced,2026-05-01,0,High
E00558,SK043,12.0,Advanced,2026-05-01,0,Medium
E00559,SK040,4.0,Intermediate,2026-05-01,1,High
E00560,SK044,7.0,Advanced,2026-05-01,0,Medium
E00560,SK045,7.0,Advanced,2026-05-01,0,Medium
E00560,SK046,7.0,Advanced,2026-05-01,0,Medium
E00560,SK040,7.0,Advanced,2026-05-01,1,High
E00560,SK052,7.0,Advanced,2026-05-01,0,Medium
E00561,SK044,12.0,Advanced,2026-05-01,0,Medium
E00561,SK045,12.0,Advanced,2026-05-01,0,Medium
E00561,SK046,12.0,Advanced,2026-05-01,0,Medium
E00561,SK039,12.0,Advanced,2026-05-01,1,High
E00561,SK049,12.0,Advanced,2026-05-01,0,High
E00562,SK044,11.0,Advanced,2026-05-01,0,Medium
E00562,SK045,11.0,Advanced,2026-05-01,0,Medium
E00562,SK046,11.0,Advanced,2026-05-01,0,Medium
E00562,SK042,11.0,Advanced,2026-05-01,0,High
E00562,SK043,11.0,Advanced,2026-05-01,0,Medium
E00563,SK044,10.0,Advanced,2026-05-01,0,Medium
E00563,SK045,10.0,Advanced,2026-05-01,0,Medium
E00563,SK046,10.0,Advanced,2026-05-01,0,Medium
E00563,SK042,10.0,Advanced,2026-05-01,0,High
E00563,SK043,10.0,Advanced,2026-05-01,0,Medium
E00564,SK044,9.0,Advanced,2026-05-01,0,Medium
E00564,SK045,9.0,Advanced,2026-05-01,0,Medium
E00564,SK046,9.0,Advanced,2026-05-01,0,Medium
E00564,SK039,9.0,Advanced,2026-05-01,1,High
E00564,SK049,9.0,Advanced,2026-05-01,0,High
E00565,SK044,7.0,Advanced,2026-05-01,0,Medium
E00565,SK045,7.0,Advanced,2026-05-01,0,Medium
E00565,SK046,7.0,Advanced,2026-05-01,0,Medium
E00565,SK047,7.0,Advanced,2026-05-01,0,Medium
E00565,SK048,7.0,Advanced,2026-05-01,0,Medium
E00566,SK044,6.0,Advanced,2026-05-01,0,Medium
E00566,SK045,6.0,Advanced,2026-05-01,0,Medium
E00566,SK046,6.0,Advanced,2026-05-01,0,Medium
E00566,SK042,6.0,Advanced,2026-05-01,0,High
E00566,SK043,6.0,Advanced,2026-05-01,0,Medium
E00567,SK044,10.0,Advanced,2026-05-01,0,Medium
E00567,SK045,10.0,Advanced,2026-05-01,0,Medium
E00567,SK046,10.0,Advanced,2026-05-01,0,Medium
E00567,SK042,10.0,Advanced,2026-05-01,0,High
E00567,SK043,10.0,Advanced,2026-05-01,0,Medium
E00569,SK044,6.0,Advanced,2026-05-01,0,Medium
E00569,SK045,6.0,Advanced,2026-05-01,0,Medium
E00569,SK046,6.0,Advanced,2026-05-01,0,Medium
E00569,SK042,6.0,Advanced,2026-05-01,0,High
E00569,SK043,6.0,Advanced,2026-05-01,0,Medium
E00570,SK044,4.0,Intermediate,2026-05-01,0,Medium
E00570,SK052,4.0,Intermediate,2026-05-01,0,Medium
E00572,SK044,6.0,Advanced,2026-05-01,0,Medium
E00572,SK045,6.0,Advanced,2026-05-01,0,Medium
E00572,SK046,6.0,Advanced,2026-05-01,0,Medium
E00572,SK042,6.0,Advanced,2026-05-01,0,High
E00572,SK043,6.0,Advanced,2026-05-01,0,Medium
E00573,SK044,9.0,Advanced,2026-05-01,0,Medium
E00573,SK045,9.0,Advanced,2026-05-01,0,Medium
E00573,SK046,9.0,Advanced,2026-05-01,0,Medium
E00573,SK042,9.0,Advanced,2026-05-01,0,High
E00573,SK043,9.0,Advanced,2026-05-01,0,Medium
E00575,SK044,10.0,Advanced,2026-05-01,0,Medium
E00575,SK045,10.0,Advanced,2026-05-01,0,Medium
E00575,SK046,10.0,Advanced,2026-05-01,0,Medium
E00575,SK040,10.0,Advanced,2026-05-01,1,High
E00575,SK042,10.0,Advanced,2026-05-01,0,High
E00576,SK044,9.0,Advanced,2026-05-01,0,Medium
E00576,SK045,9.0,Advanced,2026-05-01,0,Medium
E00576,SK046,9.0,Advanced,2026-05-01,0,Medium
E00576,SK040,9.0,Advanced,2026-05-01,1,High
E00576,SK042,9.0,Advanced,2026-05-01,0,High
E00578,SK044,8.0,Advanced,2026-05-01,0,Medium
E00578,SK045,8.0,Advanced,2026-05-01,0,Medium
E00578,SK046,8.0,Advanced,2026-05-01,0,Medium
E00578,SK042,8.0,Advanced,2026-05-01,0,High
E00578,SK043,8.0,Advanced,2026-05-01,0,Medium
E00579,SK044,4.0,Intermediate,2026-05-01,0,Medium
E00579,SK045,4.0,Intermediate,2026-05-01,0,Medium
E00579,SK046,4.0,Intermediate,2026-05-01,0,Medium
E00579,SK052,4.0,Intermediate,2026-05-01,0,Medium
E00579,SK053,4.0,Intermediate,2026-05-01,0,Medium
E00580,SK044,3.0,Intermediate,2026-05-01,0,Medium
E00580,SK052,3.0,Intermediate,2026-05-01,0,Medium
E00581,SK044,7.0,Advanced,2026-05-01,0,Medium
E00581,SK052,7.0,Advanced,2026-05-01,0,Medium
E00582,SK040,3.0,Intermediate,2026-05-01,1,High
E00583,SK040,5.0,Intermediate,2026-05-01,1,High
E00584,SK044,5.0,Intermediate,2026-05-01,0,Medium
E00584,SK045,5.0,Intermediate,2026-05-01,0,Medium
E00584,SK046,5.0,Intermediate,2026-05-01,0,Medium
E00585,SK044,7.0,Advanced,2026-05-01,0,Medium
E00585,SK052,7.0,Advanced,2026-05-01,0,Medium
E00586,SK044,10.0,Advanced,2026-05-01,0,Medium
E00586,SK045,10.0,Advanced,2026-05-01,0,Medium
E00586,SK046,10.0,Advanced,2026-05-01,0,Medium
E00586,SK042,10.0,Advanced,2026-05-01,0,High
E00586,SK043,10.0,Advanced,2026-05-01,0,Medium
E00587,SK044,15.0,Advanced,2026-05-01,0,Medium
E00587,SK045,15.0,Advanced,2026-05-01,0,Medium
E00587,SK046,15.0,Advanced,2026-05-01,0,Medium
E00587,SK040,15.0,Advanced,2026-05-01,1,High
E00587,SK042,15.0,Advanced,2026-05-01,0,High
E00588,SK044,3.0,Intermediate,2026-05-01,0,Medium
E00588,SK045,3.0,Intermediate,2026-05-01,0,Medium
E00588,SK046,3.0,Intermediate,2026-05-01,0,Medium
E00588,SK052,3.0,Intermediate,2026-05-01,0,Medium
E00588,SK053,3.0,Intermediate,2026-05-01,0,Medium
E00590,SK044,7.0,Advanced,2026-05-01,0,Medium
E00590,SK045,7.0,Advanced,2026-05-01,0,Medium
E00590,SK046,7.0,Advanced,2026-05-01,0,Medium
E00590,SK040,7.0,Advanced,2026-05-01,1,High
E00590,SK042,7.0,Advanced,2026-05-01,0,High
E00591,SK044,6.0,Advanced,2026-05-01,0,Medium
E00591,SK052,6.0,Advanced,2026-05-01,0,Medium
E00592,SK044,11.0,Advanced,2026-05-01,0,Medium
E00592,SK045,11.0,Advanced,2026-05-01,0,Medium
E00592,SK046,11.0,Advanced,2026-05-01,0,Medium
E00592,SK042,11.0,Advanced,2026-05-01,0,High
E00592,SK043,11.0,Advanced,2026-05-01,0,Medium
E00593,SK044,11.0,Advanced,2026-05-01,0,Medium
E00593,SK045,11.0,Advanced,2026-05-01,0,Medium
E00593,SK046,11.0,Advanced,2026-05-01,0,Medium
E00593,SK042,11.0,Advanced,2026-05-01,0,High
E00593,SK043,11.0,Advanced,2026-05-01,0,Medium
E00595,SK040,2.0,Beginner,2026-05-01,0,High
E00596,SK044,6.0,Advanced,2026-05-01,0,Medium
E00596,SK045,6.0,Advanced,2026-05-01,0,Medium
E00596,SK046,6.0,Advanced,2026-05-01,0,Medium
E00596,SK042,6.0,Advanced,2026-05-01,0,High
E00596,SK043,6.0,Advanced,2026-05-01,0,Medium
E00597,SK044,9.0,Advanced,2026-05-01,0,Medium
E00597,SK045,9.0,Advanced,2026-05-01,0,Medium
E00597,SK046,9.0,Advanced,2026-05-01,0,Medium
E00597,SK039,9.0,Advanced,2026-05-01,1,High
E00597,SK049,9.0,Advanced,2026-05-01,0,High
E00598,SK044,11.0,Advanced,2026-05-01,0,Medium
E00598,SK045,11.0,Advanced,2026-05-01,0,Medium
E00598,SK046,11.0,Advanced,2026-05-01,0,Medium
E00598,SK040,11.0,Advanced,2026-05-01,1,High
E00598,SK042,11.0,Advanced,2026-05-01,0,High
E00599,SK044,4.0,Intermediate,2026-05-01,0,Medium
E00599,SK045,4.0,Intermediate,2026-05-01,0,Medium
E00599,SK046,4.0,Intermediate,2026-05-01,0,Medium
E00599,SK040,4.0,Intermediate,2026-05-01,1,High
E00599,SK052,4.0,Intermediate,2026-05-01,0,Medium
E00600,SK040,5.0,Intermediate,2026-05-01,1,High
E00601,SK044,10.0,Advanced,2026-05-01,0,Medium
E00601,SK045,10.0,Advanced,2026-05-01,0,Medium
E00601,SK046,10.0,Advanced,2026-05-01,0,Medium
E00601,SK040,10.0,Advanced,2026-05-01,1,High
E00601,SK042,10.0,Advanced,2026-05-01,0,High
E00602,SK040,4.0,Intermediate,2026-05-01,1,High
E00603,SK044,5.0,Intermediate,2026-05-01,0,Medium
E00603,SK045,5.0,Intermediate,2026-05-01,0,Medium
E00603,SK046,5.0,Intermediate,2026-05-01,0,Medium
E00603,SK040,5.0,Intermediate,2026-05-01,1,High
E00603,SK047,5.0,Intermediate,2026-05-01,0,Medium
E00604,SK044,12.0,Advanced,2026-05-01,0,Medium
E00604,SK045,12.0,Advanced,2026-05-01,0,Medium
E00604,SK046,12.0,Advanced,2026-05-01,0,Medium
E00604,SK042,12.0,Advanced,2026-05-01,0,High
E00604,SK043,12.0,Advanced,2026-05-01,0,Medium
E00605,SK044,15.0,Advanced,2026-05-01,0,Medium
E00605,SK045,15.0,Advanced,2026-05-01,0,Medium
E00605,SK046,15.0,Advanced,2026-05-01,0,Medium
E00605,SK039,15.0,Advanced,2026-05-01,1,High
E00605,SK049,15.0,Advanced,2026-05-01,0,High
E00606,SK044,3.0,Intermediate,2026-05-01,0,Medium
E00606,SK045,3.0,Intermediate,2026-05-01,0,Medium
E00606,SK046,3.0,Intermediate,2026-05-01,0,Medium
E00606,SK052,3.0,Intermediate,2026-05-01,0,Medium
E00606,SK053,3.0,Intermediate,2026-05-01,0,Medium
E00607,SK044,3.0,Intermediate,2026-05-01,0,Medium
E00607,SK045,3.0,Intermediate,2026-05-01,0,Medium
E00607,SK046,3.0,Intermediate,2026-05-01,0,Medium
E00607,SK040,3.0,Intermediate,2026-05-01,1,High
E00607,SK052,3.0,Intermediate,2026-05-01,0,Medium
E00608,SK044,6.0,Advanced,2026-05-01,0,Medium
E00608,SK045,6.0,Advanced,2026-05-01,0,Medium
E00608,SK046,6.0,Advanced,2026-05-01,0,Medium
E00608,SK040,6.0,Advanced,2026-05-01,1,High
E00608,SK042,6.0,Advanced,2026-05-01,0,High
E00609,SK044,9.0,Advanced,2026-05-01,0,Medium
E00609,SK045,9.0,Advanced,2026-05-01,0,Medium
E00609,SK046,9.0,Advanced,2026-05-01,0,Medium
E00609,SK039,9.0,Advanced,2026-05-01,1,High
E00609,SK049,9.0,Advanced,2026-05-01,0,High
E00610,SK044,6.0,Advanced,2026-05-01,0,Medium
E00610,SK045,6.0,Advanced,2026-05-01,0,Medium
E00610,SK046,6.0,Advanced,2026-05-01,0,Medium
E00612,SK044,3.0,Intermediate,2026-05-01,0,Medium
E00612,SK052,3.0,Intermediate,2026-05-01,0,Medium
E00613,SK040,3.0,Intermediate,2026-05-01,1,High
E00614,SK044,1.0,Beginner,2026-05-01,0,Medium
E00614,SK045,1.0,Beginner,2026-05-01,0,Medium
E00614,SK046,1.0,Beginner,2026-05-01,0,Medium
E00614,SK040,1.0,Beginner,2026-05-01,0,High
E00614,SK052,1.0,Beginner,2026-05-01,0,Medium
E00615,SK044,7.0,Advanced,2026-05-01,0,Medium
E00615,SK045,7.0,Advanced,2026-05-01,0,Medium
E00615,SK046,7.0,Advanced,2026-05-01,0,Medium
E00615,SK042,7.0,Advanced,2026-05-01,0,High
E00615,SK043,7.0,Advanced,2026-05-01,0,Medium
E00616,SK044,6.0,Advanced,2026-05-01,0,Medium
E00616,SK052,6.0,Advanced,2026-05-01,0,Medium
E00617,SK040,4.0,Intermediate,2026-05-01,1,High
E00618,SK040,3.0,Intermediate,2026-05-01,1,High
E00619,SK044,9.0,Advanced,2026-05-01,0,Medium
E00619,SK045,9.0,Advanced,2026-05-01,0,Medium
E00619,SK046,9.0,Advanced,2026-05-01,0,Medium
E00619,SK040,9.0,Advanced,2026-05-01,1,High
E00619,SK042,9.0,Advanced,2026-05-01,0,High
E00620,SK044,14.0,Advanced,2026-05-01,0,Medium
E00620,SK045,14.0,Advanced,2026-05-01,0,Medium
E00620,SK046,14.0,Advanced,2026-05-01,0,Medium
E00620,SK042,14.0,Advanced,2026-05-01,0,High
E00620,SK043,14.0,Advanced,2026-05-01,0,Medium
E00621,SK044,4.0,Intermediate,2026-05-01,0,Medium
E00621,SK052,4.0,Intermediate,2026-05-01,0,Medium
E00622,SK044,11.0,Advanced,2026-05-01,0,Medium
E00622,SK045,11.0,Advanced,2026-05-01,0,Medium
E00622,SK046,11.0,Advanced,2026-05-01,0,Medium
E00622,SK042,11.0,Advanced,2026-05-01,0,High
E00622,SK043,11.0,Advanced,2026-05-01,0,Medium
E00623,SK044,0.5,Beginner,2026-05-01,0,Medium
E00623,SK045,0.5,Beginner,2026-05-01,0,Medium
E00623,SK046,0.5,Beginner,2026-05-01,0,Medium
E00623,SK047,0.5,Beginner,2026-05-01,0,Medium
E00623,SK048,0.5,Beginner,2026-05-01,0,Medium
E00626,SK044,8.0,Advanced,2026-05-01,0,Medium
E00626,SK045,8.0,Advanced,2026-05-01,0,Medium
E00626,SK046,8.0,Advanced,2026-05-01,0,Medium
E00626,SK040,8.0,Advanced,2026-05-01,1,High
E00626,SK042,8.0,Advanced,2026-05-01,0,High
E00627,SK044,1.0,Beginner,2026-05-01,0,Medium
E00627,SK045,1.0,Beginner,2026-05-01,0,Medium
E00627,SK046,1.0,Beginner,2026-05-01,0,Medium
E00627,SK040,1.0,Beginner,2026-05-01,0,High
E00627,SK052,1.0,Beginner,2026-05-01,0,Medium
E00628,SK044,11.0,Advanced,2026-05-01,0,Medium
E00628,SK045,11.0,Advanced,2026-05-01,0,Medium
E00628,SK046,11.0,Advanced,2026-05-01,0,Medium
E00628,SK040,11.0,Advanced,2026-05-01,1,High
E00628,SK042,11.0,Advanced,2026-05-01,0,High
E00629,SK044,15.0,Advanced,2026-05-01,0,Medium
E00629,SK045,15.0,Advanced,2026-05-01,0,Medium
E00629,SK046,15.0,Advanced,2026-05-01,0,Medium
E00629,SK040,15.0,Advanced,2026-05-01,1,High
E00629,SK042,15.0,Advanced,2026-05-01,0,High
E00632,SK044,9.0,Advanced,2026-05-01,0,Medium
E00632,SK045,9.0,Advanced,2026-05-01,0,Medium
E00632,SK046,9.0,Advanced,2026-05-01,0,Medium
E00632,SK042,9.0,Advanced,2026-05-01,0,High
E00632,SK043,9.0,Advanced,2026-05-01,0,Medium
E00634,SK044,15.0,Advanced,2026-05-01,0,Medium
E00634,SK045,15.0,Advanced,2026-05-01,0,Medium
E00634,SK046,15.0,Advanced,2026-05-01,0,Medium
E00634,SK039,15.0,Advanced,2026-05-01,1,High
E00634,SK049,15.0,Advanced,2026-05-01,0,High
E00635,SK044,2.0,Beginner,2026-05-01,0,Medium
E00635,SK045,2.0,Beginner,2026-05-01,0,Medium
E00635,SK046,2.0,Beginner,2026-05-01,0,Medium
E00635,SK039,2.0,Beginner,2026-05-01,0,High
E00635,SK049,2.0,Beginner,2026-05-01,0,High
E00636,SK044,15.0,Advanced,2026-05-01,0,Medium
E00636,SK045,15.0,Advanced,2026-05-01,0,Medium
E00636,SK046,15.0,Advanced,2026-05-01,0,Medium
E00636,SK042,15.0,Advanced,2026-05-01,0,High
E00636,SK043,15.0,Advanced,2026-05-01,0,Medium
E00638,SK040,2.0,Beginner,2026-05-01,0,High
E00639,SK047,0.5,Beginner,2026-05-01,0,Medium
E00639,SK048,0.5,Beginner,2026-05-01,0,Medium
E00640,SK044,3.0,Intermediate,2026-05-01,0,Medium
E00640,SK052,3.0,Intermediate,2026-05-01,0,Medium
E00641,SK044,5.0,Intermediate,2026-05-01,0,Medium
E00641,SK045,5.0,Intermediate,2026-05-01,0,Medium
E00641,SK046,5.0,Intermediate,2026-05-01,0,Medium
E00641,SK040,5.0,Intermediate,2026-05-01,1,High
E00641,SK052,5.0,Intermediate,2026-05-01,0,Medium
E00642,SK044,10.0,Advanced,2026-05-01,0,Medium
E00642,SK045,10.0,Advanced,2026-05-01,0,Medium
E00642,SK046,10.0,Advanced,2026-05-01,0,Medium
E00642,SK040,10.0,Advanced,2026-05-01,1,High
E00642,SK042,10.0,Advanced,2026-05-01,0,High
E00643,SK040,7.0,Advanced,2026-05-01,1,High
E00644,SK040,1.0,Beginner,2026-05-01,0,High
E00645,SK044,6.0,Advanced,2026-05-01,0,Medium
E00645,SK045,6.0,Advanced,2026-05-01,0,Medium
E00645,SK046,6.0,Advanced,2026-05-01,0,Medium
E00645,SK042,6.0,Advanced,2026-05-01,0,High
E00645,SK043,6.0,Advanced,2026-05-01,0,Medium
E00646,SK040,3.0,Intermediate,2026-05-01,1,High
E00648,SK044,11.0,Advanced,2026-05-01,0,Medium
E00648,SK045,11.0,Advanced,2026-05-01,0,Medium
E00648,SK046,11.0,Advanced,2026-05-01,0,Medium
E00648,SK040,11.0,Advanced,2026-05-01,1,High
E00648,SK042,11.0,Advanced,2026-05-01,0,High
E00649,SK044,15.0,Advanced,2026-05-01,0,Medium
E00649,SK045,15.0,Advanced,2026-05-01,0,Medium
E00649,SK046,15.0,Advanced,2026-05-01,0,Medium
E00649,SK042,15.0,Advanced,2026-05-01,0,High
E00649,SK043,15.0,Advanced,2026-05-01,0,Medium
E00650,SK047,6.0,Advanced,2026-05-01,0,Medium
E00650,SK048,6.0,Advanced,2026-05-01,0,Medium
E00651,SK044,5.0,Intermediate,2026-05-01,0,Medium
E00651,SK045,5.0,Intermediate,2026-05-01,0,Medium
E00651,SK046,5.0,Intermediate,2026-05-01,0,Medium
E00651,SK040,5.0,Intermediate,2026-05-01,1,High
E00651,SK052,5.0,Intermediate,2026-05-01,0,Medium
E00652,SK040,0.5,Beginner,2026-05-01,0,High
E00654,SK040,7.0,Advanced,2026-05-01,1,High
E00655,SK044,12.0,Advanced,2026-05-01,0,Medium
E00655,SK045,12.0,Advanced,2026-05-01,0,Medium
E00655,SK046,12.0,Advanced,2026-05-01,0,Medium
E00655,SK040,12.0,Advanced,2026-05-01,1,High
E00655,SK042,12.0,Advanced,2026-05-01,0,High
E00656,SK044,1.0,Beginner,2026-05-01,0,Medium
E00656,SK045,1.0,Beginner,2026-05-01,0,Medium
E00656,SK046,1.0,Beginner,2026-05-01,0,Medium
E00656,SK047,1.0,Beginner,2026-05-01,0,Medium
E00656,SK048,1.0,Beginner,2026-05-01,0,Medium
E00657,SK040,3.0,Intermediate,2026-05-01,1,High
E00658,SK044,7.0,Advanced,2026-05-01,0,Medium
E00658,SK045,7.0,Advanced,2026-05-01,0,Medium
E00658,SK046,7.0,Advanced,2026-05-01,0,Medium
E00658,SK042,7.0,Advanced,2026-05-01,0,High
E00658,SK043,7.0,Advanced,2026-05-01,0,Medium
E00659,SK040,3.0,Intermediate,2026-05-01,1,High
E00660,SK044,0.5,Beginner,2026-05-01,0,Medium
E00660,SK045,0.5,Beginner,2026-05-01,0,Medium
E00660,SK046,0.5,Beginner,2026-05-01,0,Medium
E00660,SK040,0.5,Beginner,2026-05-01,0,High
E00660,SK052,0.5,Beginner,2026-05-01,0,Medium
E00661,SK044,11.0,Advanced,2026-05-01,0,Medium
E00661,SK045,11.0,Advanced,2026-05-01,0,Medium
E00661,SK046,11.0,Advanced,2026-05-01,0,Medium
E00661,SK042,11.0,Advanced,2026-05-01,0,High
E00661,SK043,11.0,Advanced,2026-05-01,0,Medium
E00662,SK044,4.0,Intermediate,2026-05-01,0,Medium
E00662,SK045,4.0,Intermediate,2026-05-01,0,Medium
E00662,SK046,4.0,Intermediate,2026-05-01,0,Medium
E00662,SK039,4.0,Intermediate,2026-05-01,1,High
E00662,SK049,4.0,Intermediate,2026-05-01,0,High
E00663,SK044,0.5,Beginner,2026-05-01,0,Medium
E00663,SK045,0.5,Beginner,2026-05-01,0,Medium
E00663,SK046,0.5,Beginner,2026-05-01,0,Medium
E00663,SK040,0.5,Beginner,2026-05-01,0,High
E00663,SK052,0.5,Beginner,2026-05-01,0,Medium
E00664,SK044,12.0,Advanced,2026-05-01,0,Medium
E00664,SK045,12.0,Advanced,2026-05-01,0,Medium
E00664,SK046,12.0,Advanced,2026-05-01,0,Medium
E00664,SK040,12.0,Advanced,2026-05-01,1,High
E00664,SK042,12.0,Advanced,2026-05-01,0,High
E00665,SK044,9.0,Advanced,2026-05-01,0,Medium
E00665,SK045,9.0,Advanced,2026-05-01,0,Medium
E00665,SK046,9.0,Advanced,2026-05-01,0,Medium
E00665,SK042,9.0,Advanced,2026-05-01,0,High
E00665,SK043,9.0,Advanced,2026-05-01,0,Medium
E00666,SK044,15.0,Advanced,2026-05-01,0,Medium
E00666,SK045,15.0,Advanced,2026-05-01,0,Medium
E00666,SK046,15.0,Advanced,2026-05-01,0,Medium
E00666,SK042,15.0,Advanced,2026-05-01,0,High
E00666,SK043,15.0,Advanced,2026-05-01,0,Medium
E00667,SK040,6.0,Advanced,2026-05-01,1,High
E00668,SK044,1.0,Beginner,2026-05-01,0,Medium
E00668,SK045,1.0,Beginner,2026-05-01,0,Medium
E00668,SK046,1.0,Beginner,2026-05-01,0,Medium
E00668,SK052,1.0,Beginner,2026-05-01,0,Medium
E00668,SK053,1.0,Beginner,2026-05-01,0,Medium
E00669,SK047,5.0,Intermediate,2026-05-01,0,Medium
E00669,SK048,5.0,Intermediate,2026-05-01,0,Medium
E00670,SK044,10.0,Advanced,2026-05-01,0,Medium
E00670,SK045,10.0,Advanced,2026-05-01,0,Medium
E00670,SK046,10.0,Advanced,2026-05-01,0,Medium
E00670,SK040,10.0,Advanced,2026-05-01,1,High
E00670,SK042,10.0,Advanced,2026-05-01,0,High
E00673,SK040,6.0,Advanced,2026-05-01,1,High
E00674,SK044,0.5,Beginner,2026-05-01,0,Medium
E00674,SK045,0.5,Beginner,2026-05-01,0,Medium
E00674,SK046,0.5,Beginner,2026-05-01,0,Medium
E00675,SK044,9.0,Advanced,2026-05-01,0,Medium
E00675,SK045,9.0,Advanced,2026-05-01,0,Medium
E00675,SK046,9.0,Advanced,2026-05-01,0,Medium
E00675,SK040,9.0,Advanced,2026-05-01,1,High
E00675,SK042,9.0,Advanced,2026-05-01,0,High
E00676,SK040,6.0,Advanced,2026-05-01,1,High
E00677,SK044,15.0,Advanced,2026-05-01,0,Medium
E00677,SK045,15.0,Advanced,2026-05-01,0,Medium
E00677,SK046,15.0,Advanced,2026-05-01,0,Medium
E00677,SK040,15.0,Advanced,2026-05-01,1,High
E00677,SK042,15.0,Advanced,2026-05-01,0,High
E00678,SK044,15.0,Advanced,2026-05-01,0,Medium
E00678,SK045,15.0,Advanced,2026-05-01,0,Medium
E00678,SK046,15.0,Advanced,2026-05-01,0,Medium
E00678,SK042,15.0,Advanced,2026-05-01,0,High
E00678,SK043,15.0,Advanced,2026-05-01,0,Medium
E00680,SK044,8.0,Advanced,2026-05-01,0,Medium
E00680,SK045,8.0,Advanced,2026-05-01,0,Medium
E00680,SK046,8.0,Advanced,2026-05-01,0,Medium
E00680,SK042,8.0,Advanced,2026-05-01,0,High
E00680,SK043,8.0,Advanced,2026-05-01,0,Medium
E00681,SK044,9.0,Advanced,2026-05-01,0,Medium
E00681,SK045,9.0,Advanced,2026-05-01,0,Medium
E00681,SK046,9.0,Advanced,2026-05-01,0,Medium
E00681,SK040,9.0,Advanced,2026-05-01,1,High
E00681,SK042,9.0,Advanced,2026-05-01,0,High
E00682,SK040,1.0,Beginner,2026-05-01,0,High
E00683,SK040,2.0,Beginner,2026-05-01,0,High
E00685,SK044,9.0,Advanced,2026-05-01,0,Medium
E00685,SK045,9.0,Advanced,2026-05-01,0,Medium
E00685,SK046,9.0,Advanced,2026-05-01,0,Medium
E00685,SK040,9.0,Advanced,2026-05-01,1,High
E00685,SK042,9.0,Advanced,2026-05-01,0,High
E00686,SK040,0.5,Beginner,2026-05-01,0,High
E00687,SK044,3.0,Intermediate,2026-05-01,0,Medium
E00687,SK045,3.0,Intermediate,2026-05-01,0,Medium
E00687,SK046,3.0,Intermediate,2026-05-01,0,Medium
E00687,SK052,3.0,Intermediate,2026-05-01,0,Medium
E00687,SK053,3.0,Intermediate,2026-05-01,0,Medium
E00688,SK044,3.0,Intermediate,2026-05-01,0,Medium
E00688,SK045,3.0,Intermediate,2026-05-01,0,Medium
E00688,SK046,3.0,Intermediate,2026-05-01,0,Medium
E00689,SK044,10.0,Advanced,2026-05-01,0,Medium
E00689,SK045,10.0,Advanced,2026-05-01,0,Medium
E00689,SK046,10.0,Advanced,2026-05-01,0,Medium
E00689,SK040,10.0,Advanced,2026-05-01,1,High
E00689,SK042,10.0,Advanced,2026-05-01,0,High
E00691,SK047,4.0,Intermediate,2026-05-01,0,Medium
E00691,SK048,4.0,Intermediate,2026-05-01,0,Medium
E00692,SK040,6.0,Advanced,2026-05-01,1,High
E00693,SK044,10.0,Advanced,2026-05-01,0,Medium
E00693,SK045,10.0,Advanced,2026-05-01,0,Medium
E00693,SK046,10.0,Advanced,2026-05-01,0,Medium
E00693,SK040,10.0,Advanced,2026-05-01,1,High
E00693,SK042,10.0,Advanced,2026-05-01,0,High
E00694,SK044,9.0,Advanced,2026-05-01,0,Medium
E00694,SK045,9.0,Advanced,2026-05-01,0,Medium
E00694,SK046,9.0,Advanced,2026-05-01,0,Medium
E00694,SK040,9.0,Advanced,2026-05-01,1,High
E00694,SK042,9.0,Advanced,2026-05-01,0,High
E00695,SK044,6.0,Advanced,2026-05-01,0,Medium
E00695,SK045,6.0,Advanced,2026-05-01,0,Medium
E00695,SK046,6.0,Advanced,2026-05-01,0,Medium
E00695,SK040,6.0,Advanced,2026-05-01,1,High
E00695,SK052,6.0,Advanced,2026-05-01,0,Medium
E00696,SK044,15.0,Advanced,2026-05-01,0,Medium
E00696,SK045,15.0,Advanced,2026-05-01,0,Medium
E00696,SK046,15.0,Advanced,2026-05-01,0,Medium
E00696,SK040,15.0,Advanced,2026-05-01,1,High
E00696,SK042,15.0,Advanced,2026-05-01,0,High
E00697,SK044,6.0,Advanced,2026-05-01,0,Medium
E00697,SK045,6.0,Advanced,2026-05-01,0,Medium
E00697,SK046,6.0,Advanced,2026-05-01,0,Medium
E00697,SK040,6.0,Advanced,2026-05-01,1,High
E00697,SK042,6.0,Advanced,2026-05-01,0,High
E00698,SK044,10.0,Advanced,2026-05-01,0,Medium
E00698,SK045,10.0,Advanced,2026-05-01,0,Medium
E00698,SK046,10.0,Advanced,2026-05-01,0,Medium
E00698,SK040,10.0,Advanced,2026-05-01,1,High
E00698,SK042,10.0,Advanced,2026-05-01,0,High
E00699,SK040,5.0,Intermediate,2026-05-01,1,High
E00700,SK044,10.0,Advanced,2026-05-01,0,Medium
E00700,SK045,10.0,Advanced,2026-05-01,0,Medium
E00700,SK046,10.0,Advanced,2026-05-01,0,Medium
E00700,SK040,10.0,Advanced,2026-05-01,1,High
E00700,SK042,10.0,Advanced,2026-05-01,0,High
E00702,SK040,3.0,Intermediate,2026-05-01,1,High
E00703,SK040,6.0,Advanced,2026-05-01,1,High
E00704,SK044,1.0,Beginner,2026-05-01,0,Medium
E00704,SK045,1.0,Beginner,2026-05-01,0,Medium
E00704,SK046,1.0,Beginner,2026-05-01,0,Medium
E00704,SK039,1.0,Beginner,2026-05-01,0,High
E00704,SK049,1.0,Beginner,2026-05-01,0,High
E00705,SK044,15.0,Advanced,2026-05-01,0,Medium
E00705,SK045,15.0,Advanced,2026-05-01,0,Medium
E00705,SK046,15.0,Advanced,2026-05-01,0,Medium
E00705,SK039,15.0,Advanced,2026-05-01,1,High
E00705,SK049,15.0,Advanced,2026-05-01,0,High
E00706,SK040,1.0,Beginner,2026-05-01,0,High
E00707,SK040,5.0,Intermediate,2026-05-01,1,High
E00709,SK044,5.0,Intermediate,2026-05-01,0,Medium
E00709,SK045,5.0,Intermediate,2026-05-01,0,Medium
E00709,SK046,5.0,Intermediate,2026-05-01,0,Medium
E00709,SK039,5.0,Intermediate,2026-05-01,1,High
E00709,SK049,5.0,Intermediate,2026-05-01,0,High
E00710,SK044,9.0,Advanced,2026-05-01,0,Medium
E00710,SK045,9.0,Advanced,2026-05-01,0,Medium
E00710,SK046,9.0,Advanced,2026-05-01,0,Medium
E00710,SK039,9.0,Advanced,2026-05-01,1,High
E00710,SK049,9.0,Advanced,2026-05-01,0,High
E00711,SK044,15.0,Advanced,2026-05-01,0,Medium
E00711,SK045,15.0,Advanced,2026-05-01,0,Medium
E00711,SK046,15.0,Advanced,2026-05-01,0,Medium
E00711,SK042,15.0,Advanced,2026-05-01,0,High
E00711,SK043,15.0,Advanced,2026-05-01,0,Medium
E00713,SK047,0.5,Beginner,2026-05-01,0,Medium
E00713,SK048,0.5,Beginner,2026-05-01,0,Medium
E00714,SK040,2.0,Beginner,2026-05-01,0,High
E00715,SK040,4.0,Intermediate,2026-05-01,1,High
E00716,SK044,12.0,Advanced,2026-05-01,0,Medium
E00716,SK045,12.0,Advanced,2026-05-01,0,Medium
E00716,SK046,12.0,Advanced,2026-05-01,0,Medium
E00716,SK040,12.0,Advanced,2026-05-01,1,High
E00716,SK042,12.0,Advanced,2026-05-01,0,High
E00717,SK044,5.0,Intermediate,2026-05-01,0,Medium
E00717,SK045,5.0,Intermediate,2026-05-01,0,Medium
E00717,SK046,5.0,Intermediate,2026-05-01,0,Medium
E00717,SK039,5.0,Intermediate,2026-05-01,1,High
E00717,SK049,5.0,Intermediate,2026-05-01,0,High
E00718,SK047,4.0,Intermediate,2026-05-01,0,Medium
E00718,SK048,4.0,Intermediate,2026-05-01,0,Medium
E00720,SK040,0.5,Beginner,2026-05-01,0,High
E00721,SK044,7.0,Advanced,2026-05-01,0,Medium
E00721,SK045,7.0,Advanced,2026-05-01,0,Medium
E00721,SK046,7.0,Advanced,2026-05-01,0,Medium
E00721,SK040,7.0,Advanced,2026-05-01,1,High
E00721,SK047,7.0,Advanced,2026-05-01,0,Medium
E00723,SK044,8.0,Advanced,2026-05-01,0,Medium
E00723,SK045,8.0,Advanced,2026-05-01,0,Medium
E00723,SK046,8.0,Advanced,2026-05-01,0,Medium
E00723,SK042,8.0,Advanced,2026-05-01,0,High
E00723,SK043,8.0,Advanced,2026-05-01,0,Medium
E00724,SK044,12.0,Advanced,2026-05-01,0,Medium
E00724,SK045,12.0,Advanced,2026-05-01,0,Medium
E00724,SK046,12.0,Advanced,2026-05-01,0,Medium
E00724,SK039,12.0,Advanced,2026-05-01,1,High
E00724,SK049,12.0,Advanced,2026-05-01,0,High
E00725,SK047,4.0,Intermediate,2026-05-01,0,Medium
E00725,SK048,4.0,Intermediate,2026-05-01,0,Medium
E00727,SK044,11.0,Advanced,2026-05-01,0,Medium
E00727,SK045,11.0,Advanced,2026-05-01,0,Medium
E00727,SK046,11.0,Advanced,2026-05-01,0,Medium
E00727,SK042,11.0,Advanced,2026-05-01,0,High
E00727,SK043,11.0,Advanced,2026-05-01,0,Medium
E00729,SK044,3.0,Intermediate,2026-05-01,0,Medium
E00729,SK045,3.0,Intermediate,2026-05-01,0,Medium
E00729,SK046,3.0,Intermediate,2026-05-01,0,Medium
E00729,SK052,3.0,Intermediate,2026-05-01,0,Medium
E00729,SK053,3.0,Intermediate,2026-05-01,0,Medium
E00730,SK040,0.5,Beginner,2026-05-01,0,High
E00731,SK044,14.0,Advanced,2026-05-01,0,Medium
E00731,SK045,14.0,Advanced,2026-05-01,0,Medium
E00731,SK046,14.0,Advanced,2026-05-01,0,Medium
E00731,SK042,14.0,Advanced,2026-05-01,0,High
E00731,SK043,14.0,Advanced,2026-05-01,0,Medium
E00732,SK044,6.0,Advanced,2026-05-01,0,Medium
E00732,SK045,6.0,Advanced,2026-05-01,0,Medium
E00732,SK046,6.0,Advanced,2026-05-01,0,Medium
E00732,SK042,6.0,Advanced,2026-05-01,0,High
E00732,SK043,6.0,Advanced,2026-05-01,0,Medium
E00734,SK044,2.0,Beginner,2026-05-01,0,Medium
E00734,SK045,2.0,Beginner,2026-05-01,0,Medium
E00734,SK046,2.0,Beginner,2026-05-01,0,Medium
E00734,SK039,2.0,Beginner,2026-05-01,0,High
E00734,SK049,2.0,Beginner,2026-05-01,0,High
E00735,SK044,11.0,Advanced,2026-05-01,0,Medium
E00735,SK045,11.0,Advanced,2026-05-01,0,Medium
E00735,SK046,11.0,Advanced,2026-05-01,0,Medium
E00735,SK042,11.0,Advanced,2026-05-01,0,High
E00735,SK043,11.0,Advanced,2026-05-01,0,Medium
E00736,SK044,7.0,Advanced,2026-05-01,0,Medium
E00736,SK045,7.0,Advanced,2026-05-01,0,Medium
E00736,SK046,7.0,Advanced,2026-05-01,0,Medium
E00736,SK040,7.0,Advanced,2026-05-01,1,High
E00736,SK052,7.0,Advanced,2026-05-01,0,Medium
E00737,SK040,0.5,Beginner,2026-05-01,0,High
E00739,SK044,4.0,Intermediate,2026-05-01,0,Medium
E00739,SK045,4.0,Intermediate,2026-05-01,0,Medium
E00739,SK046,4.0,Intermediate,2026-05-01,0,Medium
E00739,SK040,4.0,Intermediate,2026-05-01,1,High
E00739,SK052,4.0,Intermediate,2026-05-01,0,Medium
E00741,SK044,15.0,Advanced,2026-05-01,0,Medium
E00741,SK045,15.0,Advanced,2026-05-01,0,Medium
E00741,SK046,15.0,Advanced,2026-05-01,0,Medium
E00741,SK042,15.0,Advanced,2026-05-01,0,High
E00741,SK043,15.0,Advanced,2026-05-01,0,Medium
E00742,SK044,0.5,Beginner,2026-05-01,0,Medium
E00742,SK045,0.5,Beginner,2026-05-01,0,Medium
E00742,SK046,0.5,Beginner,2026-05-01,0,Medium
E00742,SK039,0.5,Beginner,2026-05-01,0,High
E00742,SK049,0.5,Beginner,2026-05-01,0,High
E00743,SK044,7.0,Advanced,2026-05-01,0,Medium
E00743,SK045,7.0,Advanced,2026-05-01,0,Medium
E00743,SK046,7.0,Advanced,2026-05-01,0,Medium
E00743,SK042,7.0,Advanced,2026-05-01,0,High
E00743,SK043,7.0,Advanced,2026-05-01,0,Medium
E00745,SK044,6.0,Advanced,2026-05-01,0,Medium
E00745,SK045,6.0,Advanced,2026-05-01,0,Medium
E00745,SK046,6.0,Advanced,2026-05-01,0,Medium
E00745,SK039,6.0,Advanced,2026-05-01,1,High
E00745,SK049,6.0,Advanced,2026-05-01,0,High
E00747,SK044,6.0,Advanced,2026-05-01,0,Medium
E00747,SK045,6.0,Advanced,2026-05-01,0,Medium
E00747,SK046,6.0,Advanced,2026-05-01,0,Medium
E00747,SK040,6.0,Advanced,2026-05-01,1,High
E00747,SK042,6.0,Advanced,2026-05-01,0,High
E00748,SK044,15.0,Advanced,2026-05-01,0,Medium
E00748,SK045,15.0,Advanced,2026-05-01,0,Medium
E00748,SK046,15.0,Advanced,2026-05-01,0,Medium
E00748,SK042,15.0,Advanced,2026-05-01,0,High
E00748,SK043,15.0,Advanced,2026-05-01,0,Medium
E00749,SK044,6.0,Advanced,2026-05-01,0,Medium
E00749,SK045,6.0,Advanced,2026-05-01,0,Medium
E00749,SK046,6.0,Advanced,2026-05-01,0,Medium
E00750,SK044,6.0,Advanced,2026-05-01,0,Medium
E00750,SK052,6.0,Advanced,2026-05-01,0,Medium
E00751,SK044,9.0,Advanced,2026-05-01,0,Medium
E00751,SK045,9.0,Advanced,2026-05-01,0,Medium
E00751,SK046,9.0,Advanced,2026-05-01,0,Medium
E00751,SK042,9.0,Advanced,2026-05-01,0,High
E00751,SK043,9.0,Advanced,2026-05-01,0,Medium
E00752,SK044,8.0,Advanced,2026-05-01,0,Medium
E00752,SK045,8.0,Advanced,2026-05-01,0,Medium
E00752,SK046,8.0,Advanced,2026-05-01,0,Medium
E00752,SK039,8.0,Advanced,2026-05-01,1,High
E00752,SK049,8.0,Advanced,2026-05-01,0,High
E00753,SK040,7.0,Advanced,2026-05-01,1,High
E00754,SK044,8.0,Advanced,2026-05-01,0,Medium
E00754,SK045,8.0,Advanced,2026-05-01,0,Medium
E00754,SK046,8.0,Advanced,2026-05-01,0,Medium
E00754,SK042,8.0,Advanced,2026-05-01,0,High
E00754,SK043,8.0,Advanced,2026-05-01,0,Medium
E00755,SK044,6.0,Advanced,2026-05-01,0,Medium
E00755,SK045,6.0,Advanced,2026-05-01,0,Medium
E00755,SK046,6.0,Advanced,2026-05-01,0,Medium
E00755,SK040,6.0,Advanced,2026-05-01,1,High
E00755,SK042,6.0,Advanced,2026-05-01,0,High
E00756,SK040,2.0,Beginner,2026-05-01,0,High
E00757,SK040,1.0,Beginner,2026-05-01,0,High
E00758,SK044,7.0,Advanced,2026-05-01,0,Medium
E00758,SK045,7.0,Advanced,2026-05-01,0,Medium
E00758,SK046,7.0,Advanced,2026-05-01,0,Medium
E00758,SK042,7.0,Advanced,2026-05-01,0,High
E00758,SK043,7.0,Advanced,2026-05-01,0,Medium
E00759,SK044,2.0,Beginner,2026-05-01,0,Medium
E00759,SK045,2.0,Beginner,2026-05-01,0,Medium
E00759,SK046,2.0,Beginner,2026-05-01,0,Medium
E00759,SK039,2.0,Beginner,2026-05-01,0,High
E00759,SK049,2.0,Beginner,2026-05-01,0,High
E00760,SK044,0.5,Beginner,2026-05-01,0,Medium
E00760,SK045,0.5,Beginner,2026-05-01,0,Medium
E00760,SK046,0.5,Beginner,2026-05-01,0,Medium
E00760,SK052,0.5,Beginner,2026-05-01,0,Medium
E00760,SK053,0.5,Beginner,2026-05-01,0,Medium
E00761,SK040,3.0,Intermediate,2026-05-01,1,High
E00762,SK044,0.5,Beginner,2026-05-01,0,Medium
E00762,SK045,0.5,Beginner,2026-05-01,0,Medium
E00762,SK046,0.5,Beginner,2026-05-01,0,Medium
E00762,SK040,0.5,Beginner,2026-05-01,0,High
E00762,SK047,0.5,Beginner,2026-05-01,0,Medium
E00763,SK044,4.0,Intermediate,2026-05-01,0,Medium
E00763,SK045,4.0,Intermediate,2026-05-01,0,Medium
E00763,SK046,4.0,Intermediate,2026-05-01,0,Medium
E00763,SK052,4.0,Intermediate,2026-05-01,0,Medium
E00763,SK053,4.0,Intermediate,2026-05-01,0,Medium
E00764,SK044,5.0,Intermediate,2026-05-01,0,Medium
E00764,SK045,5.0,Intermediate,2026-05-01,0,Medium
E00764,SK046,5.0,Intermediate,2026-05-01,0,Medium
E00764,SK040,5.0,Intermediate,2026-05-01,1,High
E00764,SK052,5.0,Intermediate,2026-05-01,0,Medium
E00765,SK040,2.0,Beginner,2026-05-01,0,High
E00766,SK044,15.0,Advanced,2026-05-01,0,Medium
E00766,SK045,15.0,Advanced,2026-05-01,0,Medium
E00766,SK046,15.0,Advanced,2026-05-01,0,Medium
E00766,SK040,15.0,Advanced,2026-05-01,1,High
E00766,SK042,15.0,Advanced,2026-05-01,0,High
E00767,SK044,10.0,Advanced,2026-05-01,0,Medium
E00767,SK045,10.0,Advanced,2026-05-01,0,Medium
E00767,SK046,10.0,Advanced,2026-05-01,0,Medium
E00767,SK040,10.0,Advanced,2026-05-01,1,High
E00767,SK042,10.0,Advanced,2026-05-01,0,High
E00768,SK044,1.0,Beginner,2026-05-01,0,Medium
E00768,SK045,1.0,Beginner,2026-05-01,0,Medium
E00768,SK046,1.0,Beginner,2026-05-01,0,Medium
E00768,SK040,1.0,Beginner,2026-05-01,0,High
E00768,SK052,1.0,Beginner,2026-05-01,0,Medium
E00769,SK044,9.0,Advanced,2026-05-01,0,Medium
E00769,SK045,9.0,Advanced,2026-05-01,0,Medium
E00769,SK046,9.0,Advanced,2026-05-01,0,Medium
E00769,SK042,9.0,Advanced,2026-05-01,0,High
E00769,SK043,9.0,Advanced,2026-05-01,0,Medium
E00770,SK044,15.0,Advanced,2026-05-01,0,Medium
E00770,SK045,15.0,Advanced,2026-05-01,0,Medium
E00770,SK046,15.0,Advanced,2026-05-01,0,Medium
E00770,SK040,15.0,Advanced,2026-05-01,1,High
E00770,SK042,15.0,Advanced,2026-05-01,0,High
E00771,SK044,15.0,Advanced,2026-05-01,0,Medium
E00771,SK045,15.0,Advanced,2026-05-01,0,Medium
E00771,SK046,15.0,Advanced,2026-05-01,0,Medium
E00771,SK042,15.0,Advanced,2026-05-01,0,High
E00771,SK043,15.0,Advanced,2026-05-01,0,Medium
E00772,SK040,3.0,Intermediate,2026-05-01,1,High
E00773,SK044,8.0,Advanced,2026-05-01,0,Medium
E00773,SK045,8.0,Advanced,2026-05-01,0,Medium
E00773,SK046,8.0,Advanced,2026-05-01,0,Medium
E00773,SK042,8.0,Advanced,2026-05-01,0,High
E00773,SK043,8.0,Advanced,2026-05-01,0,Medium
E00775,SK044,7.0,Advanced,2026-05-01,0,Medium
E00775,SK045,7.0,Advanced,2026-05-01,0,Medium
E00775,SK046,7.0,Advanced,2026-05-01,0,Medium
E00775,SK040,7.0,Advanced,2026-05-01,1,High
E00775,SK042,7.0,Advanced,2026-05-01,0,High
E00776,SK044,0.5,Beginner,2026-05-01,0,Medium
E00776,SK045,0.5,Beginner,2026-05-01,0,Medium
E00776,SK046,0.5,Beginner,2026-05-01,0,Medium
E00776,SK039,0.5,Beginner,2026-05-01,0,High
E00776,SK049,0.5,Beginner,2026-05-01,0,High
E00777,SK040,4.0,Intermediate,2026-05-01,1,High
E00778,SK044,3.0,Intermediate,2026-05-01,0,Medium
E00778,SK045,3.0,Intermediate,2026-05-01,0,Medium
E00778,SK046,3.0,Intermediate,2026-05-01,0,Medium
E00780,SK044,14.0,Advanced,2026-05-01,0,Medium
E00780,SK045,14.0,Advanced,2026-05-01,0,Medium
E00780,SK046,14.0,Advanced,2026-05-01,0,Medium
E00780,SK040,14.0,Advanced,2026-05-01,1,High
E00780,SK042,14.0,Advanced,2026-05-01,0,High
E00781,SK040,7.0,Advanced,2026-05-01,1,High
E00782,SK044,11.0,Advanced,2026-05-01,0,Medium
E00782,SK045,11.0,Advanced,2026-05-01,0,Medium
E00782,SK046,11.0,Advanced,2026-05-01,0,Medium
E00782,SK042,11.0,Advanced,2026-05-01,0,High
E00782,SK043,11.0,Advanced,2026-05-01,0,Medium
E00784,SK044,0.5,Beginner,2026-05-01,0,Medium
E00784,SK045,0.5,Beginner,2026-05-01,0,Medium
E00784,SK046,0.5,Beginner,2026-05-01,0,Medium
E00784,SK040,0.5,Beginner,2026-05-01,0,High
E00784,SK052,0.5,Beginner,2026-05-01,0,Medium
E00785,SK040,4.0,Intermediate,2026-05-01,1,High
E00786,SK040,6.0,Advanced,2026-05-01,1,High
E00787,SK047,7.0,Advanced,2026-05-01,0,Medium
E00787,SK048,7.0,Advanced,2026-05-01,0,Medium
E00788,SK044,5.0,Intermediate,2026-05-01,0,Medium
E00788,SK052,5.0,Intermediate,2026-05-01,0,Medium
E00789,SK044,8.0,Advanced,2026-05-01,0,Medium
E00789,SK045,8.0,Advanced,2026-05-01,0,Medium
E00789,SK046,8.0,Advanced,2026-05-01,0,Medium
E00789,SK042,8.0,Advanced,2026-05-01,0,High
E00789,SK043,8.0,Advanced,2026-05-01,0,Medium
E00790,SK044,0.5,Beginner,2026-05-01,0,Medium
E00790,SK045,0.5,Beginner,2026-05-01,0,Medium
E00790,SK046,0.5,Beginner,2026-05-01,0,Medium
E00790,SK039,0.5,Beginner,2026-05-01,0,High
E00790,SK049,0.5,Beginner,2026-05-01,0,High
E00791,SK044,3.0,Intermediate,2026-05-01,0,Medium
E00791,SK045,3.0,Intermediate,2026-05-01,0,Medium
E00791,SK046,3.0,Intermediate,2026-05-01,0,Medium
E00791,SK052,3.0,Intermediate,2026-05-01,0,Medium
E00791,SK053,3.0,Intermediate,2026-05-01,0,Medium
E00792,SK044,10.0,Advanced,2026-05-01,0,Medium
E00792,SK045,10.0,Advanced,2026-05-01,0,Medium
E00792,SK046,10.0,Advanced,2026-05-01,0,Medium
E00792,SK040,10.0,Advanced,2026-05-01,1,High
E00792,SK042,10.0,Advanced,2026-05-01,0,High
E00794,SK044,9.0,Advanced,2026-05-01,0,Medium
E00794,SK045,9.0,Advanced,2026-05-01,0,Medium
E00794,SK046,9.0,Advanced,2026-05-01,0,Medium
E00794,SK042,9.0,Advanced,2026-05-01,0,High
E00794,SK043,9.0,Advanced,2026-05-01,0,Medium
E00796,SK044,9.0,Advanced,2026-05-01,0,Medium
E00796,SK045,9.0,Advanced,2026-05-01,0,Medium
E00796,SK046,9.0,Advanced,2026-05-01,0,Medium
E00796,SK042,9.0,Advanced,2026-05-01,0,High
E00796,SK043,9.0,Advanced,2026-05-01,0,Medium
E00797,SK044,15.0,Advanced,2026-05-01,0,Medium
E00797,SK045,15.0,Advanced,2026-05-01,0,Medium
E00797,SK046,15.0,Advanced,2026-05-01,0,Medium
E00797,SK042,15.0,Advanced,2026-05-01,0,High
E00797,SK043,15.0,Advanced,2026-05-01,0,Medium
E00798,SK044,15.0,Advanced,2026-05-01,0,Medium
E00798,SK045,15.0,Advanced,2026-05-01,0,Medium
E00798,SK046,15.0,Advanced,2026-05-01,0,Medium
E00798,SK040,15.0,Advanced,2026-05-01,1,High
E00798,SK042,15.0,Advanced,2026-05-01,0,High
E00799,SK040,1.0,Beginner,2026-05-01,0,High
E00800,SK040,0.5,Beginner,2026-05-01,0,High
E00803,SK044,10.0,Advanced,2026-05-01,0,Medium
E00803,SK045,10.0,Advanced,2026-05-01,0,Medium
E00803,SK046,10.0,Advanced,2026-05-01,0,Medium
E00803,SK039,10.0,Advanced,2026-05-01,1,High
E00803,SK049,10.0,Advanced,2026-05-01,0,High
E00804,SK040,7.0,Advanced,2026-05-01,1,High
E00805,SK044,7.0,Advanced,2026-05-01,0,Medium
E00805,SK045,7.0,Advanced,2026-05-01,0,Medium
E00805,SK046,7.0,Advanced,2026-05-01,0,Medium
E00805,SK040,7.0,Advanced,2026-05-01,1,High
E00805,SK042,7.0,Advanced,2026-05-01,0,High
E00806,SK044,12.0,Advanced,2026-05-01,0,Medium
E00806,SK045,12.0,Advanced,2026-05-01,0,Medium
E00806,SK046,12.0,Advanced,2026-05-01,0,Medium
E00806,SK040,12.0,Advanced,2026-05-01,1,High
E00806,SK042,12.0,Advanced,2026-05-01,0,High
E00808,SK044,9.0,Advanced,2026-05-01,0,Medium
E00808,SK045,9.0,Advanced,2026-05-01,0,Medium
E00808,SK046,9.0,Advanced,2026-05-01,0,Medium
E00808,SK040,9.0,Advanced,2026-05-01,1,High
E00808,SK042,9.0,Advanced,2026-05-01,0,High
E00809,SK044,3.0,Intermediate,2026-05-01,0,Medium
E00809,SK045,3.0,Intermediate,2026-05-01,0,Medium
E00809,SK046,3.0,Intermediate,2026-05-01,0,Medium
E00809,SK040,3.0,Intermediate,2026-05-01,1,High
E00809,SK047,3.0,Intermediate,2026-05-01,0,Medium
E00810,SK044,4.0,Intermediate,2026-05-01,0,Medium
E00810,SK045,4.0,Intermediate,2026-05-01,0,Medium
E00810,SK046,4.0,Intermediate,2026-05-01,0,Medium
E00810,SK040,4.0,Intermediate,2026-05-01,1,High
E00810,SK052,4.0,Intermediate,2026-05-01,0,Medium
E00811,SK044,10.0,Advanced,2026-05-01,0,Medium
E00811,SK045,10.0,Advanced,2026-05-01,0,Medium
E00811,SK046,10.0,Advanced,2026-05-01,0,Medium
E00811,SK039,10.0,Advanced,2026-05-01,1,High
E00811,SK049,10.0,Advanced,2026-05-01,0,High
E00812,SK044,15.0,Advanced,2026-05-01,0,Medium
E00812,SK045,15.0,Advanced,2026-05-01,0,Medium
E00812,SK046,15.0,Advanced,2026-05-01,0,Medium
E00812,SK040,15.0,Advanced,2026-05-01,1,High
E00812,SK042,15.0,Advanced,2026-05-01,0,High
E00813,SK044,6.0,Advanced,2026-05-01,0,Medium
E00813,SK045,6.0,Advanced,2026-05-01,0,Medium
E00813,SK046,6.0,Advanced,2026-05-01,0,Medium
E00813,SK042,6.0,Advanced,2026-05-01,0,High
E00813,SK043,6.0,Advanced,2026-05-01,0,Medium
E00814,SK044,0.5,Beginner,2026-05-01,0,Medium
E00814,SK045,0.5,Beginner,2026-05-01,0,Medium
E00814,SK046,0.5,Beginner,2026-05-01,0,Medium
E00814,SK040,0.5,Beginner,2026-05-01,0,High
E00814,SK052,0.5,Beginner,2026-05-01,0,Medium
E00816,SK044,10.0,Advanced,2026-05-01,0,Medium
E00816,SK045,10.0,Advanced,2026-05-01,0,Medium
E00816,SK046,10.0,Advanced,2026-05-01,0,Medium
E00816,SK042,10.0,Advanced,2026-05-01,0,High
E00816,SK043,10.0,Advanced,2026-05-01,0,Medium
E00817,SK040,3.0,Intermediate,2026-05-01,1,High
E00818,SK044,15.0,Advanced,2026-05-01,0,Medium
E00818,SK045,15.0,Advanced,2026-05-01,0,Medium
E00818,SK046,15.0,Advanced,2026-05-01,0,Medium
E00818,SK040,15.0,Advanced,2026-05-01,1,High
E00818,SK042,15.0,Advanced,2026-05-01,0,High
E00820,SK044,1.0,Beginner,2026-05-01,0,Medium
E00820,SK045,1.0,Beginner,2026-05-01,0,Medium
E00820,SK046,1.0,Beginner,2026-05-01,0,Medium
E00820,SK047,1.0,Beginner,2026-05-01,0,Medium
E00820,SK048,1.0,Beginner,2026-05-01,0,Medium
E00821,SK044,12.0,Advanced,2026-05-01,0,Medium
E00821,SK045,12.0,Advanced,2026-05-01,0,Medium
E00821,SK046,12.0,Advanced,2026-05-01,0,Medium
E00821,SK040,12.0,Advanced,2026-05-01,1,High
E00821,SK042,12.0,Advanced,2026-05-01,0,High
E00822,SK044,13.0,Advanced,2026-05-01,0,Medium
E00822,SK045,13.0,Advanced,2026-05-01,0,Medium
E00822,SK046,13.0,Advanced,2026-05-01,0,Medium
E00822,SK040,13.0,Advanced,2026-05-01,1,High
E00822,SK042,13.0,Advanced,2026-05-01,0,High
E00824,SK044,10.0,Advanced,2026-05-01,0,Medium
E00824,SK045,10.0,Advanced,2026-05-01,0,Medium
E00824,SK046,10.0,Advanced,2026-05-01,0,Medium
E00824,SK040,10.0,Advanced,2026-05-01,1,High
E00824,SK042,10.0,Advanced,2026-05-01,0,High
E00825,SK044,11.0,Advanced,2026-05-01,0,Medium
E00825,SK045,11.0,Advanced,2026-05-01,0,Medium
E00825,SK046,11.0,Advanced,2026-05-01,0,Medium
E00825,SK042,11.0,Advanced,2026-05-01,0,High
E00825,SK043,11.0,Advanced,2026-05-01,0,Medium
E00826,SK044,0.5,Beginner,2026-05-01,0,Medium
E00826,SK045,0.5,Beginner,2026-05-01,0,Medium
E00826,SK046,0.5,Beginner,2026-05-01,0,Medium
E00826,SK039,0.5,Beginner,2026-05-01,0,High
E00826,SK049,0.5,Beginner,2026-05-01,0,High
E00827,SK040,0.5,Beginner,2026-05-01,0,High
E00828,SK044,0.5,Beginner,2026-05-01,0,Medium
E00828,SK045,0.5,Beginner,2026-05-01,0,Medium
E00828,SK046,0.5,Beginner,2026-05-01,0,Medium
E00828,SK052,0.5,Beginner,2026-05-01,0,Medium
E00828,SK053,0.5,Beginner,2026-05-01,0,Medium
E00829,SK044,13.0,Advanced,2026-05-01,0,Medium
E00829,SK045,13.0,Advanced,2026-05-01,0,Medium
E00829,SK046,13.0,Advanced,2026-05-01,0,Medium
E00829,SK040,13.0,Advanced,2026-05-01,1,High
E00829,SK042,13.0,Advanced,2026-05-01,0,High
E00830,SK044,12.0,Advanced,2026-05-01,0,Medium
E00830,SK045,12.0,Advanced,2026-05-01,0,Medium
E00830,SK046,12.0,Advanced,2026-05-01,0,Medium
E00830,SK040,12.0,Advanced,2026-05-01,1,High
E00830,SK042,12.0,Advanced,2026-05-01,0,High
E00831,SK044,0.5,Beginner,2026-05-01,0,Medium
E00831,SK045,0.5,Beginner,2026-05-01,0,Medium
E00831,SK046,0.5,Beginner,2026-05-01,0,Medium
E00833,SK044,11.0,Advanced,2026-05-01,0,Medium
E00833,SK045,11.0,Advanced,2026-05-01,0,Medium
E00833,SK046,11.0,Advanced,2026-05-01,0,Medium
E00833,SK040,11.0,Advanced,2026-05-01,1,High
E00833,SK042,11.0,Advanced,2026-05-01,0,High
E00834,SK040,4.0,Intermediate,2026-05-01,1,High
E00835,SK044,15.0,Advanced,2026-05-01,0,Medium
E00835,SK045,15.0,Advanced,2026-05-01,0,Medium
E00835,SK046,15.0,Advanced,2026-05-01,0,Medium
E00835,SK042,15.0,Advanced,2026-05-01,0,High
E00835,SK043,15.0,Advanced,2026-05-01,0,Medium
E00836,SK044,6.0,Advanced,2026-05-01,0,Medium
E00836,SK045,6.0,Advanced,2026-05-01,0,Medium
E00836,SK046,6.0,Advanced,2026-05-01,0,Medium
E00836,SK042,6.0,Advanced,2026-05-01,0,High
E00836,SK043,6.0,Advanced,2026-05-01,0,Medium
E00837,SK044,3.0,Intermediate,2026-05-01,0,Medium
E00837,SK045,3.0,Intermediate,2026-05-01,0,Medium
E00837,SK046,3.0,Intermediate,2026-05-01,0,Medium
E00837,SK047,3.0,Intermediate,2026-05-01,0,Medium
E00837,SK048,3.0,Intermediate,2026-05-01,0,Medium
E00838,SK044,15.0,Advanced,2026-05-01,0,Medium
E00838,SK045,15.0,Advanced,2026-05-01,0,Medium
E00838,SK046,15.0,Advanced,2026-05-01,0,Medium
E00838,SK042,15.0,Advanced,2026-05-01,0,High
E00838,SK043,15.0,Advanced,2026-05-01,0,Medium
E00839,SK044,15.0,Advanced,2026-05-01,0,Medium
E00839,SK045,15.0,Advanced,2026-05-01,0,Medium
E00839,SK046,15.0,Advanced,2026-05-01,0,Medium
E00839,SK042,15.0,Advanced,2026-05-01,0,High
E00839,SK043,15.0,Advanced,2026-05-01,0,Medium
E00840,SK040,4.0,Intermediate,2026-05-01,1,High
E00841,SK044,6.0,Advanced,2026-05-01,0,Medium
E00841,SK045,6.0,Advanced,2026-05-01,0,Medium
E00841,SK046,6.0,Advanced,2026-05-01,0,Medium
E00841,SK039,6.0,Advanced,2026-05-01,1,High
E00841,SK049,6.0,Advanced,2026-05-01,0,High
E00842,SK044,9.0,Advanced,2026-05-01,0,Medium
E00842,SK045,9.0,Advanced,2026-05-01,0,Medium
E00842,SK046,9.0,Advanced,2026-05-01,0,Medium
E00842,SK040,9.0,Advanced,2026-05-01,1,High
E00842,SK042,9.0,Advanced,2026-05-01,0,High
E00843,SK040,7.0,Advanced,2026-05-01,1,High
E00844,SK044,7.0,Advanced,2026-05-01,0,Medium
E00844,SK045,7.0,Advanced,2026-05-01,0,Medium
E00844,SK046,7.0,Advanced,2026-05-01,0,Medium
E00844,SK042,7.0,Advanced,2026-05-01,0,High
E00844,SK043,7.0,Advanced,2026-05-01,0,Medium
E00845,SK040,5.0,Intermediate,2026-05-01,1,High
E00846,SK040,4.0,Intermediate,2026-05-01,1,High
E00847,SK044,4.0,Intermediate,2026-05-01,0,Medium
E00847,SK045,4.0,Intermediate,2026-05-01,0,Medium
E00847,SK046,4.0,Intermediate,2026-05-01,0,Medium
E00847,SK039,4.0,Intermediate,2026-05-01,1,High
E00847,SK049,4.0,Intermediate,2026-05-01,0,High
E00848,SK044,9.0,Advanced,2026-05-01,0,Medium
E00848,SK045,9.0,Advanced,2026-05-01,0,Medium
E00848,SK046,9.0,Advanced,2026-05-01,0,Medium
E00848,SK040,9.0,Advanced,2026-05-01,1,High
E00848,SK042,9.0,Advanced,2026-05-01,0,High
E00849,SK040,1.0,Beginner,2026-05-01,0,High
E00850,SK044,11.0,Advanced,2026-05-01,0,Medium
E00850,SK045,11.0,Advanced,2026-05-01,0,Medium
E00850,SK046,11.0,Advanced,2026-05-01,0,Medium
E00850,SK042,11.0,Advanced,2026-05-01,0,High
E00850,SK043,11.0,Advanced,2026-05-01,0,Medium
E00851,SK044,12.0,Advanced,2026-05-01,0,Medium
E00851,SK045,12.0,Advanced,2026-05-01,0,Medium
E00851,SK046,12.0,Advanced,2026-05-01,0,Medium
E00851,SK042,12.0,Advanced,2026-05-01,0,High
E00851,SK043,12.0,Advanced,2026-05-01,0,Medium
E00852,SK044,3.0,Intermediate,2026-05-01,0,Medium
E00852,SK045,3.0,Intermediate,2026-05-01,0,Medium
E00852,SK046,3.0,Intermediate,2026-05-01,0,Medium
E00852,SK040,3.0,Intermediate,2026-05-01,1,High
E00852,SK047,3.0,Intermediate,2026-05-01,0,Medium
E00853,SK044,9.0,Advanced,2026-05-01,0,Medium
E00853,SK045,9.0,Advanced,2026-05-01,0,Medium
E00853,SK046,9.0,Advanced,2026-05-01,0,Medium
E00853,SK040,9.0,Advanced,2026-05-01,1,High
E00853,SK042,9.0,Advanced,2026-05-01,0,High
E00855,SK040,0.5,Beginner,2026-05-01,0,High
E00856,SK044,13.0,Advanced,2026-05-01,0,Medium
E00856,SK045,13.0,Advanced,2026-05-01,0,Medium
E00856,SK046,13.0,Advanced,2026-05-01,0,Medium
E00856,SK042,13.0,Advanced,2026-05-01,0,High
E00856,SK043,13.0,Advanced,2026-05-01,0,Medium
E00857,SK044,12.0,Advanced,2026-05-01,0,Medium
E00857,SK045,12.0,Advanced,2026-05-01,0,Medium
E00857,SK046,12.0,Advanced,2026-05-01,0,Medium
E00857,SK042,12.0,Advanced,2026-05-01,0,High
E00857,SK043,12.0,Advanced,2026-05-01,0,Medium
E00858,SK044,11.0,Advanced,2026-05-01,0,Medium
E00858,SK045,11.0,Advanced,2026-05-01,0,Medium
E00858,SK046,11.0,Advanced,2026-05-01,0,Medium
E00858,SK042,11.0,Advanced,2026-05-01,0,High
E00858,SK043,11.0,Advanced,2026-05-01,0,Medium
E00859,SK040,3.0,Intermediate,2026-05-01,1,High
E00860,SK044,8.0,Advanced,2026-05-01,0,Medium
E00860,SK045,8.0,Advanced,2026-05-01,0,Medium
E00860,SK046,8.0,Advanced,2026-05-01,0,Medium
E00860,SK040,8.0,Advanced,2026-05-01,1,High
E00860,SK042,8.0,Advanced,2026-05-01,0,High
E00861,SK044,3.0,Intermediate,2026-05-01,0,Medium
E00861,SK052,3.0,Intermediate,2026-05-01,0,Medium
E00863,SK044,2.0,Beginner,2026-05-01,0,Medium
E00863,SK045,2.0,Beginner,2026-05-01,0,Medium
E00863,SK046,2.0,Beginner,2026-05-01,0,Medium
E00863,SK040,2.0,Beginner,2026-05-01,0,High
E00863,SK052,2.0,Beginner,2026-05-01,0,Medium
E00864,SK044,11.0,Advanced,2026-05-01,0,Medium
E00864,SK045,11.0,Advanced,2026-05-01,0,Medium
E00864,SK046,11.0,Advanced,2026-05-01,0,Medium
E00864,SK040,11.0,Advanced,2026-05-01,1,High
E00864,SK042,11.0,Advanced,2026-05-01,0,High
E00865,SK047,2.0,Beginner,2026-05-01,0,Medium
E00865,SK048,2.0,Beginner,2026-05-01,0,Medium
E00866,SK040,1.0,Beginner,2026-05-01,0,High
E00867,SK044,11.0,Advanced,2026-05-01,0,Medium
E00867,SK045,11.0,Advanced,2026-05-01,0,Medium
E00867,SK046,11.0,Advanced,2026-05-01,0,Medium
E00867,SK042,11.0,Advanced,2026-05-01,0,High
E00867,SK043,11.0,Advanced,2026-05-01,0,Medium
E00868,SK047,6.0,Advanced,2026-05-01,0,Medium
E00868,SK048,6.0,Advanced,2026-05-01,0,Medium
E00869,SK044,7.0,Advanced,2026-05-01,0,Medium
E00869,SK045,7.0,Advanced,2026-05-01,0,Medium
E00869,SK046,7.0,Advanced,2026-05-01,0,Medium
E00869,SK040,7.0,Advanced,2026-05-01,1,High
E00869,SK042,7.0,Advanced,2026-05-01,0,High
E00870,SK044,7.0,Advanced,2026-05-01,0,Medium
E00870,SK045,7.0,Advanced,2026-05-01,0,Medium
E00870,SK046,7.0,Advanced,2026-05-01,0,Medium
E00870,SK042,7.0,Advanced,2026-05-01,0,High
E00870,SK043,7.0,Advanced,2026-05-01,0,Medium
E00872,SK044,3.0,Intermediate,2026-05-01,0,Medium
E00872,SK052,3.0,Intermediate,2026-05-01,0,Medium
E00874,SK044,11.0,Advanced,2026-05-01,0,Medium
E00874,SK045,11.0,Advanced,2026-05-01,0,Medium
E00874,SK046,11.0,Advanced,2026-05-01,0,Medium
E00874,SK042,11.0,Advanced,2026-05-01,0,High
E00874,SK043,11.0,Advanced,2026-05-01,0,Medium
E00875,SK044,6.0,Advanced,2026-05-01,0,Medium
E00875,SK045,6.0,Advanced,2026-05-01,0,Medium
E00875,SK046,6.0,Advanced,2026-05-01,0,Medium
E00875,SK040,6.0,Advanced,2026-05-01,1,High
E00875,SK052,6.0,Advanced,2026-05-01,0,Medium
E00876,SK040,0.5,Beginner,2026-05-01,0,High
E00879,SK040,6.0,Advanced,2026-05-01,1,High
E00880,SK044,8.0,Advanced,2026-05-01,0,Medium
E00880,SK045,8.0,Advanced,2026-05-01,0,Medium
E00880,SK046,8.0,Advanced,2026-05-01,0,Medium
E00880,SK039,8.0,Advanced,2026-05-01,1,High
E00880,SK049,8.0,Advanced,2026-05-01,0,High
E00881,SK047,3.0,Intermediate,2026-05-01,0,Medium
E00881,SK048,3.0,Intermediate,2026-05-01,0,Medium
E00882,SK044,12.0,Advanced,2026-05-01,0,Medium
E00882,SK045,12.0,Advanced,2026-05-01,0,Medium
E00882,SK046,12.0,Advanced,2026-05-01,0,Medium
E00882,SK040,12.0,Advanced,2026-05-01,1,High
E00882,SK042,12.0,Advanced,2026-05-01,0,High
E00883,SK040,6.0,Advanced,2026-05-01,1,High
E00884,SK040,7.0,Advanced,2026-05-01,1,High
E00885,SK040,4.0,Intermediate,2026-05-01,1,High
E00886,SK044,11.0,Advanced,2026-05-01,0,Medium
E00886,SK045,11.0,Advanced,2026-05-01,0,Medium
E00886,SK046,11.0,Advanced,2026-05-01,0,Medium
E00886,SK042,11.0,Advanced,2026-05-01,0,High
E00886,SK043,11.0,Advanced,2026-05-01,0,Medium
E00887,SK040,5.0,Intermediate,2026-05-01,1,High
E00888,SK040,4.0,Intermediate,2026-05-01,1,High
E00890,SK044,1.0,Beginner,2026-05-01,0,Medium
E00890,SK045,1.0,Beginner,2026-05-01,0,Medium
E00890,SK046,1.0,Beginner,2026-05-01,0,Medium
E00891,SK044,3.0,Intermediate,2026-05-01,0,Medium
E00891,SK045,3.0,Intermediate,2026-05-01,0,Medium
E00891,SK046,3.0,Intermediate,2026-05-01,0,Medium
E00891,SK047,3.0,Intermediate,2026-05-01,0,Medium
E00891,SK048,3.0,Intermediate,2026-05-01,0,Medium
E00892,SK044,5.0,Intermediate,2026-05-01,0,Medium
E00892,SK045,5.0,Intermediate,2026-05-01,0,Medium
E00892,SK046,5.0,Intermediate,2026-05-01,0,Medium
E00892,SK039,5.0,Intermediate,2026-05-01,1,High
E00892,SK049,5.0,Intermediate,2026-05-01,0,High
E00893,SK040,3.0,Intermediate,2026-05-01,1,High
E00894,SK044,14.0,Advanced,2026-05-01,0,Medium
E00894,SK045,14.0,Advanced,2026-05-01,0,Medium
E00894,SK046,14.0,Advanced,2026-05-01,0,Medium
E00894,SK040,14.0,Advanced,2026-05-01,1,High
E00894,SK042,14.0,Advanced,2026-05-01,0,High
E00895,SK040,3.0,Intermediate,2026-05-01,1,High
E00896,SK040,6.0,Advanced,2026-05-01,1,High
E00897,SK044,2.0,Beginner,2026-05-01,0,Medium
E00897,SK045,2.0,Beginner,2026-05-01,0,Medium
E00897,SK046,2.0,Beginner,2026-05-01,0,Medium
E00897,SK040,2.0,Beginner,2026-05-01,0,High
E00897,SK052,2.0,Beginner,2026-05-01,0,Medium
E00898,SK040,5.0,Intermediate,2026-05-01,1,High
E00899,SK044,7.0,Advanced,2026-05-01,0,Medium
E00899,SK045,7.0,Advanced,2026-05-01,0,Medium
E00899,SK046,7.0,Advanced,2026-05-01,0,Medium
E00899,SK040,7.0,Advanced,2026-05-01,1,High
E00899,SK042,7.0,Advanced,2026-05-01,0,High
E00900,SK044,1.0,Beginner,2026-05-01,0,Medium
E00900,SK052,1.0,Beginner,2026-05-01,0,Medium
E00901,SK040,7.0,Advanced,2026-05-01,1,High
E00902,SK044,15.0,Advanced,2026-05-01,0,Medium
E00902,SK045,15.0,Advanced,2026-05-01,0,Medium
E00902,SK046,15.0,Advanced,2026-05-01,0,Medium
E00902,SK042,15.0,Advanced,2026-05-01,0,High
E00902,SK043,15.0,Advanced,2026-05-01,0,Medium
E00905,SK040,2.0,Beginner,2026-05-01,0,High
E00906,SK040,4.0,Intermediate,2026-05-01,1,High
E00907,SK040,3.0,Intermediate,2026-05-01,1,High
E00908,SK040,6.0,Advanced,2026-05-01,1,High
E00909,SK044,15.0,Advanced,2026-05-01,0,Medium
E00909,SK045,15.0,Advanced,2026-05-01,0,Medium
E00909,SK046,15.0,Advanced,2026-05-01,0,Medium
E00909,SK039,15.0,Advanced,2026-05-01,1,High
E00909,SK049,15.0,Advanced,2026-05-01,0,High
E00910,SK044,6.0,Advanced,2026-05-01,0,Medium
E00910,SK045,6.0,Advanced,2026-05-01,0,Medium
E00910,SK046,6.0,Advanced,2026-05-01,0,Medium
E00910,SK042,6.0,Advanced,2026-05-01,0,High
E00910,SK043,6.0,Advanced,2026-05-01,0,Medium
E00911,SK044,9.0,Advanced,2026-05-01,0,Medium
E00911,SK045,9.0,Advanced,2026-05-01,0,Medium
E00911,SK046,9.0,Advanced,2026-05-01,0,Medium
E00911,SK042,9.0,Advanced,2026-05-01,0,High
E00911,SK043,9.0,Advanced,2026-05-01,0,Medium
E00913,SK044,10.0,Advanced,2026-05-01,0,Medium
E00913,SK045,10.0,Advanced,2026-05-01,0,Medium
E00913,SK046,10.0,Advanced,2026-05-01,0,Medium
E00913,SK042,10.0,Advanced,2026-05-01,0,High
E00913,SK043,10.0,Advanced,2026-05-01,0,Medium
E00914,SK040,3.0,Intermediate,2026-05-01,1,High
E00915,SK044,9.0,Advanced,2026-05-01,0,Medium
E00915,SK045,9.0,Advanced,2026-05-01,0,Medium
E00915,SK046,9.0,Advanced,2026-05-01,0,Medium
E00915,SK040,9.0,Advanced,2026-05-01,1,High
E00915,SK042,9.0,Advanced,2026-05-01,0,High
E00916,SK044,10.0,Advanced,2026-05-01,0,Medium
E00916,SK045,10.0,Advanced,2026-05-01,0,Medium
E00916,SK046,10.0,Advanced,2026-05-01,0,Medium
E00916,SK039,10.0,Advanced,2026-05-01,1,High
E00916,SK049,10.0,Advanced,2026-05-01,0,High
E00917,SK044,7.0,Advanced,2026-05-01,0,Medium
E00917,SK045,7.0,Advanced,2026-05-01,0,Medium
E00917,SK046,7.0,Advanced,2026-05-01,0,Medium
E00917,SK047,7.0,Advanced,2026-05-01,0,Medium
E00917,SK048,7.0,Advanced,2026-05-01,0,Medium
E00918,SK044,1.0,Beginner,2026-05-01,0,Medium
E00918,SK045,1.0,Beginner,2026-05-01,0,Medium
E00918,SK046,1.0,Beginner,2026-05-01,0,Medium
E00918,SK047,1.0,Beginner,2026-05-01,0,Medium
E00918,SK048,1.0,Beginner,2026-05-01,0,Medium
E00919,SK044,12.0,Advanced,2026-05-01,0,Medium
E00919,SK045,12.0,Advanced,2026-05-01,0,Medium
E00919,SK046,12.0,Advanced,2026-05-01,0,Medium
E00919,SK040,12.0,Advanced,2026-05-01,1,High
E00919,SK042,12.0,Advanced,2026-05-01,0,High
E00920,SK044,15.0,Advanced,2026-05-01,0,Medium
E00920,SK045,15.0,Advanced,2026-05-01,0,Medium
E00920,SK046,15.0,Advanced,2026-05-01,0,Medium
E00920,SK040,15.0,Advanced,2026-05-01,1,High
E00920,SK042,15.0,Advanced,2026-05-01,0,High
E00921,SK040,5.0,Intermediate,2026-05-01,1,High
E00922,SK044,6.0,Advanced,2026-05-01,0,Medium
E00922,SK045,6.0,Advanced,2026-05-01,0,Medium
E00922,SK046,6.0,Advanced,2026-05-01,0,Medium
E00922,SK039,6.0,Advanced,2026-05-01,1,High
E00922,SK049,6.0,Advanced,2026-05-01,0,High
E00923,SK044,7.0,Advanced,2026-05-01,0,Medium
E00923,SK045,7.0,Advanced,2026-05-01,0,Medium
E00923,SK046,7.0,Advanced,2026-05-01,0,Medium
E00923,SK042,7.0,Advanced,2026-05-01,0,High
E00923,SK043,7.0,Advanced,2026-05-01,0,Medium
E00924,SK040,7.0,Advanced,2026-05-01,1,High
E00925,SK044,3.0,Intermediate,2026-05-01,0,Medium
E00925,SK045,3.0,Intermediate,2026-05-01,0,Medium
E00925,SK046,3.0,Intermediate,2026-05-01,0,Medium
E00925,SK052,3.0,Intermediate,2026-05-01,0,Medium
E00925,SK053,3.0,Intermediate,2026-05-01,0,Medium
E00926,SK044,3.0,Intermediate,2026-05-01,0,Medium
E00926,SK045,3.0,Intermediate,2026-05-01,0,Medium
E00926,SK046,3.0,Intermediate,2026-05-01,0,Medium
E00926,SK040,3.0,Intermediate,2026-05-01,1,High
E00926,SK052,3.0,Intermediate,2026-05-01,0,Medium
E00927,SK040,5.0,Intermediate,2026-05-01,1,High
E00929,SK044,6.0,Advanced,2026-05-01,0,Medium
E00929,SK045,6.0,Advanced,2026-05-01,0,Medium
E00929,SK046,6.0,Advanced,2026-05-01,0,Medium
E00929,SK052,6.0,Advanced,2026-05-01,0,Medium
E00929,SK053,6.0,Advanced,2026-05-01,0,Medium
E00930,SK040,2.0,Beginner,2026-05-01,0,High
E00932,SK044,1.0,Beginner,2026-05-01,0,Medium
E00932,SK045,1.0,Beginner,2026-05-01,0,Medium
E00932,SK046,1.0,Beginner,2026-05-01,0,Medium
E00932,SK052,1.0,Beginner,2026-05-01,0,Medium
E00932,SK053,1.0,Beginner,2026-05-01,0,Medium
E00934,SK040,3.0,Intermediate,2026-05-01,1,High
E00935,SK044,8.0,Advanced,2026-05-01,0,Medium
E00935,SK045,8.0,Advanced,2026-05-01,0,Medium
E00935,SK046,8.0,Advanced,2026-05-01,0,Medium
E00935,SK042,8.0,Advanced,2026-05-01,0,High
E00935,SK043,8.0,Advanced,2026-05-01,0,Medium
E00937,SK044,15.0,Advanced,2026-05-01,0,Medium
E00937,SK045,15.0,Advanced,2026-05-01,0,Medium
E00937,SK046,15.0,Advanced,2026-05-01,0,Medium
E00937,SK040,15.0,Advanced,2026-05-01,1,High
E00937,SK042,15.0,Advanced,2026-05-01,0,High
E00938,SK040,3.0,Intermediate,2026-05-01,1,High
E00940,SK044,15.0,Advanced,2026-05-01,0,Medium
E00940,SK045,15.0,Advanced,2026-05-01,0,Medium
E00940,SK046,15.0,Advanced,2026-05-01,0,Medium
E00940,SK040,15.0,Advanced,2026-05-01,1,High
E00940,SK042,15.0,Advanced,2026-05-01,0,High
E00941,SK044,8.0,Advanced,2026-05-01,0,Medium
E00941,SK045,8.0,Advanced,2026-05-01,0,Medium
E00941,SK046,8.0,Advanced,2026-05-01,0,Medium
E00941,SK039,8.0,Advanced,2026-05-01,1,High
E00941,SK049,8.0,Advanced,2026-05-01,0,High
E00943,SK044,11.0,Advanced,2026-05-01,0,Medium
E00943,SK045,11.0,Advanced,2026-05-01,0,Medium
E00943,SK046,11.0,Advanced,2026-05-01,0,Medium
E00943,SK040,11.0,Advanced,2026-05-01,1,High
E00943,SK042,11.0,Advanced,2026-05-01,0,High
E00944,SK044,8.0,Advanced,2026-05-01,0,Medium
E00944,SK045,8.0,Advanced,2026-05-01,0,Medium
E00944,SK046,8.0,Advanced,2026-05-01,0,Medium
E00944,SK042,8.0,Advanced,2026-05-01,0,High
E00944,SK043,8.0,Advanced,2026-05-01,0,Medium
E00945,SK040,4.0,Intermediate,2026-05-01,1,High
E00946,SK044,1.0,Beginner,2026-05-01,0,Medium
E00946,SK045,1.0,Beginner,2026-05-01,0,Medium
E00946,SK046,1.0,Beginner,2026-05-01,0,Medium
E00946,SK039,1.0,Beginner,2026-05-01,0,High
E00946,SK049,1.0,Beginner,2026-05-01,0,High
E00947,SK044,11.0,Advanced,2026-05-01,0,Medium
E00947,SK045,11.0,Advanced,2026-05-01,0,Medium
E00947,SK046,11.0,Advanced,2026-05-01,0,Medium
E00947,SK039,11.0,Advanced,2026-05-01,1,High
E00947,SK049,11.0,Advanced,2026-05-01,0,High
E00949,SK044,6.0,Advanced,2026-05-01,0,Medium
E00949,SK045,6.0,Advanced,2026-05-01,0,Medium
E00949,SK046,6.0,Advanced,2026-05-01,0,Medium
E00949,SK039,6.0,Advanced,2026-05-01,1,High
E00949,SK049,6.0,Advanced,2026-05-01,0,High
E00950,SK044,12.0,Advanced,2026-05-01,0,Medium
E00950,SK045,12.0,Advanced,2026-05-01,0,Medium
E00950,SK046,12.0,Advanced,2026-05-01,0,Medium
E00950,SK039,12.0,Advanced,2026-05-01,1,High
E00950,SK049,12.0,Advanced,2026-05-01,0,High
E00951,SK044,10.0,Advanced,2026-05-01,0,Medium
E00951,SK045,10.0,Advanced,2026-05-01,0,Medium
E00951,SK046,10.0,Advanced,2026-05-01,0,Medium
E00951,SK039,10.0,Advanced,2026-05-01,1,High
E00951,SK049,10.0,Advanced,2026-05-01,0,High
E00952,SK044,1.0,Beginner,2026-05-01,0,Medium
E00952,SK045,1.0,Beginner,2026-05-01,0,Medium
E00952,SK046,1.0,Beginner,2026-05-01,0,Medium
E00952,SK040,1.0,Beginner,2026-05-01,0,High
E00952,SK047,1.0,Beginner,2026-05-01,0,Medium
E00953,SK044,3.0,Intermediate,2026-05-01,0,Medium
E00953,SK045,3.0,Intermediate,2026-05-01,0,Medium
E00953,SK046,3.0,Intermediate,2026-05-01,0,Medium
E00953,SK039,3.0,Intermediate,2026-05-01,1,High
E00953,SK049,3.0,Intermediate,2026-05-01,0,High
E00954,SK040,1.0,Beginner,2026-05-01,0,High
E00955,SK044,1.0,Beginner,2026-05-01,0,Medium
E00955,SK045,1.0,Beginner,2026-05-01,0,Medium
E00955,SK046,1.0,Beginner,2026-05-01,0,Medium
E00956,SK044,8.0,Advanced,2026-05-01,0,Medium
E00956,SK045,8.0,Advanced,2026-05-01,0,Medium
E00956,SK046,8.0,Advanced,2026-05-01,0,Medium
E00956,SK039,8.0,Advanced,2026-05-01,1,High
E00956,SK049,8.0,Advanced,2026-05-01,0,High
E00957,SK044,5.0,Intermediate,2026-05-01,0,Medium
E00957,SK045,5.0,Intermediate,2026-05-01,0,Medium
E00957,SK046,5.0,Intermediate,2026-05-01,0,Medium
E00959,SK040,4.0,Intermediate,2026-05-01,1,High
E00961,SK044,9.0,Advanced,2026-05-01,0,Medium
E00961,SK045,9.0,Advanced,2026-05-01,0,Medium
E00961,SK046,9.0,Advanced,2026-05-01,0,Medium
E00961,SK040,9.0,Advanced,2026-05-01,1,High
E00961,SK042,9.0,Advanced,2026-05-01,0,High
E00962,SK044,11.0,Advanced,2026-05-01,0,Medium
E00962,SK045,11.0,Advanced,2026-05-01,0,Medium
E00962,SK046,11.0,Advanced,2026-05-01,0,Medium
E00962,SK040,11.0,Advanced,2026-05-01,1,High
E00962,SK042,11.0,Advanced,2026-05-01,0,High
E00963,SK044,0.5,Beginner,2026-05-01,0,Medium
E00963,SK045,0.5,Beginner,2026-05-01,0,Medium
E00963,SK046,0.5,Beginner,2026-05-01,0,Medium
E00964,SK040,4.0,Intermediate,2026-05-01,1,High
E00965,SK044,4.0,Intermediate,2026-05-01,0,Medium
E00965,SK045,4.0,Intermediate,2026-05-01,0,Medium
E00965,SK046,4.0,Intermediate,2026-05-01,0,Medium
E00965,SK052,4.0,Intermediate,2026-05-01,0,Medium
E00965,SK053,4.0,Intermediate,2026-05-01,0,Medium
E00966,SK044,6.0,Advanced,2026-05-01,0,Medium
E00966,SK045,6.0,Advanced,2026-05-01,0,Medium
E00966,SK046,6.0,Advanced,2026-05-01,0,Medium
E00966,SK040,6.0,Advanced,2026-05-01,1,High
E00966,SK042,6.0,Advanced,2026-05-01,0,High
E00967,SK044,6.0,Advanced,2026-05-01,0,Medium
E00967,SK045,6.0,Advanced,2026-05-01,0,Medium
E00967,SK046,6.0,Advanced,2026-05-01,0,Medium
E00967,SK042,6.0,Advanced,2026-05-01,0,High
E00967,SK043,6.0,Advanced,2026-05-01,0,Medium
E00968,SK044,6.0,Advanced,2026-05-01,0,Medium
E00968,SK045,6.0,Advanced,2026-05-01,0,Medium
E00968,SK046,6.0,Advanced,2026-05-01,0,Medium
E00968,SK039,6.0,Advanced,2026-05-01,1,High
E00968,SK049,6.0,Advanced,2026-05-01,0,High
E00969,SK040,7.0,Advanced,2026-05-01,1,High
E00970,SK044,7.0,Advanced,2026-05-01,0,Medium
E00970,SK045,7.0,Advanced,2026-05-01,0,Medium
E00970,SK046,7.0,Advanced,2026-05-01,0,Medium
E00970,SK040,7.0,Advanced,2026-05-01,1,High
E00970,SK042,7.0,Advanced,2026-05-01,0,High
E00971,SK044,6.0,Advanced,2026-05-01,0,Medium
E00971,SK052,6.0,Advanced,2026-05-01,0,Medium
E00972,SK040,0.5,Beginner,2026-05-01,0,High
E00973,SK044,12.0,Advanced,2026-05-01,0,Medium
E00973,SK045,12.0,Advanced,2026-05-01,0,Medium
E00973,SK046,12.0,Advanced,2026-05-01,0,Medium
E00973,SK040,12.0,Advanced,2026-05-01,1,High
E00973,SK042,12.0,Advanced,2026-05-01,0,High
E00974,SK040,4.0,Intermediate,2026-05-01,1,High
E00976,SK044,11.0,Advanced,2026-05-01,0,Medium
E00976,SK045,11.0,Advanced,2026-05-01,0,Medium
E00976,SK046,11.0,Advanced,2026-05-01,0,Medium
E00976,SK040,11.0,Advanced,2026-05-01,1,High
E00976,SK042,11.0,Advanced,2026-05-01,0,High
E00977,SK044,8.0,Advanced,2026-05-01,0,Medium
E00977,SK045,8.0,Advanced,2026-05-01,0,Medium
E00977,SK046,8.0,Advanced,2026-05-01,0,Medium
E00977,SK042,8.0,Advanced,2026-05-01,0,High
E00977,SK043,8.0,Advanced,2026-05-01,0,Medium
E00978,SK040,0.5,Beginner,2026-05-01,0,High
E00979,SK044,2.0,Beginner,2026-05-01,0,Medium
E00979,SK045,2.0,Beginner,2026-05-01,0,Medium
E00979,SK046,2.0,Beginner,2026-05-01,0,Medium
E00979,SK040,2.0,Beginner,2026-05-01,0,High
E00979,SK052,2.0,Beginner,2026-05-01,0,Medium
E00980,SK040,5.0,Intermediate,2026-05-01,1,High
E00981,SK044,3.0,Intermediate,2026-05-01,0,Medium
E00981,SK052,3.0,Intermediate,2026-05-01,0,Medium
E00982,SK040,3.0,Intermediate,2026-05-01,1,High
E00983,SK044,10.0,Advanced,2026-05-01,0,Medium
E00983,SK045,10.0,Advanced,2026-05-01,0,Medium
E00983,SK046,10.0,Advanced,2026-05-01,0,Medium
E00983,SK042,10.0,Advanced,2026-05-01,0,High
E00983,SK043,10.0,Advanced,2026-05-01,0,Medium
E00984,SK044,2.0,Beginner,2026-05-01,0,Medium
E00984,SK045,2.0,Beginner,2026-05-01,0,Medium
E00984,SK046,2.0,Beginner,2026-05-01,0,Medium
E00984,SK039,2.0,Beginner,2026-05-01,0,High
E00984,SK049,2.0,Beginner,2026-05-01,0,High
E00985,SK044,11.0,Advanced,2026-05-01,0,Medium
E00985,SK045,11.0,Advanced,2026-05-01,0,Medium
E00985,SK046,11.0,Advanced,2026-05-01,0,Medium
E00985,SK042,11.0,Advanced,2026-05-01,0,High
E00985,SK043,11.0,Advanced,2026-05-01,0,Medium
E00986,SK040,4.0,Intermediate,2026-05-01,1,High
E00987,SK040,5.0,Intermediate,2026-05-01,1,High
E00988,SK040,0.5,Beginner,2026-05-01,0,High
E00989,SK044,0.5,Beginner,2026-05-01,0,Medium
E00989,SK045,0.5,Beginner,2026-05-01,0,Medium
E00989,SK046,0.5,Beginner,2026-05-01,0,Medium
E00989,SK047,0.5,Beginner,2026-05-01,0,Medium
E00989,SK048,0.5,Beginner,2026-05-01,0,Medium
E00990,SK047,0.5,Beginner,2026-05-01,0,Medium
E00990,SK048,0.5,Beginner,2026-05-01,0,Medium
E00991,SK040,3.0,Intermediate,2026-05-01,1,High
E00992,SK044,11.0,Advanced,2026-05-01,0,Medium
E00992,SK045,11.0,Advanced,2026-05-01,0,Medium
E00992,SK046,11.0,Advanced,2026-05-01,0,Medium
E00992,SK042,11.0,Advanced,2026-05-01,0,High
E00992,SK043,11.0,Advanced,2026-05-01,0,Medium
E00993,SK044,8.0,Advanced,2026-05-01,0,Medium
E00993,SK045,8.0,Advanced,2026-05-01,0,Medium
E00993,SK046,8.0,Advanced,2026-05-01,0,Medium
E00993,SK040,8.0,Advanced,2026-05-01,1,High
E00993,SK042,8.0,Advanced,2026-05-01,0,High
E00999,SK044,4.0,Intermediate,2026-05-01,0,Medium
E00999,SK045,4.0,Intermediate,2026-05-01,0,Medium
E00999,SK046,4.0,Intermediate,2026-05-01,0,Medium
E00999,SK047,4.0,Intermediate,2026-05-01,0,Medium
E00999,SK048,4.0,Intermediate,2026-05-01,0,Medium
E01000,SK040,2.0,Beginner,2026-05-01,0,High
E01003,SK040,3.0,Intermediate,2026-05-01,1,High
E01005,SK040,4.0,Intermediate,2026-05-01,1,High
E01007,SK044,10.0,Advanced,2026-05-01,0,Medium
E01007,SK045,10.0,Advanced,2026-05-01,0,Medium
E01007,SK046,10.0,Advanced,2026-05-01,0,Medium
E01007,SK042,10.0,Advanced,2026-05-01,0,High
E01007,SK043,10.0,Advanced,2026-05-01,0,Medium
E01009,SK044,3.0,Intermediate,2026-05-01,0,Medium
E01009,SK045,3.0,Intermediate,2026-05-01,0,Medium
E01009,SK046,3.0,Intermediate,2026-05-01,0,Medium
E01009,SK039,3.0,Intermediate,2026-05-01,1,High
E01009,SK049,3.0,Intermediate,2026-05-01,0,High
E01011,SK044,6.0,Advanced,2026-05-01,0,Medium
E01011,SK045,6.0,Advanced,2026-05-01,0,Medium
E01011,SK046,6.0,Advanced,2026-05-01,0,Medium
E01011,SK042,6.0,Advanced,2026-05-01,0,High
E01011,SK043,6.0,Advanced,2026-05-01,0,Medium
E01012,SK044,5.0,Intermediate,2026-05-01,0,Medium
E01012,SK052,5.0,Intermediate,2026-05-01,0,Medium
E01013,SK044,15.0,Advanced,2026-05-01,0,Medium
E01013,SK045,15.0,Advanced,2026-05-01,0,Medium
E01013,SK046,15.0,Advanced,2026-05-01,0,Medium
E01013,SK042,15.0,Advanced,2026-05-01,0,High
E01013,SK043,15.0,Advanced,2026-05-01,0,Medium
E01014,SK044,7.0,Advanced,2026-05-01,0,Medium
E01014,SK045,7.0,Advanced,2026-05-01,0,Medium
E01014,SK046,7.0,Advanced,2026-05-01,0,Medium
E01014,SK040,7.0,Advanced,2026-05-01,1,High
E01014,SK042,7.0,Advanced,2026-05-01,0,High
E01015,SK044,4.0,Intermediate,2026-05-01,0,Medium
E01015,SK052,4.0,Intermediate,2026-05-01,0,Medium
E01017,SK044,11.0,Advanced,2026-05-01,0,Medium
E01017,SK045,11.0,Advanced,2026-05-01,0,Medium
E01017,SK046,11.0,Advanced,2026-05-01,0,Medium
E01017,SK040,11.0,Advanced,2026-05-01,1,High
E01017,SK042,11.0,Advanced,2026-05-01,0,High
E01018,SK044,6.0,Advanced,2026-05-01,0,Medium
E01018,SK045,6.0,Advanced,2026-05-01,0,Medium
E01018,SK046,6.0,Advanced,2026-05-01,0,Medium
E01018,SK040,6.0,Advanced,2026-05-01,1,High
E01018,SK052,6.0,Advanced,2026-05-01,0,Medium
E01019,SK044,4.0,Intermediate,2026-05-01,0,Medium
E01019,SK045,4.0,Intermediate,2026-05-01,0,Medium
E01019,SK046,4.0,Intermediate,2026-05-01,0,Medium
E01019,SK040,4.0,Intermediate,2026-05-01,1,High
E01019,SK052,4.0,Intermediate,2026-05-01,0,Medium
E01020,SK044,2.0,Beginner,2026-05-01,0,Medium
E01020,SK045,2.0,Beginner,2026-05-01,0,Medium
E01020,SK046,2.0,Beginner,2026-05-01,0,Medium
E01020,SK039,2.0,Beginner,2026-05-01,0,High
E01020,SK049,2.0,Beginner,2026-05-01,0,High
E01021,SK044,7.0,Advanced,2026-05-01,0,Medium
E01021,SK045,7.0,Advanced,2026-05-01,0,Medium
E01021,SK046,7.0,Advanced,2026-05-01,0,Medium
E01021,SK039,7.0,Advanced,2026-05-01,1,High
E01021,SK049,7.0,Advanced,2026-05-01,0,High
E01022,SK044,11.0,Advanced,2026-05-01,0,Medium
E01022,SK045,11.0,Advanced,2026-05-01,0,Medium
E01022,SK046,11.0,Advanced,2026-05-01,0,Medium
E01022,SK042,11.0,Advanced,2026-05-01,0,High
E01022,SK043,11.0,Advanced,2026-05-01,0,Medium
E01023,SK044,0.5,Beginner,2026-05-01,0,Medium
E01023,SK045,0.5,Beginner,2026-05-01,0,Medium
E01023,SK046,0.5,Beginner,2026-05-01,0,Medium
E01023,SK039,0.5,Beginner,2026-05-01,0,High
E01023,SK049,0.5,Beginner,2026-05-01,0,High
E01024,SK044,0.5,Beginner,2026-05-01,0,Medium
E01024,SK045,0.5,Beginner,2026-05-01,0,Medium
E01024,SK046,0.5,Beginner,2026-05-01,0,Medium
E01024,SK039,0.5,Beginner,2026-05-01,0,High
E01024,SK049,0.5,Beginner,2026-05-01,0,High
E01025,SK044,6.0,Advanced,2026-05-01,0,Medium
E01025,SK045,6.0,Advanced,2026-05-01,0,Medium
E01025,SK046,6.0,Advanced,2026-05-01,0,Medium
E01025,SK040,6.0,Advanced,2026-05-01,1,High
E01025,SK052,6.0,Advanced,2026-05-01,0,Medium
E01026,SK044,10.0,Advanced,2026-05-01,0,Medium
E01026,SK045,10.0,Advanced,2026-05-01,0,Medium
E01026,SK046,10.0,Advanced,2026-05-01,0,Medium
E01026,SK042,10.0,Advanced,2026-05-01,0,High
E01026,SK043,10.0,Advanced,2026-05-01,0,Medium
E01028,SK044,13.0,Advanced,2026-05-01,0,Medium
E01028,SK045,13.0,Advanced,2026-05-01,0,Medium
E01028,SK046,13.0,Advanced,2026-05-01,0,Medium
E01028,SK042,13.0,Advanced,2026-05-01,0,High
E01028,SK043,13.0,Advanced,2026-05-01,0,Medium
E01029,SK044,6.0,Advanced,2026-05-01,0,Medium
E01029,SK045,6.0,Advanced,2026-05-01,0,Medium
E01029,SK046,6.0,Advanced,2026-05-01,0,Medium
E01029,SK042,6.0,Advanced,2026-05-01,0,High
E01029,SK043,6.0,Advanced,2026-05-01,0,Medium
E01030,SK040,7.0,Advanced,2026-05-01,1,High
E01032,SK044,3.0,Intermediate,2026-05-01,0,Medium
E01032,SK045,3.0,Intermediate,2026-05-01,0,Medium
E01032,SK046,3.0,Intermediate,2026-05-01,0,Medium
E01032,SK040,3.0,Intermediate,2026-05-01,1,High
E01032,SK047,3.0,Intermediate,2026-05-01,0,Medium
E01033,SK040,7.0,Advanced,2026-05-01,1,High
E01034,SK044,9.0,Advanced,2026-05-01,0,Medium
E01034,SK045,9.0,Advanced,2026-05-01,0,Medium
E01034,SK046,9.0,Advanced,2026-05-01,0,Medium
E01034,SK040,9.0,Advanced,2026-05-01,1,High
E01034,SK042,9.0,Advanced,2026-05-01,0,High
E01035,SK044,6.0,Advanced,2026-05-01,0,Medium
E01035,SK045,6.0,Advanced,2026-05-01,0,Medium
E01035,SK046,6.0,Advanced,2026-05-01,0,Medium
E01035,SK040,6.0,Advanced,2026-05-01,1,High
E01035,SK042,6.0,Advanced,2026-05-01,0,High
E01036,SK040,2.0,Beginner,2026-05-01,0,High
E01037,SK044,10.0,Advanced,2026-05-01,0,Medium
E01037,SK045,10.0,Advanced,2026-05-01,0,Medium
E01037,SK046,10.0,Advanced,2026-05-01,0,Medium
E01037,SK042,10.0,Advanced,2026-05-01,0,High
E01037,SK043,10.0,Advanced,2026-05-01,0,Medium
E01038,SK044,1.0,Beginner,2026-05-01,0,Medium
E01038,SK045,1.0,Beginner,2026-05-01,0,Medium
E01038,SK046,1.0,Beginner,2026-05-01,0,Medium
E01038,SK040,1.0,Beginner,2026-05-01,0,High
E01038,SK052,1.0,Beginner,2026-05-01,0,Medium
E01039,SK040,3.0,Intermediate,2026-05-01,1,High
E01040,SK040,5.0,Intermediate,2026-05-01,1,High
E01041,SK044,3.0,Intermediate,2026-05-01,0,Medium
E01041,SK052,3.0,Intermediate,2026-05-01,0,Medium
E01042,SK044,4.0,Intermediate,2026-05-01,0,Medium
E01042,SK045,4.0,Intermediate,2026-05-01,0,Medium
E01042,SK046,4.0,Intermediate,2026-05-01,0,Medium
E01042,SK039,4.0,Intermediate,2026-05-01,1,High
E01042,SK049,4.0,Intermediate,2026-05-01,0,High
E01043,SK044,6.0,Advanced,2026-05-01,0,Medium
E01043,SK045,6.0,Advanced,2026-05-01,0,Medium
E01043,SK046,6.0,Advanced,2026-05-01,0,Medium
E01043,SK040,6.0,Advanced,2026-05-01,1,High
E01043,SK042,6.0,Advanced,2026-05-01,0,High
E01045,SK044,5.0,Intermediate,2026-05-01,0,Medium
E01045,SK045,5.0,Intermediate,2026-05-01,0,Medium
E01045,SK046,5.0,Intermediate,2026-05-01,0,Medium
E01046,SK044,6.0,Advanced,2026-05-01,0,Medium
E01046,SK045,6.0,Advanced,2026-05-01,0,Medium
E01046,SK046,6.0,Advanced,2026-05-01,0,Medium
E01046,SK039,6.0,Advanced,2026-05-01,1,High
E01046,SK049,6.0,Advanced,2026-05-01,0,High
E01047,SK044,9.0,Advanced,2026-05-01,0,Medium
E01047,SK045,9.0,Advanced,2026-05-01,0,Medium
E01047,SK046,9.0,Advanced,2026-05-01,0,Medium
E01047,SK042,9.0,Advanced,2026-05-01,0,High
E01047,SK043,9.0,Advanced,2026-05-01,0,Medium
E01048,SK044,7.0,Advanced,2026-05-01,0,Medium
E01048,SK045,7.0,Advanced,2026-05-01,0,Medium
E01048,SK046,7.0,Advanced,2026-05-01,0,Medium
E01048,SK042,7.0,Advanced,2026-05-01,0,High
E01048,SK043,7.0,Advanced,2026-05-01,0,Medium
E01051,SK044,6.0,Advanced,2026-05-01,0,Medium
E01051,SK045,6.0,Advanced,2026-05-01,0,Medium
E01051,SK046,6.0,Advanced,2026-05-01,0,Medium
E01051,SK047,6.0,Advanced,2026-05-01,0,Medium
E01051,SK048,6.0,Advanced,2026-05-01,0,Medium
E01052,SK044,12.0,Advanced,2026-05-01,0,Medium
E01052,SK045,12.0,Advanced,2026-05-01,0,Medium
E01052,SK046,12.0,Advanced,2026-05-01,0,Medium
E01052,SK042,12.0,Advanced,2026-05-01,0,High
E01052,SK043,12.0,Advanced,2026-05-01,0,Medium
E01053,SK044,4.0,Intermediate,2026-05-01,0,Medium
E01053,SK052,4.0,Intermediate,2026-05-01,0,Medium
E01054,SK044,7.0,Advanced,2026-05-01,0,Medium
E01054,SK052,7.0,Advanced,2026-05-01,0,Medium
E01055,SK044,9.0,Advanced,2026-05-01,0,Medium
E01055,SK045,9.0,Advanced,2026-05-01,0,Medium
E01055,SK046,9.0,Advanced,2026-05-01,0,Medium
E01055,SK042,9.0,Advanced,2026-05-01,0,High
E01055,SK043,9.0,Advanced,2026-05-01,0,Medium
E01056,SK044,7.0,Advanced,2026-05-01,0,Medium
E01056,SK045,7.0,Advanced,2026-05-01,0,Medium
E01056,SK046,7.0,Advanced,2026-05-01,0,Medium
E01056,SK040,7.0,Advanced,2026-05-01,1,High
E01056,SK042,7.0,Advanced,2026-05-01,0,High
E01058,SK040,6.0,Advanced,2026-05-01,1,High
E01059,SK044,7.0,Advanced,2026-05-01,0,Medium
E01059,SK045,7.0,Advanced,2026-05-01,0,Medium
E01059,SK046,7.0,Advanced,2026-05-01,0,Medium
E01059,SK039,7.0,Advanced,2026-05-01,1,High
E01059,SK049,7.0,Advanced,2026-05-01,0,High
E01060,SK040,0.5,Beginner,2026-05-01,0,High
E01061,SK040,5.0,Intermediate,2026-05-01,1,High
E01062,SK040,2.0,Beginner,2026-05-01,0,High
E01063,SK044,10.0,Advanced,2026-05-01,0,Medium
E01063,SK045,10.0,Advanced,2026-05-01,0,Medium
E01063,SK046,10.0,Advanced,2026-05-01,0,Medium
E01063,SK042,10.0,Advanced,2026-05-01,0,High
E01063,SK043,10.0,Advanced,2026-05-01,0,Medium
E01066,SK044,3.0,Intermediate,2026-05-01,0,Medium
E01066,SK045,3.0,Intermediate,2026-05-01,0,Medium
E01066,SK046,3.0,Intermediate,2026-05-01,0,Medium
E01066,SK047,3.0,Intermediate,2026-05-01,0,Medium
E01066,SK048,3.0,Intermediate,2026-05-01,0,Medium
E01067,SK044,11.0,Advanced,2026-05-01,0,Medium
E01067,SK045,11.0,Advanced,2026-05-01,0,Medium
E01067,SK046,11.0,Advanced,2026-05-01,0,Medium
E01067,SK042,11.0,Advanced,2026-05-01,0,High
E01067,SK043,11.0,Advanced,2026-05-01,0,Medium
E01068,SK044,6.0,Advanced,2026-05-01,0,Medium
E01068,SK052,6.0,Advanced,2026-05-01,0,Medium
E01070,SK044,3.0,Intermediate,2026-05-01,0,Medium
E01070,SK045,3.0,Intermediate,2026-05-01,0,Medium
E01070,SK046,3.0,Intermediate,2026-05-01,0,Medium
E01070,SK047,3.0,Intermediate,2026-05-01,0,Medium
E01070,SK048,3.0,Intermediate,2026-05-01,0,Medium
E01071,SK044,4.0,Intermediate,2026-05-01,0,Medium
E01071,SK045,4.0,Intermediate,2026-05-01,0,Medium
E01071,SK046,4.0,Intermediate,2026-05-01,0,Medium
E01071,SK047,4.0,Intermediate,2026-05-01,0,Medium
E01071,SK048,4.0,Intermediate,2026-05-01,0,Medium
E01072,SK044,6.0,Advanced,2026-05-01,0,Medium
E01072,SK045,6.0,Advanced,2026-05-01,0,Medium
E01072,SK046,6.0,Advanced,2026-05-01,0,Medium
E01072,SK039,6.0,Advanced,2026-05-01,1,High
E01072,SK049,6.0,Advanced,2026-05-01,0,High
E01073,SK044,6.0,Advanced,2026-05-01,0,Medium
E01073,SK045,6.0,Advanced,2026-05-01,0,Medium
E01073,SK046,6.0,Advanced,2026-05-01,0,Medium
E01073,SK047,6.0,Advanced,2026-05-01,0,Medium
E01073,SK048,6.0,Advanced,2026-05-01,0,Medium
E01076,SK040,4.0,Intermediate,2026-05-01,1,High
E01078,SK044,11.0,Advanced,2026-05-01,0,Medium
E01078,SK045,11.0,Advanced,2026-05-01,0,Medium
E01078,SK046,11.0,Advanced,2026-05-01,0,Medium
E01078,SK039,11.0,Advanced,2026-05-01,1,High
E01078,SK049,11.0,Advanced,2026-05-01,0,High
E01079,SK044,15.0,Advanced,2026-05-01,0,Medium
E01079,SK045,15.0,Advanced,2026-05-01,0,Medium
E01079,SK046,15.0,Advanced,2026-05-01,0,Medium
E01079,SK040,15.0,Advanced,2026-05-01,1,High
E01079,SK042,15.0,Advanced,2026-05-01,0,High
E01080,SK040,0.5,Beginner,2026-05-01,0,High
E01081,SK044,11.0,Advanced,2026-05-01,0,Medium
E01081,SK045,11.0,Advanced,2026-05-01,0,Medium
E01081,SK046,11.0,Advanced,2026-05-01,0,Medium
E01081,SK042,11.0,Advanced,2026-05-01,0,High
E01081,SK043,11.0,Advanced,2026-05-01,0,Medium
E01082,SK044,7.0,Advanced,2026-05-01,0,Medium
E01082,SK045,7.0,Advanced,2026-05-01,0,Medium
E01082,SK046,7.0,Advanced,2026-05-01,0,Medium
E01082,SK042,7.0,Advanced,2026-05-01,0,High
E01082,SK043,7.0,Advanced,2026-05-01,0,Medium
E01083,SK044,11.0,Advanced,2026-05-01,0,Medium
E01083,SK045,11.0,Advanced,2026-05-01,0,Medium
E01083,SK046,11.0,Advanced,2026-05-01,0,Medium
E01083,SK042,11.0,Advanced,2026-05-01,0,High
E01083,SK043,11.0,Advanced,2026-05-01,0,Medium
E01084,SK044,0.5,Beginner,2026-05-01,0,Medium
E01084,SK045,0.5,Beginner,2026-05-01,0,Medium
E01084,SK046,0.5,Beginner,2026-05-01,0,Medium
E01084,SK039,0.5,Beginner,2026-05-01,0,High
E01084,SK049,0.5,Beginner,2026-05-01,0,High
E01085,SK044,11.0,Advanced,2026-05-01,0,Medium
E01085,SK045,11.0,Advanced,2026-05-01,0,Medium
E01085,SK046,11.0,Advanced,2026-05-01,0,Medium
E01085,SK040,11.0,Advanced,2026-05-01,1,High
E01085,SK042,11.0,Advanced,2026-05-01,0,High
E01086,SK044,15.0,Advanced,2026-05-01,0,Medium
E01086,SK045,15.0,Advanced,2026-05-01,0,Medium
E01086,SK046,15.0,Advanced,2026-05-01,0,Medium
E01086,SK042,15.0,Advanced,2026-05-01,0,High
E01086,SK043,15.0,Advanced,2026-05-01,0,Medium
E01087,SK044,4.0,Intermediate,2026-05-01,0,Medium
E01087,SK052,4.0,Intermediate,2026-05-01,0,Medium
E01088,SK044,11.0,Advanced,2026-05-01,0,Medium
E01088,SK045,11.0,Advanced,2026-05-01,0,Medium
E01088,SK046,11.0,Advanced,2026-05-01,0,Medium
E01088,SK042,11.0,Advanced,2026-05-01,0,High
E01088,SK043,11.0,Advanced,2026-05-01,0,Medium
E01089,SK040,5.0,Intermediate,2026-05-01,1,High
E01091,SK044,13.0,Advanced,2026-05-01,0,Medium
E01091,SK045,13.0,Advanced,2026-05-01,0,Medium
E01091,SK046,13.0,Advanced,2026-05-01,0,Medium
E01091,SK042,13.0,Advanced,2026-05-01,0,High
E01091,SK043,13.0,Advanced,2026-05-01,0,Medium
E01092,SK044,9.0,Advanced,2026-05-01,0,Medium
E01092,SK045,9.0,Advanced,2026-05-01,0,Medium
E01092,SK046,9.0,Advanced,2026-05-01,0,Medium
E01092,SK040,9.0,Advanced,2026-05-01,1,High
E01092,SK042,9.0,Advanced,2026-05-01,0,High
E01093,SK044,14.0,Advanced,2026-05-01,0,Medium
E01093,SK045,14.0,Advanced,2026-05-01,0,Medium
E01093,SK046,14.0,Advanced,2026-05-01,0,Medium
E01093,SK042,14.0,Advanced,2026-05-01,0,High
E01093,SK043,14.0,Advanced,2026-05-01,0,Medium
E01094,SK047,6.0,Advanced,2026-05-01,0,Medium
E01094,SK048,6.0,Advanced,2026-05-01,0,Medium
E01095,SK044,6.0,Advanced,2026-05-01,0,Medium
E01095,SK045,6.0,Advanced,2026-05-01,0,Medium
E01095,SK046,6.0,Advanced,2026-05-01,0,Medium
E01095,SK047,6.0,Advanced,2026-05-01,0,Medium
E01095,SK048,6.0,Advanced,2026-05-01,0,Medium
E01096,SK044,5.0,Intermediate,2026-05-01,0,Medium
E01096,SK045,5.0,Intermediate,2026-05-01,0,Medium
E01096,SK046,5.0,Intermediate,2026-05-01,0,Medium
E01097,SK040,4.0,Intermediate,2026-05-01,1,High
E01098,SK044,3.0,Intermediate,2026-05-01,0,Medium
E01098,SK045,3.0,Intermediate,2026-05-01,0,Medium
E01098,SK046,3.0,Intermediate,2026-05-01,0,Medium
E01098,SK039,3.0,Intermediate,2026-05-01,1,High
E01098,SK049,3.0,Intermediate,2026-05-01,0,High
E01100,SK044,4.0,Intermediate,2026-05-01,0,Medium
E01100,SK045,4.0,Intermediate,2026-05-01,0,Medium
E01100,SK046,4.0,Intermediate,2026-05-01,0,Medium
E01100,SK040,4.0,Intermediate,2026-05-01,1,High
E01100,SK052,4.0,Intermediate,2026-05-01,0,Medium
E01101,SK040,3.0,Intermediate,2026-05-01,1,High
E01102,SK040,7.0,Advanced,2026-05-01,1,High
E01103,SK040,0.5,Beginner,2026-05-01,0,High
E01104,SK044,11.0,Advanced,2026-05-01,0,Medium
E01104,SK045,11.0,Advanced,2026-05-01,0,Medium
E01104,SK046,11.0,Advanced,2026-05-01,0,Medium
E01104,SK040,11.0,Advanced,2026-05-01,1,High
E01104,SK042,11.0,Advanced,2026-05-01,0,High
E01106,SK044,9.0,Advanced,2026-05-01,0,Medium
E01106,SK045,9.0,Advanced,2026-05-01,0,Medium
E01106,SK046,9.0,Advanced,2026-05-01,0,Medium
E01106,SK042,9.0,Advanced,2026-05-01,0,High
E01106,SK043,9.0,Advanced,2026-05-01,0,Medium
E01107,SK044,15.0,Advanced,2026-05-01,0,Medium
E01107,SK045,15.0,Advanced,2026-05-01,0,Medium
E01107,SK046,15.0,Advanced,2026-05-01,0,Medium
E01107,SK040,15.0,Advanced,2026-05-01,1,High
E01107,SK042,15.0,Advanced,2026-05-01,0,High
E01108,SK044,10.0,Advanced,2026-05-01,0,Medium
E01108,SK045,10.0,Advanced,2026-05-01,0,Medium
E01108,SK046,10.0,Advanced,2026-05-01,0,Medium
E01108,SK042,10.0,Advanced,2026-05-01,0,High
E01108,SK043,10.0,Advanced,2026-05-01,0,Medium
E01110,SK040,6.0,Advanced,2026-05-01,1,High
E01111,SK044,12.0,Advanced,2026-05-01,0,Medium
E01111,SK045,12.0,Advanced,2026-05-01,0,Medium
E01111,SK046,12.0,Advanced,2026-05-01,0,Medium
E01111,SK040,12.0,Advanced,2026-05-01,1,High
E01111,SK042,12.0,Advanced,2026-05-01,0,High
E01113,SK040,3.0,Intermediate,2026-05-01,1,High
E01114,SK044,12.0,Advanced,2026-05-01,0,Medium
E01114,SK045,12.0,Advanced,2026-05-01,0,Medium
E01114,SK046,12.0,Advanced,2026-05-01,0,Medium
E01114,SK040,12.0,Advanced,2026-05-01,1,High
E01114,SK042,12.0,Advanced,2026-05-01,0,High
E01115,SK044,3.0,Intermediate,2026-05-01,0,Medium
E01115,SK045,3.0,Intermediate,2026-05-01,0,Medium
E01115,SK046,3.0,Intermediate,2026-05-01,0,Medium
E01115,SK040,3.0,Intermediate,2026-05-01,1,High
E01115,SK047,3.0,Intermediate,2026-05-01,0,Medium
E01116,SK044,11.0,Advanced,2026-05-01,0,Medium
E01116,SK045,11.0,Advanced,2026-05-01,0,Medium
E01116,SK046,11.0,Advanced,2026-05-01,0,Medium
E01116,SK040,11.0,Advanced,2026-05-01,1,High
E01116,SK042,11.0,Advanced,2026-05-01,0,High
E01117,SK044,6.0,Advanced,2026-05-01,0,Medium
E01117,SK045,6.0,Advanced,2026-05-01,0,Medium
E01117,SK046,6.0,Advanced,2026-05-01,0,Medium
E01117,SK040,6.0,Advanced,2026-05-01,1,High
E01117,SK047,6.0,Advanced,2026-05-01,0,Medium
E01118,SK040,2.0,Beginner,2026-05-01,0,High
E01119,SK044,6.0,Advanced,2026-05-01,0,Medium
E01119,SK045,6.0,Advanced,2026-05-01,0,Medium
E01119,SK046,6.0,Advanced,2026-05-01,0,Medium
E01119,SK040,6.0,Advanced,2026-05-01,1,High
E01119,SK042,6.0,Advanced,2026-05-01,0,High
E01120,SK044,2.0,Beginner,2026-05-01,0,Medium
E01120,SK045,2.0,Beginner,2026-05-01,0,Medium
E01120,SK046,2.0,Beginner,2026-05-01,0,Medium
E01120,SK040,2.0,Beginner,2026-05-01,0,High
E01120,SK047,2.0,Beginner,2026-05-01,0,Medium
E01121,SK044,15.0,Advanced,2026-05-01,0,Medium
E01121,SK045,15.0,Advanced,2026-05-01,0,Medium
E01121,SK046,15.0,Advanced,2026-05-01,0,Medium
E01121,SK040,15.0,Advanced,2026-05-01,1,High
E01121,SK042,15.0,Advanced,2026-05-01,0,High
E01122,SK044,4.0,Intermediate,2026-05-01,0,Medium
E01122,SK045,4.0,Intermediate,2026-05-01,0,Medium
E01122,SK046,4.0,Intermediate,2026-05-01,0,Medium
E01122,SK052,4.0,Intermediate,2026-05-01,0,Medium
E01122,SK053,4.0,Intermediate,2026-05-01,0,Medium
E01123,SK044,7.0,Advanced,2026-05-01,0,Medium
E01123,SK045,7.0,Advanced,2026-05-01,0,Medium
E01123,SK046,7.0,Advanced,2026-05-01,0,Medium
E01123,SK042,7.0,Advanced,2026-05-01,0,High
E01123,SK043,7.0,Advanced,2026-05-01,0,Medium
E01124,SK044,10.0,Advanced,2026-05-01,0,Medium
E01124,SK045,10.0,Advanced,2026-05-01,0,Medium
E01124,SK046,10.0,Advanced,2026-05-01,0,Medium
E01124,SK040,10.0,Advanced,2026-05-01,1,High
E01124,SK042,10.0,Advanced,2026-05-01,0,High
E01126,SK047,2.0,Beginner,2026-05-01,0,Medium
E01126,SK048,2.0,Beginner,2026-05-01,0,Medium
E01127,SK044,7.0,Advanced,2026-05-01,0,Medium
E01127,SK045,7.0,Advanced,2026-05-01,0,Medium
E01127,SK046,7.0,Advanced,2026-05-01,0,Medium
E01127,SK040,7.0,Advanced,2026-05-01,1,High
E01127,SK052,7.0,Advanced,2026-05-01,0,Medium
E01128,SK044,4.0,Intermediate,2026-05-01,0,Medium
E01128,SK045,4.0,Intermediate,2026-05-01,0,Medium
E01128,SK046,4.0,Intermediate,2026-05-01,0,Medium
E01128,SK052,4.0,Intermediate,2026-05-01,0,Medium
E01128,SK053,4.0,Intermediate,2026-05-01,0,Medium
E01129,SK044,7.0,Advanced,2026-05-01,0,Medium
E01129,SK045,7.0,Advanced,2026-05-01,0,Medium
E01129,SK046,7.0,Advanced,2026-05-01,0,Medium
E01129,SK040,7.0,Advanced,2026-05-01,1,High
E01129,SK042,7.0,Advanced,2026-05-01,0,High
E01130,SK044,6.0,Advanced,2026-05-01,0,Medium
E01130,SK045,6.0,Advanced,2026-05-01,0,Medium
E01130,SK046,6.0,Advanced,2026-05-01,0,Medium
E01130,SK042,6.0,Advanced,2026-05-01,0,High
E01130,SK043,6.0,Advanced,2026-05-01,0,Medium
E01131,SK044,3.0,Intermediate,2026-05-01,0,Medium
E01131,SK045,3.0,Intermediate,2026-05-01,0,Medium
E01131,SK046,3.0,Intermediate,2026-05-01,0,Medium
E01131,SK047,3.0,Intermediate,2026-05-01,0,Medium
E01131,SK048,3.0,Intermediate,2026-05-01,0,Medium
E01132,SK044,9.0,Advanced,2026-05-01,0,Medium
E01132,SK045,9.0,Advanced,2026-05-01,0,Medium
E01132,SK046,9.0,Advanced,2026-05-01,0,Medium
E01132,SK042,9.0,Advanced,2026-05-01,0,High
E01132,SK043,9.0,Advanced,2026-05-01,0,Medium
E01133,SK044,6.0,Advanced,2026-05-01,0,Medium
E01133,SK052,6.0,Advanced,2026-05-01,0,Medium
E01135,SK044,10.0,Advanced,2026-05-01,0,Medium
E01135,SK045,10.0,Advanced,2026-05-01,0,Medium
E01135,SK046,10.0,Advanced,2026-05-01,0,Medium
E01135,SK042,10.0,Advanced,2026-05-01,0,High
E01135,SK043,10.0,Advanced,2026-05-01,0,Medium
E01136,SK044,11.0,Advanced,2026-05-01,0,Medium
E01136,SK045,11.0,Advanced,2026-05-01,0,Medium
E01136,SK046,11.0,Advanced,2026-05-01,0,Medium
E01136,SK040,11.0,Advanced,2026-05-01,1,High
E01136,SK042,11.0,Advanced,2026-05-01,0,High
E01138,SK040,3.0,Intermediate,2026-05-01,1,High
E01139,SK044,9.0,Advanced,2026-05-01,0,Medium
E01139,SK045,9.0,Advanced,2026-05-01,0,Medium
E01139,SK046,9.0,Advanced,2026-05-01,0,Medium
E01139,SK040,9.0,Advanced,2026-05-01,1,High
E01139,SK042,9.0,Advanced,2026-05-01,0,High
E01140,SK044,7.0,Advanced,2026-05-01,0,Medium
E01140,SK045,7.0,Advanced,2026-05-01,0,Medium
E01140,SK046,7.0,Advanced,2026-05-01,0,Medium
E01140,SK039,7.0,Advanced,2026-05-01,1,High
E01140,SK049,7.0,Advanced,2026-05-01,0,High
E01141,SK044,10.0,Advanced,2026-05-01,0,Medium
E01141,SK045,10.0,Advanced,2026-05-01,0,Medium
E01141,SK046,10.0,Advanced,2026-05-01,0,Medium
E01141,SK042,10.0,Advanced,2026-05-01,0,High
E01141,SK043,10.0,Advanced,2026-05-01,0,Medium
E01142,SK044,5.0,Intermediate,2026-05-01,0,Medium
E01142,SK045,5.0,Intermediate,2026-05-01,0,Medium
E01142,SK046,5.0,Intermediate,2026-05-01,0,Medium
E01142,SK047,5.0,Intermediate,2026-05-01,0,Medium
E01142,SK048,5.0,Intermediate,2026-05-01,0,Medium
E01143,SK044,8.0,Advanced,2026-05-01,0,Medium
E01143,SK045,8.0,Advanced,2026-05-01,0,Medium
E01143,SK046,8.0,Advanced,2026-05-01,0,Medium
E01143,SK042,8.0,Advanced,2026-05-01,0,High
E01143,SK043,8.0,Advanced,2026-05-01,0,Medium
E01145,SK040,4.0,Intermediate,2026-05-01,1,High
E01146,SK044,11.0,Advanced,2026-05-01,0,Medium
E01146,SK045,11.0,Advanced,2026-05-01,0,Medium
E01146,SK046,11.0,Advanced,2026-05-01,0,Medium
E01146,SK042,11.0,Advanced,2026-05-01,0,High
E01146,SK043,11.0,Advanced,2026-05-01,0,Medium
E01147,SK044,15.0,Advanced,2026-05-01,0,Medium
E01147,SK045,15.0,Advanced,2026-05-01,0,Medium
E01147,SK046,15.0,Advanced,2026-05-01,0,Medium
E01147,SK040,15.0,Advanced,2026-05-01,1,High
E01147,SK042,15.0,Advanced,2026-05-01,0,High
E01149,SK044,2.0,Beginner,2026-05-01,0,Medium
E01149,SK045,2.0,Beginner,2026-05-01,0,Medium
E01149,SK046,2.0,Beginner,2026-05-01,0,Medium
E01149,SK052,2.0,Beginner,2026-05-01,0,Medium
E01149,SK053,2.0,Beginner,2026-05-01,0,Medium
E01150,SK044,9.0,Advanced,2026-05-01,0,Medium
E01150,SK045,9.0,Advanced,2026-05-01,0,Medium
E01150,SK046,9.0,Advanced,2026-05-01,0,Medium
E01150,SK039,9.0,Advanced,2026-05-01,1,High
E01150,SK049,9.0,Advanced,2026-05-01,0,High
E01151,SK044,11.0,Advanced,2026-05-01,0,Medium
E01151,SK045,11.0,Advanced,2026-05-01,0,Medium
E01151,SK046,11.0,Advanced,2026-05-01,0,Medium
E01151,SK039,11.0,Advanced,2026-05-01,1,High
E01151,SK049,11.0,Advanced,2026-05-01,0,High
E01152,SK044,7.0,Advanced,2026-05-01,0,Medium
E01152,SK045,7.0,Advanced,2026-05-01,0,Medium
E01152,SK046,7.0,Advanced,2026-05-01,0,Medium
E01152,SK039,7.0,Advanced,2026-05-01,1,High
E01152,SK049,7.0,Advanced,2026-05-01,0,High
E01153,SK044,8.0,Advanced,2026-05-01,0,Medium
E01153,SK045,8.0,Advanced,2026-05-01,0,Medium
E01153,SK046,8.0,Advanced,2026-05-01,0,Medium
E01153,SK042,8.0,Advanced,2026-05-01,0,High
E01153,SK043,8.0,Advanced,2026-05-01,0,Medium
E01155,SK044,6.0,Advanced,2026-05-01,0,Medium
E01155,SK045,6.0,Advanced,2026-05-01,0,Medium
E01155,SK046,6.0,Advanced,2026-05-01,0,Medium
E01155,SK042,6.0,Advanced,2026-05-01,0,High
E01155,SK043,6.0,Advanced,2026-05-01,0,Medium
E01157,SK044,15.0,Advanced,2026-05-01,0,Medium
E01157,SK045,15.0,Advanced,2026-05-01,0,Medium
E01157,SK046,15.0,Advanced,2026-05-01,0,Medium
E01157,SK042,15.0,Advanced,2026-05-01,0,High
E01157,SK043,15.0,Advanced,2026-05-01,0,Medium
E01158,SK044,2.0,Beginner,2026-05-01,0,Medium
E01158,SK045,2.0,Beginner,2026-05-01,0,Medium
E01158,SK046,2.0,Beginner,2026-05-01,0,Medium
E01158,SK040,2.0,Beginner,2026-05-01,0,High
E01158,SK052,2.0,Beginner,2026-05-01,0,Medium
E01159,SK044,7.0,Advanced,2026-05-01,0,Medium
E01159,SK045,7.0,Advanced,2026-05-01,0,Medium
E01159,SK046,7.0,Advanced,2026-05-01,0,Medium
E01159,SK039,7.0,Advanced,2026-05-01,1,High
E01159,SK049,7.0,Advanced,2026-05-01,0,High
E01160,SK040,3.0,Intermediate,2026-05-01,1,High
E01161,SK044,6.0,Advanced,2026-05-01,0,Medium
E01161,SK045,6.0,Advanced,2026-05-01,0,Medium
E01161,SK046,6.0,Advanced,2026-05-01,0,Medium
E01161,SK042,6.0,Advanced,2026-05-01,0,High
E01161,SK043,6.0,Advanced,2026-05-01,0,Medium
E01162,SK040,0.5,Beginner,2026-05-01,0,High
E01163,SK044,8.0,Advanced,2026-05-01,0,Medium
E01163,SK045,8.0,Advanced,2026-05-01,0,Medium
E01163,SK046,8.0,Advanced,2026-05-01,0,Medium
E01163,SK042,8.0,Advanced,2026-05-01,0,High
E01163,SK043,8.0,Advanced,2026-05-01,0,Medium
E01164,SK040,7.0,Advanced,2026-05-01,1,High
E01165,SK040,5.0,Intermediate,2026-05-01,1,High
E01166,SK044,2.0,Beginner,2026-05-01,0,Medium
E01166,SK045,2.0,Beginner,2026-05-01,0,Medium
E01166,SK046,2.0,Beginner,2026-05-01,0,Medium
E01166,SK052,2.0,Beginner,2026-05-01,0,Medium
E01166,SK053,2.0,Beginner,2026-05-01,0,Medium
E01167,SK040,1.0,Beginner,2026-05-01,0,High
E01168,SK040,6.0,Advanced,2026-05-01,1,High
E01169,SK044,3.0,Intermediate,2026-05-01,0,Medium
E01169,SK045,3.0,Intermediate,2026-05-01,0,Medium
E01169,SK046,3.0,Intermediate,2026-05-01,0,Medium
E01169,SK040,3.0,Intermediate,2026-05-01,1,High
E01169,SK052,3.0,Intermediate,2026-05-01,0,Medium
E01170,SK044,9.0,Advanced,2026-05-01,0,Medium
E01170,SK045,9.0,Advanced,2026-05-01,0,Medium
E01170,SK046,9.0,Advanced,2026-05-01,0,Medium
E01170,SK042,9.0,Advanced,2026-05-01,0,High
E01170,SK043,9.0,Advanced,2026-05-01,0,Medium
E01171,SK044,1.0,Beginner,2026-05-01,0,Medium
E01171,SK045,1.0,Beginner,2026-05-01,0,Medium
E01171,SK046,1.0,Beginner,2026-05-01,0,Medium
E01171,SK040,1.0,Beginner,2026-05-01,0,High
E01171,SK047,1.0,Beginner,2026-05-01,0,Medium
E01172,SK044,3.0,Intermediate,2026-05-01,0,Medium
E01172,SK052,3.0,Intermediate,2026-05-01,0,Medium
E01173,SK040,7.0,Advanced,2026-05-01,1,High
E01175,SK047,6.0,Advanced,2026-05-01,0,Medium
E01175,SK048,6.0,Advanced,2026-05-01,0,Medium
E01176,SK044,9.0,Advanced,2026-05-01,0,Medium
E01176,SK045,9.0,Advanced,2026-05-01,0,Medium
E01176,SK046,9.0,Advanced,2026-05-01,0,Medium
E01176,SK040,9.0,Advanced,2026-05-01,1,High
E01176,SK042,9.0,Advanced,2026-05-01,0,High
E01177,SK044,15.0,Advanced,2026-05-01,0,Medium
E01177,SK045,15.0,Advanced,2026-05-01,0,Medium
E01177,SK046,15.0,Advanced,2026-05-01,0,Medium
E01177,SK039,15.0,Advanced,2026-05-01,1,High
E01177,SK049,15.0,Advanced,2026-05-01,0,High
E01178,SK044,7.0,Advanced,2026-05-01,0,Medium
E01178,SK045,7.0,Advanced,2026-05-01,0,Medium
E01178,SK046,7.0,Advanced,2026-05-01,0,Medium
E01180,SK044,15.0,Advanced,2026-05-01,0,Medium
E01180,SK045,15.0,Advanced,2026-05-01,0,Medium
E01180,SK046,15.0,Advanced,2026-05-01,0,Medium
E01180,SK042,15.0,Advanced,2026-05-01,0,High
E01180,SK043,15.0,Advanced,2026-05-01,0,Medium
E01181,SK044,10.0,Advanced,2026-05-01,0,Medium
E01181,SK045,10.0,Advanced,2026-05-01,0,Medium
E01181,SK046,10.0,Advanced,2026-05-01,0,Medium
E01181,SK042,10.0,Advanced,2026-05-01,0,High
E01181,SK043,10.0,Advanced,2026-05-01,0,Medium
E01182,SK040,3.0,Intermediate,2026-05-01,1,High
E01183,SK044,2.0,Beginner,2026-05-01,0,Medium
E01183,SK045,2.0,Beginner,2026-05-01,0,Medium
E01183,SK046,2.0,Beginner,2026-05-01,0,Medium
E01183,SK039,2.0,Beginner,2026-05-01,0,High
E01183,SK049,2.0,Beginner,2026-05-01,0,High
E01184,SK044,12.0,Advanced,2026-05-01,0,Medium
E01184,SK045,12.0,Advanced,2026-05-01,0,Medium
E01184,SK046,12.0,Advanced,2026-05-01,0,Medium
E01184,SK042,12.0,Advanced,2026-05-01,0,High
E01184,SK043,12.0,Advanced,2026-05-01,0,Medium
E01185,SK044,12.0,Advanced,2026-05-01,0,Medium
E01185,SK045,12.0,Advanced,2026-05-01,0,Medium
E01185,SK046,12.0,Advanced,2026-05-01,0,Medium
E01185,SK040,12.0,Advanced,2026-05-01,1,High
E01185,SK042,12.0,Advanced,2026-05-01,0,High
E01186,SK044,5.0,Intermediate,2026-05-01,0,Medium
E01186,SK045,5.0,Intermediate,2026-05-01,0,Medium
E01186,SK046,5.0,Intermediate,2026-05-01,0,Medium
E01186,SK039,5.0,Intermediate,2026-05-01,1,High
E01186,SK049,5.0,Intermediate,2026-05-01,0,High
E01187,SK044,12.0,Advanced,2026-05-01,0,Medium
E01187,SK045,12.0,Advanced,2026-05-01,0,Medium
E01187,SK046,12.0,Advanced,2026-05-01,0,Medium
E01187,SK040,12.0,Advanced,2026-05-01,1,High
E01187,SK042,12.0,Advanced,2026-05-01,0,High
E01189,SK044,11.0,Advanced,2026-05-01,0,Medium
E01189,SK045,11.0,Advanced,2026-05-01,0,Medium
E01189,SK046,11.0,Advanced,2026-05-01,0,Medium
E01189,SK042,11.0,Advanced,2026-05-01,0,High
E01189,SK043,11.0,Advanced,2026-05-01,0,Medium
E01190,SK044,4.0,Intermediate,2026-05-01,0,Medium
E01190,SK052,4.0,Intermediate,2026-05-01,0,Medium
E01191,SK044,1.0,Beginner,2026-05-01,0,Medium
E01191,SK045,1.0,Beginner,2026-05-01,0,Medium
E01191,SK046,1.0,Beginner,2026-05-01,0,Medium
E01191,SK039,1.0,Beginner,2026-05-01,0,High
E01191,SK049,1.0,Beginner,2026-05-01,0,High
E01192,SK044,14.0,Advanced,2026-05-01,0,Medium
E01192,SK045,14.0,Advanced,2026-05-01,0,Medium
E01192,SK046,14.0,Advanced,2026-05-01,0,Medium
E01192,SK039,14.0,Advanced,2026-05-01,1,High
E01192,SK049,14.0,Advanced,2026-05-01,0,High
E01193,SK044,15.0,Advanced,2026-05-01,0,Medium
E01193,SK045,15.0,Advanced,2026-05-01,0,Medium
E01193,SK046,15.0,Advanced,2026-05-01,0,Medium
E01193,SK042,15.0,Advanced,2026-05-01,0,High
E01193,SK043,15.0,Advanced,2026-05-01,0,Medium
E01194,SK040,4.0,Intermediate,2026-05-01,1,High
E01195,SK044,10.0,Advanced,2026-05-01,0,Medium
E01195,SK045,10.0,Advanced,2026-05-01,0,Medium
E01195,SK046,10.0,Advanced,2026-05-01,0,Medium
E01195,SK040,10.0,Advanced,2026-05-01,1,High
E01195,SK042,10.0,Advanced,2026-05-01,0,High
E01198,SK040,0.5,Beginner,2026-05-01,0,High
E01199,SK040,2.0,Beginner,2026-05-01,0,High
E01200,SK040,7.0,Advanced,2026-05-01,1,High
E01201,SK040,7.0,Advanced,2026-05-01,1,High
E01202,SK040,0.5,Beginner,2026-05-01,0,High
E01203,SK044,5.0,Intermediate,2026-05-01,0,Medium
E01203,SK045,5.0,Intermediate,2026-05-01,0,Medium
E01203,SK046,5.0,Intermediate,2026-05-01,0,Medium
E01203,SK047,5.0,Intermediate,2026-05-01,0,Medium
E01203,SK048,5.0,Intermediate,2026-05-01,0,Medium
E01205,SK044,1.0,Beginner,2026-05-01,0,Medium
E01205,SK045,1.0,Beginner,2026-05-01,0,Medium
E01205,SK046,1.0,Beginner,2026-05-01,0,Medium
E01205,SK039,1.0,Beginner,2026-05-01,0,High
E01205,SK049,1.0,Beginner,2026-05-01,0,High
E01206,SK044,6.0,Advanced,2026-05-01,0,Medium
E01206,SK045,6.0,Advanced,2026-05-01,0,Medium
E01206,SK046,6.0,Advanced,2026-05-01,0,Medium
E01206,SK052,6.0,Advanced,2026-05-01,0,Medium
E01206,SK053,6.0,Advanced,2026-05-01,0,Medium
E01207,SK044,15.0,Advanced,2026-05-01,0,Medium
E01207,SK045,15.0,Advanced,2026-05-01,0,Medium
E01207,SK046,15.0,Advanced,2026-05-01,0,Medium
E01207,SK040,15.0,Advanced,2026-05-01,1,High
E01207,SK042,15.0,Advanced,2026-05-01,0,High
E01209,SK044,12.0,Advanced,2026-05-01,0,Medium
E01209,SK045,12.0,Advanced,2026-05-01,0,Medium
E01209,SK046,12.0,Advanced,2026-05-01,0,Medium
E01209,SK042,12.0,Advanced,2026-05-01,0,High
E01209,SK043,12.0,Advanced,2026-05-01,0,Medium
E01210,SK044,12.0,Advanced,2026-05-01,0,Medium
E01210,SK045,12.0,Advanced,2026-05-01,0,Medium
E01210,SK046,12.0,Advanced,2026-05-01,0,Medium
E01210,SK042,12.0,Advanced,2026-05-01,0,High
E01210,SK043,12.0,Advanced,2026-05-01,0,Medium
E01211,SK044,13.0,Advanced,2026-05-01,0,Medium
E01211,SK045,13.0,Advanced,2026-05-01,0,Medium
E01211,SK046,13.0,Advanced,2026-05-01,0,Medium
E01211,SK042,13.0,Advanced,2026-05-01,0,High
E01211,SK043,13.0,Advanced,2026-05-01,0,Medium
E01212,SK044,4.0,Intermediate,2026-05-01,0,Medium
E01212,SK045,4.0,Intermediate,2026-05-01,0,Medium
E01212,SK046,4.0,Intermediate,2026-05-01,0,Medium
E01212,SK040,4.0,Intermediate,2026-05-01,1,High
E01212,SK052,4.0,Intermediate,2026-05-01,0,Medium
E01214,SK040,4.0,Intermediate,2026-05-01,1,High
E01216,SK044,7.0,Advanced,2026-05-01,0,Medium
E01216,SK052,7.0,Advanced,2026-05-01,0,Medium
E01217,SK044,4.0,Intermediate,2026-05-01,0,Medium
E01217,SK045,4.0,Intermediate,2026-05-01,0,Medium
E01217,SK046,4.0,Intermediate,2026-05-01,0,Medium
E01217,SK047,4.0,Intermediate,2026-05-01,0,Medium
E01217,SK048,4.0,Intermediate,2026-05-01,0,Medium
E01218,SK044,15.0,Advanced,2026-05-01,0,Medium
E01218,SK045,15.0,Advanced,2026-05-01,0,Medium
E01218,SK046,15.0,Advanced,2026-05-01,0,Medium
E01218,SK040,15.0,Advanced,2026-05-01,1,High
E01218,SK042,15.0,Advanced,2026-05-01,0,High
E01219,SK044,2.0,Beginner,2026-05-01,0,Medium
E01219,SK045,2.0,Beginner,2026-05-01,0,Medium
E01219,SK046,2.0,Beginner,2026-05-01,0,Medium
E01219,SK040,2.0,Beginner,2026-05-01,0,High
E01219,SK052,2.0,Beginner,2026-05-01,0,Medium
E01220,SK044,7.0,Advanced,2026-05-01,0,Medium
E01220,SK045,7.0,Advanced,2026-05-01,0,Medium
E01220,SK046,7.0,Advanced,2026-05-01,0,Medium
E01220,SK039,7.0,Advanced,2026-05-01,1,High
E01220,SK049,7.0,Advanced,2026-05-01,0,High
E01223,SK044,10.0,Advanced,2026-05-01,0,Medium
E01223,SK045,10.0,Advanced,2026-05-01,0,Medium
E01223,SK046,10.0,Advanced,2026-05-01,0,Medium
E01223,SK039,10.0,Advanced,2026-05-01,1,High
E01223,SK049,10.0,Advanced,2026-05-01,0,High
E01224,SK047,2.0,Beginner,2026-05-01,0,Medium
E01224,SK048,2.0,Beginner,2026-05-01,0,Medium
E01225,SK044,11.0,Advanced,2026-05-01,0,Medium
E01225,SK045,11.0,Advanced,2026-05-01,0,Medium
E01225,SK046,11.0,Advanced,2026-05-01,0,Medium
E01225,SK040,11.0,Advanced,2026-05-01,1,High
E01225,SK042,11.0,Advanced,2026-05-01,0,High
E01226,SK044,12.0,Advanced,2026-05-01,0,Medium
E01226,SK045,12.0,Advanced,2026-05-01,0,Medium
E01226,SK046,12.0,Advanced,2026-05-01,0,Medium
E01226,SK040,12.0,Advanced,2026-05-01,1,High
E01226,SK042,12.0,Advanced,2026-05-01,0,High
E01228,SK044,6.0,Advanced,2026-05-01,0,Medium
E01228,SK045,6.0,Advanced,2026-05-01,0,Medium
E01228,SK046,6.0,Advanced,2026-05-01,0,Medium
E01228,SK040,6.0,Advanced,2026-05-01,1,High
E01228,SK042,6.0,Advanced,2026-05-01,0,High
E01230,SK044,3.0,Intermediate,2026-05-01,0,Medium
E01230,SK052,3.0,Intermediate,2026-05-01,0,Medium
E01231,SK044,7.0,Advanced,2026-05-01,0,Medium
E01231,SK045,7.0,Advanced,2026-05-01,0,Medium
E01231,SK046,7.0,Advanced,2026-05-01,0,Medium
E01231,SK039,7.0,Advanced,2026-05-01,1,High
E01231,SK049,7.0,Advanced,2026-05-01,0,High
E01232,SK044,12.0,Advanced,2026-05-01,0,Medium
E01232,SK045,12.0,Advanced,2026-05-01,0,Medium
E01232,SK046,12.0,Advanced,2026-05-01,0,Medium
E01232,SK042,12.0,Advanced,2026-05-01,0,High
E01232,SK043,12.0,Advanced,2026-05-01,0,Medium
E01233,SK040,1.0,Beginner,2026-05-01,0,High
E01234,SK044,15.0,Advanced,2026-05-01,0,Medium
E01234,SK045,15.0,Advanced,2026-05-01,0,Medium
E01234,SK046,15.0,Advanced,2026-05-01,0,Medium
E01234,SK040,15.0,Advanced,2026-05-01,1,High
E01234,SK042,15.0,Advanced,2026-05-01,0,High
E01235,SK044,6.0,Advanced,2026-05-01,0,Medium
E01235,SK045,6.0,Advanced,2026-05-01,0,Medium
E01235,SK046,6.0,Advanced,2026-05-01,0,Medium
E01235,SK042,6.0,Advanced,2026-05-01,0,High
E01235,SK043,6.0,Advanced,2026-05-01,0,Medium
E01238,SK040,0.5,Beginner,2026-05-01,0,High
E01239,SK044,8.0,Advanced,2026-05-01,0,Medium
E01239,SK045,8.0,Advanced,2026-05-01,0,Medium
E01239,SK046,8.0,Advanced,2026-05-01,0,Medium
E01239,SK042,8.0,Advanced,2026-05-01,0,High
E01239,SK043,8.0,Advanced,2026-05-01,0,Medium
E01240,SK044,12.0,Advanced,2026-05-01,0,Medium
E01240,SK045,12.0,Advanced,2026-05-01,0,Medium
E01240,SK046,12.0,Advanced,2026-05-01,0,Medium
E01240,SK040,12.0,Advanced,2026-05-01,1,High
E01240,SK042,12.0,Advanced,2026-05-01,0,High
E01241,SK044,10.0,Advanced,2026-05-01,0,Medium
E01241,SK045,10.0,Advanced,2026-05-01,0,Medium
E01241,SK046,10.0,Advanced,2026-05-01,0,Medium
E01241,SK042,10.0,Advanced,2026-05-01,0,High
E01241,SK043,10.0,Advanced,2026-05-01,0,Medium
E01242,SK044,0.5,Beginner,2026-05-01,0,Medium
E01242,SK045,0.5,Beginner,2026-05-01,0,Medium
E01242,SK046,0.5,Beginner,2026-05-01,0,Medium
E01242,SK039,0.5,Beginner,2026-05-01,0,High
E01242,SK049,0.5,Beginner,2026-05-01,0,High
E01243,SK044,12.0,Advanced,2026-05-01,0,Medium
E01243,SK045,12.0,Advanced,2026-05-01,0,Medium
E01243,SK046,12.0,Advanced,2026-05-01,0,Medium
E01243,SK040,12.0,Advanced,2026-05-01,1,High
E01243,SK042,12.0,Advanced,2026-05-01,0,High
E01244,SK044,6.0,Advanced,2026-05-01,0,Medium
E01244,SK045,6.0,Advanced,2026-05-01,0,Medium
E01244,SK046,6.0,Advanced,2026-05-01,0,Medium
E01244,SK042,6.0,Advanced,2026-05-01,0,High
E01244,SK043,6.0,Advanced,2026-05-01,0,Medium
E01245,SK044,8.0,Advanced,2026-05-01,0,Medium
E01245,SK045,8.0,Advanced,2026-05-01,0,Medium
E01245,SK046,8.0,Advanced,2026-05-01,0,Medium
E01245,SK042,8.0,Advanced,2026-05-01,0,High
E01245,SK043,8.0,Advanced,2026-05-01,0,Medium
E01246,SK044,10.0,Advanced,2026-05-01,0,Medium
E01246,SK045,10.0,Advanced,2026-05-01,0,Medium
E01246,SK046,10.0,Advanced,2026-05-01,0,Medium
E01246,SK042,10.0,Advanced,2026-05-01,0,High
E01246,SK043,10.0,Advanced,2026-05-01,0,Medium
E01247,SK040,3.0,Intermediate,2026-05-01,1,High
E01248,SK044,12.0,Advanced,2026-05-01,0,Medium
E01248,SK045,12.0,Advanced,2026-05-01,0,Medium
E01248,SK046,12.0,Advanced,2026-05-01,0,Medium
E01248,SK040,12.0,Advanced,2026-05-01,1,High
E01248,SK042,12.0,Advanced,2026-05-01,0,High
E01249,SK044,5.0,Intermediate,2026-05-01,0,Medium
E01249,SK045,5.0,Intermediate,2026-05-01,0,Medium
E01249,SK046,5.0,Intermediate,2026-05-01,0,Medium
E01250,SK044,12.0,Advanced,2026-05-01,0,Medium
E01250,SK045,12.0,Advanced,2026-05-01,0,Medium
E01250,SK046,12.0,Advanced,2026-05-01,0,Medium
E01250,SK042,12.0,Advanced,2026-05-01,0,High
E01250,SK043,12.0,Advanced,2026-05-01,0,Medium
E01251,SK040,2.0,Beginner,2026-05-01,0,High
E01252,SK047,0.5,Beginner,2026-05-01,0,Medium
E01252,SK048,0.5,Beginner,2026-05-01,0,Medium
E01253,SK044,7.0,Advanced,2026-05-01,0,Medium
E01253,SK052,7.0,Advanced,2026-05-01,0,Medium
E01254,SK044,6.0,Advanced,2026-05-01,0,Medium
E01254,SK045,6.0,Advanced,2026-05-01,0,Medium
E01254,SK046,6.0,Advanced,2026-05-01,0,Medium
E01254,SK052,6.0,Advanced,2026-05-01,0,Medium
E01254,SK053,6.0,Advanced,2026-05-01,0,Medium
E01255,SK044,11.0,Advanced,2026-05-01,0,Medium
E01255,SK045,11.0,Advanced,2026-05-01,0,Medium
E01255,SK046,11.0,Advanced,2026-05-01,0,Medium
E01255,SK042,11.0,Advanced,2026-05-01,0,High
E01255,SK043,11.0,Advanced,2026-05-01,0,Medium
E01256,SK044,2.0,Beginner,2026-05-01,0,Medium
E01256,SK045,2.0,Beginner,2026-05-01,0,Medium
E01256,SK046,2.0,Beginner,2026-05-01,0,Medium
E01256,SK052,2.0,Beginner,2026-05-01,0,Medium
E01256,SK053,2.0,Beginner,2026-05-01,0,Medium
E01257,SK044,3.0,Intermediate,2026-05-01,0,Medium
E01257,SK045,3.0,Intermediate,2026-05-01,0,Medium
E01257,SK046,3.0,Intermediate,2026-05-01,0,Medium
E01257,SK039,3.0,Intermediate,2026-05-01,1,High
E01257,SK049,3.0,Intermediate,2026-05-01,0,High
E01258,SK044,9.0,Advanced,2026-05-01,0,Medium
E01258,SK045,9.0,Advanced,2026-05-01,0,Medium
E01258,SK046,9.0,Advanced,2026-05-01,0,Medium
E01258,SK042,9.0,Advanced,2026-05-01,0,High
E01258,SK043,9.0,Advanced,2026-05-01,0,Medium
E01259,SK044,2.0,Beginner,2026-05-01,0,Medium
E01259,SK045,2.0,Beginner,2026-05-01,0,Medium
E01259,SK046,2.0,Beginner,2026-05-01,0,Medium
E01260,SK044,10.0,Advanced,2026-05-01,0,Medium
E01260,SK045,10.0,Advanced,2026-05-01,0,Medium
E01260,SK046,10.0,Advanced,2026-05-01,0,Medium
E01260,SK042,10.0,Advanced,2026-05-01,0,High
E01260,SK043,10.0,Advanced,2026-05-01,0,Medium
E01262,SK044,11.0,Advanced,2026-05-01,0,Medium
E01262,SK045,11.0,Advanced,2026-05-01,0,Medium
E01262,SK046,11.0,Advanced,2026-05-01,0,Medium
E01262,SK042,11.0,Advanced,2026-05-01,0,High
E01262,SK043,11.0,Advanced,2026-05-01,0,Medium
E01263,SK040,1.0,Beginner,2026-05-01,0,High
E01266,SK044,12.0,Advanced,2026-05-01,0,Medium
E01266,SK045,12.0,Advanced,2026-05-01,0,Medium
E01266,SK046,12.0,Advanced,2026-05-01,0,Medium
E01266,SK039,12.0,Advanced,2026-05-01,1,High
E01266,SK049,12.0,Advanced,2026-05-01,0,High
E01267,SK044,7.0,Advanced,2026-05-01,0,Medium
E01267,SK045,7.0,Advanced,2026-05-01,0,Medium
E01267,SK046,7.0,Advanced,2026-05-01,0,Medium
E01267,SK039,7.0,Advanced,2026-05-01,1,High
E01267,SK049,7.0,Advanced,2026-05-01,0,High
E01268,SK044,15.0,Advanced,2026-05-01,0,Medium
E01268,SK045,15.0,Advanced,2026-05-01,0,Medium
E01268,SK046,15.0,Advanced,2026-05-01,0,Medium
E01268,SK042,15.0,Advanced,2026-05-01,0,High
E01268,SK043,15.0,Advanced,2026-05-01,0,Medium
E01269,SK044,6.0,Advanced,2026-05-01,0,Medium
E01269,SK045,6.0,Advanced,2026-05-01,0,Medium
E01269,SK046,6.0,Advanced,2026-05-01,0,Medium
E01270,SK044,6.0,Advanced,2026-05-01,0,Medium
E01270,SK045,6.0,Advanced,2026-05-01,0,Medium
E01270,SK046,6.0,Advanced,2026-05-01,0,Medium
E01270,SK042,6.0,Advanced,2026-05-01,0,High
E01270,SK043,6.0,Advanced,2026-05-01,0,Medium
E01271,SK040,0.5,Beginner,2026-05-01,0,High
E01272,SK044,4.0,Intermediate,2026-05-01,0,Medium
E01272,SK045,4.0,Intermediate,2026-05-01,0,Medium
E01272,SK046,4.0,Intermediate,2026-05-01,0,Medium
E01272,SK040,4.0,Intermediate,2026-05-01,1,High
E01272,SK047,4.0,Intermediate,2026-05-01,0,Medium
E01273,SK040,1.0,Beginner,2026-05-01,0,High
E01274,SK044,12.0,Advanced,2026-05-01,0,Medium
E01274,SK045,12.0,Advanced,2026-05-01,0,Medium
E01274,SK046,12.0,Advanced,2026-05-01,0,Medium
E01274,SK040,12.0,Advanced,2026-05-01,1,High
E01274,SK042,12.0,Advanced,2026-05-01,0,High
E01275,SK044,2.0,Beginner,2026-05-01,0,Medium
E01275,SK045,2.0,Beginner,2026-05-01,0,Medium
E01275,SK046,2.0,Beginner,2026-05-01,0,Medium
E01275,SK039,2.0,Beginner,2026-05-01,0,High
E01275,SK049,2.0,Beginner,2026-05-01,0,High
E01276,SK044,7.0,Advanced,2026-05-01,0,Medium
E01276,SK045,7.0,Advanced,2026-05-01,0,Medium
E01276,SK046,7.0,Advanced,2026-05-01,0,Medium
E01276,SK040,7.0,Advanced,2026-05-01,1,High
E01276,SK042,7.0,Advanced,2026-05-01,0,High
E01277,SK044,6.0,Advanced,2026-05-01,0,Medium
E01277,SK045,6.0,Advanced,2026-05-01,0,Medium
E01277,SK046,6.0,Advanced,2026-05-01,0,Medium
E01277,SK040,6.0,Advanced,2026-05-01,1,High
E01277,SK042,6.0,Advanced,2026-05-01,0,High
E01278,SK044,0.5,Beginner,2026-05-01,0,Medium
E01278,SK052,0.5,Beginner,2026-05-01,0,Medium
E01279,SK044,11.0,Advanced,2026-05-01,0,Medium
E01279,SK045,11.0,Advanced,2026-05-01,0,Medium
E01279,SK046,11.0,Advanced,2026-05-01,0,Medium
E01279,SK040,11.0,Advanced,2026-05-01,1,High
E01279,SK042,11.0,Advanced,2026-05-01,0,High
E01280,SK044,6.0,Advanced,2026-05-01,0,Medium
E01280,SK045,6.0,Advanced,2026-05-01,0,Medium
E01280,SK046,6.0,Advanced,2026-05-01,0,Medium
E01280,SK052,6.0,Advanced,2026-05-01,0,Medium
E01280,SK053,6.0,Advanced,2026-05-01,0,Medium
E01281,SK044,1.0,Beginner,2026-05-01,0,Medium
E01281,SK045,1.0,Beginner,2026-05-01,0,Medium
E01281,SK046,1.0,Beginner,2026-05-01,0,Medium
E01281,SK052,1.0,Beginner,2026-05-01,0,Medium
E01281,SK053,1.0,Beginner,2026-05-01,0,Medium
E01282,SK044,15.0,Advanced,2026-05-01,0,Medium
E01282,SK045,15.0,Advanced,2026-05-01,0,Medium
E01282,SK046,15.0,Advanced,2026-05-01,0,Medium
E01282,SK042,15.0,Advanced,2026-05-01,0,High
E01282,SK043,15.0,Advanced,2026-05-01,0,Medium
E01283,SK040,2.0,Beginner,2026-05-01,0,High
E01284,SK044,7.0,Advanced,2026-05-01,0,Medium
E01284,SK045,7.0,Advanced,2026-05-01,0,Medium
E01284,SK046,7.0,Advanced,2026-05-01,0,Medium
E01284,SK052,7.0,Advanced,2026-05-01,0,Medium
E01284,SK053,7.0,Advanced,2026-05-01,0,Medium
E01285,SK044,14.0,Advanced,2026-05-01,0,Medium
E01285,SK045,14.0,Advanced,2026-05-01,0,Medium
E01285,SK046,14.0,Advanced,2026-05-01,0,Medium
E01285,SK042,14.0,Advanced,2026-05-01,0,High
E01285,SK043,14.0,Advanced,2026-05-01,0,Medium
E01286,SK044,6.0,Advanced,2026-05-01,0,Medium
E01286,SK045,6.0,Advanced,2026-05-01,0,Medium
E01286,SK046,6.0,Advanced,2026-05-01,0,Medium
E01286,SK039,6.0,Advanced,2026-05-01,1,High
E01286,SK049,6.0,Advanced,2026-05-01,0,High
E01287,SK040,3.0,Intermediate,2026-05-01,1,High
E01288,SK044,11.0,Advanced,2026-05-01,0,Medium
E01288,SK045,11.0,Advanced,2026-05-01,0,Medium
E01288,SK046,11.0,Advanced,2026-05-01,0,Medium
E01288,SK042,11.0,Advanced,2026-05-01,0,High
E01288,SK043,11.0,Advanced,2026-05-01,0,Medium
E01289,SK044,9.0,Advanced,2026-05-01,0,Medium
E01289,SK045,9.0,Advanced,2026-05-01,0,Medium
E01289,SK046,9.0,Advanced,2026-05-01,0,Medium
E01289,SK042,9.0,Advanced,2026-05-01,0,High
E01289,SK043,9.0,Advanced,2026-05-01,0,Medium
E01290,SK044,3.0,Intermediate,2026-05-01,0,Medium
E01290,SK045,3.0,Intermediate,2026-05-01,0,Medium
E01290,SK046,3.0,Intermediate,2026-05-01,0,Medium
E01291,SK044,7.0,Advanced,2026-05-01,0,Medium
E01291,SK052,7.0,Advanced,2026-05-01,0,Medium
E01292,SK044,15.0,Advanced,2026-05-01,0,Medium
E01292,SK045,15.0,Advanced,2026-05-01,0,Medium
E01292,SK046,15.0,Advanced,2026-05-01,0,Medium
E01292,SK040,15.0,Advanced,2026-05-01,1,High
E01292,SK042,15.0,Advanced,2026-05-01,0,High
E01293,SK040,3.0,Intermediate,2026-05-01,1,High
E01294,SK044,3.0,Intermediate,2026-05-01,0,Medium
E01294,SK052,3.0,Intermediate,2026-05-01,0,Medium
E01295,SK040,3.0,Intermediate,2026-05-01,1,High
E01296,SK044,9.0,Advanced,2026-05-01,0,Medium
E01296,SK045,9.0,Advanced,2026-05-01,0,Medium
E01296,SK046,9.0,Advanced,2026-05-01,0,Medium
E01296,SK042,9.0,Advanced,2026-05-01,0,High
E01296,SK043,9.0,Advanced,2026-05-01,0,Medium
E01297,SK040,4.0,Intermediate,2026-05-01,1,High
E01298,SK044,3.0,Intermediate,2026-05-01,0,Medium
E01298,SK052,3.0,Intermediate,2026-05-01,0,Medium
E01299,SK040,1.0,Beginner,2026-05-01,0,High
E01301,SK040,7.0,Advanced,2026-05-01,1,High
E01302,SK044,0.5,Beginner,2026-05-01,0,Medium
E01302,SK045,0.5,Beginner,2026-05-01,0,Medium
E01302,SK046,0.5,Beginner,2026-05-01,0,Medium
E01302,SK039,0.5,Beginner,2026-05-01,0,High
E01302,SK049,0.5,Beginner,2026-05-01,0,High
E01304,SK044,0.5,Beginner,2026-05-01,0,Medium
E01304,SK045,0.5,Beginner,2026-05-01,0,Medium
E01304,SK046,0.5,Beginner,2026-05-01,0,Medium
E01304,SK040,0.5,Beginner,2026-05-01,0,High
E01304,SK052,0.5,Beginner,2026-05-01,0,Medium
E01305,SK044,7.0,Advanced,2026-05-01,0,Medium
E01305,SK045,7.0,Advanced,2026-05-01,0,Medium
E01305,SK046,7.0,Advanced,2026-05-01,0,Medium
E01305,SK042,7.0,Advanced,2026-05-01,0,High
E01305,SK043,7.0,Advanced,2026-05-01,0,Medium
E01306,SK044,8.0,Advanced,2026-05-01,0,Medium
E01306,SK045,8.0,Advanced,2026-05-01,0,Medium
E01306,SK046,8.0,Advanced,2026-05-01,0,Medium
E01306,SK042,8.0,Advanced,2026-05-01,0,High
E01306,SK043,8.0,Advanced,2026-05-01,0,Medium
E01307,SK044,1.0,Beginner,2026-05-01,0,Medium
E01307,SK052,1.0,Beginner,2026-05-01,0,Medium
E01308,SK044,12.0,Advanced,2026-05-01,0,Medium
E01308,SK045,12.0,Advanced,2026-05-01,0,Medium
E01308,SK046,12.0,Advanced,2026-05-01,0,Medium
E01308,SK040,12.0,Advanced,2026-05-01,1,High
E01308,SK042,12.0,Advanced,2026-05-01,0,High
E01309,SK044,11.0,Advanced,2026-05-01,0,Medium
E01309,SK045,11.0,Advanced,2026-05-01,0,Medium
E01309,SK046,11.0,Advanced,2026-05-01,0,Medium
E01309,SK042,11.0,Advanced,2026-05-01,0,High
E01309,SK043,11.0,Advanced,2026-05-01,0,Medium
E01312,SK044,12.0,Advanced,2026-05-01,0,Medium
E01312,SK045,12.0,Advanced,2026-05-01,0,Medium
E01312,SK046,12.0,Advanced,2026-05-01,0,Medium
E01312,SK042,12.0,Advanced,2026-05-01,0,High
E01312,SK043,12.0,Advanced,2026-05-01,0,Medium
E01313,SK044,11.0,Advanced,2026-05-01,0,Medium
E01313,SK045,11.0,Advanced,2026-05-01,0,Medium
E01313,SK046,11.0,Advanced,2026-05-01,0,Medium
E01313,SK042,11.0,Advanced,2026-05-01,0,High
E01313,SK043,11.0,Advanced,2026-05-01,0,Medium
E01314,SK044,7.0,Advanced,2026-05-01,0,Medium
E01314,SK045,7.0,Advanced,2026-05-01,0,Medium
E01314,SK046,7.0,Advanced,2026-05-01,0,Medium
E01314,SK042,7.0,Advanced,2026-05-01,0,High
E01314,SK043,7.0,Advanced,2026-05-01,0,Medium
E01315,SK044,12.0,Advanced,2026-05-01,0,Medium
E01315,SK045,12.0,Advanced,2026-05-01,0,Medium
E01315,SK046,12.0,Advanced,2026-05-01,0,Medium
E01315,SK040,12.0,Advanced,2026-05-01,1,High
E01315,SK042,12.0,Advanced,2026-05-01,0,High
E01316,SK044,7.0,Advanced,2026-05-01,0,Medium
E01316,SK045,7.0,Advanced,2026-05-01,0,Medium
E01316,SK046,7.0,Advanced,2026-05-01,0,Medium
E01316,SK040,7.0,Advanced,2026-05-01,1,High
E01316,SK047,7.0,Advanced,2026-05-01,0,Medium
E01317,SK044,15.0,Advanced,2026-05-01,0,Medium
E01317,SK045,15.0,Advanced,2026-05-01,0,Medium
E01317,SK046,15.0,Advanced,2026-05-01,0,Medium
E01317,SK039,15.0,Advanced,2026-05-01,1,High
E01317,SK049,15.0,Advanced,2026-05-01,0,High
E01318,SK044,3.0,Intermediate,2026-05-01,0,Medium
E01318,SK045,3.0,Intermediate,2026-05-01,0,Medium
E01318,SK046,3.0,Intermediate,2026-05-01,0,Medium
E01318,SK052,3.0,Intermediate,2026-05-01,0,Medium
E01318,SK053,3.0,Intermediate,2026-05-01,0,Medium
E01320,SK040,4.0,Intermediate,2026-05-01,1,High
E01321,SK044,9.0,Advanced,2026-05-01,0,Medium
E01321,SK045,9.0,Advanced,2026-05-01,0,Medium
E01321,SK046,9.0,Advanced,2026-05-01,0,Medium
E01321,SK039,9.0,Advanced,2026-05-01,1,High
E01321,SK049,9.0,Advanced,2026-05-01,0,High
E01323,SK044,13.0,Advanced,2026-05-01,0,Medium
E01323,SK045,13.0,Advanced,2026-05-01,0,Medium
E01323,SK046,13.0,Advanced,2026-05-01,0,Medium
E01323,SK042,13.0,Advanced,2026-05-01,0,High
E01323,SK043,13.0,Advanced,2026-05-01,0,Medium
E01324,SK044,8.0,Advanced,2026-05-01,0,Medium
E01324,SK045,8.0,Advanced,2026-05-01,0,Medium
E01324,SK046,8.0,Advanced,2026-05-01,0,Medium
E01324,SK042,8.0,Advanced,2026-05-01,0,High
E01324,SK043,8.0,Advanced,2026-05-01,0,Medium
E01326,SK044,2.0,Beginner,2026-05-01,0,Medium
E01326,SK052,2.0,Beginner,2026-05-01,0,Medium
E01327,SK040,4.0,Intermediate,2026-05-01,1,High
E01328,SK044,15.0,Advanced,2026-05-01,0,Medium
E01328,SK045,15.0,Advanced,2026-05-01,0,Medium
E01328,SK046,15.0,Advanced,2026-05-01,0,Medium
E01328,SK040,15.0,Advanced,2026-05-01,1,High
E01328,SK042,15.0,Advanced,2026-05-01,0,High
E01329,SK044,7.0,Advanced,2026-05-01,0,Medium
E01329,SK045,7.0,Advanced,2026-05-01,0,Medium
E01329,SK046,7.0,Advanced,2026-05-01,0,Medium
E01329,SK042,7.0,Advanced,2026-05-01,0,High
E01329,SK043,7.0,Advanced,2026-05-01,0,Medium
E01330,SK040,7.0,Advanced,2026-05-01,1,High
E01331,SK044,6.0,Advanced,2026-05-01,0,Medium
E01331,SK045,6.0,Advanced,2026-05-01,0,Medium
E01331,SK046,6.0,Advanced,2026-05-01,0,Medium
E01331,SK052,6.0,Advanced,2026-05-01,0,Medium
E01331,SK053,6.0,Advanced,2026-05-01,0,Medium
E01332,SK040,3.0,Intermediate,2026-05-01,1,High
E01333,SK044,12.0,Advanced,2026-05-01,0,Medium
E01333,SK045,12.0,Advanced,2026-05-01,0,Medium
E01333,SK046,12.0,Advanced,2026-05-01,0,Medium
E01333,SK042,12.0,Advanced,2026-05-01,0,High
E01333,SK043,12.0,Advanced,2026-05-01,0,Medium
E01336,SK044,3.0,Intermediate,2026-05-01,0,Medium
E01336,SK045,3.0,Intermediate,2026-05-01,0,Medium
E01336,SK046,3.0,Intermediate,2026-05-01,0,Medium
E01336,SK039,3.0,Intermediate,2026-05-01,1,High
E01336,SK049,3.0,Intermediate,2026-05-01,0,High
E01337,SK044,2.0,Beginner,2026-05-01,0,Medium
E01337,SK052,2.0,Beginner,2026-05-01,0,Medium
E01338,SK044,9.0,Advanced,2026-05-01,0,Medium
E01338,SK045,9.0,Advanced,2026-05-01,0,Medium
E01338,SK046,9.0,Advanced,2026-05-01,0,Medium
E01338,SK040,9.0,Advanced,2026-05-01,1,High
E01338,SK042,9.0,Advanced,2026-05-01,0,High
E01339,SK044,13.0,Advanced,2026-05-01,0,Medium
E01339,SK045,13.0,Advanced,2026-05-01,0,Medium
E01339,SK046,13.0,Advanced,2026-05-01,0,Medium
E01339,SK042,13.0,Advanced,2026-05-01,0,High
E01339,SK043,13.0,Advanced,2026-05-01,0,Medium
E01340,SK040,1.0,Beginner,2026-05-01,0,High
E01341,SK044,2.0,Beginner,2026-05-01,0,Medium
E01341,SK045,2.0,Beginner,2026-05-01,0,Medium
E01341,SK046,2.0,Beginner,2026-05-01,0,Medium
E01341,SK039,2.0,Beginner,2026-05-01,0,High
E01341,SK049,2.0,Beginner,2026-05-01,0,High
E01342,SK044,1.0,Beginner,2026-05-01,0,Medium
E01342,SK045,1.0,Beginner,2026-05-01,0,Medium
E01342,SK046,1.0,Beginner,2026-05-01,0,Medium
E01342,SK039,1.0,Beginner,2026-05-01,0,High
E01342,SK049,1.0,Beginner,2026-05-01,0,High
E01343,SK044,4.0,Intermediate,2026-05-01,0,Medium
E01343,SK052,4.0,Intermediate,2026-05-01,0,Medium
E01345,SK044,6.0,Advanced,2026-05-01,0,Medium
E01345,SK045,6.0,Advanced,2026-05-01,0,Medium
E01345,SK046,6.0,Advanced,2026-05-01,0,Medium
E01345,SK040,6.0,Advanced,2026-05-01,1,High
E01345,SK042,6.0,Advanced,2026-05-01,0,High
E01346,SK044,7.0,Advanced,2026-05-01,0,Medium
E01346,SK045,7.0,Advanced,2026-05-01,0,Medium
E01346,SK046,7.0,Advanced,2026-05-01,0,Medium
E01346,SK040,7.0,Advanced,2026-05-01,1,High
E01346,SK042,7.0,Advanced,2026-05-01,0,High
E01347,SK044,0.5,Beginner,2026-05-01,0,Medium
E01347,SK052,0.5,Beginner,2026-05-01,0,Medium
E01348,SK044,12.0,Advanced,2026-05-01,0,Medium
E01348,SK045,12.0,Advanced,2026-05-01,0,Medium
E01348,SK046,12.0,Advanced,2026-05-01,0,Medium
E01348,SK040,12.0,Advanced,2026-05-01,1,High
E01348,SK042,12.0,Advanced,2026-05-01,0,High
E01349,SK044,12.0,Advanced,2026-05-01,0,Medium
E01349,SK045,12.0,Advanced,2026-05-01,0,Medium
E01349,SK046,12.0,Advanced,2026-05-01,0,Medium
E01349,SK040,12.0,Advanced,2026-05-01,1,High
E01349,SK042,12.0,Advanced,2026-05-01,0,High
E01350,SK044,1.0,Beginner,2026-05-01,0,Medium
E01350,SK045,1.0,Beginner,2026-05-01,0,Medium
E01350,SK046,1.0,Beginner,2026-05-01,0,Medium
E01350,SK052,1.0,Beginner,2026-05-01,0,Medium
E01350,SK053,1.0,Beginner,2026-05-01,0,Medium
E01352,SK044,3.0,Intermediate,2026-05-01,0,Medium
E01352,SK045,3.0,Intermediate,2026-05-01,0,Medium
E01352,SK046,3.0,Intermediate,2026-05-01,0,Medium
E01352,SK052,3.0,Intermediate,2026-05-01,0,Medium
E01352,SK053,3.0,Intermediate,2026-05-01,0,Medium
E01354,SK044,9.0,Advanced,2026-05-01,0,Medium
E01354,SK045,9.0,Advanced,2026-05-01,0,Medium
E01354,SK046,9.0,Advanced,2026-05-01,0,Medium
E01354,SK040,9.0,Advanced,2026-05-01,1,High
E01354,SK042,9.0,Advanced,2026-05-01,0,High
E01355,SK044,7.0,Advanced,2026-05-01,0,Medium
E01355,SK045,7.0,Advanced,2026-05-01,0,Medium
E01355,SK046,7.0,Advanced,2026-05-01,0,Medium
E01355,SK042,7.0,Advanced,2026-05-01,0,High
E01355,SK043,7.0,Advanced,2026-05-01,0,Medium
E01356,SK044,15.0,Advanced,2026-05-01,0,Medium
E01356,SK045,15.0,Advanced,2026-05-01,0,Medium
E01356,SK046,15.0,Advanced,2026-05-01,0,Medium
E01356,SK039,15.0,Advanced,2026-05-01,1,High
E01356,SK049,15.0,Advanced,2026-05-01,0,High
E01357,SK044,15.0,Advanced,2026-05-01,0,Medium
E01357,SK045,15.0,Advanced,2026-05-01,0,Medium
E01357,SK046,15.0,Advanced,2026-05-01,0,Medium
E01357,SK042,15.0,Advanced,2026-05-01,0,High
E01357,SK043,15.0,Advanced,2026-05-01,0,Medium
E01358,SK040,5.0,Intermediate,2026-05-01,1,High
E01361,SK044,6.0,Advanced,2026-05-01,0,Medium
E01361,SK045,6.0,Advanced,2026-05-01,0,Medium
E01361,SK046,6.0,Advanced,2026-05-01,0,Medium
E01361,SK039,6.0,Advanced,2026-05-01,1,High
E01361,SK049,6.0,Advanced,2026-05-01,0,High
E01362,SK044,3.0,Intermediate,2026-05-01,0,Medium
E01362,SK045,3.0,Intermediate,2026-05-01,0,Medium
E01362,SK046,3.0,Intermediate,2026-05-01,0,Medium
E01362,SK047,3.0,Intermediate,2026-05-01,0,Medium
E01362,SK048,3.0,Intermediate,2026-05-01,0,Medium
E01365,SK044,2.0,Beginner,2026-05-01,0,Medium
E01365,SK045,2.0,Beginner,2026-05-01,0,Medium
E01365,SK046,2.0,Beginner,2026-05-01,0,Medium
E01365,SK039,2.0,Beginner,2026-05-01,0,High
E01365,SK049,2.0,Beginner,2026-05-01,0,High
E01366,SK044,0.5,Beginner,2026-05-01,0,Medium
E01366,SK045,0.5,Beginner,2026-05-01,0,Medium
E01366,SK046,0.5,Beginner,2026-05-01,0,Medium
E01366,SK039,0.5,Beginner,2026-05-01,0,High
E01366,SK049,0.5,Beginner,2026-05-01,0,High
E01368,SK047,1.0,Beginner,2026-05-01,0,Medium
E01368,SK048,1.0,Beginner,2026-05-01,0,Medium
E01369,SK044,10.0,Advanced,2026-05-01,0,Medium
E01369,SK045,10.0,Advanced,2026-05-01,0,Medium
E01369,SK046,10.0,Advanced,2026-05-01,0,Medium
E01369,SK040,10.0,Advanced,2026-05-01,1,High
E01369,SK042,10.0,Advanced,2026-05-01,0,High
E01370,SK044,3.0,Intermediate,2026-05-01,0,Medium
E01370,SK045,3.0,Intermediate,2026-05-01,0,Medium
E01370,SK046,3.0,Intermediate,2026-05-01,0,Medium
E01370,SK047,3.0,Intermediate,2026-05-01,0,Medium
E01370,SK048,3.0,Intermediate,2026-05-01,0,Medium
E01371,SK044,14.0,Advanced,2026-05-01,0,Medium
E01371,SK045,14.0,Advanced,2026-05-01,0,Medium
E01371,SK046,14.0,Advanced,2026-05-01,0,Medium
E01371,SK040,14.0,Advanced,2026-05-01,1,High
E01371,SK042,14.0,Advanced,2026-05-01,0,High
E01372,SK044,9.0,Advanced,2026-05-01,0,Medium
E01372,SK045,9.0,Advanced,2026-05-01,0,Medium
E01372,SK046,9.0,Advanced,2026-05-01,0,Medium
E01372,SK042,9.0,Advanced,2026-05-01,0,High
E01372,SK043,9.0,Advanced,2026-05-01,0,Medium
E01373,SK044,7.0,Advanced,2026-05-01,0,Medium
E01373,SK045,7.0,Advanced,2026-05-01,0,Medium
E01373,SK046,7.0,Advanced,2026-05-01,0,Medium
E01373,SK039,7.0,Advanced,2026-05-01,1,High
E01373,SK049,7.0,Advanced,2026-05-01,0,High
E01374,SK044,10.0,Advanced,2026-05-01,0,Medium
E01374,SK045,10.0,Advanced,2026-05-01,0,Medium
E01374,SK046,10.0,Advanced,2026-05-01,0,Medium
E01374,SK042,10.0,Advanced,2026-05-01,0,High
E01374,SK043,10.0,Advanced,2026-05-01,0,Medium
E01375,SK044,4.0,Intermediate,2026-05-01,0,Medium
E01375,SK045,4.0,Intermediate,2026-05-01,0,Medium
E01375,SK046,4.0,Intermediate,2026-05-01,0,Medium
E01375,SK040,4.0,Intermediate,2026-05-01,1,High
E01375,SK047,4.0,Intermediate,2026-05-01,0,Medium
E01376,SK044,15.0,Advanced,2026-05-01,0,Medium
E01376,SK045,15.0,Advanced,2026-05-01,0,Medium
E01376,SK046,15.0,Advanced,2026-05-01,0,Medium
E01376,SK040,15.0,Advanced,2026-05-01,1,High
E01376,SK042,15.0,Advanced,2026-05-01,0,High
E01377,SK040,5.0,Intermediate,2026-05-01,1,High
E01378,SK044,4.0,Intermediate,2026-05-01,0,Medium
E01378,SK052,4.0,Intermediate,2026-05-01,0,Medium
E01379,SK044,6.0,Advanced,2026-05-01,0,Medium
E01379,SK045,6.0,Advanced,2026-05-01,0,Medium
E01379,SK046,6.0,Advanced,2026-05-01,0,Medium
E01379,SK052,6.0,Advanced,2026-05-01,0,Medium
E01379,SK053,6.0,Advanced,2026-05-01,0,Medium
E01380,SK044,7.0,Advanced,2026-05-01,0,Medium
E01380,SK045,7.0,Advanced,2026-05-01,0,Medium
E01380,SK046,7.0,Advanced,2026-05-01,0,Medium
E01380,SK042,7.0,Advanced,2026-05-01,0,High
E01380,SK043,7.0,Advanced,2026-05-01,0,Medium
E01381,SK044,6.0,Advanced,2026-05-01,0,Medium
E01381,SK052,6.0,Advanced,2026-05-01,0,Medium
E01382,SK044,10.0,Advanced,2026-05-01,0,Medium
E01382,SK045,10.0,Advanced,2026-05-01,0,Medium
E01382,SK046,10.0,Advanced,2026-05-01,0,Medium
E01382,SK042,10.0,Advanced,2026-05-01,0,High
E01382,SK043,10.0,Advanced,2026-05-01,0,Medium
E01383,SK040,0.5,Beginner,2026-05-01,0,High
E01384,SK044,12.0,Advanced,2026-05-01,0,Medium
E01384,SK045,12.0,Advanced,2026-05-01,0,Medium
E01384,SK046,12.0,Advanced,2026-05-01,0,Medium
E01384,SK042,12.0,Advanced,2026-05-01,0,High
E01384,SK043,12.0,Advanced,2026-05-01,0,Medium
E01386,SK040,7.0,Advanced,2026-05-01,1,High
E01387,SK044,10.0,Advanced,2026-05-01,0,Medium
E01387,SK045,10.0,Advanced,2026-05-01,0,Medium
E01387,SK046,10.0,Advanced,2026-05-01,0,Medium
E01387,SK040,10.0,Advanced,2026-05-01,1,High
E01387,SK042,10.0,Advanced,2026-05-01,0,High
E01388,SK044,15.0,Advanced,2026-05-01,0,Medium
E01388,SK045,15.0,Advanced,2026-05-01,0,Medium
E01388,SK046,15.0,Advanced,2026-05-01,0,Medium
E01388,SK042,15.0,Advanced,2026-05-01,0,High
E01388,SK043,15.0,Advanced,2026-05-01,0,Medium
E01389,SK044,8.0,Advanced,2026-05-01,0,Medium
E01389,SK045,8.0,Advanced,2026-05-01,0,Medium
E01389,SK046,8.0,Advanced,2026-05-01,0,Medium
E01389,SK040,8.0,Advanced,2026-05-01,1,High
E01389,SK042,8.0,Advanced,2026-05-01,0,High
E01391,SK040,5.0,Intermediate,2026-05-01,1,High
E01392,SK044,9.0,Advanced,2026-05-01,0,Medium
E01392,SK045,9.0,Advanced,2026-05-01,0,Medium
E01392,SK046,9.0,Advanced,2026-05-01,0,Medium
E01392,SK042,9.0,Advanced,2026-05-01,0,High
E01392,SK043,9.0,Advanced,2026-05-01,0,Medium
E01394,SK044,0.5,Beginner,2026-05-01,0,Medium
E01394,SK045,0.5,Beginner,2026-05-01,0,Medium
E01394,SK046,0.5,Beginner,2026-05-01,0,Medium
E01394,SK040,0.5,Beginner,2026-05-01,0,High
E01394,SK052,0.5,Beginner,2026-05-01,0,Medium
E01395,SK044,8.0,Advanced,2026-05-01,0,Medium
E01395,SK045,8.0,Advanced,2026-05-01,0,Medium
E01395,SK046,8.0,Advanced,2026-05-01,0,Medium
E01395,SK040,8.0,Advanced,2026-05-01,1,High
E01395,SK042,8.0,Advanced,2026-05-01,0,High
E01396,SK044,0.5,Beginner,2026-05-01,0,Medium
E01396,SK045,0.5,Beginner,2026-05-01,0,Medium
E01396,SK046,0.5,Beginner,2026-05-01,0,Medium
E01397,SK044,11.0,Advanced,2026-05-01,0,Medium
E01397,SK045,11.0,Advanced,2026-05-01,0,Medium
E01397,SK046,11.0,Advanced,2026-05-01,0,Medium
E01397,SK040,11.0,Advanced,2026-05-01,1,High
E01397,SK042,11.0,Advanced,2026-05-01,0,High
E01398,SK044,4.0,Intermediate,2026-05-01,0,Medium
E01398,SK045,4.0,Intermediate,2026-05-01,0,Medium
E01398,SK046,4.0,Intermediate,2026-05-01,0,Medium
E01398,SK040,4.0,Intermediate,2026-05-01,1,High
E01398,SK047,4.0,Intermediate,2026-05-01,0,Medium
E01399,SK044,15.0,Advanced,2026-05-01,0,Medium
E01399,SK045,15.0,Advanced,2026-05-01,0,Medium
E01399,SK046,15.0,Advanced,2026-05-01,0,Medium
E01399,SK042,15.0,Advanced,2026-05-01,0,High
E01399,SK043,15.0,Advanced,2026-05-01,0,Medium
E01400,SK044,5.0,Intermediate,2026-05-01,0,Medium
E01400,SK045,5.0,Intermediate,2026-05-01,0,Medium
E01400,SK046,5.0,Intermediate,2026-05-01,0,Medium
E01400,SK039,5.0,Intermediate,2026-05-01,1,High
E01400,SK049,5.0,Intermediate,2026-05-01,0,High
E01401,SK040,7.0,Advanced,2026-05-01,1,High
E01402,SK044,3.0,Intermediate,2026-05-01,0,Medium
E01402,SK045,3.0,Intermediate,2026-05-01,0,Medium
E01402,SK046,3.0,Intermediate,2026-05-01,0,Medium
E01402,SK039,3.0,Intermediate,2026-05-01,1,High
E01402,SK049,3.0,Intermediate,2026-05-01,0,High
E01403,SK040,0.5,Beginner,2026-05-01,0,High
E01404,SK040,3.0,Intermediate,2026-05-01,1,High
E01406,SK040,7.0,Advanced,2026-05-01,1,High
E01407,SK044,11.0,Advanced,2026-05-01,0,Medium
E01407,SK045,11.0,Advanced,2026-05-01,0,Medium
E01407,SK046,11.0,Advanced,2026-05-01,0,Medium
E01407,SK042,11.0,Advanced,2026-05-01,0,High
E01407,SK043,11.0,Advanced,2026-05-01,0,Medium
E01409,SK044,7.0,Advanced,2026-05-01,0,Medium
E01409,SK045,7.0,Advanced,2026-05-01,0,Medium
E01409,SK046,7.0,Advanced,2026-05-01,0,Medium
E01409,SK042,7.0,Advanced,2026-05-01,0,High
E01409,SK043,7.0,Advanced,2026-05-01,0,Medium
E01410,SK044,8.0,Advanced,2026-05-01,0,Medium
E01410,SK045,8.0,Advanced,2026-05-01,0,Medium
E01410,SK046,8.0,Advanced,2026-05-01,0,Medium
E01410,SK040,8.0,Advanced,2026-05-01,1,High
E01410,SK042,8.0,Advanced,2026-05-01,0,High
E01411,SK044,6.0,Advanced,2026-05-01,0,Medium
E01411,SK045,6.0,Advanced,2026-05-01,0,Medium
E01411,SK046,6.0,Advanced,2026-05-01,0,Medium
E01411,SK052,6.0,Advanced,2026-05-01,0,Medium
E01411,SK053,6.0,Advanced,2026-05-01,0,Medium
E01412,SK044,3.0,Intermediate,2026-05-01,0,Medium
E01412,SK045,3.0,Intermediate,2026-05-01,0,Medium
E01412,SK046,3.0,Intermediate,2026-05-01,0,Medium
E01412,SK039,3.0,Intermediate,2026-05-01,1,High
E01412,SK049,3.0,Intermediate,2026-05-01,0,High
E01413,SK040,1.0,Beginner,2026-05-01,0,High
E01414,SK047,3.0,Intermediate,2026-05-01,0,Medium
E01414,SK048,3.0,Intermediate,2026-05-01,0,Medium
E01416,SK044,15.0,Advanced,2026-05-01,0,Medium
E01416,SK045,15.0,Advanced,2026-05-01,0,Medium
E01416,SK046,15.0,Advanced,2026-05-01,0,Medium
E01416,SK042,15.0,Advanced,2026-05-01,0,High
E01416,SK043,15.0,Advanced,2026-05-01,0,Medium
E01417,SK044,8.0,Advanced,2026-05-01,0,Medium
E01417,SK045,8.0,Advanced,2026-05-01,0,Medium
E01417,SK046,8.0,Advanced,2026-05-01,0,Medium
E01417,SK039,8.0,Advanced,2026-05-01,1,High
E01417,SK049,8.0,Advanced,2026-05-01,0,High
E01419,SK044,1.0,Beginner,2026-05-01,0,Medium
E01419,SK045,1.0,Beginner,2026-05-01,0,Medium
E01419,SK046,1.0,Beginner,2026-05-01,0,Medium
E01420,SK040,5.0,Intermediate,2026-05-01,1,High
E01421,SK044,7.0,Advanced,2026-05-01,0,Medium
E01421,SK045,7.0,Advanced,2026-05-01,0,Medium
E01421,SK046,7.0,Advanced,2026-05-01,0,Medium
E01421,SK040,7.0,Advanced,2026-05-01,1,High
E01421,SK042,7.0,Advanced,2026-05-01,0,High
E01422,SK044,11.0,Advanced,2026-05-01,0,Medium
E01422,SK045,11.0,Advanced,2026-05-01,0,Medium
E01422,SK046,11.0,Advanced,2026-05-01,0,Medium
E01422,SK040,11.0,Advanced,2026-05-01,1,High
E01422,SK042,11.0,Advanced,2026-05-01,0,High
E01423,SK044,15.0,Advanced,2026-05-01,0,Medium
E01423,SK045,15.0,Advanced,2026-05-01,0,Medium
E01423,SK046,15.0,Advanced,2026-05-01,0,Medium
E01423,SK040,15.0,Advanced,2026-05-01,1,High
E01423,SK042,15.0,Advanced,2026-05-01,0,High
E01424,SK044,7.0,Advanced,2026-05-01,0,Medium
E01424,SK045,7.0,Advanced,2026-05-01,0,Medium
E01424,SK046,7.0,Advanced,2026-05-01,0,Medium
E01424,SK042,7.0,Advanced,2026-05-01,0,High
E01424,SK043,7.0,Advanced,2026-05-01,0,Medium
E01425,SK044,12.0,Advanced,2026-05-01,0,Medium
E01425,SK045,12.0,Advanced,2026-05-01,0,Medium
E01425,SK046,12.0,Advanced,2026-05-01,0,Medium
E01425,SK042,12.0,Advanced,2026-05-01,0,High
E01425,SK043,12.0,Advanced,2026-05-01,0,Medium
E01426,SK044,3.0,Intermediate,2026-05-01,0,Medium
E01426,SK045,3.0,Intermediate,2026-05-01,0,Medium
E01426,SK046,3.0,Intermediate,2026-05-01,0,Medium
E01426,SK047,3.0,Intermediate,2026-05-01,0,Medium
E01426,SK048,3.0,Intermediate,2026-05-01,0,Medium
E01427,SK040,0.5,Beginner,2026-05-01,0,High
E01428,SK044,10.0,Advanced,2026-05-01,0,Medium
E01428,SK045,10.0,Advanced,2026-05-01,0,Medium
E01428,SK046,10.0,Advanced,2026-05-01,0,Medium
E01428,SK040,10.0,Advanced,2026-05-01,1,High
E01428,SK042,10.0,Advanced,2026-05-01,0,High
E01429,SK047,4.0,Intermediate,2026-05-01,0,Medium
E01429,SK048,4.0,Intermediate,2026-05-01,0,Medium
E01431,SK044,3.0,Intermediate,2026-05-01,0,Medium
E01431,SK045,3.0,Intermediate,2026-05-01,0,Medium
E01431,SK046,3.0,Intermediate,2026-05-01,0,Medium
E01431,SK047,3.0,Intermediate,2026-05-01,0,Medium
E01431,SK048,3.0,Intermediate,2026-05-01,0,Medium
E01433,SK040,3.0,Intermediate,2026-05-01,1,High
E01434,SK044,1.0,Beginner,2026-05-01,0,Medium
E01434,SK052,1.0,Beginner,2026-05-01,0,Medium
E01435,SK044,10.0,Advanced,2026-05-01,0,Medium
E01435,SK045,10.0,Advanced,2026-05-01,0,Medium
E01435,SK046,10.0,Advanced,2026-05-01,0,Medium
E01435,SK042,10.0,Advanced,2026-05-01,0,High
E01435,SK043,10.0,Advanced,2026-05-01,0,Medium
E01436,SK044,0.5,Beginner,2026-05-01,0,Medium
E01436,SK045,0.5,Beginner,2026-05-01,0,Medium
E01436,SK046,0.5,Beginner,2026-05-01,0,Medium
E01436,SK039,0.5,Beginner,2026-05-01,0,High
E01436,SK049,0.5,Beginner,2026-05-01,0,High
E01437,SK044,6.0,Advanced,2026-05-01,0,Medium
E01437,SK045,6.0,Advanced,2026-05-01,0,Medium
E01437,SK046,6.0,Advanced,2026-05-01,0,Medium
E01437,SK039,6.0,Advanced,2026-05-01,1,High
E01437,SK049,6.0,Advanced,2026-05-01,0,High
E01438,SK044,1.0,Beginner,2026-05-01,0,Medium
E01438,SK045,1.0,Beginner,2026-05-01,0,Medium
E01438,SK046,1.0,Beginner,2026-05-01,0,Medium
E01438,SK039,1.0,Beginner,2026-05-01,0,High
E01438,SK049,1.0,Beginner,2026-05-01,0,High
E01439,SK044,4.0,Intermediate,2026-05-01,0,Medium
E01439,SK045,4.0,Intermediate,2026-05-01,0,Medium
E01439,SK046,4.0,Intermediate,2026-05-01,0,Medium
E01439,SK039,4.0,Intermediate,2026-05-01,1,High
E01439,SK049,4.0,Intermediate,2026-05-01,0,High
E01440,SK044,10.0,Advanced,2026-05-01,0,Medium
E01440,SK045,10.0,Advanced,2026-05-01,0,Medium
E01440,SK046,10.0,Advanced,2026-05-01,0,Medium
E01440,SK042,10.0,Advanced,2026-05-01,0,High
E01440,SK043,10.0,Advanced,2026-05-01,0,Medium
E01441,SK044,11.0,Advanced,2026-05-01,0,Medium
E01441,SK045,11.0,Advanced,2026-05-01,0,Medium
E01441,SK046,11.0,Advanced,2026-05-01,0,Medium
E01441,SK039,11.0,Advanced,2026-05-01,1,High
E01441,SK049,11.0,Advanced,2026-05-01,0,High
E01443,SK044,0.5,Beginner,2026-05-01,0,Medium
E01443,SK052,0.5,Beginner,2026-05-01,0,Medium
E01445,SK044,10.0,Advanced,2026-05-01,0,Medium
E01445,SK045,10.0,Advanced,2026-05-01,0,Medium
E01445,SK046,10.0,Advanced,2026-05-01,0,Medium
E01445,SK042,10.0,Advanced,2026-05-01,0,High
E01445,SK043,10.0,Advanced,2026-05-01,0,Medium
E01446,SK044,14.0,Advanced,2026-05-01,0,Medium
E01446,SK045,14.0,Advanced,2026-05-01,0,Medium
E01446,SK046,14.0,Advanced,2026-05-01,0,Medium
E01446,SK042,14.0,Advanced,2026-05-01,0,High
E01446,SK043,14.0,Advanced,2026-05-01,0,Medium
E01447,SK040,7.0,Advanced,2026-05-01,1,High
E01448,SK044,12.0,Advanced,2026-05-01,0,Medium
E01448,SK045,12.0,Advanced,2026-05-01,0,Medium
E01448,SK046,12.0,Advanced,2026-05-01,0,Medium
E01448,SK042,12.0,Advanced,2026-05-01,0,High
E01448,SK043,12.0,Advanced,2026-05-01,0,Medium
E01449,SK044,8.0,Advanced,2026-05-01,0,Medium
E01449,SK045,8.0,Advanced,2026-05-01,0,Medium
E01449,SK046,8.0,Advanced,2026-05-01,0,Medium
E01449,SK040,8.0,Advanced,2026-05-01,1,High
E01449,SK042,8.0,Advanced,2026-05-01,0,High
E01450,SK040,5.0,Intermediate,2026-05-01,1,High
E01451,SK040,5.0,Intermediate,2026-05-01,1,High
E01452,SK044,12.0,Advanced,2026-05-01,0,Medium
E01452,SK045,12.0,Advanced,2026-05-01,0,Medium
E01452,SK046,12.0,Advanced,2026-05-01,0,Medium
E01452,SK042,12.0,Advanced,2026-05-01,0,High
E01452,SK043,12.0,Advanced,2026-05-01,0,Medium
E01453,SK044,11.0,Advanced,2026-05-01,0,Medium
E01453,SK045,11.0,Advanced,2026-05-01,0,Medium
E01453,SK046,11.0,Advanced,2026-05-01,0,Medium
E01453,SK042,11.0,Advanced,2026-05-01,0,High
E01453,SK043,11.0,Advanced,2026-05-01,0,Medium
E01454,SK040,7.0,Advanced,2026-05-01,1,High
E01455,SK040,3.0,Intermediate,2026-05-01,1,High
E01456,SK044,1.0,Beginner,2026-05-01,0,Medium
E01456,SK045,1.0,Beginner,2026-05-01,0,Medium
E01456,SK046,1.0,Beginner,2026-05-01,0,Medium
E01456,SK047,1.0,Beginner,2026-05-01,0,Medium
E01456,SK048,1.0,Beginner,2026-05-01,0,Medium
E01457,SK047,5.0,Intermediate,2026-05-01,0,Medium
E01457,SK048,5.0,Intermediate,2026-05-01,0,Medium
E01458,SK040,3.0,Intermediate,2026-05-01,1,High
E01459,SK044,3.0,Intermediate,2026-05-01,0,Medium
E01459,SK052,3.0,Intermediate,2026-05-01,0,Medium
E01460,SK044,3.0,Intermediate,2026-05-01,0,Medium
E01460,SK045,3.0,Intermediate,2026-05-01,0,Medium
E01460,SK046,3.0,Intermediate,2026-05-01,0,Medium
E01460,SK039,3.0,Intermediate,2026-05-01,1,High
E01460,SK049,3.0,Intermediate,2026-05-01,0,High
E01462,SK044,15.0,Advanced,2026-05-01,0,Medium
E01462,SK045,15.0,Advanced,2026-05-01,0,Medium
E01462,SK046,15.0,Advanced,2026-05-01,0,Medium
E01462,SK040,15.0,Advanced,2026-05-01,1,High
E01462,SK042,15.0,Advanced,2026-05-01,0,High
E01463,SK040,7.0,Advanced,2026-05-01,1,High
E01464,SK044,7.0,Advanced,2026-05-01,0,Medium
E01464,SK045,7.0,Advanced,2026-05-01,0,Medium
E01464,SK046,7.0,Advanced,2026-05-01,0,Medium
E01464,SK042,7.0,Advanced,2026-05-01,0,High
E01464,SK043,7.0,Advanced,2026-05-01,0,Medium
E01465,SK040,7.0,Advanced,2026-05-01,1,High
E01466,SK044,13.0,Advanced,2026-05-01,0,Medium
E01466,SK045,13.0,Advanced,2026-05-01,0,Medium
E01466,SK046,13.0,Advanced,2026-05-01,0,Medium
E01466,SK039,13.0,Advanced,2026-05-01,1,High
E01466,SK049,13.0,Advanced,2026-05-01,0,High
E01467,SK044,10.0,Advanced,2026-05-01,0,Medium
E01467,SK045,10.0,Advanced,2026-05-01,0,Medium
E01467,SK046,10.0,Advanced,2026-05-01,0,Medium
E01467,SK039,10.0,Advanced,2026-05-01,1,High
E01467,SK049,10.0,Advanced,2026-05-01,0,High
E01468,SK040,5.0,Intermediate,2026-05-01,1,High
E01469,SK044,7.0,Advanced,2026-05-01,0,Medium
E01469,SK045,7.0,Advanced,2026-05-01,0,Medium
E01469,SK046,7.0,Advanced,2026-05-01,0,Medium
E01469,SK042,7.0,Advanced,2026-05-01,0,High
E01469,SK043,7.0,Advanced,2026-05-01,0,Medium
E01470,SK040,2.0,Beginner,2026-05-01,0,High
E01472,SK044,11.0,Advanced,2026-05-01,0,Medium
E01472,SK045,11.0,Advanced,2026-05-01,0,Medium
E01472,SK046,11.0,Advanced,2026-05-01,0,Medium
E01472,SK042,11.0,Advanced,2026-05-01,0,High
E01472,SK043,11.0,Advanced,2026-05-01,0,Medium
E01473,SK044,10.0,Advanced,2026-05-01,0,Medium
E01473,SK045,10.0,Advanced,2026-05-01,0,Medium
E01473,SK046,10.0,Advanced,2026-05-01,0,Medium
E01473,SK042,10.0,Advanced,2026-05-01,0,High
E01473,SK043,10.0,Advanced,2026-05-01,0,Medium
E01474,SK040,3.0,Intermediate,2026-05-01,1,High
E01475,SK044,5.0,Intermediate,2026-05-01,0,Medium
E01475,SK052,5.0,Intermediate,2026-05-01,0,Medium
E01476,SK044,2.0,Beginner,2026-05-01,0,Medium
E01476,SK045,2.0,Beginner,2026-05-01,0,Medium
E01476,SK046,2.0,Beginner,2026-05-01,0,Medium
E01476,SK040,2.0,Beginner,2026-05-01,0,High
E01476,SK052,2.0,Beginner,2026-05-01,0,Medium
E01477,SK044,6.0,Advanced,2026-05-01,0,Medium
E01477,SK045,6.0,Advanced,2026-05-01,0,Medium
E01477,SK046,6.0,Advanced,2026-05-01,0,Medium
E01477,SK042,6.0,Advanced,2026-05-01,0,High
E01477,SK043,6.0,Advanced,2026-05-01,0,Medium
E01478,SK044,3.0,Intermediate,2026-05-01,0,Medium
E01478,SK045,3.0,Intermediate,2026-05-01,0,Medium
E01478,SK046,3.0,Intermediate,2026-05-01,0,Medium
E01478,SK039,3.0,Intermediate,2026-05-01,1,High
E01478,SK049,3.0,Intermediate,2026-05-01,0,High
E01479,SK044,6.0,Advanced,2026-05-01,0,Medium
E01479,SK045,6.0,Advanced,2026-05-01,0,Medium
E01479,SK046,6.0,Advanced,2026-05-01,0,Medium
E01479,SK042,6.0,Advanced,2026-05-01,0,High
E01479,SK043,6.0,Advanced,2026-05-01,0,Medium
E01481,SK044,11.0,Advanced,2026-05-01,0,Medium
E01481,SK045,11.0,Advanced,2026-05-01,0,Medium
E01481,SK046,11.0,Advanced,2026-05-01,0,Medium
E01481,SK042,11.0,Advanced,2026-05-01,0,High
E01481,SK043,11.0,Advanced,2026-05-01,0,Medium
E01482,SK040,6.0,Advanced,2026-05-01,1,High
E01483,SK044,10.0,Advanced,2026-05-01,0,Medium
E01483,SK045,10.0,Advanced,2026-05-01,0,Medium
E01483,SK046,10.0,Advanced,2026-05-01,0,Medium
E01483,SK040,10.0,Advanced,2026-05-01,1,High
E01483,SK042,10.0,Advanced,2026-05-01,0,High
E01484,SK044,7.0,Advanced,2026-05-01,0,Medium
E01484,SK045,7.0,Advanced,2026-05-01,0,Medium
E01484,SK046,7.0,Advanced,2026-05-01,0,Medium
E01484,SK047,7.0,Advanced,2026-05-01,0,Medium
E01484,SK048,7.0,Advanced,2026-05-01,0,Medium
E01485,SK040,5.0,Intermediate,2026-05-01,1,High
E01486,SK044,11.0,Advanced,2026-05-01,0,Medium
E01486,SK045,11.0,Advanced,2026-05-01,0,Medium
E01486,SK046,11.0,Advanced,2026-05-01,0,Medium
E01486,SK042,11.0,Advanced,2026-05-01,0,High
E01486,SK043,11.0,Advanced,2026-05-01,0,Medium
E01487,SK044,8.0,Advanced,2026-05-01,0,Medium
E01487,SK045,8.0,Advanced,2026-05-01,0,Medium
E01487,SK046,8.0,Advanced,2026-05-01,0,Medium
E01487,SK042,8.0,Advanced,2026-05-01,0,High
E01487,SK043,8.0,Advanced,2026-05-01,0,Medium
E01488,SK040,3.0,Intermediate,2026-05-01,1,High
E01489,SK044,6.0,Advanced,2026-05-01,0,Medium
E01489,SK045,6.0,Advanced,2026-05-01,0,Medium
E01489,SK046,6.0,Advanced,2026-05-01,0,Medium
E01489,SK040,6.0,Advanced,2026-05-01,1,High
E01489,SK052,6.0,Advanced,2026-05-01,0,Medium
E01490,SK044,13.0,Advanced,2026-05-01,0,Medium
E01490,SK045,13.0,Advanced,2026-05-01,0,Medium
E01490,SK046,13.0,Advanced,2026-05-01,0,Medium
E01490,SK042,13.0,Advanced,2026-05-01,0,High
E01490,SK043,13.0,Advanced,2026-05-01,0,Medium
E01491,SK044,10.0,Advanced,2026-05-01,0,Medium
E01491,SK045,10.0,Advanced,2026-05-01,0,Medium
E01491,SK046,10.0,Advanced,2026-05-01,0,Medium
E01491,SK042,10.0,Advanced,2026-05-01,0,High
E01491,SK043,10.0,Advanced,2026-05-01,0,Medium
E01492,SK044,1.0,Beginner,2026-05-01,0,Medium
E01492,SK045,1.0,Beginner,2026-05-01,0,Medium
E01492,SK046,1.0,Beginner,2026-05-01,0,Medium
E01492,SK039,1.0,Beginner,2026-05-01,0,High
E01492,SK049,1.0,Beginner,2026-05-01,0,High
E01493,SK044,15.0,Advanced,2026-05-01,0,Medium
E01493,SK045,15.0,Advanced,2026-05-01,0,Medium
E01493,SK046,15.0,Advanced,2026-05-01,0,Medium
E01493,SK042,15.0,Advanced,2026-05-01,0,High
E01493,SK043,15.0,Advanced,2026-05-01,0,Medium
E01494,SK040,6.0,Advanced,2026-05-01,1,High
E01495,SK044,15.0,Advanced,2026-05-01,0,Medium
E01495,SK045,15.0,Advanced,2026-05-01,0,Medium
E01495,SK046,15.0,Advanced,2026-05-01,0,Medium
E01495,SK042,15.0,Advanced,2026-05-01,0,High
E01495,SK043,15.0,Advanced,2026-05-01,0,Medium
E01496,SK044,7.0,Advanced,2026-05-01,0,Medium
E01496,SK045,7.0,Advanced,2026-05-01,0,Medium
E01496,SK046,7.0,Advanced,2026-05-01,0,Medium
E01496,SK040,7.0,Advanced,2026-05-01,1,High
E01496,SK042,7.0,Advanced,2026-05-01,0,High
E01497,SK044,0.5,Beginner,2026-05-01,0,Medium
E01497,SK045,0.5,Beginner,2026-05-01,0,Medium
E01497,SK046,0.5,Beginner,2026-05-01,0,Medium
E01497,SK039,0.5,Beginner,2026-05-01,0,High
E01497,SK049,0.5,Beginner,2026-05-01,0,High
E01498,SK040,2.0,Beginner,2026-05-01,0,High
E01499,SK044,15.0,Advanced,2026-05-01,0,Medium
E01499,SK045,15.0,Advanced,2026-05-01,0,Medium
E01499,SK046,15.0,Advanced,2026-05-01,0,Medium
E01499,SK040,15.0,Advanced,2026-05-01,1,High
E01499,SK042,15.0,Advanced,2026-05-01,0,High
E01501,SK044,6.0,Advanced,2026-05-01,0,Medium
E01501,SK045,6.0,Advanced,2026-05-01,0,Medium
E01501,SK046,6.0,Advanced,2026-05-01,0,Medium
E01501,SK040,6.0,Advanced,2026-05-01,1,High
E01501,SK052,6.0,Advanced,2026-05-01,0,Medium
E01504,SK044,11.0,Advanced,2026-05-01,0,Medium
E01504,SK045,11.0,Advanced,2026-05-01,0,Medium
E01504,SK046,11.0,Advanced,2026-05-01,0,Medium
E01504,SK042,11.0,Advanced,2026-05-01,0,High
E01504,SK043,11.0,Advanced,2026-05-01,0,Medium
E01505,SK044,6.0,Advanced,2026-05-01,0,Medium
E01505,SK045,6.0,Advanced,2026-05-01,0,Medium
E01505,SK046,6.0,Advanced,2026-05-01,0,Medium
E01507,SK044,6.0,Advanced,2026-05-01,0,Medium
E01507,SK045,6.0,Advanced,2026-05-01,0,Medium
E01507,SK046,6.0,Advanced,2026-05-01,0,Medium
E01507,SK040,6.0,Advanced,2026-05-01,1,High
E01507,SK052,6.0,Advanced,2026-05-01,0,Medium
E01509,SK044,3.0,Intermediate,2026-05-01,0,Medium
E01509,SK045,3.0,Intermediate,2026-05-01,0,Medium
E01509,SK046,3.0,Intermediate,2026-05-01,0,Medium
E01509,SK040,3.0,Intermediate,2026-05-01,1,High
E01509,SK052,3.0,Intermediate,2026-05-01,0,Medium
E01510,SK044,12.0,Advanced,2026-05-01,0,Medium
E01510,SK045,12.0,Advanced,2026-05-01,0,Medium
E01510,SK046,12.0,Advanced,2026-05-01,0,Medium
E01510,SK042,12.0,Advanced,2026-05-01,0,High
E01510,SK043,12.0,Advanced,2026-05-01,0,Medium
E01511,SK040,3.0,Intermediate,2026-05-01,1,High
E01512,SK044,6.0,Advanced,2026-05-01,0,Medium
E01512,SK045,6.0,Advanced,2026-05-01,0,Medium
E01512,SK046,6.0,Advanced,2026-05-01,0,Medium
E01512,SK052,6.0,Advanced,2026-05-01,0,Medium
E01512,SK053,6.0,Advanced,2026-05-01,0,Medium
E01513,SK044,10.0,Advanced,2026-05-01,0,Medium
E01513,SK045,10.0,Advanced,2026-05-01,0,Medium
E01513,SK046,10.0,Advanced,2026-05-01,0,Medium
E01513,SK042,10.0,Advanced,2026-05-01,0,High
E01513,SK043,10.0,Advanced,2026-05-01,0,Medium
E01514,SK044,15.0,Advanced,2026-05-01,0,Medium
E01514,SK045,15.0,Advanced,2026-05-01,0,Medium
E01514,SK046,15.0,Advanced,2026-05-01,0,Medium
E01514,SK040,15.0,Advanced,2026-05-01,1,High
E01514,SK042,15.0,Advanced,2026-05-01,0,High
E01515,SK044,15.0,Advanced,2026-05-01,0,Medium
E01515,SK045,15.0,Advanced,2026-05-01,0,Medium
E01515,SK046,15.0,Advanced,2026-05-01,0,Medium
E01515,SK040,15.0,Advanced,2026-05-01,1,High
E01515,SK042,15.0,Advanced,2026-05-01,0,High
E01516,SK044,7.0,Advanced,2026-05-01,0,Medium
E01516,SK045,7.0,Advanced,2026-05-01,0,Medium
E01516,SK046,7.0,Advanced,2026-05-01,0,Medium
E01516,SK042,7.0,Advanced,2026-05-01,0,High
E01516,SK043,7.0,Advanced,2026-05-01,0,Medium
E01517,SK044,7.0,Advanced,2026-05-01,0,Medium
E01517,SK045,7.0,Advanced,2026-05-01,0,Medium
E01517,SK046,7.0,Advanced,2026-05-01,0,Medium
E01517,SK042,7.0,Advanced,2026-05-01,0,High
E01517,SK043,7.0,Advanced,2026-05-01,0,Medium
E01518,SK047,5.0,Intermediate,2026-05-01,0,Medium
E01518,SK048,5.0,Intermediate,2026-05-01,0,Medium
E01519,SK044,2.0,Beginner,2026-05-01,0,Medium
E01519,SK045,2.0,Beginner,2026-05-01,0,Medium
E01519,SK046,2.0,Beginner,2026-05-01,0,Medium
E01519,SK047,2.0,Beginner,2026-05-01,0,Medium
E01519,SK048,2.0,Beginner,2026-05-01,0,Medium
E01521,SK044,8.0,Advanced,2026-05-01,0,Medium
E01521,SK045,8.0,Advanced,2026-05-01,0,Medium
E01521,SK046,8.0,Advanced,2026-05-01,0,Medium
E01521,SK042,8.0,Advanced,2026-05-01,0,High
E01521,SK043,8.0,Advanced,2026-05-01,0,Medium
E01522,SK044,11.0,Advanced,2026-05-01,0,Medium
E01522,SK045,11.0,Advanced,2026-05-01,0,Medium
E01522,SK046,11.0,Advanced,2026-05-01,0,Medium
E01522,SK042,11.0,Advanced,2026-05-01,0,High
E01522,SK043,11.0,Advanced,2026-05-01,0,Medium
E01523,SK044,5.0,Intermediate,2026-05-01,0,Medium
E01523,SK045,5.0,Intermediate,2026-05-01,0,Medium
E01523,SK046,5.0,Intermediate,2026-05-01,0,Medium
E01523,SK040,5.0,Intermediate,2026-05-01,1,High
E01523,SK052,5.0,Intermediate,2026-05-01,0,Medium
E01527,SK044,11.0,Advanced,2026-05-01,0,Medium
E01527,SK045,11.0,Advanced,2026-05-01,0,Medium
E01527,SK046,11.0,Advanced,2026-05-01,0,Medium
E01527,SK042,11.0,Advanced,2026-05-01,0,High
E01527,SK043,11.0,Advanced,2026-05-01,0,Medium
E01529,SK044,15.0,Advanced,2026-05-01,0,Medium
E01529,SK045,15.0,Advanced,2026-05-01,0,Medium
E01529,SK046,15.0,Advanced,2026-05-01,0,Medium
E01529,SK040,15.0,Advanced,2026-05-01,1,High
E01529,SK042,15.0,Advanced,2026-05-01,0,High
E01530,SK040,3.0,Intermediate,2026-05-01,1,High
E01531,SK044,12.0,Advanced,2026-05-01,0,Medium
E01531,SK045,12.0,Advanced,2026-05-01,0,Medium
E01531,SK046,12.0,Advanced,2026-05-01,0,Medium
E01531,SK040,12.0,Advanced,2026-05-01,1,High
E01531,SK042,12.0,Advanced,2026-05-01,0,High
E01532,SK040,4.0,Intermediate,2026-05-01,1,High
E01533,SK044,11.0,Advanced,2026-05-01,0,Medium
E01533,SK045,11.0,Advanced,2026-05-01,0,Medium
E01533,SK046,11.0,Advanced,2026-05-01,0,Medium
E01533,SK040,11.0,Advanced,2026-05-01,1,High
E01533,SK042,11.0,Advanced,2026-05-01,0,High
E01534,SK040,4.0,Intermediate,2026-05-01,1,High
E01535,SK044,3.0,Intermediate,2026-05-01,0,Medium
E01535,SK045,3.0,Intermediate,2026-05-01,0,Medium
E01535,SK046,3.0,Intermediate,2026-05-01,0,Medium
E01535,SK052,3.0,Intermediate,2026-05-01,0,Medium
E01535,SK053,3.0,Intermediate,2026-05-01,0,Medium
E01536,SK044,8.0,Advanced,2026-05-01,0,Medium
E01536,SK045,8.0,Advanced,2026-05-01,0,Medium
E01536,SK046,8.0,Advanced,2026-05-01,0,Medium
E01536,SK042,8.0,Advanced,2026-05-01,0,High
E01536,SK043,8.0,Advanced,2026-05-01,0,Medium
E01537,SK044,11.0,Advanced,2026-05-01,0,Medium
E01537,SK045,11.0,Advanced,2026-05-01,0,Medium
E01537,SK046,11.0,Advanced,2026-05-01,0,Medium
E01537,SK042,11.0,Advanced,2026-05-01,0,High
E01537,SK043,11.0,Advanced,2026-05-01,0,Medium
E01538,SK040,3.0,Intermediate,2026-05-01,1,High
E01539,SK040,6.0,Advanced,2026-05-01,1,High
E01540,SK044,11.0,Advanced,2026-05-01,0,Medium
E01540,SK045,11.0,Advanced,2026-05-01,0,Medium
E01540,SK046,11.0,Advanced,2026-05-01,0,Medium
E01540,SK042,11.0,Advanced,2026-05-01,0,High
E01540,SK043,11.0,Advanced,2026-05-01,0,Medium
E01541,SK044,6.0,Advanced,2026-05-01,0,Medium
E01541,SK045,6.0,Advanced,2026-05-01,0,Medium
E01541,SK046,6.0,Advanced,2026-05-01,0,Medium
E01541,SK040,6.0,Advanced,2026-05-01,1,High
E01541,SK042,6.0,Advanced,2026-05-01,0,High
E01542,SK040,5.0,Intermediate,2026-05-01,1,High
E01543,SK044,6.0,Advanced,2026-05-01,0,Medium
E01543,SK045,6.0,Advanced,2026-05-01,0,Medium
E01543,SK046,6.0,Advanced,2026-05-01,0,Medium
E01543,SK042,6.0,Advanced,2026-05-01,0,High
E01543,SK043,6.0,Advanced,2026-05-01,0,Medium
E01544,SK044,14.0,Advanced,2026-05-01,0,Medium
E01544,SK045,14.0,Advanced,2026-05-01,0,Medium
E01544,SK046,14.0,Advanced,2026-05-01,0,Medium
E01544,SK042,14.0,Advanced,2026-05-01,0,High
E01544,SK043,14.0,Advanced,2026-05-01,0,Medium
E01545,SK040,6.0,Advanced,2026-05-01,1,High
E01546,SK044,3.0,Intermediate,2026-05-01,0,Medium
E01546,SK045,3.0,Intermediate,2026-05-01,0,Medium
E01546,SK046,3.0,Intermediate,2026-05-01,0,Medium
E01546,SK052,3.0,Intermediate,2026-05-01,0,Medium
E01546,SK053,3.0,Intermediate,2026-05-01,0,Medium
E01547,SK044,9.0,Advanced,2026-05-01,0,Medium
E01547,SK045,9.0,Advanced,2026-05-01,0,Medium
E01547,SK046,9.0,Advanced,2026-05-01,0,Medium
E01547,SK040,9.0,Advanced,2026-05-01,1,High
E01547,SK042,9.0,Advanced,2026-05-01,0,High
E01548,SK044,10.0,Advanced,2026-05-01,0,Medium
E01548,SK045,10.0,Advanced,2026-05-01,0,Medium
E01548,SK046,10.0,Advanced,2026-05-01,0,Medium
E01548,SK040,10.0,Advanced,2026-05-01,1,High
E01548,SK042,10.0,Advanced,2026-05-01,0,High
E01549,SK044,11.0,Advanced,2026-05-01,0,Medium
E01549,SK045,11.0,Advanced,2026-05-01,0,Medium
E01549,SK046,11.0,Advanced,2026-05-01,0,Medium
E01549,SK042,11.0,Advanced,2026-05-01,0,High
E01549,SK043,11.0,Advanced,2026-05-01,0,Medium
E01550,SK044,15.0,Advanced,2026-05-01,0,Medium
E01550,SK045,15.0,Advanced,2026-05-01,0,Medium
E01550,SK046,15.0,Advanced,2026-05-01,0,Medium
E01550,SK040,15.0,Advanced,2026-05-01,1,High
E01550,SK042,15.0,Advanced,2026-05-01,0,High
E01551,SK044,9.0,Advanced,2026-05-01,0,Medium
E01551,SK045,9.0,Advanced,2026-05-01,0,Medium
E01551,SK046,9.0,Advanced,2026-05-01,0,Medium
E01551,SK042,9.0,Advanced,2026-05-01,0,High
E01551,SK043,9.0,Advanced,2026-05-01,0,Medium
E01552,SK044,7.0,Advanced,2026-05-01,0,Medium
E01552,SK045,7.0,Advanced,2026-05-01,0,Medium
E01552,SK046,7.0,Advanced,2026-05-01,0,Medium
E01552,SK039,7.0,Advanced,2026-05-01,1,High
E01552,SK049,7.0,Advanced,2026-05-01,0,High
E01553,SK044,3.0,Intermediate,2026-05-01,0,Medium
E01553,SK045,3.0,Intermediate,2026-05-01,0,Medium
E01553,SK046,3.0,Intermediate,2026-05-01,0,Medium
E01553,SK039,3.0,Intermediate,2026-05-01,1,High
E01553,SK049,3.0,Intermediate,2026-05-01,0,High
E01554,SK044,6.0,Advanced,2026-05-01,0,Medium
E01554,SK045,6.0,Advanced,2026-05-01,0,Medium
E01554,SK046,6.0,Advanced,2026-05-01,0,Medium
E01554,SK042,6.0,Advanced,2026-05-01,0,High
E01554,SK043,6.0,Advanced,2026-05-01,0,Medium
E01556,SK040,0.5,Beginner,2026-05-01,0,High
E01557,SK040,1.0,Beginner,2026-05-01,0,High
E01558,SK044,10.0,Advanced,2026-05-01,0,Medium
E01558,SK045,10.0,Advanced,2026-05-01,0,Medium
E01558,SK046,10.0,Advanced,2026-05-01,0,Medium
E01558,SK042,10.0,Advanced,2026-05-01,0,High
E01558,SK043,10.0,Advanced,2026-05-01,0,Medium
E01559,SK044,3.0,Intermediate,2026-05-01,0,Medium
E01559,SK052,3.0,Intermediate,2026-05-01,0,Medium
E01560,SK044,8.0,Advanced,2026-05-01,0,Medium
E01560,SK045,8.0,Advanced,2026-05-01,0,Medium
E01560,SK046,8.0,Advanced,2026-05-01,0,Medium
E01560,SK042,8.0,Advanced,2026-05-01,0,High
E01560,SK043,8.0,Advanced,2026-05-01,0,Medium
E01562,SK044,10.0,Advanced,2026-05-01,0,Medium
E01562,SK045,10.0,Advanced,2026-05-01,0,Medium
E01562,SK046,10.0,Advanced,2026-05-01,0,Medium
E01562,SK040,10.0,Advanced,2026-05-01,1,High
E01562,SK042,10.0,Advanced,2026-05-01,0,High
E01563,SK044,10.0,Advanced,2026-05-01,0,Medium
E01563,SK045,10.0,Advanced,2026-05-01,0,Medium
E01563,SK046,10.0,Advanced,2026-05-01,0,Medium
E01563,SK042,10.0,Advanced,2026-05-01,0,High
E01563,SK043,10.0,Advanced,2026-05-01,0,Medium
E01565,SK044,1.0,Beginner,2026-05-01,0,Medium
E01565,SK045,1.0,Beginner,2026-05-01,0,Medium
E01565,SK046,1.0,Beginner,2026-05-01,0,Medium
E01565,SK039,1.0,Beginner,2026-05-01,0,High
E01565,SK049,1.0,Beginner,2026-05-01,0,High
E01566,SK040,0.5,Beginner,2026-05-01,0,High
E01568,SK044,8.0,Advanced,2026-05-01,0,Medium
E01568,SK045,8.0,Advanced,2026-05-01,0,Medium
E01568,SK046,8.0,Advanced,2026-05-01,0,Medium
E01568,SK040,8.0,Advanced,2026-05-01,1,High
E01568,SK042,8.0,Advanced,2026-05-01,0,High
E01569,SK040,6.0,Advanced,2026-05-01,1,High
E01571,SK044,4.0,Intermediate,2026-05-01,0,Medium
E01571,SK045,4.0,Intermediate,2026-05-01,0,Medium
E01571,SK046,4.0,Intermediate,2026-05-01,0,Medium
E01572,SK040,4.0,Intermediate,2026-05-01,1,High
E01573,SK044,4.0,Intermediate,2026-05-01,0,Medium
E01573,SK052,4.0,Intermediate,2026-05-01,0,Medium
E01575,SK044,4.0,Intermediate,2026-05-01,0,Medium
E01575,SK045,4.0,Intermediate,2026-05-01,0,Medium
E01575,SK046,4.0,Intermediate,2026-05-01,0,Medium
E01575,SK039,4.0,Intermediate,2026-05-01,1,High
E01575,SK049,4.0,Intermediate,2026-05-01,0,High
E01576,SK044,12.0,Advanced,2026-05-01,0,Medium
E01576,SK045,12.0,Advanced,2026-05-01,0,Medium
E01576,SK046,12.0,Advanced,2026-05-01,0,Medium
E01576,SK040,12.0,Advanced,2026-05-01,1,High
E01576,SK042,12.0,Advanced,2026-05-01,0,High
E01577,SK044,12.0,Advanced,2026-05-01,0,Medium
E01577,SK045,12.0,Advanced,2026-05-01,0,Medium
E01577,SK046,12.0,Advanced,2026-05-01,0,Medium
E01577,SK042,12.0,Advanced,2026-05-01,0,High
E01577,SK043,12.0,Advanced,2026-05-01,0,Medium
E01580,SK044,4.0,Intermediate,2026-05-01,0,Medium
E01580,SK052,4.0,Intermediate,2026-05-01,0,Medium
E01581,SK044,12.0,Advanced,2026-05-01,0,Medium
E01581,SK045,12.0,Advanced,2026-05-01,0,Medium
E01581,SK046,12.0,Advanced,2026-05-01,0,Medium
E01581,SK042,12.0,Advanced,2026-05-01,0,High
E01581,SK043,12.0,Advanced,2026-05-01,0,Medium
E01582,SK044,3.0,Intermediate,2026-05-01,0,Medium
E01582,SK045,3.0,Intermediate,2026-05-01,0,Medium
E01582,SK046,3.0,Intermediate,2026-05-01,0,Medium
E01582,SK040,3.0,Intermediate,2026-05-01,1,High
E01582,SK047,3.0,Intermediate,2026-05-01,0,Medium
E01583,SK044,10.0,Advanced,2026-05-01,0,Medium
E01583,SK045,10.0,Advanced,2026-05-01,0,Medium
E01583,SK046,10.0,Advanced,2026-05-01,0,Medium
E01583,SK042,10.0,Advanced,2026-05-01,0,High
E01583,SK043,10.0,Advanced,2026-05-01,0,Medium
E01584,SK044,8.0,Advanced,2026-05-01,0,Medium
E01584,SK045,8.0,Advanced,2026-05-01,0,Medium
E01584,SK046,8.0,Advanced,2026-05-01,0,Medium
E01584,SK042,8.0,Advanced,2026-05-01,0,High
E01584,SK043,8.0,Advanced,2026-05-01,0,Medium
E01585,SK040,3.0,Intermediate,2026-05-01,1,High
E01586,SK044,3.0,Intermediate,2026-05-01,0,Medium
E01586,SK045,3.0,Intermediate,2026-05-01,0,Medium
E01586,SK046,3.0,Intermediate,2026-05-01,0,Medium
E01586,SK039,3.0,Intermediate,2026-05-01,1,High
E01586,SK049,3.0,Intermediate,2026-05-01,0,High
E01587,SK040,1.0,Beginner,2026-05-01,0,High
E01588,SK044,10.0,Advanced,2026-05-01,0,Medium
E01588,SK045,10.0,Advanced,2026-05-01,0,Medium
E01588,SK046,10.0,Advanced,2026-05-01,0,Medium
E01588,SK042,10.0,Advanced,2026-05-01,0,High
E01588,SK043,10.0,Advanced,2026-05-01,0,Medium
E01589,SK044,6.0,Advanced,2026-05-01,0,Medium
E01589,SK052,6.0,Advanced,2026-05-01,0,Medium
E01590,SK044,9.0,Advanced,2026-05-01,0,Medium
E01590,SK045,9.0,Advanced,2026-05-01,0,Medium
E01590,SK046,9.0,Advanced,2026-05-01,0,Medium
E01590,SK042,9.0,Advanced,2026-05-01,0,High
E01590,SK043,9.0,Advanced,2026-05-01,0,Medium
E01591,SK044,10.0,Advanced,2026-05-01,0,Medium
E01591,SK045,10.0,Advanced,2026-05-01,0,Medium
E01591,SK046,10.0,Advanced,2026-05-01,0,Medium
E01591,SK039,10.0,Advanced,2026-05-01,1,High
E01591,SK049,10.0,Advanced,2026-05-01,0,High
E01592,SK044,13.0,Advanced,2026-05-01,0,Medium
E01592,SK045,13.0,Advanced,2026-05-01,0,Medium
E01592,SK046,13.0,Advanced,2026-05-01,0,Medium
E01592,SK040,13.0,Advanced,2026-05-01,1,High
E01592,SK042,13.0,Advanced,2026-05-01,0,High
E01594,SK040,5.0,Intermediate,2026-05-01,1,High
E01595,SK044,1.0,Beginner,2026-05-01,0,Medium
E01595,SK045,1.0,Beginner,2026-05-01,0,Medium
E01595,SK046,1.0,Beginner,2026-05-01,0,Medium
E01595,SK040,1.0,Beginner,2026-05-01,0,High
E01595,SK052,1.0,Beginner,2026-05-01,0,Medium
E01596,SK044,12.0,Advanced,2026-05-01,0,Medium
E01596,SK045,12.0,Advanced,2026-05-01,0,Medium
E01596,SK046,12.0,Advanced,2026-05-01,0,Medium
E01596,SK042,12.0,Advanced,2026-05-01,0,High
E01596,SK043,12.0,Advanced,2026-05-01,0,Medium
E01597,SK044,5.0,Intermediate,2026-05-01,0,Medium
E01597,SK052,5.0,Intermediate,2026-05-01,0,Medium
E01598,SK044,4.0,Intermediate,2026-05-01,0,Medium
E01598,SK045,4.0,Intermediate,2026-05-01,0,Medium
E01598,SK046,4.0,Intermediate,2026-05-01,0,Medium
E01598,SK040,4.0,Intermediate,2026-05-01,1,High
E01598,SK052,4.0,Intermediate,2026-05-01,0,Medium
E01601,SK044,11.0,Advanced,2026-05-01,0,Medium
E01601,SK045,11.0,Advanced,2026-05-01,0,Medium
E01601,SK046,11.0,Advanced,2026-05-01,0,Medium
E01601,SK042,11.0,Advanced,2026-05-01,0,High
E01601,SK043,11.0,Advanced,2026-05-01,0,Medium
E01602,SK044,8.0,Advanced,2026-05-01,0,Medium
E01602,SK045,8.0,Advanced,2026-05-01,0,Medium
E01602,SK046,8.0,Advanced,2026-05-01,0,Medium
E01602,SK042,8.0,Advanced,2026-05-01,0,High
E01602,SK043,8.0,Advanced,2026-05-01,0,Medium
E01604,SK040,7.0,Advanced,2026-05-01,1,High
E01605,SK044,8.0,Advanced,2026-05-01,0,Medium
E01605,SK045,8.0,Advanced,2026-05-01,0,Medium
E01605,SK046,8.0,Advanced,2026-05-01,0,Medium
E01605,SK040,8.0,Advanced,2026-05-01,1,High
E01605,SK042,8.0,Advanced,2026-05-01,0,High
E01606,SK044,15.0,Advanced,2026-05-01,0,Medium
E01606,SK045,15.0,Advanced,2026-05-01,0,Medium
E01606,SK046,15.0,Advanced,2026-05-01,0,Medium
E01606,SK040,15.0,Advanced,2026-05-01,1,High
E01606,SK042,15.0,Advanced,2026-05-01,0,High
E01608,SK044,1.0,Beginner,2026-05-01,0,Medium
E01608,SK052,1.0,Beginner,2026-05-01,0,Medium
E01609,SK044,13.0,Advanced,2026-05-01,0,Medium
E01609,SK045,13.0,Advanced,2026-05-01,0,Medium
E01609,SK046,13.0,Advanced,2026-05-01,0,Medium
E01609,SK042,13.0,Advanced,2026-05-01,0,High
E01609,SK043,13.0,Advanced,2026-05-01,0,Medium
E01610,SK044,11.0,Advanced,2026-05-01,0,Medium
E01610,SK045,11.0,Advanced,2026-05-01,0,Medium
E01610,SK046,11.0,Advanced,2026-05-01,0,Medium
E01610,SK040,11.0,Advanced,2026-05-01,1,High
E01610,SK042,11.0,Advanced,2026-05-01,0,High
E01611,SK040,1.0,Beginner,2026-05-01,0,High
E01612,SK047,7.0,Advanced,2026-05-01,0,Medium
E01612,SK048,7.0,Advanced,2026-05-01,0,Medium
E01613,SK044,7.0,Advanced,2026-05-01,0,Medium
E01613,SK045,7.0,Advanced,2026-05-01,0,Medium
E01613,SK046,7.0,Advanced,2026-05-01,0,Medium
E01613,SK040,7.0,Advanced,2026-05-01,1,High
E01613,SK042,7.0,Advanced,2026-05-01,0,High
E01614,SK044,0.5,Beginner,2026-05-01,0,Medium
E01614,SK045,0.5,Beginner,2026-05-01,0,Medium
E01614,SK046,0.5,Beginner,2026-05-01,0,Medium
E01614,SK039,0.5,Beginner,2026-05-01,0,High
E01614,SK049,0.5,Beginner,2026-05-01,0,High
E01615,SK040,5.0,Intermediate,2026-05-01,1,High
E01616,SK044,7.0,Advanced,2026-05-01,0,Medium
E01616,SK045,7.0,Advanced,2026-05-01,0,Medium
E01616,SK046,7.0,Advanced,2026-05-01,0,Medium
E01616,SK042,7.0,Advanced,2026-05-01,0,High
E01616,SK043,7.0,Advanced,2026-05-01,0,Medium
E01617,SK047,7.0,Advanced,2026-05-01,0,Medium
E01617,SK048,7.0,Advanced,2026-05-01,0,Medium
E01618,SK044,15.0,Advanced,2026-05-01,0,Medium
E01618,SK045,15.0,Advanced,2026-05-01,0,Medium
E01618,SK046,15.0,Advanced,2026-05-01,0,Medium
E01618,SK039,15.0,Advanced,2026-05-01,1,High
E01618,SK049,15.0,Advanced,2026-05-01,0,High
E01620,SK044,12.0,Advanced,2026-05-01,0,Medium
E01620,SK045,12.0,Advanced,2026-05-01,0,Medium
E01620,SK046,12.0,Advanced,2026-05-01,0,Medium
E01620,SK042,12.0,Advanced,2026-05-01,0,High
E01620,SK043,12.0,Advanced,2026-05-01,0,Medium
E01621,SK040,7.0,Advanced,2026-05-01,1,High
E01622,SK044,8.0,Advanced,2026-05-01,0,Medium
E01622,SK045,8.0,Advanced,2026-05-01,0,Medium
E01622,SK046,8.0,Advanced,2026-05-01,0,Medium
E01622,SK042,8.0,Advanced,2026-05-01,0,High
E01622,SK043,8.0,Advanced,2026-05-01,0,Medium
E01623,SK044,0.5,Beginner,2026-05-01,0,Medium
E01623,SK052,0.5,Beginner,2026-05-01,0,Medium
E01624,SK044,10.0,Advanced,2026-05-01,0,Medium
E01624,SK045,10.0,Advanced,2026-05-01,0,Medium
E01624,SK046,10.0,Advanced,2026-05-01,0,Medium
E01624,SK040,10.0,Advanced,2026-05-01,1,High
E01624,SK042,10.0,Advanced,2026-05-01,0,High
E01625,SK044,3.0,Intermediate,2026-05-01,0,Medium
E01625,SK052,3.0,Intermediate,2026-05-01,0,Medium
E01626,SK044,7.0,Advanced,2026-05-01,0,Medium
E01626,SK045,7.0,Advanced,2026-05-01,0,Medium
E01626,SK046,7.0,Advanced,2026-05-01,0,Medium
E01626,SK040,7.0,Advanced,2026-05-01,1,High
E01626,SK052,7.0,Advanced,2026-05-01,0,Medium
E01628,SK044,6.0,Advanced,2026-05-01,0,Medium
E01628,SK045,6.0,Advanced,2026-05-01,0,Medium
E01628,SK046,6.0,Advanced,2026-05-01,0,Medium
E01628,SK042,6.0,Advanced,2026-05-01,0,High
E01628,SK043,6.0,Advanced,2026-05-01,0,Medium
E01629,SK044,6.0,Advanced,2026-05-01,0,Medium
E01629,SK045,6.0,Advanced,2026-05-01,0,Medium
E01629,SK046,6.0,Advanced,2026-05-01,0,Medium
E01629,SK040,6.0,Advanced,2026-05-01,1,High
E01629,SK052,6.0,Advanced,2026-05-01,0,Medium
E01630,SK044,6.0,Advanced,2026-05-01,0,Medium
E01630,SK045,6.0,Advanced,2026-05-01,0,Medium
E01630,SK046,6.0,Advanced,2026-05-01,0,Medium
E01631,SK044,6.0,Advanced,2026-05-01,0,Medium
E01631,SK045,6.0,Advanced,2026-05-01,0,Medium
E01631,SK046,6.0,Advanced,2026-05-01,0,Medium
E01631,SK039,6.0,Advanced,2026-05-01,1,High
E01631,SK049,6.0,Advanced,2026-05-01,0,High
E01632,SK044,3.0,Intermediate,2026-05-01,0,Medium
E01632,SK052,3.0,Intermediate,2026-05-01,0,Medium
E01634,SK044,15.0,Advanced,2026-05-01,0,Medium
E01634,SK045,15.0,Advanced,2026-05-01,0,Medium
E01634,SK046,15.0,Advanced,2026-05-01,0,Medium
E01634,SK042,15.0,Advanced,2026-05-01,0,High
E01634,SK043,15.0,Advanced,2026-05-01,0,Medium
E01635,SK044,6.0,Advanced,2026-05-01,0,Medium
E01635,SK045,6.0,Advanced,2026-05-01,0,Medium
E01635,SK046,6.0,Advanced,2026-05-01,0,Medium
E01635,SK040,6.0,Advanced,2026-05-01,1,High
E01635,SK042,6.0,Advanced,2026-05-01,0,High
E01636,SK044,6.0,Advanced,2026-05-01,0,Medium
E01636,SK045,6.0,Advanced,2026-05-01,0,Medium
E01636,SK046,6.0,Advanced,2026-05-01,0,Medium
E01636,SK040,6.0,Advanced,2026-05-01,1,High
E01636,SK052,6.0,Advanced,2026-05-01,0,Medium
E01637,SK044,7.0,Advanced,2026-05-01,0,Medium
E01637,SK045,7.0,Advanced,2026-05-01,0,Medium
E01637,SK046,7.0,Advanced,2026-05-01,0,Medium
E01637,SK042,7.0,Advanced,2026-05-01,0,High
E01637,SK043,7.0,Advanced,2026-05-01,0,Medium
E01638,SK044,14.0,Advanced,2026-05-01,0,Medium
E01638,SK045,14.0,Advanced,2026-05-01,0,Medium
E01638,SK046,14.0,Advanced,2026-05-01,0,Medium
E01638,SK040,14.0,Advanced,2026-05-01,1,High
E01638,SK042,14.0,Advanced,2026-05-01,0,High
E01639,SK044,11.0,Advanced,2026-05-01,0,Medium
E01639,SK045,11.0,Advanced,2026-05-01,0,Medium
E01639,SK046,11.0,Advanced,2026-05-01,0,Medium
E01639,SK040,11.0,Advanced,2026-05-01,1,High
E01639,SK042,11.0,Advanced,2026-05-01,0,High
E01641,SK044,8.0,Advanced,2026-05-01,0,Medium
E01641,SK045,8.0,Advanced,2026-05-01,0,Medium
E01641,SK046,8.0,Advanced,2026-05-01,0,Medium
E01641,SK040,8.0,Advanced,2026-05-01,1,High
E01641,SK042,8.0,Advanced,2026-05-01,0,High
E01642,SK040,0.5,Beginner,2026-05-01,0,High
E01643,SK044,11.0,Advanced,2026-05-01,0,Medium
E01643,SK045,11.0,Advanced,2026-05-01,0,Medium
E01643,SK046,11.0,Advanced,2026-05-01,0,Medium
E01643,SK042,11.0,Advanced,2026-05-01,0,High
E01643,SK043,11.0,Advanced,2026-05-01,0,Medium
E01644,SK044,8.0,Advanced,2026-05-01,0,Medium
E01644,SK045,8.0,Advanced,2026-05-01,0,Medium
E01644,SK046,8.0,Advanced,2026-05-01,0,Medium
E01644,SK042,8.0,Advanced,2026-05-01,0,High
E01644,SK043,8.0,Advanced,2026-05-01,0,Medium
E01645,SK044,5.0,Intermediate,2026-05-01,0,Medium
E01645,SK045,5.0,Intermediate,2026-05-01,0,Medium
E01645,SK046,5.0,Intermediate,2026-05-01,0,Medium
E01645,SK052,5.0,Intermediate,2026-05-01,0,Medium
E01645,SK053,5.0,Intermediate,2026-05-01,0,Medium
E01646,SK044,8.0,Advanced,2026-05-01,0,Medium
E01646,SK045,8.0,Advanced,2026-05-01,0,Medium
E01646,SK046,8.0,Advanced,2026-05-01,0,Medium
E01646,SK040,8.0,Advanced,2026-05-01,1,High
E01646,SK042,8.0,Advanced,2026-05-01,0,High
E01647,SK044,12.0,Advanced,2026-05-01,0,Medium
E01647,SK045,12.0,Advanced,2026-05-01,0,Medium
E01647,SK046,12.0,Advanced,2026-05-01,0,Medium
E01647,SK042,12.0,Advanced,2026-05-01,0,High
E01647,SK043,12.0,Advanced,2026-05-01,0,Medium
E01648,SK044,6.0,Advanced,2026-05-01,0,Medium
E01648,SK045,6.0,Advanced,2026-05-01,0,Medium
E01648,SK046,6.0,Advanced,2026-05-01,0,Medium
E01649,SK044,4.0,Intermediate,2026-05-01,0,Medium
E01649,SK045,4.0,Intermediate,2026-05-01,0,Medium
E01649,SK046,4.0,Intermediate,2026-05-01,0,Medium
E01649,SK040,4.0,Intermediate,2026-05-01,1,High
E01649,SK052,4.0,Intermediate,2026-05-01,0,Medium
E01650,SK040,2.0,Beginner,2026-05-01,0,High
E01651,SK044,1.0,Beginner,2026-05-01,0,Medium
E01651,SK045,1.0,Beginner,2026-05-01,0,Medium
E01651,SK046,1.0,Beginner,2026-05-01,0,Medium
E01651,SK040,1.0,Beginner,2026-05-01,0,High
E01651,SK052,1.0,Beginner,2026-05-01,0,Medium
E01652,SK040,3.0,Intermediate,2026-05-01,1,High
E01653,SK040,5.0,Intermediate,2026-05-01,1,High
E01654,SK044,2.0,Beginner,2026-05-01,0,Medium
E01654,SK052,2.0,Beginner,2026-05-01,0,Medium
E01655,SK044,15.0,Advanced,2026-05-01,0,Medium
E01655,SK045,15.0,Advanced,2026-05-01,0,Medium
E01655,SK046,15.0,Advanced,2026-05-01,0,Medium
E01655,SK042,15.0,Advanced,2026-05-01,0,High
E01655,SK043,15.0,Advanced,2026-05-01,0,Medium
E01656,SK044,9.0,Advanced,2026-05-01,0,Medium
E01656,SK045,9.0,Advanced,2026-05-01,0,Medium
E01656,SK046,9.0,Advanced,2026-05-01,0,Medium
E01656,SK042,9.0,Advanced,2026-05-01,0,High
E01656,SK043,9.0,Advanced,2026-05-01,0,Medium
E01657,SK044,0.5,Beginner,2026-05-01,0,Medium
E01657,SK045,0.5,Beginner,2026-05-01,0,Medium
E01657,SK046,0.5,Beginner,2026-05-01,0,Medium
E01657,SK039,0.5,Beginner,2026-05-01,0,High
E01657,SK049,0.5,Beginner,2026-05-01,0,High
E01658,SK040,0.5,Beginner,2026-05-01,0,High
E01659,SK040,3.0,Intermediate,2026-05-01,1,High
E01660,SK044,4.0,Intermediate,2026-05-01,0,Medium
E01660,SK045,4.0,Intermediate,2026-05-01,0,Medium
E01660,SK046,4.0,Intermediate,2026-05-01,0,Medium
E01660,SK039,4.0,Intermediate,2026-05-01,1,High
E01660,SK049,4.0,Intermediate,2026-05-01,0,High
E01661,SK040,3.0,Intermediate,2026-05-01,1,High
E01662,SK044,11.0,Advanced,2026-05-01,0,Medium
E01662,SK045,11.0,Advanced,2026-05-01,0,Medium
E01662,SK046,11.0,Advanced,2026-05-01,0,Medium
E01662,SK040,11.0,Advanced,2026-05-01,1,High
E01662,SK042,11.0,Advanced,2026-05-01,0,High
E01663,SK040,4.0,Intermediate,2026-05-01,1,High
E01665,SK040,5.0,Intermediate,2026-05-01,1,High
E01666,SK044,10.0,Advanced,2026-05-01,0,Medium
E01666,SK045,10.0,Advanced,2026-05-01,0,Medium
E01666,SK046,10.0,Advanced,2026-05-01,0,Medium
E01666,SK042,10.0,Advanced,2026-05-01,0,High
E01666,SK043,10.0,Advanced,2026-05-01,0,Medium
E01667,SK044,11.0,Advanced,2026-05-01,0,Medium
E01667,SK045,11.0,Advanced,2026-05-01,0,Medium
E01667,SK046,11.0,Advanced,2026-05-01,0,Medium
E01667,SK042,11.0,Advanced,2026-05-01,0,High
E01667,SK043,11.0,Advanced,2026-05-01,0,Medium
E01668,SK040,1.0,Beginner,2026-05-01,0,High
E01669,SK047,3.0,Intermediate,2026-05-01,0,Medium
E01669,SK048,3.0,Intermediate,2026-05-01,0,Medium
E01670,SK044,14.0,Advanced,2026-05-01,0,Medium
E01670,SK045,14.0,Advanced,2026-05-01,0,Medium
E01670,SK046,14.0,Advanced,2026-05-01,0,Medium
E01670,SK039,14.0,Advanced,2026-05-01,1,High
E01670,SK049,14.0,Advanced,2026-05-01,0,High
E01671,SK044,6.0,Advanced,2026-05-01,0,Medium
E01671,SK045,6.0,Advanced,2026-05-01,0,Medium
E01671,SK046,6.0,Advanced,2026-05-01,0,Medium
E01671,SK052,6.0,Advanced,2026-05-01,0,Medium
E01671,SK053,6.0,Advanced,2026-05-01,0,Medium
E01672,SK044,8.0,Advanced,2026-05-01,0,Medium
E01672,SK045,8.0,Advanced,2026-05-01,0,Medium
E01672,SK046,8.0,Advanced,2026-05-01,0,Medium
E01672,SK042,8.0,Advanced,2026-05-01,0,High
E01672,SK043,8.0,Advanced,2026-05-01,0,Medium
E01673,SK044,8.0,Advanced,2026-05-01,0,Medium
E01673,SK045,8.0,Advanced,2026-05-01,0,Medium
E01673,SK046,8.0,Advanced,2026-05-01,0,Medium
E01673,SK042,8.0,Advanced,2026-05-01,0,High
E01673,SK043,8.0,Advanced,2026-05-01,0,Medium
E01674,SK044,2.0,Beginner,2026-05-01,0,Medium
E01674,SK045,2.0,Beginner,2026-05-01,0,Medium
E01674,SK046,2.0,Beginner,2026-05-01,0,Medium
E01674,SK039,2.0,Beginner,2026-05-01,0,High
E01674,SK049,2.0,Beginner,2026-05-01,0,High
E01675,SK044,9.0,Advanced,2026-05-01,0,Medium
E01675,SK045,9.0,Advanced,2026-05-01,0,Medium
E01675,SK046,9.0,Advanced,2026-05-01,0,Medium
E01675,SK040,9.0,Advanced,2026-05-01,1,High
E01675,SK042,9.0,Advanced,2026-05-01,0,High
E01676,SK040,2.0,Beginner,2026-05-01,0,High
E01677,SK044,3.0,Intermediate,2026-05-01,0,Medium
E01677,SK045,3.0,Intermediate,2026-05-01,0,Medium
E01677,SK046,3.0,Intermediate,2026-05-01,0,Medium
E01677,SK039,3.0,Intermediate,2026-05-01,1,High
E01677,SK049,3.0,Intermediate,2026-05-01,0,High
E01678,SK044,11.0,Advanced,2026-05-01,0,Medium
E01678,SK045,11.0,Advanced,2026-05-01,0,Medium
E01678,SK046,11.0,Advanced,2026-05-01,0,Medium
E01678,SK042,11.0,Advanced,2026-05-01,0,High
E01678,SK043,11.0,Advanced,2026-05-01,0,Medium
E01679,SK040,0.5,Beginner,2026-05-01,0,High
E01680,SK044,10.0,Advanced,2026-05-01,0,Medium
E01680,SK045,10.0,Advanced,2026-05-01,0,Medium
E01680,SK046,10.0,Advanced,2026-05-01,0,Medium
E01680,SK042,10.0,Advanced,2026-05-01,0,High
E01680,SK043,10.0,Advanced,2026-05-01,0,Medium
E01681,SK040,1.0,Beginner,2026-05-01,0,High
E01682,SK044,1.0,Beginner,2026-05-01,0,Medium
E01682,SK045,1.0,Beginner,2026-05-01,0,Medium
E01682,SK046,1.0,Beginner,2026-05-01,0,Medium
E01682,SK040,1.0,Beginner,2026-05-01,0,High
E01682,SK052,1.0,Beginner,2026-05-01,0,Medium
E01683,SK044,15.0,Advanced,2026-05-01,0,Medium
E01683,SK045,15.0,Advanced,2026-05-01,0,Medium
E01683,SK046,15.0,Advanced,2026-05-01,0,Medium
E01683,SK040,15.0,Advanced,2026-05-01,1,High
E01683,SK042,15.0,Advanced,2026-05-01,0,High
E01684,SK040,6.0,Advanced,2026-05-01,1,High
E01685,SK044,10.0,Advanced,2026-05-01,0,Medium
E01685,SK045,10.0,Advanced,2026-05-01,0,Medium
E01685,SK046,10.0,Advanced,2026-05-01,0,Medium
E01685,SK040,10.0,Advanced,2026-05-01,1,High
E01685,SK042,10.0,Advanced,2026-05-01,0,High
E01686,SK044,2.0,Beginner,2026-05-01,0,Medium
E01686,SK052,2.0,Beginner,2026-05-01,0,Medium
E01688,SK047,5.0,Intermediate,2026-05-01,0,Medium
E01688,SK048,5.0,Intermediate,2026-05-01,0,Medium
E01689,SK044,8.0,Advanced,2026-05-01,0,Medium
E01689,SK045,8.0,Advanced,2026-05-01,0,Medium
E01689,SK046,8.0,Advanced,2026-05-01,0,Medium
E01689,SK042,8.0,Advanced,2026-05-01,0,High
E01689,SK043,8.0,Advanced,2026-05-01,0,Medium
E01690,SK040,4.0,Intermediate,2026-05-01,1,High
E01691,SK044,6.0,Advanced,2026-05-01,0,Medium
E01691,SK045,6.0,Advanced,2026-05-01,0,Medium
E01691,SK046,6.0,Advanced,2026-05-01,0,Medium
E01691,SK040,6.0,Advanced,2026-05-01,1,High
E01691,SK042,6.0,Advanced,2026-05-01,0,High
E01692,SK044,7.0,Advanced,2026-05-01,0,Medium
E01692,SK045,7.0,Advanced,2026-05-01,0,Medium
E01692,SK046,7.0,Advanced,2026-05-01,0,Medium
E01692,SK040,7.0,Advanced,2026-05-01,1,High
E01692,SK042,7.0,Advanced,2026-05-01,0,High
E01694,SK044,15.0,Advanced,2026-05-01,0,Medium
E01694,SK045,15.0,Advanced,2026-05-01,0,Medium
E01694,SK046,15.0,Advanced,2026-05-01,0,Medium
E01694,SK040,15.0,Advanced,2026-05-01,1,High
E01694,SK042,15.0,Advanced,2026-05-01,0,High
E01695,SK044,9.0,Advanced,2026-05-01,0,Medium
E01695,SK045,9.0,Advanced,2026-05-01,0,Medium
E01695,SK046,9.0,Advanced,2026-05-01,0,Medium
E01695,SK042,9.0,Advanced,2026-05-01,0,High
E01695,SK043,9.0,Advanced,2026-05-01,0,Medium
E01697,SK044,12.0,Advanced,2026-05-01,0,Medium
E01697,SK045,12.0,Advanced,2026-05-01,0,Medium
E01697,SK046,12.0,Advanced,2026-05-01,0,Medium
E01697,SK040,12.0,Advanced,2026-05-01,1,High
E01697,SK042,12.0,Advanced,2026-05-01,0,High
E01700,SK044,12.0,Advanced,2026-05-01,0,Medium
E01700,SK045,12.0,Advanced,2026-05-01,0,Medium
E01700,SK046,12.0,Advanced,2026-05-01,0,Medium
E01700,SK040,12.0,Advanced,2026-05-01,1,High
E01700,SK042,12.0,Advanced,2026-05-01,0,High
E01701,SK040,5.0,Intermediate,2026-05-01,1,High
E01703,SK040,5.0,Intermediate,2026-05-01,1,High
E01704,SK044,14.0,Advanced,2026-05-01,0,Medium
E01704,SK045,14.0,Advanced,2026-05-01,0,Medium
E01704,SK046,14.0,Advanced,2026-05-01,0,Medium
E01704,SK040,14.0,Advanced,2026-05-01,1,High
E01704,SK042,14.0,Advanced,2026-05-01,0,High
E01705,SK044,4.0,Intermediate,2026-05-01,0,Medium
E01705,SK045,4.0,Intermediate,2026-05-01,0,Medium
E01705,SK046,4.0,Intermediate,2026-05-01,0,Medium
E01705,SK039,4.0,Intermediate,2026-05-01,1,High
E01705,SK049,4.0,Intermediate,2026-05-01,0,High
E01706,SK044,5.0,Intermediate,2026-05-01,0,Medium
E01706,SK052,5.0,Intermediate,2026-05-01,0,Medium
E01707,SK044,6.0,Advanced,2026-05-01,0,Medium
E01707,SK045,6.0,Advanced,2026-05-01,0,Medium
E01707,SK046,6.0,Advanced,2026-05-01,0,Medium
E01707,SK039,6.0,Advanced,2026-05-01,1,High
E01707,SK049,6.0,Advanced,2026-05-01,0,High
E01708,SK040,0.5,Beginner,2026-05-01,0,High
E01709,SK044,2.0,Beginner,2026-05-01,0,Medium
E01709,SK045,2.0,Beginner,2026-05-01,0,Medium
E01709,SK046,2.0,Beginner,2026-05-01,0,Medium
E01710,SK044,7.0,Advanced,2026-05-01,0,Medium
E01710,SK045,7.0,Advanced,2026-05-01,0,Medium
E01710,SK046,7.0,Advanced,2026-05-01,0,Medium
E01710,SK042,7.0,Advanced,2026-05-01,0,High
E01710,SK043,7.0,Advanced,2026-05-01,0,Medium
E01711,SK044,7.0,Advanced,2026-05-01,0,Medium
E01711,SK045,7.0,Advanced,2026-05-01,0,Medium
E01711,SK046,7.0,Advanced,2026-05-01,0,Medium
E01711,SK040,7.0,Advanced,2026-05-01,1,High
E01711,SK042,7.0,Advanced,2026-05-01,0,High
E01712,SK044,9.0,Advanced,2026-05-01,0,Medium
E01712,SK045,9.0,Advanced,2026-05-01,0,Medium
E01712,SK046,9.0,Advanced,2026-05-01,0,Medium
E01712,SK040,9.0,Advanced,2026-05-01,1,High
E01712,SK042,9.0,Advanced,2026-05-01,0,High
E01713,SK044,11.0,Advanced,2026-05-01,0,Medium
E01713,SK045,11.0,Advanced,2026-05-01,0,Medium
E01713,SK046,11.0,Advanced,2026-05-01,0,Medium
E01713,SK040,11.0,Advanced,2026-05-01,1,High
E01713,SK042,11.0,Advanced,2026-05-01,0,High
E01714,SK044,6.0,Advanced,2026-05-01,0,Medium
E01714,SK045,6.0,Advanced,2026-05-01,0,Medium
E01714,SK046,6.0,Advanced,2026-05-01,0,Medium
E01714,SK040,6.0,Advanced,2026-05-01,1,High
E01714,SK052,6.0,Advanced,2026-05-01,0,Medium
E01715,SK044,4.0,Intermediate,2026-05-01,0,Medium
E01715,SK045,4.0,Intermediate,2026-05-01,0,Medium
E01715,SK046,4.0,Intermediate,2026-05-01,0,Medium
E01715,SK052,4.0,Intermediate,2026-05-01,0,Medium
E01715,SK053,4.0,Intermediate,2026-05-01,0,Medium
E01716,SK044,3.0,Intermediate,2026-05-01,0,Medium
E01716,SK045,3.0,Intermediate,2026-05-01,0,Medium
E01716,SK046,3.0,Intermediate,2026-05-01,0,Medium
E01716,SK052,3.0,Intermediate,2026-05-01,0,Medium
E01716,SK053,3.0,Intermediate,2026-05-01,0,Medium
E01717,SK044,12.0,Advanced,2026-05-01,0,Medium
E01717,SK045,12.0,Advanced,2026-05-01,0,Medium
E01717,SK046,12.0,Advanced,2026-05-01,0,Medium
E01717,SK042,12.0,Advanced,2026-05-01,0,High
E01717,SK043,12.0,Advanced,2026-05-01,0,Medium
E01718,SK044,6.0,Advanced,2026-05-01,0,Medium
E01718,SK045,6.0,Advanced,2026-05-01,0,Medium
E01718,SK046,6.0,Advanced,2026-05-01,0,Medium
E01718,SK039,6.0,Advanced,2026-05-01,1,High
E01718,SK049,6.0,Advanced,2026-05-01,0,High
E01719,SK044,3.0,Intermediate,2026-05-01,0,Medium
E01719,SK045,3.0,Intermediate,2026-05-01,0,Medium
E01719,SK046,3.0,Intermediate,2026-05-01,0,Medium
E01719,SK040,3.0,Intermediate,2026-05-01,1,High
E01719,SK047,3.0,Intermediate,2026-05-01,0,Medium
E01720,SK044,3.0,Intermediate,2026-05-01,0,Medium
E01720,SK045,3.0,Intermediate,2026-05-01,0,Medium
E01720,SK046,3.0,Intermediate,2026-05-01,0,Medium
E01722,SK040,1.0,Beginner,2026-05-01,0,High
E01724,SK040,3.0,Intermediate,2026-05-01,1,High
E01725,SK040,3.0,Intermediate,2026-05-01,1,High
E01726,SK044,6.0,Advanced,2026-05-01,0,Medium
E01726,SK045,6.0,Advanced,2026-05-01,0,Medium
E01726,SK046,6.0,Advanced,2026-05-01,0,Medium
E01726,SK039,6.0,Advanced,2026-05-01,1,High
E01726,SK049,6.0,Advanced,2026-05-01,0,High
E01727,SK044,7.0,Advanced,2026-05-01,0,Medium
E01727,SK045,7.0,Advanced,2026-05-01,0,Medium
E01727,SK046,7.0,Advanced,2026-05-01,0,Medium
E01727,SK040,7.0,Advanced,2026-05-01,1,High
E01727,SK052,7.0,Advanced,2026-05-01,0,Medium
E01728,SK040,0.5,Beginner,2026-05-01,0,High
E01729,SK040,3.0,Intermediate,2026-05-01,1,High
E01731,SK044,5.0,Intermediate,2026-05-01,0,Medium
E01731,SK045,5.0,Intermediate,2026-05-01,0,Medium
E01731,SK046,5.0,Intermediate,2026-05-01,0,Medium
E01731,SK039,5.0,Intermediate,2026-05-01,1,High
E01731,SK049,5.0,Intermediate,2026-05-01,0,High
E01732,SK040,6.0,Advanced,2026-05-01,1,High
E01733,SK040,3.0,Intermediate,2026-05-01,1,High
E01735,SK044,9.0,Advanced,2026-05-01,0,Medium
E01735,SK045,9.0,Advanced,2026-05-01,0,Medium
E01735,SK046,9.0,Advanced,2026-05-01,0,Medium
E01735,SK042,9.0,Advanced,2026-05-01,0,High
E01735,SK043,9.0,Advanced,2026-05-01,0,Medium
E01736,SK040,7.0,Advanced,2026-05-01,1,High
E01737,SK044,3.0,Intermediate,2026-05-01,0,Medium
E01737,SK045,3.0,Intermediate,2026-05-01,0,Medium
E01737,SK046,3.0,Intermediate,2026-05-01,0,Medium
E01737,SK047,3.0,Intermediate,2026-05-01,0,Medium
E01737,SK048,3.0,Intermediate,2026-05-01,0,Medium
E01739,SK044,2.0,Beginner,2026-05-01,0,Medium
E01739,SK045,2.0,Beginner,2026-05-01,0,Medium
E01739,SK046,2.0,Beginner,2026-05-01,0,Medium
E01739,SK040,2.0,Beginner,2026-05-01,0,High
E01739,SK052,2.0,Beginner,2026-05-01,0,Medium
E01740,SK044,10.0,Advanced,2026-05-01,0,Medium
E01740,SK045,10.0,Advanced,2026-05-01,0,Medium
E01740,SK046,10.0,Advanced,2026-05-01,0,Medium
E01740,SK042,10.0,Advanced,2026-05-01,0,High
E01740,SK043,10.0,Advanced,2026-05-01,0,Medium
E01741,SK044,6.0,Advanced,2026-05-01,0,Medium
E01741,SK045,6.0,Advanced,2026-05-01,0,Medium
E01741,SK046,6.0,Advanced,2026-05-01,0,Medium
E01741,SK040,6.0,Advanced,2026-05-01,1,High
E01741,SK042,6.0,Advanced,2026-05-01,0,High
E01743,SK044,9.0,Advanced,2026-05-01,0,Medium
E01743,SK045,9.0,Advanced,2026-05-01,0,Medium
E01743,SK046,9.0,Advanced,2026-05-01,0,Medium
E01743,SK042,9.0,Advanced,2026-05-01,0,High
E01743,SK043,9.0,Advanced,2026-05-01,0,Medium
E01744,SK040,2.0,Beginner,2026-05-01,0,High
E01745,SK044,12.0,Advanced,2026-05-01,0,Medium
E01745,SK045,12.0,Advanced,2026-05-01,0,Medium
E01745,SK046,12.0,Advanced,2026-05-01,0,Medium
E01745,SK040,12.0,Advanced,2026-05-01,1,High
E01745,SK042,12.0,Advanced,2026-05-01,0,High
E01746,SK044,6.0,Advanced,2026-05-01,0,Medium
E01746,SK045,6.0,Advanced,2026-05-01,0,Medium
E01746,SK046,6.0,Advanced,2026-05-01,0,Medium
E01746,SK040,6.0,Advanced,2026-05-01,1,High
E01746,SK042,6.0,Advanced,2026-05-01,0,High
E01747,SK044,12.0,Advanced,2026-05-01,0,Medium
E01747,SK045,12.0,Advanced,2026-05-01,0,Medium
E01747,SK046,12.0,Advanced,2026-05-01,0,Medium
E01747,SK042,12.0,Advanced,2026-05-01,0,High
E01747,SK043,12.0,Advanced,2026-05-01,0,Medium
E01748,SK044,15.0,Advanced,2026-05-01,0,Medium
E01748,SK045,15.0,Advanced,2026-05-01,0,Medium
E01748,SK046,15.0,Advanced,2026-05-01,0,Medium
E01748,SK042,15.0,Advanced,2026-05-01,0,High
E01748,SK043,15.0,Advanced,2026-05-01,0,Medium
E01749,SK040,4.0,Intermediate,2026-05-01,1,High
E01750,SK044,11.0,Advanced,2026-05-01,0,Medium
E01750,SK045,11.0,Advanced,2026-05-01,0,Medium
E01750,SK046,11.0,Advanced,2026-05-01,0,Medium
E01750,SK042,11.0,Advanced,2026-05-01,0,High
E01750,SK043,11.0,Advanced,2026-05-01,0,Medium
E01751,SK047,7.0,Advanced,2026-05-01,0,Medium
E01751,SK048,7.0,Advanced,2026-05-01,0,Medium
E01753,SK044,7.0,Advanced,2026-05-01,0,Medium
E01753,SK045,7.0,Advanced,2026-05-01,0,Medium
E01753,SK046,7.0,Advanced,2026-05-01,0,Medium
E01753,SK042,7.0,Advanced,2026-05-01,0,High
E01753,SK043,7.0,Advanced,2026-05-01,0,Medium
E01754,SK044,7.0,Advanced,2026-05-01,0,Medium
E01754,SK045,7.0,Advanced,2026-05-01,0,Medium
E01754,SK046,7.0,Advanced,2026-05-01,0,Medium
E01754,SK039,7.0,Advanced,2026-05-01,1,High
E01754,SK049,7.0,Advanced,2026-05-01,0,High
E01756,SK044,5.0,Intermediate,2026-05-01,0,Medium
E01756,SK045,5.0,Intermediate,2026-05-01,0,Medium
E01756,SK046,5.0,Intermediate,2026-05-01,0,Medium
E01756,SK039,5.0,Intermediate,2026-05-01,1,High
E01756,SK049,5.0,Intermediate,2026-05-01,0,High
E01757,SK044,5.0,Intermediate,2026-05-01,0,Medium
E01757,SK045,5.0,Intermediate,2026-05-01,0,Medium
E01757,SK046,5.0,Intermediate,2026-05-01,0,Medium
E01757,SK039,5.0,Intermediate,2026-05-01,1,High
E01757,SK049,5.0,Intermediate,2026-05-01,0,High
E01758,SK044,11.0,Advanced,2026-05-01,0,Medium
E01758,SK045,11.0,Advanced,2026-05-01,0,Medium
E01758,SK046,11.0,Advanced,2026-05-01,0,Medium
E01758,SK040,11.0,Advanced,2026-05-01,1,High
E01758,SK042,11.0,Advanced,2026-05-01,0,High
E01760,SK044,6.0,Advanced,2026-05-01,0,Medium
E01760,SK045,6.0,Advanced,2026-05-01,0,Medium
E01760,SK046,6.0,Advanced,2026-05-01,0,Medium
E01761,SK044,4.0,Intermediate,2026-05-01,0,Medium
E01761,SK045,4.0,Intermediate,2026-05-01,0,Medium
E01761,SK046,4.0,Intermediate,2026-05-01,0,Medium
E01762,SK044,11.0,Advanced,2026-05-01,0,Medium
E01762,SK045,11.0,Advanced,2026-05-01,0,Medium
E01762,SK046,11.0,Advanced,2026-05-01,0,Medium
E01762,SK042,11.0,Advanced,2026-05-01,0,High
E01762,SK043,11.0,Advanced,2026-05-01,0,Medium
E01763,SK044,15.0,Advanced,2026-05-01,0,Medium
E01763,SK045,15.0,Advanced,2026-05-01,0,Medium
E01763,SK046,15.0,Advanced,2026-05-01,0,Medium
E01763,SK042,15.0,Advanced,2026-05-01,0,High
E01763,SK043,15.0,Advanced,2026-05-01,0,Medium
E01764,SK044,7.0,Advanced,2026-05-01,0,Medium
E01764,SK045,7.0,Advanced,2026-05-01,0,Medium
E01764,SK046,7.0,Advanced,2026-05-01,0,Medium
E01764,SK040,7.0,Advanced,2026-05-01,1,High
E01764,SK042,7.0,Advanced,2026-05-01,0,High
E01766,SK040,3.0,Intermediate,2026-05-01,1,High
E01767,SK044,10.0,Advanced,2026-05-01,0,Medium
E01767,SK045,10.0,Advanced,2026-05-01,0,Medium
E01767,SK046,10.0,Advanced,2026-05-01,0,Medium
E01767,SK040,10.0,Advanced,2026-05-01,1,High
E01767,SK042,10.0,Advanced,2026-05-01,0,High
E01768,SK044,13.0,Advanced,2026-05-01,0,Medium
E01768,SK045,13.0,Advanced,2026-05-01,0,Medium
E01768,SK046,13.0,Advanced,2026-05-01,0,Medium
E01768,SK042,13.0,Advanced,2026-05-01,0,High
E01768,SK043,13.0,Advanced,2026-05-01,0,Medium
E01769,SK044,7.0,Advanced,2026-05-01,0,Medium
E01769,SK045,7.0,Advanced,2026-05-01,0,Medium
E01769,SK046,7.0,Advanced,2026-05-01,0,Medium
E01769,SK040,7.0,Advanced,2026-05-01,1,High
E01769,SK042,7.0,Advanced,2026-05-01,0,High
E01770,SK044,11.0,Advanced,2026-05-01,0,Medium
E01770,SK045,11.0,Advanced,2026-05-01,0,Medium
E01770,SK046,11.0,Advanced,2026-05-01,0,Medium
E01770,SK040,11.0,Advanced,2026-05-01,1,High
E01770,SK042,11.0,Advanced,2026-05-01,0,High
E01771,SK044,15.0,Advanced,2026-05-01,0,Medium
E01771,SK045,15.0,Advanced,2026-05-01,0,Medium
E01771,SK046,15.0,Advanced,2026-05-01,0,Medium
E01771,SK040,15.0,Advanced,2026-05-01,1,High
E01771,SK042,15.0,Advanced,2026-05-01,0,High
E01772,SK044,3.0,Intermediate,2026-05-01,0,Medium
E01772,SK045,3.0,Intermediate,2026-05-01,0,Medium
E01772,SK046,3.0,Intermediate,2026-05-01,0,Medium
E01772,SK039,3.0,Intermediate,2026-05-01,1,High
E01772,SK049,3.0,Intermediate,2026-05-01,0,High
E01773,SK044,15.0,Advanced,2026-05-01,0,Medium
E01773,SK045,15.0,Advanced,2026-05-01,0,Medium
E01773,SK046,15.0,Advanced,2026-05-01,0,Medium
E01773,SK042,15.0,Advanced,2026-05-01,0,High
E01773,SK043,15.0,Advanced,2026-05-01,0,Medium
E01774,SK040,4.0,Intermediate,2026-05-01,1,High
E01776,SK040,7.0,Advanced,2026-05-01,1,High
E01777,SK044,8.0,Advanced,2026-05-01,0,Medium
E01777,SK045,8.0,Advanced,2026-05-01,0,Medium
E01777,SK046,8.0,Advanced,2026-05-01,0,Medium
E01777,SK042,8.0,Advanced,2026-05-01,0,High
E01777,SK043,8.0,Advanced,2026-05-01,0,Medium
E01778,SK044,10.0,Advanced,2026-05-01,0,Medium
E01778,SK045,10.0,Advanced,2026-05-01,0,Medium
E01778,SK046,10.0,Advanced,2026-05-01,0,Medium
E01778,SK040,10.0,Advanced,2026-05-01,1,High
E01778,SK042,10.0,Advanced,2026-05-01,0,High
E01780,SK044,10.0,Advanced,2026-05-01,0,Medium
E01780,SK045,10.0,Advanced,2026-05-01,0,Medium
E01780,SK046,10.0,Advanced,2026-05-01,0,Medium
E01780,SK042,10.0,Advanced,2026-05-01,0,High
E01780,SK043,10.0,Advanced,2026-05-01,0,Medium
E01782,SK044,14.0,Advanced,2026-05-01,0,Medium
E01782,SK045,14.0,Advanced,2026-05-01,0,Medium
E01782,SK046,14.0,Advanced,2026-05-01,0,Medium
E01782,SK042,14.0,Advanced,2026-05-01,0,High
E01782,SK043,14.0,Advanced,2026-05-01,0,Medium
E01783,SK040,3.0,Intermediate,2026-05-01,1,High
E01784,SK040,2.0,Beginner,2026-05-01,0,High
E01786,SK044,9.0,Advanced,2026-05-01,0,Medium
E01786,SK045,9.0,Advanced,2026-05-01,0,Medium
E01786,SK046,9.0,Advanced,2026-05-01,0,Medium
E01786,SK040,9.0,Advanced,2026-05-01,1,High
E01786,SK042,9.0,Advanced,2026-05-01,0,High
E01787,SK044,4.0,Intermediate,2026-05-01,0,Medium
E01787,SK045,4.0,Intermediate,2026-05-01,0,Medium
E01787,SK046,4.0,Intermediate,2026-05-01,0,Medium
E01787,SK040,4.0,Intermediate,2026-05-01,1,High
E01787,SK052,4.0,Intermediate,2026-05-01,0,Medium
E01788,SK040,1.0,Beginner,2026-05-01,0,High
E01789,SK044,1.0,Beginner,2026-05-01,0,Medium
E01789,SK045,1.0,Beginner,2026-05-01,0,Medium
E01789,SK046,1.0,Beginner,2026-05-01,0,Medium
E01789,SK039,1.0,Beginner,2026-05-01,0,High
E01789,SK049,1.0,Beginner,2026-05-01,0,High
E01791,SK044,9.0,Advanced,2026-05-01,0,Medium
E01791,SK045,9.0,Advanced,2026-05-01,0,Medium
E01791,SK046,9.0,Advanced,2026-05-01,0,Medium
E01791,SK040,9.0,Advanced,2026-05-01,1,High
E01791,SK042,9.0,Advanced,2026-05-01,0,High
E01792,SK040,7.0,Advanced,2026-05-01,1,High
E01793,SK044,6.0,Advanced,2026-05-01,0,Medium
E01793,SK045,6.0,Advanced,2026-05-01,0,Medium
E01793,SK046,6.0,Advanced,2026-05-01,0,Medium
E01793,SK040,6.0,Advanced,2026-05-01,1,High
E01793,SK042,6.0,Advanced,2026-05-01,0,High
E01794,SK044,3.0,Intermediate,2026-05-01,0,Medium
E01794,SK045,3.0,Intermediate,2026-05-01,0,Medium
E01794,SK046,3.0,Intermediate,2026-05-01,0,Medium
E01794,SK039,3.0,Intermediate,2026-05-01,1,High
E01794,SK049,3.0,Intermediate,2026-05-01,0,High
E01795,SK044,8.0,Advanced,2026-05-01,0,Medium
E01795,SK045,8.0,Advanced,2026-05-01,0,Medium
E01795,SK046,8.0,Advanced,2026-05-01,0,Medium
E01795,SK040,8.0,Advanced,2026-05-01,1,High
E01795,SK042,8.0,Advanced,2026-05-01,0,High
E01796,SK044,8.0,Advanced,2026-05-01,0,Medium
E01796,SK045,8.0,Advanced,2026-05-01,0,Medium
E01796,SK046,8.0,Advanced,2026-05-01,0,Medium
E01796,SK042,8.0,Advanced,2026-05-01,0,High
E01796,SK043,8.0,Advanced,2026-05-01,0,Medium
E01797,SK047,0.5,Beginner,2026-05-01,0,Medium
E01797,SK048,0.5,Beginner,2026-05-01,0,Medium
E01800,SK040,6.0,Advanced,2026-05-01,1,High
E01801,SK040,0.5,Beginner,2026-05-01,0,High
E01802,SK044,2.0,Beginner,2026-05-01,0,Medium
E01802,SK052,2.0,Beginner,2026-05-01,0,Medium
E01803,SK044,9.0,Advanced,2026-05-01,0,Medium
E01803,SK045,9.0,Advanced,2026-05-01,0,Medium
E01803,SK046,9.0,Advanced,2026-05-01,0,Medium
E01803,SK042,9.0,Advanced,2026-05-01,0,High
E01803,SK043,9.0,Advanced,2026-05-01,0,Medium
E01805,SK040,2.0,Beginner,2026-05-01,0,High
E01806,SK040,4.0,Intermediate,2026-05-01,1,High
E01807,SK040,2.0,Beginner,2026-05-01,0,High
E01808,SK040,6.0,Advanced,2026-05-01,1,High
E01810,SK040,6.0,Advanced,2026-05-01,1,High
E01811,SK044,6.0,Advanced,2026-05-01,0,Medium
E01811,SK045,6.0,Advanced,2026-05-01,0,Medium
E01811,SK046,6.0,Advanced,2026-05-01,0,Medium
E01811,SK039,6.0,Advanced,2026-05-01,1,High
E01811,SK049,6.0,Advanced,2026-05-01,0,High
E01813,SK040,5.0,Intermediate,2026-05-01,1,High
E01814,SK044,4.0,Intermediate,2026-05-01,0,Medium
E01814,SK052,4.0,Intermediate,2026-05-01,0,Medium
E01816,SK044,4.0,Intermediate,2026-05-01,0,Medium
E01816,SK045,4.0,Intermediate,2026-05-01,0,Medium
E01816,SK046,4.0,Intermediate,2026-05-01,0,Medium
E01816,SK039,4.0,Intermediate,2026-05-01,1,High
E01816,SK049,4.0,Intermediate,2026-05-01,0,High
E01819,SK044,6.0,Advanced,2026-05-01,0,Medium
E01819,SK045,6.0,Advanced,2026-05-01,0,Medium
E01819,SK046,6.0,Advanced,2026-05-01,0,Medium
E01819,SK040,6.0,Advanced,2026-05-01,1,High
E01819,SK042,6.0,Advanced,2026-05-01,0,High
E01820,SK040,7.0,Advanced,2026-05-01,1,High
E01822,SK044,7.0,Advanced,2026-05-01,0,Medium
E01822,SK045,7.0,Advanced,2026-05-01,0,Medium
E01822,SK046,7.0,Advanced,2026-05-01,0,Medium
E01822,SK039,7.0,Advanced,2026-05-01,1,High
E01822,SK049,7.0,Advanced,2026-05-01,0,High
E01826,SK040,3.0,Intermediate,2026-05-01,1,High
E01827,SK044,7.0,Advanced,2026-05-01,0,Medium
E01827,SK045,7.0,Advanced,2026-05-01,0,Medium
E01827,SK046,7.0,Advanced,2026-05-01,0,Medium
E01827,SK042,7.0,Advanced,2026-05-01,0,High
E01827,SK043,7.0,Advanced,2026-05-01,0,Medium
E01828,SK044,11.0,Advanced,2026-05-01,0,Medium
E01828,SK045,11.0,Advanced,2026-05-01,0,Medium
E01828,SK046,11.0,Advanced,2026-05-01,0,Medium
E01828,SK042,11.0,Advanced,2026-05-01,0,High
E01828,SK043,11.0,Advanced,2026-05-01,0,Medium
E01829,SK040,0.5,Beginner,2026-05-01,0,High
E01830,SK040,0.5,Beginner,2026-05-01,0,High
E01831,SK040,4.0,Intermediate,2026-05-01,1,High
E01832,SK044,0.5,Beginner,2026-05-01,0,Medium
E01832,SK045,0.5,Beginner,2026-05-01,0,Medium
E01832,SK046,0.5,Beginner,2026-05-01,0,Medium
E01833,SK044,12.0,Advanced,2026-05-01,0,Medium
E01833,SK045,12.0,Advanced,2026-05-01,0,Medium
E01833,SK046,12.0,Advanced,2026-05-01,0,Medium
E01833,SK039,12.0,Advanced,2026-05-01,1,High
E01833,SK049,12.0,Advanced,2026-05-01,0,High
E01834,SK040,3.0,Intermediate,2026-05-01,1,High
E01835,SK040,1.0,Beginner,2026-05-01,0,High
E01836,SK044,3.0,Intermediate,2026-05-01,0,Medium
E01836,SK052,3.0,Intermediate,2026-05-01,0,Medium
E01837,SK040,1.0,Beginner,2026-05-01,0,High
E01838,SK044,12.0,Advanced,2026-05-01,0,Medium
E01838,SK045,12.0,Advanced,2026-05-01,0,Medium
E01838,SK046,12.0,Advanced,2026-05-01,0,Medium
E01838,SK042,12.0,Advanced,2026-05-01,0,High
E01838,SK043,12.0,Advanced,2026-05-01,0,Medium
E01840,SK047,5.0,Intermediate,2026-05-01,0,Medium
E01840,SK048,5.0,Intermediate,2026-05-01,0,Medium
E01842,SK044,9.0,Advanced,2026-05-01,0,Medium
E01842,SK045,9.0,Advanced,2026-05-01,0,Medium
E01842,SK046,9.0,Advanced,2026-05-01,0,Medium
E01842,SK042,9.0,Advanced,2026-05-01,0,High
E01842,SK043,9.0,Advanced,2026-05-01,0,Medium
E01843,SK044,8.0,Advanced,2026-05-01,0,Medium
E01843,SK045,8.0,Advanced,2026-05-01,0,Medium
E01843,SK046,8.0,Advanced,2026-05-01,0,Medium
E01843,SK040,8.0,Advanced,2026-05-01,1,High
E01843,SK042,8.0,Advanced,2026-05-01,0,High
E01845,SK044,6.0,Advanced,2026-05-01,0,Medium
E01845,SK045,6.0,Advanced,2026-05-01,0,Medium
E01845,SK046,6.0,Advanced,2026-05-01,0,Medium
E01845,SK040,6.0,Advanced,2026-05-01,1,High
E01845,SK042,6.0,Advanced,2026-05-01,0,High
E01846,SK044,7.0,Advanced,2026-05-01,0,Medium
E01846,SK045,7.0,Advanced,2026-05-01,0,Medium
E01846,SK046,7.0,Advanced,2026-05-01,0,Medium
E01846,SK040,7.0,Advanced,2026-05-01,1,High
E01846,SK042,7.0,Advanced,2026-05-01,0,High
E01847,SK040,5.0,Intermediate,2026-05-01,1,High
E01849,SK044,6.0,Advanced,2026-05-01,0,Medium
E01849,SK045,6.0,Advanced,2026-05-01,0,Medium
E01849,SK046,6.0,Advanced,2026-05-01,0,Medium
E01849,SK040,6.0,Advanced,2026-05-01,1,High
E01849,SK042,6.0,Advanced,2026-05-01,0,High
E01850,SK044,3.0,Intermediate,2026-05-01,0,Medium
E01850,SK045,3.0,Intermediate,2026-05-01,0,Medium
E01850,SK046,3.0,Intermediate,2026-05-01,0,Medium
E01851,SK044,9.0,Advanced,2026-05-01,0,Medium
E01851,SK045,9.0,Advanced,2026-05-01,0,Medium
E01851,SK046,9.0,Advanced,2026-05-01,0,Medium
E01851,SK039,9.0,Advanced,2026-05-01,1,High
E01851,SK049,9.0,Advanced,2026-05-01,0,High
E01852,SK044,6.0,Advanced,2026-05-01,0,Medium
E01852,SK045,6.0,Advanced,2026-05-01,0,Medium
E01852,SK046,6.0,Advanced,2026-05-01,0,Medium
E01852,SK040,6.0,Advanced,2026-05-01,1,High
E01852,SK042,6.0,Advanced,2026-05-01,0,High
E01853,SK044,1.0,Beginner,2026-05-01,0,Medium
E01853,SK045,1.0,Beginner,2026-05-01,0,Medium
E01853,SK046,1.0,Beginner,2026-05-01,0,Medium
E01853,SK052,1.0,Beginner,2026-05-01,0,Medium
E01853,SK053,1.0,Beginner,2026-05-01,0,Medium
E01854,SK044,5.0,Intermediate,2026-05-01,0,Medium
E01854,SK045,5.0,Intermediate,2026-05-01,0,Medium
E01854,SK046,5.0,Intermediate,2026-05-01,0,Medium
E01854,SK047,5.0,Intermediate,2026-05-01,0,Medium
E01854,SK048,5.0,Intermediate,2026-05-01,0,Medium
E01855,SK044,6.0,Advanced,2026-05-01,0,Medium
E01855,SK045,6.0,Advanced,2026-05-01,0,Medium
E01855,SK046,6.0,Advanced,2026-05-01,0,Medium
E01855,SK042,6.0,Advanced,2026-05-01,0,High
E01855,SK043,6.0,Advanced,2026-05-01,0,Medium
E01856,SK044,6.0,Advanced,2026-05-01,0,Medium
E01856,SK045,6.0,Advanced,2026-05-01,0,Medium
E01856,SK046,6.0,Advanced,2026-05-01,0,Medium
E01856,SK040,6.0,Advanced,2026-05-01,1,High
E01856,SK042,6.0,Advanced,2026-05-01,0,High
E01858,SK040,2.0,Beginner,2026-05-01,0,High
E01859,SK044,6.0,Advanced,2026-05-01,0,Medium
E01859,SK045,6.0,Advanced,2026-05-01,0,Medium
E01859,SK046,6.0,Advanced,2026-05-01,0,Medium
E01859,SK047,6.0,Advanced,2026-05-01,0,Medium
E01859,SK048,6.0,Advanced,2026-05-01,0,Medium
E01860,SK044,14.0,Advanced,2026-05-01,0,Medium
E01860,SK045,14.0,Advanced,2026-05-01,0,Medium
E01860,SK046,14.0,Advanced,2026-05-01,0,Medium
E01860,SK040,14.0,Advanced,2026-05-01,1,High
E01860,SK042,14.0,Advanced,2026-05-01,0,High
E01861,SK044,5.0,Intermediate,2026-05-01,0,Medium
E01861,SK045,5.0,Intermediate,2026-05-01,0,Medium
E01861,SK046,5.0,Intermediate,2026-05-01,0,Medium
E01861,SK039,5.0,Intermediate,2026-05-01,1,High
E01861,SK049,5.0,Intermediate,2026-05-01,0,High
E01862,SK044,9.0,Advanced,2026-05-01,0,Medium
E01862,SK045,9.0,Advanced,2026-05-01,0,Medium
E01862,SK046,9.0,Advanced,2026-05-01,0,Medium
E01862,SK040,9.0,Advanced,2026-05-01,1,High
E01862,SK042,9.0,Advanced,2026-05-01,0,High
E01863,SK044,12.0,Advanced,2026-05-01,0,Medium
E01863,SK045,12.0,Advanced,2026-05-01,0,Medium
E01863,SK046,12.0,Advanced,2026-05-01,0,Medium
E01863,SK042,12.0,Advanced,2026-05-01,0,High
E01863,SK043,12.0,Advanced,2026-05-01,0,Medium
E01864,SK044,15.0,Advanced,2026-05-01,0,Medium
E01864,SK045,15.0,Advanced,2026-05-01,0,Medium
E01864,SK046,15.0,Advanced,2026-05-01,0,Medium
E01864,SK040,15.0,Advanced,2026-05-01,1,High
E01864,SK042,15.0,Advanced,2026-05-01,0,High
E01865,SK040,7.0,Advanced,2026-05-01,1,High
E01867,SK040,5.0,Intermediate,2026-05-01,1,High
E01868,SK040,3.0,Intermediate,2026-05-01,1,High
E01869,SK040,1.0,Beginner,2026-05-01,0,High
E01870,SK040,7.0,Advanced,2026-05-01,1,High
E01871,SK044,13.0,Advanced,2026-05-01,0,Medium
E01871,SK045,13.0,Advanced,2026-05-01,0,Medium
E01871,SK046,13.0,Advanced,2026-05-01,0,Medium
E01871,SK040,13.0,Advanced,2026-05-01,1,High
E01871,SK042,13.0,Advanced,2026-05-01,0,High
E01872,SK044,12.0,Advanced,2026-05-01,0,Medium
E01872,SK045,12.0,Advanced,2026-05-01,0,Medium
E01872,SK046,12.0,Advanced,2026-05-01,0,Medium
E01872,SK042,12.0,Advanced,2026-05-01,0,High
E01872,SK043,12.0,Advanced,2026-05-01,0,Medium
E01873,SK044,12.0,Advanced,2026-05-01,0,Medium
E01873,SK045,12.0,Advanced,2026-05-01,0,Medium
E01873,SK046,12.0,Advanced,2026-05-01,0,Medium
E01873,SK040,12.0,Advanced,2026-05-01,1,High
E01873,SK042,12.0,Advanced,2026-05-01,0,High
E01874,SK044,12.0,Advanced,2026-05-01,0,Medium
E01874,SK045,12.0,Advanced,2026-05-01,0,Medium
E01874,SK046,12.0,Advanced,2026-05-01,0,Medium
E01874,SK039,12.0,Advanced,2026-05-01,1,High
E01874,SK049,12.0,Advanced,2026-05-01,0,High
E01876,SK040,7.0,Advanced,2026-05-01,1,High
E01877,SK044,12.0,Advanced,2026-05-01,0,Medium
E01877,SK045,12.0,Advanced,2026-05-01,0,Medium
E01877,SK046,12.0,Advanced,2026-05-01,0,Medium
E01877,SK040,12.0,Advanced,2026-05-01,1,High
E01877,SK042,12.0,Advanced,2026-05-01,0,High
E01878,SK044,3.0,Intermediate,2026-05-01,0,Medium
E01878,SK052,3.0,Intermediate,2026-05-01,0,Medium
E01879,SK040,3.0,Intermediate,2026-05-01,1,High
E01880,SK044,10.0,Advanced,2026-05-01,0,Medium
E01880,SK045,10.0,Advanced,2026-05-01,0,Medium
E01880,SK046,10.0,Advanced,2026-05-01,0,Medium
E01880,SK042,10.0,Advanced,2026-05-01,0,High
E01880,SK043,10.0,Advanced,2026-05-01,0,Medium
E01882,SK040,7.0,Advanced,2026-05-01,1,High
E01885,SK044,6.0,Advanced,2026-05-01,0,Medium
E01885,SK045,6.0,Advanced,2026-05-01,0,Medium
E01885,SK046,6.0,Advanced,2026-05-01,0,Medium
E01885,SK040,6.0,Advanced,2026-05-01,1,High
E01885,SK042,6.0,Advanced,2026-05-01,0,High
E01886,SK044,11.0,Advanced,2026-05-01,0,Medium
E01886,SK045,11.0,Advanced,2026-05-01,0,Medium
E01886,SK046,11.0,Advanced,2026-05-01,0,Medium
E01886,SK042,11.0,Advanced,2026-05-01,0,High
E01886,SK043,11.0,Advanced,2026-05-01,0,Medium
E01887,SK044,7.0,Advanced,2026-05-01,0,Medium
E01887,SK052,7.0,Advanced,2026-05-01,0,Medium
E01888,SK044,3.0,Intermediate,2026-05-01,0,Medium
E01888,SK045,3.0,Intermediate,2026-05-01,0,Medium
E01888,SK046,3.0,Intermediate,2026-05-01,0,Medium
E01888,SK052,3.0,Intermediate,2026-05-01,0,Medium
E01888,SK053,3.0,Intermediate,2026-05-01,0,Medium
E01889,SK044,9.0,Advanced,2026-05-01,0,Medium
E01889,SK045,9.0,Advanced,2026-05-01,0,Medium
E01889,SK046,9.0,Advanced,2026-05-01,0,Medium
E01889,SK039,9.0,Advanced,2026-05-01,1,High
E01889,SK049,9.0,Advanced,2026-05-01,0,High
E01890,SK044,7.0,Advanced,2026-05-01,0,Medium
E01890,SK045,7.0,Advanced,2026-05-01,0,Medium
E01890,SK046,7.0,Advanced,2026-05-01,0,Medium
E01890,SK047,7.0,Advanced,2026-05-01,0,Medium
E01890,SK048,7.0,Advanced,2026-05-01,0,Medium
E01891,SK044,9.0,Advanced,2026-05-01,0,Medium
E01891,SK045,9.0,Advanced,2026-05-01,0,Medium
E01891,SK046,9.0,Advanced,2026-05-01,0,Medium
E01891,SK040,9.0,Advanced,2026-05-01,1,High
E01891,SK042,9.0,Advanced,2026-05-01,0,High
E01892,SK044,12.0,Advanced,2026-05-01,0,Medium
E01892,SK045,12.0,Advanced,2026-05-01,0,Medium
E01892,SK046,12.0,Advanced,2026-05-01,0,Medium
E01892,SK042,12.0,Advanced,2026-05-01,0,High
E01892,SK043,12.0,Advanced,2026-05-01,0,Medium
E01894,SK040,3.0,Intermediate,2026-05-01,1,High
E01895,SK044,0.5,Beginner,2026-05-01,0,Medium
E01895,SK045,0.5,Beginner,2026-05-01,0,Medium
E01895,SK046,0.5,Beginner,2026-05-01,0,Medium
E01895,SK052,0.5,Beginner,2026-05-01,0,Medium
E01895,SK053,0.5,Beginner,2026-05-01,0,Medium
E01897,SK044,3.0,Intermediate,2026-05-01,0,Medium
E01897,SK052,3.0,Intermediate,2026-05-01,0,Medium
E01898,SK044,12.0,Advanced,2026-05-01,0,Medium
E01898,SK045,12.0,Advanced,2026-05-01,0,Medium
E01898,SK046,12.0,Advanced,2026-05-01,0,Medium
E01898,SK040,12.0,Advanced,2026-05-01,1,High
E01898,SK042,12.0,Advanced,2026-05-01,0,High
E01899,SK044,3.0,Intermediate,2026-05-01,0,Medium
E01899,SK045,3.0,Intermediate,2026-05-01,0,Medium
E01899,SK046,3.0,Intermediate,2026-05-01,0,Medium
E01899,SK040,3.0,Intermediate,2026-05-01,1,High
E01899,SK052,3.0,Intermediate,2026-05-01,0,Medium
E01900,SK044,7.0,Advanced,2026-05-01,0,Medium
E01900,SK045,7.0,Advanced,2026-05-01,0,Medium
E01900,SK046,7.0,Advanced,2026-05-01,0,Medium
E01900,SK039,7.0,Advanced,2026-05-01,1,High
E01900,SK049,7.0,Advanced,2026-05-01,0,High
E01902,SK044,12.0,Advanced,2026-05-01,0,Medium
E01902,SK045,12.0,Advanced,2026-05-01,0,Medium
E01902,SK046,12.0,Advanced,2026-05-01,0,Medium
E01902,SK042,12.0,Advanced,2026-05-01,0,High
E01902,SK043,12.0,Advanced,2026-05-01,0,Medium
E01904,SK040,3.0,Intermediate,2026-05-01,1,High
E01906,SK044,7.0,Advanced,2026-05-01,0,Medium
E01906,SK045,7.0,Advanced,2026-05-01,0,Medium
E01906,SK046,7.0,Advanced,2026-05-01,0,Medium
E01906,SK042,7.0,Advanced,2026-05-01,0,High
E01906,SK043,7.0,Advanced,2026-05-01,0,Medium
E01907,SK044,10.0,Advanced,2026-05-01,0,Medium
E01907,SK045,10.0,Advanced,2026-05-01,0,Medium
E01907,SK046,10.0,Advanced,2026-05-01,0,Medium
E01907,SK042,10.0,Advanced,2026-05-01,0,High
E01907,SK043,10.0,Advanced,2026-05-01,0,Medium
E01908,SK044,8.0,Advanced,2026-05-01,0,Medium
E01908,SK045,8.0,Advanced,2026-05-01,0,Medium
E01908,SK046,8.0,Advanced,2026-05-01,0,Medium
E01908,SK040,8.0,Advanced,2026-05-01,1,High
E01908,SK042,8.0,Advanced,2026-05-01,0,High
E01910,SK044,9.0,Advanced,2026-05-01,0,Medium
E01910,SK045,9.0,Advanced,2026-05-01,0,Medium
E01910,SK046,9.0,Advanced,2026-05-01,0,Medium
E01910,SK042,9.0,Advanced,2026-05-01,0,High
E01910,SK043,9.0,Advanced,2026-05-01,0,Medium
E01912,SK040,7.0,Advanced,2026-05-01,1,High
E01913,SK044,11.0,Advanced,2026-05-01,0,Medium
E01913,SK045,11.0,Advanced,2026-05-01,0,Medium
E01913,SK046,11.0,Advanced,2026-05-01,0,Medium
E01913,SK042,11.0,Advanced,2026-05-01,0,High
E01913,SK043,11.0,Advanced,2026-05-01,0,Medium
E01914,SK044,1.0,Beginner,2026-05-01,0,Medium
E01914,SK045,1.0,Beginner,2026-05-01,0,Medium
E01914,SK046,1.0,Beginner,2026-05-01,0,Medium
E01914,SK047,1.0,Beginner,2026-05-01,0,Medium
E01914,SK048,1.0,Beginner,2026-05-01,0,Medium
E01916,SK044,0.5,Beginner,2026-05-01,0,Medium
E01916,SK045,0.5,Beginner,2026-05-01,0,Medium
E01916,SK046,0.5,Beginner,2026-05-01,0,Medium
E01916,SK040,0.5,Beginner,2026-05-01,0,High
E01916,SK052,0.5,Beginner,2026-05-01,0,Medium
E01917,SK044,6.0,Advanced,2026-05-01,0,Medium
E01917,SK045,6.0,Advanced,2026-05-01,0,Medium
E01917,SK046,6.0,Advanced,2026-05-01,0,Medium
E01917,SK040,6.0,Advanced,2026-05-01,1,High
E01917,SK052,6.0,Advanced,2026-05-01,0,Medium
E01918,SK044,9.0,Advanced,2026-05-01,0,Medium
E01918,SK045,9.0,Advanced,2026-05-01,0,Medium
E01918,SK046,9.0,Advanced,2026-05-01,0,Medium
E01918,SK040,9.0,Advanced,2026-05-01,1,High
E01918,SK042,9.0,Advanced,2026-05-01,0,High
E01919,SK040,7.0,Advanced,2026-05-01,1,High
E01920,SK040,1.0,Beginner,2026-05-01,0,High
E01921,SK044,3.0,Intermediate,2026-05-01,0,Medium
E01921,SK045,3.0,Intermediate,2026-05-01,0,Medium
E01921,SK046,3.0,Intermediate,2026-05-01,0,Medium
E01921,SK039,3.0,Intermediate,2026-05-01,1,High
E01921,SK049,3.0,Intermediate,2026-05-01,0,High
E01922,SK040,6.0,Advanced,2026-05-01,1,High
E01923,SK044,12.0,Advanced,2026-05-01,0,Medium
E01923,SK045,12.0,Advanced,2026-05-01,0,Medium
E01923,SK046,12.0,Advanced,2026-05-01,0,Medium
E01923,SK040,12.0,Advanced,2026-05-01,1,High
E01923,SK042,12.0,Advanced,2026-05-01,0,High
E01924,SK040,1.0,Beginner,2026-05-01,0,High
E01925,SK044,3.0,Intermediate,2026-05-01,0,Medium
E01925,SK045,3.0,Intermediate,2026-05-01,0,Medium
E01925,SK046,3.0,Intermediate,2026-05-01,0,Medium
E01925,SK047,3.0,Intermediate,2026-05-01,0,Medium
E01925,SK048,3.0,Intermediate,2026-05-01,0,Medium
E01926,SK044,11.0,Advanced,2026-05-01,0,Medium
E01926,SK045,11.0,Advanced,2026-05-01,0,Medium
E01926,SK046,11.0,Advanced,2026-05-01,0,Medium
E01926,SK042,11.0,Advanced,2026-05-01,0,High
E01926,SK043,11.0,Advanced,2026-05-01,0,Medium
E01927,SK044,7.0,Advanced,2026-05-01,0,Medium
E01927,SK045,7.0,Advanced,2026-05-01,0,Medium
E01927,SK046,7.0,Advanced,2026-05-01,0,Medium
E01927,SK052,7.0,Advanced,2026-05-01,0,Medium
E01927,SK053,7.0,Advanced,2026-05-01,0,Medium
E01928,SK044,7.0,Advanced,2026-05-01,0,Medium
E01928,SK045,7.0,Advanced,2026-05-01,0,Medium
E01928,SK046,7.0,Advanced,2026-05-01,0,Medium
E01928,SK040,7.0,Advanced,2026-05-01,1,High
E01928,SK042,7.0,Advanced,2026-05-01,0,High
E01929,SK044,15.0,Advanced,2026-05-01,0,Medium
E01929,SK045,15.0,Advanced,2026-05-01,0,Medium
E01929,SK046,15.0,Advanced,2026-05-01,0,Medium
E01929,SK042,15.0,Advanced,2026-05-01,0,High
E01929,SK043,15.0,Advanced,2026-05-01,0,Medium
E01930,SK044,0.5,Beginner,2026-05-01,0,Medium
E01930,SK045,0.5,Beginner,2026-05-01,0,Medium
E01930,SK046,0.5,Beginner,2026-05-01,0,Medium
E01931,SK044,10.0,Advanced,2026-05-01,0,Medium
E01931,SK045,10.0,Advanced,2026-05-01,0,Medium
E01931,SK046,10.0,Advanced,2026-05-01,0,Medium
E01931,SK040,10.0,Advanced,2026-05-01,1,High
E01931,SK042,10.0,Advanced,2026-05-01,0,High
E01932,SK040,6.0,Advanced,2026-05-01,1,High
E01933,SK044,11.0,Advanced,2026-05-01,0,Medium
E01933,SK045,11.0,Advanced,2026-05-01,0,Medium
E01933,SK046,11.0,Advanced,2026-05-01,0,Medium
E01933,SK040,11.0,Advanced,2026-05-01,1,High
E01933,SK042,11.0,Advanced,2026-05-01,0,High
E01934,SK044,15.0,Advanced,2026-05-01,0,Medium
E01934,SK045,15.0,Advanced,2026-05-01,0,Medium
E01934,SK046,15.0,Advanced,2026-05-01,0,Medium
E01934,SK042,15.0,Advanced,2026-05-01,0,High
E01934,SK043,15.0,Advanced,2026-05-01,0,Medium
E01935,SK044,3.0,Intermediate,2026-05-01,0,Medium
E01935,SK045,3.0,Intermediate,2026-05-01,0,Medium
E01935,SK046,3.0,Intermediate,2026-05-01,0,Medium
E01935,SK040,3.0,Intermediate,2026-05-01,1,High
E01935,SK052,3.0,Intermediate,2026-05-01,0,Medium
E01936,SK044,10.0,Advanced,2026-05-01,0,Medium
E01936,SK045,10.0,Advanced,2026-05-01,0,Medium
E01936,SK046,10.0,Advanced,2026-05-01,0,Medium
E01936,SK039,10.0,Advanced,2026-05-01,1,High
E01936,SK049,10.0,Advanced,2026-05-01,0,High
E01937,SK044,8.0,Advanced,2026-05-01,0,Medium
E01937,SK045,8.0,Advanced,2026-05-01,0,Medium
E01937,SK046,8.0,Advanced,2026-05-01,0,Medium
E01937,SK042,8.0,Advanced,2026-05-01,0,High
E01937,SK043,8.0,Advanced,2026-05-01,0,Medium
E01938,SK044,6.0,Advanced,2026-05-01,0,Medium
E01938,SK045,6.0,Advanced,2026-05-01,0,Medium
E01938,SK046,6.0,Advanced,2026-05-01,0,Medium
E01938,SK042,6.0,Advanced,2026-05-01,0,High
E01938,SK043,6.0,Advanced,2026-05-01,0,Medium
E01939,SK044,6.0,Advanced,2026-05-01,0,Medium
E01939,SK045,6.0,Advanced,2026-05-01,0,Medium
E01939,SK046,6.0,Advanced,2026-05-01,0,Medium
E01939,SK039,6.0,Advanced,2026-05-01,1,High
E01939,SK049,6.0,Advanced,2026-05-01,0,High
E01940,SK044,8.0,Advanced,2026-05-01,0,Medium
E01940,SK045,8.0,Advanced,2026-05-01,0,Medium
E01940,SK046,8.0,Advanced,2026-05-01,0,Medium
E01940,SK042,8.0,Advanced,2026-05-01,0,High
E01940,SK043,8.0,Advanced,2026-05-01,0,Medium
E01944,SK044,9.0,Advanced,2026-05-01,0,Medium
E01944,SK045,9.0,Advanced,2026-05-01,0,Medium
E01944,SK046,9.0,Advanced,2026-05-01,0,Medium
E01944,SK042,9.0,Advanced,2026-05-01,0,High
E01944,SK043,9.0,Advanced,2026-05-01,0,Medium
E01945,SK040,3.0,Intermediate,2026-05-01,1,High
E01946,SK044,3.0,Intermediate,2026-05-01,0,Medium
E01946,SK045,3.0,Intermediate,2026-05-01,0,Medium
E01946,SK046,3.0,Intermediate,2026-05-01,0,Medium
E01947,SK044,11.0,Advanced,2026-05-01,0,Medium
E01947,SK045,11.0,Advanced,2026-05-01,0,Medium
E01947,SK046,11.0,Advanced,2026-05-01,0,Medium
E01947,SK042,11.0,Advanced,2026-05-01,0,High
E01947,SK043,11.0,Advanced,2026-05-01,0,Medium
E01948,SK040,4.0,Intermediate,2026-05-01,1,High
E01949,SK044,0.5,Beginner,2026-05-01,0,Medium
E01949,SK045,0.5,Beginner,2026-05-01,0,Medium
E01949,SK046,0.5,Beginner,2026-05-01,0,Medium
E01949,SK052,0.5,Beginner,2026-05-01,0,Medium
E01949,SK053,0.5,Beginner,2026-05-01,0,Medium
E01950,SK044,9.0,Advanced,2026-05-01,0,Medium
E01950,SK045,9.0,Advanced,2026-05-01,0,Medium
E01950,SK046,9.0,Advanced,2026-05-01,0,Medium
E01950,SK039,9.0,Advanced,2026-05-01,1,High
E01950,SK049,9.0,Advanced,2026-05-01,0,High
E01951,SK044,10.0,Advanced,2026-05-01,0,Medium
E01951,SK045,10.0,Advanced,2026-05-01,0,Medium
E01951,SK046,10.0,Advanced,2026-05-01,0,Medium
E01951,SK039,10.0,Advanced,2026-05-01,1,High
E01951,SK049,10.0,Advanced,2026-05-01,0,High
E01953,SK044,8.0,Advanced,2026-05-01,0,Medium
E01953,SK045,8.0,Advanced,2026-05-01,0,Medium
E01953,SK046,8.0,Advanced,2026-05-01,0,Medium
E01953,SK039,8.0,Advanced,2026-05-01,1,High
E01953,SK049,8.0,Advanced,2026-05-01,0,High
E01954,SK044,11.0,Advanced,2026-05-01,0,Medium
E01954,SK045,11.0,Advanced,2026-05-01,0,Medium
E01954,SK046,11.0,Advanced,2026-05-01,0,Medium
E01954,SK042,11.0,Advanced,2026-05-01,0,High
E01954,SK043,11.0,Advanced,2026-05-01,0,Medium
E01955,SK044,6.0,Advanced,2026-05-01,0,Medium
E01955,SK045,6.0,Advanced,2026-05-01,0,Medium
E01955,SK046,6.0,Advanced,2026-05-01,0,Medium
E01955,SK042,6.0,Advanced,2026-05-01,0,High
E01955,SK043,6.0,Advanced,2026-05-01,0,Medium
E01957,SK044,2.0,Beginner,2026-05-01,0,Medium
E01957,SK045,2.0,Beginner,2026-05-01,0,Medium
E01957,SK046,2.0,Beginner,2026-05-01,0,Medium
E01957,SK040,2.0,Beginner,2026-05-01,0,High
E01957,SK052,2.0,Beginner,2026-05-01,0,Medium
E01958,SK044,9.0,Advanced,2026-05-01,0,Medium
E01958,SK045,9.0,Advanced,2026-05-01,0,Medium
E01958,SK046,9.0,Advanced,2026-05-01,0,Medium
E01958,SK040,9.0,Advanced,2026-05-01,1,High
E01958,SK042,9.0,Advanced,2026-05-01,0,High
E01959,SK044,7.0,Advanced,2026-05-01,0,Medium
E01959,SK045,7.0,Advanced,2026-05-01,0,Medium
E01959,SK046,7.0,Advanced,2026-05-01,0,Medium
E01959,SK052,7.0,Advanced,2026-05-01,0,Medium
E01959,SK053,7.0,Advanced,2026-05-01,0,Medium
E01960,SK044,12.0,Advanced,2026-05-01,0,Medium
E01960,SK045,12.0,Advanced,2026-05-01,0,Medium
E01960,SK046,12.0,Advanced,2026-05-01,0,Medium
E01960,SK042,12.0,Advanced,2026-05-01,0,High
E01960,SK043,12.0,Advanced,2026-05-01,0,Medium
E01961,SK044,7.0,Advanced,2026-05-01,0,Medium
E01961,SK045,7.0,Advanced,2026-05-01,0,Medium
E01961,SK046,7.0,Advanced,2026-05-01,0,Medium
E01961,SK042,7.0,Advanced,2026-05-01,0,High
E01961,SK043,7.0,Advanced,2026-05-01,0,Medium
E01962,SK044,12.0,Advanced,2026-05-01,0,Medium
E01962,SK045,12.0,Advanced,2026-05-01,0,Medium
E01962,SK046,12.0,Advanced,2026-05-01,0,Medium
E01962,SK040,12.0,Advanced,2026-05-01,1,High
E01962,SK042,12.0,Advanced,2026-05-01,0,High
E01963,SK044,8.0,Advanced,2026-05-01,0,Medium
E01963,SK045,8.0,Advanced,2026-05-01,0,Medium
E01963,SK046,8.0,Advanced,2026-05-01,0,Medium
E01963,SK042,8.0,Advanced,2026-05-01,0,High
E01963,SK043,8.0,Advanced,2026-05-01,0,Medium
E01964,SK044,6.0,Advanced,2026-05-01,0,Medium
E01964,SK045,6.0,Advanced,2026-05-01,0,Medium
E01964,SK046,6.0,Advanced,2026-05-01,0,Medium
E01964,SK040,6.0,Advanced,2026-05-01,1,High
E01964,SK042,6.0,Advanced,2026-05-01,0,High
E01965,SK044,6.0,Advanced,2026-05-01,0,Medium
E01965,SK045,6.0,Advanced,2026-05-01,0,Medium
E01965,SK046,6.0,Advanced,2026-05-01,0,Medium
E01965,SK042,6.0,Advanced,2026-05-01,0,High
E01965,SK043,6.0,Advanced,2026-05-01,0,Medium
E01966,SK044,15.0,Advanced,2026-05-01,0,Medium
E01966,SK045,15.0,Advanced,2026-05-01,0,Medium
E01966,SK046,15.0,Advanced,2026-05-01,0,Medium
E01966,SK042,15.0,Advanced,2026-05-01,0,High
E01966,SK043,15.0,Advanced,2026-05-01,0,Medium
E01967,SK044,3.0,Intermediate,2026-05-01,0,Medium
E01967,SK052,3.0,Intermediate,2026-05-01,0,Medium
E01968,SK044,0.5,Beginner,2026-05-01,0,Medium
E01968,SK045,0.5,Beginner,2026-05-01,0,Medium
E01968,SK046,0.5,Beginner,2026-05-01,0,Medium
E01968,SK039,0.5,Beginner,2026-05-01,0,High
E01968,SK049,0.5,Beginner,2026-05-01,0,High
E01970,SK044,9.0,Advanced,2026-05-01,0,Medium
E01970,SK045,9.0,Advanced,2026-05-01,0,Medium
E01970,SK046,9.0,Advanced,2026-05-01,0,Medium
E01970,SK040,9.0,Advanced,2026-05-01,1,High
E01970,SK042,9.0,Advanced,2026-05-01,0,High
E01971,SK044,5.0,Intermediate,2026-05-01,0,Medium
E01971,SK045,5.0,Intermediate,2026-05-01,0,Medium
E01971,SK046,5.0,Intermediate,2026-05-01,0,Medium
E01971,SK040,5.0,Intermediate,2026-05-01,1,High
E01971,SK052,5.0,Intermediate,2026-05-01,0,Medium
E01972,SK044,3.0,Intermediate,2026-05-01,0,Medium
E01972,SK045,3.0,Intermediate,2026-05-01,0,Medium
E01972,SK046,3.0,Intermediate,2026-05-01,0,Medium
E01972,SK047,3.0,Intermediate,2026-05-01,0,Medium
E01972,SK048,3.0,Intermediate,2026-05-01,0,Medium
E01973,SK044,0.5,Beginner,2026-05-01,0,Medium
E01973,SK045,0.5,Beginner,2026-05-01,0,Medium
E01973,SK046,0.5,Beginner,2026-05-01,0,Medium
E01973,SK039,0.5,Beginner,2026-05-01,0,High
E01973,SK049,0.5,Beginner,2026-05-01,0,High
E01974,SK044,0.5,Beginner,2026-05-01,0,Medium
E01974,SK045,0.5,Beginner,2026-05-01,0,Medium
E01974,SK046,0.5,Beginner,2026-05-01,0,Medium
E01974,SK040,0.5,Beginner,2026-05-01,0,High
E01974,SK052,0.5,Beginner,2026-05-01,0,Medium
E01975,SK044,6.0,Advanced,2026-05-01,0,Medium
E01975,SK045,6.0,Advanced,2026-05-01,0,Medium
E01975,SK046,6.0,Advanced,2026-05-01,0,Medium
E01975,SK039,6.0,Advanced,2026-05-01,1,High
E01975,SK049,6.0,Advanced,2026-05-01,0,High
E01976,SK044,3.0,Intermediate,2026-05-01,0,Medium
E01976,SK045,3.0,Intermediate,2026-05-01,0,Medium
E01976,SK046,3.0,Intermediate,2026-05-01,0,Medium
E01976,SK039,3.0,Intermediate,2026-05-01,1,High
E01976,SK049,3.0,Intermediate,2026-05-01,0,High
E01977,SK040,3.0,Intermediate,2026-05-01,1,High
E01978,SK044,10.0,Advanced,2026-05-01,0,Medium
E01978,SK045,10.0,Advanced,2026-05-01,0,Medium
E01978,SK046,10.0,Advanced,2026-05-01,0,Medium
E01978,SK042,10.0,Advanced,2026-05-01,0,High
E01978,SK043,10.0,Advanced,2026-05-01,0,Medium
E01981,SK040,1.0,Beginner,2026-05-01,0,High
E01982,SK044,8.0,Advanced,2026-05-01,0,Medium
E01982,SK045,8.0,Advanced,2026-05-01,0,Medium
E01982,SK046,8.0,Advanced,2026-05-01,0,Medium
E01982,SK042,8.0,Advanced,2026-05-01,0,High
E01982,SK043,8.0,Advanced,2026-05-01,0,Medium
E01983,SK040,5.0,Intermediate,2026-05-01,1,High
E01984,SK040,6.0,Advanced,2026-05-01,1,High
E01985,SK040,1.0,Beginner,2026-05-01,0,High
E01986,SK044,7.0,Advanced,2026-05-01,0,Medium
E01986,SK045,7.0,Advanced,2026-05-01,0,Medium
E01986,SK046,7.0,Advanced,2026-05-01,0,Medium
E01986,SK040,7.0,Advanced,2026-05-01,1,High
E01986,SK042,7.0,Advanced,2026-05-01,0,High
E01988,SK044,11.0,Advanced,2026-05-01,0,Medium
E01988,SK045,11.0,Advanced,2026-05-01,0,Medium
E01988,SK046,11.0,Advanced,2026-05-01,0,Medium
E01988,SK040,11.0,Advanced,2026-05-01,1,High
E01988,SK042,11.0,Advanced,2026-05-01,0,High
E01989,SK040,0.5,Beginner,2026-05-01,0,High
E01990,SK040,5.0,Intermediate,2026-05-01,1,High
E01992,SK044,7.0,Advanced,2026-05-01,0,Medium
E01992,SK045,7.0,Advanced,2026-05-01,0,Medium
E01992,SK046,7.0,Advanced,2026-05-01,0,Medium
E01992,SK042,7.0,Advanced,2026-05-01,0,High
E01992,SK043,7.0,Advanced,2026-05-01,0,Medium
E01993,SK044,1.0,Beginner,2026-05-01,0,Medium
E01993,SK045,1.0,Beginner,2026-05-01,0,Medium
E01993,SK046,1.0,Beginner,2026-05-01,0,Medium
E01993,SK052,1.0,Beginner,2026-05-01,0,Medium
E01993,SK053,1.0,Beginner,2026-05-01,0,Medium
E01994,SK040,3.0,Intermediate,2026-05-01,1,High
E01995,SK044,12.0,Advanced,2026-05-01,0,Medium
E01995,SK045,12.0,Advanced,2026-05-01,0,Medium
E01995,SK046,12.0,Advanced,2026-05-01,0,Medium
E01995,SK040,12.0,Advanced,2026-05-01,1,High
E01995,SK042,12.0,Advanced,2026-05-01,0,High
E01996,SK044,11.0,Advanced,2026-05-01,0,Medium
E01996,SK045,11.0,Advanced,2026-05-01,0,Medium
E01996,SK046,11.0,Advanced,2026-05-01,0,Medium
E01996,SK040,11.0,Advanced,2026-05-01,1,High
E01996,SK042,11.0,Advanced,2026-05-01,0,High
E01997,SK044,6.0,Advanced,2026-05-01,0,Medium
E01997,SK045,6.0,Advanced,2026-05-01,0,Medium
E01997,SK046,6.0,Advanced,2026-05-01,0,Medium
E01997,SK052,6.0,Advanced,2026-05-01,0,Medium
E01997,SK053,6.0,Advanced,2026-05-01,0,Medium
E01998,SK044,11.0,Advanced,2026-05-01,0,Medium
E01998,SK045,11.0,Advanced,2026-05-01,0,Medium
E01998,SK046,11.0,Advanced,2026-05-01,0,Medium
E01998,SK042,11.0,Advanced,2026-05-01,0,High
E01998,SK043,11.0,Advanced,2026-05-01,0,Medium
E01999,SK047,2.0,Beginner,2026-05-01,0,Medium
E01999,SK048,2.0,Beginner,2026-05-01,0,Medium
E02000,SK044,8.0,Advanced,2026-05-01,0,Medium
E02000,SK045,8.0,Advanced,2026-05-01,0,Medium
E02000,SK046,8.0,Advanced,2026-05-01,0,Medium
E02000,SK040,8.0,Advanced,2026-05-01,1,High
E02000,SK042,8.0,Advanced,2026-05-01,0,High
E02002,SK044,10.0,Advanced,2026-05-01,0,Medium
E02002,SK045,10.0,Advanced,2026-05-01,0,Medium
E02002,SK046,10.0,Advanced,2026-05-01,0,Medium
E02002,SK039,10.0,Advanced,2026-05-01,1,High
E02002,SK049,10.0,Advanced,2026-05-01,0,High
E02004,SK044,7.0,Advanced,2026-05-01,0,Medium
E02004,SK045,7.0,Advanced,2026-05-01,0,Medium
E02004,SK046,7.0,Advanced,2026-05-01,0,Medium
E02004,SK039,7.0,Advanced,2026-05-01,1,High
E02004,SK049,7.0,Advanced,2026-05-01,0,High
E02006,SK044,1.0,Beginner,2026-05-01,0,Medium
E02006,SK052,1.0,Beginner,2026-05-01,0,Medium
E02007,SK044,4.0,Intermediate,2026-05-01,0,Medium
E02007,SK045,4.0,Intermediate,2026-05-01,0,Medium
E02007,SK046,4.0,Intermediate,2026-05-01,0,Medium
E02007,SK040,4.0,Intermediate,2026-05-01,1,High
E02007,SK052,4.0,Intermediate,2026-05-01,0,Medium
E02008,SK044,9.0,Advanced,2026-05-01,0,Medium
E02008,SK045,9.0,Advanced,2026-05-01,0,Medium
E02008,SK046,9.0,Advanced,2026-05-01,0,Medium
E02008,SK042,9.0,Advanced,2026-05-01,0,High
E02008,SK043,9.0,Advanced,2026-05-01,0,Medium
E02009,SK040,0.5,Beginner,2026-05-01,0,High
E02010,SK044,0.5,Beginner,2026-05-01,0,Medium
E02010,SK045,0.5,Beginner,2026-05-01,0,Medium
E02010,SK046,0.5,Beginner,2026-05-01,0,Medium
E02011,SK044,6.0,Advanced,2026-05-01,0,Medium
E02011,SK045,6.0,Advanced,2026-05-01,0,Medium
E02011,SK046,6.0,Advanced,2026-05-01,0,Medium
E02011,SK039,6.0,Advanced,2026-05-01,1,High
E02011,SK049,6.0,Advanced,2026-05-01,0,High
E02012,SK044,13.0,Advanced,2026-05-01,0,Medium
E02012,SK045,13.0,Advanced,2026-05-01,0,Medium
E02012,SK046,13.0,Advanced,2026-05-01,0,Medium
E02012,SK042,13.0,Advanced,2026-05-01,0,High
E02012,SK043,13.0,Advanced,2026-05-01,0,Medium
E02014,SK044,12.0,Advanced,2026-05-01,0,Medium
E02014,SK045,12.0,Advanced,2026-05-01,0,Medium
E02014,SK046,12.0,Advanced,2026-05-01,0,Medium
E02014,SK042,12.0,Advanced,2026-05-01,0,High
E02014,SK043,12.0,Advanced,2026-05-01,0,Medium
E02015,SK040,1.0,Beginner,2026-05-01,0,High
E02016,SK044,11.0,Advanced,2026-05-01,0,Medium
E02016,SK045,11.0,Advanced,2026-05-01,0,Medium
E02016,SK046,11.0,Advanced,2026-05-01,0,Medium
E02016,SK042,11.0,Advanced,2026-05-01,0,High
E02016,SK043,11.0,Advanced,2026-05-01,0,Medium
E02018,SK040,2.0,Beginner,2026-05-01,0,High
E02019,SK044,12.0,Advanced,2026-05-01,0,Medium
E02019,SK045,12.0,Advanced,2026-05-01,0,Medium
E02019,SK046,12.0,Advanced,2026-05-01,0,Medium
E02019,SK039,12.0,Advanced,2026-05-01,1,High
E02019,SK049,12.0,Advanced,2026-05-01,0,High
E02020,SK044,12.0,Advanced,2026-05-01,0,Medium
E02020,SK045,12.0,Advanced,2026-05-01,0,Medium
E02020,SK046,12.0,Advanced,2026-05-01,0,Medium
E02020,SK040,12.0,Advanced,2026-05-01,1,High
E02020,SK042,12.0,Advanced,2026-05-01,0,High
E02023,SK044,13.0,Advanced,2026-05-01,0,Medium
E02023,SK045,13.0,Advanced,2026-05-01,0,Medium
E02023,SK046,13.0,Advanced,2026-05-01,0,Medium
E02023,SK042,13.0,Advanced,2026-05-01,0,High
E02023,SK043,13.0,Advanced,2026-05-01,0,Medium
E02024,SK044,3.0,Intermediate,2026-05-01,0,Medium
E02024,SK045,3.0,Intermediate,2026-05-01,0,Medium
E02024,SK046,3.0,Intermediate,2026-05-01,0,Medium
E02024,SK040,3.0,Intermediate,2026-05-01,1,High
E02024,SK052,3.0,Intermediate,2026-05-01,0,Medium
E02025,SK044,11.0,Advanced,2026-05-01,0,Medium
E02025,SK045,11.0,Advanced,2026-05-01,0,Medium
E02025,SK046,11.0,Advanced,2026-05-01,0,Medium
E02025,SK040,11.0,Advanced,2026-05-01,1,High
E02025,SK042,11.0,Advanced,2026-05-01,0,High
E02027,SK044,3.0,Intermediate,2026-05-01,0,Medium
E02027,SK052,3.0,Intermediate,2026-05-01,0,Medium
E02029,SK040,7.0,Advanced,2026-05-01,1,High
E02030,SK040,6.0,Advanced,2026-05-01,1,High
E02031,SK040,0.5,Beginner,2026-05-01,0,High
E02032,SK044,0.5,Beginner,2026-05-01,0,Medium
E02032,SK045,0.5,Beginner,2026-05-01,0,Medium
E02032,SK046,0.5,Beginner,2026-05-01,0,Medium
E02032,SK052,0.5,Beginner,2026-05-01,0,Medium
E02032,SK053,0.5,Beginner,2026-05-01,0,Medium
E02034,SK040,6.0,Advanced,2026-05-01,1,High
E02036,SK040,5.0,Intermediate,2026-05-01,1,High
E02037,SK044,4.0,Intermediate,2026-05-01,0,Medium
E02037,SK045,4.0,Intermediate,2026-05-01,0,Medium
E02037,SK046,4.0,Intermediate,2026-05-01,0,Medium
E02037,SK039,4.0,Intermediate,2026-05-01,1,High
E02037,SK049,4.0,Intermediate,2026-05-01,0,High
E02038,SK044,6.0,Advanced,2026-05-01,0,Medium
E02038,SK045,6.0,Advanced,2026-05-01,0,Medium
E02038,SK046,6.0,Advanced,2026-05-01,0,Medium
E02038,SK052,6.0,Advanced,2026-05-01,0,Medium
E02038,SK053,6.0,Advanced,2026-05-01,0,Medium
E02040,SK044,6.0,Advanced,2026-05-01,0,Medium
E02040,SK045,6.0,Advanced,2026-05-01,0,Medium
E02040,SK046,6.0,Advanced,2026-05-01,0,Medium
E02040,SK040,6.0,Advanced,2026-05-01,1,High
E02040,SK052,6.0,Advanced,2026-05-01,0,Medium
E02041,SK044,15.0,Advanced,2026-05-01,0,Medium
E02041,SK045,15.0,Advanced,2026-05-01,0,Medium
E02041,SK046,15.0,Advanced,2026-05-01,0,Medium
E02041,SK040,15.0,Advanced,2026-05-01,1,High
E02041,SK042,15.0,Advanced,2026-05-01,0,High
E02042,SK044,2.0,Beginner,2026-05-01,0,Medium
E02042,SK052,2.0,Beginner,2026-05-01,0,Medium
E02043,SK044,8.0,Advanced,2026-05-01,0,Medium
E02043,SK045,8.0,Advanced,2026-05-01,0,Medium
E02043,SK046,8.0,Advanced,2026-05-01,0,Medium
E02043,SK042,8.0,Advanced,2026-05-01,0,High
E02043,SK043,8.0,Advanced,2026-05-01,0,Medium
E02044,SK044,3.0,Intermediate,2026-05-01,0,Medium
E02044,SK045,3.0,Intermediate,2026-05-01,0,Medium
E02044,SK046,3.0,Intermediate,2026-05-01,0,Medium
E02045,SK044,15.0,Advanced,2026-05-01,0,Medium
E02045,SK045,15.0,Advanced,2026-05-01,0,Medium
E02045,SK046,15.0,Advanced,2026-05-01,0,Medium
E02045,SK040,15.0,Advanced,2026-05-01,1,High
E02045,SK042,15.0,Advanced,2026-05-01,0,High
E02046,SK044,8.0,Advanced,2026-05-01,0,Medium
E02046,SK045,8.0,Advanced,2026-05-01,0,Medium
E02046,SK046,8.0,Advanced,2026-05-01,0,Medium
E02046,SK040,8.0,Advanced,2026-05-01,1,High
E02046,SK042,8.0,Advanced,2026-05-01,0,High
E02047,SK044,10.0,Advanced,2026-05-01,0,Medium
E02047,SK045,10.0,Advanced,2026-05-01,0,Medium
E02047,SK046,10.0,Advanced,2026-05-01,0,Medium
E02047,SK040,10.0,Advanced,2026-05-01,1,High
E02047,SK042,10.0,Advanced,2026-05-01,0,High
E02049,SK044,10.0,Advanced,2026-05-01,0,Medium
E02049,SK045,10.0,Advanced,2026-05-01,0,Medium
E02049,SK046,10.0,Advanced,2026-05-01,0,Medium
E02049,SK042,10.0,Advanced,2026-05-01,0,High
E02049,SK043,10.0,Advanced,2026-05-01,0,Medium
E02051,SK044,6.0,Advanced,2026-05-01,0,Medium
E02051,SK045,6.0,Advanced,2026-05-01,0,Medium
E02051,SK046,6.0,Advanced,2026-05-01,0,Medium
E02051,SK040,6.0,Advanced,2026-05-01,1,High
E02051,SK052,6.0,Advanced,2026-05-01,0,Medium
E02052,SK044,15.0,Advanced,2026-05-01,0,Medium
E02052,SK045,15.0,Advanced,2026-05-01,0,Medium
E02052,SK046,15.0,Advanced,2026-05-01,0,Medium
E02052,SK042,15.0,Advanced,2026-05-01,0,High
E02052,SK043,15.0,Advanced,2026-05-01,0,Medium
E02053,SK044,15.0,Advanced,2026-05-01,0,Medium
E02053,SK045,15.0,Advanced,2026-05-01,0,Medium
E02053,SK046,15.0,Advanced,2026-05-01,0,Medium
E02053,SK042,15.0,Advanced,2026-05-01,0,High
E02053,SK043,15.0,Advanced,2026-05-01,0,Medium
E02054,SK044,5.0,Intermediate,2026-05-01,0,Medium
E02054,SK045,5.0,Intermediate,2026-05-01,0,Medium
E02054,SK046,5.0,Intermediate,2026-05-01,0,Medium
E02055,SK040,7.0,Advanced,2026-05-01,1,High
E02056,SK044,15.0,Advanced,2026-05-01,0,Medium
E02056,SK045,15.0,Advanced,2026-05-01,0,Medium
E02056,SK046,15.0,Advanced,2026-05-01,0,Medium
E02056,SK042,15.0,Advanced,2026-05-01,0,High
E02056,SK043,15.0,Advanced,2026-05-01,0,Medium
E02057,SK044,6.0,Advanced,2026-05-01,0,Medium
E02057,SK045,6.0,Advanced,2026-05-01,0,Medium
E02057,SK046,6.0,Advanced,2026-05-01,0,Medium
E02057,SK040,6.0,Advanced,2026-05-01,1,High
E02057,SK052,6.0,Advanced,2026-05-01,0,Medium
E02059,SK044,12.0,Advanced,2026-05-01,0,Medium
E02059,SK045,12.0,Advanced,2026-05-01,0,Medium
E02059,SK046,12.0,Advanced,2026-05-01,0,Medium
E02059,SK042,12.0,Advanced,2026-05-01,0,High
E02059,SK043,12.0,Advanced,2026-05-01,0,Medium
E02060,SK044,0.5,Beginner,2026-05-01,0,Medium
E02060,SK045,0.5,Beginner,2026-05-01,0,Medium
E02060,SK046,0.5,Beginner,2026-05-01,0,Medium
E02061,SK040,2.0,Beginner,2026-05-01,0,High
E02062,SK044,9.0,Advanced,2026-05-01,0,Medium
E02062,SK045,9.0,Advanced,2026-05-01,0,Medium
E02062,SK046,9.0,Advanced,2026-05-01,0,Medium
E02062,SK042,9.0,Advanced,2026-05-01,0,High
E02062,SK043,9.0,Advanced,2026-05-01,0,Medium
E02063,SK044,11.0,Advanced,2026-05-01,0,Medium
E02063,SK045,11.0,Advanced,2026-05-01,0,Medium
E02063,SK046,11.0,Advanced,2026-05-01,0,Medium
E02063,SK039,11.0,Advanced,2026-05-01,1,High
E02063,SK049,11.0,Advanced,2026-05-01,0,High
E02064,SK044,5.0,Intermediate,2026-05-01,0,Medium
E02064,SK045,5.0,Intermediate,2026-05-01,0,Medium
E02064,SK046,5.0,Intermediate,2026-05-01,0,Medium
E02064,SK052,5.0,Intermediate,2026-05-01,0,Medium
E02064,SK053,5.0,Intermediate,2026-05-01,0,Medium
E02065,SK040,3.0,Intermediate,2026-05-01,1,High
E02066,SK044,10.0,Advanced,2026-05-01,0,Medium
E02066,SK045,10.0,Advanced,2026-05-01,0,Medium
E02066,SK046,10.0,Advanced,2026-05-01,0,Medium
E02066,SK039,10.0,Advanced,2026-05-01,1,High
E02066,SK049,10.0,Advanced,2026-05-01,0,High
E02067,SK044,12.0,Advanced,2026-05-01,0,Medium
E02067,SK045,12.0,Advanced,2026-05-01,0,Medium
E02067,SK046,12.0,Advanced,2026-05-01,0,Medium
E02067,SK040,12.0,Advanced,2026-05-01,1,High
E02067,SK042,12.0,Advanced,2026-05-01,0,High
E02069,SK044,7.0,Advanced,2026-05-01,0,Medium
E02069,SK045,7.0,Advanced,2026-05-01,0,Medium
E02069,SK046,7.0,Advanced,2026-05-01,0,Medium
E02069,SK042,7.0,Advanced,2026-05-01,0,High
E02069,SK043,7.0,Advanced,2026-05-01,0,Medium
E02070,SK044,11.0,Advanced,2026-05-01,0,Medium
E02070,SK045,11.0,Advanced,2026-05-01,0,Medium
E02070,SK046,11.0,Advanced,2026-05-01,0,Medium
E02070,SK042,11.0,Advanced,2026-05-01,0,High
E02070,SK043,11.0,Advanced,2026-05-01,0,Medium
E02071,SK044,11.0,Advanced,2026-05-01,0,Medium
E02071,SK045,11.0,Advanced,2026-05-01,0,Medium
E02071,SK046,11.0,Advanced,2026-05-01,0,Medium
E02071,SK040,11.0,Advanced,2026-05-01,1,High
E02071,SK042,11.0,Advanced,2026-05-01,0,High
E02072,SK044,6.0,Advanced,2026-05-01,0,Medium
E02072,SK045,6.0,Advanced,2026-05-01,0,Medium
E02072,SK046,6.0,Advanced,2026-05-01,0,Medium
E02072,SK040,6.0,Advanced,2026-05-01,1,High
E02072,SK042,6.0,Advanced,2026-05-01,0,High
E02073,SK044,4.0,Intermediate,2026-05-01,0,Medium
E02073,SK045,4.0,Intermediate,2026-05-01,0,Medium
E02073,SK046,4.0,Intermediate,2026-05-01,0,Medium
E02073,SK040,4.0,Intermediate,2026-05-01,1,High
E02073,SK052,4.0,Intermediate,2026-05-01,0,Medium
E02076,SK044,10.0,Advanced,2026-05-01,0,Medium
E02076,SK045,10.0,Advanced,2026-05-01,0,Medium
E02076,SK046,10.0,Advanced,2026-05-01,0,Medium
E02076,SK042,10.0,Advanced,2026-05-01,0,High
E02076,SK043,10.0,Advanced,2026-05-01,0,Medium
E02077,SK044,12.0,Advanced,2026-05-01,0,Medium
E02077,SK045,12.0,Advanced,2026-05-01,0,Medium
E02077,SK046,12.0,Advanced,2026-05-01,0,Medium
E02077,SK042,12.0,Advanced,2026-05-01,0,High
E02077,SK043,12.0,Advanced,2026-05-01,0,Medium
E02078,SK040,1.0,Beginner,2026-05-01,0,High
E02080,SK044,12.0,Advanced,2026-05-01,0,Medium
E02080,SK045,12.0,Advanced,2026-05-01,0,Medium
E02080,SK046,12.0,Advanced,2026-05-01,0,Medium
E02080,SK042,12.0,Advanced,2026-05-01,0,High
E02080,SK043,12.0,Advanced,2026-05-01,0,Medium
E02081,SK044,0.5,Beginner,2026-05-01,0,Medium
E02081,SK045,0.5,Beginner,2026-05-01,0,Medium
E02081,SK046,0.5,Beginner,2026-05-01,0,Medium
E02082,SK040,4.0,Intermediate,2026-05-01,1,High
E02084,SK044,11.0,Advanced,2026-05-01,0,Medium
E02084,SK045,11.0,Advanced,2026-05-01,0,Medium
E02084,SK046,11.0,Advanced,2026-05-01,0,Medium
E02084,SK042,11.0,Advanced,2026-05-01,0,High
E02084,SK043,11.0,Advanced,2026-05-01,0,Medium
E02085,SK044,9.0,Advanced,2026-05-01,0,Medium
E02085,SK045,9.0,Advanced,2026-05-01,0,Medium
E02085,SK046,9.0,Advanced,2026-05-01,0,Medium
E02085,SK039,9.0,Advanced,2026-05-01,1,High
E02085,SK049,9.0,Advanced,2026-05-01,0,High
E02088,SK047,4.0,Intermediate,2026-05-01,0,Medium
E02088,SK048,4.0,Intermediate,2026-05-01,0,Medium
E02089,SK044,7.0,Advanced,2026-05-01,0,Medium
E02089,SK045,7.0,Advanced,2026-05-01,0,Medium
E02089,SK046,7.0,Advanced,2026-05-01,0,Medium
E02089,SK042,7.0,Advanced,2026-05-01,0,High
E02089,SK043,7.0,Advanced,2026-05-01,0,Medium
E02090,SK044,1.0,Beginner,2026-05-01,0,Medium
E02090,SK045,1.0,Beginner,2026-05-01,0,Medium
E02090,SK046,1.0,Beginner,2026-05-01,0,Medium
E02090,SK040,1.0,Beginner,2026-05-01,0,High
E02090,SK052,1.0,Beginner,2026-05-01,0,Medium
E02091,SK044,9.0,Advanced,2026-05-01,0,Medium
E02091,SK045,9.0,Advanced,2026-05-01,0,Medium
E02091,SK046,9.0,Advanced,2026-05-01,0,Medium
E02091,SK042,9.0,Advanced,2026-05-01,0,High
E02091,SK043,9.0,Advanced,2026-05-01,0,Medium
E02092,SK044,10.0,Advanced,2026-05-01,0,Medium
E02092,SK045,10.0,Advanced,2026-05-01,0,Medium
E02092,SK046,10.0,Advanced,2026-05-01,0,Medium
E02092,SK042,10.0,Advanced,2026-05-01,0,High
E02092,SK043,10.0,Advanced,2026-05-01,0,Medium
E02093,SK044,6.0,Advanced,2026-05-01,0,Medium
E02093,SK052,6.0,Advanced,2026-05-01,0,Medium
E02094,SK044,12.0,Advanced,2026-05-01,0,Medium
E02094,SK045,12.0,Advanced,2026-05-01,0,Medium
E02094,SK046,12.0,Advanced,2026-05-01,0,Medium
E02094,SK042,12.0,Advanced,2026-05-01,0,High
E02094,SK043,12.0,Advanced,2026-05-01,0,Medium
E02095,SK047,5.0,Intermediate,2026-05-01,0,Medium
E02095,SK048,5.0,Intermediate,2026-05-01,0,Medium
E02096,SK044,9.0,Advanced,2026-05-01,0,Medium
E02096,SK045,9.0,Advanced,2026-05-01,0,Medium
E02096,SK046,9.0,Advanced,2026-05-01,0,Medium
E02096,SK042,9.0,Advanced,2026-05-01,0,High
E02096,SK043,9.0,Advanced,2026-05-01,0,Medium
E02097,SK044,12.0,Advanced,2026-05-01,0,Medium
E02097,SK045,12.0,Advanced,2026-05-01,0,Medium
E02097,SK046,12.0,Advanced,2026-05-01,0,Medium
E02097,SK042,12.0,Advanced,2026-05-01,0,High
E02097,SK043,12.0,Advanced,2026-05-01,0,Medium
E02098,SK044,14.0,Advanced,2026-05-01,0,Medium
E02098,SK045,14.0,Advanced,2026-05-01,0,Medium
E02098,SK046,14.0,Advanced,2026-05-01,0,Medium
E02098,SK042,14.0,Advanced,2026-05-01,0,High
E02098,SK043,14.0,Advanced,2026-05-01,0,Medium
E02099,SK040,2.0,Beginner,2026-05-01,0,High
E02100,SK044,8.0,Advanced,2026-05-01,0,Medium
E02100,SK045,8.0,Advanced,2026-05-01,0,Medium
E02100,SK046,8.0,Advanced,2026-05-01,0,Medium
E02100,SK042,8.0,Advanced,2026-05-01,0,High
E02100,SK043,8.0,Advanced,2026-05-01,0,Medium
E02101,SK044,7.0,Advanced,2026-05-01,0,Medium
E02101,SK045,7.0,Advanced,2026-05-01,0,Medium
E02101,SK046,7.0,Advanced,2026-05-01,0,Medium
E02102,SK044,0.5,Beginner,2026-05-01,0,Medium
E02102,SK045,0.5,Beginner,2026-05-01,0,Medium
E02102,SK046,0.5,Beginner,2026-05-01,0,Medium
E02102,SK040,0.5,Beginner,2026-05-01,0,High
E02102,SK047,0.5,Beginner,2026-05-01,0,Medium
E02104,SK044,7.0,Advanced,2026-05-01,0,Medium
E02104,SK045,7.0,Advanced,2026-05-01,0,Medium
E02104,SK046,7.0,Advanced,2026-05-01,0,Medium
E02104,SK042,7.0,Advanced,2026-05-01,0,High
E02104,SK043,7.0,Advanced,2026-05-01,0,Medium
E02105,SK044,6.0,Advanced,2026-05-01,0,Medium
E02105,SK045,6.0,Advanced,2026-05-01,0,Medium
E02105,SK046,6.0,Advanced,2026-05-01,0,Medium
E02105,SK040,6.0,Advanced,2026-05-01,1,High
E02105,SK042,6.0,Advanced,2026-05-01,0,High
E02106,SK040,4.0,Intermediate,2026-05-01,1,High
E02107,SK040,3.0,Intermediate,2026-05-01,1,High
E02109,SK044,11.0,Advanced,2026-05-01,0,Medium
E02109,SK045,11.0,Advanced,2026-05-01,0,Medium
E02109,SK046,11.0,Advanced,2026-05-01,0,Medium
E02109,SK040,11.0,Advanced,2026-05-01,1,High
E02109,SK042,11.0,Advanced,2026-05-01,0,High
E02110,SK044,12.0,Advanced,2026-05-01,0,Medium
E02110,SK045,12.0,Advanced,2026-05-01,0,Medium
E02110,SK046,12.0,Advanced,2026-05-01,0,Medium
E02110,SK042,12.0,Advanced,2026-05-01,0,High
E02110,SK043,12.0,Advanced,2026-05-01,0,Medium
E02111,SK040,1.0,Beginner,2026-05-01,0,High
E02112,SK040,5.0,Intermediate,2026-05-01,1,High
E02113,SK040,6.0,Advanced,2026-05-01,1,High
E02114,SK040,3.0,Intermediate,2026-05-01,1,High
E02115,SK040,0.5,Beginner,2026-05-01,0,High
E02116,SK044,6.0,Advanced,2026-05-01,0,Medium
E02116,SK045,6.0,Advanced,2026-05-01,0,Medium
E02116,SK046,6.0,Advanced,2026-05-01,0,Medium
E02116,SK042,6.0,Advanced,2026-05-01,0,High
E02116,SK043,6.0,Advanced,2026-05-01,0,Medium
E02117,SK044,15.0,Advanced,2026-05-01,0,Medium
E02117,SK045,15.0,Advanced,2026-05-01,0,Medium
E02117,SK046,15.0,Advanced,2026-05-01,0,Medium
E02117,SK039,15.0,Advanced,2026-05-01,1,High
E02117,SK049,15.0,Advanced,2026-05-01,0,High
E02118,SK040,6.0,Advanced,2026-05-01,1,High
E02119,SK044,6.0,Advanced,2026-05-01,0,Medium
E02119,SK045,6.0,Advanced,2026-05-01,0,Medium
E02119,SK046,6.0,Advanced,2026-05-01,0,Medium
E02119,SK039,6.0,Advanced,2026-05-01,1,High
E02119,SK049,6.0,Advanced,2026-05-01,0,High
E02120,SK044,8.0,Advanced,2026-05-01,0,Medium
E02120,SK045,8.0,Advanced,2026-05-01,0,Medium
E02120,SK046,8.0,Advanced,2026-05-01,0,Medium
E02120,SK040,8.0,Advanced,2026-05-01,1,High
E02120,SK042,8.0,Advanced,2026-05-01,0,High
E02121,SK044,2.0,Beginner,2026-05-01,0,Medium
E02121,SK045,2.0,Beginner,2026-05-01,0,Medium
E02121,SK046,2.0,Beginner,2026-05-01,0,Medium
E02121,SK039,2.0,Beginner,2026-05-01,0,High
E02121,SK049,2.0,Beginner,2026-05-01,0,High
E02123,SK044,8.0,Advanced,2026-05-01,0,Medium
E02123,SK045,8.0,Advanced,2026-05-01,0,Medium
E02123,SK046,8.0,Advanced,2026-05-01,0,Medium
E02123,SK040,8.0,Advanced,2026-05-01,1,High
E02123,SK042,8.0,Advanced,2026-05-01,0,High
E02124,SK044,8.0,Advanced,2026-05-01,0,Medium
E02124,SK045,8.0,Advanced,2026-05-01,0,Medium
E02124,SK046,8.0,Advanced,2026-05-01,0,Medium
E02124,SK040,8.0,Advanced,2026-05-01,1,High
E02124,SK042,8.0,Advanced,2026-05-01,0,High
E02127,SK044,1.0,Beginner,2026-05-01,0,Medium
E02127,SK045,1.0,Beginner,2026-05-01,0,Medium
E02127,SK046,1.0,Beginner,2026-05-01,0,Medium
E02127,SK039,1.0,Beginner,2026-05-01,0,High
E02127,SK049,1.0,Beginner,2026-05-01,0,High
E02128,SK044,9.0,Advanced,2026-05-01,0,Medium
E02128,SK045,9.0,Advanced,2026-05-01,0,Medium
E02128,SK046,9.0,Advanced,2026-05-01,0,Medium
E02128,SK042,9.0,Advanced,2026-05-01,0,High
E02128,SK043,9.0,Advanced,2026-05-01,0,Medium
E02129,SK044,7.0,Advanced,2026-05-01,0,Medium
E02129,SK045,7.0,Advanced,2026-05-01,0,Medium
E02129,SK046,7.0,Advanced,2026-05-01,0,Medium
E02129,SK042,7.0,Advanced,2026-05-01,0,High
E02129,SK043,7.0,Advanced,2026-05-01,0,Medium
E02130,SK044,6.0,Advanced,2026-05-01,0,Medium
E02130,SK045,6.0,Advanced,2026-05-01,0,Medium
E02130,SK046,6.0,Advanced,2026-05-01,0,Medium
E02130,SK042,6.0,Advanced,2026-05-01,0,High
E02130,SK043,6.0,Advanced,2026-05-01,0,Medium
E02131,SK047,1.0,Beginner,2026-05-01,0,Medium
E02131,SK048,1.0,Beginner,2026-05-01,0,Medium
E02133,SK044,11.0,Advanced,2026-05-01,0,Medium
E02133,SK045,11.0,Advanced,2026-05-01,0,Medium
E02133,SK046,11.0,Advanced,2026-05-01,0,Medium
E02133,SK040,11.0,Advanced,2026-05-01,1,High
E02133,SK042,11.0,Advanced,2026-05-01,0,High
E02134,SK044,6.0,Advanced,2026-05-01,0,Medium
E02134,SK045,6.0,Advanced,2026-05-01,0,Medium
E02134,SK046,6.0,Advanced,2026-05-01,0,Medium
E02134,SK039,6.0,Advanced,2026-05-01,1,High
E02134,SK049,6.0,Advanced,2026-05-01,0,High
E02135,SK044,5.0,Intermediate,2026-05-01,0,Medium
E02135,SK052,5.0,Intermediate,2026-05-01,0,Medium
E02136,SK044,15.0,Advanced,2026-05-01,0,Medium
E02136,SK045,15.0,Advanced,2026-05-01,0,Medium
E02136,SK046,15.0,Advanced,2026-05-01,0,Medium
E02136,SK042,15.0,Advanced,2026-05-01,0,High
E02136,SK043,15.0,Advanced,2026-05-01,0,Medium
E02137,SK047,7.0,Advanced,2026-05-01,0,Medium
E02137,SK048,7.0,Advanced,2026-05-01,0,Medium
E02138,SK044,9.0,Advanced,2026-05-01,0,Medium
E02138,SK045,9.0,Advanced,2026-05-01,0,Medium
E02138,SK046,9.0,Advanced,2026-05-01,0,Medium
E02138,SK042,9.0,Advanced,2026-05-01,0,High
E02138,SK043,9.0,Advanced,2026-05-01,0,Medium
E02140,SK044,6.0,Advanced,2026-05-01,0,Medium
E02140,SK045,6.0,Advanced,2026-05-01,0,Medium
E02140,SK046,6.0,Advanced,2026-05-01,0,Medium
E02140,SK042,6.0,Advanced,2026-05-01,0,High
E02140,SK043,6.0,Advanced,2026-05-01,0,Medium
E02141,SK040,1.0,Beginner,2026-05-01,0,High
E02142,SK044,10.0,Advanced,2026-05-01,0,Medium
E02142,SK045,10.0,Advanced,2026-05-01,0,Medium
E02142,SK046,10.0,Advanced,2026-05-01,0,Medium
E02142,SK042,10.0,Advanced,2026-05-01,0,High
E02142,SK043,10.0,Advanced,2026-05-01,0,Medium
E02143,SK044,13.0,Advanced,2026-05-01,0,Medium
E02143,SK045,13.0,Advanced,2026-05-01,0,Medium
E02143,SK046,13.0,Advanced,2026-05-01,0,Medium
E02143,SK039,13.0,Advanced,2026-05-01,1,High
E02143,SK049,13.0,Advanced,2026-05-01,0,High
E02146,SK044,15.0,Advanced,2026-05-01,0,Medium
E02146,SK045,15.0,Advanced,2026-05-01,0,Medium
E02146,SK046,15.0,Advanced,2026-05-01,0,Medium
E02146,SK042,15.0,Advanced,2026-05-01,0,High
E02146,SK043,15.0,Advanced,2026-05-01,0,Medium
E02147,SK040,7.0,Advanced,2026-05-01,1,High
E02148,SK044,8.0,Advanced,2026-05-01,0,Medium
E02148,SK045,8.0,Advanced,2026-05-01,0,Medium
E02148,SK046,8.0,Advanced,2026-05-01,0,Medium
E02148,SK040,8.0,Advanced,2026-05-01,1,High
E02148,SK042,8.0,Advanced,2026-05-01,0,High
E02149,SK044,6.0,Advanced,2026-05-01,0,Medium
E02149,SK045,6.0,Advanced,2026-05-01,0,Medium
E02149,SK046,6.0,Advanced,2026-05-01,0,Medium
E02149,SK052,6.0,Advanced,2026-05-01,0,Medium
E02149,SK053,6.0,Advanced,2026-05-01,0,Medium
E02150,SK044,3.0,Intermediate,2026-05-01,0,Medium
E02150,SK045,3.0,Intermediate,2026-05-01,0,Medium
E02150,SK046,3.0,Intermediate,2026-05-01,0,Medium
E02150,SK047,3.0,Intermediate,2026-05-01,0,Medium
E02150,SK048,3.0,Intermediate,2026-05-01,0,Medium
E02151,SK040,5.0,Intermediate,2026-05-01,1,High
E02152,SK044,7.0,Advanced,2026-05-01,0,Medium
E02152,SK045,7.0,Advanced,2026-05-01,0,Medium
E02152,SK046,7.0,Advanced,2026-05-01,0,Medium
E02152,SK042,7.0,Advanced,2026-05-01,0,High
E02152,SK043,7.0,Advanced,2026-05-01,0,Medium
E02153,SK044,6.0,Advanced,2026-05-01,0,Medium
E02153,SK045,6.0,Advanced,2026-05-01,0,Medium
E02153,SK046,6.0,Advanced,2026-05-01,0,Medium
E02153,SK040,6.0,Advanced,2026-05-01,1,High
E02153,SK042,6.0,Advanced,2026-05-01,0,High
E02155,SK044,4.0,Intermediate,2026-05-01,0,Medium
E02155,SK045,4.0,Intermediate,2026-05-01,0,Medium
E02155,SK046,4.0,Intermediate,2026-05-01,0,Medium
E02155,SK039,4.0,Intermediate,2026-05-01,1,High
E02155,SK049,4.0,Intermediate,2026-05-01,0,High
E02156,SK044,6.0,Advanced,2026-05-01,0,Medium
E02156,SK045,6.0,Advanced,2026-05-01,0,Medium
E02156,SK046,6.0,Advanced,2026-05-01,0,Medium
E02156,SK042,6.0,Advanced,2026-05-01,0,High
E02156,SK043,6.0,Advanced,2026-05-01,0,Medium
E02157,SK044,0.5,Beginner,2026-05-01,0,Medium
E02157,SK045,0.5,Beginner,2026-05-01,0,Medium
E02157,SK046,0.5,Beginner,2026-05-01,0,Medium
E02157,SK040,0.5,Beginner,2026-05-01,0,High
E02157,SK052,0.5,Beginner,2026-05-01,0,Medium
E02158,SK044,9.0,Advanced,2026-05-01,0,Medium
E02158,SK045,9.0,Advanced,2026-05-01,0,Medium
E02158,SK046,9.0,Advanced,2026-05-01,0,Medium
E02158,SK042,9.0,Advanced,2026-05-01,0,High
E02158,SK043,9.0,Advanced,2026-05-01,0,Medium
E02159,SK040,5.0,Intermediate,2026-05-01,1,High
E02160,SK044,9.0,Advanced,2026-05-01,0,Medium
E02160,SK045,9.0,Advanced,2026-05-01,0,Medium
E02160,SK046,9.0,Advanced,2026-05-01,0,Medium
E02160,SK040,9.0,Advanced,2026-05-01,1,High
E02160,SK042,9.0,Advanced,2026-05-01,0,High
E02161,SK044,11.0,Advanced,2026-05-01,0,Medium
E02161,SK045,11.0,Advanced,2026-05-01,0,Medium
E02161,SK046,11.0,Advanced,2026-05-01,0,Medium
E02161,SK042,11.0,Advanced,2026-05-01,0,High
E02161,SK043,11.0,Advanced,2026-05-01,0,Medium
E02162,SK044,10.0,Advanced,2026-05-01,0,Medium
E02162,SK045,10.0,Advanced,2026-05-01,0,Medium
E02162,SK046,10.0,Advanced,2026-05-01,0,Medium
E02162,SK042,10.0,Advanced,2026-05-01,0,High
E02162,SK043,10.0,Advanced,2026-05-01,0,Medium
E02163,SK044,8.0,Advanced,2026-05-01,0,Medium
E02163,SK045,8.0,Advanced,2026-05-01,0,Medium
E02163,SK046,8.0,Advanced,2026-05-01,0,Medium
E02163,SK042,8.0,Advanced,2026-05-01,0,High
E02163,SK043,8.0,Advanced,2026-05-01,0,Medium
E02165,SK044,2.0,Beginner,2026-05-01,0,Medium
E02165,SK045,2.0,Beginner,2026-05-01,0,Medium
E02165,SK046,2.0,Beginner,2026-05-01,0,Medium
E02165,SK047,2.0,Beginner,2026-05-01,0,Medium
E02165,SK048,2.0,Beginner,2026-05-01,0,Medium
E02166,SK044,15.0,Advanced,2026-05-01,0,Medium
E02166,SK045,15.0,Advanced,2026-05-01,0,Medium
E02166,SK046,15.0,Advanced,2026-05-01,0,Medium
E02166,SK040,15.0,Advanced,2026-05-01,1,High
E02166,SK042,15.0,Advanced,2026-05-01,0,High
E02167,SK044,7.0,Advanced,2026-05-01,0,Medium
E02167,SK052,7.0,Advanced,2026-05-01,0,Medium
E02168,SK044,10.0,Advanced,2026-05-01,0,Medium
E02168,SK045,10.0,Advanced,2026-05-01,0,Medium
E02168,SK046,10.0,Advanced,2026-05-01,0,Medium
E02168,SK042,10.0,Advanced,2026-05-01,0,High
E02168,SK043,10.0,Advanced,2026-05-01,0,Medium
E02169,SK040,6.0,Advanced,2026-05-01,1,High
E02171,SK044,8.0,Advanced,2026-05-01,0,Medium
E02171,SK045,8.0,Advanced,2026-05-01,0,Medium
E02171,SK046,8.0,Advanced,2026-05-01,0,Medium
E02171,SK042,8.0,Advanced,2026-05-01,0,High
E02171,SK043,8.0,Advanced,2026-05-01,0,Medium
E02172,SK044,10.0,Advanced,2026-05-01,0,Medium
E02172,SK045,10.0,Advanced,2026-05-01,0,Medium
E02172,SK046,10.0,Advanced,2026-05-01,0,Medium
E02172,SK042,10.0,Advanced,2026-05-01,0,High
E02172,SK043,10.0,Advanced,2026-05-01,0,Medium
E02173,SK044,10.0,Advanced,2026-05-01,0,Medium
E02173,SK045,10.0,Advanced,2026-05-01,0,Medium
E02173,SK046,10.0,Advanced,2026-05-01,0,Medium
E02173,SK042,10.0,Advanced,2026-05-01,0,High
E02173,SK043,10.0,Advanced,2026-05-01,0,Medium
E02174,SK044,10.0,Advanced,2026-05-01,0,Medium
E02174,SK045,10.0,Advanced,2026-05-01,0,Medium
E02174,SK046,10.0,Advanced,2026-05-01,0,Medium
E02174,SK040,10.0,Advanced,2026-05-01,1,High
E02174,SK042,10.0,Advanced,2026-05-01,0,High
E02175,SK040,2.0,Beginner,2026-05-01,0,High
E02176,SK047,4.0,Intermediate,2026-05-01,0,Medium
E02176,SK048,4.0,Intermediate,2026-05-01,0,Medium
E02177,SK040,0.5,Beginner,2026-05-01,0,High
E02178,SK044,3.0,Intermediate,2026-05-01,0,Medium
E02178,SK045,3.0,Intermediate,2026-05-01,0,Medium
E02178,SK046,3.0,Intermediate,2026-05-01,0,Medium
E02178,SK040,3.0,Intermediate,2026-05-01,1,High
E02178,SK047,3.0,Intermediate,2026-05-01,0,Medium
E02179,SK047,3.0,Intermediate,2026-05-01,0,Medium
E02179,SK048,3.0,Intermediate,2026-05-01,0,Medium
E02181,SK044,4.0,Intermediate,2026-05-01,0,Medium
E02181,SK045,4.0,Intermediate,2026-05-01,0,Medium
E02181,SK046,4.0,Intermediate,2026-05-01,0,Medium
E02181,SK040,4.0,Intermediate,2026-05-01,1,High
E02181,SK052,4.0,Intermediate,2026-05-01,0,Medium
E02182,SK044,8.0,Advanced,2026-05-01,0,Medium
E02182,SK045,8.0,Advanced,2026-05-01,0,Medium
E02182,SK046,8.0,Advanced,2026-05-01,0,Medium
E02182,SK040,8.0,Advanced,2026-05-01,1,High
E02182,SK042,8.0,Advanced,2026-05-01,0,High
E02183,SK044,3.0,Intermediate,2026-05-01,0,Medium
E02183,SK045,3.0,Intermediate,2026-05-01,0,Medium
E02183,SK046,3.0,Intermediate,2026-05-01,0,Medium
E02183,SK047,3.0,Intermediate,2026-05-01,0,Medium
E02183,SK048,3.0,Intermediate,2026-05-01,0,Medium
E02184,SK044,7.0,Advanced,2026-05-01,0,Medium
E02184,SK045,7.0,Advanced,2026-05-01,0,Medium
E02184,SK046,7.0,Advanced,2026-05-01,0,Medium
E02184,SK040,7.0,Advanced,2026-05-01,1,High
E02184,SK042,7.0,Advanced,2026-05-01,0,High
E02185,SK040,4.0,Intermediate,2026-05-01,1,High
E02187,SK044,2.0,Beginner,2026-05-01,0,Medium
E02187,SK052,2.0,Beginner,2026-05-01,0,Medium
E02188,SK044,9.0,Advanced,2026-05-01,0,Medium
E02188,SK045,9.0,Advanced,2026-05-01,0,Medium
E02188,SK046,9.0,Advanced,2026-05-01,0,Medium
E02188,SK042,9.0,Advanced,2026-05-01,0,High
E02188,SK043,9.0,Advanced,2026-05-01,0,Medium
E02189,SK044,15.0,Advanced,2026-05-01,0,Medium
E02189,SK045,15.0,Advanced,2026-05-01,0,Medium
E02189,SK046,15.0,Advanced,2026-05-01,0,Medium
E02189,SK042,15.0,Advanced,2026-05-01,0,High
E02189,SK043,15.0,Advanced,2026-05-01,0,Medium
E02190,SK044,6.0,Advanced,2026-05-01,0,Medium
E02190,SK045,6.0,Advanced,2026-05-01,0,Medium
E02190,SK046,6.0,Advanced,2026-05-01,0,Medium
E02190,SK040,6.0,Advanced,2026-05-01,1,High
E02190,SK052,6.0,Advanced,2026-05-01,0,Medium
E02192,SK044,9.0,Advanced,2026-05-01,0,Medium
E02192,SK045,9.0,Advanced,2026-05-01,0,Medium
E02192,SK046,9.0,Advanced,2026-05-01,0,Medium
E02192,SK040,9.0,Advanced,2026-05-01,1,High
E02192,SK042,9.0,Advanced,2026-05-01,0,High
E02193,SK044,8.0,Advanced,2026-05-01,0,Medium
E02193,SK045,8.0,Advanced,2026-05-01,0,Medium
E02193,SK046,8.0,Advanced,2026-05-01,0,Medium
E02193,SK042,8.0,Advanced,2026-05-01,0,High
E02193,SK043,8.0,Advanced,2026-05-01,0,Medium
E02194,SK044,9.0,Advanced,2026-05-01,0,Medium
E02194,SK045,9.0,Advanced,2026-05-01,0,Medium
E02194,SK046,9.0,Advanced,2026-05-01,0,Medium
E02194,SK042,9.0,Advanced,2026-05-01,0,High
E02194,SK043,9.0,Advanced,2026-05-01,0,Medium
E02196,SK044,6.0,Advanced,2026-05-01,0,Medium
E02196,SK045,6.0,Advanced,2026-05-01,0,Medium
E02196,SK046,6.0,Advanced,2026-05-01,0,Medium
E02196,SK039,6.0,Advanced,2026-05-01,1,High
E02196,SK049,6.0,Advanced,2026-05-01,0,High
E02197,SK040,5.0,Intermediate,2026-05-01,1,High
E02198,SK044,11.0,Advanced,2026-05-01,0,Medium
E02198,SK045,11.0,Advanced,2026-05-01,0,Medium
E02198,SK046,11.0,Advanced,2026-05-01,0,Medium
E02198,SK040,11.0,Advanced,2026-05-01,1,High
E02198,SK042,11.0,Advanced,2026-05-01,0,High
E02199,SK044,15.0,Advanced,2026-05-01,0,Medium
E02199,SK045,15.0,Advanced,2026-05-01,0,Medium
E02199,SK046,15.0,Advanced,2026-05-01,0,Medium
E02199,SK042,15.0,Advanced,2026-05-01,0,High
E02199,SK043,15.0,Advanced,2026-05-01,0,Medium
E02200,SK044,9.0,Advanced,2026-05-01,0,Medium
E02200,SK045,9.0,Advanced,2026-05-01,0,Medium
E02200,SK046,9.0,Advanced,2026-05-01,0,Medium
E02200,SK040,9.0,Advanced,2026-05-01,1,High
E02200,SK042,9.0,Advanced,2026-05-01,0,High
E02201,SK044,12.0,Advanced,2026-05-01,0,Medium
E02201,SK045,12.0,Advanced,2026-05-01,0,Medium
E02201,SK046,12.0,Advanced,2026-05-01,0,Medium
E02201,SK042,12.0,Advanced,2026-05-01,0,High
E02201,SK043,12.0,Advanced,2026-05-01,0,Medium
E02202,SK040,7.0,Advanced,2026-05-01,1,High
E02205,SK040,3.0,Intermediate,2026-05-01,1,High
E02206,SK040,4.0,Intermediate,2026-05-01,1,High
E02207,SK040,6.0,Advanced,2026-05-01,1,High
E02208,SK044,14.0,Advanced,2026-05-01,0,Medium
E02208,SK045,14.0,Advanced,2026-05-01,0,Medium
E02208,SK046,14.0,Advanced,2026-05-01,0,Medium
E02208,SK039,14.0,Advanced,2026-05-01,1,High
E02208,SK049,14.0,Advanced,2026-05-01,0,High
E02210,SK044,3.0,Intermediate,2026-05-01,0,Medium
E02210,SK045,3.0,Intermediate,2026-05-01,0,Medium
E02210,SK046,3.0,Intermediate,2026-05-01,0,Medium
E02210,SK052,3.0,Intermediate,2026-05-01,0,Medium
E02210,SK053,3.0,Intermediate,2026-05-01,0,Medium
E02211,SK047,3.0,Intermediate,2026-05-01,0,Medium
E02211,SK048,3.0,Intermediate,2026-05-01,0,Medium
E02212,SK044,15.0,Advanced,2026-05-01,0,Medium
E02212,SK045,15.0,Advanced,2026-05-01,0,Medium
E02212,SK046,15.0,Advanced,2026-05-01,0,Medium
E02212,SK042,15.0,Advanced,2026-05-01,0,High
E02212,SK043,15.0,Advanced,2026-05-01,0,Medium
E02213,SK040,5.0,Intermediate,2026-05-01,1,High
E02214,SK044,7.0,Advanced,2026-05-01,0,Medium
E02214,SK045,7.0,Advanced,2026-05-01,0,Medium
E02214,SK046,7.0,Advanced,2026-05-01,0,Medium
E02214,SK042,7.0,Advanced,2026-05-01,0,High
E02214,SK043,7.0,Advanced,2026-05-01,0,Medium
E02216,SK044,9.0,Advanced,2026-05-01,0,Medium
E02216,SK045,9.0,Advanced,2026-05-01,0,Medium
E02216,SK046,9.0,Advanced,2026-05-01,0,Medium
E02216,SK042,9.0,Advanced,2026-05-01,0,High
E02216,SK043,9.0,Advanced,2026-05-01,0,Medium
E02220,SK040,1.0,Beginner,2026-05-01,0,High
E02221,SK040,0.5,Beginner,2026-05-01,0,High
E02222,SK044,11.0,Advanced,2026-05-01,0,Medium
E02222,SK045,11.0,Advanced,2026-05-01,0,Medium
E02222,SK046,11.0,Advanced,2026-05-01,0,Medium
E02222,SK042,11.0,Advanced,2026-05-01,0,High
E02222,SK043,11.0,Advanced,2026-05-01,0,Medium
E02224,SK040,1.0,Beginner,2026-05-01,0,High
E02225,SK044,11.0,Advanced,2026-05-01,0,Medium
E02225,SK045,11.0,Advanced,2026-05-01,0,Medium
E02225,SK046,11.0,Advanced,2026-05-01,0,Medium
E02225,SK040,11.0,Advanced,2026-05-01,1,High
E02225,SK042,11.0,Advanced,2026-05-01,0,High
E02226,SK044,3.0,Intermediate,2026-05-01,0,Medium
E02226,SK052,3.0,Intermediate,2026-05-01,0,Medium
E02227,SK044,12.0,Advanced,2026-05-01,0,Medium
E02227,SK045,12.0,Advanced,2026-05-01,0,Medium
E02227,SK046,12.0,Advanced,2026-05-01,0,Medium
E02227,SK042,12.0,Advanced,2026-05-01,0,High
E02227,SK043,12.0,Advanced,2026-05-01,0,Medium
E02228,SK044,13.0,Advanced,2026-05-01,0,Medium
E02228,SK045,13.0,Advanced,2026-05-01,0,Medium
E02228,SK046,13.0,Advanced,2026-05-01,0,Medium
E02228,SK042,13.0,Advanced,2026-05-01,0,High
E02228,SK043,13.0,Advanced,2026-05-01,0,Medium
E02231,SK044,10.0,Advanced,2026-05-01,0,Medium
E02231,SK045,10.0,Advanced,2026-05-01,0,Medium
E02231,SK046,10.0,Advanced,2026-05-01,0,Medium
E02231,SK042,10.0,Advanced,2026-05-01,0,High
E02231,SK043,10.0,Advanced,2026-05-01,0,Medium
E02232,SK044,6.0,Advanced,2026-05-01,0,Medium
E02232,SK045,6.0,Advanced,2026-05-01,0,Medium
E02232,SK046,6.0,Advanced,2026-05-01,0,Medium
E02232,SK039,6.0,Advanced,2026-05-01,1,High
E02232,SK049,6.0,Advanced,2026-05-01,0,High
E02234,SK044,6.0,Advanced,2026-05-01,0,Medium
E02234,SK045,6.0,Advanced,2026-05-01,0,Medium
E02234,SK046,6.0,Advanced,2026-05-01,0,Medium
E02234,SK042,6.0,Advanced,2026-05-01,0,High
E02234,SK043,6.0,Advanced,2026-05-01,0,Medium
E02235,SK044,10.0,Advanced,2026-05-01,0,Medium
E02235,SK045,10.0,Advanced,2026-05-01,0,Medium
E02235,SK046,10.0,Advanced,2026-05-01,0,Medium
E02235,SK040,10.0,Advanced,2026-05-01,1,High
E02235,SK042,10.0,Advanced,2026-05-01,0,High
E02236,SK040,0.5,Beginner,2026-05-01,0,High
E02238,SK044,0.5,Beginner,2026-05-01,0,Medium
E02238,SK045,0.5,Beginner,2026-05-01,0,Medium
E02238,SK046,0.5,Beginner,2026-05-01,0,Medium
E02238,SK040,0.5,Beginner,2026-05-01,0,High
E02238,SK052,0.5,Beginner,2026-05-01,0,Medium
E02239,SK040,2.0,Beginner,2026-05-01,0,High
E02240,SK044,11.0,Advanced,2026-05-01,0,Medium
E02240,SK045,11.0,Advanced,2026-05-01,0,Medium
E02240,SK046,11.0,Advanced,2026-05-01,0,Medium
E02240,SK042,11.0,Advanced,2026-05-01,0,High
E02240,SK043,11.0,Advanced,2026-05-01,0,Medium
E02241,SK044,10.0,Advanced,2026-05-01,0,Medium
E02241,SK045,10.0,Advanced,2026-05-01,0,Medium
E02241,SK046,10.0,Advanced,2026-05-01,0,Medium
E02241,SK039,10.0,Advanced,2026-05-01,1,High
E02241,SK049,10.0,Advanced,2026-05-01,0,High
E02242,SK044,6.0,Advanced,2026-05-01,0,Medium
E02242,SK045,6.0,Advanced,2026-05-01,0,Medium
E02242,SK046,6.0,Advanced,2026-05-01,0,Medium
E02242,SK042,6.0,Advanced,2026-05-01,0,High
E02242,SK043,6.0,Advanced,2026-05-01,0,Medium
E02244,SK044,3.0,Intermediate,2026-05-01,0,Medium
E02244,SK045,3.0,Intermediate,2026-05-01,0,Medium
E02244,SK046,3.0,Intermediate,2026-05-01,0,Medium
E02244,SK040,3.0,Intermediate,2026-05-01,1,High
E02244,SK052,3.0,Intermediate,2026-05-01,0,Medium
E02245,SK040,1.0,Beginner,2026-05-01,0,High
E02247,SK044,6.0,Advanced,2026-05-01,0,Medium
E02247,SK045,6.0,Advanced,2026-05-01,0,Medium
E02247,SK046,6.0,Advanced,2026-05-01,0,Medium
E02247,SK042,6.0,Advanced,2026-05-01,0,High
E02247,SK043,6.0,Advanced,2026-05-01,0,Medium
E02248,SK044,8.0,Advanced,2026-05-01,0,Medium
E02248,SK045,8.0,Advanced,2026-05-01,0,Medium
E02248,SK046,8.0,Advanced,2026-05-01,0,Medium
E02248,SK040,8.0,Advanced,2026-05-01,1,High
E02248,SK042,8.0,Advanced,2026-05-01,0,High
E02249,SK044,10.0,Advanced,2026-05-01,0,Medium
E02249,SK045,10.0,Advanced,2026-05-01,0,Medium
E02249,SK046,10.0,Advanced,2026-05-01,0,Medium
E02249,SK042,10.0,Advanced,2026-05-01,0,High
E02249,SK043,10.0,Advanced,2026-05-01,0,Medium
E02250,SK044,11.0,Advanced,2026-05-01,0,Medium
E02250,SK045,11.0,Advanced,2026-05-01,0,Medium
E02250,SK046,11.0,Advanced,2026-05-01,0,Medium
E02250,SK042,11.0,Advanced,2026-05-01,0,High
E02250,SK043,11.0,Advanced,2026-05-01,0,Medium
E02251,SK044,11.0,Advanced,2026-05-01,0,Medium
E02251,SK045,11.0,Advanced,2026-05-01,0,Medium
E02251,SK046,11.0,Advanced,2026-05-01,0,Medium
E02251,SK040,11.0,Advanced,2026-05-01,1,High
E02251,SK042,11.0,Advanced,2026-05-01,0,High
E02253,SK044,10.0,Advanced,2026-05-01,0,Medium
E02253,SK045,10.0,Advanced,2026-05-01,0,Medium
E02253,SK046,10.0,Advanced,2026-05-01,0,Medium
E02253,SK042,10.0,Advanced,2026-05-01,0,High
E02253,SK043,10.0,Advanced,2026-05-01,0,Medium
E02254,SK044,0.5,Beginner,2026-05-01,0,Medium
E02254,SK045,0.5,Beginner,2026-05-01,0,Medium
E02254,SK046,0.5,Beginner,2026-05-01,0,Medium
E02254,SK040,0.5,Beginner,2026-05-01,0,High
E02254,SK052,0.5,Beginner,2026-05-01,0,Medium
E02255,SK044,2.0,Beginner,2026-05-01,0,Medium
E02255,SK045,2.0,Beginner,2026-05-01,0,Medium
E02255,SK046,2.0,Beginner,2026-05-01,0,Medium
E02255,SK040,2.0,Beginner,2026-05-01,0,High
E02255,SK052,2.0,Beginner,2026-05-01,0,Medium
E02256,SK040,3.0,Intermediate,2026-05-01,1,High
E02258,SK044,1.0,Beginner,2026-05-01,0,Medium
E02258,SK045,1.0,Beginner,2026-05-01,0,Medium
E02258,SK046,1.0,Beginner,2026-05-01,0,Medium
E02258,SK047,1.0,Beginner,2026-05-01,0,Medium
E02258,SK048,1.0,Beginner,2026-05-01,0,Medium
E02259,SK044,3.0,Intermediate,2026-05-01,0,Medium
E02259,SK045,3.0,Intermediate,2026-05-01,0,Medium
E02259,SK046,3.0,Intermediate,2026-05-01,0,Medium
E02259,SK047,3.0,Intermediate,2026-05-01,0,Medium
E02259,SK048,3.0,Intermediate,2026-05-01,0,Medium
E02260,SK044,9.0,Advanced,2026-05-01,0,Medium
E02260,SK045,9.0,Advanced,2026-05-01,0,Medium
E02260,SK046,9.0,Advanced,2026-05-01,0,Medium
E02260,SK040,9.0,Advanced,2026-05-01,1,High
E02260,SK042,9.0,Advanced,2026-05-01,0,High
E02261,SK044,6.0,Advanced,2026-05-01,0,Medium
E02261,SK045,6.0,Advanced,2026-05-01,0,Medium
E02261,SK046,6.0,Advanced,2026-05-01,0,Medium
E02261,SK040,6.0,Advanced,2026-05-01,1,High
E02261,SK042,6.0,Advanced,2026-05-01,0,High
E02262,SK044,12.0,Advanced,2026-05-01,0,Medium
E02262,SK045,12.0,Advanced,2026-05-01,0,Medium
E02262,SK046,12.0,Advanced,2026-05-01,0,Medium
E02262,SK040,12.0,Advanced,2026-05-01,1,High
E02262,SK042,12.0,Advanced,2026-05-01,0,High
E02263,SK044,10.0,Advanced,2026-05-01,0,Medium
E02263,SK045,10.0,Advanced,2026-05-01,0,Medium
E02263,SK046,10.0,Advanced,2026-05-01,0,Medium
E02263,SK042,10.0,Advanced,2026-05-01,0,High
E02263,SK043,10.0,Advanced,2026-05-01,0,Medium
E02264,SK040,5.0,Intermediate,2026-05-01,1,High
E02266,SK044,13.0,Advanced,2026-05-01,0,Medium
E02266,SK045,13.0,Advanced,2026-05-01,0,Medium
E02266,SK046,13.0,Advanced,2026-05-01,0,Medium
E02266,SK042,13.0,Advanced,2026-05-01,0,High
E02266,SK043,13.0,Advanced,2026-05-01,0,Medium
E02267,SK040,5.0,Intermediate,2026-05-01,1,High
E02268,SK044,1.0,Beginner,2026-05-01,0,Medium
E02268,SK045,1.0,Beginner,2026-05-01,0,Medium
E02268,SK046,1.0,Beginner,2026-05-01,0,Medium
E02268,SK052,1.0,Beginner,2026-05-01,0,Medium
E02268,SK053,1.0,Beginner,2026-05-01,0,Medium
E02269,SK044,6.0,Advanced,2026-05-01,0,Medium
E02269,SK045,6.0,Advanced,2026-05-01,0,Medium
E02269,SK046,6.0,Advanced,2026-05-01,0,Medium
E02269,SK052,6.0,Advanced,2026-05-01,0,Medium
E02269,SK053,6.0,Advanced,2026-05-01,0,Medium
E02270,SK044,10.0,Advanced,2026-05-01,0,Medium
E02270,SK045,10.0,Advanced,2026-05-01,0,Medium
E02270,SK046,10.0,Advanced,2026-05-01,0,Medium
E02270,SK042,10.0,Advanced,2026-05-01,0,High
E02270,SK043,10.0,Advanced,2026-05-01,0,Medium
E02271,SK047,0.5,Beginner,2026-05-01,0,Medium
E02271,SK048,0.5,Beginner,2026-05-01,0,Medium
E02272,SK044,9.0,Advanced,2026-05-01,0,Medium
E02272,SK045,9.0,Advanced,2026-05-01,0,Medium
E02272,SK046,9.0,Advanced,2026-05-01,0,Medium
E02272,SK042,9.0,Advanced,2026-05-01,0,High
E02272,SK043,9.0,Advanced,2026-05-01,0,Medium
E02274,SK040,3.0,Intermediate,2026-05-01,1,High
E02275,SK044,7.0,Advanced,2026-05-01,0,Medium
E02275,SK045,7.0,Advanced,2026-05-01,0,Medium
E02275,SK046,7.0,Advanced,2026-05-01,0,Medium
E02275,SK042,7.0,Advanced,2026-05-01,0,High
E02275,SK043,7.0,Advanced,2026-05-01,0,Medium
E02277,SK044,12.0,Advanced,2026-05-01,0,Medium
E02277,SK045,12.0,Advanced,2026-05-01,0,Medium
E02277,SK046,12.0,Advanced,2026-05-01,0,Medium
E02277,SK040,12.0,Advanced,2026-05-01,1,High
E02277,SK042,12.0,Advanced,2026-05-01,0,High
E02278,SK044,9.0,Advanced,2026-05-01,0,Medium
E02278,SK045,9.0,Advanced,2026-05-01,0,Medium
E02278,SK046,9.0,Advanced,2026-05-01,0,Medium
E02278,SK042,9.0,Advanced,2026-05-01,0,High
E02278,SK043,9.0,Advanced,2026-05-01,0,Medium
E02279,SK044,8.0,Advanced,2026-05-01,0,Medium
E02279,SK045,8.0,Advanced,2026-05-01,0,Medium
E02279,SK046,8.0,Advanced,2026-05-01,0,Medium
E02279,SK039,8.0,Advanced,2026-05-01,1,High
E02279,SK049,8.0,Advanced,2026-05-01,0,High
E02281,SK044,4.0,Intermediate,2026-05-01,0,Medium
E02281,SK045,4.0,Intermediate,2026-05-01,0,Medium
E02281,SK046,4.0,Intermediate,2026-05-01,0,Medium
E02281,SK039,4.0,Intermediate,2026-05-01,1,High
E02281,SK049,4.0,Intermediate,2026-05-01,0,High
E02283,SK044,0.5,Beginner,2026-05-01,0,Medium
E02283,SK045,0.5,Beginner,2026-05-01,0,Medium
E02283,SK046,0.5,Beginner,2026-05-01,0,Medium
E02283,SK039,0.5,Beginner,2026-05-01,0,High
E02283,SK049,0.5,Beginner,2026-05-01,0,High
E02284,SK040,3.0,Intermediate,2026-05-01,1,High
E02285,SK040,7.0,Advanced,2026-05-01,1,High
E02287,SK044,6.0,Advanced,2026-05-01,0,Medium
E02287,SK045,6.0,Advanced,2026-05-01,0,Medium
E02287,SK046,6.0,Advanced,2026-05-01,0,Medium
E02287,SK040,6.0,Advanced,2026-05-01,1,High
E02287,SK042,6.0,Advanced,2026-05-01,0,High
E02288,SK044,12.0,Advanced,2026-05-01,0,Medium
E02288,SK045,12.0,Advanced,2026-05-01,0,Medium
E02288,SK046,12.0,Advanced,2026-05-01,0,Medium
E02288,SK042,12.0,Advanced,2026-05-01,0,High
E02288,SK043,12.0,Advanced,2026-05-01,0,Medium
E02290,SK047,7.0,Advanced,2026-05-01,0,Medium
E02290,SK048,7.0,Advanced,2026-05-01,0,Medium
E02292,SK047,3.0,Intermediate,2026-05-01,0,Medium
E02292,SK048,3.0,Intermediate,2026-05-01,0,Medium
E02293,SK044,7.0,Advanced,2026-05-01,0,Medium
E02293,SK045,7.0,Advanced,2026-05-01,0,Medium
E02293,SK046,7.0,Advanced,2026-05-01,0,Medium
E02293,SK042,7.0,Advanced,2026-05-01,0,High
E02293,SK043,7.0,Advanced,2026-05-01,0,Medium
E02294,SK044,7.0,Advanced,2026-05-01,0,Medium
E02294,SK045,7.0,Advanced,2026-05-01,0,Medium
E02294,SK046,7.0,Advanced,2026-05-01,0,Medium
E02294,SK039,7.0,Advanced,2026-05-01,1,High
E02294,SK049,7.0,Advanced,2026-05-01,0,High
E02296,SK044,11.0,Advanced,2026-05-01,0,Medium
E02296,SK045,11.0,Advanced,2026-05-01,0,Medium
E02296,SK046,11.0,Advanced,2026-05-01,0,Medium
E02296,SK042,11.0,Advanced,2026-05-01,0,High
E02296,SK043,11.0,Advanced,2026-05-01,0,Medium
E02297,SK044,6.0,Advanced,2026-05-01,0,Medium
E02297,SK052,6.0,Advanced,2026-05-01,0,Medium
E02298,SK044,11.0,Advanced,2026-05-01,0,Medium
E02298,SK045,11.0,Advanced,2026-05-01,0,Medium
E02298,SK046,11.0,Advanced,2026-05-01,0,Medium
E02298,SK040,11.0,Advanced,2026-05-01,1,High
E02298,SK042,11.0,Advanced,2026-05-01,0,High
E02300,SK040,2.0,Beginner,2026-05-01,0,High
E02301,SK040,3.0,Intermediate,2026-05-01,1,High
E02302,SK040,6.0,Advanced,2026-05-01,1,High
E02303,SK044,15.0,Advanced,2026-05-01,0,Medium
E02303,SK045,15.0,Advanced,2026-05-01,0,Medium
E02303,SK046,15.0,Advanced,2026-05-01,0,Medium
E02303,SK040,15.0,Advanced,2026-05-01,1,High
E02303,SK042,15.0,Advanced,2026-05-01,0,High
E02304,SK044,9.0,Advanced,2026-05-01,0,Medium
E02304,SK045,9.0,Advanced,2026-05-01,0,Medium
E02304,SK046,9.0,Advanced,2026-05-01,0,Medium
E02304,SK040,9.0,Advanced,2026-05-01,1,High
E02304,SK042,9.0,Advanced,2026-05-01,0,High
E02305,SK044,10.0,Advanced,2026-05-01,0,Medium
E02305,SK045,10.0,Advanced,2026-05-01,0,Medium
E02305,SK046,10.0,Advanced,2026-05-01,0,Medium
E02305,SK040,10.0,Advanced,2026-05-01,1,High
E02305,SK042,10.0,Advanced,2026-05-01,0,High
E02306,SK044,11.0,Advanced,2026-05-01,0,Medium
E02306,SK045,11.0,Advanced,2026-05-01,0,Medium
E02306,SK046,11.0,Advanced,2026-05-01,0,Medium
E02306,SK042,11.0,Advanced,2026-05-01,0,High
E02306,SK043,11.0,Advanced,2026-05-01,0,Medium
E02307,SK044,2.0,Beginner,2026-05-01,0,Medium
E02307,SK045,2.0,Beginner,2026-05-01,0,Medium
E02307,SK046,2.0,Beginner,2026-05-01,0,Medium
E02307,SK047,2.0,Beginner,2026-05-01,0,Medium
E02307,SK048,2.0,Beginner,2026-05-01,0,Medium
E02308,SK044,7.0,Advanced,2026-05-01,0,Medium
E02308,SK045,7.0,Advanced,2026-05-01,0,Medium
E02308,SK046,7.0,Advanced,2026-05-01,0,Medium
E02308,SK039,7.0,Advanced,2026-05-01,1,High
E02308,SK049,7.0,Advanced,2026-05-01,0,High
E02309,SK044,9.0,Advanced,2026-05-01,0,Medium
E02309,SK045,9.0,Advanced,2026-05-01,0,Medium
E02309,SK046,9.0,Advanced,2026-05-01,0,Medium
E02309,SK042,9.0,Advanced,2026-05-01,0,High
E02309,SK043,9.0,Advanced,2026-05-01,0,Medium
E02310,SK040,3.0,Intermediate,2026-05-01,1,High
E02311,SK044,9.0,Advanced,2026-05-01,0,Medium
E02311,SK045,9.0,Advanced,2026-05-01,0,Medium
E02311,SK046,9.0,Advanced,2026-05-01,0,Medium
E02311,SK042,9.0,Advanced,2026-05-01,0,High
E02311,SK043,9.0,Advanced,2026-05-01,0,Medium
E02312,SK040,1.0,Beginner,2026-05-01,0,High
E02313,SK044,6.0,Advanced,2026-05-01,0,Medium
E02313,SK045,6.0,Advanced,2026-05-01,0,Medium
E02313,SK046,6.0,Advanced,2026-05-01,0,Medium
E02313,SK040,6.0,Advanced,2026-05-01,1,High
E02313,SK042,6.0,Advanced,2026-05-01,0,High
E02314,SK044,15.0,Advanced,2026-05-01,0,Medium
E02314,SK045,15.0,Advanced,2026-05-01,0,Medium
E02314,SK046,15.0,Advanced,2026-05-01,0,Medium
E02314,SK042,15.0,Advanced,2026-05-01,0,High
E02314,SK043,15.0,Advanced,2026-05-01,0,Medium
E02315,SK044,7.0,Advanced,2026-05-01,0,Medium
E02315,SK045,7.0,Advanced,2026-05-01,0,Medium
E02315,SK046,7.0,Advanced,2026-05-01,0,Medium
E02315,SK052,7.0,Advanced,2026-05-01,0,Medium
E02315,SK053,7.0,Advanced,2026-05-01,0,Medium
E02316,SK040,3.0,Intermediate,2026-05-01,1,High
E02317,SK044,6.0,Advanced,2026-05-01,0,Medium
E02317,SK045,6.0,Advanced,2026-05-01,0,Medium
E02317,SK046,6.0,Advanced,2026-05-01,0,Medium
E02317,SK040,6.0,Advanced,2026-05-01,1,High
E02317,SK042,6.0,Advanced,2026-05-01,0,High
E02318,SK044,15.0,Advanced,2026-05-01,0,Medium
E02318,SK045,15.0,Advanced,2026-05-01,0,Medium
E02318,SK046,15.0,Advanced,2026-05-01,0,Medium
E02318,SK042,15.0,Advanced,2026-05-01,0,High
E02318,SK043,15.0,Advanced,2026-05-01,0,Medium
E02321,SK044,8.0,Advanced,2026-05-01,0,Medium
E02321,SK045,8.0,Advanced,2026-05-01,0,Medium
E02321,SK046,8.0,Advanced,2026-05-01,0,Medium
E02321,SK042,8.0,Advanced,2026-05-01,0,High
E02321,SK043,8.0,Advanced,2026-05-01,0,Medium
E02322,SK044,7.0,Advanced,2026-05-01,0,Medium
E02322,SK045,7.0,Advanced,2026-05-01,0,Medium
E02322,SK046,7.0,Advanced,2026-05-01,0,Medium
E02322,SK042,7.0,Advanced,2026-05-01,0,High
E02322,SK043,7.0,Advanced,2026-05-01,0,Medium
E02324,SK044,5.0,Intermediate,2026-05-01,0,Medium
E02324,SK052,5.0,Intermediate,2026-05-01,0,Medium
E02325,SK044,8.0,Advanced,2026-05-01,0,Medium
E02325,SK045,8.0,Advanced,2026-05-01,0,Medium
E02325,SK046,8.0,Advanced,2026-05-01,0,Medium
E02325,SK042,8.0,Advanced,2026-05-01,0,High
E02325,SK043,8.0,Advanced,2026-05-01,0,Medium
E02326,SK044,4.0,Intermediate,2026-05-01,0,Medium
E02326,SK045,4.0,Intermediate,2026-05-01,0,Medium
E02326,SK046,4.0,Intermediate,2026-05-01,0,Medium
E02326,SK039,4.0,Intermediate,2026-05-01,1,High
E02326,SK049,4.0,Intermediate,2026-05-01,0,High
E02327,SK044,8.0,Advanced,2026-05-01,0,Medium
E02327,SK045,8.0,Advanced,2026-05-01,0,Medium
E02327,SK046,8.0,Advanced,2026-05-01,0,Medium
E02327,SK039,8.0,Advanced,2026-05-01,1,High
E02327,SK049,8.0,Advanced,2026-05-01,0,High
E02328,SK040,6.0,Advanced,2026-05-01,1,High
E02330,SK044,10.0,Advanced,2026-05-01,0,Medium
E02330,SK045,10.0,Advanced,2026-05-01,0,Medium
E02330,SK046,10.0,Advanced,2026-05-01,0,Medium
E02330,SK042,10.0,Advanced,2026-05-01,0,High
E02330,SK043,10.0,Advanced,2026-05-01,0,Medium
E02332,SK044,12.0,Advanced,2026-05-01,0,Medium
E02332,SK045,12.0,Advanced,2026-05-01,0,Medium
E02332,SK046,12.0,Advanced,2026-05-01,0,Medium
E02332,SK042,12.0,Advanced,2026-05-01,0,High
E02332,SK043,12.0,Advanced,2026-05-01,0,Medium
E02333,SK044,6.0,Advanced,2026-05-01,0,Medium
E02333,SK045,6.0,Advanced,2026-05-01,0,Medium
E02333,SK046,6.0,Advanced,2026-05-01,0,Medium
E02333,SK042,6.0,Advanced,2026-05-01,0,High
E02333,SK043,6.0,Advanced,2026-05-01,0,Medium
E02334,SK044,3.0,Intermediate,2026-05-01,0,Medium
E02334,SK045,3.0,Intermediate,2026-05-01,0,Medium
E02334,SK046,3.0,Intermediate,2026-05-01,0,Medium
E02334,SK040,3.0,Intermediate,2026-05-01,1,High
E02334,SK052,3.0,Intermediate,2026-05-01,0,Medium
E02336,SK044,10.0,Advanced,2026-05-01,0,Medium
E02336,SK045,10.0,Advanced,2026-05-01,0,Medium
E02336,SK046,10.0,Advanced,2026-05-01,0,Medium
E02336,SK040,10.0,Advanced,2026-05-01,1,High
E02336,SK042,10.0,Advanced,2026-05-01,0,High
E02337,SK044,7.0,Advanced,2026-05-01,0,Medium
E02337,SK045,7.0,Advanced,2026-05-01,0,Medium
E02337,SK046,7.0,Advanced,2026-05-01,0,Medium
E02337,SK042,7.0,Advanced,2026-05-01,0,High
E02337,SK043,7.0,Advanced,2026-05-01,0,Medium
E02338,SK040,3.0,Intermediate,2026-05-01,1,High
E02339,SK044,11.0,Advanced,2026-05-01,0,Medium
E02339,SK045,11.0,Advanced,2026-05-01,0,Medium
E02339,SK046,11.0,Advanced,2026-05-01,0,Medium
E02339,SK040,11.0,Advanced,2026-05-01,1,High
E02339,SK042,11.0,Advanced,2026-05-01,0,High
E02340,SK044,10.0,Advanced,2026-05-01,0,Medium
E02340,SK045,10.0,Advanced,2026-05-01,0,Medium
E02340,SK046,10.0,Advanced,2026-05-01,0,Medium
E02340,SK040,10.0,Advanced,2026-05-01,1,High
E02340,SK042,10.0,Advanced,2026-05-01,0,High
E02341,SK044,3.0,Intermediate,2026-05-01,0,Medium
E02341,SK045,3.0,Intermediate,2026-05-01,0,Medium
E02341,SK046,3.0,Intermediate,2026-05-01,0,Medium
E02341,SK047,3.0,Intermediate,2026-05-01,0,Medium
E02341,SK048,3.0,Intermediate,2026-05-01,0,Medium
E02342,SK044,5.0,Intermediate,2026-05-01,0,Medium
E02342,SK045,5.0,Intermediate,2026-05-01,0,Medium
E02342,SK046,5.0,Intermediate,2026-05-01,0,Medium
E02342,SK039,5.0,Intermediate,2026-05-01,1,High
E02342,SK049,5.0,Intermediate,2026-05-01,0,High
E02343,SK044,3.0,Intermediate,2026-05-01,0,Medium
E02343,SK045,3.0,Intermediate,2026-05-01,0,Medium
E02343,SK046,3.0,Intermediate,2026-05-01,0,Medium
E02343,SK040,3.0,Intermediate,2026-05-01,1,High
E02343,SK052,3.0,Intermediate,2026-05-01,0,Medium
E02344,SK044,10.0,Advanced,2026-05-01,0,Medium
E02344,SK045,10.0,Advanced,2026-05-01,0,Medium
E02344,SK046,10.0,Advanced,2026-05-01,0,Medium
E02344,SK042,10.0,Advanced,2026-05-01,0,High
E02344,SK043,10.0,Advanced,2026-05-01,0,Medium
E02345,SK044,10.0,Advanced,2026-05-01,0,Medium
E02345,SK045,10.0,Advanced,2026-05-01,0,Medium
E02345,SK046,10.0,Advanced,2026-05-01,0,Medium
E02345,SK040,10.0,Advanced,2026-05-01,1,High
E02345,SK042,10.0,Advanced,2026-05-01,0,High
E02346,SK040,2.0,Beginner,2026-05-01,0,High
E02347,SK044,9.0,Advanced,2026-05-01,0,Medium
E02347,SK045,9.0,Advanced,2026-05-01,0,Medium
E02347,SK046,9.0,Advanced,2026-05-01,0,Medium
E02347,SK042,9.0,Advanced,2026-05-01,0,High
E02347,SK043,9.0,Advanced,2026-05-01,0,Medium
E02348,SK040,7.0,Advanced,2026-05-01,1,High
E02349,SK044,6.0,Advanced,2026-05-01,0,Medium
E02349,SK045,6.0,Advanced,2026-05-01,0,Medium
E02349,SK046,6.0,Advanced,2026-05-01,0,Medium
E02349,SK040,6.0,Advanced,2026-05-01,1,High
E02349,SK042,6.0,Advanced,2026-05-01,0,High
E02350,SK044,8.0,Advanced,2026-05-01,0,Medium
E02350,SK045,8.0,Advanced,2026-05-01,0,Medium
E02350,SK046,8.0,Advanced,2026-05-01,0,Medium
E02350,SK042,8.0,Advanced,2026-05-01,0,High
E02350,SK043,8.0,Advanced,2026-05-01,0,Medium
E02351,SK044,8.0,Advanced,2026-05-01,0,Medium
E02351,SK045,8.0,Advanced,2026-05-01,0,Medium
E02351,SK046,8.0,Advanced,2026-05-01,0,Medium
E02351,SK040,8.0,Advanced,2026-05-01,1,High
E02351,SK042,8.0,Advanced,2026-05-01,0,High
E02352,SK044,11.0,Advanced,2026-05-01,0,Medium
E02352,SK045,11.0,Advanced,2026-05-01,0,Medium
E02352,SK046,11.0,Advanced,2026-05-01,0,Medium
E02352,SK042,11.0,Advanced,2026-05-01,0,High
E02352,SK043,11.0,Advanced,2026-05-01,0,Medium
E02353,SK044,11.0,Advanced,2026-05-01,0,Medium
E02353,SK045,11.0,Advanced,2026-05-01,0,Medium
E02353,SK046,11.0,Advanced,2026-05-01,0,Medium
E02353,SK040,11.0,Advanced,2026-05-01,1,High
E02353,SK042,11.0,Advanced,2026-05-01,0,High
E02355,SK044,2.0,Beginner,2026-05-01,0,Medium
E02355,SK052,2.0,Beginner,2026-05-01,0,Medium
E02356,SK044,11.0,Advanced,2026-05-01,0,Medium
E02356,SK045,11.0,Advanced,2026-05-01,0,Medium
E02356,SK046,11.0,Advanced,2026-05-01,0,Medium
E02356,SK040,11.0,Advanced,2026-05-01,1,High
E02356,SK042,11.0,Advanced,2026-05-01,0,High
E02357,SK040,2.0,Beginner,2026-05-01,0,High
E02358,SK044,5.0,Intermediate,2026-05-01,0,Medium
E02358,SK052,5.0,Intermediate,2026-05-01,0,Medium
E02359,SK044,12.0,Advanced,2026-05-01,0,Medium
E02359,SK045,12.0,Advanced,2026-05-01,0,Medium
E02359,SK046,12.0,Advanced,2026-05-01,0,Medium
E02359,SK042,12.0,Advanced,2026-05-01,0,High
E02359,SK043,12.0,Advanced,2026-05-01,0,Medium
E02360,SK044,6.0,Advanced,2026-05-01,0,Medium
E02360,SK045,6.0,Advanced,2026-05-01,0,Medium
E02360,SK046,6.0,Advanced,2026-05-01,0,Medium
E02360,SK040,6.0,Advanced,2026-05-01,1,High
E02360,SK042,6.0,Advanced,2026-05-01,0,High
E02361,SK044,14.0,Advanced,2026-05-01,0,Medium
E02361,SK045,14.0,Advanced,2026-05-01,0,Medium
E02361,SK046,14.0,Advanced,2026-05-01,0,Medium
E02361,SK040,14.0,Advanced,2026-05-01,1,High
E02361,SK042,14.0,Advanced,2026-05-01,0,High
E02362,SK040,6.0,Advanced,2026-05-01,1,High
E02363,SK044,7.0,Advanced,2026-05-01,0,Medium
E02363,SK052,7.0,Advanced,2026-05-01,0,Medium
E02365,SK040,5.0,Intermediate,2026-05-01,1,High
E02366,SK044,8.0,Advanced,2026-05-01,0,Medium
E02366,SK045,8.0,Advanced,2026-05-01,0,Medium
E02366,SK046,8.0,Advanced,2026-05-01,0,Medium
E02366,SK042,8.0,Advanced,2026-05-01,0,High
E02366,SK043,8.0,Advanced,2026-05-01,0,Medium
E02367,SK044,6.0,Advanced,2026-05-01,0,Medium
E02367,SK045,6.0,Advanced,2026-05-01,0,Medium
E02367,SK046,6.0,Advanced,2026-05-01,0,Medium
E02367,SK039,6.0,Advanced,2026-05-01,1,High
E02367,SK049,6.0,Advanced,2026-05-01,0,High
E02368,SK040,5.0,Intermediate,2026-05-01,1,High
E02369,SK040,3.0,Intermediate,2026-05-01,1,High
E02371,SK040,3.0,Intermediate,2026-05-01,1,High
E02372,SK044,10.0,Advanced,2026-05-01,0,Medium
E02372,SK045,10.0,Advanced,2026-05-01,0,Medium
E02372,SK046,10.0,Advanced,2026-05-01,0,Medium
E02372,SK040,10.0,Advanced,2026-05-01,1,High
E02372,SK042,10.0,Advanced,2026-05-01,0,High
E02373,SK040,2.0,Beginner,2026-05-01,0,High
E02374,SK044,8.0,Advanced,2026-05-01,0,Medium
E02374,SK045,8.0,Advanced,2026-05-01,0,Medium
E02374,SK046,8.0,Advanced,2026-05-01,0,Medium
E02374,SK042,8.0,Advanced,2026-05-01,0,High
E02374,SK043,8.0,Advanced,2026-05-01,0,Medium
E02375,SK044,1.0,Beginner,2026-05-01,0,Medium
E02375,SK045,1.0,Beginner,2026-05-01,0,Medium
E02375,SK046,1.0,Beginner,2026-05-01,0,Medium
E02375,SK040,1.0,Beginner,2026-05-01,0,High
E02375,SK052,1.0,Beginner,2026-05-01,0,Medium
E02377,SK040,0.5,Beginner,2026-05-01,0,High
E02379,SK040,7.0,Advanced,2026-05-01,1,High
E02380,SK044,8.0,Advanced,2026-05-01,0,Medium
E02380,SK045,8.0,Advanced,2026-05-01,0,Medium
E02380,SK046,8.0,Advanced,2026-05-01,0,Medium
E02380,SK040,8.0,Advanced,2026-05-01,1,High
E02380,SK042,8.0,Advanced,2026-05-01,0,High
E02381,SK044,10.0,Advanced,2026-05-01,0,Medium
E02381,SK045,10.0,Advanced,2026-05-01,0,Medium
E02381,SK046,10.0,Advanced,2026-05-01,0,Medium
E02381,SK042,10.0,Advanced,2026-05-01,0,High
E02381,SK043,10.0,Advanced,2026-05-01,0,Medium
E02382,SK044,7.0,Advanced,2026-05-01,0,Medium
E02382,SK045,7.0,Advanced,2026-05-01,0,Medium
E02382,SK046,7.0,Advanced,2026-05-01,0,Medium
E02382,SK040,7.0,Advanced,2026-05-01,1,High
E02382,SK042,7.0,Advanced,2026-05-01,0,High
E02383,SK044,1.0,Beginner,2026-05-01,0,Medium
E02383,SK045,1.0,Beginner,2026-05-01,0,Medium
E02383,SK046,1.0,Beginner,2026-05-01,0,Medium
E02383,SK040,1.0,Beginner,2026-05-01,0,High
E02383,SK052,1.0,Beginner,2026-05-01,0,Medium
E02384,SK044,12.0,Advanced,2026-05-01,0,Medium
E02384,SK045,12.0,Advanced,2026-05-01,0,Medium
E02384,SK046,12.0,Advanced,2026-05-01,0,Medium
E02384,SK042,12.0,Advanced,2026-05-01,0,High
E02384,SK043,12.0,Advanced,2026-05-01,0,Medium
E02385,SK044,4.0,Intermediate,2026-05-01,0,Medium
E02385,SK052,4.0,Intermediate,2026-05-01,0,Medium
E02386,SK044,3.0,Intermediate,2026-05-01,0,Medium
E02386,SK045,3.0,Intermediate,2026-05-01,0,Medium
E02386,SK046,3.0,Intermediate,2026-05-01,0,Medium
E02387,SK040,7.0,Advanced,2026-05-01,1,High
E02388,SK044,7.0,Advanced,2026-05-01,0,Medium
E02388,SK045,7.0,Advanced,2026-05-01,0,Medium
E02388,SK046,7.0,Advanced,2026-05-01,0,Medium
E02388,SK039,7.0,Advanced,2026-05-01,1,High
E02388,SK049,7.0,Advanced,2026-05-01,0,High
E02389,SK044,0.5,Beginner,2026-05-01,0,Medium
E02389,SK045,0.5,Beginner,2026-05-01,0,Medium
E02389,SK046,0.5,Beginner,2026-05-01,0,Medium
E02389,SK052,0.5,Beginner,2026-05-01,0,Medium
E02389,SK053,0.5,Beginner,2026-05-01,0,Medium
E02390,SK044,6.0,Advanced,2026-05-01,0,Medium
E02390,SK045,6.0,Advanced,2026-05-01,0,Medium
E02390,SK046,6.0,Advanced,2026-05-01,0,Medium
E02390,SK042,6.0,Advanced,2026-05-01,0,High
E02390,SK043,6.0,Advanced,2026-05-01,0,Medium
E02391,SK047,6.0,Advanced,2026-05-01,0,Medium
E02391,SK048,6.0,Advanced,2026-05-01,0,Medium
E02392,SK044,6.0,Advanced,2026-05-01,0,Medium
E02392,SK045,6.0,Advanced,2026-05-01,0,Medium
E02392,SK046,6.0,Advanced,2026-05-01,0,Medium
E02392,SK042,6.0,Advanced,2026-05-01,0,High
E02392,SK043,6.0,Advanced,2026-05-01,0,Medium
E02393,SK044,6.0,Advanced,2026-05-01,0,Medium
E02393,SK045,6.0,Advanced,2026-05-01,0,Medium
E02393,SK046,6.0,Advanced,2026-05-01,0,Medium
E02393,SK040,6.0,Advanced,2026-05-01,1,High
E02393,SK042,6.0,Advanced,2026-05-01,0,High
E02394,SK044,6.0,Advanced,2026-05-01,0,Medium
E02394,SK045,6.0,Advanced,2026-05-01,0,Medium
E02394,SK046,6.0,Advanced,2026-05-01,0,Medium
E02394,SK040,6.0,Advanced,2026-05-01,1,High
E02394,SK042,6.0,Advanced,2026-05-01,0,High
E02395,SK044,11.0,Advanced,2026-05-01,0,Medium
E02395,SK045,11.0,Advanced,2026-05-01,0,Medium
E02395,SK046,11.0,Advanced,2026-05-01,0,Medium
E02395,SK042,11.0,Advanced,2026-05-01,0,High
E02395,SK043,11.0,Advanced,2026-05-01,0,Medium
E02396,SK044,11.0,Advanced,2026-05-01,0,Medium
E02396,SK045,11.0,Advanced,2026-05-01,0,Medium
E02396,SK046,11.0,Advanced,2026-05-01,0,Medium
E02396,SK042,11.0,Advanced,2026-05-01,0,High
E02396,SK043,11.0,Advanced,2026-05-01,0,Medium
E02400,SK044,9.0,Advanced,2026-05-01,0,Medium
E02400,SK045,9.0,Advanced,2026-05-01,0,Medium
E02400,SK046,9.0,Advanced,2026-05-01,0,Medium
E02400,SK042,9.0,Advanced,2026-05-01,0,High
E02400,SK043,9.0,Advanced,2026-05-01,0,Medium
E02401,SK044,6.0,Advanced,2026-05-01,0,Medium
E02401,SK045,6.0,Advanced,2026-05-01,0,Medium
E02401,SK046,6.0,Advanced,2026-05-01,0,Medium
E02401,SK039,6.0,Advanced,2026-05-01,1,High
E02401,SK049,6.0,Advanced,2026-05-01,0,High
E02402,SK044,3.0,Intermediate,2026-05-01,0,Medium
E02402,SK045,3.0,Intermediate,2026-05-01,0,Medium
E02402,SK046,3.0,Intermediate,2026-05-01,0,Medium
E02403,SK040,4.0,Intermediate,2026-05-01,1,High
E02404,SK044,12.0,Advanced,2026-05-01,0,Medium
E02404,SK045,12.0,Advanced,2026-05-01,0,Medium
E02404,SK046,12.0,Advanced,2026-05-01,0,Medium
E02404,SK040,12.0,Advanced,2026-05-01,1,High
E02404,SK042,12.0,Advanced,2026-05-01,0,High
E02406,SK044,11.0,Advanced,2026-05-01,0,Medium
E02406,SK045,11.0,Advanced,2026-05-01,0,Medium
E02406,SK046,11.0,Advanced,2026-05-01,0,Medium
E02406,SK042,11.0,Advanced,2026-05-01,0,High
E02406,SK043,11.0,Advanced,2026-05-01,0,Medium
E02407,SK044,10.0,Advanced,2026-05-01,0,Medium
E02407,SK045,10.0,Advanced,2026-05-01,0,Medium
E02407,SK046,10.0,Advanced,2026-05-01,0,Medium
E02407,SK040,10.0,Advanced,2026-05-01,1,High
E02407,SK042,10.0,Advanced,2026-05-01,0,High
E02408,SK044,6.0,Advanced,2026-05-01,0,Medium
E02408,SK045,6.0,Advanced,2026-05-01,0,Medium
E02408,SK046,6.0,Advanced,2026-05-01,0,Medium
E02408,SK040,6.0,Advanced,2026-05-01,1,High
E02408,SK042,6.0,Advanced,2026-05-01,0,High
E02409,SK044,9.0,Advanced,2026-05-01,0,Medium
E02409,SK045,9.0,Advanced,2026-05-01,0,Medium
E02409,SK046,9.0,Advanced,2026-05-01,0,Medium
E02409,SK040,9.0,Advanced,2026-05-01,1,High
E02409,SK042,9.0,Advanced,2026-05-01,0,High
E02410,SK044,11.0,Advanced,2026-05-01,0,Medium
E02410,SK045,11.0,Advanced,2026-05-01,0,Medium
E02410,SK046,11.0,Advanced,2026-05-01,0,Medium
E02410,SK040,11.0,Advanced,2026-05-01,1,High
E02410,SK042,11.0,Advanced,2026-05-01,0,High
E02411,SK044,12.0,Advanced,2026-05-01,0,Medium
E02411,SK045,12.0,Advanced,2026-05-01,0,Medium
E02411,SK046,12.0,Advanced,2026-05-01,0,Medium
E02411,SK040,12.0,Advanced,2026-05-01,1,High
E02411,SK042,12.0,Advanced,2026-05-01,0,High
E02412,SK044,10.0,Advanced,2026-05-01,0,Medium
E02412,SK045,10.0,Advanced,2026-05-01,0,Medium
E02412,SK046,10.0,Advanced,2026-05-01,0,Medium
E02412,SK042,10.0,Advanced,2026-05-01,0,High
E02412,SK043,10.0,Advanced,2026-05-01,0,Medium
E02413,SK044,11.0,Advanced,2026-05-01,0,Medium
E02413,SK045,11.0,Advanced,2026-05-01,0,Medium
E02413,SK046,11.0,Advanced,2026-05-01,0,Medium
E02413,SK042,11.0,Advanced,2026-05-01,0,High
E02413,SK043,11.0,Advanced,2026-05-01,0,Medium
E02415,SK040,1.0,Beginner,2026-05-01,0,High
E02416,SK044,10.0,Advanced,2026-05-01,0,Medium
E02416,SK045,10.0,Advanced,2026-05-01,0,Medium
E02416,SK046,10.0,Advanced,2026-05-01,0,Medium
E02416,SK042,10.0,Advanced,2026-05-01,0,High
E02416,SK043,10.0,Advanced,2026-05-01,0,Medium
E02417,SK040,4.0,Intermediate,2026-05-01,1,High
E02418,SK044,7.0,Advanced,2026-05-01,0,Medium
E02418,SK045,7.0,Advanced,2026-05-01,0,Medium
E02418,SK046,7.0,Advanced,2026-05-01,0,Medium
E02418,SK042,7.0,Advanced,2026-05-01,0,High
E02418,SK043,7.0,Advanced,2026-05-01,0,Medium
E02419,SK044,11.0,Advanced,2026-05-01,0,Medium
E02419,SK045,11.0,Advanced,2026-05-01,0,Medium
E02419,SK046,11.0,Advanced,2026-05-01,0,Medium
E02419,SK039,11.0,Advanced,2026-05-01,1,High
E02419,SK049,11.0,Advanced,2026-05-01,0,High
E02420,SK044,15.0,Advanced,2026-05-01,0,Medium
E02420,SK045,15.0,Advanced,2026-05-01,0,Medium
E02420,SK046,15.0,Advanced,2026-05-01,0,Medium
E02420,SK040,15.0,Advanced,2026-05-01,1,High
E02420,SK042,15.0,Advanced,2026-05-01,0,High
E02422,SK044,0.5,Beginner,2026-05-01,0,Medium
E02422,SK045,0.5,Beginner,2026-05-01,0,Medium
E02422,SK046,0.5,Beginner,2026-05-01,0,Medium
E02422,SK040,0.5,Beginner,2026-05-01,0,High
E02422,SK052,0.5,Beginner,2026-05-01,0,Medium
E02423,SK044,4.0,Intermediate,2026-05-01,0,Medium
E02423,SK045,4.0,Intermediate,2026-05-01,0,Medium
E02423,SK046,4.0,Intermediate,2026-05-01,0,Medium
E02423,SK052,4.0,Intermediate,2026-05-01,0,Medium
E02423,SK053,4.0,Intermediate,2026-05-01,0,Medium
E02424,SK044,3.0,Intermediate,2026-05-01,0,Medium
E02424,SK052,3.0,Intermediate,2026-05-01,0,Medium
E02425,SK047,5.0,Intermediate,2026-05-01,0,Medium
E02425,SK048,5.0,Intermediate,2026-05-01,0,Medium
E02426,SK044,3.0,Intermediate,2026-05-01,0,Medium
E02426,SK045,3.0,Intermediate,2026-05-01,0,Medium
E02426,SK046,3.0,Intermediate,2026-05-01,0,Medium
E02426,SK039,3.0,Intermediate,2026-05-01,1,High
E02426,SK049,3.0,Intermediate,2026-05-01,0,High
E02427,SK044,1.0,Beginner,2026-05-01,0,Medium
E02427,SK045,1.0,Beginner,2026-05-01,0,Medium
E02427,SK046,1.0,Beginner,2026-05-01,0,Medium
E02428,SK044,7.0,Advanced,2026-05-01,0,Medium
E02428,SK045,7.0,Advanced,2026-05-01,0,Medium
E02428,SK046,7.0,Advanced,2026-05-01,0,Medium
E02428,SK042,7.0,Advanced,2026-05-01,0,High
E02428,SK043,7.0,Advanced,2026-05-01,0,Medium
E02429,SK044,9.0,Advanced,2026-05-01,0,Medium
E02429,SK045,9.0,Advanced,2026-05-01,0,Medium
E02429,SK046,9.0,Advanced,2026-05-01,0,Medium
E02429,SK039,9.0,Advanced,2026-05-01,1,High
E02429,SK049,9.0,Advanced,2026-05-01,0,High
E02431,SK040,0.5,Beginner,2026-05-01,0,High
E02432,SK044,13.0,Advanced,2026-05-01,0,Medium
E02432,SK045,13.0,Advanced,2026-05-01,0,Medium
E02432,SK046,13.0,Advanced,2026-05-01,0,Medium
E02432,SK039,13.0,Advanced,2026-05-01,1,High
E02432,SK049,13.0,Advanced,2026-05-01,0,High
E02433,SK044,13.0,Advanced,2026-05-01,0,Medium
E02433,SK045,13.0,Advanced,2026-05-01,0,Medium
E02433,SK046,13.0,Advanced,2026-05-01,0,Medium
E02433,SK039,13.0,Advanced,2026-05-01,1,High
E02433,SK049,13.0,Advanced,2026-05-01,0,High
E02434,SK040,5.0,Intermediate,2026-05-01,1,High
E02435,SK044,10.0,Advanced,2026-05-01,0,Medium
E02435,SK045,10.0,Advanced,2026-05-01,0,Medium
E02435,SK046,10.0,Advanced,2026-05-01,0,Medium
E02435,SK042,10.0,Advanced,2026-05-01,0,High
E02435,SK043,10.0,Advanced,2026-05-01,0,Medium
E02436,SK040,3.0,Intermediate,2026-05-01,1,High
E02437,SK044,9.0,Advanced,2026-05-01,0,Medium
E02437,SK045,9.0,Advanced,2026-05-01,0,Medium
E02437,SK046,9.0,Advanced,2026-05-01,0,Medium
E02437,SK042,9.0,Advanced,2026-05-01,0,High
E02437,SK043,9.0,Advanced,2026-05-01,0,Medium
E02438,SK044,6.0,Advanced,2026-05-01,0,Medium
E02438,SK045,6.0,Advanced,2026-05-01,0,Medium
E02438,SK046,6.0,Advanced,2026-05-01,0,Medium
E02438,SK052,6.0,Advanced,2026-05-01,0,Medium
E02438,SK053,6.0,Advanced,2026-05-01,0,Medium
E02439,SK044,13.0,Advanced,2026-05-01,0,Medium
E02439,SK045,13.0,Advanced,2026-05-01,0,Medium
E02439,SK046,13.0,Advanced,2026-05-01,0,Medium
E02439,SK042,13.0,Advanced,2026-05-01,0,High
E02439,SK043,13.0,Advanced,2026-05-01,0,Medium
E02440,SK044,7.0,Advanced,2026-05-01,0,Medium
E02440,SK045,7.0,Advanced,2026-05-01,0,Medium
E02440,SK046,7.0,Advanced,2026-05-01,0,Medium
E02440,SK039,7.0,Advanced,2026-05-01,1,High
E02440,SK049,7.0,Advanced,2026-05-01,0,High
E02441,SK040,3.0,Intermediate,2026-05-01,1,High
E02442,SK044,8.0,Advanced,2026-05-01,0,Medium
E02442,SK045,8.0,Advanced,2026-05-01,0,Medium
E02442,SK046,8.0,Advanced,2026-05-01,0,Medium
E02442,SK040,8.0,Advanced,2026-05-01,1,High
E02442,SK042,8.0,Advanced,2026-05-01,0,High
E02443,SK044,13.0,Advanced,2026-05-01,0,Medium
E02443,SK045,13.0,Advanced,2026-05-01,0,Medium
E02443,SK046,13.0,Advanced,2026-05-01,0,Medium
E02443,SK042,13.0,Advanced,2026-05-01,0,High
E02443,SK043,13.0,Advanced,2026-05-01,0,Medium
E02444,SK044,10.0,Advanced,2026-05-01,0,Medium
E02444,SK045,10.0,Advanced,2026-05-01,0,Medium
E02444,SK046,10.0,Advanced,2026-05-01,0,Medium
E02444,SK042,10.0,Advanced,2026-05-01,0,High
E02444,SK043,10.0,Advanced,2026-05-01,0,Medium
E02445,SK040,6.0,Advanced,2026-05-01,1,High
E02446,SK044,11.0,Advanced,2026-05-01,0,Medium
E02446,SK045,11.0,Advanced,2026-05-01,0,Medium
E02446,SK046,11.0,Advanced,2026-05-01,0,Medium
E02446,SK039,11.0,Advanced,2026-05-01,1,High
E02446,SK049,11.0,Advanced,2026-05-01,0,High
E02447,SK044,12.0,Advanced,2026-05-01,0,Medium
E02447,SK045,12.0,Advanced,2026-05-01,0,Medium
E02447,SK046,12.0,Advanced,2026-05-01,0,Medium
E02447,SK042,12.0,Advanced,2026-05-01,0,High
E02447,SK043,12.0,Advanced,2026-05-01,0,Medium
E02448,SK040,3.0,Intermediate,2026-05-01,1,High
E02449,SK044,8.0,Advanced,2026-05-01,0,Medium
E02449,SK045,8.0,Advanced,2026-05-01,0,Medium
E02449,SK046,8.0,Advanced,2026-05-01,0,Medium
E02449,SK040,8.0,Advanced,2026-05-01,1,High
E02449,SK042,8.0,Advanced,2026-05-01,0,High
E02450,SK047,6.0,Advanced,2026-05-01,0,Medium
E02450,SK048,6.0,Advanced,2026-05-01,0,Medium
E02451,SK044,7.0,Advanced,2026-05-01,0,Medium
E02451,SK045,7.0,Advanced,2026-05-01,0,Medium
E02451,SK046,7.0,Advanced,2026-05-01,0,Medium
E02451,SK040,7.0,Advanced,2026-05-01,1,High
E02451,SK052,7.0,Advanced,2026-05-01,0,Medium
E02452,SK044,2.0,Beginner,2026-05-01,0,Medium
E02452,SK045,2.0,Beginner,2026-05-01,0,Medium
E02452,SK046,2.0,Beginner,2026-05-01,0,Medium
E02452,SK039,2.0,Beginner,2026-05-01,0,High
E02452,SK049,2.0,Beginner,2026-05-01,0,High
E02454,SK044,1.0,Beginner,2026-05-01,0,Medium
E02454,SK045,1.0,Beginner,2026-05-01,0,Medium
E02454,SK046,1.0,Beginner,2026-05-01,0,Medium
E02455,SK044,0.5,Beginner,2026-05-01,0,Medium
E02455,SK045,0.5,Beginner,2026-05-01,0,Medium
E02455,SK046,0.5,Beginner,2026-05-01,0,Medium
E02455,SK040,0.5,Beginner,2026-05-01,0,High
E02455,SK047,0.5,Beginner,2026-05-01,0,Medium
E02457,SK044,6.0,Advanced,2026-05-01,0,Medium
E02457,SK045,6.0,Advanced,2026-05-01,0,Medium
E02457,SK046,6.0,Advanced,2026-05-01,0,Medium
E02457,SK042,6.0,Advanced,2026-05-01,0,High
E02457,SK043,6.0,Advanced,2026-05-01,0,Medium
E02458,SK040,1.0,Beginner,2026-05-01,0,High
E02459,SK044,3.0,Intermediate,2026-05-01,0,Medium
E02459,SK045,3.0,Intermediate,2026-05-01,0,Medium
E02459,SK046,3.0,Intermediate,2026-05-01,0,Medium
E02459,SK052,3.0,Intermediate,2026-05-01,0,Medium
E02459,SK053,3.0,Intermediate,2026-05-01,0,Medium
E02461,SK044,7.0,Advanced,2026-05-01,0,Medium
E02461,SK045,7.0,Advanced,2026-05-01,0,Medium
E02461,SK046,7.0,Advanced,2026-05-01,0,Medium
E02461,SK040,7.0,Advanced,2026-05-01,1,High
E02461,SK052,7.0,Advanced,2026-05-01,0,Medium
E02463,SK044,11.0,Advanced,2026-05-01,0,Medium
E02463,SK045,11.0,Advanced,2026-05-01,0,Medium
E02463,SK046,11.0,Advanced,2026-05-01,0,Medium
E02463,SK042,11.0,Advanced,2026-05-01,0,High
E02463,SK043,11.0,Advanced,2026-05-01,0,Medium
E02465,SK044,15.0,Advanced,2026-05-01,0,Medium
E02465,SK045,15.0,Advanced,2026-05-01,0,Medium
E02465,SK046,15.0,Advanced,2026-05-01,0,Medium
E02465,SK042,15.0,Advanced,2026-05-01,0,High
E02465,SK043,15.0,Advanced,2026-05-01,0,Medium
E02467,SK040,0.5,Beginner,2026-05-01,0,High
E02468,SK044,12.0,Advanced,2026-05-01,0,Medium
E02468,SK045,12.0,Advanced,2026-05-01,0,Medium
E02468,SK046,12.0,Advanced,2026-05-01,0,Medium
E02468,SK040,12.0,Advanced,2026-05-01,1,High
E02468,SK042,12.0,Advanced,2026-05-01,0,High
E02469,SK044,12.0,Advanced,2026-05-01,0,Medium
E02469,SK045,12.0,Advanced,2026-05-01,0,Medium
E02469,SK046,12.0,Advanced,2026-05-01,0,Medium
E02469,SK040,12.0,Advanced,2026-05-01,1,High
E02469,SK042,12.0,Advanced,2026-05-01,0,High
E02470,SK044,6.0,Advanced,2026-05-01,0,Medium
E02470,SK045,6.0,Advanced,2026-05-01,0,Medium
E02470,SK046,6.0,Advanced,2026-05-01,0,Medium
E02470,SK039,6.0,Advanced,2026-05-01,1,High
E02470,SK049,6.0,Advanced,2026-05-01,0,High
E02471,SK044,15.0,Advanced,2026-05-01,0,Medium
E02471,SK045,15.0,Advanced,2026-05-01,0,Medium
E02471,SK046,15.0,Advanced,2026-05-01,0,Medium
E02471,SK042,15.0,Advanced,2026-05-01,0,High
E02471,SK043,15.0,Advanced,2026-05-01,0,Medium
E02472,SK044,7.0,Advanced,2026-05-01,0,Medium
E02472,SK045,7.0,Advanced,2026-05-01,0,Medium
E02472,SK046,7.0,Advanced,2026-05-01,0,Medium
E02472,SK040,7.0,Advanced,2026-05-01,1,High
E02472,SK042,7.0,Advanced,2026-05-01,0,High
E02473,SK040,1.0,Beginner,2026-05-01,0,High
E02474,SK040,1.0,Beginner,2026-05-01,0,High
E02475,SK044,7.0,Advanced,2026-05-01,0,Medium
E02475,SK045,7.0,Advanced,2026-05-01,0,Medium
E02475,SK046,7.0,Advanced,2026-05-01,0,Medium
E02475,SK047,7.0,Advanced,2026-05-01,0,Medium
E02475,SK048,7.0,Advanced,2026-05-01,0,Medium
E02476,SK040,5.0,Intermediate,2026-05-01,1,High
E02477,SK040,3.0,Intermediate,2026-05-01,1,High
E02478,SK044,8.0,Advanced,2026-05-01,0,Medium
E02478,SK045,8.0,Advanced,2026-05-01,0,Medium
E02478,SK046,8.0,Advanced,2026-05-01,0,Medium
E02478,SK042,8.0,Advanced,2026-05-01,0,High
E02478,SK043,8.0,Advanced,2026-05-01,0,Medium
E02479,SK044,3.0,Intermediate,2026-05-01,0,Medium
E02479,SK052,3.0,Intermediate,2026-05-01,0,Medium
E02480,SK044,11.0,Advanced,2026-05-01,0,Medium
E02480,SK045,11.0,Advanced,2026-05-01,0,Medium
E02480,SK046,11.0,Advanced,2026-05-01,0,Medium
E02480,SK042,11.0,Advanced,2026-05-01,0,High
E02480,SK043,11.0,Advanced,2026-05-01,0,Medium
E02481,SK044,7.0,Advanced,2026-05-01,0,Medium
E02481,SK045,7.0,Advanced,2026-05-01,0,Medium
E02481,SK046,7.0,Advanced,2026-05-01,0,Medium
E02481,SK040,7.0,Advanced,2026-05-01,1,High
E02481,SK042,7.0,Advanced,2026-05-01,0,High
E02482,SK044,7.0,Advanced,2026-05-01,0,Medium
E02482,SK052,7.0,Advanced,2026-05-01,0,Medium
E02483,SK044,12.0,Advanced,2026-05-01,0,Medium
E02483,SK045,12.0,Advanced,2026-05-01,0,Medium
E02483,SK046,12.0,Advanced,2026-05-01,0,Medium
E02483,SK040,12.0,Advanced,2026-05-01,1,High
E02483,SK042,12.0,Advanced,2026-05-01,0,High
E02484,SK044,6.0,Advanced,2026-05-01,0,Medium
E02484,SK045,6.0,Advanced,2026-05-01,0,Medium
E02484,SK046,6.0,Advanced,2026-05-01,0,Medium
E02484,SK047,6.0,Advanced,2026-05-01,0,Medium
E02484,SK048,6.0,Advanced,2026-05-01,0,Medium
E02485,SK040,6.0,Advanced,2026-05-01,1,High
E02486,SK040,5.0,Intermediate,2026-05-01,1,High
E02487,SK044,7.0,Advanced,2026-05-01,0,Medium
E02487,SK045,7.0,Advanced,2026-05-01,0,Medium
E02487,SK046,7.0,Advanced,2026-05-01,0,Medium
E02487,SK040,7.0,Advanced,2026-05-01,1,High
E02487,SK042,7.0,Advanced,2026-05-01,0,High
E02488,SK044,11.0,Advanced,2026-05-01,0,Medium
E02488,SK045,11.0,Advanced,2026-05-01,0,Medium
E02488,SK046,11.0,Advanced,2026-05-01,0,Medium
E02488,SK042,11.0,Advanced,2026-05-01,0,High
E02488,SK043,11.0,Advanced,2026-05-01,0,Medium
E02489,SK040,2.0,Beginner,2026-05-01,0,High
E02490,SK040,5.0,Intermediate,2026-05-01,1,High
E02491,SK044,6.0,Advanced,2026-05-01,0,Medium
E02491,SK045,6.0,Advanced,2026-05-01,0,Medium
E02491,SK046,6.0,Advanced,2026-05-01,0,Medium
E02491,SK042,6.0,Advanced,2026-05-01,0,High
E02491,SK043,6.0,Advanced,2026-05-01,0,Medium
E02494,SK044,11.0,Advanced,2026-05-01,0,Medium
E02494,SK045,11.0,Advanced,2026-05-01,0,Medium
E02494,SK046,11.0,Advanced,2026-05-01,0,Medium
E02494,SK040,11.0,Advanced,2026-05-01,1,High
E02494,SK042,11.0,Advanced,2026-05-01,0,High
E02495,SK044,11.0,Advanced,2026-05-01,0,Medium
E02495,SK045,11.0,Advanced,2026-05-01,0,Medium
E02495,SK046,11.0,Advanced,2026-05-01,0,Medium
E02495,SK039,11.0,Advanced,2026-05-01,1,High
E02495,SK049,11.0,Advanced,2026-05-01,0,High
E02496,SK044,0.5,Beginner,2026-05-01,0,Medium
E02496,SK052,0.5,Beginner,2026-05-01,0,Medium
E02497,SK040,0.5,Beginner,2026-05-01,0,High
E02499,SK040,6.0,Advanced,2026-05-01,1,High
E02500,SK044,6.0,Advanced,2026-05-01,0,Medium
E02500,SK045,6.0,Advanced,2026-05-01,0,Medium
E02500,SK046,6.0,Advanced,2026-05-01,0,Medium
E02500,SK052,6.0,Advanced,2026-05-01,0,Medium
E02500,SK053,6.0,Advanced,2026-05-01,0,Medium
