project_id,skill_id,importance_weight,minimum_proficiency,minimum_experience_years,required_flag
P00001,SK017,1.0,Intermediate,2,1
P00002,SK011,0.097,Beginner,1,0
P00002,SK024,0.466,Advanced,4,1
P00002,SK025,0.437,Advanced,5,1
P00003,SK001,0.211,Intermediate,2,1
P00003,SK011,0.021,Intermediate,2,0
P00003,SK014,0.505,Intermediate,3,1
P00003,SK024,0.263,Intermediate,3,1
P00004,SK004,0.25,Beginner,1,0
P00004,SK005,0.269,Intermediate,2,1
P00004,SK027,0.481,Advanced,4,1
P00005,SK011,0.404,Advanced,4,1
P00005,SK013,0.128,Intermediate,2,0
P00005,SK015,0.145,Intermediate,2,1
P00005,SK018,0.035,Beginner,1,0
P00005,SK020,0.137,Beginner,1,1
P00005,SK022,0.151,Beginner,1,1
P00006,SK020,0.315,Beginner,1,1
P00006,SK021,0.114,Beginner,1,0
P00006,SK026,0.224,Advanced,4,1
P00006,SK036,0.347,Advanced,5,1
P00007,SK011,0.509,Beginner,1,1
P00007,SK017,0.006,Advanced,4,0
P00007,SK024,0.253,Beginner,1,1
P00007,SK027,0.232,Beginner,2,1
P00008,SK001,0.095,Beginner,1,0
P00008,SK011,0.216,Intermediate,3,1
P00008,SK013,0.204,Beginner,1,1
P00008,SK024,0.485,Advanced,5,1
P00009,SK013,0.344,Advanced,4,1
P00009,SK017,0.077,Beginner,1,0
P00009,SK024,0.579,Beginner,1,1
P00010,SK004,0.405,Advanced,5,1
P00010,SK024,0.224,Beginner,1,0
P00010,SK029,0.372,Intermediate,2,1
P00011,SK019,0.374,Intermediate,2,1
P00011,SK020,0.045,Intermediate,3,1
P00011,SK021,0.127,Intermediate,2,1
P00011,SK022,0.418,Advanced,5,1
P00011,SK024,0.031,Intermediate,2,0
P00011,SK026,0.005,Intermediate,2,0
P00012,SK024,0.531,Intermediate,3,1
P00012,SK029,0.469,Intermediate,2,1
P00013,SK002,0.563,Advanced,4,1
P00013,SK024,0.116,Intermediate,2,0
P00013,SK029,0.321,Intermediate,3,1
P00014,SK011,0.044,Intermediate,2,0
P00014,SK022,0.26,Beginner,1,1
P00014,SK023,0.217,Intermediate,3,1
P00014,SK024,0.084,Beginner,1,0
P00014,SK025,0.106,Advanced,5,1
P00014,SK026,0.29,Intermediate,2,1
P00015,SK005,0.537,Beginner,2,1
P00015,SK010,0.463,Intermediate,2,1
P00016,SK020,0.003,Beginner,1,0
P00016,SK022,0.374,Beginner,2,1
P00016,SK023,0.503,Intermediate,2,1
P00016,SK025,0.12,Intermediate,2,1
P00017,SK022,0.314,Intermediate,2,1
P00017,SK024,0.224,Advanced,4,1
P00017,SK025,0.242,Intermediate,2,1
P00017,SK026,0.22,Beginner,1,0
P00018,SK001,0.102,Intermediate,2,0
P00018,SK002,0.698,Beginner,1,1
P00018,SK029,0.2,Beginner,1,1
P00019,SK024,0.528,Beginner,2,1
P00019,SK028,0.472,Intermediate,2,1
P00020,SK001,0.172,Beginner,1,1
P00020,SK011,0.112,Intermediate,3,1
P00020,SK013,0.618,Intermediate,2,1
P00020,SK014,0.081,Beginner,1,0
P00020,SK023,0.016,Intermediate,2,0
P00021,SK021,0.023,Intermediate,2,0
P00021,SK022,0.108,Intermediate,2,0
P00021,SK023,0.331,Advanced,4,1
P00021,SK024,0.146,Intermediate,2,1
P00021,SK025,0.11,Advanced,4,1
P00021,SK026,0.282,Advanced,5,1
P00022,SK014,0.124,Beginner,1,0
P00022,SK017,0.602,Intermediate,2,1
P00022,SK022,0.274,Advanced,4,1
P00023,SK011,0.359,Advanced,4,1
P00023,SK017,0.161,Advanced,5,1
P00023,SK024,0.055,Beginner,1,0
P00023,SK025,0.425,Advanced,5,1
P00024,SK019,0.099,Intermediate,2,0
P00024,SK022,0.008,Beginner,1,0
P00024,SK023,0.208,Intermediate,2,1
P00024,SK024,0.195,Advanced,5,1
P00024,SK025,0.304,Intermediate,2,1
P00024,SK026,0.186,Intermediate,2,1
P00025,SK019,0.546,Intermediate,2,1
P00025,SK020,0.364,Intermediate,2,1
P00025,SK023,0.091,Beginner,1,0
P00026,SK011,0.415,Beginner,1,1
P00026,SK017,0.499,Intermediate,2,1
P00026,SK027,0.086,Beginner,1,0
P00027,SK024,0.68,Intermediate,2,1
P00027,SK027,0.32,Advanced,4,1
P00028,SK011,0.464,Advanced,4,1
P00028,SK025,0.536,Intermediate,3,1
P00029,SK022,0.659,Advanced,5,1
P00029,SK024,0.073,Advanced,4,0
P00029,SK025,0.268,Intermediate,3,1
P00030,SK022,0.391,Intermediate,2,1
P00030,SK023,0.277,Intermediate,2,0
P00030,SK025,0.332,Advanced,4,1
P00031,SK001,0.158,Advanced,4,1
P00031,SK013,0.157,Intermediate,2,0
P00031,SK018,0.259,Intermediate,2,1
P00031,SK024,0.425,Beginner,1,1
P00032,SK004,0.291,Advanced,5,1
P00032,SK005,0.211,Intermediate,2,1
P00032,SK010,0.374,Intermediate,2,1
P00032,SK013,0.125,Beginner,1,0
P00033,SK021,0.475,Intermediate,2,1
P00033,SK024,0.355,Intermediate,3,1
P00033,SK036,0.17,Beginner,1,0
P00034,SK001,0.495,Intermediate,2,1
P00034,SK013,0.071,Beginner,1,0
P00034,SK018,0.25,Intermediate,2,1
P00034,SK023,0.168,Advanced,4,1
P00034,SK024,0.017,Beginner,1,0
P00035,SK021,0.46,Intermediate,2,1
P00035,SK025,0.421,Intermediate,2,1
P00035,SK036,0.119,Beginner,1,0
P00036,SK011,0.259,Beginner,1,0
P00036,SK017,0.341,Intermediate,2,1
P00036,SK025,0.4,Intermediate,2,1
P00037,SK001,0.066,Beginner,1,0
P00037,SK006,0.195,Intermediate,3,1
P00037,SK007,0.35,Advanced,4,1
P00037,SK011,0.343,Advanced,4,1
P00037,SK033,0.045,Intermediate,2,0
P00038,SK004,0.132,Intermediate,2,1
P00038,SK024,0.868,Intermediate,2,1
P00039,SK013,0.37,Intermediate,3,1
P00039,SK014,0.042,Intermediate,2,0
P00039,SK017,0.151,Intermediate,3,1
P00039,SK024,0.437,Advanced,4,1
P00040,SK004,0.72,Intermediate,3,1
P00040,SK005,0.225,Beginner,1,1
P00040,SK027,0.055,Intermediate,2,0
P00041,SK001,0.933,Beginner,1,1
P00041,SK008,0.067,Intermediate,2,1
P00042,SK001,0.062,Beginner,1,0
P00042,SK011,0.192,Intermediate,2,1
P00042,SK014,0.321,Intermediate,3,1
P00042,SK018,0.2,Intermediate,2,1
P00042,SK023,0.088,Beginner,1,0
P00042,SK024,0.137,Beginner,1,1
P00043,SK001,0.438,Beginner,1,1
P00043,SK014,0.101,Intermediate,2,0
P00043,SK022,0.461,Intermediate,2,1
P00044,SK001,0.221,Beginner,1,1
P00044,SK024,0.779,Intermediate,3,1
P00045,SK019,0.276,Beginner,1,1
P00045,SK020,0.177,Advanced,4,1
P00045,SK022,0.229,Beginner,1,1
P00045,SK023,0.082,Intermediate,2,0
P00045,SK024,0.041,Intermediate,2,0
P00045,SK026,0.197,Intermediate,3,1
P00046,SK017,0.926,Beginner,1,1
P00046,SK024,0.074,Intermediate,2,1
P00047,SK017,0.279,Advanced,4,1
P00047,SK024,0.664,Intermediate,2,1
P00047,SK027,0.057,Beginner,1,0
P00048,SK020,0.099,Beginner,1,0
P00048,SK023,0.337,Intermediate,2,1
P00048,SK024,0.339,Beginner,1,1
P00048,SK036,0.226,Advanced,4,1
P00049,SK019,0.233,Intermediate,3,1
P00049,SK024,0.536,Beginner,1,1
P00049,SK025,0.12,Intermediate,3,1
P00049,SK026,0.111,Advanced,4,0
P00050,SK005,0.246,Intermediate,3,1
P00050,SK008,0.235,Intermediate,2,0
P00050,SK024,0.519,Advanced,4,1
P00051,SK011,0.46,Advanced,4,1
P00051,SK026,0.54,Advanced,4,1
P00052,SK004,0.177,Beginner,1,1
P00052,SK005,0.504,Intermediate,2,1
P00052,SK024,0.163,Advanced,4,1
P00052,SK027,0.156,Beginner,1,0
P00053,SK005,0.442,Advanced,5,1
P00053,SK027,0.558,Advanced,5,1
P00054,SK024,0.086,Advanced,4,1
P00054,SK025,0.914,Intermediate,2,1
P00055,SK004,1.0,Beginner,1,1
P00056,SK001,0.235,Intermediate,2,0
P00056,SK002,0.471,Advanced,4,1
P00056,SK004,0.293,Advanced,4,1
P00057,SK021,0.187,Intermediate,2,1
P00057,SK024,0.179,Beginner,1,1
P00057,SK025,0.035,Intermediate,2,0
P00057,SK026,0.599,Beginner,2,1
P00058,SK005,0.545,Advanced,5,1
P00058,SK009,0.455,Beginner,1,1
P00059,SK021,0.17,Beginner,1,0
P00059,SK022,0.579,Intermediate,2,1
P00059,SK024,0.25,Intermediate,2,1
P00060,SK019,0.631,Intermediate,2,1
P00060,SK022,0.232,Advanced,4,1
P00060,SK025,0.138,Beginner,1,0
P00061,SK017,0.123,Intermediate,3,1
P00061,SK027,0.877,Advanced,4,1
P00062,SK011,0.111,Intermediate,2,0
P00062,SK024,0.273,Beginner,1,1
P00062,SK027,0.616,Intermediate,2,1
P00063,SK014,0.053,Beginner,1,0
P00063,SK018,0.623,Intermediate,2,1
P00063,SK023,0.147,Advanced,4,1
P00063,SK024,0.178,Advanced,4,1
P00064,SK011,0.254,Intermediate,2,0
P00064,SK024,0.348,Intermediate,2,1
P00064,SK025,0.399,Intermediate,2,1
P00065,SK005,0.426,Intermediate,2,1
P00065,SK027,0.574,Intermediate,2,1
P00066,SK022,0.085,Intermediate,2,0
P00066,SK024,0.571,Intermediate,2,1
P00066,SK026,0.344,Advanced,4,1
P00067,SK011,0.239,Intermediate,2,1
P00067,SK017,0.108,Beginner,1,0
P00067,SK024,0.186,Advanced,5,1
P00067,SK025,0.466,Advanced,4,1
P00068,SK004,0.228,Intermediate,2,1
P00068,SK005,0.772,Advanced,5,1
P00069,SK001,0.229,Intermediate,3,1
P00069,SK004,0.348,Intermediate,3,1
P00069,SK005,0.178,Advanced,5,1
P00069,SK013,0.1,Intermediate,2,0
P00069,SK024,0.144,Beginner,1,0
P00070,SK017,0.297,Intermediate,2,1
P00070,SK024,0.703,Intermediate,3,1
P00071,SK011,0.265,Intermediate,2,1
P00071,SK013,0.457,Intermediate,3,1
P00071,SK014,0.054,Beginner,1,0
P00071,SK018,0.061,Intermediate,2,0
P00071,SK024,0.163,Intermediate,3,1
P00072,SK011,0.214,Advanced,5,1
P00072,SK024,0.786,Advanced,5,1
P00073,SK024,0.532,Intermediate,2,1
P00073,SK034,0.156,Beginner,1,0
P00073,SK036,0.312,Advanced,4,1
P00074,SK011,0.208,Advanced,4,1
P00074,SK024,0.072,Intermediate,2,0
P00074,SK025,0.72,Advanced,4,1
P00075,SK004,0.387,Beginner,1,1
P00075,SK024,0.443,Beginner,2,1
P00075,SK027,0.17,Advanced,4,0
P00076,SK004,0.138,Intermediate,2,1
P00076,SK005,0.729,Intermediate,2,1
P00076,SK027,0.133,Intermediate,2,0
P00077,SK011,0.03,Beginner,1,0
P00077,SK017,0.386,Intermediate,2,1
P00077,SK024,0.303,Beginner,2,1
P00077,SK027,0.281,Intermediate,2,1
P00078,SK011,0.088,Intermediate,2,0
P00078,SK017,0.357,Advanced,4,1
P00078,SK024,0.282,Intermediate,3,1
P00078,SK025,0.274,Beginner,1,1
P00079,SK011,0.168,Intermediate,2,1
P00079,SK017,0.312,Beginner,1,1
P00079,SK024,0.161,Beginner,1,0
P00079,SK027,0.359,Beginner,2,1
P00080,SK011,0.231,Intermediate,2,0
P00080,SK024,0.306,Intermediate,2,1
P00080,SK027,0.463,Intermediate,3,1
P00081,SK001,0.078,Intermediate,2,1
P00081,SK006,0.156,Intermediate,2,1
P00081,SK008,0.187,Beginner,2,1
P00081,SK009,0.053,Intermediate,2,0
P00081,SK011,0.452,Intermediate,2,1
P00081,SK024,0.074,Beginner,1,0
P00082,SK020,0.475,Intermediate,2,1
P00082,SK023,0.525,Intermediate,3,1
P00083,SK002,0.18,Intermediate,3,1
P00083,SK005,0.359,Intermediate,2,1
P00083,SK007,0.188,Intermediate,2,1
P00083,SK009,0.097,Beginner,1,0
P00083,SK010,0.145,Intermediate,3,1
P00083,SK024,0.031,Advanced,4,0
P00084,SK001,0.128,Beginner,1,0
P00084,SK013,0.251,Intermediate,2,1
P00084,SK014,0.201,Intermediate,2,1
P00084,SK017,0.023,Beginner,1,0
P00084,SK018,0.244,Intermediate,3,1
P00084,SK023,0.153,Intermediate,2,1
P00085,SK004,0.356,Beginner,1,1
P00085,SK027,0.644,Beginner,1,1
P00086,SK011,0.575,Intermediate,2,1
P00086,SK017,0.4,Beginner,1,1
P00086,SK024,0.025,Beginner,1,0
P00087,SK011,0.017,Intermediate,2,0
P00087,SK023,0.357,Intermediate,2,1
P00087,SK024,0.01,Beginner,1,0
P00087,SK025,0.369,Intermediate,2,1
P00087,SK026,0.247,Intermediate,2,1
P00088,SK017,0.188,Advanced,5,1
P00088,SK020,0.098,Intermediate,2,0
P00088,SK022,0.714,Intermediate,3,1
P00089,SK001,0.066,Beginner,1,0
P00089,SK005,0.263,Intermediate,2,1
P00089,SK007,0.051,Intermediate,2,0
P00089,SK024,0.179,Intermediate,3,1
P00089,SK036,0.441,Intermediate,3,1
P00090,SK019,0.38,Intermediate,3,1
P00090,SK022,0.143,Beginner,1,0
P00090,SK023,0.278,Intermediate,2,1
P00090,SK026,0.199,Advanced,5,1
P00091,SK002,0.5,Intermediate,3,1
P00091,SK024,0.395,Beginner,2,1
P00091,SK029,0.105,Beginner,1,0
P00092,SK005,0.233,Advanced,4,1
P00092,SK024,0.135,Intermediate,2,0
P00092,SK034,0.631,Advanced,4,1
P00093,SK011,1.0,Advanced,4,1
P00094,SK019,0.288,Intermediate,2,1
P00094,SK020,0.085,Beginner,1,0
P00094,SK021,0.244,Intermediate,3,1
P00094,SK024,0.227,Intermediate,3,1
P00094,SK026,0.156,Beginner,1,0
P00095,SK001,0.191,Intermediate,2,1
P00095,SK004,0.05,Advanced,4,0
P00095,SK024,0.656,Intermediate,2,1
P00095,SK029,0.102,Intermediate,2,1
P00096,SK022,0.092,Beginner,1,0
P00096,SK024,0.343,Advanced,5,1
P00096,SK025,0.156,Advanced,4,1
P00096,SK026,0.409,Intermediate,2,1
P00097,SK001,0.002,Intermediate,2,0
P00097,SK013,0.433,Beginner,1,1
P00097,SK017,0.21,Intermediate,3,1
P00097,SK018,0.234,Intermediate,3,1
P00097,SK022,0.12,Beginner,1,0
P00098,SK011,0.11,Advanced,5,1
P00098,SK017,0.474,Intermediate,3,1
P00098,SK024,0.395,Beginner,1,1
P00098,SK025,0.021,Beginner,1,0
P00099,SK011,0.436,Intermediate,2,1
P00099,SK024,0.452,Intermediate,3,1
P00099,SK027,0.112,Beginner,1,0
P00100,SK011,0.443,Intermediate,2,1
P00100,SK017,0.267,Advanced,4,1
P00100,SK024,0.013,Intermediate,2,0
P00100,SK025,0.278,Beginner,1,1
P00101,SK019,0.143,Advanced,5,1
P00101,SK021,0.047,Beginner,1,0
P00101,SK022,0.077,Intermediate,2,0
P00101,SK024,0.079,Intermediate,2,1
P00101,SK025,0.286,Intermediate,2,1
P00101,SK026,0.092,Intermediate,2,1
P00101,SK036,0.275,Intermediate,3,1
P00102,SK022,0.514,Intermediate,3,1
P00102,SK024,0.432,Advanced,5,1
P00102,SK026,0.055,Beginner,1,0
P00103,SK011,0.196,Beginner,1,0
P00103,SK017,0.199,Intermediate,3,1
P00103,SK025,0.604,Intermediate,2,1
P00104,SK001,0.373,Advanced,4,1
P00104,SK014,0.092,Advanced,4,1
P00104,SK018,0.074,Intermediate,2,0
P00104,SK024,0.462,Intermediate,2,1
P00105,SK004,0.226,Intermediate,2,1
P00105,SK005,0.513,Intermediate,2,1
P00105,SK024,0.164,Beginner,1,1
P00105,SK027,0.097,Beginner,1,0
P00107,SK004,0.173,Intermediate,3,1
P00107,SK005,0.807,Advanced,4,1
P00107,SK027,0.02,Beginner,1,0
P00108,SK007,0.124,Beginner,1,0
P00108,SK009,0.273,Intermediate,2,1
P00108,SK033,0.602,Intermediate,2,1
P00109,SK011,0.88,Intermediate,2,1
P00109,SK027,0.12,Intermediate,2,1
P00110,SK020,0.119,Beginner,1,0
P00110,SK023,0.314,Advanced,4,1
P00110,SK024,0.567,Intermediate,2,1
P00111,SK013,0.24,Beginner,1,1
P00111,SK014,0.21,Beginner,1,0
P00111,SK015,0.328,Intermediate,3,1
P00111,SK022,0.222,Intermediate,3,1
P00112,SK011,0.281,Advanced,4,1
P00112,SK014,0.167,Advanced,5,1
P00112,SK015,0.431,Advanced,4,1
P00112,SK016,0.086,Beginner,1,0
P00112,SK018,0.035,Advanced,4,0
P00113,SK004,0.578,Intermediate,2,1
P00113,SK024,0.309,Intermediate,3,1
P00113,SK027,0.113,Intermediate,2,0
P00114,SK002,0.592,Advanced,4,1
P00114,SK004,0.278,Intermediate,2,1
P00114,SK029,0.13,Beginner,1,0
P00115,SK002,0.437,Intermediate,3,1
P00115,SK004,0.155,Advanced,4,1
P00115,SK024,0.266,Advanced,4,1
P00115,SK029,0.143,Beginner,1,0
P00116,SK002,0.006,Intermediate,2,0
P00116,SK008,0.066,Intermediate,2,0
P00116,SK009,0.285,Advanced,4,1
P00116,SK010,0.16,Intermediate,2,1
P00116,SK011,0.482,Beginner,1,1
P00117,SK011,0.123,Beginner,1,0
P00117,SK013,0.673,Advanced,5,1
P00117,SK014,0.204,Beginner,1,1
P00118,SK001,0.193,Intermediate,2,1
P00118,SK013,0.133,Intermediate,2,0
P00118,SK018,0.327,Intermediate,3,1
P00118,SK022,0.154,Intermediate,2,0
P00118,SK024,0.192,Intermediate,2,1
P00119,SK024,0.03,Intermediate,2,0
P00119,SK028,0.114,Beginner,1,1
P00119,SK029,0.856,Intermediate,3,1
P00120,SK001,0.285,Intermediate,3,1
P00120,SK024,0.429,Intermediate,3,1
P00120,SK028,0.262,Advanced,4,1
P00120,SK029,0.024,Beginner,1,0
P00121,SK023,0.373,Intermediate,2,1
P00121,SK024,0.627,Beginner,1,1
P00122,SK001,0.659,Intermediate,3,1
P00122,SK013,0.028,Intermediate,2,0
P00122,SK017,0.313,Beginner,1,1
P00123,SK001,0.133,Beginner,2,1
P00123,SK024,0.077,Intermediate,2,0
P00123,SK029,0.79,Advanced,4,1
P00124,SK011,0.705,Intermediate,3,1
P00124,SK024,0.295,Advanced,4,1
P00125,SK019,0.36,Intermediate,2,1
P00125,SK020,0.64,Advanced,5,1
P00126,SK021,0.169,Advanced,5,1
P00126,SK024,0.473,Beginner,1,1
P00126,SK025,0.058,Intermediate,2,0
P00126,SK026,0.3,Intermediate,3,1
P00127,SK019,0.267,Advanced,4,1
P00127,SK022,0.184,Intermediate,2,1
P00127,SK025,0.036,Beginner,1,0
P00127,SK026,0.514,Advanced,4,1
P00128,SK019,0.21,Intermediate,2,1
P00128,SK020,0.643,Intermediate,2,1
P00128,SK026,0.147,Beginner,1,0
P00129,SK008,0.086,Beginner,1,0
P00129,SK011,0.277,Advanced,4,1
P00129,SK013,0.535,Advanced,5,1
P00129,SK036,0.102,Advanced,4,1
P00130,SK022,0.3,Intermediate,2,1
P00130,SK023,0.237,Intermediate,3,1
P00130,SK024,0.351,Intermediate,3,1
P00130,SK025,0.046,Intermediate,2,0
P00130,SK026,0.065,Intermediate,2,0
P00131,SK017,0.367,Beginner,2,1
P00131,SK024,0.225,Intermediate,2,0
P00131,SK027,0.408,Intermediate,2,1
P00132,SK023,0.121,Beginner,1,0
P00132,SK024,0.466,Intermediate,2,1
P00132,SK026,0.413,Intermediate,2,1
P00133,SK001,0.506,Intermediate,2,1
P00133,SK013,0.04,Advanced,4,0
P00133,SK014,0.216,Intermediate,3,1
P00133,SK018,0.027,Beginner,1,0
P00133,SK024,0.211,Advanced,5,1
P00134,SK002,0.354,Advanced,4,1
P00134,SK013,0.321,Beginner,1,0
P00134,SK024,0.325,Intermediate,3,1
P00135,SK022,0.19,Intermediate,3,1
P00135,SK023,0.575,Intermediate,2,1
P00135,SK025,0.062,Intermediate,2,0
P00135,SK026,0.173,Intermediate,3,1
P00136,SK005,0.088,Intermediate,2,1
P00136,SK007,0.367,Intermediate,2,1
P00136,SK008,0.451,Advanced,4,1
P00136,SK013,0.068,Intermediate,2,0
P00136,SK024,0.026,Advanced,4,0
P00137,SK001,0.055,Beginner,1,0
P00137,SK014,0.337,Advanced,4,1
P00137,SK015,0.373,Beginner,1,1
P00137,SK016,0.097,Beginner,1,0
P00137,SK024,0.138,Advanced,4,1
P00138,SK011,0.493,Advanced,5,1
P00138,SK017,0.137,Intermediate,2,1
P00138,SK024,0.3,Intermediate,2,1
P00138,SK027,0.07,Intermediate,2,0
P00139,SK001,0.079,Intermediate,2,0
P00139,SK011,0.089,Advanced,5,1
P00139,SK014,0.433,Beginner,1,1
P00139,SK023,0.398,Advanced,4,1
P00140,SK023,0.775,Beginner,1,1
P00140,SK024,0.101,Intermediate,2,0
P00140,SK025,0.124,Intermediate,3,1
P00141,SK011,0.44,Advanced,4,1
P00141,SK022,0.085,Intermediate,2,1
P00141,SK023,0.043,Intermediate,2,0
P00141,SK024,0.369,Beginner,1,1
P00141,SK026,0.064,Beginner,1,0
P00142,SK019,0.519,Advanced,5,1
P00142,SK023,0.148,Beginner,1,1
P00142,SK024,0.039,Intermediate,2,0
P00142,SK025,0.281,Advanced,4,1
P00142,SK026,0.014,Intermediate,2,0
P00143,SK001,0.041,Intermediate,2,0
P00143,SK011,0.139,Advanced,5,1
P00143,SK014,0.065,Beginner,2,1
P00143,SK024,0.755,Intermediate,3,1
P00144,SK020,0.06,Intermediate,2,0
P00144,SK024,0.563,Advanced,5,1
P00144,SK036,0.377,Advanced,5,1
P00145,SK011,0.529,Intermediate,2,1
P00145,SK017,0.471,Intermediate,2,1
P00146,SK013,0.14,Advanced,4,1
P00146,SK014,0.144,Beginner,1,1
P00146,SK015,0.124,Intermediate,2,0
P00146,SK016,0.398,Intermediate,3,1
P00146,SK018,0.124,Intermediate,2,1
P00146,SK022,0.07,Intermediate,2,0
P00147,SK004,0.955,Advanced,4,1
P00147,SK027,0.045,Advanced,5,1
P00148,SK024,0.338,Advanced,5,1
P00148,SK025,0.09,Intermediate,2,0
P00148,SK026,0.571,Intermediate,2,1
P00149,SK001,0.092,Beginner,1,0
P00149,SK002,0.342,Intermediate,2,1
P00149,SK008,0.306,Advanced,5,1
P00149,SK009,0.172,Intermediate,2,1
P00149,SK024,0.088,Beginner,1,0
P00150,SK019,0.255,Beginner,1,1
P00150,SK022,0.094,Beginner,1,0
P00150,SK024,0.392,Intermediate,2,1
P00150,SK026,0.258,Intermediate,2,1
P00151,SK011,0.365,Advanced,5,1
P00151,SK017,0.075,Beginner,1,0
P00151,SK024,0.344,Intermediate,2,1
P00151,SK027,0.217,Intermediate,2,1
P00152,SK022,0.193,Intermediate,2,1
P00152,SK023,0.77,Advanced,4,1
P00152,SK026,0.037,Beginner,1,0
P00153,SK004,0.111,Intermediate,2,0
P00153,SK005,0.623,Intermediate,2,1
P00153,SK024,0.266,Intermediate,2,1
P00154,SK011,0.798,Beginner,1,1
P00154,SK017,0.177,Beginner,2,1
P00154,SK025,0.025,Beginner,1,0
P00155,SK023,0.27,Beginner,1,1
P00155,SK024,0.153,Intermediate,2,0
P00155,SK025,0.577,Intermediate,3,1
P00156,SK011,0.298,Intermediate,2,1
P00156,SK022,0.219,Intermediate,2,1
P00156,SK023,0.269,Intermediate,2,1
P00156,SK025,0.076,Intermediate,2,0
P00156,SK026,0.138,Beginner,1,0
P00157,SK002,0.22,Beginner,1,1
P00157,SK007,0.031,Intermediate,2,0
P00157,SK033,0.282,Intermediate,2,1
P00157,SK037,0.467,Intermediate,2,1
P00158,SK001,0.396,Intermediate,3,1
P00158,SK024,0.604,Advanced,5,1
P00159,SK011,0.601,Intermediate,2,1
P00159,SK017,0.208,Advanced,4,1
P00159,SK024,0.004,Beginner,1,0
P00159,SK025,0.188,Intermediate,2,1
P00160,SK011,0.22,Beginner,1,1
P00160,SK024,0.575,Intermediate,2,1
P00160,SK027,0.205,Intermediate,2,0
P00161,SK004,0.116,Beginner,1,1
P00161,SK005,0.3,Intermediate,3,1
P00161,SK024,0.523,Intermediate,3,1
P00161,SK027,0.061,Beginner,1,0
P00162,SK013,0.297,Advanced,4,0
P00162,SK018,0.378,Intermediate,3,1
P00162,SK024,0.326,Beginner,1,1
P00163,SK004,0.452,Advanced,4,1
P00163,SK008,0.446,Intermediate,2,1
P00163,SK013,0.003,Beginner,1,0
P00163,SK033,0.1,Intermediate,2,1
P00164,SK011,0.158,Intermediate,3,1
P00164,SK013,0.085,Intermediate,2,0
P00164,SK014,0.2,Intermediate,2,1
P00164,SK018,0.04,Advanced,4,0
P00164,SK023,0.518,Intermediate,3,1
P00165,SK023,0.527,Intermediate,2,1
P00165,SK024,0.02,Beginner,1,0
P00165,SK025,0.074,Intermediate,3,1
P00165,SK026,0.379,Intermediate,2,1
P00166,SK004,0.785,Intermediate,2,1
P00166,SK027,0.215,Intermediate,2,1
P00167,SK011,0.107,Intermediate,2,0
P00167,SK014,0.247,Beginner,1,1
P00167,SK016,0.246,Advanced,5,1
P00167,SK017,0.163,Intermediate,2,0
P00167,SK022,0.237,Advanced,5,1
P00168,SK019,0.006,Beginner,1,0
P00168,SK024,0.858,Advanced,4,1
P00168,SK025,0.136,Intermediate,3,1
P00169,SK011,0.025,Advanced,4,0
P00169,SK024,0.099,Intermediate,3,1
P00169,SK027,0.875,Intermediate,3,1
P00170,SK001,0.627,Advanced,4,1
P00170,SK011,0.373,Intermediate,2,1
P00171,SK004,0.399,Intermediate,2,1
P00171,SK005,0.422,Intermediate,2,1
P00171,SK027,0.179,Intermediate,2,0
P00172,SK011,0.702,Intermediate,2,1
P00172,SK024,0.298,Intermediate,2,1
P00173,SK024,0.891,Intermediate,2,1
P00173,SK027,0.109,Advanced,5,1
P00174,SK004,0.589,Beginner,1,1
P00174,SK013,0.172,Beginner,1,0
P00174,SK037,0.239,Advanced,5,1
P00175,SK013,0.012,Beginner,1,0
P00175,SK017,0.292,Intermediate,2,1
P00175,SK023,0.281,Intermediate,3,1
P00175,SK024,0.415,Intermediate,2,1
P00176,SK011,0.101,Intermediate,2,1
P00176,SK022,0.744,Intermediate,2,1
P00176,SK025,0.055,Intermediate,2,0
P00176,SK026,0.1,Advanced,4,1
P00177,SK001,0.135,Advanced,4,1
P00177,SK024,0.749,Beginner,2,1
P00177,SK029,0.116,Intermediate,2,0
P00178,SK020,0.06,Intermediate,2,0
P00178,SK023,0.099,Intermediate,2,1
P00178,SK024,0.209,Advanced,4,1
P00178,SK025,0.632,Advanced,4,1
P00179,SK011,0.208,Beginner,1,1
P00179,SK013,0.172,Intermediate,2,1
P00179,SK017,0.367,Beginner,1,1
P00179,SK023,0.141,Intermediate,2,0
P00179,SK024,0.111,Beginner,1,0
P00180,SK020,0.203,Intermediate,2,1
P00180,SK021,0.019,Intermediate,2,0
P00180,SK022,0.305,Beginner,2,1
P00180,SK024,0.145,Intermediate,3,1
P00180,SK026,0.296,Beginner,2,1
P00180,SK036,0.031,Beginner,1,0
P00181,SK019,0.086,Beginner,1,1
P00181,SK022,0.078,Intermediate,2,0
P00181,SK025,0.453,Intermediate,2,1
P00181,SK026,0.383,Intermediate,3,1
P00182,SK024,0.175,Intermediate,2,1
P00182,SK027,0.825,Intermediate,2,1
P00183,SK004,0.324,Intermediate,3,1
P00183,SK024,0.469,Advanced,5,1
P00183,SK027,0.207,Beginner,1,0
P00184,SK014,0.489,Intermediate,2,1
P00184,SK018,0.353,Advanced,4,1
P00184,SK023,0.157,Beginner,1,0
P00185,SK011,0.082,Beginner,1,0
P00185,SK024,0.816,Advanced,5,1
P00185,SK027,0.103,Beginner,1,1
P00186,SK013,0.167,Beginner,1,1
P00186,SK015,0.81,Beginner,1,1
P00186,SK024,0.023,Beginner,1,0
P00187,SK005,0.23,Advanced,5,1
P00187,SK024,0.182,Intermediate,2,0
P00187,SK027,0.588,Advanced,4,1
P00188,SK001,0.046,Intermediate,2,1
P00188,SK011,0.232,Intermediate,2,1
P00188,SK023,0.722,Advanced,4,1
P00188,SK024,0.0,Intermediate,2,0
P00189,SK017,0.576,Intermediate,3,1
P00189,SK024,0.167,Beginner,1,0
P00189,SK025,0.257,Intermediate,3,1
P00190,SK011,0.126,Advanced,4,1
P00190,SK017,0.362,Intermediate,3,1
P00190,SK024,0.42,Intermediate,2,1
P00190,SK025,0.093,Intermediate,2,0
P00191,SK013,0.552,Advanced,5,1
P00191,SK017,0.064,Intermediate,2,0
P00191,SK023,0.217,Intermediate,2,1
P00191,SK024,0.167,Intermediate,3,1
P00192,SK009,0.085,Intermediate,2,0
P00192,SK024,0.425,Intermediate,2,1
P00192,SK033,0.49,Beginner,1,1
P00193,SK001,0.138,Intermediate,2,0
P00193,SK011,0.031,Beginner,1,0
P00193,SK015,0.262,Intermediate,2,1
P00193,SK017,0.139,Beginner,2,1
P00193,SK020,0.151,Intermediate,2,1
P00193,SK022,0.28,Beginner,2,1
P00194,SK002,0.088,Advanced,4,1
P00194,SK024,0.912,Intermediate,2,1
P00195,SK011,0.123,Intermediate,2,0
P00195,SK015,0.529,Intermediate,2,1
P00195,SK020,0.348,Intermediate,2,1
P00196,SK011,0.313,Advanced,4,1
P00196,SK017,0.43,Intermediate,2,1
P00196,SK024,0.257,Beginner,1,0
P00197,SK019,0.193,Intermediate,2,1
P00197,SK021,0.539,Intermediate,2,1
P00197,SK024,0.025,Intermediate,2,0
P00197,SK025,0.243,Intermediate,2,1
P00198,SK020,0.424,Intermediate,2,1
P00198,SK022,0.255,Intermediate,2,0
P00198,SK024,0.321,Intermediate,2,1
P00199,SK002,0.333,Advanced,4,1
P00199,SK005,0.488,Intermediate,2,1
P00199,SK010,0.179,Advanced,4,0
P00200,SK007,0.238,Advanced,4,1
P00200,SK009,0.102,Intermediate,2,0
P00200,SK011,0.306,Beginner,1,1
P00200,SK034,0.354,Intermediate,2,1
P00201,SK001,0.073,Beginner,1,0
P00201,SK011,0.138,Intermediate,2,0
P00201,SK015,0.185,Beginner,1,1
P00201,SK020,0.434,Intermediate,2,1
P00201,SK022,0.171,Advanced,5,1
P00202,SK004,0.234,Intermediate,3,1
P00202,SK005,0.766,Advanced,5,1
P00203,SK004,0.786,Advanced,4,1
P00203,SK005,0.027,Beginner,1,0
P00203,SK027,0.187,Intermediate,3,1
P00204,SK017,0.188,Advanced,4,1
P00204,SK027,0.812,Intermediate,3,1
P00205,SK024,0.541,Intermediate,3,1
P00205,SK025,0.459,Advanced,4,1
P00206,SK004,0.217,Advanced,4,1
P00206,SK005,0.081,Beginner,1,0
P00206,SK027,0.702,Beginner,2,1
P00207,SK022,0.153,Intermediate,2,1
P00207,SK026,0.847,Advanced,4,1
P00208,SK005,0.275,Advanced,5,1
P00208,SK024,0.725,Advanced,5,1
P00209,SK001,0.02,Intermediate,2,0
P00209,SK015,0.488,Beginner,2,1
P00209,SK016,0.271,Advanced,5,1
P00209,SK018,0.164,Beginner,1,1
P00209,SK024,0.058,Intermediate,2,0
P00210,SK013,0.386,Intermediate,2,1
P00210,SK015,0.125,Intermediate,3,1
P00210,SK016,0.056,Intermediate,2,0
P00210,SK018,0.321,Advanced,4,1
P00210,SK022,0.112,Intermediate,2,0
P00211,SK024,0.12,Beginner,1,0
P00211,SK025,0.157,Advanced,4,1
P00211,SK026,0.723,Beginner,2,1
P00212,SK011,0.143,Intermediate,2,0
P00212,SK024,0.405,Intermediate,3,1
P00212,SK025,0.451,Intermediate,2,1
P00213,SK011,0.208,Intermediate,3,1
P00213,SK017,0.656,Intermediate,2,1
P00213,SK024,0.136,Beginner,1,0
P00214,SK011,0.256,Intermediate,2,1
P00214,SK023,0.566,Intermediate,2,1
P00214,SK026,0.178,Beginner,1,0
P00215,SK017,0.261,Beginner,1,0
P00215,SK024,0.332,Advanced,4,1
P00215,SK027,0.406,Intermediate,2,1
P00216,SK001,0.177,Beginner,1,0
P00216,SK002,0.022,Beginner,1,0
P00216,SK004,0.356,Intermediate,2,1
P00216,SK024,0.225,Advanced,5,1
P00216,SK028,0.219,Intermediate,2,1
P00217,SK022,0.076,Beginner,1,0
P00217,SK025,0.408,Advanced,4,1
P00217,SK026,0.516,Intermediate,3,1
P00218,SK011,0.639,Beginner,1,1
P00218,SK017,0.091,Beginner,1,0
P00218,SK027,0.271,Intermediate,2,1
P00219,SK011,0.14,Intermediate,2,0
P00219,SK013,0.315,Advanced,4,1
P00219,SK018,0.398,Intermediate,2,1
P00219,SK024,0.147,Beginner,2,1
P00220,SK011,0.42,Advanced,4,1
P00220,SK017,0.339,Advanced,4,1
P00220,SK024,0.107,Beginner,1,0
P00220,SK027,0.133,Beginner,2,1
P00221,SK011,0.153,Beginner,1,0
P00221,SK013,0.368,Intermediate,3,1
P00221,SK018,0.158,Intermediate,2,1
P00221,SK022,0.321,Intermediate,2,1
P00222,SK013,0.193,Intermediate,2,1
P00222,SK015,0.339,Advanced,4,1
P00222,SK018,0.242,Advanced,4,1
P00222,SK020,0.059,Beginner,1,0
P00222,SK024,0.167,Beginner,1,0
P00223,SK021,0.194,Intermediate,3,1
P00223,SK025,0.806,Intermediate,2,1
P00224,SK024,0.293,Beginner,1,1
P00224,SK028,0.672,Advanced,5,1
P00224,SK029,0.035,Beginner,1,0
P00225,SK021,0.144,Intermediate,2,0
P00225,SK022,0.146,Advanced,4,1
P00225,SK023,0.143,Intermediate,2,0
P00225,SK025,0.169,Advanced,4,1
P00225,SK026,0.397,Intermediate,3,1
P00226,SK019,0.28,Beginner,1,0
P00226,SK020,0.323,Intermediate,2,1
P00226,SK024,0.397,Intermediate,2,1
P00227,SK004,0.084,Intermediate,2,0
P00227,SK005,0.426,Intermediate,3,1
P00227,SK024,0.303,Advanced,4,1
P00227,SK027,0.187,Intermediate,2,1
P00228,SK023,0.255,Intermediate,2,1
P00228,SK025,0.745,Beginner,1,1
P00229,SK019,0.012,Beginner,1,0
P00229,SK020,0.253,Intermediate,2,1
P00229,SK022,0.095,Advanced,4,1
P00229,SK023,0.08,Intermediate,2,0
P00229,SK025,0.56,Beginner,2,1
P00230,SK001,0.395,Advanced,4,1
P00230,SK004,0.239,Intermediate,2,0
P00230,SK029,0.366,Intermediate,2,1
P00231,SK001,0.034,Beginner,1,0
P00231,SK011,0.315,Intermediate,2,1
P00231,SK014,0.296,Beginner,2,1
P00231,SK018,0.356,Advanced,4,1
P00232,SK023,0.426,Advanced,5,1
P00232,SK024,0.123,Beginner,1,0
P00232,SK025,0.22,Intermediate,2,1
P00232,SK026,0.231,Intermediate,2,1
P00233,SK011,0.073,Intermediate,2,0
P00233,SK016,0.657,Advanced,4,1
P00233,SK017,0.078,Beginner,1,0
P00233,SK018,0.109,Advanced,4,1
P00233,SK020,0.083,Intermediate,3,1
P00234,SK011,0.064,Intermediate,2,1
P00234,SK022,0.05,Beginner,1,0
P00234,SK024,0.412,Advanced,4,1
P00234,SK025,0.474,Beginner,2,1
P00235,SK020,0.283,Advanced,4,1
P00235,SK021,0.03,Beginner,1,0
P00235,SK023,0.687,Beginner,1,1
P00236,SK001,0.205,Intermediate,2,1
P00236,SK011,0.309,Intermediate,2,1
P00236,SK013,0.167,Beginner,1,0
P00236,SK014,0.235,Intermediate,2,1
P00236,SK024,0.084,Intermediate,2,0
P00237,SK005,0.517,Intermediate,2,1
P00237,SK010,0.483,Intermediate,3,1
P00238,SK001,0.059,Beginner,1,0
P00238,SK014,0.187,Advanced,4,1
P00238,SK016,0.154,Advanced,4,1
P00238,SK017,0.17,Advanced,4,1
P00238,SK022,0.125,Intermediate,2,0
P00238,SK024,0.305,Intermediate,2,1
P00239,SK021,0.234,Advanced,4,1
P00239,SK023,0.232,Intermediate,2,1
P00239,SK025,0.469,Advanced,5,1
P00239,SK036,0.064,Beginner,1,0
P00240,SK001,0.309,Beginner,2,1
P00240,SK014,0.322,Advanced,5,1
P00240,SK018,0.284,Intermediate,3,1
P00240,SK024,0.086,Intermediate,2,0
P00241,SK011,0.136,Advanced,5,1
P00241,SK013,0.039,Advanced,4,0
P00241,SK024,0.473,Advanced,4,1
P00241,SK036,0.29,Advanced,5,1
P00241,SK037,0.062,Intermediate,2,0
P00242,SK011,0.466,Advanced,4,1
P00242,SK024,0.534,Advanced,4,1
P00243,SK011,0.016,Beginner,1,0
P00243,SK017,0.278,Advanced,5,1
P00243,SK024,0.075,Intermediate,2,1
P00243,SK025,0.631,Intermediate,2,1
P00244,SK011,0.243,Advanced,4,1
P00244,SK024,0.547,Advanced,4,1
P00244,SK025,0.21,Beginner,1,0
P00245,SK001,0.234,Advanced,4,1
P00245,SK004,0.128,Intermediate,2,0
P00245,SK024,0.155,Advanced,4,0
P00245,SK028,0.298,Intermediate,2,1
P00245,SK029,0.186,Advanced,5,1
P00246,SK007,0.547,Intermediate,2,1
P00246,SK011,0.137,Intermediate,3,1
P00246,SK024,0.123,Beginner,1,0
P00246,SK037,0.194,Advanced,5,1
P00247,SK004,0.176,Intermediate,2,0
P00247,SK005,0.646,Intermediate,2,1
P00247,SK027,0.178,Intermediate,2,1
P00248,SK011,0.2,Beginner,2,1
P00248,SK024,0.639,Intermediate,2,1
P00248,SK025,0.1,Intermediate,3,1
P00248,SK026,0.062,Beginner,1,0
P00249,SK022,0.345,Intermediate,2,1
P00249,SK024,0.105,Intermediate,2,0
P00249,SK025,0.362,Beginner,2,1
P00249,SK026,0.188,Intermediate,3,1
P00250,SK002,0.134,Intermediate,2,0
P00250,SK004,0.397,Advanced,5,1
P00250,SK024,0.47,Advanced,4,1
P00251,SK020,0.522,Intermediate,2,1
P00251,SK024,0.478,Beginner,2,1
P00252,SK022,0.127,Beginner,1,1
P00252,SK023,0.283,Beginner,1,1
P00252,SK024,0.066,Beginner,1,0
P00252,SK026,0.524,Intermediate,2,1
P00253,SK013,0.237,Intermediate,3,1
P00253,SK015,0.245,Intermediate,2,1
P00253,SK016,0.367,Intermediate,3,1
P00253,SK020,0.041,Beginner,1,0
P00253,SK024,0.109,Intermediate,2,0
P00254,SK020,0.063,Intermediate,2,0
P00254,SK023,0.102,Advanced,4,1
P00254,SK024,0.407,Intermediate,2,1
P00254,SK026,0.428,Intermediate,2,1
P00255,SK011,0.035,Intermediate,2,0
P00255,SK017,0.662,Intermediate,3,1
P00255,SK024,0.063,Intermediate,2,1
P00255,SK027,0.241,Intermediate,3,1
P00256,SK019,0.193,Intermediate,2,1
P00256,SK020,0.027,Intermediate,2,0
P00256,SK023,0.03,Intermediate,2,1
P00256,SK024,0.03,Beginner,1,0
P00256,SK026,0.72,Intermediate,2,1
P00257,SK027,1.0,Intermediate,2,1
P00258,SK004,0.409,Intermediate,2,1
P00258,SK027,0.591,Intermediate,3,1
P00259,SK019,0.433,Intermediate,2,1
P00259,SK021,0.068,Intermediate,2,0
P00259,SK024,0.121,Intermediate,2,1
P00259,SK025,0.378,Advanced,4,1
P00260,SK019,0.31,Advanced,5,1
P00260,SK020,0.003,Advanced,4,0
P00260,SK022,0.276,Beginner,1,1
P00260,SK023,0.036,Advanced,4,1
P00260,SK024,0.011,Intermediate,2,0
P00260,SK025,0.212,Intermediate,2,1
P00260,SK026,0.152,Beginner,2,1
P00261,SK011,0.075,Beginner,1,0
P00261,SK015,0.372,Beginner,1,1
P00261,SK020,0.3,Intermediate,2,1
P00261,SK022,0.253,Beginner,1,1
P00262,SK011,0.317,Beginner,2,1
P00262,SK024,0.223,Beginner,1,0
P00262,SK027,0.459,Intermediate,3,1
P00263,SK004,0.334,Advanced,4,1
P00263,SK024,0.24,Intermediate,2,1
P00263,SK033,0.006,Beginner,1,0
P00263,SK037,0.42,Intermediate,2,1
P00264,SK011,0.017,Beginner,1,0
P00264,SK022,0.342,Beginner,1,1
P00264,SK023,0.143,Intermediate,2,1
P00264,SK024,0.091,Beginner,1,0
P00264,SK026,0.408,Advanced,4,1
P00265,SK004,0.293,Advanced,4,1
P00265,SK005,0.082,Beginner,1,0
P00265,SK006,0.338,Advanced,4,1
P00265,SK013,0.135,Beginner,1,0
P00265,SK024,0.152,Beginner,1,1
P00266,SK011,0.171,Intermediate,2,1
P00266,SK023,0.125,Beginner,1,0
P00266,SK024,0.51,Intermediate,2,1
P00266,SK025,0.194,Intermediate,2,1
P00267,SK004,0.023,Beginner,1,0
P00267,SK024,0.582,Intermediate,2,1
P00267,SK028,0.159,Intermediate,2,1
P00267,SK029,0.236,Advanced,5,1
P00268,SK024,0.625,Advanced,4,1
P00268,SK026,0.375,Advanced,4,1
P00269,SK011,0.192,Intermediate,2,0
P00269,SK018,0.579,Advanced,5,1
P00269,SK020,0.229,Intermediate,2,1
P00270,SK014,0.034,Intermediate,2,0
P00270,SK015,0.319,Intermediate,2,1
P00270,SK018,0.594,Intermediate,2,1
P00270,SK022,0.053,Advanced,4,1
P00271,SK019,0.509,Intermediate,3,1
P00271,SK021,0.023,Advanced,4,0
P00271,SK022,0.059,Advanced,4,0
P00271,SK023,0.063,Advanced,4,1
P00271,SK024,0.281,Intermediate,2,1
P00271,SK025,0.064,Advanced,4,1
P00272,SK004,0.304,Intermediate,2,0
P00272,SK024,0.348,Advanced,4,1
P00272,SK029,0.348,Intermediate,2,1
P00273,SK002,0.185,Beginner,1,1
P00273,SK024,0.074,Intermediate,2,0
P00273,SK028,0.132,Advanced,4,1
P00273,SK029,0.609,Intermediate,2,1
P00274,SK013,0.081,Intermediate,2,1
P00274,SK014,0.358,Intermediate,2,1
P00274,SK023,0.54,Intermediate,2,1
P00274,SK024,0.02,Beginner,1,0
P00275,SK020,0.071,Intermediate,2,0
P00275,SK023,0.277,Advanced,4,1
P00275,SK026,0.341,Intermediate,3,1
P00275,SK036,0.311,Advanced,4,1
P00276,SK001,0.61,Advanced,5,1
P00276,SK024,0.139,Beginner,1,0
P00276,SK029,0.252,Intermediate,2,1
P00277,SK022,0.055,Advanced,4,1
P00277,SK023,0.945,Intermediate,2,1
P00278,SK002,0.526,Intermediate,2,1
P00278,SK004,0.058,Advanced,4,0
P00278,SK028,0.416,Intermediate,2,1
P00279,SK013,0.136,Beginner,1,1
P00279,SK014,0.078,Intermediate,2,0
P00279,SK018,0.475,Beginner,2,1
P00279,SK023,0.075,Beginner,1,0
P00279,SK024,0.235,Intermediate,3,1
P00280,SK011,0.087,Intermediate,3,1
P00280,SK017,0.052,Intermediate,2,0
P00280,SK024,0.548,Intermediate,2,1
P00280,SK027,0.313,Advanced,5,1
P00281,SK002,0.005,Advanced,4,1
P00281,SK010,0.995,Advanced,5,1
P00282,SK001,0.749,Intermediate,2,1
P00282,SK024,0.251,Advanced,5,1
P00283,SK007,1.0,Intermediate,2,1
P00284,SK019,0.26,Intermediate,2,1
P00284,SK024,0.131,Intermediate,2,0
P00284,SK025,0.393,Advanced,4,1
P00284,SK026,0.216,Intermediate,3,1
P00285,SK011,0.412,Beginner,1,1
P00285,SK017,0.456,Intermediate,3,1
P00285,SK025,0.132,Intermediate,2,0
P00286,SK005,0.031,Beginner,1,0
P00286,SK011,0.414,Intermediate,2,1
P00286,SK024,0.204,Advanced,4,1
P00286,SK036,0.351,Intermediate,2,1
P00287,SK011,0.637,Intermediate,2,1
P00287,SK017,0.348,Intermediate,3,1
P00287,SK024,0.015,Beginner,1,0
P00288,SK011,0.347,Intermediate,2,1
P00288,SK024,0.653,Advanced,4,1
P00289,SK019,0.168,Advanced,4,1
P00289,SK020,0.092,Intermediate,2,0
P00289,SK024,0.534,Beginner,1,1
P00289,SK026,0.206,Advanced,5,1
P00290,SK004,0.532,Advanced,4,1
P00290,SK005,0.217,Beginner,1,0
P00290,SK024,0.251,Intermediate,3,1
P00291,SK019,0.136,Beginner,1,0
P00291,SK021,0.302,Intermediate,2,1
P00291,SK023,0.043,Intermediate,2,0
P00291,SK024,0.186,Intermediate,2,1
P00291,SK025,0.333,Intermediate,3,1
P00292,SK022,0.034,Beginner,1,0
P00292,SK023,0.174,Intermediate,2,1
P00292,SK024,0.126,Intermediate,2,1
P00292,SK026,0.666,Intermediate,3,1
P00293,SK004,0.178,Beginner,1,0
P00293,SK005,0.219,Advanced,4,1
P00293,SK024,0.351,Intermediate,3,1
P00293,SK027,0.252,Intermediate,2,1
P00294,SK011,0.507,Beginner,1,1
P00294,SK017,0.109,Intermediate,2,0
P00294,SK024,0.384,Beginner,1,1
P00295,SK011,0.719,Advanced,4,1
P00295,SK024,0.281,Advanced,4,1
P00296,SK011,0.248,Advanced,4,1
P00296,SK024,0.054,Intermediate,2,0
P00296,SK026,0.698,Advanced,4,1
P00297,SK001,0.094,Intermediate,2,1
P00297,SK002,0.283,Advanced,4,1
P00297,SK004,0.077,Intermediate,2,0
P00297,SK029,0.546,Advanced,4,1
P00298,SK002,0.569,Advanced,4,1
P00298,SK005,0.431,Intermediate,3,1
P00299,SK020,0.144,Advanced,5,1
P00299,SK024,0.856,Intermediate,2,1
P00300,SK011,0.137,Intermediate,2,1
P00300,SK017,0.863,Beginner,1,1
P00301,SK002,0.665,Intermediate,2,1
P00301,SK004,0.024,Intermediate,2,0
P00301,SK028,0.311,Intermediate,2,1
P00302,SK019,0.067,Intermediate,2,1
P00302,SK023,0.472,Intermediate,2,1
P00302,SK025,0.067,Intermediate,2,0
P00302,SK026,0.394,Intermediate,3,1
P00303,SK011,0.307,Advanced,5,1
P00303,SK022,0.083,Beginner,1,0
P00303,SK023,0.449,Intermediate,3,1
P00303,SK024,0.161,Beginner,1,1
P00304,SK001,0.007,Intermediate,2,0
P00304,SK011,0.063,Intermediate,3,1
P00304,SK020,0.755,Intermediate,2,1
P00304,SK024,0.176,Advanced,4,1
P00305,SK001,0.528,Intermediate,2,1
P00305,SK011,0.14,Beginner,1,0
P00305,SK023,0.333,Advanced,5,1
P00306,SK011,0.081,Advanced,4,0
P00306,SK013,0.423,Beginner,1,1
P00306,SK014,0.084,Advanced,4,1
P00306,SK018,0.06,Intermediate,2,0
P00306,SK023,0.351,Advanced,4,1
P00307,SK011,0.493,Intermediate,2,1
P00307,SK022,0.177,Intermediate,2,1
P00307,SK024,0.141,Intermediate,2,0
P00307,SK025,0.19,Intermediate,3,1
P00308,SK006,0.068,Beginner,1,0
P00308,SK008,0.052,Beginner,1,0
P00308,SK009,0.126,Intermediate,2,1
P00308,SK013,0.561,Intermediate,2,1
P00308,SK024,0.071,Intermediate,3,1
P00308,SK037,0.121,Intermediate,3,1
P00309,SK022,0.227,Advanced,5,1
P00309,SK023,0.227,Intermediate,2,1
P00309,SK024,0.239,Intermediate,2,1
P00309,SK025,0.203,Beginner,1,0
P00309,SK026,0.104,Beginner,1,0
P00310,SK001,0.255,Intermediate,2,1
P00310,SK011,0.274,Beginner,1,1
P00310,SK013,0.46,Intermediate,3,1
P00310,SK014,0.011,Intermediate,2,0
P00311,SK005,0.233,Intermediate,2,1
P00311,SK007,0.155,Intermediate,2,1
P00311,SK008,0.574,Beginner,2,1
P00311,SK024,0.037,Intermediate,2,0
P00312,SK001,0.012,Intermediate,2,0
P00312,SK011,0.42,Intermediate,3,1
P00312,SK013,0.244,Intermediate,2,1
P00312,SK024,0.323,Advanced,4,1
P00313,SK011,0.198,Intermediate,3,1
P00313,SK024,0.802,Intermediate,3,1
P00314,SK023,0.438,Advanced,4,1
P00314,SK025,0.272,Beginner,1,0
P00314,SK026,0.29,Intermediate,2,1
P00315,SK017,0.538,Beginner,2,1
P00315,SK024,0.325,Intermediate,2,1
P00315,SK027,0.137,Advanced,4,0
P00316,SK011,0.011,Intermediate,2,0
P00316,SK017,0.621,Advanced,5,1
P00316,SK024,0.257,Beginner,1,1
P00316,SK025,0.11,Advanced,5,1
P00317,SK019,0.079,Intermediate,2,1
P00317,SK025,0.921,Beginner,1,1
P00318,SK001,0.164,Beginner,1,1
P00318,SK004,0.098,Beginner,1,0
P00318,SK007,0.097,Intermediate,2,0
P00318,SK010,0.223,Advanced,4,1
P00318,SK024,0.217,Advanced,4,1
P00318,SK037,0.202,Advanced,4,1
P00319,SK011,0.008,Beginner,1,0
P00319,SK014,0.281,Beginner,2,1
P00319,SK017,0.105,Intermediate,3,1
P00319,SK018,0.239,Intermediate,3,1
P00319,SK023,0.275,Intermediate,3,1
P00319,SK024,0.093,Intermediate,2,0
P00320,SK011,0.629,Intermediate,3,1
P00320,SK024,0.035,Beginner,1,0
P00320,SK025,0.336,Intermediate,2,1
P00321,SK021,0.117,Intermediate,2,0
P00321,SK022,0.308,Beginner,1,1
P00321,SK023,0.215,Beginner,1,1
P00321,SK024,0.127,Intermediate,2,0
P00321,SK026,0.233,Intermediate,2,1
P00322,SK001,0.543,Intermediate,3,1
P00322,SK011,0.108,Intermediate,3,1
P00322,SK015,0.257,Advanced,4,1
P00322,SK016,0.092,Intermediate,2,0
P00323,SK001,0.238,Advanced,4,0
P00323,SK013,0.471,Intermediate,2,1
P00323,SK016,0.291,Intermediate,2,1
P00324,SK011,0.522,Intermediate,2,1
P00324,SK017,0.407,Advanced,4,1
P00324,SK024,0.07,Beginner,1,0
P00325,SK011,1.0,Intermediate,3,1
P00326,SK001,0.043,Intermediate,2,0
P00326,SK011,0.095,Intermediate,3,1
P00326,SK013,0.501,Intermediate,2,1
P00326,SK014,0.026,Intermediate,2,0
P00326,SK023,0.336,Beginner,1,1
P00327,SK011,0.024,Intermediate,2,0
P00327,SK023,0.293,Beginner,1,1
P00327,SK024,0.376,Intermediate,2,1
P00327,SK026,0.307,Advanced,4,1
P00328,SK011,0.144,Intermediate,2,1
P00328,SK013,0.079,Beginner,1,0
P00328,SK014,0.395,Intermediate,3,1
P00328,SK017,0.17,Intermediate,2,1
P00328,SK023,0.098,Intermediate,2,0
P00328,SK024,0.113,Beginner,2,1
P00329,SK022,0.034,Intermediate,2,0
P00329,SK026,0.224,Intermediate,3,1
P00329,SK036,0.742,Intermediate,2,1
P00330,SK020,0.411,Intermediate,2,1
P00330,SK021,0.269,Beginner,1,0
P00330,SK023,0.321,Intermediate,2,1
P00331,SK019,0.131,Advanced,4,0
P00331,SK021,0.167,Advanced,4,1
P00331,SK023,0.127,Intermediate,2,0
P00331,SK025,0.374,Advanced,4,1
P00331,SK026,0.202,Intermediate,2,1
P00332,SK019,0.079,Intermediate,2,0
P00332,SK020,0.283,Intermediate,2,1
P00332,SK023,0.638,Intermediate,3,1
P00333,SK021,0.39,Intermediate,2,1
P00333,SK023,0.096,Beginner,1,0
P00333,SK024,0.394,Intermediate,2,1
P00333,SK025,0.12,Advanced,4,1
P00334,SK025,1.0,Advanced,4,1
P00335,SK013,0.492,Advanced,5,1
P00335,SK015,0.111,Beginner,1,0
P00335,SK017,0.204,Intermediate,3,1
P00335,SK018,0.193,Intermediate,2,1
P00336,SK001,1.0,Intermediate,2,1
P00337,SK001,0.356,Intermediate,2,1
P00337,SK013,0.312,Advanced,4,1
P00337,SK016,0.107,Intermediate,2,0
P00337,SK017,0.039,Beginner,1,0
P00337,SK022,0.186,Intermediate,2,1
P00338,SK001,0.132,Beginner,1,0
P00338,SK014,0.363,Advanced,4,1
P00338,SK017,0.11,Intermediate,2,0
P00338,SK018,0.249,Advanced,4,1
P00338,SK024,0.146,Intermediate,3,1
P00339,SK008,0.578,Intermediate,3,1
P00339,SK010,0.422,Beginner,1,1
P00340,SK011,0.081,Intermediate,2,1
P00340,SK023,0.491,Intermediate,3,1
P00340,SK024,0.381,Advanced,4,1
P00340,SK025,0.047,Beginner,1,0
P00341,SK013,0.481,Intermediate,2,1
P00341,SK015,0.215,Intermediate,2,1
P00341,SK016,0.068,Intermediate,2,1
P00341,SK017,0.006,Beginner,1,0
P00341,SK020,0.059,Intermediate,2,0
P00341,SK024,0.171,Intermediate,3,1
P00342,SK004,0.158,Intermediate,2,1
P00342,SK005,0.842,Beginner,1,1
P00343,SK011,0.11,Intermediate,2,1
P00343,SK023,0.03,Beginner,1,0
P00343,SK024,0.53,Intermediate,2,1
P00343,SK026,0.331,Beginner,1,1
P00344,SK019,0.179,Beginner,1,0
P00344,SK021,0.201,Intermediate,2,1
P00344,SK022,0.42,Advanced,4,1
P00344,SK024,0.2,Intermediate,2,1
P00345,SK004,0.519,Advanced,4,1
P00345,SK027,0.481,Beginner,2,1
P00346,SK020,0.078,Advanced,4,1
P00346,SK024,0.922,Intermediate,2,1
P00347,SK011,0.071,Beginner,1,0
P00347,SK013,0.159,Intermediate,2,1
P00347,SK014,0.284,Advanced,4,1
P00347,SK017,0.187,Beginner,2,1
P00347,SK018,0.129,Beginner,1,0
P00347,SK024,0.17,Advanced,4,1
P00348,SK001,0.256,Intermediate,2,1
P00348,SK002,0.323,Intermediate,3,1
P00348,SK004,0.05,Intermediate,2,0
P00348,SK024,0.018,Beginner,1,0
P00348,SK028,0.353,Beginner,1,1
P00349,SK011,0.156,Intermediate,2,1
P00349,SK014,0.045,Intermediate,2,0
P00349,SK018,0.412,Advanced,4,1
P00349,SK024,0.387,Advanced,5,1
P00350,SK004,0.151,Intermediate,3,1
P00350,SK005,0.224,Advanced,5,1
P00350,SK024,0.521,Intermediate,3,1
P00350,SK027,0.103,Beginner,1,0
P00351,SK011,0.168,Intermediate,2,1
P00351,SK023,0.158,Beginner,1,0
P00351,SK024,0.249,Intermediate,3,1
P00351,SK025,0.424,Intermediate,2,1
P00352,SK001,0.229,Beginner,2,1
P00352,SK011,0.266,Advanced,4,1
P00352,SK014,0.112,Intermediate,2,0
P00352,SK023,0.038,Intermediate,2,0
P00352,SK024,0.354,Intermediate,3,1
P00353,SK002,0.391,Advanced,4,1
P00353,SK028,0.609,Beginner,1,1
P00354,SK011,0.112,Beginner,1,0
P00354,SK022,0.154,Beginner,2,1
P00354,SK023,0.734,Intermediate,2,1
P00355,SK013,0.297,Intermediate,2,0
P00355,SK022,0.376,Beginner,2,1
P00355,SK024,0.327,Advanced,4,1
P00356,SK022,0.063,Advanced,5,1
P00356,SK023,0.749,Intermediate,2,1
P00356,SK025,0.153,Intermediate,2,1
P00356,SK026,0.035,Intermediate,2,0
P00357,SK017,0.138,Intermediate,2,0
P00357,SK024,0.142,Advanced,4,1
P00357,SK027,0.72,Beginner,1,1
P00358,SK019,0.149,Intermediate,2,0
P00358,SK020,0.185,Advanced,5,1
P00358,SK023,0.29,Advanced,4,1
P00358,SK024,0.376,Beginner,2,1
P00359,SK001,0.307,Advanced,5,1
P00359,SK011,0.213,Intermediate,2,0
P00359,SK037,0.48,Advanced,4,1
P00360,SK021,0.167,Beginner,1,1
P00360,SK023,0.102,Intermediate,2,0
P00360,SK024,0.084,Beginner,1,0
P00360,SK025,0.358,Advanced,4,1
P00360,SK036,0.289,Advanced,4,1
P00361,SK020,0.036,Intermediate,2,0
P00361,SK022,0.07,Intermediate,3,1
P00361,SK023,0.056,Advanced,4,1
P00361,SK024,0.261,Intermediate,3,1
P00361,SK025,0.031,Intermediate,2,0
P00361,SK026,0.443,Beginner,2,1
P00361,SK036,0.103,Advanced,5,1
P00362,SK021,0.506,Intermediate,2,1
P00362,SK023,0.145,Beginner,1,0
P00362,SK026,0.158,Intermediate,2,1
P00362,SK036,0.191,Intermediate,2,1
P00363,SK011,0.065,Intermediate,2,1
P00363,SK017,0.026,Beginner,1,0
P00363,SK024,0.86,Intermediate,3,1
P00363,SK025,0.05,Advanced,4,1
P00364,SK007,0.208,Intermediate,2,1
P00364,SK037,0.792,Intermediate,2,1
P00365,SK011,0.268,Advanced,4,0
P00365,SK017,0.409,Advanced,4,1
P00365,SK024,0.323,Advanced,4,1
P00366,SK004,0.11,Advanced,4,1
P00366,SK027,0.89,Advanced,4,1
P00367,SK005,0.353,Intermediate,2,1
P00367,SK007,0.647,Intermediate,3,1
P00368,SK011,0.765,Beginner,1,1
P00368,SK017,0.091,Intermediate,2,0
P00368,SK025,0.143,Intermediate,2,1
P00369,SK001,0.31,Intermediate,2,1
P00369,SK002,0.105,Beginner,1,0
P00369,SK024,0.061,Beginner,1,0
P00369,SK028,0.322,Beginner,1,1
P00369,SK029,0.202,Intermediate,2,1
P00370,SK011,0.065,Beginner,1,0
P00370,SK017,0.205,Intermediate,2,1
P00370,SK024,0.282,Intermediate,2,1
P00370,SK027,0.449,Advanced,4,1
P00371,SK022,0.446,Intermediate,2,1
P00371,SK023,0.132,Beginner,1,1
P00371,SK024,0.327,Intermediate,3,1
P00371,SK025,0.095,Intermediate,2,0
P00372,SK004,0.348,Intermediate,3,1
P00372,SK005,0.652,Advanced,4,1
P00373,SK019,0.059,Intermediate,2,0
P00373,SK020,0.322,Beginner,1,1
P00373,SK021,0.414,Intermediate,3,1
P00373,SK024,0.083,Beginner,1,0
P00373,SK025,0.122,Advanced,4,1
P00374,SK011,0.041,Intermediate,2,0
P00374,SK017,0.202,Beginner,2,1
P00374,SK020,0.757,Intermediate,3,1
P00375,SK002,0.053,Intermediate,3,1
P00375,SK024,0.947,Advanced,4,1
P00376,SK011,1.0,Intermediate,2,1
P00377,SK011,0.787,Intermediate,3,1
P00377,SK017,0.213,Intermediate,2,1
P00378,SK011,0.209,Intermediate,2,1
P00378,SK022,0.138,Intermediate,2,0
P00378,SK023,0.267,Advanced,4,1
P00378,SK024,0.117,Beginner,1,0
P00378,SK026,0.268,Intermediate,3,1
P00379,SK019,0.328,Intermediate,2,1
P00379,SK021,0.279,Intermediate,3,1
P00379,SK022,0.227,Advanced,5,1
P00379,SK023,0.118,Intermediate,2,0
P00379,SK024,0.048,Advanced,4,0
P00380,SK019,0.173,Intermediate,3,1
P00380,SK020,0.447,Beginner,1,1
P00380,SK021,0.005,Beginner,1,0
P00380,SK023,0.159,Beginner,1,0
P00380,SK024,0.215,Intermediate,3,1
P00381,SK021,0.325,Beginner,2,1
P00381,SK023,0.331,Intermediate,2,1
P00381,SK024,0.195,Advanced,4,1
P00381,SK025,0.148,Beginner,1,0
P00382,SK011,0.343,Advanced,4,1
P00382,SK017,0.259,Intermediate,2,1
P00382,SK024,0.183,Intermediate,2,0
P00382,SK027,0.215,Intermediate,2,1
P00383,SK002,0.357,Beginner,1,1
P00383,SK024,0.643,Advanced,4,1
P00384,SK001,0.128,Intermediate,2,1
P00384,SK013,0.049,Beginner,1,0
P00384,SK015,0.59,Beginner,1,1
P00384,SK024,0.233,Advanced,5,1
P00385,SK022,0.038,Intermediate,2,0
P00385,SK023,0.166,Advanced,5,1
P00385,SK024,0.045,Beginner,1,0
P00385,SK025,0.581,Intermediate,2,1
P00385,SK026,0.17,Advanced,4,1
P00386,SK013,0.224,Intermediate,2,0
P00386,SK020,0.423,Intermediate,2,1
P00386,SK024,0.354,Intermediate,2,1
P00387,SK023,1.0,Intermediate,3,1
P00388,SK011,0.003,Intermediate,2,0
P00388,SK017,0.405,Advanced,4,1
P00388,SK024,0.263,Intermediate,2,1
P00388,SK027,0.329,Intermediate,2,1
P00389,SK011,0.141,Intermediate,2,0
P00389,SK024,0.43,Intermediate,3,1
P00389,SK027,0.429,Intermediate,2,1
P00390,SK005,0.652,Advanced,5,1
P00390,SK027,0.348,Advanced,4,1
P00391,SK005,0.634,Advanced,5,1
P00391,SK027,0.366,Intermediate,2,1
P00392,SK011,0.502,Advanced,5,1
P00392,SK013,0.21,Intermediate,2,1
P00392,SK015,0.101,Beginner,1,0
P00392,SK016,0.172,Intermediate,2,1
P00392,SK024,0.016,Intermediate,2,0
P00393,SK022,0.419,Advanced,5,1
P00393,SK024,0.494,Beginner,1,1
P00393,SK025,0.087,Intermediate,2,0
P00394,SK001,0.229,Intermediate,3,1
P00394,SK013,0.475,Beginner,1,1
P00394,SK015,0.132,Intermediate,2,0
P00394,SK022,0.164,Beginner,1,1
P00395,SK011,0.165,Intermediate,2,1
P00395,SK024,0.81,Intermediate,2,1
P00395,SK027,0.024,Beginner,1,0
P00396,SK020,0.039,Intermediate,2,0
P00396,SK023,0.089,Advanced,5,1
P00396,SK025,0.129,Intermediate,2,1
P00396,SK026,0.743,Beginner,1,1
P00397,SK024,1.0,Intermediate,2,1
P00398,SK005,0.315,Intermediate,2,1
P00398,SK024,0.437,Advanced,4,1
P00398,SK027,0.249,Beginner,1,0
P00399,SK001,0.054,Intermediate,2,0
P00399,SK011,0.362,Intermediate,2,1
P00399,SK017,0.126,Advanced,5,1
P00399,SK018,0.428,Advanced,4,1
P00399,SK024,0.031,Intermediate,2,0
P00400,SK001,1.0,Intermediate,3,1
P00401,SK011,0.645,Intermediate,2,1
P00401,SK022,0.059,Intermediate,2,1
P00401,SK024,0.004,Beginner,1,0
P00401,SK026,0.292,Intermediate,2,1
P00402,SK019,0.249,Intermediate,3,1
P00402,SK021,0.577,Intermediate,2,1
P00402,SK024,0.006,Beginner,1,0
P00402,SK025,0.113,Intermediate,3,1
P00402,SK026,0.055,Intermediate,2,0
P00403,SK011,0.505,Intermediate,3,1
P00403,SK024,0.299,Intermediate,3,1
P00403,SK025,0.196,Intermediate,2,0
P00404,SK002,0.782,Intermediate,2,1
P00404,SK024,0.218,Advanced,4,1
P00405,SK011,0.274,Intermediate,2,0
P00405,SK013,0.354,Intermediate,2,1
P00405,SK017,0.372,Advanced,5,1
P00406,SK002,0.491,Intermediate,2,1
P00406,SK004,0.304,Beginner,2,1
P00406,SK024,0.154,Intermediate,2,1
P00406,SK028,0.051,Beginner,1,0
P00407,SK024,0.063,Advanced,4,0
P00407,SK025,0.149,Intermediate,2,1
P00407,SK036,0.789,Beginner,1,1
P00408,SK001,0.085,Intermediate,2,0
P00408,SK004,0.256,Beginner,1,1
P00408,SK024,0.351,Beginner,2,1
P00408,SK028,0.282,Advanced,4,1
P00408,SK029,0.025,Beginner,1,0
P00409,SK004,0.008,Intermediate,2,0
P00409,SK005,0.746,Intermediate,2,1
P00409,SK024,0.246,Intermediate,2,1
P00410,SK011,0.286,Intermediate,3,1
P00410,SK024,0.714,Advanced,4,1
P00411,SK011,0.498,Intermediate,2,1
P00411,SK017,0.357,Intermediate,2,1
P00411,SK022,0.117,Advanced,4,1
P00411,SK024,0.028,Intermediate,2,0
P00412,SK011,0.368,Intermediate,2,1
P00412,SK017,0.023,Intermediate,2,0
P00412,SK024,0.518,Intermediate,2,1
P00412,SK027,0.09,Beginner,1,1
P00413,SK017,0.88,Intermediate,2,1
P00413,SK025,0.12,Intermediate,2,1
P00414,SK013,0.043,Beginner,1,0
P00414,SK015,0.053,Intermediate,2,0
P00414,SK016,0.103,Intermediate,2,1
P00414,SK017,0.167,Beginner,1,1
P00414,SK018,0.633,Intermediate,2,1
P00415,SK009,0.126,Intermediate,2,1
P00415,SK024,0.048,Intermediate,2,0
P00415,SK033,0.538,Intermediate,2,1
P00415,SK036,0.287,Beginner,1,1
P00416,SK001,0.343,Advanced,4,1
P00416,SK024,0.38,Intermediate,3,1
P00416,SK029,0.278,Beginner,1,0
P00417,SK019,0.634,Advanced,4,1
P00417,SK024,0.268,Advanced,4,1
P00417,SK025,0.099,Intermediate,2,0
P00418,SK024,0.728,Intermediate,3,1
P00418,SK029,0.272,Intermediate,2,1
P00419,SK011,0.679,Intermediate,2,1
P00419,SK017,0.269,Advanced,4,1
P00419,SK024,0.008,Advanced,4,0
P00419,SK027,0.045,Intermediate,2,1
P00420,SK011,0.146,Intermediate,2,1
P00420,SK017,0.221,Advanced,4,1
P00420,SK018,0.054,Advanced,4,0
P00420,SK024,0.579,Intermediate,2,1
P00421,SK005,0.642,Intermediate,2,1
P00421,SK024,0.183,Intermediate,3,1
P00421,SK027,0.175,Intermediate,2,0
P00422,SK004,0.667,Intermediate,2,1
P00422,SK005,0.333,Advanced,4,1
P00423,SK004,0.128,Advanced,4,0
P00423,SK005,0.303,Intermediate,3,1
P00423,SK024,0.19,Beginner,1,1
P00423,SK027,0.379,Intermediate,3,1
P00424,SK013,0.125,Intermediate,2,1
P00424,SK016,0.159,Intermediate,2,1
P00424,SK017,0.633,Intermediate,3,1
P00424,SK024,0.083,Advanced,4,0
P00425,SK011,0.208,Advanced,4,1
P00425,SK024,0.683,Intermediate,2,1
P00425,SK027,0.109,Beginner,1,0
P00426,SK020,0.196,Intermediate,2,1
P00426,SK022,0.37,Beginner,2,1
P00426,SK023,0.114,Intermediate,2,0
P00426,SK024,0.222,Intermediate,2,1
P00426,SK026,0.098,Intermediate,2,0
P00427,SK023,0.155,Intermediate,2,0
P00427,SK024,0.363,Intermediate,2,1
P00427,SK025,0.303,Advanced,4,1
P00427,SK026,0.179,Intermediate,3,1
P00428,SK024,1.0,Intermediate,2,1
P00429,SK020,0.11,Beginner,1,0
P00429,SK022,0.196,Intermediate,3,1
P00429,SK024,0.694,Intermediate,2,1
P00430,SK005,0.094,Intermediate,2,0
P00430,SK011,0.101,Advanced,4,1
P00430,SK024,0.422,Intermediate,2,1
P00430,SK037,0.384,Advanced,4,1
P00431,SK011,0.304,Beginner,2,1
P00431,SK017,0.113,Advanced,4,1
P00431,SK024,0.567,Beginner,1,1
P00431,SK027,0.016,Beginner,1,0
P00432,SK024,0.575,Advanced,4,1
P00432,SK025,0.378,Intermediate,3,1
P00432,SK026,0.047,Intermediate,2,0
P00433,SK001,0.167,Intermediate,2,1
P00433,SK013,0.223,Advanced,4,1
P00433,SK017,0.1,Intermediate,2,0
P00433,SK023,0.347,Advanced,5,1
P00433,SK024,0.162,Beginner,1,0
P00434,SK011,0.342,Intermediate,3,1
P00434,SK017,0.658,Advanced,4,1
P00435,SK023,1.0,Advanced,4,1
P00436,SK023,0.548,Intermediate,3,1
P00436,SK025,0.443,Advanced,5,1
P00436,SK026,0.009,Intermediate,2,0
P00437,SK011,0.238,Intermediate,2,1
P00437,SK024,0.762,Beginner,2,1
P00438,SK001,0.271,Intermediate,2,1
P00438,SK024,0.729,Intermediate,2,1
P00439,SK004,0.192,Intermediate,3,1
P00439,SK005,0.166,Beginner,1,0
P00439,SK027,0.642,Intermediate,3,1
P00440,SK011,0.024,Intermediate,2,0
P00440,SK013,0.696,Beginner,1,1
P00440,SK018,0.208,Intermediate,2,1
P00440,SK024,0.072,Intermediate,2,1
P00441,SK024,0.275,Beginner,2,1
P00441,SK026,0.725,Intermediate,2,1
P00442,SK011,0.465,Intermediate,2,1
P00442,SK023,0.295,Intermediate,2,1
P00442,SK024,0.122,Intermediate,2,1
P00442,SK026,0.118,Intermediate,2,0
P00443,SK024,0.503,Advanced,4,1
P00443,SK027,0.497,Intermediate,3,1
P00444,SK019,0.498,Intermediate,2,1
P00444,SK020,0.306,Beginner,1,1
P00444,SK023,0.196,Intermediate,2,0
P00445,SK019,0.628,Advanced,5,1
P00445,SK021,0.197,Beginner,1,1
P00445,SK022,0.044,Advanced,4,0
P00445,SK025,0.13,Beginner,1,1
P00446,SK001,0.336,Advanced,5,1
P00446,SK014,0.073,Beginner,1,0
P00446,SK017,0.19,Beginner,2,1
P00446,SK018,0.337,Intermediate,2,1
P00446,SK024,0.063,Intermediate,2,0
P00447,SK002,0.423,Beginner,1,1
P00447,SK024,0.307,Intermediate,2,1
P00447,SK029,0.27,Beginner,1,0
P00448,SK021,0.208,Intermediate,2,1
P00448,SK024,0.694,Intermediate,2,1
P00448,SK026,0.098,Intermediate,2,0
P00449,SK001,0.135,Advanced,4,1
P00449,SK014,0.019,Beginner,1,0
P00449,SK022,0.085,Intermediate,2,1
P00449,SK024,0.761,Advanced,4,1
P00450,SK011,0.316,Advanced,4,1
P00450,SK013,0.089,Intermediate,2,0
P00450,SK017,0.329,Advanced,4,1
P00450,SK018,0.107,Beginner,1,0
P00450,SK023,0.158,Intermediate,3,1
P00451,SK004,0.531,Intermediate,2,1
P00451,SK005,0.337,Intermediate,2,1
P00451,SK024,0.132,Intermediate,2,0
P00452,SK004,0.169,Intermediate,2,1
P00452,SK024,0.819,Advanced,4,1
P00452,SK027,0.012,Beginner,1,0
P00453,SK001,0.673,Intermediate,2,1
P00453,SK013,0.06,Advanced,5,1
P00453,SK017,0.027,Beginner,1,0
P00453,SK023,0.241,Intermediate,2,1
P00454,SK004,0.299,Beginner,1,1
P00454,SK024,0.701,Intermediate,2,1
P00455,SK005,0.074,Intermediate,2,1
P00455,SK024,0.926,Advanced,4,1
P00456,SK025,1.0,Intermediate,3,1
P00457,SK005,0.552,Advanced,4,1
P00457,SK027,0.448,Intermediate,3,1
P00458,SK004,0.224,Beginner,1,0
P00458,SK005,0.322,Advanced,4,1
P00458,SK024,0.453,Intermediate,2,1
P00459,SK011,0.319,Intermediate,2,1
P00459,SK013,0.125,Intermediate,2,1
P00459,SK018,0.251,Advanced,5,1
P00459,SK020,0.09,Beginner,1,0
P00459,SK022,0.043,Intermediate,2,0
P00459,SK024,0.172,Intermediate,3,1
P00460,SK023,0.871,Intermediate,2,1
P00460,SK025,0.129,Intermediate,3,1
P00461,SK022,0.567,Advanced,4,1
P00461,SK024,0.433,Intermediate,3,1
P00462,SK011,0.159,Advanced,4,1
P00462,SK017,0.033,Intermediate,2,1
P00462,SK024,0.025,Intermediate,2,0
P00462,SK025,0.784,Intermediate,2,1
P00463,SK019,0.187,Intermediate,2,1
P00463,SK023,0.275,Intermediate,2,1
P00463,SK024,0.064,Advanced,4,0
P00463,SK026,0.473,Intermediate,2,1
P00464,SK011,0.395,Intermediate,3,1
P00464,SK017,0.135,Intermediate,2,0
P00464,SK024,0.176,Intermediate,2,1
P00464,SK027,0.294,Intermediate,2,1
P00465,SK013,0.512,Intermediate,3,1
P00465,SK014,0.488,Intermediate,2,1
P00466,SK007,0.98,Advanced,5,1
P00466,SK011,0.02,Intermediate,3,1
P00467,SK006,0.172,Beginner,2,1
P00467,SK007,0.135,Beginner,1,0
P00467,SK008,0.306,Advanced,5,1
P00467,SK010,0.083,Beginner,1,0
P00467,SK034,0.305,Intermediate,2,1
P00468,SK001,0.224,Intermediate,2,1
P00468,SK028,0.776,Advanced,4,1
P00469,SK005,0.846,Intermediate,3,1
P00469,SK027,0.154,Intermediate,3,1
P00470,SK017,0.213,Intermediate,2,1
P00470,SK024,0.628,Intermediate,2,1
P00470,SK027,0.159,Intermediate,2,0
P00471,SK011,0.516,Intermediate,2,1
P00471,SK024,0.392,Intermediate,2,1
P00471,SK027,0.092,Intermediate,2,0
P00472,SK005,0.138,Intermediate,3,1
P00472,SK010,0.096,Intermediate,2,0
P00472,SK011,0.037,Intermediate,2,0
P00472,SK024,0.397,Intermediate,2,1
P00472,SK036,0.332,Advanced,4,1
P00473,SK023,0.217,Intermediate,2,1
P00473,SK024,0.013,Intermediate,2,0
P00473,SK026,0.77,Intermediate,3,1
P00474,SK001,0.143,Beginner,1,0
P00474,SK017,0.345,Advanced,4,1
P00474,SK024,0.512,Intermediate,2,1
P00475,SK013,0.07,Advanced,4,0
P00475,SK017,0.535,Advanced,5,1
P00475,SK024,0.395,Beginner,1,1
P00476,SK019,0.128,Intermediate,2,1
P00476,SK020,0.34,Intermediate,3,1
P00476,SK023,0.487,Intermediate,2,1
P00476,SK036,0.046,Intermediate,2,0
P00477,SK024,0.729,Intermediate,2,1
P00477,SK034,0.144,Intermediate,2,1
P00477,SK036,0.127,Beginner,1,0
P00478,SK019,0.15,Intermediate,2,1
P00478,SK022,0.391,Intermediate,3,1
P00478,SK023,0.076,Intermediate,2,0
P00478,SK024,0.179,Advanced,4,1
P00478,SK025,0.131,Intermediate,2,1
P00478,SK026,0.074,Beginner,1,0
P00479,SK019,0.416,Intermediate,3,1
P00479,SK024,0.241,Intermediate,2,0
P00479,SK026,0.343,Beginner,1,1
P00480,SK011,0.11,Beginner,2,1
P00480,SK017,0.507,Advanced,5,1
P00480,SK024,0.054,Beginner,1,0
P00480,SK025,0.33,Intermediate,3,1
P00481,SK011,0.155,Beginner,1,0
P00481,SK013,0.17,Intermediate,2,1
P00481,SK014,0.188,Intermediate,3,1
P00481,SK018,0.446,Intermediate,3,1
P00481,SK023,0.04,Beginner,1,0
P00482,SK001,0.046,Beginner,1,0
P00482,SK011,0.002,Beginner,1,0
P00482,SK013,0.35,Advanced,5,1
P00482,SK017,0.344,Intermediate,2,1
P00482,SK023,0.103,Advanced,5,1
P00482,SK024,0.155,Intermediate,2,1
P00483,SK004,0.87,Intermediate,2,1
P00483,SK005,0.13,Advanced,4,1
P00484,SK020,0.601,Beginner,1,1
P00484,SK021,0.248,Intermediate,2,1
P00484,SK036,0.151,Beginner,1,0
P00485,SK008,0.723,Intermediate,2,1
P00485,SK024,0.17,Intermediate,2,1
P00485,SK034,0.098,Intermediate,2,1
P00485,SK037,0.01,Intermediate,2,0
P00486,SK013,0.087,Beginner,1,0
P00486,SK016,0.213,Intermediate,3,1
P00486,SK017,0.235,Intermediate,3,1
P00486,SK018,0.175,Advanced,4,1
P00486,SK022,0.226,Intermediate,2,1
P00486,SK024,0.064,Beginner,1,0
P00487,SK001,0.389,Advanced,4,1
P00487,SK011,0.385,Intermediate,3,1
P00487,SK023,0.226,Beginner,1,0
P00488,SK002,0.612,Intermediate,2,1
P00488,SK004,0.208,Intermediate,3,1
P00488,SK024,0.077,Intermediate,2,0
P00488,SK028,0.103,Intermediate,3,1
P00489,SK011,0.353,Intermediate,2,1
P00489,SK024,0.219,Beginner,1,0
P00489,SK027,0.428,Intermediate,2,1
P00490,SK021,0.213,Advanced,4,1
P00490,SK024,0.781,Beginner,1,1
P00490,SK025,0.005,Intermediate,2,0
P00491,SK001,0.083,Intermediate,2,1
P00491,SK002,0.034,Beginner,1,0
P00491,SK004,0.173,Intermediate,3,1
P00491,SK024,0.068,Intermediate,2,0
P00491,SK029,0.643,Beginner,1,1
P00492,SK020,0.099,Intermediate,3,1
P00492,SK021,0.395,Intermediate,2,1
P00492,SK022,0.257,Beginner,1,1
P00492,SK023,0.065,Beginner,1,0
P00492,SK024,0.133,Intermediate,2,1
P00492,SK026,0.051,Beginner,1,0
P00493,SK011,0.578,Intermediate,2,1
P00493,SK014,0.265,Beginner,2,1
P00493,SK024,0.158,Beginner,1,0
P00494,SK024,0.475,Intermediate,2,1
P00494,SK025,0.012,Beginner,1,0
P00494,SK026,0.513,Intermediate,3,1
P00495,SK011,0.305,Intermediate,3,1
P00495,SK014,0.139,Intermediate,2,1
P00495,SK015,0.177,Intermediate,2,1
P00495,SK016,0.287,Advanced,4,1
P00495,SK018,0.04,Beginner,1,0
P00495,SK020,0.053,Beginner,1,0
P00496,SK011,0.094,Intermediate,2,0
P00496,SK022,0.654,Beginner,2,1
P00496,SK024,0.252,Advanced,4,1
P00497,SK011,0.522,Intermediate,3,1
P00497,SK014,0.24,Advanced,4,1
P00497,SK024,0.238,Intermediate,2,0
P00498,SK001,0.51,Intermediate,2,1
P00498,SK004,0.342,Advanced,5,1
P00498,SK028,0.147,Beginner,1,0
P00499,SK001,0.045,Beginner,1,0
P00499,SK011,0.015,Intermediate,2,0
P00499,SK013,0.079,Intermediate,3,1
P00499,SK014,0.432,Beginner,1,1
P00499,SK017,0.178,Intermediate,3,1
P00499,SK022,0.067,Intermediate,2,1
P00499,SK024,0.184,Intermediate,3,1
P00500,SK021,0.57,Beginner,1,1
P00500,SK022,0.037,Beginner,1,0
P00500,SK023,0.147,Advanced,5,1
P00500,SK024,0.134,Beginner,1,1
P00500,SK025,0.112,Intermediate,2,0
P00501,SK011,0.291,Advanced,5,1
P00501,SK017,0.075,Intermediate,3,1
P00501,SK024,0.07,Intermediate,2,0
P00501,SK025,0.564,Advanced,4,1
P00502,SK001,0.263,Advanced,4,1
P00502,SK002,0.625,Advanced,4,1
P00502,SK024,0.068,Beginner,1,1
P00502,SK028,0.044,Beginner,1,0
P00503,SK010,0.325,Intermediate,2,1
P00503,SK024,0.088,Intermediate,2,0
P00503,SK036,0.352,Advanced,4,1
P00503,SK037,0.235,Beginner,1,1
P00504,SK022,0.536,Beginner,1,1
P00504,SK024,0.356,Advanced,5,1
P00504,SK026,0.108,Intermediate,2,0
P00505,SK028,0.792,Intermediate,2,1
P00505,SK029,0.208,Intermediate,2,1
P00506,SK017,0.669,Intermediate,2,1
P00506,SK024,0.236,Advanced,4,1
P00506,SK027,0.095,Beginner,1,0
P00507,SK002,0.094,Intermediate,2,0
P00507,SK004,0.055,Beginner,1,0
P00507,SK024,0.283,Advanced,4,1
P00507,SK028,0.374,Intermediate,3,1
P00507,SK029,0.194,Beginner,1,1
P00508,SK002,0.268,Intermediate,2,1
P00508,SK024,0.054,Beginner,1,0
P00508,SK028,0.147,Intermediate,3,1
P00508,SK029,0.532,Intermediate,2,1
P00509,SK011,0.037,Intermediate,2,0
P00509,SK017,0.633,Beginner,2,1
P00509,SK024,0.219,Intermediate,3,1
P00509,SK025,0.111,Intermediate,2,1
P00510,SK011,0.202,Intermediate,3,1
P00510,SK022,0.151,Beginner,1,0
P00510,SK023,0.313,Intermediate,2,1
P00510,SK025,0.053,Beginner,1,0
P00510,SK026,0.281,Beginner,1,1
P00511,SK021,0.517,Advanced,4,1
P00511,SK024,0.248,Intermediate,2,1
P00511,SK036,0.236,Beginner,1,0
P00512,SK002,0.679,Intermediate,3,1
P00512,SK028,0.293,Intermediate,2,1
P00512,SK029,0.028,Beginner,1,0
P00513,SK011,0.007,Beginner,1,0
P00513,SK013,0.031,Intermediate,2,0
P00513,SK016,0.173,Advanced,4,1
P00513,SK017,0.254,Intermediate,2,1
P00513,SK018,0.074,Intermediate,2,1
P00513,SK020,0.462,Intermediate,2,1
P00514,SK021,0.653,Advanced,5,1
P00514,SK024,0.347,Advanced,4,1
P00515,SK004,0.362,Advanced,4,1
P00515,SK005,0.325,Advanced,5,1
P00515,SK024,0.197,Intermediate,2,1
P00515,SK027,0.116,Beginner,1,0
P00516,SK001,0.066,Intermediate,2,1
P00516,SK011,0.352,Beginner,1,1
P00516,SK014,0.062,Intermediate,2,0
P00516,SK018,0.017,Intermediate,2,0
P00516,SK023,0.375,Advanced,4,1
P00516,SK024,0.128,Beginner,1,1
P00517,SK020,0.846,Intermediate,2,1
P00517,SK024,0.154,Advanced,4,1
P00518,SK001,0.058,Intermediate,2,1
P00518,SK024,0.942,Intermediate,2,1
P00519,SK021,0.237,Intermediate,2,1
P00519,SK023,0.489,Intermediate,2,1
P00519,SK024,0.114,Beginner,1,0
P00519,SK036,0.159,Advanced,4,1
P00520,SK001,0.121,Intermediate,2,0
P00520,SK011,0.302,Advanced,5,1
P00520,SK013,0.278,Beginner,2,1
P00520,SK018,0.192,Advanced,4,1
P00520,SK023,0.107,Advanced,4,0
P00521,SK004,0.572,Advanced,4,1
P00521,SK005,0.183,Intermediate,2,0
P00521,SK027,0.245,Advanced,4,1
P00522,SK008,0.569,Intermediate,2,1
P00522,SK024,0.431,Intermediate,3,1
P00523,SK001,0.052,Intermediate,2,0
P00523,SK002,0.259,Intermediate,2,1
P00523,SK004,0.306,Beginner,1,1
P00523,SK024,0.383,Intermediate,2,1
P00524,SK020,0.142,Intermediate,2,1
P00524,SK021,0.858,Advanced,4,1
P00525,SK019,0.25,Beginner,1,0
P00525,SK020,0.428,Intermediate,2,1
P00525,SK025,0.323,Intermediate,2,1
P00526,SK019,0.185,Intermediate,2,1
P00526,SK021,0.071,Beginner,2,1
P00526,SK022,0.046,Beginner,1,0
P00526,SK023,0.048,Beginner,1,0
P00526,SK024,0.546,Intermediate,3,1
P00526,SK025,0.104,Beginner,1,1
P00527,SK011,0.171,Beginner,1,0
P00527,SK017,0.237,Advanced,4,1
P00527,SK024,0.245,Intermediate,2,1
P00527,SK027,0.347,Intermediate,3,1
P00528,SK011,0.433,Intermediate,3,1
P00528,SK014,0.433,Advanced,4,1
P00528,SK017,0.134,Intermediate,2,0
P00529,SK019,0.109,Beginner,1,0
P00529,SK023,0.348,Intermediate,3,1
P00529,SK026,0.543,Advanced,4,1
P00530,SK013,0.207,Beginner,1,0
P00530,SK018,0.24,Intermediate,2,1
P00530,SK023,0.553,Advanced,4,1
P00531,SK014,0.504,Intermediate,3,1
P00531,SK016,0.302,Intermediate,2,1
P00531,SK020,0.193,Beginner,1,0
P00532,SK011,0.284,Intermediate,2,1
P00532,SK013,0.14,Intermediate,2,0
P00532,SK018,0.255,Intermediate,2,1
P00532,SK023,0.322,Intermediate,2,1
P00533,SK005,0.956,Intermediate,2,1
P00533,SK027,0.044,Intermediate,2,1
P00534,SK004,0.364,Advanced,5,1
P00534,SK005,0.34,Intermediate,3,1
P00534,SK024,0.296,Intermediate,2,0
P00535,SK005,0.04,Intermediate,2,0
P00535,SK006,0.484,Intermediate,3,1
P00535,SK024,0.244,Intermediate,2,1
P00535,SK033,0.231,Intermediate,2,1
P00536,SK002,0.106,Beginner,1,0
P00536,SK010,0.166,Intermediate,3,1
P00536,SK013,0.376,Intermediate,3,1
P00536,SK024,0.143,Beginner,1,0
P00536,SK033,0.21,Intermediate,2,1
P00537,SK011,0.576,Advanced,4,1
P00537,SK017,0.273,Beginner,1,1
P00537,SK023,0.151,Intermediate,2,0
P00538,SK014,0.128,Intermediate,2,0
P00538,SK015,0.333,Intermediate,2,1
P00538,SK022,0.231,Advanced,4,1
P00538,SK024,0.309,Intermediate,2,1
P00539,SK024,0.228,Intermediate,2,1
P00539,SK026,0.772,Intermediate,2,1
P00540,SK011,0.005,Intermediate,2,0
P00540,SK013,0.159,Intermediate,2,1
P00540,SK016,0.023,Intermediate,2,0
P00540,SK018,0.529,Intermediate,2,1
P00540,SK024,0.284,Advanced,4,1
P00541,SK011,0.213,Advanced,4,1
P00541,SK015,0.115,Beginner,1,0
P00541,SK022,0.485,Advanced,4,1
P00541,SK024,0.187,Advanced,4,1
P00542,SK011,0.107,Intermediate,3,1
P00542,SK024,0.893,Intermediate,3,1
P00543,SK011,0.03,Beginner,1,0
P00543,SK017,0.305,Advanced,4,1
P00543,SK024,0.096,Beginner,2,1
P00543,SK025,0.568,Intermediate,3,1
P00544,SK020,0.119,Intermediate,3,1
P00544,SK021,0.08,Beginner,1,0
P00544,SK022,0.189,Intermediate,2,1
P00544,SK024,0.612,Advanced,4,1
P00545,SK005,0.156,Intermediate,2,0
P00545,SK024,0.198,Advanced,4,1
P00545,SK037,0.645,Advanced,4,1
P00546,SK020,0.126,Intermediate,2,0
P00546,SK024,0.66,Intermediate,2,1
P00546,SK025,0.214,Intermediate,3,1
P00547,SK020,0.028,Advanced,4,0
P00547,SK024,0.483,Intermediate,2,1
P00547,SK026,0.489,Advanced,5,1
P00548,SK019,0.046,Intermediate,2,0
P00548,SK021,0.23,Intermediate,2,1
P00548,SK023,0.022,Intermediate,2,0
P00548,SK024,0.267,Intermediate,2,1
P00548,SK025,0.061,Intermediate,2,1
P00548,SK026,0.373,Intermediate,2,1
P00549,SK013,0.143,Intermediate,3,1
P00549,SK015,0.237,Intermediate,3,1
P00549,SK022,0.09,Beginner,1,0
P00549,SK024,0.53,Advanced,5,1
P00550,SK017,0.646,Intermediate,2,1
P00550,SK025,0.354,Advanced,4,1
P00551,SK013,0.741,Intermediate,3,1
P00551,SK014,0.259,Advanced,4,1
P00552,SK011,0.1,Intermediate,3,1
P00552,SK014,0.523,Beginner,1,1
P00552,SK017,0.079,Intermediate,2,0
P00552,SK024,0.298,Advanced,4,1
P00553,SK011,0.3,Intermediate,2,1
P00553,SK017,0.117,Intermediate,3,1
P00553,SK024,0.046,Beginner,1,0
P00553,SK027,0.536,Intermediate,2,1
P00554,SK002,0.151,Intermediate,2,1
P00554,SK005,0.107,Beginner,1,0
P00554,SK034,0.742,Intermediate,2,1
P00555,SK019,0.502,Beginner,2,1
P00555,SK020,0.161,Beginner,1,0
P00555,SK022,0.337,Intermediate,2,1
P00556,SK024,0.356,Intermediate,3,1
P00556,SK029,0.644,Beginner,1,1
P00557,SK011,0.081,Intermediate,2,0
P00557,SK023,0.236,Intermediate,2,1
P00557,SK024,0.108,Beginner,1,0
P00557,SK025,0.382,Intermediate,2,1
P00557,SK026,0.194,Intermediate,2,1
P00558,SK005,0.398,Intermediate,2,1
P00558,SK024,0.016,Intermediate,2,0
P00558,SK027,0.587,Advanced,4,1
P00559,SK013,0.391,Beginner,2,1
P00559,SK015,0.114,Intermediate,2,0
P00559,SK017,0.237,Advanced,4,1
P00559,SK022,0.258,Intermediate,2,1
P00560,SK005,0.101,Intermediate,2,0
P00560,SK024,0.315,Intermediate,3,1
P00560,SK027,0.584,Advanced,5,1
P00561,SK011,0.697,Intermediate,2,1
P00561,SK017,0.022,Intermediate,2,0
P00561,SK024,0.281,Intermediate,2,1
P00562,SK024,0.108,Intermediate,2,0
P00562,SK033,0.517,Advanced,5,1
P00562,SK037,0.376,Intermediate,3,1
P00563,SK011,0.17,Beginner,1,1
P00563,SK013,0.047,Beginner,1,0
P00563,SK014,0.535,Beginner,1,1
P00563,SK017,0.248,Intermediate,2,1
P00564,SK020,0.719,Intermediate,2,1
P00564,SK023,0.209,Intermediate,3,1
P00564,SK024,0.072,Beginner,1,0
P00565,SK021,0.297,Intermediate,2,1
P00565,SK024,0.077,Beginner,1,0
P00565,SK025,0.625,Intermediate,2,1
P00566,SK011,0.045,Intermediate,2,1
P00566,SK024,0.955,Advanced,4,1
P00567,SK011,0.397,Advanced,4,1
P00567,SK017,0.281,Advanced,4,1
P00567,SK024,0.19,Advanced,4,1
P00567,SK027,0.132,Beginner,1,0
P00568,SK010,0.763,Advanced,4,1
P00568,SK013,0.237,Beginner,2,1
P00569,SK011,0.07,Advanced,5,1
P00569,SK022,0.025,Intermediate,2,0
P00569,SK023,0.129,Intermediate,3,1
P00569,SK024,0.776,Intermediate,3,1
P00570,SK017,0.601,Intermediate,3,1
P00570,SK024,0.399,Intermediate,2,1
P00571,SK023,0.374,Advanced,5,1
P00571,SK024,0.626,Advanced,5,1
P00572,SK013,0.289,Advanced,4,1
P00572,SK015,0.571,Intermediate,3,1
P00572,SK020,0.14,Intermediate,2,0
P00573,SK019,0.068,Intermediate,2,0
P00573,SK023,0.142,Advanced,4,1
P00573,SK024,0.156,Advanced,4,1
P00573,SK025,0.634,Intermediate,2,1
P00574,SK005,0.212,Advanced,5,1
P00574,SK027,0.788,Beginner,1,1
P00575,SK001,0.053,Intermediate,2,0
P00575,SK013,0.618,Advanced,4,1
P00575,SK017,0.065,Advanced,4,1
P00575,SK022,0.047,Beginner,1,0
P00575,SK024,0.217,Intermediate,2,1
P00576,SK022,0.334,Advanced,4,1
P00576,SK023,0.493,Intermediate,3,1
P00576,SK026,0.173,Beginner,1,0
P00577,SK006,0.756,Advanced,4,1
P00577,SK008,0.162,Beginner,2,1
P00577,SK037,0.082,Intermediate,2,0
P00578,SK020,0.13,Intermediate,2,0
P00578,SK022,0.286,Intermediate,2,1
P00578,SK024,0.18,Advanced,4,1
P00578,SK026,0.246,Advanced,4,1
P00578,SK036,0.159,Beginner,1,0
P00579,SK004,0.153,Intermediate,3,1
P00579,SK024,0.582,Beginner,1,1
P00579,SK028,0.222,Intermediate,3,1
P00579,SK029,0.044,Intermediate,2,0
P00580,SK019,0.258,Intermediate,2,1
P00580,SK020,0.223,Intermediate,2,1
P00580,SK022,0.183,Intermediate,2,0
P00580,SK023,0.336,Intermediate,3,1
P00581,SK002,0.227,Advanced,4,1
P00581,SK006,0.678,Advanced,4,1
P00581,SK008,0.047,Intermediate,2,0
P00581,SK036,0.048,Intermediate,2,1
P00582,SK021,0.315,Intermediate,2,0
P00582,SK022,0.319,Intermediate,3,1
P00582,SK024,0.366,Intermediate,2,1
P00583,SK024,0.177,Intermediate,2,1
P00583,SK029,0.823,Intermediate,3,1
P00584,SK024,0.169,Beginner,1,1
P00584,SK028,0.722,Beginner,1,1
P00584,SK029,0.108,Intermediate,2,0
P00585,SK001,0.625,Beginner,1,1
P00585,SK002,0.05,Intermediate,2,0
P00585,SK004,0.246,Intermediate,2,1
P00585,SK028,0.079,Advanced,5,1
P00586,SK005,0.858,Intermediate,3,1
P00586,SK024,0.088,Advanced,5,1
P00586,SK027,0.054,Intermediate,2,0
P00587,SK011,0.847,Intermediate,2,1
P00587,SK026,0.153,Advanced,4,1
P00588,SK024,1.0,Intermediate,3,1
P00589,SK014,0.248,Intermediate,2,1
P00589,SK015,0.593,Advanced,4,1
P00589,SK022,0.106,Beginner,2,1
P00589,SK024,0.054,Intermediate,2,0
P00590,SK019,0.224,Advanced,5,1
P00590,SK022,0.622,Intermediate,2,1
P00590,SK025,0.058,Beginner,1,0
P00590,SK026,0.096,Advanced,4,1
P00591,SK008,0.239,Intermediate,3,1
P00591,SK010,0.761,Beginner,1,1
P00592,SK024,0.033,Beginner,1,1
P00592,SK025,0.967,Intermediate,2,1
P00593,SK019,0.053,Intermediate,2,0
P00593,SK020,0.099,Advanced,4,1
P00593,SK026,0.848,Intermediate,3,1
P00594,SK011,0.084,Intermediate,2,1
P00594,SK017,0.057,Advanced,4,0
P00594,SK024,0.587,Advanced,4,1
P00594,SK025,0.272,Intermediate,2,1
P00595,SK001,0.197,Intermediate,2,1
P00595,SK002,0.1,Intermediate,2,0
P00595,SK024,0.246,Intermediate,2,1
P00595,SK028,0.415,Intermediate,2,1
P00595,SK029,0.043,Advanced,4,0
P00596,SK022,0.116,Intermediate,2,0
P00596,SK023,0.622,Advanced,4,1
P00596,SK024,0.262,Intermediate,3,1
P00597,SK004,0.577,Intermediate,2,1
P00597,SK027,0.423,Intermediate,2,1
P00598,SK001,0.128,Intermediate,2,1
P00598,SK002,0.047,Beginner,1,0
P00598,SK004,0.334,Intermediate,3,1
P00598,SK028,0.491,Intermediate,3,1
P00599,SK017,0.677,Intermediate,2,1
P00599,SK024,0.323,Intermediate,3,1
P00600,SK001,0.392,Advanced,5,1
P00600,SK013,0.098,Beginner,1,0
P00600,SK017,0.287,Intermediate,2,1
P00600,SK024,0.223,Intermediate,2,1
P00601,SK002,0.118,Intermediate,2,0
P00601,SK004,0.085,Intermediate,2,0
P00601,SK024,0.134,Beginner,1,1
P00601,SK028,0.532,Advanced,5,1
P00601,SK029,0.131,Advanced,5,1
P00602,SK001,0.377,Advanced,5,1
P00602,SK002,0.116,Intermediate,2,0
P00602,SK004,0.267,Advanced,4,1
P00602,SK024,0.059,Beginner,1,0
P00602,SK029,0.181,Beginner,1,1
P00603,SK024,0.475,Intermediate,3,1
P00603,SK027,0.525,Advanced,4,1
P00604,SK019,0.297,Intermediate,3,1
P00604,SK022,0.004,Beginner,1,0
P00604,SK023,0.271,Advanced,4,1
P00604,SK025,0.252,Advanced,4,1
P00604,SK026,0.176,Intermediate,2,0
P00605,SK011,0.147,Beginner,1,1
P00605,SK025,0.853,Advanced,4,1
P00606,SK011,0.137,Intermediate,2,1
P00606,SK022,0.579,Intermediate,2,1
P00606,SK023,0.051,Beginner,1,0
P00606,SK024,0.031,Intermediate,2,0
P00606,SK025,0.202,Intermediate,2,1
P00607,SK011,0.553,Advanced,4,1
P00607,SK024,0.447,Advanced,5,1
P00608,SK004,0.155,Beginner,1,0
P00608,SK005,0.217,Advanced,4,1
P00608,SK024,0.208,Intermediate,2,1
P00608,SK027,0.42,Advanced,4,1
P00609,SK011,0.264,Intermediate,2,1
P00609,SK023,0.223,Intermediate,2,1
P00609,SK024,0.095,Intermediate,2,0
P00609,SK026,0.417,Advanced,4,1
P00610,SK001,0.095,Advanced,4,0
P00610,SK013,0.226,Advanced,4,1
P00610,SK015,0.118,Beginner,1,0
P00610,SK020,0.215,Intermediate,2,1
P00610,SK024,0.346,Intermediate,2,1
P00611,SK017,0.288,Intermediate,2,1
P00611,SK024,0.205,Intermediate,2,0
P00611,SK027,0.506,Intermediate,2,1
P00612,SK011,0.46,Beginner,1,1
P00612,SK013,0.477,Advanced,4,1
P00612,SK018,0.062,Beginner,1,0
P00613,SK020,0.12,Advanced,4,1
P00613,SK022,0.047,Beginner,1,0
P00613,SK023,0.522,Intermediate,2,1
P00613,SK025,0.312,Intermediate,2,1
P00614,SK001,0.024,Intermediate,2,0
P00614,SK013,0.062,Beginner,1,0
P00614,SK017,0.071,Intermediate,2,1
P00614,SK018,0.158,Intermediate,2,1
P00614,SK023,0.293,Intermediate,2,1
P00614,SK024,0.391,Beginner,2,1
P00615,SK019,0.317,Intermediate,2,1
P00615,SK022,0.071,Advanced,5,1
P00615,SK023,0.554,Advanced,4,1
P00615,SK024,0.058,Beginner,1,0
P00616,SK005,0.732,Intermediate,2,1
P00616,SK027,0.268,Intermediate,2,1
P00617,SK002,0.304,Intermediate,2,1
P00617,SK004,0.623,Advanced,4,1
P00617,SK024,0.073,Advanced,4,0
P00618,SK002,0.073,Intermediate,2,1
P00618,SK004,0.311,Intermediate,2,1
P00618,SK024,0.558,Intermediate,2,1
P00618,SK028,0.057,Intermediate,2,0
P00619,SK011,0.332,Intermediate,2,1
P00619,SK013,0.125,Intermediate,3,1
P00619,SK015,0.03,Beginner,1,0
P00619,SK020,0.512,Intermediate,2,1
P00620,SK002,0.071,Beginner,1,0
P00620,SK004,0.096,Intermediate,2,1
P00620,SK024,0.833,Intermediate,2,1
P00621,SK024,0.165,Intermediate,2,1
P00621,SK025,0.835,Intermediate,3,1
P00622,SK020,0.267,Intermediate,3,1
P00622,SK021,0.071,Beginner,1,0
P00622,SK023,0.581,Advanced,4,1
P00622,SK036,0.082,Intermediate,2,1
P00623,SK004,0.438,Beginner,1,1
P00623,SK005,0.294,Advanced,4,1
P00623,SK027,0.269,Intermediate,2,0
P00624,SK001,0.216,Intermediate,2,1
P00624,SK013,0.483,Intermediate,2,1
P00624,SK014,0.202,Advanced,5,1
P00624,SK017,0.012,Intermediate,2,0
P00624,SK023,0.088,Beginner,1,0
P00625,SK002,0.479,Advanced,4,1
P00625,SK029,0.521,Intermediate,2,1
P00626,SK019,0.129,Intermediate,2,1
P00626,SK020,0.055,Intermediate,2,0
P00626,SK021,0.271,Intermediate,2,1
P00626,SK023,0.069,Beginner,1,0
P00626,SK024,0.149,Intermediate,3,1
P00626,SK026,0.327,Intermediate,2,1
P00627,SK011,0.174,Intermediate,2,1
P00627,SK013,0.028,Intermediate,2,0
P00627,SK014,0.071,Intermediate,3,1
P00627,SK016,0.186,Intermediate,2,1
P00627,SK018,0.024,Advanced,4,0
P00627,SK024,0.518,Intermediate,3,1
P00628,SK017,0.196,Intermediate,3,1
P00628,SK024,0.663,Intermediate,2,1
P00628,SK027,0.141,Beginner,1,0
P00629,SK002,0.255,Intermediate,2,1
P00629,SK004,0.287,Intermediate,2,1
P00629,SK007,0.069,Beginner,1,0
P00629,SK010,0.389,Intermediate,3,1
P00630,SK011,0.093,Beginner,1,0
P00630,SK022,0.183,Intermediate,2,1
P00630,SK023,0.15,Intermediate,2,0
P00630,SK024,0.153,Intermediate,3,1
P00630,SK026,0.421,Intermediate,2,1
P00631,SK024,0.179,Advanced,4,1
P00631,SK025,0.821,Intermediate,2,1
P00632,SK004,0.032,Beginner,1,0
P00632,SK005,0.243,Advanced,4,1
P00632,SK024,0.5,Advanced,4,1
P00632,SK027,0.225,Intermediate,2,1
P00633,SK001,0.178,Intermediate,2,1
P00633,SK011,0.039,Intermediate,2,0
P00633,SK013,0.25,Advanced,4,1
P00633,SK014,0.177,Intermediate,3,1
P00633,SK017,0.237,Intermediate,3,1
P00633,SK023,0.119,Intermediate,2,0
P00634,SK011,0.048,Intermediate,2,0
P00634,SK013,0.858,Beginner,2,1
P00634,SK024,0.094,Advanced,4,1
P00635,SK014,0.451,Beginner,2,1
P00635,SK015,0.033,Beginner,1,0
P00635,SK022,0.138,Intermediate,2,1
P00635,SK024,0.377,Beginner,1,1
P00636,SK002,0.093,Intermediate,2,0
P00636,SK024,0.333,Intermediate,3,1
P00636,SK029,0.574,Advanced,4,1
P00637,SK022,0.26,Intermediate,2,1
P00637,SK023,0.16,Intermediate,2,1
P00637,SK024,0.551,Intermediate,2,1
P00637,SK026,0.03,Intermediate,2,0
P00638,SK024,0.161,Beginner,1,1
P00638,SK025,0.153,Beginner,1,0
P00638,SK026,0.685,Intermediate,2,1
P00639,SK011,0.105,Intermediate,2,0
P00639,SK017,0.142,Advanced,5,1
P00639,SK024,0.345,Advanced,4,1
P00639,SK027,0.408,Intermediate,2,1
P00640,SK004,0.54,Intermediate,2,1
P00640,SK024,0.097,Beginner,1,0
P00640,SK027,0.363,Beginner,1,1
P00641,SK022,0.041,Beginner,1,0
P00641,SK023,0.483,Advanced,4,1
P00641,SK024,0.476,Advanced,4,1
P00642,SK004,1.0,Intermediate,2,1
P00643,SK001,0.283,Advanced,5,1
P00643,SK022,0.717,Advanced,5,1
P00644,SK004,0.36,Advanced,4,1
P00644,SK005,0.098,Beginner,1,0
P00644,SK024,0.542,Advanced,4,1
P00645,SK005,0.154,Advanced,4,1
P00645,SK007,0.467,Intermediate,2,1
P00645,SK033,0.246,Advanced,5,1
P00645,SK037,0.133,Intermediate,2,0
P00646,SK024,0.052,Beginner,2,1
P00646,SK025,0.948,Beginner,1,1
P00647,SK001,0.279,Intermediate,2,1
P00647,SK014,0.028,Intermediate,2,0
P00647,SK016,0.35,Intermediate,3,1
P00647,SK017,0.212,Intermediate,3,1
P00647,SK018,0.097,Intermediate,2,1
P00647,SK022,0.034,Intermediate,2,0
P00648,SK011,0.127,Beginner,1,1
P00648,SK017,0.066,Advanced,4,0
P00648,SK024,0.124,Advanced,4,1
P00648,SK025,0.683,Advanced,4,1
P00649,SK001,0.06,Intermediate,2,0
P00649,SK013,0.154,Intermediate,2,1
P00649,SK014,0.178,Intermediate,2,1
P00649,SK015,0.195,Intermediate,2,1
P00649,SK017,0.011,Beginner,1,0
P00649,SK018,0.403,Intermediate,3,1
P00650,SK022,0.68,Intermediate,3,1
P00650,SK023,0.011,Intermediate,2,0
P00650,SK024,0.227,Intermediate,3,1
P00650,SK025,0.082,Advanced,4,1
P00651,SK002,0.71,Intermediate,2,1
P00651,SK004,0.183,Beginner,1,1
P00651,SK024,0.107,Intermediate,2,0
P00652,SK001,0.32,Advanced,5,1
P00652,SK024,0.68,Intermediate,2,1
P00653,SK037,1.0,Advanced,5,1
P00654,SK017,0.04,Advanced,4,0
P00654,SK024,0.896,Intermediate,2,1
P00654,SK025,0.064,Advanced,5,1
P00655,SK023,0.096,Intermediate,2,0
P00655,SK024,0.135,Intermediate,2,1
P00655,SK025,0.37,Intermediate,2,1
P00655,SK026,0.399,Intermediate,2,1
P00656,SK020,0.03,Beginner,1,0
P00656,SK021,0.237,Intermediate,2,1
P00656,SK024,0.238,Advanced,5,1
P00656,SK036,0.495,Intermediate,3,1
P00657,SK011,0.278,Intermediate,3,1
P00657,SK017,0.382,Advanced,4,1
P00657,SK024,0.131,Beginner,1,0
P00657,SK027,0.209,Intermediate,2,1
P00658,SK013,0.23,Intermediate,2,1
P00658,SK017,0.092,Intermediate,2,0
P00658,SK018,0.259,Advanced,4,1
P00658,SK022,0.025,Intermediate,2,0
P00658,SK024,0.394,Beginner,1,1
P00659,SK024,0.16,Advanced,4,0
P00659,SK025,0.32,Intermediate,2,1
P00659,SK026,0.52,Intermediate,2,1
P00660,SK004,0.224,Advanced,4,0
P00660,SK024,0.27,Advanced,4,1
P00660,SK029,0.506,Advanced,4,1
P00661,SK011,0.918,Intermediate,2,1
P00661,SK017,0.082,Intermediate,2,1
P00662,SK019,0.687,Intermediate,3,1
P00662,SK026,0.313,Intermediate,2,1
P00663,SK011,0.108,Beginner,1,1
P00663,SK022,0.696,Beginner,1,1
P00663,SK023,0.098,Beginner,1,1
P00663,SK024,0.01,Intermediate,2,0
P00663,SK025,0.089,Beginner,1,0
P00664,SK011,0.371,Intermediate,3,1
P00664,SK017,0.103,Intermediate,2,0
P00664,SK024,0.526,Advanced,4,1
P00665,SK001,0.534,Intermediate,2,1
P00665,SK016,0.027,Intermediate,2,0
P00665,SK020,0.059,Intermediate,3,1
P00665,SK024,0.38,Intermediate,2,1
P00666,SK024,0.538,Beginner,1,1
P00666,SK027,0.462,Intermediate,2,1
P00667,SK019,0.059,Intermediate,2,0
P00667,SK023,0.393,Intermediate,2,1
P00667,SK024,0.276,Advanced,4,1
P00667,SK026,0.272,Advanced,4,1
P00668,SK001,0.57,Intermediate,2,1
P00668,SK011,0.355,Intermediate,2,1
P00668,SK013,0.076,Beginner,1,0
P00669,SK011,0.114,Intermediate,3,1
P00669,SK013,0.009,Intermediate,2,0
P00669,SK014,0.359,Advanced,4,1
P00669,SK015,0.202,Advanced,4,1
P00669,SK017,0.042,Advanced,4,1
P00669,SK022,0.013,Intermediate,2,0
P00669,SK024,0.261,Intermediate,2,1
P00670,SK001,0.74,Intermediate,3,1
P00670,SK007,0.215,Intermediate,3,1
P00670,SK008,0.045,Beginner,1,0
P00671,SK005,0.152,Beginner,2,1
P00671,SK024,0.848,Intermediate,2,1
P00672,SK001,0.231,Intermediate,2,1
P00672,SK013,0.008,Intermediate,2,0
P00672,SK014,0.131,Intermediate,2,1
P00672,SK017,0.064,Advanced,4,1
P00672,SK018,0.061,Intermediate,2,0
P00672,SK023,0.246,Intermediate,3,1
P00672,SK024,0.258,Intermediate,2,1
P00673,SK021,0.514,Advanced,4,1
P00673,SK022,0.133,Advanced,4,0
P00673,SK026,0.353,Advanced,4,1
P00674,SK020,0.091,Advanced,5,1
P00674,SK023,0.909,Intermediate,2,1
P00675,SK011,0.275,Beginner,1,0
P00675,SK017,0.443,Beginner,1,1
P00675,SK024,0.282,Intermediate,2,1
P00676,SK019,0.341,Beginner,2,1
P00676,SK020,0.496,Intermediate,2,1
P00676,SK023,0.1,Advanced,5,1
P00676,SK026,0.064,Beginner,1,0
P00677,SK011,0.277,Beginner,1,1
P00677,SK023,0.038,Beginner,1,0
P00677,SK024,0.423,Beginner,1,1
P00677,SK025,0.106,Intermediate,2,0
P00677,SK026,0.155,Advanced,4,1
P00678,SK004,0.209,Intermediate,3,1
P00678,SK024,0.024,Beginner,1,0
P00678,SK028,0.35,Intermediate,2,1
P00678,SK029,0.417,Advanced,5,1
P00679,SK019,0.066,Beginner,1,0
P00679,SK020,0.109,Advanced,5,1
P00679,SK022,0.194,Advanced,4,1
P00679,SK024,0.084,Beginner,1,0
P00679,SK025,0.217,Advanced,4,1
P00679,SK026,0.329,Advanced,4,1
P00680,SK009,0.028,Beginner,1,0
P00680,SK024,0.279,Advanced,4,1
P00680,SK034,0.693,Beginner,1,1
P00681,SK002,0.231,Advanced,4,1
P00681,SK024,0.769,Advanced,4,1
P00682,SK025,0.617,Intermediate,3,1
P00682,SK026,0.383,Beginner,1,1
P00683,SK011,0.561,Intermediate,2,1
P00683,SK013,0.094,Beginner,1,0
P00683,SK014,0.345,Advanced,4,1
P00684,SK011,0.377,Intermediate,2,1
P00684,SK017,0.403,Beginner,1,1
P00684,SK024,0.031,Advanced,4,0
P00684,SK027,0.188,Intermediate,3,1
P00685,SK027,1.0,Intermediate,2,1
P00686,SK011,0.202,Intermediate,3,1
P00686,SK022,0.039,Beginner,1,0
P00686,SK023,0.015,Beginner,1,0
P00686,SK024,0.18,Advanced,4,1
P00686,SK025,0.115,Advanced,4,1
P00686,SK026,0.45,Intermediate,2,1
P00687,SK020,0.068,Advanced,4,0
P00687,SK023,0.127,Beginner,1,0
P00687,SK024,0.316,Intermediate,2,1
P00687,SK025,0.194,Beginner,1,1
P00687,SK026,0.295,Intermediate,2,1
P00688,SK019,0.39,Intermediate,2,1
P00688,SK021,0.031,Intermediate,2,0
P00688,SK023,0.115,Advanced,4,0
P00688,SK025,0.319,Beginner,1,1
P00688,SK036,0.146,Intermediate,2,1
P00689,SK019,0.101,Intermediate,3,1
P00689,SK022,0.285,Advanced,5,1
P00689,SK025,0.08,Beginner,1,0
P00689,SK026,0.535,Intermediate,3,1
P00690,SK021,0.184,Intermediate,2,1
P00690,SK022,0.143,Beginner,1,0
P00690,SK024,0.482,Advanced,4,1
P00690,SK025,0.191,Intermediate,2,1
P00691,SK019,1.0,Intermediate,2,1
P00692,SK017,0.273,Advanced,4,1
P00692,SK024,0.719,Intermediate,2,1
P00692,SK025,0.008,Intermediate,2,0
P00693,SK011,0.419,Advanced,4,1
P00693,SK024,0.004,Beginner,1,0
P00693,SK027,0.577,Advanced,5,1
P00694,SK011,0.02,Intermediate,2,0
P00694,SK017,0.295,Advanced,4,1
P00694,SK024,0.352,Beginner,1,1
P00694,SK027,0.333,Advanced,4,1
P00695,SK002,0.248,Intermediate,2,1
P00695,SK013,0.188,Beginner,1,0
P00695,SK024,0.336,Intermediate,2,1
P00695,SK034,0.228,Beginner,1,1
P00696,SK001,0.32,Intermediate,2,1
P00696,SK002,0.316,Beginner,1,1
P00696,SK004,0.108,Intermediate,2,0
P00696,SK028,0.255,Intermediate,2,1
P00697,SK011,0.211,Intermediate,2,0
P00697,SK024,0.372,Intermediate,2,1
P00697,SK025,0.417,Intermediate,2,1
P00698,SK001,0.195,Advanced,4,1
P00698,SK011,0.358,Intermediate,2,1
P00698,SK013,0.156,Beginner,1,0
P00698,SK018,0.291,Intermediate,2,1
P00699,SK011,0.106,Intermediate,3,1
P00699,SK014,0.682,Advanced,5,1
P00699,SK018,0.025,Intermediate,2,0
P00699,SK023,0.059,Beginner,1,0
P00699,SK024,0.128,Advanced,4,1
P00700,SK017,0.798,Advanced,4,1
P00700,SK024,0.202,Beginner,2,1
P00701,SK029,1.0,Intermediate,2,1
P00702,SK013,0.034,Beginner,1,0
P00702,SK014,0.32,Intermediate,3,1
P00702,SK016,0.151,Advanced,5,1
P00702,SK017,0.12,Intermediate,2,0
P00702,SK024,0.375,Beginner,1,1
P00703,SK013,0.48,Beginner,1,1
P00703,SK014,0.271,Beginner,1,1
P00703,SK023,0.116,Intermediate,2,0
P00703,SK024,0.134,Advanced,4,1
P00704,SK017,0.594,Beginner,2,1
P00704,SK024,0.406,Intermediate,3,1
P00705,SK013,0.091,Intermediate,3,1
P00705,SK024,0.909,Advanced,5,1
P00706,SK013,0.263,Advanced,4,1
P00706,SK024,0.737,Intermediate,2,1
P00707,SK011,0.267,Beginner,1,1
P00707,SK013,0.296,Intermediate,2,1
P00707,SK014,0.089,Beginner,1,0
P00707,SK023,0.347,Intermediate,2,1
P00708,SK001,0.233,Beginner,1,1
P00708,SK002,0.315,Advanced,4,1
P00708,SK004,0.048,Intermediate,2,0
P00708,SK029,0.404,Intermediate,3,1
P00709,SK001,0.05,Intermediate,2,0
P00709,SK024,0.283,Intermediate,2,1
P00709,SK028,0.171,Advanced,4,1
P00709,SK029,0.496,Advanced,5,1
P00710,SK011,0.443,Beginner,1,1
P00710,SK024,0.557,Intermediate,2,1
P00711,SK005,0.303,Advanced,5,1
P00711,SK010,0.096,Intermediate,2,1
P00711,SK024,0.047,Beginner,1,0
P00711,SK033,0.087,Intermediate,2,0
P00711,SK034,0.193,Advanced,4,1
P00711,SK036,0.273,Intermediate,2,1
P00712,SK013,0.398,Beginner,1,1
P00712,SK014,0.226,Intermediate,3,1
P00712,SK017,0.027,Intermediate,2,0
P00712,SK018,0.142,Intermediate,2,0
P00712,SK020,0.207,Beginner,1,1
P00713,SK007,0.2,Intermediate,2,1
P00713,SK009,0.239,Advanced,5,1
P00713,SK010,0.022,Beginner,1,0
P00713,SK034,0.539,Intermediate,3,1
P00714,SK019,0.084,Intermediate,2,0
P00714,SK021,0.214,Advanced,4,1
P00714,SK023,0.171,Beginner,1,0
P00714,SK024,0.306,Intermediate,2,1
P00714,SK025,0.225,Intermediate,2,1
P00715,SK019,0.773,Intermediate,3,1
P00715,SK021,0.046,Intermediate,2,0
P00715,SK022,0.182,Intermediate,2,1
P00716,SK004,0.065,Intermediate,2,0
P00716,SK024,0.748,Intermediate,2,1
P00716,SK027,0.188,Intermediate,2,1
P00717,SK004,0.412,Intermediate,2,1
P00717,SK005,0.314,Advanced,5,1
P00717,SK027,0.274,Beginner,1,0
P00718,SK017,0.536,Advanced,4,1
P00718,SK024,0.025,Beginner,1,0
P00718,SK025,0.439,Intermediate,2,1
P00719,SK019,0.092,Beginner,1,0
P00719,SK022,0.163,Advanced,4,1
P00719,SK023,0.34,Advanced,4,1
P00719,SK024,0.344,Advanced,4,1
P00719,SK026,0.062,Intermediate,2,0
P00720,SK001,0.33,Intermediate,2,1
P00720,SK013,0.294,Advanced,4,1
P00720,SK015,0.148,Advanced,4,0
P00720,SK018,0.207,Beginner,1,1
P00720,SK020,0.021,Intermediate,2,0
P00721,SK022,0.282,Advanced,4,1
P00721,SK023,0.232,Beginner,1,0
P00721,SK024,0.247,Intermediate,2,1
P00721,SK026,0.239,Beginner,2,1
P00722,SK001,0.367,Intermediate,2,1
P00722,SK013,0.319,Advanced,4,1
P00722,SK014,0.204,Intermediate,2,1
P00722,SK017,0.11,Intermediate,2,0
P00723,SK004,0.172,Advanced,4,0
P00723,SK024,0.458,Intermediate,2,1
P00723,SK027,0.37,Advanced,4,1
P00724,SK021,0.689,Intermediate,2,1
P00724,SK025,0.311,Intermediate,2,1
P00725,SK011,0.375,Intermediate,2,1
P00725,SK017,0.625,Advanced,4,1
P00726,SK024,0.689,Intermediate,2,1
P00726,SK025,0.311,Intermediate,2,1
P00727,SK001,0.532,Intermediate,2,1
P00727,SK014,0.333,Advanced,4,1
P00727,SK023,0.135,Beginner,1,0
P00728,SK019,0.098,Intermediate,2,1
P00728,SK020,0.617,Advanced,4,1
P00728,SK021,0.037,Intermediate,2,0
P00728,SK024,0.045,Intermediate,2,0
P00728,SK036,0.203,Beginner,2,1
P00729,SK011,0.354,Advanced,4,1
P00729,SK023,0.116,Advanced,4,1
P00729,SK024,0.042,Beginner,1,0
P00729,SK026,0.487,Advanced,4,1
P00730,SK001,0.688,Intermediate,2,1
P00730,SK011,0.255,Beginner,1,1
P00730,SK024,0.057,Intermediate,2,0
P00731,SK019,0.284,Beginner,2,1
P00731,SK022,0.418,Advanced,4,1
P00731,SK023,0.029,Intermediate,2,0
P00731,SK025,0.241,Beginner,2,1
P00731,SK026,0.027,Intermediate,2,0
P00732,SK017,0.638,Beginner,1,1
P00732,SK024,0.17,Beginner,1,0
P00732,SK027,0.191,Intermediate,2,1
P00733,SK022,0.18,Intermediate,3,1
P00733,SK023,0.099,Advanced,4,0
P00733,SK024,0.198,Advanced,4,1
P00733,SK025,0.35,Advanced,5,1
P00733,SK026,0.173,Beginner,1,0
P00734,SK011,0.296,Advanced,4,1
P00734,SK013,0.43,Advanced,5,1
P00734,SK018,0.073,Intermediate,2,1
P00734,SK020,0.043,Beginner,1,0
P00734,SK022,0.011,Intermediate,2,0
P00734,SK024,0.147,Advanced,5,1
P00735,SK020,0.293,Intermediate,2,1
P00735,SK025,0.707,Advanced,4,1
P00736,SK004,0.442,Intermediate,2,1
P00736,SK037,0.558,Advanced,4,1
P00737,SK011,0.64,Intermediate,3,1
P00737,SK017,0.109,Intermediate,3,1
P00737,SK024,0.086,Beginner,1,0
P00737,SK027,0.165,Intermediate,2,1
P00738,SK023,0.246,Intermediate,2,1
P00738,SK024,0.041,Intermediate,2,0
P00738,SK025,0.497,Advanced,4,1
P00738,SK026,0.216,Intermediate,2,1
P00739,SK021,0.014,Beginner,1,0
P00739,SK023,0.595,Intermediate,2,1
P00739,SK024,0.266,Intermediate,2,1
P00739,SK026,0.126,Advanced,5,1
P00740,SK017,0.878,Intermediate,3,1
P00740,SK027,0.122,Advanced,5,1
P00741,SK001,0.107,Advanced,4,1
P00741,SK002,0.893,Intermediate,2,1
P00742,SK022,0.283,Advanced,5,1
P00742,SK023,0.176,Intermediate,2,1
P00742,SK024,0.048,Beginner,1,0
P00742,SK025,0.104,Beginner,1,0
P00742,SK026,0.389,Advanced,4,1
P00743,SK001,0.318,Intermediate,2,1
P00743,SK011,0.068,Beginner,1,0
P00743,SK013,0.124,Intermediate,2,0
P00743,SK015,0.243,Intermediate,3,1
P00743,SK016,0.247,Intermediate,2,1
P00744,SK021,0.545,Intermediate,2,1
P00744,SK023,0.191,Advanced,5,1
P00744,SK024,0.022,Beginner,1,0
P00744,SK026,0.243,Beginner,2,1
P00745,SK020,0.307,Advanced,4,1
P00745,SK023,0.601,Intermediate,2,1
P00745,SK024,0.092,Beginner,1,0
P00746,SK004,1.0,Advanced,4,1
P00747,SK017,0.341,Intermediate,3,1
P00747,SK024,0.537,Beginner,1,1
P00747,SK025,0.122,Intermediate,2,0
P00748,SK019,0.802,Beginner,1,1
P00748,SK024,0.144,Intermediate,2,1
P00748,SK026,0.054,Beginner,1,0
P00749,SK004,0.106,Advanced,4,0
P00749,SK024,0.357,Advanced,4,1
P00749,SK027,0.537,Advanced,5,1
P00750,SK001,0.212,Intermediate,3,1
P00750,SK002,0.248,Intermediate,2,1
P00750,SK004,0.222,Intermediate,2,1
P00750,SK024,0.151,Intermediate,2,0
P00750,SK029,0.167,Beginner,1,0
P00751,SK017,0.397,Intermediate,2,1
P00751,SK027,0.603,Intermediate,2,1
P00752,SK011,0.206,Advanced,5,1
P00752,SK014,0.26,Beginner,2,1
P00752,SK018,0.177,Beginner,1,0
P00752,SK023,0.357,Advanced,4,1
P00753,SK024,0.162,Intermediate,2,0
P00753,SK028,0.669,Intermediate,2,1
P00753,SK029,0.169,Intermediate,2,1
P00754,SK024,1.0,Beginner,2,1
P00755,SK001,0.244,Intermediate,2,1
P00755,SK011,0.165,Intermediate,2,1
P00755,SK014,0.142,Intermediate,2,0
P00755,SK017,0.085,Intermediate,2,0
P00755,SK018,0.364,Intermediate,2,1
P00756,SK011,0.785,Advanced,5,1
P00756,SK024,0.113,Intermediate,2,1
P00756,SK027,0.102,Beginner,1,0
P00757,SK020,0.091,Beginner,1,0
P00757,SK022,0.227,Advanced,5,1
P00757,SK023,0.148,Intermediate,2,0
P00757,SK024,0.199,Intermediate,3,1
P00757,SK026,0.151,Intermediate,2,1
P00757,SK036,0.183,Advanced,4,1
P00758,SK001,0.144,Advanced,5,1
P00758,SK014,0.12,Advanced,4,1
P00758,SK017,0.092,Intermediate,2,0
P00758,SK018,0.606,Advanced,4,1
P00758,SK020,0.037,Beginner,1,0
P00759,SK002,0.676,Advanced,5,1
P00759,SK006,0.193,Intermediate,3,1
P00759,SK024,0.131,Intermediate,2,0
P00760,SK004,0.749,Intermediate,2,1
P00760,SK008,0.251,Intermediate,3,1
P00761,SK022,0.087,Advanced,4,1
P00761,SK023,0.046,Intermediate,2,0
P00761,SK024,0.357,Intermediate,2,1
P00761,SK026,0.509,Intermediate,2,1
P00762,SK005,0.237,Intermediate,2,1
P00762,SK024,0.763,Beginner,2,1
P00763,SK001,0.049,Intermediate,2,0
P00763,SK024,0.178,Advanced,5,1
P00763,SK028,0.773,Advanced,4,1
P00764,SK001,0.256,Intermediate,3,1
P00764,SK004,0.744,Advanced,5,1
P00765,SK027,1.0,Intermediate,3,1
P00766,SK011,0.063,Intermediate,2,0
P00766,SK017,0.47,Intermediate,2,1
P00766,SK024,0.241,Beginner,1,1
P00766,SK027,0.226,Beginner,1,1
P00767,SK004,0.067,Intermediate,2,0
P00767,SK005,0.123,Advanced,4,1
P00767,SK024,0.459,Advanced,4,1
P00767,SK027,0.351,Advanced,4,1
P00768,SK024,0.561,Intermediate,2,1
P00768,SK026,0.439,Intermediate,2,1
P00769,SK001,0.094,Intermediate,2,0
P00769,SK011,0.454,Intermediate,2,1
P00769,SK018,0.453,Intermediate,2,1
P00770,SK006,0.054,Beginner,1,0
P00770,SK007,0.46,Advanced,4,1
P00770,SK034,0.486,Intermediate,2,1
P00771,SK002,0.149,Intermediate,2,0
P00771,SK034,0.335,Intermediate,2,1
P00771,SK037,0.517,Intermediate,2,1
P00772,SK023,0.262,Intermediate,2,1
P00772,SK024,0.141,Advanced,4,1
P00772,SK025,0.121,Intermediate,2,0
P00772,SK026,0.476,Intermediate,3,1
P00773,SK008,0.065,Intermediate,2,0
P00773,SK010,0.212,Intermediate,3,1
P00773,SK024,0.723,Intermediate,2,1
P00774,SK001,0.073,Intermediate,2,0
P00774,SK011,0.745,Intermediate,2,1
P00774,SK013,0.182,Beginner,1,1
P00775,SK023,0.089,Beginner,1,1
P00775,SK024,0.085,Intermediate,2,0
P00775,SK025,0.826,Intermediate,2,1
P00776,SK021,0.172,Beginner,1,1
P00776,SK024,0.795,Beginner,2,1
P00776,SK025,0.032,Advanced,4,0
P00777,SK007,0.188,Beginner,1,0
P00777,SK010,0.258,Intermediate,2,1
P00777,SK013,0.554,Advanced,4,1
P00778,SK024,0.073,Intermediate,3,1
P00778,SK025,0.927,Advanced,4,1
P00779,SK011,0.449,Advanced,4,1
P00779,SK017,0.182,Beginner,1,1
P00779,SK024,0.355,Intermediate,2,1
P00779,SK025,0.014,Beginner,1,0
P00780,SK004,0.557,Intermediate,2,1
P00780,SK005,0.443,Advanced,4,1
P00781,SK002,0.304,Beginner,1,1
P00781,SK024,0.696,Intermediate,3,1
P00782,SK011,0.237,Advanced,4,1
P00782,SK017,0.049,Advanced,4,1
P00782,SK024,0.046,Beginner,1,0
P00782,SK027,0.667,Advanced,4,1
P00783,SK027,1.0,Intermediate,2,1
P00784,SK013,0.121,Beginner,1,0
P00784,SK017,0.521,Intermediate,2,1
P00784,SK018,0.213,Intermediate,2,1
P00784,SK023,0.146,Intermediate,2,1
P00785,SK011,0.513,Intermediate,3,1
P00785,SK023,0.163,Beginner,1,0
P00785,SK024,0.323,Intermediate,2,1
P00786,SK019,0.128,Advanced,4,1
P00786,SK023,0.517,Intermediate,3,1
P00786,SK024,0.302,Intermediate,2,1
P00786,SK025,0.053,Beginner,1,0
P00787,SK013,0.528,Advanced,4,1
P00787,SK014,0.025,Beginner,1,0
P00787,SK017,0.447,Advanced,4,1
P00788,SK019,0.228,Intermediate,2,1
P00788,SK020,0.14,Intermediate,2,0
P00788,SK024,0.395,Intermediate,2,1
P00788,SK026,0.238,Advanced,4,1
P00789,SK013,0.312,Intermediate,2,1
P00789,SK014,0.564,Intermediate,3,1
P00789,SK024,0.125,Intermediate,2,0
P00790,SK015,0.42,Intermediate,3,1
P00790,SK017,0.558,Advanced,4,1
P00790,SK018,0.022,Intermediate,2,0
P00791,SK004,0.276,Advanced,4,1
P00791,SK024,0.25,Beginner,1,0
P00791,SK028,0.474,Intermediate,2,1
P00792,SK005,0.339,Beginner,1,1
P00792,SK006,0.484,Intermediate,2,1
P00792,SK013,0.065,Intermediate,2,0
P00792,SK033,0.102,Advanced,4,1
P00792,SK034,0.01,Advanced,4,0
P00793,SK001,0.487,Intermediate,3,1
P00793,SK028,0.017,Beginner,1,0
P00793,SK029,0.496,Advanced,5,1
P00794,SK011,0.1,Beginner,1,0
P00794,SK014,0.08,Beginner,1,0
P00794,SK017,0.163,Intermediate,2,1
P00794,SK023,0.25,Intermediate,2,1
P00794,SK024,0.408,Advanced,4,1
P00795,SK011,0.338,Intermediate,3,1
P00795,SK025,0.662,Advanced,5,1
P00796,SK011,0.324,Intermediate,2,1
P00796,SK024,0.498,Intermediate,2,1
P00796,SK027,0.178,Beginner,1,0
P00797,SK024,0.396,Intermediate,2,1
P00797,SK026,0.604,Intermediate,3,1
P00798,SK019,0.077,Beginner,1,0
P00798,SK022,0.177,Beginner,1,1
P00798,SK023,0.322,Intermediate,2,1
P00798,SK024,0.121,Intermediate,3,1
P00798,SK025,0.292,Intermediate,2,1
P00798,SK026,0.011,Intermediate,2,0
P00799,SK020,0.043,Beginner,1,0
P00799,SK021,0.362,Intermediate,2,1
P00799,SK023,0.208,Intermediate,3,1
P00799,SK024,0.05,Intermediate,2,0
P00799,SK025,0.268,Beginner,1,1
P00799,SK026,0.069,Beginner,1,1
P00800,SK017,0.259,Advanced,5,1
P00800,SK024,0.703,Advanced,5,1
P00800,SK025,0.038,Intermediate,2,0
P00801,SK020,0.382,Advanced,4,1
P00801,SK022,0.336,Beginner,1,1
P00801,SK023,0.121,Beginner,1,0
P00801,SK024,0.125,Intermediate,2,1
P00801,SK025,0.035,Beginner,1,0
P00802,SK021,0.178,Beginner,1,0
P00802,SK023,0.523,Advanced,5,1
P00802,SK024,0.299,Advanced,4,1
P00803,SK022,0.206,Advanced,4,1
P00803,SK023,0.438,Advanced,4,1
P00803,SK024,0.22,Intermediate,2,1
P00803,SK025,0.136,Advanced,4,0
P00804,SK017,0.369,Intermediate,3,1
P00804,SK024,0.631,Intermediate,3,1
P00805,SK024,1.0,Advanced,4,1
P00806,SK002,0.101,Beginner,1,0
P00806,SK024,0.695,Intermediate,3,1
P00806,SK033,0.204,Advanced,4,1
P00807,SK011,0.486,Beginner,1,1
P00807,SK017,0.342,Intermediate,3,1
P00807,SK024,0.172,Intermediate,2,0
P00808,SK019,0.801,Intermediate,2,1
P00808,SK024,0.047,Intermediate,2,0
P00808,SK026,0.153,Intermediate,2,1
P00809,SK004,0.279,Intermediate,2,0
P00809,SK005,0.353,Beginner,1,1
P00809,SK027,0.369,Intermediate,2,1
P00810,SK017,0.583,Advanced,4,1
P00810,SK024,0.417,Advanced,4,1
P00811,SK005,0.079,Intermediate,2,0
P00811,SK006,0.533,Intermediate,2,1
P00811,SK007,0.175,Intermediate,3,1
P00811,SK013,0.156,Advanced,4,1
P00811,SK036,0.057,Beginner,1,0
P00812,SK001,0.394,Intermediate,3,1
P00812,SK011,0.166,Intermediate,3,1
P00812,SK014,0.281,Intermediate,2,1
P00812,SK024,0.159,Intermediate,2,0
P00813,SK024,0.759,Advanced,4,1
P00813,SK025,0.241,Intermediate,2,1
P00814,SK024,0.919,Intermediate,2,1
P00814,SK027,0.081,Advanced,4,1
P00815,SK001,0.262,Intermediate,3,1
P00815,SK013,0.103,Intermediate,2,0
P00815,SK014,0.2,Intermediate,2,1
P00815,SK018,0.33,Intermediate,2,1
P00815,SK024,0.105,Advanced,4,0
P00816,SK001,0.445,Intermediate,2,1
P00816,SK002,0.17,Intermediate,2,0
P00816,SK008,0.385,Beginner,1,1
P00817,SK013,0.693,Intermediate,2,1
P00817,SK014,0.049,Intermediate,2,1
P00817,SK018,0.212,Advanced,4,1
P00817,SK024,0.046,Intermediate,2,0
P00818,SK020,0.157,Intermediate,2,0
P00818,SK024,0.252,Intermediate,3,1
P00818,SK026,0.591,Beginner,1,1
P00819,SK011,0.337,Advanced,4,1
P00819,SK024,0.65,Advanced,4,1
P00819,SK027,0.012,Intermediate,2,0
P00820,SK001,0.468,Intermediate,2,1
P00820,SK011,0.027,Beginner,1,0
P00820,SK014,0.439,Advanced,4,1
P00820,SK024,0.066,Intermediate,2,1
P00821,SK013,0.022,Beginner,1,0
P00821,SK014,0.401,Advanced,5,1
P00821,SK018,0.241,Advanced,4,1
P00821,SK024,0.337,Advanced,4,1
P00822,SK011,0.526,Intermediate,2,1
P00822,SK024,0.187,Intermediate,3,1
P00822,SK025,0.045,Intermediate,2,0
P00822,SK026,0.242,Intermediate,3,1
P00823,SK004,0.101,Beginner,1,0
P00823,SK005,0.724,Intermediate,2,1
P00823,SK027,0.175,Beginner,1,1
P00824,SK002,0.123,Advanced,4,0
P00824,SK005,0.379,Beginner,1,1
P00824,SK008,0.217,Intermediate,2,1
P00824,SK024,0.281,Intermediate,2,1
P00825,SK001,0.035,Intermediate,2,0
P00825,SK024,0.217,Intermediate,2,1
P00825,SK028,0.393,Advanced,5,1
P00825,SK029,0.355,Beginner,2,1
P00826,SK020,0.52,Intermediate,2,1
P00826,SK022,0.136,Advanced,4,1
P00826,SK023,0.037,Beginner,1,0
P00826,SK024,0.082,Intermediate,3,1
P00826,SK025,0.037,Intermediate,2,0
P00826,SK026,0.188,Beginner,2,1
P00827,SK022,0.014,Intermediate,2,0
P00827,SK023,0.444,Intermediate,2,1
P00827,SK024,0.215,Advanced,5,1
P00827,SK025,0.118,Beginner,1,0
P00827,SK026,0.209,Intermediate,2,1
P00828,SK013,0.431,Intermediate,2,1
P00828,SK015,0.112,Intermediate,2,1
P00828,SK016,0.106,Intermediate,2,0
P00828,SK017,0.029,Beginner,1,0
P00828,SK024,0.322,Intermediate,2,1
P00829,SK007,0.26,Advanced,5,1
P00829,SK024,0.211,Intermediate,2,0
P00829,SK034,0.529,Intermediate,2,1
P00830,SK001,0.06,Intermediate,2,0
P00830,SK011,0.283,Advanced,5,1
P00830,SK013,0.26,Intermediate,2,1
P00830,SK014,0.044,Intermediate,2,0
P00830,SK018,0.23,Advanced,4,1
P00830,SK024,0.123,Beginner,1,1
P00831,SK023,0.317,Advanced,4,1
P00831,SK024,0.683,Intermediate,3,1
P00832,SK001,0.203,Advanced,4,1
P00832,SK011,0.023,Beginner,1,0
P00832,SK014,0.318,Beginner,1,1
P00832,SK023,0.021,Beginner,1,0
P00832,SK024,0.436,Intermediate,2,1
P00833,SK022,0.257,Intermediate,3,1
P00833,SK023,0.538,Advanced,4,1
P00833,SK024,0.163,Advanced,4,1
P00833,SK025,0.041,Advanced,4,0
P00834,SK022,0.024,Intermediate,2,0
P00834,SK024,0.419,Beginner,1,1
P00834,SK025,0.134,Advanced,4,1
P00834,SK026,0.423,Advanced,4,1
P00835,SK011,0.24,Beginner,1,0
P00835,SK024,0.305,Beginner,1,1
P00835,SK027,0.455,Intermediate,2,1
P00836,SK019,0.131,Advanced,4,1
P00836,SK021,0.049,Intermediate,2,0
P00836,SK022,0.386,Advanced,4,1
P00836,SK024,0.328,Intermediate,2,1
P00836,SK025,0.107,Intermediate,2,0
P00837,SK022,0.67,Advanced,5,1
P00837,SK024,0.33,Intermediate,3,1
P00838,SK011,0.302,Intermediate,3,1
P00838,SK013,0.072,Beginner,1,0
P00838,SK014,0.317,Intermediate,3,1
P00838,SK020,0.009,Beginner,1,0
P00838,SK024,0.3,Beginner,1,1
P00839,SK008,0.15,Intermediate,2,1
P00839,SK010,0.85,Intermediate,2,1
P00840,SK011,0.22,Intermediate,2,1
P00840,SK017,0.152,Intermediate,2,0
P00840,SK024,0.629,Beginner,1,1
P00841,SK017,0.663,Intermediate,2,1
P00841,SK025,0.337,Beginner,2,1
P00842,SK021,0.114,Intermediate,2,1
P00842,SK022,0.074,Intermediate,2,0
P00842,SK023,0.078,Beginner,1,0
P00842,SK025,0.225,Intermediate,3,1
P00842,SK026,0.51,Intermediate,3,1
P00843,SK004,0.596,Beginner,2,1
P00843,SK024,0.32,Beginner,1,1
P00843,SK027,0.084,Advanced,4,0
P00844,SK020,0.047,Beginner,1,0
P00844,SK022,0.595,Intermediate,3,1
P00844,SK024,0.069,Beginner,1,0
P00844,SK025,0.091,Advanced,4,1
P00844,SK026,0.197,Intermediate,2,1
P00845,SK004,0.134,Intermediate,3,1
P00845,SK005,0.022,Beginner,1,0
P00845,SK024,0.194,Intermediate,2,1
P00845,SK027,0.65,Intermediate,2,1
P00846,SK001,0.065,Intermediate,3,1
P00846,SK013,0.135,Intermediate,2,1
P00846,SK016,0.166,Advanced,5,1
P00846,SK017,0.013,Beginner,1,0
P00846,SK018,0.335,Intermediate,2,1
P00846,SK022,0.038,Beginner,1,0
P00846,SK024,0.247,Intermediate,2,1
P00847,SK011,0.226,Intermediate,2,1
P00847,SK018,0.639,Intermediate,3,1
P00847,SK020,0.135,Intermediate,2,0
P00848,SK005,0.279,Advanced,5,1
P00848,SK027,0.721,Intermediate,2,1
P00849,SK005,0.149,Advanced,4,1
P00849,SK037,0.851,Intermediate,2,1
P00850,SK013,0.057,Intermediate,2,0
P00850,SK014,0.023,Advanced,4,0
P00850,SK017,0.17,Advanced,5,1
P00850,SK018,0.109,Advanced,4,1
P00850,SK023,0.641,Beginner,2,1
P00851,SK022,0.382,Advanced,4,1
P00851,SK023,0.232,Advanced,5,1
P00851,SK024,0.05,Beginner,1,0
P00851,SK025,0.336,Intermediate,2,1
P00852,SK013,0.028,Intermediate,2,0
P00852,SK015,0.157,Intermediate,3,1
P00852,SK017,0.102,Beginner,2,1
P00852,SK018,0.052,Beginner,1,0
P00852,SK020,0.39,Intermediate,2,1
P00852,SK024,0.271,Intermediate,2,1
P00853,SK001,0.104,Beginner,1,0
P00853,SK011,0.314,Intermediate,2,1
P00853,SK013,0.325,Intermediate,2,1
P00853,SK018,0.121,Intermediate,2,0
P00853,SK020,0.136,Advanced,4,1
P00854,SK020,0.236,Advanced,4,0
P00854,SK024,0.466,Intermediate,3,1
P00854,SK026,0.297,Beginner,2,1
P00855,SK011,0.301,Intermediate,3,1
P00855,SK017,0.083,Beginner,1,0
P00855,SK024,0.286,Advanced,4,1
P00855,SK027,0.33,Intermediate,3,1
P00856,SK008,0.231,Advanced,4,1
P00856,SK009,0.365,Beginner,2,1
P00856,SK024,0.275,Beginner,2,1
P00856,SK036,0.129,Advanced,4,0
P00857,SK005,0.703,Intermediate,2,1
P00857,SK024,0.214,Advanced,4,1
P00857,SK027,0.083,Intermediate,2,0
P00858,SK011,0.335,Advanced,4,1
P00858,SK017,0.149,Intermediate,2,0
P00858,SK024,0.156,Advanced,5,1
P00858,SK025,0.36,Beginner,2,1
P00859,SK001,0.432,Intermediate,2,1
P00859,SK029,0.568,Advanced,4,1
P00860,SK004,0.555,Intermediate,3,1
P00860,SK024,0.109,Intermediate,2,0
P00860,SK029,0.336,Intermediate,2,1
P00861,SK005,0.556,Advanced,4,1
P00861,SK024,0.124,Intermediate,2,0
P00861,SK027,0.32,Intermediate,2,1
P00862,SK021,0.115,Beginner,1,1
P00862,SK022,0.322,Advanced,4,1
P00862,SK023,0.493,Intermediate,2,1
P00862,SK024,0.022,Intermediate,2,0
P00862,SK036,0.047,Beginner,1,0
P00863,SK019,0.441,Intermediate,2,1
P00863,SK021,0.099,Intermediate,2,0
P00863,SK026,0.461,Intermediate,3,1
P00864,SK011,0.34,Intermediate,2,1
P00864,SK017,0.564,Intermediate,2,1
P00864,SK027,0.096,Beginner,1,0
P00865,SK022,0.262,Intermediate,2,0
P00865,SK025,0.424,Advanced,5,1
P00865,SK026,0.314,Intermediate,2,1
P00866,SK020,0.112,Intermediate,2,1
P00866,SK022,0.093,Beginner,1,0
P00866,SK023,0.066,Intermediate,2,0
P00866,SK024,0.148,Intermediate,3,1
P00866,SK025,0.182,Beginner,1,1
P00866,SK026,0.399,Advanced,4,1
P00867,SK011,0.009,Intermediate,2,0
P00867,SK017,0.199,Intermediate,3,1
P00867,SK025,0.792,Intermediate,2,1
P00868,SK011,0.698,Intermediate,2,1
P00868,SK024,0.302,Beginner,1,1
P00869,SK004,0.21,Beginner,1,0
P00869,SK005,0.412,Advanced,4,1
P00869,SK027,0.378,Intermediate,3,1
P00870,SK011,0.366,Intermediate,2,1
P00870,SK017,0.25,Intermediate,3,1
P00870,SK024,0.154,Intermediate,2,0
P00870,SK027,0.23,Intermediate,2,1
P00871,SK011,0.267,Intermediate,3,1
P00871,SK017,0.551,Intermediate,2,1
P00871,SK024,0.183,Intermediate,2,0
P00872,SK011,0.291,Intermediate,2,1
P00872,SK023,0.709,Intermediate,2,1
P00873,SK011,0.08,Beginner,1,0
P00873,SK013,0.094,Beginner,1,0
P00873,SK015,0.264,Intermediate,2,1
P00873,SK018,0.186,Intermediate,2,1
P00873,SK024,0.376,Intermediate,2,1
P00874,SK020,0.025,Beginner,1,0
P00874,SK022,0.543,Advanced,4,1
P00874,SK024,0.262,Intermediate,2,1
P00874,SK026,0.17,Intermediate,3,1
P00875,SK011,0.138,Intermediate,2,0
P00875,SK017,0.709,Beginner,1,1
P00875,SK027,0.153,Intermediate,3,1
P00876,SK011,0.582,Advanced,5,1
P00876,SK017,0.063,Beginner,1,1
P00876,SK024,0.315,Intermediate,3,1
P00876,SK025,0.04,Advanced,4,0
P00877,SK004,0.156,Intermediate,3,1
P00877,SK005,0.844,Advanced,4,1
P00878,SK024,1.0,Intermediate,2,1
P00879,SK004,0.034,Beginner,1,0
P00879,SK005,0.743,Intermediate,2,1
P00879,SK024,0.07,Intermediate,2,1
P00879,SK027,0.153,Advanced,5,1
P00880,SK004,0.308,Intermediate,2,1
P00880,SK005,0.386,Intermediate,2,1
P00880,SK027,0.306,Intermediate,2,0
P00881,SK007,0.481,Intermediate,2,1
P00881,SK036,0.519,Intermediate,2,1
P00882,SK011,0.368,Advanced,4,1
P00882,SK017,0.321,Intermediate,2,1
P00882,SK024,0.311,Intermediate,2,0
P00883,SK004,0.698,Advanced,5,1
P00883,SK034,0.045,Beginner,1,0
P00883,SK036,0.257,Advanced,4,1
P00884,SK011,0.45,Intermediate,2,1
P00884,SK022,0.286,Advanced,4,1
P00884,SK026,0.264,Beginner,1,0
P00885,SK021,0.301,Beginner,1,1
P00885,SK023,0.054,Intermediate,2,0
P00885,SK024,0.063,Intermediate,2,1
P00885,SK026,0.581,Advanced,4,1
P00886,SK011,0.048,Beginner,1,0
P00886,SK017,0.397,Advanced,4,1
P00886,SK024,0.381,Intermediate,2,1
P00886,SK025,0.174,Beginner,1,1
P00887,SK011,0.256,Intermediate,3,1
P00887,SK013,0.097,Beginner,1,0
P00887,SK017,0.544,Advanced,4,1
P00887,SK022,0.103,Beginner,1,1
P00888,SK014,0.218,Intermediate,2,1
P00888,SK017,0.782,Beginner,1,1
P00889,SK017,0.618,Beginner,1,1
P00889,SK024,0.382,Intermediate,2,1
P00890,SK001,0.162,Intermediate,2,0
P00890,SK005,0.389,Beginner,2,1
P00890,SK008,0.22,Intermediate,2,1
P00890,SK010,0.23,Intermediate,3,1
P00891,SK013,0.177,Intermediate,2,0
P00891,SK014,0.236,Advanced,5,1
P00891,SK017,0.587,Advanced,4,1
P00892,SK011,0.167,Intermediate,2,1
P00892,SK024,0.155,Beginner,1,0
P00892,SK025,0.678,Intermediate,2,1
P00893,SK022,0.406,Advanced,4,1
P00893,SK025,0.594,Intermediate,2,1
P00894,SK022,0.293,Advanced,4,1
P00894,SK024,0.263,Intermediate,2,1
P00894,SK025,0.347,Advanced,5,1
P00894,SK026,0.097,Beginner,1,0
P00895,SK020,0.243,Beginner,1,1
P00895,SK026,0.757,Advanced,5,1
P00896,SK019,0.721,Intermediate,2,1
P00896,SK026,0.279,Intermediate,3,1
P00897,SK011,1.0,Beginner,1,1
P00898,SK001,0.024,Intermediate,2,0
P00898,SK011,0.052,Beginner,1,1
P00898,SK014,0.023,Beginner,1,0
P00898,SK015,0.077,Intermediate,2,1
P00898,SK016,0.051,Beginner,1,1
P00898,SK018,0.438,Intermediate,2,1
P00898,SK024,0.335,Beginner,1,1
P00899,SK002,0.687,Intermediate,2,1
P00899,SK004,0.267,Intermediate,3,1
P00899,SK028,0.046,Intermediate,2,0
P00900,SK004,0.343,Intermediate,2,1
P00900,SK006,0.624,Advanced,5,1
P00900,SK024,0.034,Intermediate,2,0
P00001,SK044,0.8,Intermediate,2,1
P00001,SK052,0.57,Beginner,1,0
P00001,SK040,0.73,Intermediate,2,1
P00001,SK046,0.63,Beginner,1,0
P00001,SK045,0.85,Intermediate,2,1
P00001,SK039,0.69,Intermediate,2,1
P00002,SK044,0.92,Intermediate,2,1
P00002,SK052,0.83,Beginner,1,0
P00002,SK040,0.78,Intermediate,2,1
P00002,SK041,0.85,Intermediate,2,1
P00002,SK045,0.8,Intermediate,2,1
P00002,SK039,0.73,Intermediate,2,1
P00003,SK044,0.6,Intermediate,2,1
P00003,SK052,0.89,Beginner,1,0
P00003,SK040,0.72,Intermediate,2,1
P00003,SK041,0.6,Intermediate,2,1
P00003,SK045,0.62,Intermediate,2,1
P00003,SK039,0.82,Intermediate,2,1
P00004,SK044,0.8,Intermediate,2,1
P00004,SK052,0.83,Beginner,1,0
P00004,SK040,0.67,Intermediate,2,1
P00004,SK046,0.74,Beginner,1,0
P00004,SK045,0.91,Intermediate,2,1
P00004,SK039,0.6,Intermediate,2,1
P00005,SK044,0.9,Intermediate,2,1
P00005,SK052,0.78,Beginner,1,0
P00005,SK045,0.67,Intermediate,2,1
P00005,SK046,0.9,Beginner,1,0
P00005,SK039,0.65,Intermediate,2,1
P00005,SK043,0.76,Beginner,1,0
P00006,SK044,0.63,Intermediate,2,1
P00006,SK052,0.92,Beginner,1,0
P00006,SK045,0.92,Intermediate,2,1
P00006,SK046,0.6,Beginner,1,0
P00006,SK039,0.6,Intermediate,2,1
P00006,SK043,0.72,Beginner,1,0
P00007,SK044,0.83,Intermediate,2,1
P00007,SK052,0.55,Beginner,1,0
P00007,SK045,0.91,Intermediate,2,1
P00007,SK046,0.83,Beginner,1,0
P00007,SK039,0.8,Intermediate,2,1
P00007,SK043,0.91,Beginner,1,0
P00008,SK044,0.77,Intermediate,2,1
P00008,SK052,0.75,Beginner,1,0
P00008,SK041,0.69,Intermediate,2,1
P00008,SK040,0.68,Intermediate,2,1
P00008,SK045,0.74,Intermediate,2,1
P00008,SK039,0.93,Intermediate,2,1
P00009,SK044,0.79,Intermediate,2,1
P00009,SK052,0.84,Beginner,1,0
P00009,SK040,0.7,Intermediate,2,1
P00009,SK041,0.73,Intermediate,2,1
P00009,SK045,0.75,Intermediate,2,1
P00009,SK039,0.7,Intermediate,2,1
P00010,SK044,0.94,Intermediate,2,1
P00010,SK052,0.58,Beginner,1,0
P00010,SK040,0.94,Intermediate,2,1
P00010,SK041,0.87,Intermediate,2,1
P00010,SK045,0.59,Intermediate,2,1
P00010,SK039,0.89,Intermediate,2,1
P00011,SK044,0.79,Intermediate,2,1
P00011,SK052,0.65,Beginner,1,0
P00011,SK041,0.57,Intermediate,2,1
P00011,SK040,0.62,Intermediate,2,1
P00011,SK045,0.56,Intermediate,2,1
P00011,SK048,0.61,Beginner,1,0
P00012,SK044,0.6,Intermediate,2,1
P00012,SK052,0.6,Beginner,1,0
P00012,SK045,0.6,Intermediate,2,1
P00012,SK046,0.84,Beginner,1,0
P00012,SK039,0.57,Intermediate,2,1
P00012,SK043,0.62,Beginner,1,0
P00013,SK044,0.81,Intermediate,2,1
P00013,SK052,0.89,Beginner,1,0
P00013,SK040,0.56,Intermediate,2,1
P00013,SK041,0.81,Intermediate,2,1
P00013,SK045,0.65,Intermediate,2,1
P00013,SK039,0.72,Intermediate,2,1
P00014,SK044,0.56,Intermediate,2,1
P00014,SK052,0.76,Beginner,1,0
P00014,SK041,0.79,Intermediate,2,1
P00014,SK040,0.8,Intermediate,2,1
P00014,SK045,0.69,Intermediate,2,1
P00014,SK039,0.83,Intermediate,2,1
P00015,SK044,0.55,Intermediate,2,1
P00015,SK052,0.59,Beginner,1,0
P00015,SK045,0.66,Intermediate,2,1
P00015,SK046,0.89,Beginner,1,0
P00015,SK039,0.63,Intermediate,2,1
P00015,SK043,0.77,Beginner,1,0
P00016,SK044,0.62,Intermediate,2,1
P00016,SK052,0.57,Beginner,1,0
P00016,SK040,0.69,Intermediate,2,1
P00016,SK046,0.55,Beginner,1,0
P00016,SK045,0.83,Intermediate,2,1
P00016,SK039,0.78,Intermediate,2,1
P00017,SK044,0.81,Intermediate,2,1
P00017,SK052,0.89,Beginner,1,0
P00017,SK041,0.92,Intermediate,2,1
P00017,SK040,0.87,Intermediate,2,1
P00017,SK045,0.76,Intermediate,2,1
P00017,SK039,0.78,Intermediate,2,1
P00018,SK044,0.74,Intermediate,2,1
P00018,SK052,0.67,Beginner,1,0
P00018,SK045,0.79,Intermediate,2,1
P00018,SK046,0.61,Beginner,1,0
P00018,SK039,0.9,Intermediate,2,1
P00018,SK043,0.57,Beginner,1,0
P00019,SK044,0.79,Intermediate,2,1
P00019,SK052,0.7,Beginner,1,0
P00019,SK040,0.77,Intermediate,2,1
P00019,SK046,0.94,Beginner,1,0
P00019,SK045,0.69,Intermediate,2,1
P00019,SK039,0.78,Intermediate,2,1
P00020,SK044,0.64,Intermediate,2,1
P00020,SK052,0.86,Beginner,1,0
P00020,SK045,0.79,Intermediate,2,1
P00020,SK046,0.57,Beginner,1,0
P00020,SK039,0.72,Intermediate,2,1
P00020,SK043,0.81,Beginner,1,0
P00021,SK044,0.64,Intermediate,2,1
P00021,SK052,0.92,Beginner,1,0
P00021,SK045,0.91,Intermediate,2,1
P00021,SK046,0.91,Beginner,1,0
P00021,SK039,0.62,Intermediate,2,1
P00021,SK043,0.58,Beginner,1,0
P00022,SK044,0.93,Intermediate,2,1
P00022,SK052,0.74,Beginner,1,0
P00022,SK040,0.66,Intermediate,2,1
P00022,SK046,0.93,Beginner,1,0
P00022,SK045,0.72,Intermediate,2,1
P00022,SK039,0.88,Intermediate,2,1
P00023,SK044,0.57,Intermediate,2,1
P00023,SK052,0.66,Beginner,1,0
P00023,SK041,0.66,Intermediate,2,1
P00023,SK040,0.82,Intermediate,2,1
P00023,SK045,0.91,Intermediate,2,1
P00023,SK039,0.9,Intermediate,2,1
P00024,SK044,0.57,Intermediate,2,1
P00024,SK052,0.61,Beginner,1,0
P00024,SK041,0.76,Intermediate,2,1
P00024,SK040,0.61,Intermediate,2,1
P00024,SK045,0.65,Intermediate,2,1
P00024,SK039,0.87,Intermediate,2,1
P00025,SK044,0.88,Intermediate,2,1
P00025,SK052,0.85,Beginner,1,0
P00025,SK040,0.79,Intermediate,2,1
P00025,SK046,0.85,Beginner,1,0
P00025,SK045,0.55,Intermediate,2,1
P00025,SK039,0.65,Intermediate,2,1
P00026,SK044,0.56,Intermediate,2,1
P00026,SK052,0.85,Beginner,1,0
P00026,SK040,0.57,Intermediate,2,1
P00026,SK046,0.6,Beginner,1,0
P00026,SK045,0.83,Intermediate,2,1
P00026,SK039,0.69,Intermediate,2,1
P00027,SK044,0.87,Intermediate,2,1
P00027,SK052,0.71,Beginner,1,0
P00027,SK045,0.68,Intermediate,2,1
P00027,SK046,0.59,Beginner,1,0
P00027,SK039,0.64,Intermediate,2,1
P00027,SK043,0.88,Beginner,1,0
P00028,SK044,0.63,Intermediate,2,1
P00028,SK052,0.74,Beginner,1,0
P00028,SK040,0.69,Intermediate,2,1
P00028,SK046,0.83,Beginner,1,0
P00028,SK045,0.67,Intermediate,2,1
P00028,SK039,0.75,Intermediate,2,1
P00029,SK044,0.93,Intermediate,2,1
P00029,SK052,0.91,Beginner,1,0
P00029,SK045,0.88,Intermediate,2,1
P00029,SK046,0.77,Beginner,1,0
P00029,SK039,0.77,Intermediate,2,1
P00029,SK043,0.74,Beginner,1,0
P00030,SK044,0.8,Intermediate,2,1
P00030,SK052,0.64,Beginner,1,0
P00030,SK045,0.67,Intermediate,2,1
P00030,SK046,0.87,Beginner,1,0
P00030,SK039,0.91,Intermediate,2,1
P00030,SK043,0.71,Beginner,1,0
P00031,SK044,0.55,Intermediate,2,1
P00031,SK052,0.84,Beginner,1,0
P00031,SK040,0.63,Intermediate,2,1
P00031,SK041,0.82,Intermediate,2,1
P00031,SK045,0.77,Intermediate,2,1
P00031,SK048,0.76,Beginner,1,0
P00032,SK044,0.71,Intermediate,2,1
P00032,SK052,0.85,Beginner,1,0
P00032,SK045,0.76,Intermediate,2,1
P00032,SK046,0.65,Beginner,1,0
P00032,SK039,0.82,Intermediate,2,1
P00032,SK043,0.73,Beginner,1,0
P00033,SK044,0.58,Intermediate,2,1
P00033,SK052,0.9,Beginner,1,0
P00033,SK040,0.75,Intermediate,2,1
P00033,SK041,0.88,Intermediate,2,1
P00033,SK045,0.57,Intermediate,2,1
P00033,SK039,0.72,Intermediate,2,1
P00034,SK044,0.86,Intermediate,2,1
P00034,SK052,0.74,Beginner,1,0
P00034,SK040,0.55,Intermediate,2,1
P00034,SK041,0.55,Intermediate,2,1
P00034,SK045,0.65,Intermediate,2,1
P00034,SK039,0.94,Intermediate,2,1
P00035,SK044,0.58,Intermediate,2,1
P00035,SK052,0.88,Beginner,1,0
P00035,SK045,0.66,Intermediate,2,1
P00035,SK046,0.57,Beginner,1,0
P00035,SK039,0.88,Intermediate,2,1
P00035,SK043,0.93,Beginner,1,0
P00036,SK044,0.79,Intermediate,2,1
P00036,SK052,0.59,Beginner,1,0
P00036,SK045,0.81,Intermediate,2,1
P00036,SK046,0.83,Beginner,1,0
P00036,SK039,0.57,Intermediate,2,1
P00036,SK043,0.59,Beginner,1,0
P00037,SK044,0.79,Intermediate,2,1
P00037,SK052,0.94,Beginner,1,0
P00037,SK045,0.58,Intermediate,2,1
P00037,SK046,0.93,Beginner,1,0
P00037,SK039,0.86,Intermediate,2,1
P00037,SK043,0.8,Beginner,1,0
P00038,SK044,0.58,Intermediate,2,1
P00038,SK052,0.6,Beginner,1,0
P00038,SK045,0.91,Intermediate,2,1
P00038,SK046,0.76,Beginner,1,0
P00038,SK039,0.78,Intermediate,2,1
P00038,SK043,0.69,Beginner,1,0
P00039,SK044,0.76,Intermediate,2,1
P00039,SK052,0.65,Beginner,1,0
P00039,SK041,0.88,Intermediate,2,1
P00039,SK040,0.56,Intermediate,2,1
P00039,SK045,0.75,Intermediate,2,1
P00039,SK039,0.8,Intermediate,2,1
P00040,SK044,0.6,Intermediate,2,1
P00040,SK052,0.91,Beginner,1,0
P00040,SK045,0.69,Intermediate,2,1
P00040,SK046,0.64,Beginner,1,0
P00040,SK039,0.58,Intermediate,2,1
P00040,SK043,0.78,Beginner,1,0
P00041,SK044,0.83,Intermediate,2,1
P00041,SK052,0.55,Beginner,1,0
P00041,SK045,0.64,Intermediate,2,1
P00041,SK046,0.81,Beginner,1,0
P00041,SK039,0.65,Intermediate,2,1
P00041,SK043,0.74,Beginner,1,0
P00042,SK044,0.88,Intermediate,2,1
P00042,SK052,0.77,Beginner,1,0
P00042,SK040,0.68,Intermediate,2,1
P00042,SK041,0.8,Intermediate,2,1
P00042,SK045,0.57,Intermediate,2,1
P00042,SK039,0.78,Intermediate,2,1
P00043,SK044,0.7,Intermediate,2,1
P00043,SK052,0.7,Beginner,1,0
P00043,SK040,0.9,Intermediate,2,1
P00043,SK046,0.67,Beginner,1,0
P00043,SK045,0.77,Intermediate,2,1
P00043,SK039,0.74,Intermediate,2,1
P00044,SK044,0.88,Intermediate,2,1
P00044,SK052,0.56,Beginner,1,0
P00044,SK045,0.89,Intermediate,2,1
P00044,SK046,0.79,Beginner,1,0
P00044,SK039,0.9,Intermediate,2,1
P00044,SK043,0.83,Beginner,1,0
P00045,SK044,0.89,Intermediate,2,1
P00045,SK052,0.7,Beginner,1,0
P00045,SK045,0.62,Intermediate,2,1
P00045,SK046,0.63,Beginner,1,0
P00045,SK039,0.74,Intermediate,2,1
P00045,SK043,0.57,Beginner,1,0
P00046,SK044,0.77,Intermediate,2,1
P00046,SK052,0.73,Beginner,1,0
P00046,SK040,0.85,Intermediate,2,1
P00046,SK046,0.92,Beginner,1,0
P00046,SK045,0.87,Intermediate,2,1
P00046,SK039,0.61,Intermediate,2,1
P00047,SK044,0.65,Intermediate,2,1
P00047,SK052,0.59,Beginner,1,0
P00047,SK041,0.67,Intermediate,2,1
P00047,SK040,0.84,Intermediate,2,1
P00047,SK045,0.83,Intermediate,2,1
P00047,SK039,0.56,Intermediate,2,1
P00048,SK044,0.86,Intermediate,2,1
P00048,SK052,0.62,Beginner,1,0
P00048,SK040,0.66,Intermediate,2,1
P00048,SK041,0.56,Intermediate,2,1
P00048,SK045,0.67,Intermediate,2,1
P00048,SK039,0.8,Intermediate,2,1
P00049,SK044,0.94,Intermediate,2,1
P00049,SK052,0.85,Beginner,1,0
P00049,SK045,0.72,Intermediate,2,1
P00049,SK046,0.7,Beginner,1,0
P00049,SK039,0.82,Intermediate,2,1
P00049,SK043,0.63,Beginner,1,0
P00050,SK044,0.9,Intermediate,2,1
P00050,SK052,0.66,Beginner,1,0
P00050,SK041,0.93,Intermediate,2,1
P00050,SK040,0.76,Intermediate,2,1
P00050,SK045,0.78,Intermediate,2,1
P00050,SK047,0.92,Intermediate,2,1
P00051,SK044,0.92,Intermediate,2,1
P00051,SK052,0.94,Beginner,1,0
P00051,SK040,0.75,Intermediate,2,1
P00051,SK046,0.8,Beginner,1,0
P00051,SK045,0.67,Intermediate,2,1
P00051,SK039,0.8,Intermediate,2,1
P00052,SK044,0.69,Intermediate,2,1
P00052,SK052,0.73,Beginner,1,0
P00052,SK041,0.88,Intermediate,2,1
P00052,SK040,0.72,Intermediate,2,1
P00052,SK045,0.78,Intermediate,2,1
P00052,SK039,0.83,Intermediate,2,1
P00053,SK044,0.77,Intermediate,2,1
P00053,SK052,0.57,Beginner,1,0
P00053,SK040,0.67,Intermediate,2,1
P00053,SK046,0.89,Beginner,1,0
P00053,SK045,0.55,Intermediate,2,1
P00053,SK039,0.78,Intermediate,2,1
P00054,SK044,0.81,Intermediate,2,1
P00054,SK052,0.64,Beginner,1,0
P00054,SK040,0.64,Intermediate,2,1
P00054,SK041,0.76,Intermediate,2,1
P00054,SK045,0.76,Intermediate,2,1
P00054,SK039,0.7,Intermediate,2,1
P00055,SK044,0.74,Intermediate,2,1
P00055,SK052,0.75,Beginner,1,0
P00055,SK040,0.55,Intermediate,2,1
P00055,SK041,0.87,Intermediate,2,1
P00055,SK045,0.67,Intermediate,2,1
P00055,SK039,0.93,Intermediate,2,1
P00056,SK044,0.94,Intermediate,2,1
P00056,SK052,0.62,Beginner,1,0
P00056,SK041,0.79,Intermediate,2,1
P00056,SK040,0.91,Intermediate,2,1
P00056,SK045,0.81,Intermediate,2,1
P00056,SK039,0.62,Intermediate,2,1
P00057,SK044,0.82,Intermediate,2,1
P00057,SK052,0.55,Beginner,1,0
P00057,SK041,0.83,Intermediate,2,1
P00057,SK040,0.58,Intermediate,2,1
P00057,SK045,0.55,Intermediate,2,1
P00057,SK039,0.9,Intermediate,2,1
P00058,SK044,0.7,Intermediate,2,1
P00058,SK052,0.64,Beginner,1,0
P00058,SK045,0.66,Intermediate,2,1
P00058,SK046,0.66,Beginner,1,0
P00058,SK039,0.76,Intermediate,2,1
P00058,SK043,0.61,Beginner,1,0
P00059,SK044,0.94,Intermediate,2,1
P00059,SK052,0.63,Beginner,1,0
P00059,SK041,0.78,Intermediate,2,1
P00059,SK040,0.9,Intermediate,2,1
P00059,SK045,0.63,Intermediate,2,1
P00059,SK039,0.64,Intermediate,2,1
P00060,SK044,0.67,Intermediate,2,1
P00060,SK052,0.92,Beginner,1,0
P00060,SK045,0.8,Intermediate,2,1
P00060,SK046,0.68,Beginner,1,0
P00060,SK039,0.94,Intermediate,2,1
P00060,SK043,0.59,Beginner,1,0
P00061,SK044,0.74,Intermediate,2,1
P00061,SK052,0.85,Beginner,1,0
P00061,SK040,0.92,Intermediate,2,1
P00061,SK046,0.62,Beginner,1,0
P00061,SK045,0.78,Intermediate,2,1
P00061,SK039,0.85,Intermediate,2,1
P00062,SK044,0.7,Intermediate,2,1
P00062,SK052,0.85,Beginner,1,0
P00062,SK040,0.83,Intermediate,2,1
P00062,SK041,0.86,Intermediate,2,1
P00062,SK045,0.87,Intermediate,2,1
P00062,SK039,0.81,Intermediate,2,1
P00063,SK044,0.76,Intermediate,2,1
P00063,SK052,0.64,Beginner,1,0
P00063,SK040,0.75,Intermediate,2,1
P00063,SK041,0.63,Intermediate,2,1
P00063,SK045,0.79,Intermediate,2,1
P00063,SK039,0.85,Intermediate,2,1
P00064,SK044,0.65,Intermediate,2,1
P00064,SK052,0.65,Beginner,1,0
P00064,SK045,0.62,Intermediate,2,1
P00064,SK046,0.92,Beginner,1,0
P00064,SK039,0.71,Intermediate,2,1
P00064,SK043,0.59,Beginner,1,0
P00065,SK044,0.92,Intermediate,2,1
P00065,SK052,0.6,Beginner,1,0
P00065,SK045,0.83,Intermediate,2,1
P00065,SK046,0.94,Beginner,1,0
P00065,SK039,0.76,Intermediate,2,1
P00065,SK043,0.73,Beginner,1,0
P00066,SK044,0.83,Intermediate,2,1
P00066,SK052,0.68,Beginner,1,0
P00066,SK040,0.71,Intermediate,2,1
P00066,SK041,0.92,Intermediate,2,1
P00066,SK045,0.82,Intermediate,2,1
P00066,SK039,0.6,Intermediate,2,1
P00067,SK044,0.58,Intermediate,2,1
P00067,SK052,0.71,Beginner,1,0
P00067,SK045,0.57,Intermediate,2,1
P00067,SK046,0.94,Beginner,1,0
P00067,SK039,0.56,Intermediate,2,1
P00067,SK043,0.75,Beginner,1,0
P00068,SK044,0.79,Intermediate,2,1
P00068,SK052,0.69,Beginner,1,0
P00068,SK040,0.57,Intermediate,2,1
P00068,SK046,0.68,Beginner,1,0
P00068,SK045,0.88,Intermediate,2,1
P00068,SK047,0.7,Intermediate,2,1
P00069,SK044,0.75,Intermediate,2,1
P00069,SK052,0.56,Beginner,1,0
P00069,SK040,0.66,Intermediate,2,1
P00069,SK046,0.74,Beginner,1,0
P00069,SK045,0.82,Intermediate,2,1
P00069,SK039,0.8,Intermediate,2,1
P00070,SK044,0.87,Intermediate,2,1
P00070,SK052,0.67,Beginner,1,0
P00070,SK041,0.66,Intermediate,2,1
P00070,SK040,0.55,Intermediate,2,1
P00070,SK045,0.66,Intermediate,2,1
P00070,SK039,0.89,Intermediate,2,1
P00071,SK044,0.88,Intermediate,2,1
P00071,SK052,0.91,Beginner,1,0
P00071,SK040,0.81,Intermediate,2,1
P00071,SK041,0.79,Intermediate,2,1
P00071,SK045,0.92,Intermediate,2,1
P00071,SK039,0.8,Intermediate,2,1
P00072,SK044,0.7,Intermediate,2,1
P00072,SK052,0.73,Beginner,1,0
P00072,SK040,0.69,Intermediate,2,1
P00072,SK046,0.59,Beginner,1,0
P00072,SK045,0.65,Intermediate,2,1
P00072,SK039,0.78,Intermediate,2,1
P00073,SK044,0.84,Intermediate,2,1
P00073,SK052,0.55,Beginner,1,0
P00073,SK040,0.76,Intermediate,2,1
P00073,SK041,0.6,Intermediate,2,1
P00073,SK045,0.93,Intermediate,2,1
P00073,SK039,0.85,Intermediate,2,1
P00074,SK044,0.56,Intermediate,2,1
P00074,SK052,0.7,Beginner,1,0
P00074,SK045,0.87,Intermediate,2,1
P00074,SK046,0.85,Beginner,1,0
P00074,SK039,0.89,Intermediate,2,1
P00074,SK043,0.56,Beginner,1,0
P00075,SK044,0.61,Intermediate,2,1
P00075,SK052,0.65,Beginner,1,0
P00075,SK041,0.69,Intermediate,2,1
P00075,SK040,0.89,Intermediate,2,1
P00075,SK045,0.67,Intermediate,2,1
P00075,SK039,0.55,Intermediate,2,1
P00076,SK044,0.73,Intermediate,2,1
P00076,SK052,0.81,Beginner,1,0
P00076,SK045,0.72,Intermediate,2,1
P00076,SK046,0.77,Beginner,1,0
P00076,SK039,0.78,Intermediate,2,1
P00076,SK043,0.92,Beginner,1,0
P00077,SK044,0.82,Intermediate,2,1
P00077,SK052,0.8,Beginner,1,0
P00077,SK040,0.56,Intermediate,2,1
P00077,SK041,0.72,Intermediate,2,1
P00077,SK045,0.92,Intermediate,2,1
P00077,SK039,0.61,Intermediate,2,1
P00078,SK044,0.65,Intermediate,2,1
P00078,SK052,0.72,Beginner,1,0
P00078,SK040,0.77,Intermediate,2,1
P00078,SK046,0.55,Beginner,1,0
P00078,SK045,0.86,Intermediate,2,1
P00078,SK039,0.78,Intermediate,2,1
P00079,SK044,0.88,Intermediate,2,1
P00079,SK052,0.7,Beginner,1,0
P00079,SK040,0.63,Intermediate,2,1
P00079,SK041,0.61,Intermediate,2,1
P00079,SK045,0.93,Intermediate,2,1
P00079,SK039,0.7,Intermediate,2,1
P00080,SK044,0.64,Intermediate,2,1
P00080,SK052,0.63,Beginner,1,0
P00080,SK040,0.68,Intermediate,2,1
P00080,SK041,0.67,Intermediate,2,1
P00080,SK045,0.69,Intermediate,2,1
P00080,SK039,0.88,Intermediate,2,1
P00081,SK044,0.58,Intermediate,2,1
P00081,SK052,0.77,Beginner,1,0
P00081,SK041,0.62,Intermediate,2,1
P00081,SK040,0.77,Intermediate,2,1
P00081,SK045,0.7,Intermediate,2,1
P00081,SK039,0.91,Intermediate,2,1
P00082,SK044,0.92,Intermediate,2,1
P00082,SK052,0.92,Beginner,1,0
P00082,SK040,0.84,Intermediate,2,1
P00082,SK046,0.59,Beginner,1,0
P00082,SK045,0.86,Intermediate,2,1
P00082,SK039,0.79,Intermediate,2,1
P00083,SK044,0.82,Intermediate,2,1
P00083,SK052,0.69,Beginner,1,0
P00083,SK040,0.67,Intermediate,2,1
P00083,SK041,0.68,Intermediate,2,1
P00083,SK045,0.66,Intermediate,2,1
P00083,SK039,0.92,Intermediate,2,1
P00084,SK044,0.69,Intermediate,2,1
P00084,SK052,0.63,Beginner,1,0
P00084,SK045,0.83,Intermediate,2,1
P00084,SK046,0.7,Beginner,1,0
P00084,SK039,0.87,Intermediate,2,1
P00084,SK043,0.78,Beginner,1,0
P00085,SK044,0.75,Intermediate,2,1
P00085,SK052,0.83,Beginner,1,0
P00085,SK045,0.67,Intermediate,2,1
P00085,SK046,0.72,Beginner,1,0
P00085,SK039,0.91,Intermediate,2,1
P00085,SK043,0.93,Beginner,1,0
P00086,SK044,0.92,Intermediate,2,1
P00086,SK052,0.7,Beginner,1,0
P00086,SK041,0.74,Intermediate,2,1
P00086,SK040,0.8,Intermediate,2,1
P00086,SK045,0.79,Intermediate,2,1
P00086,SK039,0.94,Intermediate,2,1
P00087,SK044,0.89,Intermediate,2,1
P00087,SK052,0.79,Beginner,1,0
P00087,SK041,0.88,Intermediate,2,1
P00087,SK040,0.72,Intermediate,2,1
P00087,SK045,0.77,Intermediate,2,1
P00087,SK039,0.71,Intermediate,2,1
P00088,SK044,0.84,Intermediate,2,1
P00088,SK052,0.55,Beginner,1,0
P00088,SK045,0.84,Intermediate,2,1
P00088,SK046,0.68,Beginner,1,0
P00088,SK039,0.84,Intermediate,2,1
P00088,SK043,0.55,Beginner,1,0
P00089,SK044,0.59,Intermediate,2,1
P00089,SK052,0.8,Beginner,1,0
P00089,SK041,0.9,Intermediate,2,1
P00089,SK040,0.62,Intermediate,2,1
P00089,SK045,0.86,Intermediate,2,1
P00089,SK039,0.82,Intermediate,2,1
P00090,SK044,0.67,Intermediate,2,1
P00090,SK052,0.87,Beginner,1,0
P00090,SK040,0.57,Intermediate,2,1
P00090,SK046,0.84,Beginner,1,0
P00090,SK045,0.91,Intermediate,2,1
P00090,SK039,0.83,Intermediate,2,1
P00091,SK044,0.83,Intermediate,2,1
P00091,SK052,0.94,Beginner,1,0
P00091,SK041,0.86,Intermediate,2,1
P00091,SK040,0.56,Intermediate,2,1
P00091,SK045,0.75,Intermediate,2,1
P00091,SK047,0.89,Intermediate,2,1
P00092,SK044,0.63,Intermediate,2,1
P00092,SK052,0.78,Beginner,1,0
P00092,SK040,0.6,Intermediate,2,1
P00092,SK046,0.94,Beginner,1,0
P00092,SK045,0.57,Intermediate,2,1
P00092,SK039,0.9,Intermediate,2,1
P00093,SK044,0.67,Intermediate,2,1
P00093,SK052,0.64,Beginner,1,0
P00093,SK040,0.76,Intermediate,2,1
P00093,SK046,0.69,Beginner,1,0
P00093,SK045,0.84,Intermediate,2,1
P00093,SK039,0.8,Intermediate,2,1
P00094,SK044,0.8,Intermediate,2,1
P00094,SK052,0.82,Beginner,1,0
P00094,SK041,0.66,Intermediate,2,1
P00094,SK040,0.85,Intermediate,2,1
P00094,SK045,0.84,Intermediate,2,1
P00094,SK039,0.59,Intermediate,2,1
P00095,SK044,0.65,Intermediate,2,1
P00095,SK052,0.75,Beginner,1,0
P00095,SK040,0.63,Intermediate,2,1
P00095,SK041,0.92,Intermediate,2,1
P00095,SK045,0.88,Intermediate,2,1
P00095,SK039,0.77,Intermediate,2,1
P00096,SK044,0.73,Intermediate,2,1
P00096,SK052,0.62,Beginner,1,0
P00096,SK041,0.84,Intermediate,2,1
P00096,SK040,0.58,Intermediate,2,1
P00096,SK045,0.76,Intermediate,2,1
P00096,SK039,0.77,Intermediate,2,1
P00097,SK044,0.83,Intermediate,2,1
P00097,SK052,0.7,Beginner,1,0
P00097,SK045,0.64,Intermediate,2,1
P00097,SK046,0.91,Beginner,1,0
P00097,SK039,0.67,Intermediate,2,1
P00097,SK043,0.9,Beginner,1,0
P00098,SK044,0.66,Intermediate,2,1
P00098,SK052,0.57,Beginner,1,0
P00098,SK040,0.6,Intermediate,2,1
P00098,SK041,0.7,Intermediate,2,1
P00098,SK045,0.59,Intermediate,2,1
P00098,SK039,0.81,Intermediate,2,1
P00099,SK044,0.72,Intermediate,2,1
P00099,SK052,0.71,Beginner,1,0
P00099,SK041,0.67,Intermediate,2,1
P00099,SK040,0.93,Intermediate,2,1
P00099,SK045,0.76,Intermediate,2,1
P00099,SK039,0.79,Intermediate,2,1
P00100,SK044,0.75,Intermediate,2,1
P00100,SK052,0.78,Beginner,1,0
P00100,SK041,0.76,Intermediate,2,1
P00100,SK040,0.6,Intermediate,2,1
P00100,SK045,0.6,Intermediate,2,1
P00100,SK039,0.67,Intermediate,2,1
P00101,SK044,0.56,Intermediate,2,1
P00101,SK052,0.83,Beginner,1,0
P00101,SK041,0.86,Intermediate,2,1
P00101,SK040,0.63,Intermediate,2,1
P00101,SK045,0.62,Intermediate,2,1
P00101,SK039,0.92,Intermediate,2,1
P00102,SK044,0.82,Intermediate,2,1
P00102,SK052,0.8,Beginner,1,0
P00102,SK040,0.62,Intermediate,2,1
P00102,SK041,0.93,Intermediate,2,1
P00102,SK045,0.57,Intermediate,2,1
P00102,SK039,0.86,Intermediate,2,1
P00103,SK044,0.94,Intermediate,2,1
P00103,SK052,0.83,Beginner,1,0
P00103,SK041,0.89,Intermediate,2,1
P00103,SK040,0.79,Intermediate,2,1
P00103,SK045,0.55,Intermediate,2,1
P00103,SK039,0.59,Intermediate,2,1
P00104,SK044,0.57,Intermediate,2,1
P00104,SK052,0.87,Beginner,1,0
P00104,SK040,0.64,Intermediate,2,1
P00104,SK041,0.73,Intermediate,2,1
P00104,SK045,0.71,Intermediate,2,1
P00104,SK039,0.94,Intermediate,2,1
P00105,SK044,0.77,Intermediate,2,1
P00105,SK052,0.67,Beginner,1,0
P00105,SK040,0.68,Intermediate,2,1
P00105,SK041,0.68,Intermediate,2,1
P00105,SK045,0.69,Intermediate,2,1
P00105,SK039,0.93,Intermediate,2,1
P00106,SK044,0.84,Intermediate,2,1
P00106,SK052,0.93,Beginner,1,0
P00106,SK041,0.81,Intermediate,2,1
P00106,SK040,0.7,Intermediate,2,1
P00106,SK045,0.72,Intermediate,2,1
P00106,SK039,0.71,Intermediate,2,1
P00107,SK044,0.89,Intermediate,2,1
P00107,SK052,0.91,Beginner,1,0
P00107,SK040,0.63,Intermediate,2,1
P00107,SK046,0.77,Beginner,1,0
P00107,SK045,0.94,Intermediate,2,1
P00107,SK039,0.91,Intermediate,2,1
P00108,SK044,0.68,Intermediate,2,1
P00108,SK052,0.71,Beginner,1,0
P00108,SK045,0.64,Intermediate,2,1
P00108,SK046,0.79,Beginner,1,0
P00108,SK039,0.93,Intermediate,2,1
P00108,SK043,0.73,Beginner,1,0
P00109,SK044,0.81,Intermediate,2,1
P00109,SK052,0.91,Beginner,1,0
P00109,SK045,0.94,Intermediate,2,1
P00109,SK046,0.9,Beginner,1,0
P00109,SK039,0.73,Intermediate,2,1
P00109,SK043,0.93,Beginner,1,0
P00110,SK044,0.79,Intermediate,2,1
P00110,SK052,0.93,Beginner,1,0
P00110,SK041,0.55,Intermediate,2,1
P00110,SK040,0.66,Intermediate,2,1
P00110,SK045,0.63,Intermediate,2,1
P00110,SK039,0.9,Intermediate,2,1
P00111,SK044,0.56,Intermediate,2,1
P00111,SK052,0.63,Beginner,1,0
P00111,SK045,0.83,Intermediate,2,1
P00111,SK046,0.91,Beginner,1,0
P00111,SK039,0.81,Intermediate,2,1
P00111,SK043,0.83,Beginner,1,0
P00112,SK044,0.7,Intermediate,2,1
P00112,SK052,0.61,Beginner,1,0
P00112,SK040,0.58,Intermediate,2,1
P00112,SK046,0.81,Beginner,1,0
P00112,SK045,0.84,Intermediate,2,1
P00112,SK039,0.66,Intermediate,2,1
P00113,SK044,0.94,Intermediate,2,1
P00113,SK052,0.6,Beginner,1,0
P00113,SK040,0.84,Intermediate,2,1
P00113,SK041,0.94,Intermediate,2,1
P00113,SK045,0.87,Intermediate,2,1
P00113,SK039,0.71,Intermediate,2,1
P00114,SK044,0.89,Intermediate,2,1
P00114,SK052,0.56,Beginner,1,0
P00114,SK045,0.93,Intermediate,2,1
P00114,SK046,0.65,Beginner,1,0
P00114,SK039,0.67,Intermediate,2,1
P00114,SK043,0.78,Beginner,1,0
P00115,SK044,0.7,Intermediate,2,1
P00115,SK052,0.63,Beginner,1,0
P00115,SK040,0.83,Intermediate,2,1
P00115,SK041,0.9,Intermediate,2,1
P00115,SK045,0.71,Intermediate,2,1
P00115,SK039,0.62,Intermediate,2,1
P00116,SK044,0.55,Intermediate,2,1
P00116,SK052,0.6,Beginner,1,0
P00116,SK045,0.66,Intermediate,2,1
P00116,SK046,0.66,Beginner,1,0
P00116,SK039,0.62,Intermediate,2,1
P00116,SK043,0.62,Beginner,1,0
P00117,SK044,0.8,Intermediate,2,1
P00117,SK052,0.85,Beginner,1,0
P00117,SK045,0.68,Intermediate,2,1
P00117,SK046,0.72,Beginner,1,0
P00117,SK039,0.72,Intermediate,2,1
P00117,SK043,0.7,Beginner,1,0
P00118,SK044,0.78,Intermediate,2,1
P00118,SK052,0.84,Beginner,1,0
P00118,SK041,0.61,Intermediate,2,1
P00118,SK040,0.66,Intermediate,2,1
P00118,SK045,0.66,Intermediate,2,1
P00118,SK047,0.57,Intermediate,2,1
P00119,SK044,0.63,Intermediate,2,1
P00119,SK052,0.82,Beginner,1,0
P00119,SK041,0.71,Intermediate,2,1
P00119,SK040,0.93,Intermediate,2,1
P00119,SK045,0.75,Intermediate,2,1
P00119,SK039,0.58,Intermediate,2,1
P00120,SK044,0.75,Intermediate,2,1
P00120,SK052,0.94,Beginner,1,0
P00120,SK045,0.87,Intermediate,2,1
P00120,SK046,0.91,Beginner,1,0
P00120,SK039,0.61,Intermediate,2,1
P00120,SK043,0.56,Beginner,1,0
P00121,SK044,0.86,Intermediate,2,1
P00121,SK052,0.71,Beginner,1,0
P00121,SK041,0.9,Intermediate,2,1
P00121,SK040,0.7,Intermediate,2,1
P00121,SK045,0.58,Intermediate,2,1
P00121,SK039,0.62,Intermediate,2,1
P00122,SK044,0.82,Intermediate,2,1
P00122,SK052,0.62,Beginner,1,0
P00122,SK040,0.84,Intermediate,2,1
P00122,SK046,0.9,Beginner,1,0
P00122,SK045,0.81,Intermediate,2,1
P00122,SK039,0.94,Intermediate,2,1
P00123,SK044,0.57,Intermediate,2,1
P00123,SK052,0.86,Beginner,1,0
P00123,SK040,0.88,Intermediate,2,1
P00123,SK046,0.8,Beginner,1,0
P00123,SK045,0.79,Intermediate,2,1
P00123,SK039,0.68,Intermediate,2,1
P00124,SK044,0.78,Intermediate,2,1
P00124,SK052,0.73,Beginner,1,0
P00124,SK040,0.78,Intermediate,2,1
P00124,SK041,0.85,Intermediate,2,1
P00124,SK045,0.85,Intermediate,2,1
P00124,SK039,0.67,Intermediate,2,1
P00125,SK044,0.67,Intermediate,2,1
P00125,SK052,0.86,Beginner,1,0
P00125,SK045,0.9,Intermediate,2,1
P00125,SK046,0.75,Beginner,1,0
P00125,SK039,0.92,Intermediate,2,1
P00125,SK043,0.69,Beginner,1,0
P00126,SK044,0.77,Intermediate,2,1
P00126,SK052,0.65,Beginner,1,0
P00126,SK041,0.75,Intermediate,2,1
P00126,SK040,0.89,Intermediate,2,1
P00126,SK045,0.81,Intermediate,2,1
P00126,SK039,0.72,Intermediate,2,1
P00127,SK044,0.74,Intermediate,2,1
P00127,SK052,0.66,Beginner,1,0
P00127,SK045,0.69,Intermediate,2,1
P00127,SK046,0.85,Beginner,1,0
P00127,SK039,0.7,Intermediate,2,1
P00127,SK043,0.66,Beginner,1,0
P00128,SK044,0.86,Intermediate,2,1
P00128,SK052,0.9,Beginner,1,0
P00128,SK040,0.56,Intermediate,2,1
P00128,SK046,0.7,Beginner,1,0
P00128,SK045,0.89,Intermediate,2,1
P00128,SK039,0.83,Intermediate,2,1
P00129,SK044,0.9,Intermediate,2,1
P00129,SK052,0.56,Beginner,1,0
P00129,SK041,0.86,Intermediate,2,1
P00129,SK040,0.68,Intermediate,2,1
P00129,SK045,0.83,Intermediate,2,1
P00129,SK039,0.92,Intermediate,2,1
P00130,SK044,0.77,Intermediate,2,1
P00130,SK052,0.66,Beginner,1,0
P00130,SK045,0.7,Intermediate,2,1
P00130,SK046,0.69,Beginner,1,0
P00130,SK039,0.9,Intermediate,2,1
P00130,SK043,0.65,Beginner,1,0
P00131,SK044,0.8,Intermediate,2,1
P00131,SK052,0.91,Beginner,1,0
P00131,SK041,0.76,Intermediate,2,1
P00131,SK040,0.82,Intermediate,2,1
P00131,SK045,0.9,Intermediate,2,1
P00131,SK039,0.55,Intermediate,2,1
P00132,SK044,0.59,Intermediate,2,1
P00132,SK052,0.73,Beginner,1,0
P00132,SK041,0.88,Intermediate,2,1
P00132,SK040,0.77,Intermediate,2,1
P00132,SK045,0.57,Intermediate,2,1
P00132,SK039,0.72,Intermediate,2,1
P00133,SK044,0.72,Intermediate,2,1
P00133,SK052,0.88,Beginner,1,0
P00133,SK041,0.9,Intermediate,2,1
P00133,SK040,0.89,Intermediate,2,1
P00133,SK045,0.86,Intermediate,2,1
P00133,SK039,0.72,Intermediate,2,1
P00134,SK044,0.89,Intermediate,2,1
P00134,SK052,0.87,Beginner,1,0
P00134,SK041,0.68,Intermediate,2,1
P00134,SK040,0.57,Intermediate,2,1
P00134,SK045,0.88,Intermediate,2,1
P00134,SK039,0.73,Intermediate,2,1
P00135,SK044,0.89,Intermediate,2,1
P00135,SK052,0.91,Beginner,1,0
P00135,SK040,0.67,Intermediate,2,1
P00135,SK046,0.83,Beginner,1,0
P00135,SK045,0.94,Intermediate,2,1
P00135,SK039,0.82,Intermediate,2,1
P00136,SK044,0.71,Intermediate,2,1
P00136,SK052,0.83,Beginner,1,0
P00136,SK045,0.71,Intermediate,2,1
P00136,SK046,0.65,Beginner,1,0
P00136,SK039,0.91,Intermediate,2,1
P00136,SK043,0.81,Beginner,1,0
P00137,SK044,0.74,Intermediate,2,1
P00137,SK052,0.94,Beginner,1,0
P00137,SK040,0.84,Intermediate,2,1
P00137,SK041,0.85,Intermediate,2,1
P00137,SK045,0.69,Intermediate,2,1
P00137,SK039,0.83,Intermediate,2,1
P00138,SK044,0.77,Intermediate,2,1
P00138,SK052,0.94,Beginner,1,0
P00138,SK045,0.72,Intermediate,2,1
P00138,SK046,0.72,Beginner,1,0
P00138,SK039,0.59,Intermediate,2,1
P00138,SK043,0.7,Beginner,1,0
P00139,SK044,0.83,Intermediate,2,1
P00139,SK052,0.68,Beginner,1,0
P00139,SK045,0.63,Intermediate,2,1
P00139,SK046,0.64,Beginner,1,0
P00139,SK039,0.73,Intermediate,2,1
P00139,SK043,0.7,Beginner,1,0
P00140,SK044,0.57,Intermediate,2,1
P00140,SK052,0.58,Beginner,1,0
P00140,SK045,0.66,Intermediate,2,1
P00140,SK046,0.75,Beginner,1,0
P00140,SK039,0.57,Intermediate,2,1
P00140,SK043,0.86,Beginner,1,0
P00141,SK044,0.62,Intermediate,2,1
P00141,SK052,0.91,Beginner,1,0
P00141,SK041,0.88,Intermediate,2,1
P00141,SK040,0.64,Intermediate,2,1
P00141,SK045,0.72,Intermediate,2,1
P00141,SK039,0.9,Intermediate,2,1
P00142,SK044,0.77,Intermediate,2,1
P00142,SK052,0.84,Beginner,1,0
P00142,SK041,0.86,Intermediate,2,1
P00142,SK040,0.88,Intermediate,2,1
P00142,SK045,0.72,Intermediate,2,1
P00142,SK039,0.56,Intermediate,2,1
P00143,SK044,0.66,Intermediate,2,1
P00143,SK052,0.67,Beginner,1,0
P00143,SK040,0.91,Intermediate,2,1
P00143,SK041,0.84,Intermediate,2,1
P00143,SK045,0.87,Intermediate,2,1
P00143,SK039,0.61,Intermediate,2,1
P00144,SK044,0.83,Intermediate,2,1
P00144,SK052,0.88,Beginner,1,0
P00144,SK041,0.9,Intermediate,2,1
P00144,SK040,0.76,Intermediate,2,1
P00144,SK045,0.7,Intermediate,2,1
P00144,SK039,0.93,Intermediate,2,1
P00145,SK044,0.58,Intermediate,2,1
P00145,SK052,0.92,Beginner,1,0
P00145,SK045,0.85,Intermediate,2,1
P00145,SK046,0.75,Beginner,1,0
P00145,SK039,0.94,Intermediate,2,1
P00145,SK043,0.76,Beginner,1,0
P00146,SK044,0.75,Intermediate,2,1
P00146,SK052,0.71,Beginner,1,0
P00146,SK045,0.71,Intermediate,2,1
P00146,SK046,0.92,Beginner,1,0
P00146,SK039,0.81,Intermediate,2,1
P00146,SK043,0.7,Beginner,1,0
P00147,SK044,0.57,Intermediate,2,1
P00147,SK052,0.87,Beginner,1,0
P00147,SK040,0.81,Intermediate,2,1
P00147,SK046,0.73,Beginner,1,0
P00147,SK045,0.55,Intermediate,2,1
P00147,SK039,0.91,Intermediate,2,1
P00148,SK044,0.7,Intermediate,2,1
P00148,SK052,0.92,Beginner,1,0
P00148,SK041,0.71,Intermediate,2,1
P00148,SK040,0.81,Intermediate,2,1
P00148,SK045,0.77,Intermediate,2,1
P00148,SK047,0.8,Intermediate,2,1
P00149,SK044,0.9,Intermediate,2,1
P00149,SK052,0.88,Beginner,1,0
P00149,SK041,0.62,Intermediate,2,1
P00149,SK040,0.65,Intermediate,2,1
P00149,SK045,0.77,Intermediate,2,1
P00149,SK039,0.93,Intermediate,2,1
P00150,SK044,0.91,Intermediate,2,1
P00150,SK052,0.59,Beginner,1,0
P00150,SK045,0.66,Intermediate,2,1
P00150,SK046,0.84,Beginner,1,0
P00150,SK039,0.58,Intermediate,2,1
P00150,SK043,0.71,Beginner,1,0
P00151,SK044,0.87,Intermediate,2,1
P00151,SK052,0.61,Beginner,1,0
P00151,SK040,0.72,Intermediate,2,1
P00151,SK041,0.66,Intermediate,2,1
P00151,SK045,0.9,Intermediate,2,1
P00151,SK039,0.83,Intermediate,2,1
P00152,SK044,0.65,Intermediate,2,1
P00152,SK052,0.71,Beginner,1,0
P00152,SK045,0.86,Intermediate,2,1
P00152,SK046,0.83,Beginner,1,0
P00152,SK039,0.75,Intermediate,2,1
P00152,SK043,0.59,Beginner,1,0
P00153,SK044,0.72,Intermediate,2,1
P00153,SK052,0.94,Beginner,1,0
P00153,SK040,0.58,Intermediate,2,1
P00153,SK041,0.56,Intermediate,2,1
P00153,SK045,0.85,Intermediate,2,1
P00153,SK039,0.64,Intermediate,2,1
P00154,SK044,0.88,Intermediate,2,1
P00154,SK052,0.68,Beginner,1,0
P00154,SK040,0.89,Intermediate,2,1
P00154,SK046,0.79,Beginner,1,0
P00154,SK045,0.73,Intermediate,2,1
P00154,SK039,0.66,Intermediate,2,1
P00155,SK044,0.94,Intermediate,2,1
P00155,SK052,0.57,Beginner,1,0
P00155,SK041,0.58,Intermediate,2,1
P00155,SK040,0.64,Intermediate,2,1
P00155,SK045,0.91,Intermediate,2,1
P00156,SK044,0.83,Intermediate,2,1
P00156,SK052,0.63,Beginner,1,0
P00156,SK040,0.88,Intermediate,2,1
P00156,SK046,0.88,Beginner,1,0
P00156,SK045,0.68,Intermediate,2,1
P00156,SK039,0.59,Intermediate,2,1
P00157,SK044,0.83,Intermediate,2,1
P00157,SK052,0.87,Beginner,1,0
P00157,SK045,0.9,Intermediate,2,1
P00157,SK046,0.62,Beginner,1,0
P00157,SK039,0.81,Intermediate,2,1
P00157,SK043,0.62,Beginner,1,0
P00158,SK044,0.58,Intermediate,2,1
P00158,SK052,0.64,Beginner,1,0
P00158,SK040,0.71,Intermediate,2,1
P00158,SK041,0.84,Intermediate,2,1
P00158,SK045,0.79,Intermediate,2,1
P00158,SK039,0.85,Intermediate,2,1
P00159,SK044,0.71,Intermediate,2,1
P00159,SK052,0.83,Beginner,1,0
P00159,SK040,0.57,Intermediate,2,1
P00159,SK046,0.92,Beginner,1,0
P00159,SK045,0.74,Intermediate,2,1
P00159,SK039,0.83,Intermediate,2,1
P00160,SK044,0.62,Intermediate,2,1
P00160,SK052,0.62,Beginner,1,0
P00160,SK040,0.56,Intermediate,2,1
P00160,SK041,0.62,Intermediate,2,1
P00160,SK045,0.7,Intermediate,2,1
P00160,SK039,0.6,Intermediate,2,1
P00161,SK044,0.85,Intermediate,2,1
P00161,SK052,0.58,Beginner,1,0
P00161,SK041,0.81,Intermediate,2,1
P00161,SK040,0.93,Intermediate,2,1
P00161,SK045,0.8,Intermediate,2,1
P00161,SK039,0.81,Intermediate,2,1
P00162,SK044,0.69,Intermediate,2,1
P00162,SK052,0.69,Beginner,1,0
P00162,SK041,0.7,Intermediate,2,1
P00162,SK040,0.58,Intermediate,2,1
P00162,SK045,0.94,Intermediate,2,1
P00162,SK039,0.62,Intermediate,2,1
P00163,SK044,0.7,Intermediate,2,1
P00163,SK052,0.6,Beginner,1,0
P00163,SK040,0.87,Intermediate,2,1
P00163,SK046,0.71,Beginner,1,0
P00163,SK045,0.57,Intermediate,2,1
P00163,SK039,0.59,Intermediate,2,1
P00164,SK044,0.92,Intermediate,2,1
P00164,SK052,0.87,Beginner,1,0
P00164,SK040,0.76,Intermediate,2,1
P00164,SK046,0.75,Beginner,1,0
P00164,SK045,0.8,Intermediate,2,1
P00164,SK039,0.94,Intermediate,2,1
P00165,SK044,0.65,Intermediate,2,1
P00165,SK052,0.68,Beginner,1,0
P00165,SK040,0.8,Intermediate,2,1
P00165,SK041,0.58,Intermediate,2,1
P00165,SK045,0.65,Intermediate,2,1
P00165,SK039,0.71,Intermediate,2,1
P00166,SK044,0.77,Intermediate,2,1
P00166,SK052,0.79,Beginner,1,0
P00166,SK040,0.74,Intermediate,2,1
P00166,SK046,0.7,Beginner,1,0
P00166,SK045,0.55,Intermediate,2,1
P00166,SK039,0.66,Intermediate,2,1
P00167,SK044,0.74,Intermediate,2,1
P00167,SK052,0.89,Beginner,1,0
P00167,SK040,0.66,Intermediate,2,1
P00167,SK046,0.76,Beginner,1,0
P00167,SK045,0.72,Intermediate,2,1
P00167,SK039,0.79,Intermediate,2,1
P00168,SK044,0.88,Intermediate,2,1
P00168,SK052,0.91,Beginner,1,0
P00168,SK041,0.85,Intermediate,2,1
P00168,SK040,0.55,Intermediate,2,1
P00168,SK045,0.79,Intermediate,2,1
P00168,SK039,0.64,Intermediate,2,1
P00169,SK044,0.92,Intermediate,2,1
P00169,SK052,0.82,Beginner,1,0
P00169,SK045,0.88,Intermediate,2,1
P00169,SK046,0.8,Beginner,1,0
P00169,SK039,0.58,Intermediate,2,1
P00169,SK043,0.83,Beginner,1,0
P00170,SK044,0.93,Intermediate,2,1
P00170,SK052,0.61,Beginner,1,0
P00170,SK045,0.58,Intermediate,2,1
P00170,SK046,0.7,Beginner,1,0
P00170,SK039,0.72,Intermediate,2,1
P00170,SK043,0.91,Beginner,1,0
P00171,SK044,0.66,Intermediate,2,1
P00171,SK052,0.82,Beginner,1,0
P00171,SK045,0.67,Intermediate,2,1
P00171,SK046,0.79,Beginner,1,0
P00171,SK039,0.62,Intermediate,2,1
P00171,SK043,0.81,Beginner,1,0
P00172,SK044,0.86,Intermediate,2,1
P00172,SK052,0.59,Beginner,1,0
P00172,SK041,0.69,Intermediate,2,1
P00172,SK040,0.71,Intermediate,2,1
P00172,SK045,0.76,Intermediate,2,1
P00172,SK039,0.9,Intermediate,2,1
P00173,SK044,0.74,Intermediate,2,1
P00173,SK052,0.64,Beginner,1,0
P00173,SK040,0.76,Intermediate,2,1
P00173,SK046,0.94,Beginner,1,0
P00173,SK045,0.65,Intermediate,2,1
P00173,SK039,0.71,Intermediate,2,1
P00174,SK044,0.76,Intermediate,2,1
P00174,SK052,0.74,Beginner,1,0
P00174,SK040,0.72,Intermediate,2,1
P00174,SK041,0.82,Intermediate,2,1
P00174,SK045,0.63,Intermediate,2,1
P00174,SK039,0.57,Intermediate,2,1
P00175,SK044,0.58,Intermediate,2,1
P00175,SK052,0.73,Beginner,1,0
P00175,SK041,0.89,Intermediate,2,1
P00175,SK040,0.88,Intermediate,2,1
P00175,SK045,0.79,Intermediate,2,1
P00175,SK039,0.75,Intermediate,2,1
P00176,SK044,0.78,Intermediate,2,1
P00176,SK052,0.6,Beginner,1,0
P00176,SK041,0.82,Intermediate,2,1
P00176,SK040,0.89,Intermediate,2,1
P00176,SK045,0.87,Intermediate,2,1
P00176,SK047,0.77,Intermediate,2,1
P00177,SK044,0.91,Intermediate,2,1
P00177,SK052,0.67,Beginner,1,0
P00177,SK041,0.62,Intermediate,2,1
P00177,SK040,0.6,Intermediate,2,1
P00177,SK045,0.8,Intermediate,2,1
P00177,SK039,0.71,Intermediate,2,1
P00178,SK044,0.92,Intermediate,2,1
P00178,SK052,0.89,Beginner,1,0
P00178,SK041,0.82,Intermediate,2,1
P00178,SK040,0.56,Intermediate,2,1
P00178,SK045,0.74,Intermediate,2,1
P00178,SK039,0.84,Intermediate,2,1
P00179,SK044,0.59,Intermediate,2,1
P00179,SK052,0.75,Beginner,1,0
P00179,SK040,0.7,Intermediate,2,1
P00179,SK041,0.55,Intermediate,2,1
P00179,SK045,0.94,Intermediate,2,1
P00179,SK039,0.89,Intermediate,2,1
P00180,SK044,0.68,Intermediate,2,1
P00180,SK052,0.69,Beginner,1,0
P00180,SK041,0.92,Intermediate,2,1
P00180,SK040,0.76,Intermediate,2,1
P00180,SK045,0.93,Intermediate,2,1
P00180,SK047,0.94,Intermediate,2,1
P00181,SK044,0.77,Intermediate,2,1
P00181,SK052,0.65,Beginner,1,0
P00181,SK041,0.79,Intermediate,2,1
P00181,SK040,0.56,Intermediate,2,1
P00181,SK045,0.58,Intermediate,2,1
P00181,SK039,0.88,Intermediate,2,1
P00182,SK044,0.6,Intermediate,2,1
P00182,SK052,0.65,Beginner,1,0
P00182,SK040,0.73,Intermediate,2,1
P00182,SK041,0.62,Intermediate,2,1
P00182,SK045,0.86,Intermediate,2,1
P00182,SK039,0.74,Intermediate,2,1
P00183,SK044,0.63,Intermediate,2,1
P00183,SK052,0.73,Beginner,1,0
P00183,SK040,0.56,Intermediate,2,1
P00183,SK041,0.58,Intermediate,2,1
P00183,SK045,0.58,Intermediate,2,1
P00183,SK039,0.65,Intermediate,2,1
P00184,SK044,0.56,Intermediate,2,1
P00184,SK052,0.6,Beginner,1,0
P00184,SK040,0.63,Intermediate,2,1
P00184,SK046,0.86,Beginner,1,0
P00184,SK045,0.93,Intermediate,2,1
P00184,SK039,0.82,Intermediate,2,1
P00185,SK044,0.71,Intermediate,2,1
P00185,SK052,0.89,Beginner,1,0
P00185,SK040,0.79,Intermediate,2,1
P00185,SK041,0.78,Intermediate,2,1
P00185,SK045,0.88,Intermediate,2,1
P00185,SK039,0.63,Intermediate,2,1
P00186,SK044,0.71,Intermediate,2,1
P00186,SK052,0.66,Beginner,1,0
P00186,SK040,0.93,Intermediate,2,1
P00186,SK041,0.89,Intermediate,2,1
P00186,SK045,0.6,Intermediate,2,1
P00186,SK039,0.61,Intermediate,2,1
P00187,SK044,0.75,Intermediate,2,1
P00187,SK052,0.71,Beginner,1,0
P00187,SK041,0.88,Intermediate,2,1
P00187,SK040,0.93,Intermediate,2,1
P00187,SK045,0.63,Intermediate,2,1
P00187,SK039,0.59,Intermediate,2,1
P00188,SK044,0.7,Intermediate,2,1
P00188,SK052,0.57,Beginner,1,0
P00188,SK041,0.6,Intermediate,2,1
P00188,SK040,0.56,Intermediate,2,1
P00188,SK045,0.78,Intermediate,2,1
P00188,SK039,0.73,Intermediate,2,1
P00189,SK044,0.71,Intermediate,2,1
P00189,SK052,0.56,Beginner,1,0
P00189,SK040,0.91,Intermediate,2,1
P00189,SK046,0.71,Beginner,1,0
P00189,SK045,0.8,Intermediate,2,1
P00189,SK039,0.82,Intermediate,2,1
P00190,SK044,0.93,Intermediate,2,1
P00190,SK052,0.62,Beginner,1,0
P00190,SK040,0.71,Intermediate,2,1
P00190,SK046,0.66,Beginner,1,0
P00190,SK045,0.79,Intermediate,2,1
P00190,SK039,0.67,Intermediate,2,1
P00191,SK044,0.68,Intermediate,2,1
P00191,SK052,0.89,Beginner,1,0
P00191,SK041,0.67,Intermediate,2,1
P00191,SK040,0.74,Intermediate,2,1
P00191,SK045,0.71,Intermediate,2,1
P00191,SK039,0.78,Intermediate,2,1
P00192,SK044,0.55,Intermediate,2,1
P00192,SK052,0.55,Beginner,1,0
P00192,SK041,0.84,Intermediate,2,1
P00192,SK040,0.78,Intermediate,2,1
P00192,SK045,0.64,Intermediate,2,1
P00192,SK039,0.79,Intermediate,2,1
P00193,SK044,0.66,Intermediate,2,1
P00193,SK052,0.9,Beginner,1,0
P00193,SK040,0.63,Intermediate,2,1
P00193,SK046,0.88,Beginner,1,0
P00193,SK045,0.69,Intermediate,2,1
P00193,SK047,0.59,Intermediate,2,1
P00194,SK044,0.76,Intermediate,2,1
P00194,SK052,0.89,Beginner,1,0
P00194,SK040,0.7,Intermediate,2,1
P00194,SK046,0.93,Beginner,1,0
P00194,SK045,0.65,Intermediate,2,1
P00194,SK039,0.58,Intermediate,2,1
P00195,SK044,0.87,Intermediate,2,1
P00195,SK052,0.74,Beginner,1,0
P00195,SK045,0.78,Intermediate,2,1
P00195,SK046,0.6,Beginner,1,0
P00195,SK039,0.8,Intermediate,2,1
P00195,SK043,0.56,Beginner,1,0
P00196,SK044,0.55,Intermediate,2,1
P00196,SK052,0.73,Beginner,1,0
P00196,SK040,0.87,Intermediate,2,1
P00196,SK046,0.93,Beginner,1,0
P00196,SK045,0.67,Intermediate,2,1
P00196,SK047,0.94,Intermediate,2,1
P00197,SK044,0.66,Intermediate,2,1
P00197,SK052,0.83,Beginner,1,0
P00197,SK041,0.79,Intermediate,2,1
P00197,SK040,0.66,Intermediate,2,1
P00197,SK045,0.57,Intermediate,2,1
P00197,SK039,0.71,Intermediate,2,1
P00198,SK044,0.63,Intermediate,2,1
P00198,SK052,0.72,Beginner,1,0
P00198,SK045,0.92,Intermediate,2,1
P00198,SK046,0.89,Beginner,1,0
P00198,SK039,0.6,Intermediate,2,1
P00198,SK043,0.58,Beginner,1,0
P00199,SK044,0.92,Intermediate,2,1
P00199,SK052,0.84,Beginner,1,0
P00199,SK040,0.75,Intermediate,2,1
P00199,SK046,0.6,Beginner,1,0
P00199,SK045,0.75,Intermediate,2,1
P00199,SK039,0.72,Intermediate,2,1
P00200,SK044,0.65,Intermediate,2,1
P00200,SK052,0.71,Beginner,1,0
P00200,SK045,0.88,Intermediate,2,1
P00200,SK046,0.59,Beginner,1,0
P00200,SK039,0.83,Intermediate,2,1
P00200,SK043,0.92,Beginner,1,0
P00201,SK044,0.92,Intermediate,2,1
P00201,SK052,0.73,Beginner,1,0
P00201,SK040,0.62,Intermediate,2,1
P00201,SK046,0.78,Beginner,1,0
P00201,SK045,0.72,Intermediate,2,1
P00201,SK039,0.84,Intermediate,2,1
P00202,SK044,0.7,Intermediate,2,1
P00202,SK052,0.79,Beginner,1,0
P00202,SK040,0.59,Intermediate,2,1
P00202,SK046,0.62,Beginner,1,0
P00202,SK045,0.61,Intermediate,2,1
P00202,SK047,0.68,Intermediate,2,1
P00203,SK044,0.79,Intermediate,2,1
P00203,SK052,0.79,Beginner,1,0
P00203,SK045,0.84,Intermediate,2,1
P00203,SK046,0.92,Beginner,1,0
P00203,SK039,0.84,Intermediate,2,1
P00203,SK043,0.78,Beginner,1,0
P00204,SK044,0.69,Intermediate,2,1
P00204,SK052,0.79,Beginner,1,0
P00204,SK045,0.55,Intermediate,2,1
P00204,SK046,0.9,Beginner,1,0
P00204,SK039,0.57,Intermediate,2,1
P00204,SK043,0.78,Beginner,1,0
P00205,SK044,0.71,Intermediate,2,1
P00205,SK052,0.94,Beginner,1,0
P00205,SK040,0.8,Intermediate,2,1
P00205,SK041,0.56,Intermediate,2,1
P00205,SK045,0.92,Intermediate,2,1
P00205,SK039,0.63,Intermediate,2,1
P00206,SK044,0.8,Intermediate,2,1
P00206,SK052,0.57,Beginner,1,0
P00206,SK040,0.8,Intermediate,2,1
P00206,SK041,0.82,Intermediate,2,1
P00206,SK045,0.88,Intermediate,2,1
P00206,SK039,0.58,Intermediate,2,1
P00207,SK044,0.94,Intermediate,2,1
P00207,SK052,0.81,Beginner,1,0
P00207,SK045,0.7,Intermediate,2,1
P00207,SK046,0.56,Beginner,1,0
P00207,SK039,0.67,Intermediate,2,1
P00207,SK043,0.94,Beginner,1,0
P00208,SK044,0.72,Intermediate,2,1
P00208,SK052,0.58,Beginner,1,0
P00208,SK041,0.78,Intermediate,2,1
P00208,SK040,0.55,Intermediate,2,1
P00208,SK045,0.76,Intermediate,2,1
P00208,SK039,0.69,Intermediate,2,1
P00209,SK044,0.89,Intermediate,2,1
P00209,SK052,0.67,Beginner,1,0
P00209,SK040,0.67,Intermediate,2,1
P00209,SK041,0.71,Intermediate,2,1
P00209,SK045,0.92,Intermediate,2,1
P00209,SK039,0.86,Intermediate,2,1
P00210,SK044,0.74,Intermediate,2,1
P00210,SK052,0.72,Beginner,1,0
P00210,SK045,0.61,Intermediate,2,1
P00210,SK046,0.93,Beginner,1,0
P00210,SK039,0.85,Intermediate,2,1
P00210,SK043,0.66,Beginner,1,0
P00211,SK044,0.93,Intermediate,2,1
P00211,SK052,0.89,Beginner,1,0
P00211,SK045,0.63,Intermediate,2,1
P00211,SK046,0.79,Beginner,1,0
P00211,SK039,0.76,Intermediate,2,1
P00211,SK043,0.77,Beginner,1,0
P00212,SK044,0.75,Intermediate,2,1
P00212,SK052,0.61,Beginner,1,0
P00212,SK040,0.69,Intermediate,2,1
P00212,SK046,0.71,Beginner,1,0
P00212,SK045,0.75,Intermediate,2,1
P00212,SK039,0.64,Intermediate,2,1
P00213,SK044,0.88,Intermediate,2,1
P00213,SK052,0.94,Beginner,1,0
P00213,SK040,0.72,Intermediate,2,1
P00213,SK041,0.56,Intermediate,2,1
P00213,SK045,0.85,Intermediate,2,1
P00213,SK039,0.85,Intermediate,2,1
P00214,SK044,0.71,Intermediate,2,1
P00214,SK052,0.55,Beginner,1,0
P00214,SK045,0.67,Intermediate,2,1
P00214,SK046,0.9,Beginner,1,0
P00214,SK039,0.71,Intermediate,2,1
P00214,SK043,0.56,Beginner,1,0
P00215,SK044,0.62,Intermediate,2,1
P00215,SK052,0.61,Beginner,1,0
P00215,SK040,0.88,Intermediate,2,1
P00215,SK046,0.67,Beginner,1,0
P00215,SK045,0.72,Intermediate,2,1
P00215,SK039,0.85,Intermediate,2,1
P00216,SK044,0.75,Intermediate,2,1
P00216,SK052,0.82,Beginner,1,0
P00216,SK040,0.57,Intermediate,2,1
P00216,SK041,0.91,Intermediate,2,1
P00216,SK045,0.93,Intermediate,2,1
P00216,SK039,0.79,Intermediate,2,1
P00217,SK044,0.61,Intermediate,2,1
P00217,SK052,0.64,Beginner,1,0
P00217,SK045,0.58,Intermediate,2,1
P00217,SK046,0.86,Beginner,1,0
P00217,SK039,0.9,Intermediate,2,1
P00217,SK043,0.83,Beginner,1,0
P00218,SK044,0.65,Intermediate,2,1
P00218,SK052,0.61,Beginner,1,0
P00218,SK040,0.85,Intermediate,2,1
P00218,SK046,0.74,Beginner,1,0
P00218,SK045,0.56,Intermediate,2,1
P00218,SK039,0.86,Intermediate,2,1
P00219,SK044,0.69,Intermediate,2,1
P00219,SK052,0.65,Beginner,1,0
P00219,SK040,0.87,Intermediate,2,1
P00219,SK041,0.66,Intermediate,2,1
P00219,SK045,0.8,Intermediate,2,1
P00219,SK039,0.74,Intermediate,2,1
P00220,SK044,0.76,Intermediate,2,1
P00220,SK052,0.91,Beginner,1,0
P00220,SK040,0.57,Intermediate,2,1
P00220,SK046,0.6,Beginner,1,0
P00220,SK045,0.56,Intermediate,2,1
P00220,SK047,0.93,Intermediate,2,1
P00221,SK044,0.93,Intermediate,2,1
P00221,SK052,0.86,Beginner,1,0
P00221,SK045,0.77,Intermediate,2,1
P00221,SK046,0.62,Beginner,1,0
P00221,SK039,0.68,Intermediate,2,1
P00221,SK043,0.89,Beginner,1,0
P00222,SK044,0.57,Intermediate,2,1
P00222,SK052,0.82,Beginner,1,0
P00222,SK040,0.8,Intermediate,2,1
P00222,SK041,0.72,Intermediate,2,1
P00222,SK045,0.82,Intermediate,2,1
P00222,SK039,0.65,Intermediate,2,1
P00223,SK044,0.62,Intermediate,2,1
P00223,SK052,0.86,Beginner,1,0
P00223,SK041,0.82,Intermediate,2,1
P00223,SK040,0.89,Intermediate,2,1
P00223,SK045,0.59,Intermediate,2,1
P00223,SK039,0.63,Intermediate,2,1
P00224,SK044,0.83,Intermediate,2,1
P00224,SK052,0.59,Beginner,1,0
P00224,SK041,0.88,Intermediate,2,1
P00224,SK040,0.93,Intermediate,2,1
P00224,SK045,0.85,Intermediate,2,1
P00224,SK039,0.94,Intermediate,2,1
P00225,SK044,0.92,Intermediate,2,1
P00225,SK052,0.58,Beginner,1,0
P00225,SK040,0.8,Intermediate,2,1
P00225,SK046,0.67,Beginner,1,0
P00225,SK045,0.55,Intermediate,2,1
P00225,SK039,0.77,Intermediate,2,1
P00226,SK044,0.78,Intermediate,2,1
P00226,SK052,0.82,Beginner,1,0
P00226,SK040,0.55,Intermediate,2,1
P00226,SK046,0.8,Beginner,1,0
P00226,SK045,0.78,Intermediate,2,1
P00226,SK039,0.7,Intermediate,2,1
P00227,SK044,0.61,Intermediate,2,1
P00227,SK052,0.6,Beginner,1,0
P00227,SK041,0.83,Intermediate,2,1
P00227,SK040,0.57,Intermediate,2,1
P00227,SK045,0.88,Intermediate,2,1
P00227,SK039,0.57,Intermediate,2,1
P00228,SK044,0.85,Intermediate,2,1
P00228,SK052,0.89,Beginner,1,0
P00228,SK040,0.59,Intermediate,2,1
P00228,SK046,0.9,Beginner,1,0
P00228,SK045,0.74,Intermediate,2,1
P00228,SK039,0.88,Intermediate,2,1
P00229,SK044,0.6,Intermediate,2,1
P00229,SK052,0.69,Beginner,1,0
P00229,SK040,0.56,Intermediate,2,1
P00229,SK046,0.94,Beginner,1,0
P00229,SK045,0.74,Intermediate,2,1
P00229,SK039,0.6,Intermediate,2,1
P00230,SK044,0.91,Intermediate,2,1
P00230,SK052,0.73,Beginner,1,0
P00230,SK040,0.57,Intermediate,2,1
P00230,SK046,0.79,Beginner,1,0
P00230,SK045,0.64,Intermediate,2,1
P00230,SK039,0.6,Intermediate,2,1
P00231,SK044,0.64,Intermediate,2,1
P00231,SK052,0.8,Beginner,1,0
P00231,SK040,0.62,Intermediate,2,1
P00231,SK046,0.89,Beginner,1,0
P00231,SK045,0.92,Intermediate,2,1
P00231,SK039,0.84,Intermediate,2,1
P00232,SK044,0.8,Intermediate,2,1
P00232,SK052,0.66,Beginner,1,0
P00232,SK041,0.79,Intermediate,2,1
P00232,SK040,0.58,Intermediate,2,1
P00232,SK045,0.55,Intermediate,2,1
P00232,SK039,0.91,Intermediate,2,1
P00233,SK044,0.67,Intermediate,2,1
P00233,SK052,0.68,Beginner,1,0
P00233,SK045,0.94,Intermediate,2,1
P00233,SK046,0.77,Beginner,1,0
P00233,SK039,0.71,Intermediate,2,1
P00233,SK043,0.91,Beginner,1,0
P00234,SK044,0.78,Intermediate,2,1
P00234,SK052,0.76,Beginner,1,0
P00234,SK045,0.85,Intermediate,2,1
P00234,SK046,0.65,Beginner,1,0
P00234,SK039,0.6,Intermediate,2,1
P00234,SK043,0.61,Beginner,1,0
P00235,SK044,0.83,Intermediate,2,1
P00235,SK052,0.71,Beginner,1,0
P00235,SK040,0.76,Intermediate,2,1
P00235,SK046,0.8,Beginner,1,0
P00235,SK045,0.73,Intermediate,2,1
P00235,SK039,0.84,Intermediate,2,1
P00236,SK044,0.77,Intermediate,2,1
P00236,SK052,0.79,Beginner,1,0
P00236,SK041,0.82,Intermediate,2,1
P00236,SK040,0.68,Intermediate,2,1
P00236,SK045,0.69,Intermediate,2,1
P00236,SK039,0.66,Intermediate,2,1
P00237,SK044,0.87,Intermediate,2,1
P00237,SK052,0.69,Beginner,1,0
P00237,SK040,0.62,Intermediate,2,1
P00237,SK046,0.71,Beginner,1,0
P00237,SK045,0.9,Intermediate,2,1
P00237,SK039,0.87,Intermediate,2,1
P00238,SK044,0.74,Intermediate,2,1
P00238,SK052,0.81,Beginner,1,0
P00238,SK041,0.65,Intermediate,2,1
P00238,SK040,0.89,Intermediate,2,1
P00238,SK045,0.77,Intermediate,2,1
P00238,SK039,0.68,Intermediate,2,1
P00239,SK044,0.7,Intermediate,2,1
P00239,SK052,0.74,Beginner,1,0
P00239,SK045,0.55,Intermediate,2,1
P00239,SK046,0.69,Beginner,1,0
P00239,SK039,0.55,Intermediate,2,1
P00239,SK043,0.77,Beginner,1,0
P00240,SK044,0.59,Intermediate,2,1
P00240,SK052,0.65,Beginner,1,0
P00240,SK040,0.88,Intermediate,2,1
P00240,SK041,0.91,Intermediate,2,1
P00240,SK045,0.76,Intermediate,2,1
P00240,SK047,0.86,Intermediate,2,1
P00241,SK044,0.74,Intermediate,2,1
P00241,SK052,0.87,Beginner,1,0
P00241,SK045,0.8,Intermediate,2,1
P00241,SK046,0.88,Beginner,1,0
P00241,SK039,0.71,Intermediate,2,1
P00241,SK043,0.82,Beginner,1,0
P00242,SK044,0.8,Intermediate,2,1
P00242,SK052,0.55,Beginner,1,0
P00242,SK040,0.57,Intermediate,2,1
P00242,SK041,0.81,Intermediate,2,1
P00242,SK045,0.61,Intermediate,2,1
P00242,SK047,0.64,Intermediate,2,1
P00243,SK044,0.72,Intermediate,2,1
P00243,SK052,0.69,Beginner,1,0
P00243,SK041,0.73,Intermediate,2,1
P00243,SK040,0.94,Intermediate,2,1
P00243,SK045,0.58,Intermediate,2,1
P00243,SK039,0.72,Intermediate,2,1
P00244,SK044,0.92,Intermediate,2,1
P00244,SK052,0.94,Beginner,1,0
P00244,SK045,0.55,Intermediate,2,1
P00244,SK046,0.82,Beginner,1,0
P00244,SK039,0.78,Intermediate,2,1
P00244,SK043,0.75,Beginner,1,0
P00245,SK044,0.58,Intermediate,2,1
P00245,SK052,0.82,Beginner,1,0
P00245,SK040,0.78,Intermediate,2,1
P00245,SK041,0.66,Intermediate,2,1
P00245,SK045,0.83,Intermediate,2,1
P00245,SK039,0.58,Intermediate,2,1
P00246,SK044,0.92,Intermediate,2,1
P00246,SK052,0.79,Beginner,1,0
P00246,SK040,0.84,Intermediate,2,1
P00246,SK041,0.66,Intermediate,2,1
P00246,SK045,0.75,Intermediate,2,1
P00246,SK039,0.86,Intermediate,2,1
P00247,SK044,0.67,Intermediate,2,1
P00247,SK052,0.68,Beginner,1,0
P00247,SK045,0.76,Intermediate,2,1
P00247,SK046,0.59,Beginner,1,0
P00247,SK047,0.83,Intermediate,2,1
P00247,SK054,0.92,Beginner,1,0
P00248,SK044,0.87,Intermediate,2,1
P00248,SK052,0.82,Beginner,1,0
P00248,SK040,0.63,Intermediate,2,1
P00248,SK041,0.78,Intermediate,2,1
P00248,SK045,0.93,Intermediate,2,1
P00248,SK039,0.71,Intermediate,2,1
P00249,SK044,0.94,Intermediate,2,1
P00249,SK052,0.79,Beginner,1,0
P00249,SK045,0.55,Intermediate,2,1
P00249,SK046,0.85,Beginner,1,0
P00249,SK039,0.81,Intermediate,2,1
P00249,SK043,0.83,Beginner,1,0
P00250,SK044,0.94,Intermediate,2,1
P00250,SK052,0.87,Beginner,1,0
P00250,SK041,0.66,Intermediate,2,1
P00250,SK040,0.64,Intermediate,2,1
P00250,SK045,0.78,Intermediate,2,1
P00250,SK039,0.6,Intermediate,2,1
P00251,SK044,0.94,Intermediate,2,1
P00251,SK052,0.57,Beginner,1,0
P00251,SK041,0.75,Intermediate,2,1
P00251,SK040,0.76,Intermediate,2,1
P00251,SK045,0.57,Intermediate,2,1
P00251,SK039,0.66,Intermediate,2,1
P00252,SK044,0.83,Intermediate,2,1
P00252,SK052,0.72,Beginner,1,0
P00252,SK040,0.78,Intermediate,2,1
P00252,SK046,0.72,Beginner,1,0
P00252,SK045,0.74,Intermediate,2,1
P00252,SK039,0.87,Intermediate,2,1
P00253,SK044,0.56,Intermediate,2,1
P00253,SK052,0.82,Beginner,1,0
P00253,SK040,0.84,Intermediate,2,1
P00253,SK041,0.67,Intermediate,2,1
P00253,SK045,0.63,Intermediate,2,1
P00253,SK039,0.67,Intermediate,2,1
P00254,SK044,0.82,Intermediate,2,1
P00254,SK052,0.86,Beginner,1,0
P00254,SK041,0.68,Intermediate,2,1
P00254,SK040,0.7,Intermediate,2,1
P00254,SK045,0.62,Intermediate,2,1
P00254,SK039,0.7,Intermediate,2,1
P00255,SK044,0.71,Intermediate,2,1
P00255,SK052,0.83,Beginner,1,0
P00255,SK040,0.92,Intermediate,2,1
P00255,SK046,0.58,Beginner,1,0
P00255,SK045,0.65,Intermediate,2,1
P00255,SK039,0.91,Intermediate,2,1
P00256,SK044,0.9,Intermediate,2,1
P00256,SK052,0.75,Beginner,1,0
P00256,SK045,0.84,Intermediate,2,1
P00256,SK046,0.65,Beginner,1,0
P00256,SK039,0.79,Intermediate,2,1
P00256,SK043,0.71,Beginner,1,0
P00257,SK044,0.9,Intermediate,2,1
P00257,SK052,0.79,Beginner,1,0
P00257,SK041,0.66,Intermediate,2,1
P00257,SK040,0.72,Intermediate,2,1
P00257,SK045,0.62,Intermediate,2,1
P00257,SK039,0.8,Intermediate,2,1
P00258,SK044,0.93,Intermediate,2,1
P00258,SK052,0.82,Beginner,1,0
P00258,SK040,0.71,Intermediate,2,1
P00258,SK046,0.82,Beginner,1,0
P00258,SK045,0.58,Intermediate,2,1
P00258,SK039,0.91,Intermediate,2,1
P00259,SK044,0.77,Intermediate,2,1
P00259,SK052,0.87,Beginner,1,0
P00259,SK041,0.66,Intermediate,2,1
P00259,SK040,0.93,Intermediate,2,1
P00259,SK045,0.83,Intermediate,2,1
P00259,SK039,0.79,Intermediate,2,1
P00260,SK044,0.93,Intermediate,2,1
P00260,SK052,0.84,Beginner,1,0
P00260,SK040,0.92,Intermediate,2,1
P00260,SK041,0.92,Intermediate,2,1
P00260,SK045,0.67,Intermediate,2,1
P00260,SK039,0.56,Intermediate,2,1
P00261,SK044,0.71,Intermediate,2,1
P00261,SK052,0.73,Beginner,1,0
P00261,SK040,0.9,Intermediate,2,1
P00261,SK046,0.93,Beginner,1,0
P00261,SK045,0.83,Intermediate,2,1
P00261,SK047,0.94,Intermediate,2,1
P00262,SK044,0.7,Intermediate,2,1
P00262,SK052,0.62,Beginner,1,0
P00262,SK041,0.73,Intermediate,2,1
P00262,SK040,0.57,Intermediate,2,1
P00262,SK045,0.87,Intermediate,2,1
P00262,SK039,0.93,Intermediate,2,1
P00263,SK044,0.6,Intermediate,2,1
P00263,SK052,0.59,Beginner,1,0
P00263,SK041,0.83,Intermediate,2,1
P00263,SK040,0.68,Intermediate,2,1
P00263,SK045,0.63,Intermediate,2,1
P00263,SK039,0.82,Intermediate,2,1
P00264,SK044,0.85,Intermediate,2,1
P00264,SK052,0.65,Beginner,1,0
P00264,SK045,0.67,Intermediate,2,1
P00264,SK046,0.87,Beginner,1,0
P00264,SK047,0.63,Intermediate,2,1
P00264,SK054,0.56,Beginner,1,0
P00265,SK044,0.94,Intermediate,2,1
P00265,SK052,0.83,Beginner,1,0
P00265,SK040,0.7,Intermediate,2,1
P00265,SK041,0.64,Intermediate,2,1
P00265,SK045,0.61,Intermediate,2,1
P00265,SK039,0.72,Intermediate,2,1
P00266,SK044,0.61,Intermediate,2,1
P00266,SK052,0.77,Beginner,1,0
P00266,SK040,0.89,Intermediate,2,1
P00266,SK041,0.78,Intermediate,2,1
P00266,SK045,0.58,Intermediate,2,1
P00266,SK039,0.59,Intermediate,2,1
P00267,SK044,0.62,Intermediate,2,1
P00267,SK052,0.81,Beginner,1,0
P00267,SK040,0.72,Intermediate,2,1
P00267,SK046,0.68,Beginner,1,0
P00267,SK045,0.58,Intermediate,2,1
P00267,SK039,0.87,Intermediate,2,1
P00268,SK044,0.92,Intermediate,2,1
P00268,SK052,0.72,Beginner,1,0
P00268,SK040,0.73,Intermediate,2,1
P00268,SK046,0.88,Beginner,1,0
P00268,SK045,0.57,Intermediate,2,1
P00268,SK039,0.81,Intermediate,2,1
P00269,SK044,0.9,Intermediate,2,1
P00269,SK052,0.56,Beginner,1,0
P00269,SK045,0.79,Intermediate,2,1
P00269,SK046,0.72,Beginner,1,0
P00269,SK039,0.88,Intermediate,2,1
P00269,SK043,0.6,Beginner,1,0
P00270,SK044,0.69,Intermediate,2,1
P00270,SK052,0.94,Beginner,1,0
P00270,SK045,0.57,Intermediate,2,1
P00270,SK046,0.65,Beginner,1,0
P00270,SK039,0.72,Intermediate,2,1
P00270,SK043,0.75,Beginner,1,0
P00271,SK044,0.61,Intermediate,2,1
P00271,SK052,0.88,Beginner,1,0
P00271,SK040,0.69,Intermediate,2,1
P00271,SK046,0.92,Beginner,1,0
P00271,SK045,0.71,Intermediate,2,1
P00271,SK039,0.78,Intermediate,2,1
P00272,SK044,0.6,Intermediate,2,1
P00272,SK052,0.81,Beginner,1,0
P00272,SK040,0.71,Intermediate,2,1
P00272,SK046,0.88,Beginner,1,0
P00272,SK045,0.76,Intermediate,2,1
P00272,SK039,0.91,Intermediate,2,1
P00273,SK044,0.72,Intermediate,2,1
P00273,SK052,0.75,Beginner,1,0
P00273,SK040,0.78,Intermediate,2,1
P00273,SK046,0.61,Beginner,1,0
P00273,SK045,0.77,Intermediate,2,1
P00273,SK039,0.57,Intermediate,2,1
P00274,SK044,0.91,Intermediate,2,1
P00274,SK052,0.61,Beginner,1,0
P00274,SK041,0.7,Intermediate,2,1
P00274,SK040,0.66,Intermediate,2,1
P00274,SK045,0.63,Intermediate,2,1
P00274,SK039,0.84,Intermediate,2,1
P00275,SK044,0.58,Intermediate,2,1
P00275,SK052,0.58,Beginner,1,0
P00275,SK045,0.67,Intermediate,2,1
P00275,SK046,0.91,Beginner,1,0
P00275,SK039,0.8,Intermediate,2,1
P00275,SK043,0.77,Beginner,1,0
P00276,SK044,0.57,Intermediate,2,1
P00276,SK052,0.9,Beginner,1,0
P00276,SK045,0.9,Intermediate,2,1
P00276,SK046,0.89,Beginner,1,0
P00276,SK039,0.63,Intermediate,2,1
P00276,SK043,0.79,Beginner,1,0
P00277,SK044,0.7,Intermediate,2,1
P00277,SK052,0.64,Beginner,1,0
P00277,SK045,0.85,Intermediate,2,1
P00277,SK046,0.91,Beginner,1,0
P00277,SK039,0.85,Intermediate,2,1
P00277,SK043,0.88,Beginner,1,0
P00278,SK044,0.59,Intermediate,2,1
P00278,SK052,0.63,Beginner,1,0
P00278,SK045,0.6,Intermediate,2,1
P00278,SK046,0.69,Beginner,1,0
P00278,SK039,0.67,Intermediate,2,1
P00278,SK043,0.77,Beginner,1,0
P00279,SK044,0.72,Intermediate,2,1
P00279,SK052,0.82,Beginner,1,0
P00279,SK040,0.89,Intermediate,2,1
P00279,SK041,0.79,Intermediate,2,1
P00279,SK045,0.8,Intermediate,2,1
P00279,SK039,0.62,Intermediate,2,1
P00280,SK044,0.77,Intermediate,2,1
P00280,SK052,0.91,Beginner,1,0
P00280,SK041,0.86,Intermediate,2,1
P00280,SK040,0.77,Intermediate,2,1
P00280,SK045,0.89,Intermediate,2,1
P00280,SK039,0.92,Intermediate,2,1
P00281,SK044,0.67,Intermediate,2,1
P00281,SK052,0.57,Beginner,1,0
P00281,SK045,0.67,Intermediate,2,1
P00281,SK046,0.89,Beginner,1,0
P00281,SK039,0.56,Intermediate,2,1
P00281,SK043,0.66,Beginner,1,0
P00282,SK044,0.75,Intermediate,2,1
P00282,SK052,0.65,Beginner,1,0
P00282,SK045,0.73,Intermediate,2,1
P00282,SK046,0.72,Beginner,1,0
P00282,SK039,0.78,Intermediate,2,1
P00282,SK043,0.7,Beginner,1,0
P00283,SK044,0.83,Intermediate,2,1
P00283,SK052,0.91,Beginner,1,0
P00283,SK040,0.67,Intermediate,2,1
P00283,SK046,0.71,Beginner,1,0
P00283,SK045,0.67,Intermediate,2,1
P00283,SK039,0.86,Intermediate,2,1
P00284,SK044,0.82,Intermediate,2,1
P00284,SK052,0.71,Beginner,1,0
P00284,SK040,0.8,Intermediate,2,1
P00284,SK041,0.73,Intermediate,2,1
P00284,SK045,0.73,Intermediate,2,1
P00284,SK039,0.67,Intermediate,2,1
P00285,SK044,0.9,Intermediate,2,1
P00285,SK052,0.57,Beginner,1,0
P00285,SK041,0.93,Intermediate,2,1
P00285,SK040,0.64,Intermediate,2,1
P00285,SK045,0.92,Intermediate,2,1
P00285,SK039,0.59,Intermediate,2,1
P00286,SK044,0.84,Intermediate,2,1
P00286,SK052,0.55,Beginner,1,0
P00286,SK040,0.83,Intermediate,2,1
P00286,SK041,0.57,Intermediate,2,1
P00286,SK045,0.6,Intermediate,2,1
P00286,SK039,0.93,Intermediate,2,1
P00287,SK044,0.88,Intermediate,2,1
P00287,SK052,0.72,Beginner,1,0
P00287,SK045,0.61,Intermediate,2,1
P00287,SK046,0.55,Beginner,1,0
P00287,SK039,0.58,Intermediate,2,1
P00287,SK043,0.94,Beginner,1,0
P00288,SK044,0.77,Intermediate,2,1
P00288,SK052,0.79,Beginner,1,0
P00288,SK041,0.69,Intermediate,2,1
P00288,SK040,0.75,Intermediate,2,1
P00288,SK045,0.76,Intermediate,2,1
P00288,SK039,0.61,Intermediate,2,1
P00289,SK044,0.92,Intermediate,2,1
P00289,SK052,0.91,Beginner,1,0
P00289,SK041,0.62,Intermediate,2,1
P00289,SK040,0.65,Intermediate,2,1
P00289,SK045,0.77,Intermediate,2,1
P00289,SK039,0.75,Intermediate,2,1
P00290,SK044,0.79,Intermediate,2,1
P00290,SK052,0.88,Beginner,1,0
P00290,SK040,0.85,Intermediate,2,1
P00290,SK041,0.84,Intermediate,2,1
P00290,SK045,0.77,Intermediate,2,1
P00290,SK039,0.69,Intermediate,2,1
P00291,SK044,0.71,Intermediate,2,1
P00291,SK052,0.86,Beginner,1,0
P00291,SK040,0.66,Intermediate,2,1
P00291,SK041,0.66,Intermediate,2,1
P00291,SK045,0.91,Intermediate,2,1
P00291,SK039,0.81,Intermediate,2,1
P00292,SK044,0.56,Intermediate,2,1
P00292,SK052,0.6,Beginner,1,0
P00292,SK040,0.69,Intermediate,2,1
P00292,SK046,0.9,Beginner,1,0
P00292,SK045,0.79,Intermediate,2,1
P00292,SK039,0.61,Intermediate,2,1
P00293,SK044,0.69,Intermediate,2,1
P00293,SK052,0.84,Beginner,1,0
P00293,SK041,0.81,Intermediate,2,1
P00293,SK040,0.86,Intermediate,2,1
P00293,SK045,0.8,Intermediate,2,1
P00293,SK039,0.59,Intermediate,2,1
P00294,SK044,0.76,Intermediate,2,1
P00294,SK052,0.83,Beginner,1,0
P00294,SK041,0.72,Intermediate,2,1
P00294,SK040,0.8,Intermediate,2,1
P00294,SK045,0.72,Intermediate,2,1
P00294,SK039,0.75,Intermediate,2,1
P00295,SK044,0.76,Intermediate,2,1
P00295,SK052,0.55,Beginner,1,0
P00295,SK041,0.89,Intermediate,2,1
P00295,SK040,0.78,Intermediate,2,1
P00295,SK045,0.87,Intermediate,2,1
P00295,SK039,0.93,Intermediate,2,1
P00296,SK044,0.65,Intermediate,2,1
P00296,SK052,0.78,Beginner,1,0
P00296,SK041,0.63,Intermediate,2,1
P00296,SK040,0.86,Intermediate,2,1
P00296,SK045,0.58,Intermediate,2,1
P00296,SK039,0.92,Intermediate,2,1
P00297,SK044,0.76,Intermediate,2,1
P00297,SK052,0.94,Beginner,1,0
P00297,SK040,0.7,Intermediate,2,1
P00297,SK046,0.55,Beginner,1,0
P00297,SK045,0.83,Intermediate,2,1
P00297,SK039,0.62,Intermediate,2,1
P00298,SK044,0.83,Intermediate,2,1
P00298,SK052,0.56,Beginner,1,0
P00298,SK040,0.87,Intermediate,2,1
P00298,SK046,0.78,Beginner,1,0
P00298,SK045,0.65,Intermediate,2,1
P00298,SK039,0.8,Intermediate,2,1
P00299,SK044,0.59,Intermediate,2,1
P00299,SK052,0.62,Beginner,1,0
P00299,SK041,0.92,Intermediate,2,1
P00299,SK040,0.79,Intermediate,2,1
P00299,SK045,0.81,Intermediate,2,1
P00299,SK039,0.68,Intermediate,2,1
P00300,SK044,0.79,Intermediate,2,1
P00300,SK052,0.59,Beginner,1,0
P00300,SK040,0.59,Intermediate,2,1
P00300,SK046,0.77,Beginner,1,0
P00300,SK045,0.94,Intermediate,2,1
P00300,SK039,0.68,Intermediate,2,1
P00301,SK044,0.9,Intermediate,2,1
P00301,SK052,0.64,Beginner,1,0
P00301,SK041,0.55,Intermediate,2,1
P00301,SK040,0.61,Intermediate,2,1
P00301,SK045,0.72,Intermediate,2,1
P00301,SK039,0.58,Intermediate,2,1
P00302,SK044,0.84,Intermediate,2,1
P00302,SK052,0.66,Beginner,1,0
P00302,SK040,0.9,Intermediate,2,1
P00302,SK046,0.62,Beginner,1,0
P00302,SK045,0.62,Intermediate,2,1
P00302,SK039,0.8,Intermediate,2,1
P00303,SK044,0.7,Intermediate,2,1
P00303,SK052,0.56,Beginner,1,0
P00303,SK041,0.69,Intermediate,2,1
P00303,SK040,0.9,Intermediate,2,1
P00303,SK045,0.66,Intermediate,2,1
P00303,SK039,0.64,Intermediate,2,1
P00304,SK044,0.84,Intermediate,2,1
P00304,SK052,0.66,Beginner,1,0
P00304,SK041,0.6,Intermediate,2,1
P00304,SK040,0.57,Intermediate,2,1
P00304,SK045,0.66,Intermediate,2,1
P00304,SK039,0.81,Intermediate,2,1
P00305,SK044,0.71,Intermediate,2,1
P00305,SK052,0.77,Beginner,1,0
P00305,SK045,0.82,Intermediate,2,1
P00305,SK046,0.56,Beginner,1,0
P00305,SK039,0.73,Intermediate,2,1
P00305,SK043,0.55,Beginner,1,0
P00306,SK044,0.59,Intermediate,2,1
P00306,SK052,0.91,Beginner,1,0
P00306,SK045,0.58,Intermediate,2,1
P00306,SK046,0.85,Beginner,1,0
P00306,SK047,0.81,Intermediate,2,1
P00306,SK054,0.72,Beginner,1,0
P00307,SK044,0.77,Intermediate,2,1
P00307,SK052,0.7,Beginner,1,0
P00307,SK045,0.64,Intermediate,2,1
P00307,SK046,0.6,Beginner,1,0
P00307,SK039,0.67,Intermediate,2,1
P00307,SK043,0.93,Beginner,1,0
P00308,SK044,0.86,Intermediate,2,1
P00308,SK052,0.73,Beginner,1,0
P00308,SK040,0.71,Intermediate,2,1
P00308,SK041,0.67,Intermediate,2,1
P00308,SK045,0.72,Intermediate,2,1
P00308,SK039,0.61,Intermediate,2,1
P00309,SK044,0.57,Intermediate,2,1
P00309,SK052,0.62,Beginner,1,0
P00309,SK040,0.79,Intermediate,2,1
P00309,SK041,0.86,Intermediate,2,1
P00309,SK045,0.8,Intermediate,2,1
P00309,SK039,0.73,Intermediate,2,1
P00310,SK044,0.75,Intermediate,2,1
P00310,SK052,0.86,Beginner,1,0
P00310,SK045,0.69,Intermediate,2,1
P00310,SK046,0.59,Beginner,1,0
P00310,SK039,0.59,Intermediate,2,1
P00310,SK043,0.78,Beginner,1,0
P00311,SK044,0.93,Intermediate,2,1
P00311,SK052,0.62,Beginner,1,0
P00311,SK041,0.85,Intermediate,2,1
P00311,SK040,0.9,Intermediate,2,1
P00311,SK045,0.89,Intermediate,2,1
P00311,SK039,0.71,Intermediate,2,1
P00312,SK044,0.68,Intermediate,2,1
P00312,SK052,0.76,Beginner,1,0
P00312,SK041,0.72,Intermediate,2,1
P00312,SK040,0.9,Intermediate,2,1
P00312,SK045,0.78,Intermediate,2,1
P00312,SK039,0.69,Intermediate,2,1
P00313,SK044,0.71,Intermediate,2,1
P00313,SK052,0.63,Beginner,1,0
P00313,SK041,0.67,Intermediate,2,1
P00313,SK040,0.83,Intermediate,2,1
P00313,SK045,0.92,Intermediate,2,1
P00313,SK039,0.64,Intermediate,2,1
P00314,SK044,0.73,Intermediate,2,1
P00314,SK052,0.61,Beginner,1,0
P00314,SK040,0.79,Intermediate,2,1
P00314,SK046,0.69,Beginner,1,0
P00314,SK045,0.57,Intermediate,2,1
P00314,SK039,0.66,Intermediate,2,1
P00315,SK044,0.89,Intermediate,2,1
P00315,SK052,0.66,Beginner,1,0
P00315,SK041,0.89,Intermediate,2,1
P00315,SK040,0.71,Intermediate,2,1
P00315,SK045,0.9,Intermediate,2,1
P00315,SK039,0.88,Intermediate,2,1
P00316,SK044,0.56,Intermediate,2,1
P00316,SK052,0.93,Beginner,1,0
P00316,SK045,0.78,Intermediate,2,1
P00316,SK046,0.65,Beginner,1,0
P00316,SK048,0.88,Beginner,1,0
P00316,SK049,0.76,Intermediate,2,1
P00317,SK044,0.6,Intermediate,2,1
P00317,SK052,0.59,Beginner,1,0
P00317,SK040,0.63,Intermediate,2,1
P00317,SK046,0.6,Beginner,1,0
P00317,SK045,0.89,Intermediate,2,1
P00317,SK039,0.63,Intermediate,2,1
P00318,SK044,0.62,Intermediate,2,1
P00318,SK052,0.74,Beginner,1,0
P00318,SK040,0.72,Intermediate,2,1
P00318,SK041,0.57,Intermediate,2,1
P00318,SK045,0.66,Intermediate,2,1
P00318,SK039,0.94,Intermediate,2,1
P00319,SK044,0.65,Intermediate,2,1
P00319,SK052,0.71,Beginner,1,0
P00319,SK041,0.8,Intermediate,2,1
P00319,SK040,0.66,Intermediate,2,1
P00319,SK045,0.71,Intermediate,2,1
P00319,SK039,0.68,Intermediate,2,1
P00320,SK044,0.85,Intermediate,2,1
P00320,SK052,0.57,Beginner,1,0
P00320,SK040,0.68,Intermediate,2,1
P00320,SK041,0.87,Intermediate,2,1
P00320,SK045,0.73,Intermediate,2,1
P00320,SK039,0.61,Intermediate,2,1
P00321,SK044,0.62,Intermediate,2,1
P00321,SK052,0.79,Beginner,1,0
P00321,SK041,0.65,Intermediate,2,1
P00321,SK040,0.58,Intermediate,2,1
P00321,SK045,0.65,Intermediate,2,1
P00321,SK039,0.93,Intermediate,2,1
P00322,SK044,0.84,Intermediate,2,1
P00322,SK052,0.57,Beginner,1,0
P00322,SK040,0.69,Intermediate,2,1
P00322,SK046,0.6,Beginner,1,0
P00322,SK045,0.9,Intermediate,2,1
P00322,SK039,0.71,Intermediate,2,1
P00323,SK044,0.91,Intermediate,2,1
P00323,SK052,0.62,Beginner,1,0
P00323,SK040,0.85,Intermediate,2,1
P00323,SK046,0.91,Beginner,1,0
P00323,SK045,0.69,Intermediate,2,1
P00323,SK039,0.92,Intermediate,2,1
P00324,SK044,0.67,Intermediate,2,1
P00324,SK052,0.62,Beginner,1,0
P00324,SK041,0.89,Intermediate,2,1
P00324,SK040,0.62,Intermediate,2,1
P00324,SK045,0.63,Intermediate,2,1
P00324,SK039,0.58,Intermediate,2,1
P00325,SK044,0.88,Intermediate,2,1
P00325,SK052,0.84,Beginner,1,0
P00325,SK040,0.76,Intermediate,2,1
P00325,SK046,0.72,Beginner,1,0
P00325,SK045,0.75,Intermediate,2,1
P00325,SK039,0.65,Intermediate,2,1
P00326,SK044,0.71,Intermediate,2,1
P00326,SK052,0.86,Beginner,1,0
P00326,SK045,0.55,Intermediate,2,1
P00326,SK046,0.75,Beginner,1,0
P00326,SK039,0.85,Intermediate,2,1
P00326,SK043,0.75,Beginner,1,0
P00327,SK044,0.94,Intermediate,2,1
P00327,SK052,0.69,Beginner,1,0
P00327,SK041,0.87,Intermediate,2,1
P00327,SK040,0.61,Intermediate,2,1
P00327,SK045,0.77,Intermediate,2,1
P00327,SK039,0.75,Intermediate,2,1
P00328,SK044,0.77,Intermediate,2,1
P00328,SK052,0.68,Beginner,1,0
P00328,SK040,0.89,Intermediate,2,1
P00328,SK041,0.76,Intermediate,2,1
P00328,SK045,0.77,Intermediate,2,1
P00328,SK039,0.61,Intermediate,2,1
P00329,SK044,0.61,Intermediate,2,1
P00329,SK052,0.74,Beginner,1,0
P00329,SK045,0.94,Intermediate,2,1
P00329,SK046,0.85,Beginner,1,0
P00329,SK047,0.77,Intermediate,2,1
P00329,SK054,0.83,Beginner,1,0
P00330,SK044,0.92,Intermediate,2,1
P00330,SK052,0.7,Beginner,1,0
P00330,SK045,0.76,Intermediate,2,1
P00330,SK046,0.64,Beginner,1,0
P00330,SK039,0.6,Intermediate,2,1
P00330,SK043,0.7,Beginner,1,0
P00331,SK044,0.65,Intermediate,2,1
P00331,SK052,0.84,Beginner,1,0
P00331,SK040,0.87,Intermediate,2,1
P00331,SK041,0.61,Intermediate,2,1
P00331,SK045,0.65,Intermediate,2,1
P00331,SK039,0.9,Intermediate,2,1
P00332,SK044,0.71,Intermediate,2,1
P00332,SK052,0.68,Beginner,1,0
P00332,SK045,0.68,Intermediate,2,1
P00332,SK046,0.64,Beginner,1,0
P00332,SK039,0.56,Intermediate,2,1
P00332,SK043,0.85,Beginner,1,0
P00333,SK044,0.68,Intermediate,2,1
P00333,SK052,0.81,Beginner,1,0
P00333,SK041,0.63,Intermediate,2,1
P00333,SK040,0.58,Intermediate,2,1
P00333,SK045,0.89,Intermediate,2,1
P00333,SK047,0.84,Intermediate,2,1
P00334,SK044,0.84,Intermediate,2,1
P00334,SK052,0.62,Beginner,1,0
P00334,SK045,0.56,Intermediate,2,1
P00334,SK046,0.84,Beginner,1,0
P00334,SK039,0.86,Intermediate,2,1
P00334,SK043,0.7,Beginner,1,0
P00335,SK044,0.59,Intermediate,2,1
P00335,SK052,0.78,Beginner,1,0
P00335,SK040,0.94,Intermediate,2,1
P00335,SK046,0.7,Beginner,1,0
P00335,SK045,0.72,Intermediate,2,1
P00335,SK039,0.8,Intermediate,2,1
P00336,SK044,0.64,Intermediate,2,1
P00336,SK052,0.7,Beginner,1,0
P00336,SK040,0.58,Intermediate,2,1
P00336,SK046,0.65,Beginner,1,0
P00336,SK045,0.84,Intermediate,2,1
P00336,SK039,0.87,Intermediate,2,1
P00337,SK044,0.55,Intermediate,2,1
P00337,SK052,0.67,Beginner,1,0
P00337,SK045,0.9,Intermediate,2,1
P00337,SK046,0.88,Beginner,1,0
P00337,SK039,0.66,Intermediate,2,1
P00337,SK043,0.65,Beginner,1,0
P00338,SK044,0.84,Intermediate,2,1
P00338,SK052,0.84,Beginner,1,0
P00338,SK041,0.71,Intermediate,2,1
P00338,SK040,0.77,Intermediate,2,1
P00338,SK045,0.7,Intermediate,2,1
P00338,SK039,0.85,Intermediate,2,1
P00339,SK044,0.92,Intermediate,2,1
P00339,SK052,0.75,Beginner,1,0
P00339,SK045,0.74,Intermediate,2,1
P00339,SK046,0.82,Beginner,1,0
P00339,SK039,0.79,Intermediate,2,1
P00339,SK043,0.69,Beginner,1,0
P00340,SK044,0.56,Intermediate,2,1
P00340,SK052,0.66,Beginner,1,0
P00340,SK040,0.55,Intermediate,2,1
P00340,SK041,0.57,Intermediate,2,1
P00340,SK045,0.88,Intermediate,2,1
P00340,SK039,0.81,Intermediate,2,1
P00341,SK044,0.64,Intermediate,2,1
P00341,SK052,0.82,Beginner,1,0
P00341,SK040,0.86,Intermediate,2,1
P00341,SK041,0.88,Intermediate,2,1
P00341,SK045,0.69,Intermediate,2,1
P00341,SK039,0.76,Intermediate,2,1
P00342,SK044,0.86,Intermediate,2,1
P00342,SK052,0.58,Beginner,1,0
P00342,SK040,0.57,Intermediate,2,1
P00342,SK046,0.88,Beginner,1,0
P00342,SK045,0.68,Intermediate,2,1
P00342,SK039,0.6,Intermediate,2,1
P00343,SK044,0.8,Intermediate,2,1
P00343,SK052,0.8,Beginner,1,0
P00343,SK040,0.75,Intermediate,2,1
P00343,SK041,0.58,Intermediate,2,1
P00343,SK045,0.7,Intermediate,2,1
P00343,SK039,0.88,Intermediate,2,1
P00344,SK044,0.78,Intermediate,2,1
P00344,SK052,0.62,Beginner,1,0
P00344,SK040,0.69,Intermediate,2,1
P00344,SK041,0.94,Intermediate,2,1
P00344,SK045,0.9,Intermediate,2,1
P00344,SK039,0.59,Intermediate,2,1
P00345,SK044,0.8,Intermediate,2,1
P00345,SK052,0.56,Beginner,1,0
P00345,SK045,0.83,Intermediate,2,1
P00345,SK046,0.55,Beginner,1,0
P00345,SK039,0.81,Intermediate,2,1
P00345,SK043,0.59,Beginner,1,0
P00346,SK044,0.58,Intermediate,2,1
P00346,SK052,0.8,Beginner,1,0
P00346,SK040,0.68,Intermediate,2,1
P00346,SK041,0.83,Intermediate,2,1
P00346,SK045,0.74,Intermediate,2,1
P00346,SK039,0.57,Intermediate,2,1
P00347,SK044,0.84,Intermediate,2,1
P00347,SK052,0.86,Beginner,1,0
P00347,SK041,0.91,Intermediate,2,1
P00347,SK040,0.85,Intermediate,2,1
P00347,SK045,0.94,Intermediate,2,1
P00347,SK039,0.89,Intermediate,2,1
P00348,SK044,0.94,Intermediate,2,1
P00348,SK052,0.9,Beginner,1,0
P00348,SK045,0.6,Intermediate,2,1
P00348,SK046,0.59,Beginner,1,0
P00348,SK039,0.78,Intermediate,2,1
P00348,SK043,0.88,Beginner,1,0
P00349,SK044,0.65,Intermediate,2,1
P00349,SK052,0.86,Beginner,1,0
P00349,SK040,0.8,Intermediate,2,1
P00349,SK041,0.77,Intermediate,2,1
P00349,SK045,0.67,Intermediate,2,1
P00349,SK039,0.63,Intermediate,2,1
P00350,SK044,0.8,Intermediate,2,1
P00350,SK052,0.93,Beginner,1,0
P00350,SK040,0.74,Intermediate,2,1
P00350,SK041,0.92,Intermediate,2,1
P00350,SK045,0.57,Intermediate,2,1
P00350,SK039,0.83,Intermediate,2,1
P00351,SK044,0.77,Intermediate,2,1
P00351,SK052,0.88,Beginner,1,0
P00351,SK041,0.59,Intermediate,2,1
P00351,SK040,0.83,Intermediate,2,1
P00351,SK045,0.6,Intermediate,2,1
P00351,SK039,0.62,Intermediate,2,1
P00352,SK044,0.83,Intermediate,2,1
P00352,SK052,0.65,Beginner,1,0
P00352,SK040,0.82,Intermediate,2,1
P00352,SK041,0.94,Intermediate,2,1
P00352,SK045,0.77,Intermediate,2,1
P00352,SK039,0.74,Intermediate,2,1
P00353,SK044,0.69,Intermediate,2,1
P00353,SK052,0.78,Beginner,1,0
P00353,SK040,0.74,Intermediate,2,1
P00353,SK046,0.87,Beginner,1,0
P00353,SK045,0.75,Intermediate,2,1
P00353,SK039,0.8,Intermediate,2,1
P00354,SK044,0.81,Intermediate,2,1
P00354,SK052,0.73,Beginner,1,0
P00354,SK040,0.56,Intermediate,2,1
P00354,SK046,0.67,Beginner,1,0
P00354,SK045,0.55,Intermediate,2,1
P00354,SK039,0.55,Intermediate,2,1
P00355,SK044,0.65,Intermediate,2,1
P00355,SK052,0.94,Beginner,1,0
P00355,SK040,0.84,Intermediate,2,1
P00355,SK041,0.67,Intermediate,2,1
P00355,SK045,0.61,Intermediate,2,1
P00355,SK039,0.81,Intermediate,2,1
P00356,SK044,0.68,Intermediate,2,1
P00356,SK052,0.87,Beginner,1,0
P00356,SK040,0.58,Intermediate,2,1
P00356,SK046,0.77,Beginner,1,0
P00356,SK045,0.74,Intermediate,2,1
P00356,SK039,0.87,Intermediate,2,1
P00357,SK044,0.93,Intermediate,2,1
P00357,SK052,0.75,Beginner,1,0
P00357,SK040,0.62,Intermediate,2,1
P00357,SK041,0.6,Intermediate,2,1
P00357,SK045,0.68,Intermediate,2,1
P00357,SK039,0.84,Intermediate,2,1
P00358,SK044,0.66,Intermediate,2,1
P00358,SK052,0.67,Beginner,1,0
P00358,SK041,0.57,Intermediate,2,1
P00358,SK040,0.6,Intermediate,2,1
P00358,SK045,0.83,Intermediate,2,1
P00358,SK039,0.8,Intermediate,2,1
P00359,SK044,0.73,Intermediate,2,1
P00359,SK052,0.61,Beginner,1,0
P00359,SK040,0.61,Intermediate,2,1
P00359,SK046,0.61,Beginner,1,0
P00359,SK045,0.72,Intermediate,2,1
P00359,SK039,0.56,Intermediate,2,1
P00360,SK044,0.56,Intermediate,2,1
P00360,SK052,0.8,Beginner,1,0
P00360,SK040,0.71,Intermediate,2,1
P00360,SK041,0.83,Intermediate,2,1
P00360,SK045,0.84,Intermediate,2,1
P00360,SK039,0.92,Intermediate,2,1
P00361,SK044,0.63,Intermediate,2,1
P00361,SK052,0.92,Beginner,1,0
P00361,SK040,0.6,Intermediate,2,1
P00361,SK041,0.92,Intermediate,2,1
P00361,SK045,0.66,Intermediate,2,1
P00361,SK039,0.58,Intermediate,2,1
P00362,SK044,0.77,Intermediate,2,1
P00362,SK052,0.89,Beginner,1,0
P00362,SK040,0.69,Intermediate,2,1
P00362,SK046,0.89,Beginner,1,0
P00362,SK045,0.57,Intermediate,2,1
P00362,SK039,0.72,Intermediate,2,1
P00363,SK044,0.86,Intermediate,2,1
P00363,SK052,0.83,Beginner,1,0
P00363,SK045,0.63,Intermediate,2,1
P00363,SK046,0.7,Beginner,1,0
P00363,SK039,0.68,Intermediate,2,1
P00363,SK043,0.79,Beginner,1,0
P00364,SK044,0.82,Intermediate,2,1
P00364,SK052,0.77,Beginner,1,0
P00364,SK040,0.87,Intermediate,2,1
P00364,SK046,0.87,Beginner,1,0
P00364,SK045,0.93,Intermediate,2,1
P00364,SK039,0.67,Intermediate,2,1
P00365,SK044,0.57,Intermediate,2,1
P00365,SK052,0.66,Beginner,1,0
P00365,SK045,0.58,Intermediate,2,1
P00365,SK046,0.9,Beginner,1,0
P00365,SK039,0.94,Intermediate,2,1
P00365,SK043,0.75,Beginner,1,0
P00366,SK044,0.6,Intermediate,2,1
P00366,SK052,0.7,Beginner,1,0
P00366,SK040,0.84,Intermediate,2,1
P00366,SK046,0.63,Beginner,1,0
P00366,SK045,0.94,Intermediate,2,1
P00366,SK039,0.74,Intermediate,2,1
P00367,SK044,0.66,Intermediate,2,1
P00367,SK052,0.84,Beginner,1,0
P00367,SK040,0.63,Intermediate,2,1
P00367,SK046,0.76,Beginner,1,0
P00367,SK045,0.8,Intermediate,2,1
P00367,SK039,0.7,Intermediate,2,1
P00368,SK044,0.81,Intermediate,2,1
P00368,SK052,0.6,Beginner,1,0
P00368,SK041,0.75,Intermediate,2,1
P00368,SK040,0.64,Intermediate,2,1
P00368,SK045,0.8,Intermediate,2,1
P00368,SK039,0.86,Intermediate,2,1
P00369,SK044,0.61,Intermediate,2,1
P00369,SK052,0.93,Beginner,1,0
P00369,SK045,0.6,Intermediate,2,1
P00369,SK046,0.89,Beginner,1,0
P00369,SK039,0.57,Intermediate,2,1
P00369,SK043,0.56,Beginner,1,0
P00370,SK044,0.89,Intermediate,2,1
P00370,SK052,0.73,Beginner,1,0
P00370,SK040,0.72,Intermediate,2,1
P00370,SK041,0.58,Intermediate,2,1
P00370,SK045,0.7,Intermediate,2,1
P00370,SK039,0.55,Intermediate,2,1
P00371,SK044,0.84,Intermediate,2,1
P00371,SK052,0.68,Beginner,1,0
P00371,SK045,0.69,Intermediate,2,1
P00371,SK046,0.55,Beginner,1,0
P00371,SK047,0.74,Intermediate,2,1
P00371,SK054,0.84,Beginner,1,0
P00372,SK044,0.68,Intermediate,2,1
P00372,SK052,0.67,Beginner,1,0
P00372,SK040,0.56,Intermediate,2,1
P00372,SK046,0.76,Beginner,1,0
P00372,SK045,0.8,Intermediate,2,1
P00372,SK039,0.76,Intermediate,2,1
P00373,SK044,0.75,Intermediate,2,1
P00373,SK052,0.91,Beginner,1,0
P00373,SK040,0.76,Intermediate,2,1
P00373,SK046,0.71,Beginner,1,0
P00373,SK045,0.64,Intermediate,2,1
P00373,SK039,0.78,Intermediate,2,1
P00374,SK044,0.92,Intermediate,2,1
P00374,SK052,0.59,Beginner,1,0
P00374,SK040,0.81,Intermediate,2,1
P00374,SK041,0.79,Intermediate,2,1
P00374,SK045,0.6,Intermediate,2,1
P00374,SK039,0.77,Intermediate,2,1
P00375,SK044,0.67,Intermediate,2,1
P00375,SK052,0.77,Beginner,1,0
P00375,SK045,0.91,Intermediate,2,1
P00375,SK046,0.87,Beginner,1,0
P00375,SK039,0.74,Intermediate,2,1
P00375,SK043,0.69,Beginner,1,0
P00376,SK044,0.78,Intermediate,2,1
P00376,SK052,0.81,Beginner,1,0
P00376,SK045,0.81,Intermediate,2,1
P00376,SK046,0.84,Beginner,1,0
P00376,SK039,0.84,Intermediate,2,1
P00376,SK043,0.89,Beginner,1,0
P00377,SK044,0.7,Intermediate,2,1
P00377,SK052,0.76,Beginner,1,0
P00377,SK040,0.91,Intermediate,2,1
P00377,SK046,0.91,Beginner,1,0
P00377,SK045,0.66,Intermediate,2,1
P00377,SK039,0.73,Intermediate,2,1
P00378,SK044,0.9,Intermediate,2,1
P00378,SK052,0.78,Beginner,1,0
P00378,SK040,0.68,Intermediate,2,1
P00378,SK041,0.61,Intermediate,2,1
P00378,SK045,0.83,Intermediate,2,1
P00378,SK039,0.57,Intermediate,2,1
P00379,SK044,0.92,Intermediate,2,1
P00379,SK052,0.74,Beginner,1,0
P00379,SK045,0.58,Intermediate,2,1
P00379,SK046,0.62,Beginner,1,0
P00379,SK039,0.61,Intermediate,2,1
P00379,SK043,0.75,Beginner,1,0
P00380,SK044,0.59,Intermediate,2,1
P00380,SK052,0.57,Beginner,1,0
P00380,SK040,0.66,Intermediate,2,1
P00380,SK041,0.83,Intermediate,2,1
P00380,SK045,0.78,Intermediate,2,1
P00380,SK039,0.65,Intermediate,2,1
P00381,SK044,0.79,Intermediate,2,1
P00381,SK052,0.72,Beginner,1,0
P00381,SK041,0.57,Intermediate,2,1
P00381,SK040,0.65,Intermediate,2,1
P00381,SK045,0.9,Intermediate,2,1
P00381,SK039,0.64,Intermediate,2,1
P00382,SK044,0.74,Intermediate,2,1
P00382,SK052,0.74,Beginner,1,0
P00382,SK041,0.83,Intermediate,2,1
P00382,SK040,0.59,Intermediate,2,1
P00382,SK045,0.7,Intermediate,2,1
P00382,SK039,0.56,Intermediate,2,1
P00383,SK044,0.69,Intermediate,2,1
P00383,SK052,0.86,Beginner,1,0
P00383,SK045,0.76,Intermediate,2,1
P00383,SK046,0.62,Beginner,1,0
P00383,SK039,0.71,Intermediate,2,1
P00383,SK043,0.86,Beginner,1,0
P00384,SK044,0.61,Intermediate,2,1
P00384,SK052,0.87,Beginner,1,0
P00384,SK041,0.91,Intermediate,2,1
P00384,SK040,0.59,Intermediate,2,1
P00384,SK045,0.85,Intermediate,2,1
P00384,SK039,0.85,Intermediate,2,1
P00385,SK044,0.59,Intermediate,2,1
P00385,SK052,0.75,Beginner,1,0
P00385,SK041,0.74,Intermediate,2,1
P00385,SK040,0.55,Intermediate,2,1
P00385,SK045,0.62,Intermediate,2,1
P00385,SK039,0.87,Intermediate,2,1
P00386,SK044,0.75,Intermediate,2,1
P00386,SK052,0.72,Beginner,1,0
P00386,SK041,0.87,Intermediate,2,1
P00386,SK040,0.65,Intermediate,2,1
P00386,SK045,0.55,Intermediate,2,1
P00386,SK039,0.58,Intermediate,2,1
P00387,SK044,0.86,Intermediate,2,1
P00387,SK052,0.56,Beginner,1,0
P00387,SK041,0.9,Intermediate,2,1
P00387,SK040,0.55,Intermediate,2,1
P00387,SK045,0.88,Intermediate,2,1
P00387,SK039,0.82,Intermediate,2,1
P00388,SK044,0.63,Intermediate,2,1
P00388,SK052,0.9,Beginner,1,0
P00388,SK041,0.88,Intermediate,2,1
P00388,SK040,0.72,Intermediate,2,1
P00388,SK045,0.83,Intermediate,2,1
P00388,SK047,0.56,Intermediate,2,1
P00389,SK044,0.55,Intermediate,2,1
P00389,SK052,0.88,Beginner,1,0
P00389,SK040,0.76,Intermediate,2,1
P00389,SK041,0.8,Intermediate,2,1
P00389,SK045,0.77,Intermediate,2,1
P00389,SK039,0.79,Intermediate,2,1
P00390,SK044,0.63,Intermediate,2,1
P00390,SK052,0.89,Beginner,1,0
P00390,SK040,0.73,Intermediate,2,1
P00390,SK041,0.94,Intermediate,2,1
P00390,SK045,0.59,Intermediate,2,1
P00390,SK039,0.61,Intermediate,2,1
P00391,SK044,0.75,Intermediate,2,1
P00391,SK052,0.77,Beginner,1,0
P00391,SK040,0.75,Intermediate,2,1
P00391,SK046,0.84,Beginner,1,0
P00391,SK045,0.62,Intermediate,2,1
P00391,SK048,0.6,Beginner,1,0
P00392,SK044,0.77,Intermediate,2,1
P00392,SK052,0.69,Beginner,1,0
P00392,SK040,0.7,Intermediate,2,1
P00392,SK041,0.94,Intermediate,2,1
P00392,SK045,0.88,Intermediate,2,1
P00392,SK039,0.86,Intermediate,2,1
P00393,SK044,0.58,Intermediate,2,1
P00393,SK052,0.82,Beginner,1,0
P00393,SK045,0.75,Intermediate,2,1
P00393,SK046,0.81,Beginner,1,0
P00393,SK039,0.69,Intermediate,2,1
P00393,SK043,0.67,Beginner,1,0
P00394,SK044,0.87,Intermediate,2,1
P00394,SK052,0.91,Beginner,1,0
P00394,SK045,0.84,Intermediate,2,1
P00394,SK046,0.69,Beginner,1,0
P00394,SK039,0.69,Intermediate,2,1
P00394,SK043,0.89,Beginner,1,0
P00395,SK044,0.86,Intermediate,2,1
P00395,SK052,0.55,Beginner,1,0
P00395,SK041,0.71,Intermediate,2,1
P00395,SK040,0.58,Intermediate,2,1
P00395,SK045,0.73,Intermediate,2,1
P00395,SK039,0.94,Intermediate,2,1
P00396,SK044,0.9,Intermediate,2,1
P00396,SK052,0.94,Beginner,1,0
P00396,SK040,0.61,Intermediate,2,1
P00396,SK046,0.93,Beginner,1,0
P00396,SK045,0.81,Intermediate,2,1
P00396,SK039,0.93,Intermediate,2,1
P00397,SK044,0.73,Intermediate,2,1
P00397,SK052,0.92,Beginner,1,0
P00397,SK041,0.71,Intermediate,2,1
P00397,SK040,0.64,Intermediate,2,1
P00397,SK045,0.79,Intermediate,2,1
P00397,SK039,0.86,Intermediate,2,1
P00398,SK044,0.66,Intermediate,2,1
P00398,SK052,0.63,Beginner,1,0
P00398,SK041,0.91,Intermediate,2,1
P00398,SK040,0.61,Intermediate,2,1
P00398,SK045,0.7,Intermediate,2,1
P00398,SK039,0.61,Intermediate,2,1
P00399,SK044,0.6,Intermediate,2,1
P00399,SK052,0.76,Beginner,1,0
P00399,SK041,0.75,Intermediate,2,1
P00399,SK040,0.88,Intermediate,2,1
P00399,SK045,0.75,Intermediate,2,1
P00399,SK039,0.84,Intermediate,2,1
P00400,SK044,0.63,Intermediate,2,1
P00400,SK052,0.7,Beginner,1,0
P00400,SK045,0.72,Intermediate,2,1
P00400,SK046,0.66,Beginner,1,0
P00400,SK039,0.61,Intermediate,2,1
P00400,SK043,0.56,Beginner,1,0
P00401,SK044,0.59,Intermediate,2,1
P00401,SK052,0.94,Beginner,1,0
P00401,SK040,0.58,Intermediate,2,1
P00401,SK046,0.58,Beginner,1,0
P00401,SK045,0.91,Intermediate,2,1
P00401,SK039,0.77,Intermediate,2,1
P00402,SK044,0.56,Intermediate,2,1
P00402,SK052,0.93,Beginner,1,0
P00402,SK040,0.82,Intermediate,2,1
P00402,SK041,0.58,Intermediate,2,1
P00402,SK045,0.65,Intermediate,2,1
P00402,SK039,0.65,Intermediate,2,1
P00403,SK044,0.76,Intermediate,2,1
P00403,SK052,0.87,Beginner,1,0
P00403,SK040,0.66,Intermediate,2,1
P00403,SK046,0.71,Beginner,1,0
P00403,SK045,0.94,Intermediate,2,1
P00403,SK039,0.9,Intermediate,2,1
P00404,SK044,0.78,Intermediate,2,1
P00404,SK052,0.6,Beginner,1,0
P00404,SK041,0.8,Intermediate,2,1
P00404,SK040,0.62,Intermediate,2,1
P00404,SK045,0.58,Intermediate,2,1
P00404,SK039,0.83,Intermediate,2,1
P00405,SK044,0.88,Intermediate,2,1
P00405,SK052,0.7,Beginner,1,0
P00405,SK045,0.61,Intermediate,2,1
P00405,SK046,0.94,Beginner,1,0
P00405,SK039,0.72,Intermediate,2,1
P00405,SK043,0.9,Beginner,1,0
P00406,SK044,0.56,Intermediate,2,1
P00406,SK052,0.93,Beginner,1,0
P00406,SK041,0.88,Intermediate,2,1
P00406,SK040,0.69,Intermediate,2,1
P00406,SK045,0.89,Intermediate,2,1
P00406,SK039,0.56,Intermediate,2,1
P00407,SK044,0.87,Intermediate,2,1
P00407,SK052,0.7,Beginner,1,0
P00407,SK041,0.66,Intermediate,2,1
P00407,SK040,0.7,Intermediate,2,1
P00407,SK045,0.87,Intermediate,2,1
P00407,SK039,0.58,Intermediate,2,1
P00408,SK044,0.68,Intermediate,2,1
P00408,SK052,0.69,Beginner,1,0
P00408,SK040,0.65,Intermediate,2,1
P00408,SK041,0.89,Intermediate,2,1
P00408,SK045,0.77,Intermediate,2,1
P00408,SK039,0.56,Intermediate,2,1
P00409,SK044,0.77,Intermediate,2,1
P00409,SK052,0.73,Beginner,1,0
P00409,SK040,0.84,Intermediate,2,1
P00409,SK041,0.63,Intermediate,2,1
P00409,SK045,0.87,Intermediate,2,1
P00409,SK039,0.94,Intermediate,2,1
P00410,SK044,0.84,Intermediate,2,1
P00410,SK052,0.62,Beginner,1,0
P00410,SK040,0.71,Intermediate,2,1
P00410,SK041,0.81,Intermediate,2,1
P00410,SK045,0.69,Intermediate,2,1
P00410,SK039,0.76,Intermediate,2,1
P00411,SK044,0.59,Intermediate,2,1
P00411,SK052,0.84,Beginner,1,0
P00411,SK041,0.8,Intermediate,2,1
P00411,SK040,0.65,Intermediate,2,1
P00411,SK045,0.76,Intermediate,2,1
P00411,SK039,0.56,Intermediate,2,1
P00412,SK044,0.57,Intermediate,2,1
P00412,SK052,0.63,Beginner,1,0
P00412,SK040,0.7,Intermediate,2,1
P00412,SK041,0.75,Intermediate,2,1
P00412,SK045,0.81,Intermediate,2,1
P00412,SK039,0.78,Intermediate,2,1
P00413,SK044,0.86,Intermediate,2,1
P00413,SK052,0.81,Beginner,1,0
P00413,SK040,0.71,Intermediate,2,1
P00413,SK041,0.89,Intermediate,2,1
P00413,SK045,0.59,Intermediate,2,1
P00413,SK039,0.82,Intermediate,2,1
P00414,SK044,0.9,Intermediate,2,1
P00414,SK052,0.89,Beginner,1,0
P00414,SK045,0.63,Intermediate,2,1
P00414,SK046,0.59,Beginner,1,0
P00414,SK039,0.91,Intermediate,2,1
P00414,SK043,0.86,Beginner,1,0
P00415,SK044,0.86,Intermediate,2,1
P00415,SK052,0.65,Beginner,1,0
P00415,SK041,0.9,Intermediate,2,1
P00415,SK040,0.64,Intermediate,2,1
P00415,SK045,0.68,Intermediate,2,1
P00415,SK039,0.75,Intermediate,2,1
P00416,SK044,0.79,Intermediate,2,1
P00416,SK052,0.84,Beginner,1,0
P00416,SK041,0.62,Intermediate,2,1
P00416,SK040,0.7,Intermediate,2,1
P00416,SK045,0.89,Intermediate,2,1
P00416,SK039,0.84,Intermediate,2,1
P00417,SK044,0.63,Intermediate,2,1
P00417,SK052,0.85,Beginner,1,0
P00417,SK040,0.73,Intermediate,2,1
P00417,SK041,0.57,Intermediate,2,1
P00417,SK045,0.59,Intermediate,2,1
P00417,SK039,0.79,Intermediate,2,1
P00418,SK044,0.62,Intermediate,2,1
P00418,SK052,0.76,Beginner,1,0
P00418,SK045,0.67,Intermediate,2,1
P00418,SK046,0.87,Beginner,1,0
P00418,SK039,0.76,Intermediate,2,1
P00418,SK043,0.86,Beginner,1,0
P00419,SK044,0.64,Intermediate,2,1
P00419,SK052,0.92,Beginner,1,0
P00419,SK041,0.84,Intermediate,2,1
P00419,SK040,0.73,Intermediate,2,1
P00419,SK045,0.63,Intermediate,2,1
P00419,SK039,0.55,Intermediate,2,1
P00420,SK044,0.78,Intermediate,2,1
P00420,SK052,0.58,Beginner,1,0
P00420,SK040,0.7,Intermediate,2,1
P00420,SK041,0.9,Intermediate,2,1
P00420,SK045,0.92,Intermediate,2,1
P00420,SK039,0.67,Intermediate,2,1
P00421,SK044,0.78,Intermediate,2,1
P00421,SK052,0.68,Beginner,1,0
P00421,SK041,0.91,Intermediate,2,1
P00421,SK040,0.77,Intermediate,2,1
P00421,SK045,0.94,Intermediate,2,1
P00421,SK039,0.56,Intermediate,2,1
P00422,SK044,0.76,Intermediate,2,1
P00422,SK052,0.68,Beginner,1,0
P00422,SK040,0.66,Intermediate,2,1
P00422,SK046,0.75,Beginner,1,0
P00422,SK045,0.56,Intermediate,2,1
P00422,SK039,0.71,Intermediate,2,1
P00423,SK044,0.85,Intermediate,2,1
P00423,SK052,0.93,Beginner,1,0
P00423,SK041,0.78,Intermediate,2,1
P00423,SK040,0.56,Intermediate,2,1
P00423,SK045,0.83,Intermediate,2,1
P00423,SK039,0.73,Intermediate,2,1
P00424,SK044,0.83,Intermediate,2,1
P00424,SK052,0.76,Beginner,1,0
P00424,SK041,0.86,Intermediate,2,1
P00424,SK040,0.7,Intermediate,2,1
P00424,SK045,0.92,Intermediate,2,1
P00424,SK039,0.59,Intermediate,2,1
P00425,SK044,0.83,Intermediate,2,1
P00425,SK052,0.82,Beginner,1,0
P00425,SK041,0.9,Intermediate,2,1
P00425,SK040,0.78,Intermediate,2,1
P00425,SK045,0.55,Intermediate,2,1
P00425,SK039,0.94,Intermediate,2,1
P00426,SK044,0.59,Intermediate,2,1
P00426,SK052,0.58,Beginner,1,0
P00426,SK041,0.78,Intermediate,2,1
P00426,SK040,0.83,Intermediate,2,1
P00426,SK045,0.61,Intermediate,2,1
P00426,SK039,0.69,Intermediate,2,1
P00427,SK044,0.76,Intermediate,2,1
P00427,SK052,0.93,Beginner,1,0
P00427,SK041,0.79,Intermediate,2,1
P00427,SK040,0.57,Intermediate,2,1
P00427,SK045,0.69,Intermediate,2,1
P00427,SK039,0.89,Intermediate,2,1
P00428,SK044,0.68,Intermediate,2,1
P00428,SK052,0.64,Beginner,1,0
P00428,SK040,0.59,Intermediate,2,1
P00428,SK041,0.72,Intermediate,2,1
P00428,SK045,0.55,Intermediate,2,1
P00428,SK039,0.81,Intermediate,2,1
P00429,SK044,0.69,Intermediate,2,1
P00429,SK052,0.63,Beginner,1,0
P00429,SK040,0.57,Intermediate,2,1
P00429,SK041,0.69,Intermediate,2,1
P00429,SK045,0.57,Intermediate,2,1
P00429,SK039,0.61,Intermediate,2,1
P00430,SK044,0.62,Intermediate,2,1
P00430,SK052,0.66,Beginner,1,0
P00430,SK041,0.92,Intermediate,2,1
P00430,SK040,0.71,Intermediate,2,1
P00430,SK045,0.62,Intermediate,2,1
P00430,SK039,0.87,Intermediate,2,1
P00431,SK044,0.94,Intermediate,2,1
P00431,SK052,0.71,Beginner,1,0
P00431,SK045,0.65,Intermediate,2,1
P00431,SK046,0.9,Beginner,1,0
P00431,SK039,0.72,Intermediate,2,1
P00431,SK043,0.82,Beginner,1,0
P00432,SK044,0.86,Intermediate,2,1
P00432,SK052,0.61,Beginner,1,0
P00432,SK040,0.75,Intermediate,2,1
P00432,SK041,0.81,Intermediate,2,1
P00432,SK045,0.76,Intermediate,2,1
P00432,SK039,0.94,Intermediate,2,1
P00433,SK044,0.86,Intermediate,2,1
P00433,SK052,0.83,Beginner,1,0
P00433,SK040,0.7,Intermediate,2,1
P00433,SK041,0.66,Intermediate,2,1
P00433,SK045,0.58,Intermediate,2,1
P00433,SK039,0.71,Intermediate,2,1
P00434,SK044,0.63,Intermediate,2,1
P00434,SK052,0.83,Beginner,1,0
P00434,SK040,0.66,Intermediate,2,1
P00434,SK046,0.85,Beginner,1,0
P00434,SK045,0.64,Intermediate,2,1
P00434,SK039,0.92,Intermediate,2,1
P00435,SK044,0.87,Intermediate,2,1
P00435,SK052,0.57,Beginner,1,0
P00435,SK045,0.64,Intermediate,2,1
P00435,SK046,0.86,Beginner,1,0
P00435,SK039,0.63,Intermediate,2,1
P00435,SK043,0.84,Beginner,1,0
P00436,SK044,0.76,Intermediate,2,1
P00436,SK052,0.55,Beginner,1,0
P00436,SK045,0.63,Intermediate,2,1
P00436,SK046,0.65,Beginner,1,0
P00436,SK039,0.88,Intermediate,2,1
P00436,SK043,0.86,Beginner,1,0
P00437,SK044,0.85,Intermediate,2,1
P00437,SK052,0.89,Beginner,1,0
P00437,SK045,0.9,Intermediate,2,1
P00437,SK046,0.8,Beginner,1,0
P00437,SK039,0.76,Intermediate,2,1
P00437,SK043,0.89,Beginner,1,0
P00438,SK044,0.88,Intermediate,2,1
P00438,SK052,0.79,Beginner,1,0
P00438,SK040,0.92,Intermediate,2,1
P00438,SK046,0.63,Beginner,1,0
P00438,SK045,0.62,Intermediate,2,1
P00438,SK047,0.55,Intermediate,2,1
P00439,SK044,0.91,Intermediate,2,1
P00439,SK052,0.61,Beginner,1,0
P00439,SK045,0.68,Intermediate,2,1
P00439,SK046,0.92,Beginner,1,0
P00439,SK039,0.72,Intermediate,2,1
P00439,SK043,0.63,Beginner,1,0
P00440,SK044,0.72,Intermediate,2,1
P00440,SK052,0.81,Beginner,1,0
P00440,SK041,0.94,Intermediate,2,1
P00440,SK040,0.67,Intermediate,2,1
P00440,SK045,0.85,Intermediate,2,1
P00440,SK039,0.93,Intermediate,2,1
P00441,SK044,0.61,Intermediate,2,1
P00441,SK052,0.82,Beginner,1,0
P00441,SK040,0.86,Intermediate,2,1
P00441,SK041,0.88,Intermediate,2,1
P00441,SK045,0.65,Intermediate,2,1
P00441,SK047,0.59,Intermediate,2,1
P00442,SK044,0.55,Intermediate,2,1
P00442,SK052,0.78,Beginner,1,0
P00442,SK041,0.82,Intermediate,2,1
P00442,SK040,0.88,Intermediate,2,1
P00442,SK045,0.85,Intermediate,2,1
P00443,SK044,0.56,Intermediate,2,1
P00443,SK052,0.92,Beginner,1,0
P00443,SK041,0.73,Intermediate,2,1
P00443,SK040,0.56,Intermediate,2,1
P00443,SK045,0.71,Intermediate,2,1
P00443,SK039,0.85,Intermediate,2,1
P00444,SK044,0.66,Intermediate,2,1
P00444,SK052,0.72,Beginner,1,0
P00444,SK040,0.84,Intermediate,2,1
P00444,SK046,0.77,Beginner,1,0
P00444,SK045,0.63,Intermediate,2,1
P00444,SK047,0.71,Intermediate,2,1
P00445,SK044,0.9,Intermediate,2,1
P00445,SK052,0.81,Beginner,1,0
P00445,SK040,0.62,Intermediate,2,1
P00445,SK041,0.58,Intermediate,2,1
P00445,SK045,0.87,Intermediate,2,1
P00445,SK039,0.84,Intermediate,2,1
P00446,SK044,0.57,Intermediate,2,1
P00446,SK052,0.74,Beginner,1,0
P00446,SK040,0.66,Intermediate,2,1
P00446,SK041,0.94,Intermediate,2,1
P00446,SK045,0.7,Intermediate,2,1
P00446,SK039,0.76,Intermediate,2,1
P00447,SK044,0.85,Intermediate,2,1
P00447,SK052,0.69,Beginner,1,0
P00447,SK040,0.76,Intermediate,2,1
P00447,SK046,0.72,Beginner,1,0
P00447,SK045,0.93,Intermediate,2,1
P00447,SK039,0.66,Intermediate,2,1
P00448,SK044,0.62,Intermediate,2,1
P00448,SK052,0.87,Beginner,1,0
P00448,SK040,0.66,Intermediate,2,1
P00448,SK041,0.84,Intermediate,2,1
P00448,SK045,0.86,Intermediate,2,1
P00448,SK039,0.91,Intermediate,2,1
P00449,SK044,0.76,Intermediate,2,1
P00449,SK052,0.71,Beginner,1,0
P00449,SK041,0.71,Intermediate,2,1
P00449,SK040,0.74,Intermediate,2,1
P00449,SK045,0.55,Intermediate,2,1
P00449,SK039,0.55,Intermediate,2,1
P00450,SK044,0.68,Intermediate,2,1
P00450,SK052,0.7,Beginner,1,0
P00450,SK040,0.55,Intermediate,2,1
P00450,SK046,0.69,Beginner,1,0
P00450,SK045,0.72,Intermediate,2,1
P00450,SK039,0.81,Intermediate,2,1
P00451,SK044,0.86,Intermediate,2,1
P00451,SK052,0.82,Beginner,1,0
P00451,SK040,0.59,Intermediate,2,1
P00451,SK041,0.76,Intermediate,2,1
P00451,SK045,0.86,Intermediate,2,1
P00451,SK039,0.73,Intermediate,2,1
P00452,SK044,0.89,Intermediate,2,1
P00452,SK052,0.55,Beginner,1,0
P00452,SK041,0.72,Intermediate,2,1
P00452,SK040,0.56,Intermediate,2,1
P00452,SK045,0.58,Intermediate,2,1
P00452,SK039,0.59,Intermediate,2,1
P00453,SK044,0.72,Intermediate,2,1
P00453,SK052,0.79,Beginner,1,0
P00453,SK045,0.85,Intermediate,2,1
P00453,SK046,0.56,Beginner,1,0
P00453,SK039,0.74,Intermediate,2,1
P00453,SK043,0.76,Beginner,1,0
P00454,SK044,0.85,Intermediate,2,1
P00454,SK052,0.93,Beginner,1,0
P00454,SK040,0.57,Intermediate,2,1
P00454,SK046,0.88,Beginner,1,0
P00454,SK045,0.84,Intermediate,2,1
P00454,SK039,0.83,Intermediate,2,1
P00455,SK044,0.71,Intermediate,2,1
P00455,SK052,0.89,Beginner,1,0
P00455,SK040,0.71,Intermediate,2,1
P00455,SK041,0.65,Intermediate,2,1
P00455,SK045,0.6,Intermediate,2,1
P00455,SK039,0.68,Intermediate,2,1
P00456,SK044,0.85,Intermediate,2,1
P00456,SK052,0.86,Beginner,1,0
P00456,SK040,0.85,Intermediate,2,1
P00456,SK041,0.65,Intermediate,2,1
P00456,SK045,0.7,Intermediate,2,1
P00456,SK039,0.73,Intermediate,2,1
P00457,SK044,0.62,Intermediate,2,1
P00457,SK052,0.78,Beginner,1,0
P00457,SK045,0.94,Intermediate,2,1
P00457,SK046,0.55,Beginner,1,0
P00457,SK039,0.7,Intermediate,2,1
P00457,SK043,0.74,Beginner,1,0
P00458,SK044,0.55,Intermediate,2,1
P00458,SK052,0.6,Beginner,1,0
P00458,SK040,0.71,Intermediate,2,1
P00458,SK041,0.85,Intermediate,2,1
P00458,SK045,0.77,Intermediate,2,1
P00458,SK039,0.86,Intermediate,2,1
P00459,SK044,0.88,Intermediate,2,1
P00459,SK052,0.56,Beginner,1,0
P00459,SK041,0.89,Intermediate,2,1
P00459,SK040,0.7,Intermediate,2,1
P00459,SK045,0.94,Intermediate,2,1
P00459,SK039,0.84,Intermediate,2,1
P00460,SK044,0.58,Intermediate,2,1
P00460,SK052,0.62,Beginner,1,0
P00460,SK045,0.75,Intermediate,2,1
P00460,SK046,0.88,Beginner,1,0
P00460,SK039,0.92,Intermediate,2,1
P00460,SK043,0.87,Beginner,1,0
P00461,SK044,0.63,Intermediate,2,1
P00461,SK052,0.61,Beginner,1,0
P00461,SK041,0.56,Intermediate,2,1
P00461,SK040,0.58,Intermediate,2,1
P00461,SK045,0.58,Intermediate,2,1
P00461,SK039,0.69,Intermediate,2,1
P00462,SK044,0.59,Intermediate,2,1
P00462,SK052,0.93,Beginner,1,0
P00462,SK040,0.59,Intermediate,2,1
P00462,SK046,0.77,Beginner,1,0
P00462,SK045,0.72,Intermediate,2,1
P00462,SK039,0.66,Intermediate,2,1
P00463,SK044,0.74,Intermediate,2,1
P00463,SK052,0.55,Beginner,1,0
P00463,SK040,0.66,Intermediate,2,1
P00463,SK041,0.69,Intermediate,2,1
P00463,SK045,0.88,Intermediate,2,1
P00463,SK039,0.71,Intermediate,2,1
P00464,SK044,0.57,Intermediate,2,1
P00464,SK052,0.76,Beginner,1,0
P00464,SK040,0.57,Intermediate,2,1
P00464,SK041,0.79,Intermediate,2,1
P00464,SK045,0.87,Intermediate,2,1
P00464,SK039,0.9,Intermediate,2,1
P00465,SK044,0.67,Intermediate,2,1
P00465,SK052,0.71,Beginner,1,0
P00465,SK045,0.65,Intermediate,2,1
P00465,SK046,0.92,Beginner,1,0
P00465,SK039,0.6,Intermediate,2,1
P00465,SK043,0.83,Beginner,1,0
P00466,SK044,0.89,Intermediate,2,1
P00466,SK052,0.55,Beginner,1,0
P00466,SK040,0.88,Intermediate,2,1
P00466,SK046,0.73,Beginner,1,0
P00466,SK045,0.87,Intermediate,2,1
P00466,SK039,0.85,Intermediate,2,1
P00467,SK044,0.58,Intermediate,2,1
P00467,SK052,0.83,Beginner,1,0
P00467,SK045,0.71,Intermediate,2,1
P00467,SK046,0.6,Beginner,1,0
P00467,SK039,0.65,Intermediate,2,1
P00467,SK043,0.58,Beginner,1,0
P00468,SK044,0.71,Intermediate,2,1
P00468,SK052,0.8,Beginner,1,0
P00468,SK040,0.58,Intermediate,2,1
P00468,SK046,0.6,Beginner,1,0
P00468,SK045,0.93,Intermediate,2,1
P00468,SK039,0.88,Intermediate,2,1
P00469,SK044,0.74,Intermediate,2,1
P00469,SK052,0.66,Beginner,1,0
P00469,SK045,0.59,Intermediate,2,1
P00469,SK046,0.86,Beginner,1,0
P00469,SK039,0.89,Intermediate,2,1
P00469,SK043,0.83,Beginner,1,0
P00470,SK044,0.8,Intermediate,2,1
P00470,SK052,0.79,Beginner,1,0
P00470,SK045,0.76,Intermediate,2,1
P00470,SK046,0.76,Beginner,1,0
P00470,SK039,0.77,Intermediate,2,1
P00470,SK043,0.65,Beginner,1,0
P00471,SK044,0.61,Intermediate,2,1
P00471,SK052,0.64,Beginner,1,0
P00471,SK040,0.6,Intermediate,2,1
P00471,SK041,0.63,Intermediate,2,1
P00471,SK045,0.68,Intermediate,2,1
P00471,SK039,0.8,Intermediate,2,1
P00472,SK044,0.78,Intermediate,2,1
P00472,SK052,0.64,Beginner,1,0
P00472,SK041,0.91,Intermediate,2,1
P00472,SK040,0.66,Intermediate,2,1
P00472,SK045,0.67,Intermediate,2,1
P00472,SK039,0.91,Intermediate,2,1
P00473,SK044,0.57,Intermediate,2,1
P00473,SK052,0.62,Beginner,1,0
P00473,SK041,0.91,Intermediate,2,1
P00473,SK040,0.93,Intermediate,2,1
P00473,SK045,0.8,Intermediate,2,1
P00473,SK039,0.94,Intermediate,2,1
P00474,SK044,0.91,Intermediate,2,1
P00474,SK052,0.76,Beginner,1,0
P00474,SK040,0.84,Intermediate,2,1
P00474,SK041,0.7,Intermediate,2,1
P00474,SK045,0.84,Intermediate,2,1
P00474,SK047,0.85,Intermediate,2,1
P00475,SK044,0.8,Intermediate,2,1
P00475,SK052,0.83,Beginner,1,0
P00475,SK041,0.94,Intermediate,2,1
P00475,SK040,0.92,Intermediate,2,1
P00475,SK045,0.86,Intermediate,2,1
P00475,SK039,0.87,Intermediate,2,1
P00476,SK044,0.91,Intermediate,2,1
P00476,SK052,0.88,Beginner,1,0
P00476,SK040,0.75,Intermediate,2,1
P00476,SK046,0.58,Beginner,1,0
P00476,SK045,0.69,Intermediate,2,1
P00476,SK039,0.7,Intermediate,2,1
P00477,SK044,0.77,Intermediate,2,1
P00477,SK052,0.71,Beginner,1,0
P00477,SK040,0.67,Intermediate,2,1
P00477,SK041,0.68,Intermediate,2,1
P00477,SK045,0.92,Intermediate,2,1
P00477,SK039,0.71,Intermediate,2,1
P00478,SK044,0.66,Intermediate,2,1
P00478,SK052,0.94,Beginner,1,0
P00478,SK040,0.55,Intermediate,2,1
P00478,SK041,0.62,Intermediate,2,1
P00478,SK045,0.81,Intermediate,2,1
P00478,SK047,0.93,Intermediate,2,1
P00479,SK044,0.84,Intermediate,2,1
P00479,SK052,0.6,Beginner,1,0
P00479,SK041,0.59,Intermediate,2,1
P00479,SK040,0.85,Intermediate,2,1
P00479,SK045,0.58,Intermediate,2,1
P00479,SK039,0.71,Intermediate,2,1
P00480,SK044,0.58,Intermediate,2,1
P00480,SK052,0.92,Beginner,1,0
P00480,SK040,0.78,Intermediate,2,1
P00480,SK041,0.68,Intermediate,2,1
P00480,SK045,0.6,Intermediate,2,1
P00480,SK039,0.75,Intermediate,2,1
P00481,SK044,0.59,Intermediate,2,1
P00481,SK052,0.7,Beginner,1,0
P00481,SK040,0.87,Intermediate,2,1
P00481,SK046,0.79,Beginner,1,0
P00481,SK045,0.76,Intermediate,2,1
P00481,SK039,0.71,Intermediate,2,1
P00482,SK044,0.69,Intermediate,2,1
P00482,SK052,0.71,Beginner,1,0
P00482,SK041,0.91,Intermediate,2,1
P00482,SK040,0.68,Intermediate,2,1
P00482,SK045,0.64,Intermediate,2,1
P00482,SK039,0.76,Intermediate,2,1
P00483,SK044,0.72,Intermediate,2,1
P00483,SK052,0.59,Beginner,1,0
P00483,SK045,0.6,Intermediate,2,1
P00483,SK046,0.71,Beginner,1,0
P00483,SK039,0.93,Intermediate,2,1
P00483,SK043,0.93,Beginner,1,0
P00484,SK044,0.74,Intermediate,2,1
P00484,SK052,0.65,Beginner,1,0
P00484,SK040,0.85,Intermediate,2,1
P00484,SK046,0.92,Beginner,1,0
P00484,SK045,0.59,Intermediate,2,1
P00484,SK039,0.57,Intermediate,2,1
P00485,SK044,0.6,Intermediate,2,1
P00485,SK052,0.57,Beginner,1,0
P00485,SK041,0.87,Intermediate,2,1
P00485,SK040,0.66,Intermediate,2,1
P00485,SK045,0.92,Intermediate,2,1
P00485,SK039,0.71,Intermediate,2,1
P00486,SK044,0.72,Intermediate,2,1
P00486,SK052,0.57,Beginner,1,0
P00486,SK040,0.55,Intermediate,2,1
P00486,SK041,0.66,Intermediate,2,1
P00486,SK045,0.55,Intermediate,2,1
P00486,SK039,0.62,Intermediate,2,1
P00487,SK044,0.65,Intermediate,2,1
P00487,SK052,0.82,Beginner,1,0
P00487,SK041,0.57,Intermediate,2,1
P00487,SK040,0.7,Intermediate,2,1
P00487,SK045,0.88,Intermediate,2,1
P00487,SK039,0.6,Intermediate,2,1
P00488,SK044,0.83,Intermediate,2,1
P00488,SK052,0.56,Beginner,1,0
P00488,SK040,0.9,Intermediate,2,1
P00488,SK046,0.83,Beginner,1,0
P00488,SK045,0.6,Intermediate,2,1
P00488,SK039,0.74,Intermediate,2,1
P00489,SK044,0.89,Intermediate,2,1
P00489,SK052,0.69,Beginner,1,0
P00489,SK041,0.93,Intermediate,2,1
P00489,SK040,0.77,Intermediate,2,1
P00489,SK045,0.8,Intermediate,2,1
P00489,SK039,0.59,Intermediate,2,1
P00490,SK044,0.6,Intermediate,2,1
P00490,SK052,0.58,Beginner,1,0
P00490,SK045,0.88,Intermediate,2,1
P00490,SK046,0.89,Beginner,1,0
P00490,SK039,0.81,Intermediate,2,1
P00490,SK043,0.93,Beginner,1,0
P00491,SK044,0.56,Intermediate,2,1
P00491,SK052,0.77,Beginner,1,0
P00491,SK040,0.69,Intermediate,2,1
P00491,SK046,0.83,Beginner,1,0
P00491,SK045,0.68,Intermediate,2,1
P00491,SK039,0.85,Intermediate,2,1
P00492,SK044,0.58,Intermediate,2,1
P00492,SK052,0.84,Beginner,1,0
P00492,SK041,0.61,Intermediate,2,1
P00492,SK040,0.92,Intermediate,2,1
P00492,SK045,0.66,Intermediate,2,1
P00492,SK039,0.55,Intermediate,2,1
P00493,SK044,0.83,Intermediate,2,1
P00493,SK052,0.88,Beginner,1,0
P00493,SK041,0.74,Intermediate,2,1
P00493,SK040,0.66,Intermediate,2,1
P00493,SK045,0.6,Intermediate,2,1
P00493,SK039,0.8,Intermediate,2,1
P00494,SK044,0.59,Intermediate,2,1
P00494,SK052,0.94,Beginner,1,0
P00494,SK040,0.68,Intermediate,2,1
P00494,SK041,0.71,Intermediate,2,1
P00494,SK045,0.67,Intermediate,2,1
P00494,SK039,0.87,Intermediate,2,1
P00495,SK044,0.87,Intermediate,2,1
P00495,SK052,0.7,Beginner,1,0
P00495,SK045,0.7,Intermediate,2,1
P00495,SK046,0.74,Beginner,1,0
P00495,SK039,0.62,Intermediate,2,1
P00495,SK043,0.71,Beginner,1,0
P00496,SK044,0.79,Intermediate,2,1
P00496,SK052,0.64,Beginner,1,0
P00496,SK041,0.67,Intermediate,2,1
P00496,SK040,0.77,Intermediate,2,1
P00496,SK045,0.57,Intermediate,2,1
P00496,SK039,0.64,Intermediate,2,1
P00497,SK044,0.92,Intermediate,2,1
P00497,SK052,0.56,Beginner,1,0
P00497,SK040,0.82,Intermediate,2,1
P00497,SK041,0.63,Intermediate,2,1
P00497,SK045,0.66,Intermediate,2,1
P00497,SK039,0.72,Intermediate,2,1
P00498,SK044,0.87,Intermediate,2,1
P00498,SK052,0.76,Beginner,1,0
P00498,SK041,0.65,Intermediate,2,1
P00498,SK040,0.89,Intermediate,2,1
P00498,SK045,0.64,Intermediate,2,1
P00498,SK039,0.84,Intermediate,2,1
P00499,SK044,0.77,Intermediate,2,1
P00499,SK052,0.8,Beginner,1,0
P00499,SK040,0.81,Intermediate,2,1
P00499,SK041,0.65,Intermediate,2,1
P00499,SK045,0.62,Intermediate,2,1
P00499,SK039,0.87,Intermediate,2,1
P00500,SK044,0.63,Intermediate,2,1
P00500,SK052,0.73,Beginner,1,0
P00500,SK041,0.67,Intermediate,2,1
P00500,SK040,0.59,Intermediate,2,1
P00500,SK045,0.58,Intermediate,2,1
P00500,SK039,0.83,Intermediate,2,1
P00501,SK044,0.66,Intermediate,2,1
P00501,SK052,0.89,Beginner,1,0
P00501,SK041,0.78,Intermediate,2,1
P00501,SK040,0.85,Intermediate,2,1
P00501,SK045,0.68,Intermediate,2,1
P00501,SK039,0.8,Intermediate,2,1
P00502,SK044,0.69,Intermediate,2,1
P00502,SK052,0.81,Beginner,1,0
P00502,SK041,0.81,Intermediate,2,1
P00502,SK040,0.9,Intermediate,2,1
P00502,SK045,0.59,Intermediate,2,1
P00502,SK039,0.69,Intermediate,2,1
P00503,SK044,0.69,Intermediate,2,1
P00503,SK052,0.91,Beginner,1,0
P00503,SK040,0.76,Intermediate,2,1
P00503,SK041,0.67,Intermediate,2,1
P00503,SK045,0.81,Intermediate,2,1
P00503,SK039,0.63,Intermediate,2,1
P00504,SK044,0.73,Intermediate,2,1
P00504,SK052,0.93,Beginner,1,0
P00504,SK045,0.65,Intermediate,2,1
P00504,SK046,0.8,Beginner,1,0
P00504,SK039,0.71,Intermediate,2,1
P00504,SK043,0.93,Beginner,1,0
P00505,SK044,0.63,Intermediate,2,1
P00505,SK052,0.59,Beginner,1,0
P00505,SK040,0.58,Intermediate,2,1
P00505,SK046,0.64,Beginner,1,0
P00505,SK045,0.67,Intermediate,2,1
P00505,SK039,0.83,Intermediate,2,1
P00506,SK044,0.74,Intermediate,2,1
P00506,SK052,0.8,Beginner,1,0
P00506,SK040,0.93,Intermediate,2,1
P00506,SK046,0.79,Beginner,1,0
P00506,SK045,0.75,Intermediate,2,1
P00506,SK039,0.7,Intermediate,2,1
P00507,SK044,0.7,Intermediate,2,1
P00507,SK052,0.55,Beginner,1,0
P00507,SK040,0.73,Intermediate,2,1
P00507,SK041,0.6,Intermediate,2,1
P00507,SK045,0.81,Intermediate,2,1
P00507,SK039,0.82,Intermediate,2,1
P00508,SK044,0.7,Intermediate,2,1
P00508,SK052,0.58,Beginner,1,0
P00508,SK041,0.82,Intermediate,2,1
P00508,SK040,0.81,Intermediate,2,1
P00508,SK045,0.85,Intermediate,2,1
P00508,SK039,0.65,Intermediate,2,1
P00509,SK044,0.78,Intermediate,2,1
P00509,SK052,0.77,Beginner,1,0
P00509,SK040,0.61,Intermediate,2,1
P00509,SK046,0.66,Beginner,1,0
P00509,SK045,0.85,Intermediate,2,1
P00509,SK048,0.77,Beginner,1,0
P00510,SK044,0.75,Intermediate,2,1
P00510,SK052,0.81,Beginner,1,0
P00510,SK040,0.83,Intermediate,2,1
P00510,SK046,0.83,Beginner,1,0
P00510,SK045,0.76,Intermediate,2,1
P00510,SK039,0.66,Intermediate,2,1
P00511,SK044,0.68,Intermediate,2,1
P00511,SK052,0.85,Beginner,1,0
P00511,SK040,0.77,Intermediate,2,1
P00511,SK041,0.66,Intermediate,2,1
P00511,SK045,0.55,Intermediate,2,1
P00511,SK039,0.67,Intermediate,2,1
P00512,SK044,0.66,Intermediate,2,1
P00512,SK052,0.82,Beginner,1,0
P00512,SK041,0.55,Intermediate,2,1
P00512,SK040,0.66,Intermediate,2,1
P00512,SK045,0.83,Intermediate,2,1
P00512,SK039,0.56,Intermediate,2,1
P00513,SK044,0.93,Intermediate,2,1
P00513,SK052,0.89,Beginner,1,0
P00513,SK045,0.6,Intermediate,2,1
P00513,SK046,0.92,Beginner,1,0
P00513,SK047,0.91,Intermediate,2,1
P00513,SK054,0.88,Beginner,1,0
P00514,SK044,0.9,Intermediate,2,1
P00514,SK052,0.64,Beginner,1,0
P00514,SK040,0.63,Intermediate,2,1
P00514,SK041,0.62,Intermediate,2,1
P00514,SK045,0.62,Intermediate,2,1
P00514,SK039,0.55,Intermediate,2,1
P00515,SK044,0.93,Intermediate,2,1
P00515,SK052,0.55,Beginner,1,0
P00515,SK040,0.9,Intermediate,2,1
P00515,SK041,0.65,Intermediate,2,1
P00515,SK045,0.87,Intermediate,2,1
P00515,SK039,0.64,Intermediate,2,1
P00516,SK044,0.88,Intermediate,2,1
P00516,SK052,0.59,Beginner,1,0
P00516,SK041,0.87,Intermediate,2,1
P00516,SK040,0.65,Intermediate,2,1
P00516,SK045,0.93,Intermediate,2,1
P00516,SK039,0.77,Intermediate,2,1
P00517,SK044,0.83,Intermediate,2,1
P00517,SK052,0.6,Beginner,1,0
P00517,SK040,0.81,Intermediate,2,1
P00517,SK046,0.79,Beginner,1,0
P00517,SK045,0.82,Intermediate,2,1
P00517,SK039,0.73,Intermediate,2,1
P00518,SK044,0.89,Intermediate,2,1
P00518,SK052,0.93,Beginner,1,0
P00518,SK040,0.57,Intermediate,2,1
P00518,SK041,0.57,Intermediate,2,1
P00518,SK045,0.9,Intermediate,2,1
P00518,SK039,0.72,Intermediate,2,1
P00519,SK044,0.67,Intermediate,2,1
P00519,SK052,0.59,Beginner,1,0
P00519,SK041,0.69,Intermediate,2,1
P00519,SK040,0.68,Intermediate,2,1
P00519,SK045,0.88,Intermediate,2,1
P00519,SK039,0.76,Intermediate,2,1
P00520,SK044,0.7,Intermediate,2,1
P00520,SK052,0.74,Beginner,1,0
P00520,SK045,0.88,Intermediate,2,1
P00520,SK046,0.7,Beginner,1,0
P00520,SK039,0.62,Intermediate,2,1
P00520,SK043,0.55,Beginner,1,0
P00521,SK044,0.77,Intermediate,2,1
P00521,SK052,0.84,Beginner,1,0
P00521,SK040,0.62,Intermediate,2,1
P00521,SK041,0.81,Intermediate,2,1
P00521,SK045,0.72,Intermediate,2,1
P00521,SK039,0.58,Intermediate,2,1
P00522,SK044,0.56,Intermediate,2,1
P00522,SK052,0.63,Beginner,1,0
P00522,SK045,0.65,Intermediate,2,1
P00522,SK046,0.62,Beginner,1,0
P00522,SK039,0.66,Intermediate,2,1
P00522,SK043,0.71,Beginner,1,0
P00523,SK044,0.8,Intermediate,2,1
P00523,SK052,0.8,Beginner,1,0
P00523,SK041,0.76,Intermediate,2,1
P00523,SK040,0.65,Intermediate,2,1
P00523,SK045,0.66,Intermediate,2,1
P00523,SK039,0.83,Intermediate,2,1
P00524,SK044,0.85,Intermediate,2,1
P00524,SK052,0.61,Beginner,1,0
P00524,SK045,0.57,Intermediate,2,1
P00524,SK046,0.55,Beginner,1,0
P00524,SK039,0.77,Intermediate,2,1
P00524,SK043,0.81,Beginner,1,0
P00525,SK044,0.94,Intermediate,2,1
P00525,SK052,0.77,Beginner,1,0
P00525,SK045,0.85,Intermediate,2,1
P00525,SK046,0.59,Beginner,1,0
P00525,SK039,0.64,Intermediate,2,1
P00525,SK043,0.66,Beginner,1,0
P00526,SK044,0.74,Intermediate,2,1
P00526,SK052,0.65,Beginner,1,0
P00526,SK041,0.93,Intermediate,2,1
P00526,SK040,0.55,Intermediate,2,1
P00526,SK045,0.89,Intermediate,2,1
P00526,SK039,0.94,Intermediate,2,1
P00527,SK044,0.82,Intermediate,2,1
P00527,SK052,0.83,Beginner,1,0
P00527,SK045,0.61,Intermediate,2,1
P00527,SK046,0.6,Beginner,1,0
P00527,SK039,0.57,Intermediate,2,1
P00527,SK043,0.57,Beginner,1,0
P00528,SK044,0.71,Intermediate,2,1
P00528,SK052,0.81,Beginner,1,0
P00528,SK045,0.57,Intermediate,2,1
P00528,SK046,0.81,Beginner,1,0
P00528,SK039,0.57,Intermediate,2,1
P00528,SK043,0.64,Beginner,1,0
P00529,SK044,0.8,Intermediate,2,1
P00529,SK052,0.78,Beginner,1,0
P00529,SK040,0.94,Intermediate,2,1
P00529,SK046,0.67,Beginner,1,0
P00529,SK045,0.72,Intermediate,2,1
P00529,SK039,0.72,Intermediate,2,1
P00530,SK044,0.88,Intermediate,2,1
P00530,SK052,0.71,Beginner,1,0
P00530,SK040,0.8,Intermediate,2,1
P00530,SK046,0.63,Beginner,1,0
P00530,SK045,0.85,Intermediate,2,1
P00530,SK039,0.66,Intermediate,2,1
P00531,SK044,0.62,Intermediate,2,1
P00531,SK052,0.89,Beginner,1,0
P00531,SK045,0.89,Intermediate,2,1
P00531,SK046,0.65,Beginner,1,0
P00531,SK039,0.63,Intermediate,2,1
P00531,SK043,0.74,Beginner,1,0
P00532,SK044,0.67,Intermediate,2,1
P00532,SK052,0.85,Beginner,1,0
P00532,SK040,0.55,Intermediate,2,1
P00532,SK041,0.72,Intermediate,2,1
P00532,SK045,0.93,Intermediate,2,1
P00532,SK047,0.91,Intermediate,2,1
P00533,SK044,0.89,Intermediate,2,1
P00533,SK052,0.56,Beginner,1,0
P00533,SK040,0.93,Intermediate,2,1
P00533,SK046,0.77,Beginner,1,0
P00533,SK045,0.64,Intermediate,2,1
P00533,SK039,0.8,Intermediate,2,1
P00534,SK044,0.64,Intermediate,2,1
P00534,SK052,0.66,Beginner,1,0
P00534,SK041,0.75,Intermediate,2,1
P00534,SK040,0.86,Intermediate,2,1
P00534,SK045,0.59,Intermediate,2,1
P00534,SK039,0.69,Intermediate,2,1
P00535,SK044,0.57,Intermediate,2,1
P00535,SK052,0.55,Beginner,1,0
P00535,SK041,0.82,Intermediate,2,1
P00535,SK040,0.71,Intermediate,2,1
P00535,SK045,0.69,Intermediate,2,1
P00535,SK039,0.56,Intermediate,2,1
P00536,SK044,0.61,Intermediate,2,1
P00536,SK052,0.65,Beginner,1,0
P00536,SK045,0.76,Intermediate,2,1
P00536,SK046,0.56,Beginner,1,0
P00536,SK039,0.72,Intermediate,2,1
P00536,SK043,0.87,Beginner,1,0
P00537,SK044,0.63,Intermediate,2,1
P00537,SK052,0.67,Beginner,1,0
P00537,SK045,0.68,Intermediate,2,1
P00537,SK046,0.83,Beginner,1,0
P00537,SK039,0.93,Intermediate,2,1
P00537,SK043,0.6,Beginner,1,0
P00538,SK044,0.91,Intermediate,2,1
P00538,SK052,0.7,Beginner,1,0
P00538,SK041,0.73,Intermediate,2,1
P00538,SK040,0.93,Intermediate,2,1
P00538,SK045,0.8,Intermediate,2,1
P00538,SK039,0.64,Intermediate,2,1
P00539,SK044,0.66,Intermediate,2,1
P00539,SK052,0.86,Beginner,1,0
P00539,SK040,0.62,Intermediate,2,1
P00539,SK046,0.72,Beginner,1,0
P00539,SK045,0.62,Intermediate,2,1
P00539,SK039,0.69,Intermediate,2,1
P00540,SK044,0.72,Intermediate,2,1
P00540,SK052,0.55,Beginner,1,0
P00540,SK041,0.7,Intermediate,2,1
P00540,SK040,0.59,Intermediate,2,1
P00540,SK045,0.86,Intermediate,2,1
P00540,SK039,0.77,Intermediate,2,1
P00541,SK044,0.9,Intermediate,2,1
P00541,SK052,0.82,Beginner,1,0
P00541,SK040,0.72,Intermediate,2,1
P00541,SK041,0.74,Intermediate,2,1
P00541,SK045,0.76,Intermediate,2,1
P00541,SK039,0.81,Intermediate,2,1
P00542,SK044,0.7,Intermediate,2,1
P00542,SK052,0.61,Beginner,1,0
P00542,SK040,0.79,Intermediate,2,1
P00542,SK041,0.64,Intermediate,2,1
P00542,SK045,0.82,Intermediate,2,1
P00542,SK039,0.75,Intermediate,2,1
P00543,SK044,0.81,Intermediate,2,1
P00543,SK052,0.73,Beginner,1,0
P00543,SK040,0.6,Intermediate,2,1
P00543,SK041,0.62,Intermediate,2,1
P00543,SK045,0.89,Intermediate,2,1
P00543,SK039,0.84,Intermediate,2,1
P00544,SK044,0.61,Intermediate,2,1
P00544,SK052,0.93,Beginner,1,0
P00544,SK040,0.69,Intermediate,2,1
P00544,SK041,0.82,Intermediate,2,1
P00544,SK045,0.85,Intermediate,2,1
P00544,SK039,0.89,Intermediate,2,1
P00545,SK044,0.65,Intermediate,2,1
P00545,SK052,0.9,Beginner,1,0
P00545,SK041,0.92,Intermediate,2,1
P00545,SK040,0.87,Intermediate,2,1
P00545,SK045,0.92,Intermediate,2,1
P00545,SK039,0.74,Intermediate,2,1
P00546,SK044,0.6,Intermediate,2,1
P00546,SK052,0.9,Beginner,1,0
P00546,SK045,0.6,Intermediate,2,1
P00546,SK046,0.68,Beginner,1,0
P00546,SK039,0.66,Intermediate,2,1
P00546,SK043,0.74,Beginner,1,0
P00547,SK044,0.77,Intermediate,2,1
P00547,SK052,0.67,Beginner,1,0
P00547,SK040,0.84,Intermediate,2,1
P00547,SK041,0.56,Intermediate,2,1
P00547,SK045,0.69,Intermediate,2,1
P00547,SK047,0.94,Intermediate,2,1
P00548,SK044,0.69,Intermediate,2,1
P00548,SK052,0.58,Beginner,1,0
P00548,SK040,0.71,Intermediate,2,1
P00548,SK046,0.91,Beginner,1,0
P00548,SK045,0.91,Intermediate,2,1
P00548,SK047,0.74,Intermediate,2,1
P00549,SK044,0.82,Intermediate,2,1
P00549,SK052,0.87,Beginner,1,0
P00549,SK040,0.71,Intermediate,2,1
P00549,SK041,0.94,Intermediate,2,1
P00549,SK045,0.87,Intermediate,2,1
P00549,SK039,0.56,Intermediate,2,1
P00550,SK044,0.76,Intermediate,2,1
P00550,SK052,0.82,Beginner,1,0
P00550,SK040,0.66,Intermediate,2,1
P00550,SK046,0.74,Beginner,1,0
P00550,SK045,0.72,Intermediate,2,1
P00550,SK039,0.73,Intermediate,2,1
P00551,SK044,0.79,Intermediate,2,1
P00551,SK052,0.55,Beginner,1,0
P00551,SK045,0.61,Intermediate,2,1
P00551,SK046,0.55,Beginner,1,0
P00551,SK039,0.61,Intermediate,2,1
P00551,SK043,0.63,Beginner,1,0
P00552,SK044,0.7,Intermediate,2,1
P00552,SK052,0.86,Beginner,1,0
P00552,SK040,0.85,Intermediate,2,1
P00552,SK041,0.79,Intermediate,2,1
P00552,SK045,0.71,Intermediate,2,1
P00552,SK039,0.8,Intermediate,2,1
P00553,SK044,0.65,Intermediate,2,1
P00553,SK052,0.94,Beginner,1,0
P00553,SK045,0.66,Intermediate,2,1
P00553,SK046,0.94,Beginner,1,0
P00553,SK039,0.92,Intermediate,2,1
P00553,SK043,0.93,Beginner,1,0
P00554,SK044,0.55,Intermediate,2,1
P00554,SK052,0.57,Beginner,1,0
P00554,SK040,0.91,Intermediate,2,1
P00554,SK046,0.72,Beginner,1,0
P00554,SK045,0.7,Intermediate,2,1
P00554,SK039,0.86,Intermediate,2,1
P00555,SK044,0.8,Intermediate,2,1
P00555,SK052,0.6,Beginner,1,0
P00555,SK045,0.72,Intermediate,2,1
P00555,SK046,0.75,Beginner,1,0
P00555,SK039,0.76,Intermediate,2,1
P00555,SK043,0.65,Beginner,1,0
P00556,SK044,0.94,Intermediate,2,1
P00556,SK052,0.76,Beginner,1,0
P00556,SK040,0.73,Intermediate,2,1
P00556,SK041,0.58,Intermediate,2,1
P00556,SK045,0.84,Intermediate,2,1
P00556,SK039,0.79,Intermediate,2,1
P00557,SK044,0.56,Intermediate,2,1
P00557,SK052,0.62,Beginner,1,0
P00557,SK045,0.88,Intermediate,2,1
P00557,SK046,0.64,Beginner,1,0
P00557,SK039,0.87,Intermediate,2,1
P00557,SK043,0.9,Beginner,1,0
P00558,SK044,0.79,Intermediate,2,1
P00558,SK052,0.75,Beginner,1,0
P00558,SK040,0.9,Intermediate,2,1
P00558,SK041,0.69,Intermediate,2,1
P00558,SK045,0.83,Intermediate,2,1
P00558,SK039,0.75,Intermediate,2,1
P00559,SK044,0.87,Intermediate,2,1
P00559,SK052,0.84,Beginner,1,0
P00559,SK040,0.68,Intermediate,2,1
P00559,SK046,0.87,Beginner,1,0
P00559,SK045,0.71,Intermediate,2,1
P00559,SK039,0.88,Intermediate,2,1
P00560,SK044,0.62,Intermediate,2,1
P00560,SK052,0.77,Beginner,1,0
P00560,SK040,0.76,Intermediate,2,1
P00560,SK041,0.77,Intermediate,2,1
P00560,SK045,0.9,Intermediate,2,1
P00560,SK039,0.88,Intermediate,2,1
P00561,SK044,0.57,Intermediate,2,1
P00561,SK052,0.65,Beginner,1,0
P00561,SK040,0.7,Intermediate,2,1
P00561,SK041,0.64,Intermediate,2,1
P00561,SK045,0.76,Intermediate,2,1
P00561,SK039,0.76,Intermediate,2,1
P00562,SK044,0.8,Intermediate,2,1
P00562,SK052,0.63,Beginner,1,0
P00562,SK040,0.6,Intermediate,2,1
P00562,SK041,0.91,Intermediate,2,1
P00562,SK045,0.9,Intermediate,2,1
P00562,SK039,0.67,Intermediate,2,1
P00563,SK044,0.83,Intermediate,2,1
P00563,SK052,0.6,Beginner,1,0
P00563,SK045,0.84,Intermediate,2,1
P00563,SK046,0.71,Beginner,1,0
P00563,SK039,0.71,Intermediate,2,1
P00563,SK043,0.78,Beginner,1,0
P00564,SK044,0.84,Intermediate,2,1
P00564,SK052,0.77,Beginner,1,0
P00564,SK040,0.94,Intermediate,2,1
P00564,SK041,0.91,Intermediate,2,1
P00564,SK045,0.83,Intermediate,2,1
P00564,SK039,0.77,Intermediate,2,1
P00565,SK044,0.66,Intermediate,2,1
P00565,SK052,0.74,Beginner,1,0
P00565,SK045,0.89,Intermediate,2,1
P00565,SK046,0.91,Beginner,1,0
P00565,SK039,0.86,Intermediate,2,1
P00565,SK043,0.85,Beginner,1,0
P00566,SK044,0.81,Intermediate,2,1
P00566,SK052,0.93,Beginner,1,0
P00566,SK040,0.91,Intermediate,2,1
P00566,SK046,0.68,Beginner,1,0
P00566,SK045,0.87,Intermediate,2,1
P00566,SK039,0.65,Intermediate,2,1
P00567,SK044,0.77,Intermediate,2,1
P00567,SK052,0.68,Beginner,1,0
P00567,SK040,0.82,Intermediate,2,1
P00567,SK041,0.88,Intermediate,2,1
P00567,SK045,0.91,Intermediate,2,1
P00567,SK039,0.85,Intermediate,2,1
P00568,SK044,0.84,Intermediate,2,1
P00568,SK052,0.86,Beginner,1,0
P00568,SK045,0.78,Intermediate,2,1
P00568,SK046,0.79,Beginner,1,0
P00568,SK039,0.58,Intermediate,2,1
P00568,SK043,0.75,Beginner,1,0
P00569,SK044,0.61,Intermediate,2,1
P00569,SK052,0.55,Beginner,1,0
P00569,SK041,0.88,Intermediate,2,1
P00569,SK040,0.62,Intermediate,2,1
P00569,SK045,0.65,Intermediate,2,1
P00569,SK039,0.94,Intermediate,2,1
P00570,SK044,0.59,Intermediate,2,1
P00570,SK052,0.82,Beginner,1,0
P00570,SK045,0.72,Intermediate,2,1
P00570,SK046,0.65,Beginner,1,0
P00570,SK039,0.66,Intermediate,2,1
P00570,SK043,0.73,Beginner,1,0
P00571,SK044,0.91,Intermediate,2,1
P00571,SK052,0.88,Beginner,1,0
P00571,SK040,0.82,Intermediate,2,1
P00571,SK041,0.73,Intermediate,2,1
P00571,SK045,0.71,Intermediate,2,1
P00571,SK039,0.6,Intermediate,2,1
P00572,SK044,0.61,Intermediate,2,1
P00572,SK052,0.85,Beginner,1,0
P00572,SK045,0.66,Intermediate,2,1
P00572,SK046,0.81,Beginner,1,0
P00572,SK039,0.83,Intermediate,2,1
P00572,SK043,0.63,Beginner,1,0
P00573,SK044,0.94,Intermediate,2,1
P00573,SK052,0.76,Beginner,1,0
P00573,SK045,0.69,Intermediate,2,1
P00573,SK046,0.63,Beginner,1,0
P00573,SK039,0.67,Intermediate,2,1
P00573,SK043,0.7,Beginner,1,0
P00574,SK044,0.91,Intermediate,2,1
P00574,SK052,0.93,Beginner,1,0
P00574,SK045,0.91,Intermediate,2,1
P00574,SK046,0.63,Beginner,1,0
P00574,SK039,0.7,Intermediate,2,1
P00574,SK043,0.93,Beginner,1,0
P00575,SK044,0.9,Intermediate,2,1
P00575,SK052,0.67,Beginner,1,0
P00575,SK040,0.79,Intermediate,2,1
P00575,SK041,0.57,Intermediate,2,1
P00575,SK045,0.61,Intermediate,2,1
P00575,SK039,0.67,Intermediate,2,1
P00576,SK044,0.86,Intermediate,2,1
P00576,SK052,0.89,Beginner,1,0
P00576,SK045,0.86,Intermediate,2,1
P00576,SK046,0.58,Beginner,1,0
P00576,SK039,0.93,Intermediate,2,1
P00576,SK043,0.56,Beginner,1,0
P00577,SK044,0.58,Intermediate,2,1
P00577,SK052,0.74,Beginner,1,0
P00577,SK045,0.67,Intermediate,2,1
P00577,SK046,0.85,Beginner,1,0
P00577,SK039,0.91,Intermediate,2,1
P00577,SK043,0.83,Beginner,1,0
P00578,SK044,0.59,Intermediate,2,1
P00578,SK052,0.89,Beginner,1,0
P00578,SK040,0.83,Intermediate,2,1
P00578,SK041,0.83,Intermediate,2,1
P00578,SK045,0.8,Intermediate,2,1
P00578,SK039,0.56,Intermediate,2,1
P00579,SK044,0.68,Intermediate,2,1
P00579,SK052,0.79,Beginner,1,0
P00579,SK041,0.91,Intermediate,2,1
P00579,SK040,0.78,Intermediate,2,1
P00579,SK045,0.86,Intermediate,2,1
P00579,SK039,0.91,Intermediate,2,1
P00580,SK044,0.94,Intermediate,2,1
P00580,SK052,0.89,Beginner,1,0
P00580,SK040,0.7,Intermediate,2,1
P00580,SK046,0.8,Beginner,1,0
P00580,SK045,0.78,Intermediate,2,1
P00580,SK039,0.93,Intermediate,2,1
P00581,SK044,0.74,Intermediate,2,1
P00581,SK052,0.86,Beginner,1,0
P00581,SK040,0.57,Intermediate,2,1
P00581,SK046,0.56,Beginner,1,0
P00581,SK045,0.82,Intermediate,2,1
P00581,SK039,0.68,Intermediate,2,1
P00582,SK044,0.64,Intermediate,2,1
P00582,SK052,0.56,Beginner,1,0
P00582,SK041,0.63,Intermediate,2,1
P00582,SK040,0.81,Intermediate,2,1
P00582,SK045,0.58,Intermediate,2,1
P00582,SK047,0.57,Intermediate,2,1
P00583,SK044,0.56,Intermediate,2,1
P00583,SK052,0.81,Beginner,1,0
P00583,SK045,0.73,Intermediate,2,1
P00583,SK046,0.59,Beginner,1,0
P00583,SK039,0.57,Intermediate,2,1
P00583,SK043,0.88,Beginner,1,0
P00584,SK044,0.63,Intermediate,2,1
P00584,SK052,0.83,Beginner,1,0
P00584,SK040,0.65,Intermediate,2,1
P00584,SK046,0.82,Beginner,1,0
P00584,SK045,0.75,Intermediate,2,1
P00584,SK039,0.78,Intermediate,2,1
P00585,SK044,0.84,Intermediate,2,1
P00585,SK052,0.83,Beginner,1,0
P00585,SK040,0.79,Intermediate,2,1
P00585,SK046,0.92,Beginner,1,0
P00585,SK045,0.75,Intermediate,2,1
P00585,SK039,0.71,Intermediate,2,1
P00586,SK044,0.77,Intermediate,2,1
P00586,SK052,0.55,Beginner,1,0
P00586,SK041,0.64,Intermediate,2,1
P00586,SK040,0.58,Intermediate,2,1
P00586,SK045,0.91,Intermediate,2,1
P00586,SK039,0.91,Intermediate,2,1
P00587,SK044,0.56,Intermediate,2,1
P00587,SK052,0.86,Beginner,1,0
P00587,SK040,0.81,Intermediate,2,1
P00587,SK046,0.78,Beginner,1,0
P00587,SK045,0.75,Intermediate,2,1
P00587,SK039,0.78,Intermediate,2,1
P00588,SK044,0.59,Intermediate,2,1
P00588,SK052,0.77,Beginner,1,0
P00588,SK041,0.91,Intermediate,2,1
P00588,SK040,0.57,Intermediate,2,1
P00588,SK045,0.89,Intermediate,2,1
P00588,SK039,0.87,Intermediate,2,1
P00589,SK044,0.79,Intermediate,2,1
P00589,SK052,0.7,Beginner,1,0
P00589,SK041,0.88,Intermediate,2,1
P00589,SK040,0.69,Intermediate,2,1
P00589,SK045,0.72,Intermediate,2,1
P00589,SK039,0.73,Intermediate,2,1
P00590,SK044,0.68,Intermediate,2,1
P00590,SK052,0.78,Beginner,1,0
P00590,SK045,0.55,Intermediate,2,1
P00590,SK046,0.63,Beginner,1,0
P00590,SK039,0.83,Intermediate,2,1
P00590,SK043,0.73,Beginner,1,0
P00591,SK044,0.69,Intermediate,2,1
P00591,SK052,0.72,Beginner,1,0
P00591,SK040,0.89,Intermediate,2,1
P00591,SK046,0.71,Beginner,1,0
P00591,SK045,0.84,Intermediate,2,1
P00591,SK039,0.8,Intermediate,2,1
P00592,SK044,0.74,Intermediate,2,1
P00592,SK052,0.68,Beginner,1,0
P00592,SK040,0.68,Intermediate,2,1
P00592,SK041,0.55,Intermediate,2,1
P00592,SK045,0.66,Intermediate,2,1
P00592,SK039,0.56,Intermediate,2,1
P00593,SK044,0.83,Intermediate,2,1
P00593,SK052,0.58,Beginner,1,0
P00593,SK040,0.62,Intermediate,2,1
P00593,SK041,0.89,Intermediate,2,1
P00593,SK045,0.56,Intermediate,2,1
P00593,SK039,0.64,Intermediate,2,1
P00594,SK044,0.58,Intermediate,2,1
P00594,SK052,0.73,Beginner,1,0
P00594,SK040,0.92,Intermediate,2,1
P00594,SK046,0.55,Beginner,1,0
P00594,SK045,0.65,Intermediate,2,1
P00594,SK039,0.79,Intermediate,2,1
P00595,SK044,0.6,Intermediate,2,1
P00595,SK052,0.84,Beginner,1,0
P00595,SK040,0.58,Intermediate,2,1
P00595,SK046,0.68,Beginner,1,0
P00595,SK045,0.63,Intermediate,2,1
P00595,SK039,0.87,Intermediate,2,1
P00596,SK044,0.79,Intermediate,2,1
P00596,SK052,0.58,Beginner,1,0
P00596,SK040,0.88,Intermediate,2,1
P00596,SK046,0.72,Beginner,1,0
P00596,SK045,0.72,Intermediate,2,1
P00596,SK039,0.8,Intermediate,2,1
P00597,SK044,0.76,Intermediate,2,1
P00597,SK052,0.8,Beginner,1,0
P00597,SK045,0.69,Intermediate,2,1
P00597,SK046,0.89,Beginner,1,0
P00597,SK039,0.73,Intermediate,2,1
P00597,SK043,0.77,Beginner,1,0
P00598,SK044,0.89,Intermediate,2,1
P00598,SK052,0.56,Beginner,1,0
P00598,SK045,0.9,Intermediate,2,1
P00598,SK046,0.9,Beginner,1,0
P00598,SK039,0.91,Intermediate,2,1
P00598,SK043,0.89,Beginner,1,0
P00599,SK044,0.6,Intermediate,2,1
P00599,SK052,0.62,Beginner,1,0
P00599,SK045,0.84,Intermediate,2,1
P00599,SK046,0.62,Beginner,1,0
P00599,SK039,0.6,Intermediate,2,1
P00599,SK043,0.82,Beginner,1,0
P00600,SK044,0.82,Intermediate,2,1
P00600,SK052,0.93,Beginner,1,0
P00600,SK041,0.79,Intermediate,2,1
P00600,SK040,0.69,Intermediate,2,1
P00600,SK045,0.89,Intermediate,2,1
P00600,SK039,0.83,Intermediate,2,1
P00601,SK044,0.89,Intermediate,2,1
P00601,SK052,0.94,Beginner,1,0
P00601,SK040,0.58,Intermediate,2,1
P00601,SK046,0.71,Beginner,1,0
P00601,SK045,0.79,Intermediate,2,1
P00601,SK039,0.74,Intermediate,2,1
P00602,SK044,0.91,Intermediate,2,1
P00602,SK052,0.65,Beginner,1,0
P00602,SK041,0.55,Intermediate,2,1
P00602,SK040,0.59,Intermediate,2,1
P00602,SK045,0.56,Intermediate,2,1
P00602,SK039,0.64,Intermediate,2,1
P00603,SK044,0.84,Intermediate,2,1
P00603,SK052,0.57,Beginner,1,0
P00603,SK045,0.68,Intermediate,2,1
P00603,SK046,0.87,Beginner,1,0
P00603,SK039,0.67,Intermediate,2,1
P00603,SK043,0.57,Beginner,1,0
P00604,SK044,0.59,Intermediate,2,1
P00604,SK052,0.93,Beginner,1,0
P00604,SK045,0.72,Intermediate,2,1
P00604,SK046,0.73,Beginner,1,0
P00604,SK039,0.58,Intermediate,2,1
P00604,SK043,0.73,Beginner,1,0
P00605,SK044,0.59,Intermediate,2,1
P00605,SK052,0.93,Beginner,1,0
P00605,SK045,0.88,Intermediate,2,1
P00605,SK046,0.74,Beginner,1,0
P00605,SK039,0.6,Intermediate,2,1
P00605,SK043,0.81,Beginner,1,0
P00606,SK044,0.62,Intermediate,2,1
P00606,SK052,0.57,Beginner,1,0
P00606,SK041,0.65,Intermediate,2,1
P00606,SK040,0.59,Intermediate,2,1
P00606,SK045,0.83,Intermediate,2,1
P00606,SK039,0.64,Intermediate,2,1
P00607,SK044,0.92,Intermediate,2,1
P00607,SK052,0.8,Beginner,1,0
P00607,SK041,0.86,Intermediate,2,1
P00607,SK040,0.82,Intermediate,2,1
P00607,SK045,0.7,Intermediate,2,1
P00607,SK039,0.64,Intermediate,2,1
P00608,SK044,0.74,Intermediate,2,1
P00608,SK052,0.9,Beginner,1,0
P00608,SK041,0.91,Intermediate,2,1
P00608,SK040,0.74,Intermediate,2,1
P00608,SK045,0.57,Intermediate,2,1
P00608,SK039,0.89,Intermediate,2,1
P00609,SK044,0.77,Intermediate,2,1
P00609,SK052,0.77,Beginner,1,0
P00609,SK045,0.61,Intermediate,2,1
P00609,SK046,0.59,Beginner,1,0
P00609,SK039,0.81,Intermediate,2,1
P00609,SK043,0.92,Beginner,1,0
P00610,SK044,0.86,Intermediate,2,1
P00610,SK052,0.85,Beginner,1,0
P00610,SK040,0.71,Intermediate,2,1
P00610,SK041,0.57,Intermediate,2,1
P00610,SK045,0.6,Intermediate,2,1
P00610,SK039,0.84,Intermediate,2,1
P00611,SK044,0.59,Intermediate,2,1
P00611,SK052,0.86,Beginner,1,0
P00611,SK040,0.81,Intermediate,2,1
P00611,SK041,0.94,Intermediate,2,1
P00611,SK045,0.87,Intermediate,2,1
P00611,SK039,0.7,Intermediate,2,1
P00612,SK044,0.91,Intermediate,2,1
P00612,SK052,0.63,Beginner,1,0
P00612,SK045,0.79,Intermediate,2,1
P00612,SK046,0.86,Beginner,1,0
P00612,SK039,0.67,Intermediate,2,1
P00612,SK043,0.65,Beginner,1,0
P00613,SK044,0.74,Intermediate,2,1
P00613,SK052,0.59,Beginner,1,0
P00613,SK040,0.8,Intermediate,2,1
P00613,SK041,0.78,Intermediate,2,1
P00613,SK045,0.66,Intermediate,2,1
P00613,SK039,0.8,Intermediate,2,1
P00614,SK044,0.57,Intermediate,2,1
P00614,SK052,0.59,Beginner,1,0
P00614,SK040,0.55,Intermediate,2,1
P00614,SK041,0.7,Intermediate,2,1
P00614,SK045,0.8,Intermediate,2,1
P00614,SK039,0.62,Intermediate,2,1
P00615,SK044,0.56,Intermediate,2,1
P00615,SK052,0.91,Beginner,1,0
P00615,SK040,0.73,Intermediate,2,1
P00615,SK046,0.61,Beginner,1,0
P00615,SK045,0.55,Intermediate,2,1
P00615,SK039,0.83,Intermediate,2,1
P00616,SK044,0.71,Intermediate,2,1
P00616,SK052,0.76,Beginner,1,0
P00616,SK045,0.94,Intermediate,2,1
P00616,SK046,0.82,Beginner,1,0
P00616,SK039,0.63,Intermediate,2,1
P00616,SK043,0.76,Beginner,1,0
P00617,SK044,0.64,Intermediate,2,1
P00617,SK052,0.55,Beginner,1,0
P00617,SK040,0.67,Intermediate,2,1
P00617,SK041,0.93,Intermediate,2,1
P00617,SK045,0.79,Intermediate,2,1
P00617,SK039,0.58,Intermediate,2,1
P00618,SK044,0.75,Intermediate,2,1
P00618,SK052,0.62,Beginner,1,0
P00618,SK041,0.86,Intermediate,2,1
P00618,SK040,0.57,Intermediate,2,1
P00618,SK045,0.67,Intermediate,2,1
P00618,SK039,0.75,Intermediate,2,1
P00619,SK044,0.61,Intermediate,2,1
P00619,SK052,0.77,Beginner,1,0
P00619,SK045,0.77,Intermediate,2,1
P00619,SK046,0.82,Beginner,1,0
P00619,SK039,0.72,Intermediate,2,1
P00619,SK043,0.55,Beginner,1,0
P00620,SK044,0.93,Intermediate,2,1
P00620,SK052,0.66,Beginner,1,0
P00620,SK040,0.83,Intermediate,2,1
P00620,SK041,0.86,Intermediate,2,1
P00620,SK045,0.64,Intermediate,2,1
P00620,SK039,0.8,Intermediate,2,1
P00621,SK044,0.57,Intermediate,2,1
P00621,SK052,0.65,Beginner,1,0
P00621,SK041,0.6,Intermediate,2,1
P00621,SK040,0.76,Intermediate,2,1
P00621,SK045,0.86,Intermediate,2,1
P00621,SK039,0.75,Intermediate,2,1
P00622,SK044,0.56,Intermediate,2,1
P00622,SK052,0.67,Beginner,1,0
P00622,SK045,0.89,Intermediate,2,1
P00622,SK046,0.8,Beginner,1,0
P00622,SK039,0.89,Intermediate,2,1
P00622,SK043,0.68,Beginner,1,0
P00623,SK044,0.55,Intermediate,2,1
P00623,SK052,0.78,Beginner,1,0
P00623,SK040,0.57,Intermediate,2,1
P00623,SK046,0.74,Beginner,1,0
P00623,SK045,0.65,Intermediate,2,1
P00623,SK039,0.64,Intermediate,2,1
P00624,SK044,0.84,Intermediate,2,1
P00624,SK052,0.92,Beginner,1,0
P00624,SK040,0.81,Intermediate,2,1
P00624,SK046,0.55,Beginner,1,0
P00624,SK045,0.83,Intermediate,2,1
P00624,SK039,0.64,Intermediate,2,1
P00625,SK044,0.83,Intermediate,2,1
P00625,SK052,0.58,Beginner,1,0
P00625,SK040,0.68,Intermediate,2,1
P00625,SK046,0.59,Beginner,1,0
P00625,SK045,0.84,Intermediate,2,1
P00625,SK039,0.57,Intermediate,2,1
P00626,SK044,0.86,Intermediate,2,1
P00626,SK052,0.74,Beginner,1,0
P00626,SK041,0.89,Intermediate,2,1
P00626,SK040,0.8,Intermediate,2,1
P00626,SK045,0.84,Intermediate,2,1
P00626,SK039,0.73,Intermediate,2,1
P00627,SK044,0.72,Intermediate,2,1
P00627,SK052,0.64,Beginner,1,0
P00627,SK040,0.89,Intermediate,2,1
P00627,SK041,0.86,Intermediate,2,1
P00627,SK045,0.83,Intermediate,2,1
P00627,SK039,0.63,Intermediate,2,1
P00628,SK044,0.9,Intermediate,2,1
P00628,SK052,0.89,Beginner,1,0
P00628,SK045,0.82,Intermediate,2,1
P00628,SK046,0.68,Beginner,1,0
P00628,SK047,0.94,Intermediate,2,1
P00628,SK054,0.89,Beginner,1,0
P00629,SK044,0.65,Intermediate,2,1
P00629,SK052,0.77,Beginner,1,0
P00629,SK040,0.59,Intermediate,2,1
P00629,SK046,0.84,Beginner,1,0
P00629,SK045,0.59,Intermediate,2,1
P00629,SK039,0.75,Intermediate,2,1
P00630,SK044,0.61,Intermediate,2,1
P00630,SK052,0.9,Beginner,1,0
P00630,SK040,0.82,Intermediate,2,1
P00630,SK041,0.65,Intermediate,2,1
P00630,SK045,0.57,Intermediate,2,1
P00630,SK039,0.56,Intermediate,2,1
P00631,SK044,0.89,Intermediate,2,1
P00631,SK052,0.72,Beginner,1,0
P00631,SK040,0.83,Intermediate,2,1
P00631,SK041,0.62,Intermediate,2,1
P00631,SK045,0.58,Intermediate,2,1
P00631,SK039,0.62,Intermediate,2,1
P00632,SK044,0.68,Intermediate,2,1
P00632,SK052,0.69,Beginner,1,0
P00632,SK040,0.63,Intermediate,2,1
P00632,SK041,0.94,Intermediate,2,1
P00632,SK045,0.89,Intermediate,2,1
P00632,SK039,0.78,Intermediate,2,1
P00633,SK044,0.59,Intermediate,2,1
P00633,SK052,0.82,Beginner,1,0
P00633,SK040,0.55,Intermediate,2,1
P00633,SK046,0.85,Beginner,1,0
P00633,SK045,0.79,Intermediate,2,1
P00633,SK039,0.75,Intermediate,2,1
P00634,SK044,0.77,Intermediate,2,1
P00634,SK052,0.58,Beginner,1,0
P00634,SK040,0.93,Intermediate,2,1
P00634,SK041,0.94,Intermediate,2,1
P00634,SK045,0.92,Intermediate,2,1
P00634,SK039,0.56,Intermediate,2,1
P00635,SK044,0.83,Intermediate,2,1
P00635,SK052,0.55,Beginner,1,0
P00635,SK040,0.69,Intermediate,2,1
P00635,SK041,0.84,Intermediate,2,1
P00635,SK045,0.56,Intermediate,2,1
P00635,SK039,0.82,Intermediate,2,1
P00636,SK044,0.57,Intermediate,2,1
P00636,SK052,0.92,Beginner,1,0
P00636,SK040,0.73,Intermediate,2,1
P00636,SK041,0.93,Intermediate,2,1
P00636,SK045,0.88,Intermediate,2,1
P00636,SK039,0.83,Intermediate,2,1
P00637,SK044,0.93,Intermediate,2,1
P00637,SK052,0.56,Beginner,1,0
P00637,SK040,0.8,Intermediate,2,1
P00637,SK041,0.94,Intermediate,2,1
P00637,SK045,0.87,Intermediate,2,1
P00637,SK039,0.55,Intermediate,2,1
P00638,SK044,0.73,Intermediate,2,1
P00638,SK052,0.6,Beginner,1,0
P00638,SK041,0.64,Intermediate,2,1
P00638,SK040,0.73,Intermediate,2,1
P00638,SK045,0.78,Intermediate,2,1
P00638,SK039,0.94,Intermediate,2,1
P00639,SK044,0.69,Intermediate,2,1
P00639,SK052,0.82,Beginner,1,0
P00639,SK040,0.93,Intermediate,2,1
P00639,SK046,0.6,Beginner,1,0
P00639,SK045,0.68,Intermediate,2,1
P00639,SK039,0.61,Intermediate,2,1
P00640,SK044,0.92,Intermediate,2,1
P00640,SK052,0.84,Beginner,1,0
P00640,SK041,0.55,Intermediate,2,1
P00640,SK040,0.62,Intermediate,2,1
P00640,SK045,0.64,Intermediate,2,1
P00640,SK039,0.68,Intermediate,2,1
P00641,SK044,0.81,Intermediate,2,1
P00641,SK052,0.6,Beginner,1,0
P00641,SK040,0.83,Intermediate,2,1
P00641,SK046,0.78,Beginner,1,0
P00641,SK045,0.76,Intermediate,2,1
P00641,SK039,0.68,Intermediate,2,1
P00642,SK044,0.91,Intermediate,2,1
P00642,SK052,0.67,Beginner,1,0
P00642,SK040,0.77,Intermediate,2,1
P00642,SK046,0.75,Beginner,1,0
P00642,SK045,0.81,Intermediate,2,1
P00642,SK039,0.8,Intermediate,2,1
P00643,SK044,0.75,Intermediate,2,1
P00643,SK052,0.75,Beginner,1,0
P00643,SK045,0.78,Intermediate,2,1
P00643,SK046,0.7,Beginner,1,0
P00643,SK039,0.79,Intermediate,2,1
P00643,SK043,0.69,Beginner,1,0
P00644,SK044,0.55,Intermediate,2,1
P00644,SK052,0.68,Beginner,1,0
P00644,SK040,0.86,Intermediate,2,1
P00644,SK041,0.74,Intermediate,2,1
P00644,SK045,0.78,Intermediate,2,1
P00644,SK039,0.82,Intermediate,2,1
P00645,SK044,0.57,Intermediate,2,1
P00645,SK052,0.84,Beginner,1,0
P00645,SK045,0.78,Intermediate,2,1
P00645,SK046,0.74,Beginner,1,0
P00645,SK039,0.74,Intermediate,2,1
P00645,SK043,0.77,Beginner,1,0
P00646,SK044,0.76,Intermediate,2,1
P00646,SK052,0.73,Beginner,1,0
P00646,SK045,0.83,Intermediate,2,1
P00646,SK046,0.7,Beginner,1,0
P00646,SK039,0.58,Intermediate,2,1
P00646,SK043,0.82,Beginner,1,0
P00647,SK044,0.64,Intermediate,2,1
P00647,SK052,0.72,Beginner,1,0
P00647,SK045,0.59,Intermediate,2,1
P00647,SK046,0.58,Beginner,1,0
P00647,SK039,0.86,Intermediate,2,1
P00647,SK043,0.76,Beginner,1,0
P00648,SK044,0.68,Intermediate,2,1
P00648,SK052,0.61,Beginner,1,0
P00648,SK040,0.75,Intermediate,2,1
P00648,SK041,0.85,Intermediate,2,1
P00648,SK045,0.84,Intermediate,2,1
P00648,SK039,0.79,Intermediate,2,1
P00649,SK044,0.73,Intermediate,2,1
P00649,SK052,0.93,Beginner,1,0
P00649,SK040,0.94,Intermediate,2,1
P00649,SK046,0.9,Beginner,1,0
P00649,SK045,0.62,Intermediate,2,1
P00649,SK039,0.66,Intermediate,2,1
P00650,SK044,0.55,Intermediate,2,1
P00650,SK052,0.82,Beginner,1,0
P00650,SK040,0.57,Intermediate,2,1
P00650,SK041,0.76,Intermediate,2,1
P00650,SK045,0.88,Intermediate,2,1
P00650,SK039,0.81,Intermediate,2,1
P00651,SK044,0.69,Intermediate,2,1
P00651,SK052,0.79,Beginner,1,0
P00651,SK045,0.78,Intermediate,2,1
P00651,SK046,0.77,Beginner,1,0
P00651,SK039,0.89,Intermediate,2,1
P00651,SK043,0.9,Beginner,1,0
P00652,SK044,0.66,Intermediate,2,1
P00652,SK052,0.72,Beginner,1,0
P00652,SK045,0.66,Intermediate,2,1
P00652,SK046,0.9,Beginner,1,0
P00652,SK039,0.66,Intermediate,2,1
P00652,SK043,0.74,Beginner,1,0
P00653,SK044,0.92,Intermediate,2,1
P00653,SK052,0.67,Beginner,1,0
P00653,SK040,0.94,Intermediate,2,1
P00653,SK046,0.87,Beginner,1,0
P00653,SK045,0.81,Intermediate,2,1
P00653,SK039,0.65,Intermediate,2,1
P00654,SK044,0.89,Intermediate,2,1
P00654,SK052,0.64,Beginner,1,0
P00654,SK041,0.93,Intermediate,2,1
P00654,SK040,0.75,Intermediate,2,1
P00654,SK045,0.6,Intermediate,2,1
P00654,SK039,0.85,Intermediate,2,1
P00655,SK044,0.62,Intermediate,2,1
P00655,SK052,0.68,Beginner,1,0
P00655,SK041,0.77,Intermediate,2,1
P00655,SK040,0.55,Intermediate,2,1
P00655,SK045,0.7,Intermediate,2,1
P00655,SK039,0.83,Intermediate,2,1
P00656,SK044,0.73,Intermediate,2,1
P00656,SK052,0.67,Beginner,1,0
P00656,SK041,0.73,Intermediate,2,1
P00656,SK040,0.73,Intermediate,2,1
P00656,SK045,0.57,Intermediate,2,1
P00656,SK039,0.94,Intermediate,2,1
P00657,SK044,0.82,Intermediate,2,1
P00657,SK052,0.63,Beginner,1,0
P00657,SK041,0.73,Intermediate,2,1
P00657,SK040,0.64,Intermediate,2,1
P00657,SK045,0.88,Intermediate,2,1
P00657,SK039,0.67,Intermediate,2,1
P00658,SK044,0.73,Intermediate,2,1
P00658,SK052,0.78,Beginner,1,0
P00658,SK040,0.88,Intermediate,2,1
P00658,SK041,0.75,Intermediate,2,1
P00658,SK045,0.91,Intermediate,2,1
P00658,SK039,0.58,Intermediate,2,1
P00659,SK044,0.86,Intermediate,2,1
P00659,SK052,0.82,Beginner,1,0
P00659,SK041,0.59,Intermediate,2,1
P00659,SK040,0.91,Intermediate,2,1
P00659,SK045,0.9,Intermediate,2,1
P00659,SK039,0.89,Intermediate,2,1
P00660,SK044,0.67,Intermediate,2,1
P00660,SK052,0.93,Beginner,1,0
P00660,SK040,0.91,Intermediate,2,1
P00660,SK041,0.86,Intermediate,2,1
P00660,SK045,0.61,Intermediate,2,1
P00660,SK039,0.61,Intermediate,2,1
P00661,SK044,0.59,Intermediate,2,1
P00661,SK052,0.81,Beginner,1,0
P00661,SK045,0.9,Intermediate,2,1
P00661,SK046,0.57,Beginner,1,0
P00661,SK039,0.89,Intermediate,2,1
P00661,SK043,0.56,Beginner,1,0
P00662,SK044,0.58,Intermediate,2,1
P00662,SK052,0.73,Beginner,1,0
P00662,SK045,0.59,Intermediate,2,1
P00662,SK046,0.82,Beginner,1,0
P00662,SK039,0.93,Intermediate,2,1
P00662,SK043,0.69,Beginner,1,0
P00663,SK044,0.91,Intermediate,2,1
P00663,SK052,0.75,Beginner,1,0
P00663,SK045,0.76,Intermediate,2,1
P00663,SK046,0.87,Beginner,1,0
P00663,SK039,0.78,Intermediate,2,1
P00663,SK043,0.72,Beginner,1,0
P00664,SK044,0.8,Intermediate,2,1
P00664,SK052,0.75,Beginner,1,0
P00664,SK040,0.57,Intermediate,2,1
P00664,SK041,0.71,Intermediate,2,1
P00664,SK045,0.75,Intermediate,2,1
P00664,SK039,0.57,Intermediate,2,1
P00665,SK044,0.63,Intermediate,2,1
P00665,SK052,0.77,Beginner,1,0
P00665,SK040,0.58,Intermediate,2,1
P00665,SK041,0.84,Intermediate,2,1
P00665,SK045,0.8,Intermediate,2,1
P00665,SK039,0.73,Intermediate,2,1
P00666,SK044,0.66,Intermediate,2,1
P00666,SK052,0.84,Beginner,1,0
P00666,SK040,0.58,Intermediate,2,1
P00666,SK046,0.67,Beginner,1,0
P00666,SK045,0.67,Intermediate,2,1
P00666,SK039,0.68,Intermediate,2,1
P00667,SK044,0.61,Intermediate,2,1
P00667,SK052,0.72,Beginner,1,0
P00667,SK045,0.7,Intermediate,2,1
P00667,SK046,0.63,Beginner,1,0
P00667,SK039,0.81,Intermediate,2,1
P00667,SK043,0.78,Beginner,1,0
P00668,SK044,0.88,Intermediate,2,1
P00668,SK052,0.6,Beginner,1,0
P00668,SK045,0.88,Intermediate,2,1
P00668,SK046,0.9,Beginner,1,0
P00668,SK039,0.76,Intermediate,2,1
P00668,SK043,0.64,Beginner,1,0
P00669,SK044,0.59,Intermediate,2,1
P00669,SK052,0.81,Beginner,1,0
P00669,SK041,0.72,Intermediate,2,1
P00669,SK040,0.74,Intermediate,2,1
P00669,SK045,0.66,Intermediate,2,1
P00669,SK039,0.83,Intermediate,2,1
P00670,SK044,0.79,Intermediate,2,1
P00670,SK052,0.72,Beginner,1,0
P00670,SK045,0.8,Intermediate,2,1
P00670,SK046,0.91,Beginner,1,0
P00670,SK039,0.94,Intermediate,2,1
P00670,SK043,0.76,Beginner,1,0
P00671,SK044,0.93,Intermediate,2,1
P00671,SK052,0.63,Beginner,1,0
P00671,SK041,0.55,Intermediate,2,1
P00671,SK040,0.59,Intermediate,2,1
P00671,SK045,0.79,Intermediate,2,1
P00671,SK039,0.84,Intermediate,2,1
P00672,SK044,0.59,Intermediate,2,1
P00672,SK052,0.75,Beginner,1,0
P00672,SK040,0.9,Intermediate,2,1
P00672,SK041,0.88,Intermediate,2,1
P00672,SK045,0.9,Intermediate,2,1
P00672,SK039,0.64,Intermediate,2,1
P00673,SK044,0.88,Intermediate,2,1
P00673,SK052,0.78,Beginner,1,0
P00673,SK040,0.8,Intermediate,2,1
P00673,SK046,0.72,Beginner,1,0
P00673,SK045,0.86,Intermediate,2,1
P00673,SK039,0.82,Intermediate,2,1
P00674,SK044,0.94,Intermediate,2,1
P00674,SK052,0.71,Beginner,1,0
P00674,SK040,0.7,Intermediate,2,1
P00674,SK046,0.76,Beginner,1,0
P00674,SK045,0.87,Intermediate,2,1
P00674,SK039,0.85,Intermediate,2,1
P00675,SK044,0.68,Intermediate,2,1
P00675,SK052,0.87,Beginner,1,0
P00675,SK041,0.57,Intermediate,2,1
P00675,SK040,0.79,Intermediate,2,1
P00675,SK045,0.85,Intermediate,2,1
P00675,SK039,0.59,Intermediate,2,1
P00676,SK044,0.59,Intermediate,2,1
P00676,SK052,0.73,Beginner,1,0
P00676,SK040,0.94,Intermediate,2,1
P00676,SK046,0.59,Beginner,1,0
P00676,SK045,0.74,Intermediate,2,1
P00676,SK039,0.69,Intermediate,2,1
P00677,SK044,0.63,Intermediate,2,1
P00677,SK052,0.77,Beginner,1,0
P00677,SK040,0.9,Intermediate,2,1
P00677,SK041,0.84,Intermediate,2,1
P00677,SK045,0.66,Intermediate,2,1
P00677,SK039,0.75,Intermediate,2,1
P00678,SK044,0.8,Intermediate,2,1
P00678,SK052,0.87,Beginner,1,0
P00678,SK041,0.76,Intermediate,2,1
P00678,SK040,0.9,Intermediate,2,1
P00678,SK045,0.65,Intermediate,2,1
P00678,SK039,0.58,Intermediate,2,1
P00679,SK044,0.7,Intermediate,2,1
P00679,SK052,0.57,Beginner,1,0
P00679,SK045,0.74,Intermediate,2,1
P00679,SK046,0.72,Beginner,1,0
P00679,SK047,0.8,Intermediate,2,1
P00679,SK054,0.89,Beginner,1,0
P00680,SK044,0.91,Intermediate,2,1
P00680,SK052,0.81,Beginner,1,0
P00680,SK040,0.55,Intermediate,2,1
P00680,SK041,0.67,Intermediate,2,1
P00680,SK045,0.84,Intermediate,2,1
P00680,SK039,0.65,Intermediate,2,1
P00681,SK044,0.64,Intermediate,2,1
P00681,SK052,0.68,Beginner,1,0
P00681,SK041,0.65,Intermediate,2,1
P00681,SK040,0.63,Intermediate,2,1
P00681,SK045,0.63,Intermediate,2,1
P00681,SK039,0.66,Intermediate,2,1
P00682,SK044,0.9,Intermediate,2,1
P00682,SK052,0.82,Beginner,1,0
P00682,SK040,0.76,Intermediate,2,1
P00682,SK046,0.66,Beginner,1,0
P00682,SK045,0.74,Intermediate,2,1
P00682,SK039,0.87,Intermediate,2,1
P00683,SK044,0.67,Intermediate,2,1
P00683,SK052,0.7,Beginner,1,0
P00683,SK040,0.85,Intermediate,2,1
P00683,SK046,0.92,Beginner,1,0
P00683,SK045,0.89,Intermediate,2,1
P00683,SK039,0.74,Intermediate,2,1
P00684,SK044,0.82,Intermediate,2,1
P00684,SK052,0.82,Beginner,1,0
P00684,SK040,0.57,Intermediate,2,1
P00684,SK046,0.55,Beginner,1,0
P00684,SK045,0.91,Intermediate,2,1
P00684,SK039,0.84,Intermediate,2,1
P00685,SK044,0.73,Intermediate,2,1
P00685,SK052,0.89,Beginner,1,0
P00685,SK041,0.55,Intermediate,2,1
P00685,SK040,0.83,Intermediate,2,1
P00685,SK045,0.7,Intermediate,2,1
P00685,SK039,0.94,Intermediate,2,1
P00686,SK044,0.87,Intermediate,2,1
P00686,SK052,0.8,Beginner,1,0
P00686,SK041,0.79,Intermediate,2,1
P00686,SK040,0.76,Intermediate,2,1
P00686,SK045,0.82,Intermediate,2,1
P00686,SK039,0.8,Intermediate,2,1
P00687,SK044,0.6,Intermediate,2,1
P00687,SK052,0.9,Beginner,1,0
P00687,SK045,0.7,Intermediate,2,1
P00687,SK046,0.93,Beginner,1,0
P00687,SK039,0.64,Intermediate,2,1
P00687,SK043,0.67,Beginner,1,0
P00688,SK044,0.73,Intermediate,2,1
P00688,SK052,0.63,Beginner,1,0
P00688,SK040,0.75,Intermediate,2,1
P00688,SK046,0.9,Beginner,1,0
P00688,SK045,0.68,Intermediate,2,1
P00688,SK039,0.77,Intermediate,2,1
P00689,SK044,0.91,Intermediate,2,1
P00689,SK052,0.66,Beginner,1,0
P00689,SK045,0.77,Intermediate,2,1
P00689,SK046,0.65,Beginner,1,0
P00689,SK039,0.6,Intermediate,2,1
P00689,SK043,0.67,Beginner,1,0
P00690,SK044,0.82,Intermediate,2,1
P00690,SK052,0.57,Beginner,1,0
P00690,SK040,0.64,Intermediate,2,1
P00690,SK046,0.8,Beginner,1,0
P00690,SK045,0.55,Intermediate,2,1
P00690,SK039,0.82,Intermediate,2,1
P00691,SK044,0.7,Intermediate,2,1
P00691,SK052,0.63,Beginner,1,0
P00691,SK045,0.86,Intermediate,2,1
P00691,SK046,0.91,Beginner,1,0
P00691,SK039,0.72,Intermediate,2,1
P00691,SK043,0.67,Beginner,1,0
P00692,SK044,0.66,Intermediate,2,1
P00692,SK052,0.93,Beginner,1,0
P00692,SK040,0.94,Intermediate,2,1
P00692,SK046,0.79,Beginner,1,0
P00692,SK045,0.67,Intermediate,2,1
P00692,SK039,0.6,Intermediate,2,1
P00693,SK044,0.66,Intermediate,2,1
P00693,SK052,0.77,Beginner,1,0
P00693,SK045,0.7,Intermediate,2,1
P00693,SK046,0.76,Beginner,1,0
P00694,SK044,0.65,Intermediate,2,1
P00694,SK052,0.61,Beginner,1,0
P00694,SK040,0.64,Intermediate,2,1
P00694,SK041,0.94,Intermediate,2,1
P00694,SK045,0.79,Intermediate,2,1
P00694,SK039,0.86,Intermediate,2,1
P00695,SK044,0.92,Intermediate,2,1
P00695,SK052,0.9,Beginner,1,0
P00695,SK041,0.63,Intermediate,2,1
P00695,SK040,0.86,Intermediate,2,1
P00695,SK045,0.78,Intermediate,2,1
P00695,SK039,0.87,Intermediate,2,1
P00696,SK044,0.81,Intermediate,2,1
P00696,SK052,0.74,Beginner,1,0
P00696,SK045,0.55,Intermediate,2,1
P00696,SK046,0.92,Beginner,1,0
P00696,SK039,0.59,Intermediate,2,1
P00696,SK043,0.63,Beginner,1,0
P00697,SK044,0.62,Intermediate,2,1
P00697,SK052,0.73,Beginner,1,0
P00697,SK040,0.66,Intermediate,2,1
P00697,SK046,0.56,Beginner,1,0
P00697,SK045,0.92,Intermediate,2,1
P00697,SK039,0.63,Intermediate,2,1
P00698,SK044,0.9,Intermediate,2,1
P00698,SK052,0.68,Beginner,1,0
P00698,SK040,0.84,Intermediate,2,1
P00698,SK046,0.88,Beginner,1,0
P00698,SK045,0.79,Intermediate,2,1
P00698,SK039,0.69,Intermediate,2,1
P00699,SK044,0.72,Intermediate,2,1
P00699,SK052,0.93,Beginner,1,0
P00699,SK040,0.71,Intermediate,2,1
P00699,SK041,0.56,Intermediate,2,1
P00699,SK045,0.66,Intermediate,2,1
P00699,SK039,0.61,Intermediate,2,1
P00700,SK044,0.79,Intermediate,2,1
P00700,SK052,0.82,Beginner,1,0
P00700,SK045,0.89,Intermediate,2,1
P00700,SK046,0.81,Beginner,1,0
P00700,SK039,0.78,Intermediate,2,1
P00700,SK043,0.78,Beginner,1,0
P00701,SK044,0.87,Intermediate,2,1
P00701,SK052,0.69,Beginner,1,0
P00701,SK045,0.73,Intermediate,2,1
P00701,SK046,0.93,Beginner,1,0
P00701,SK039,0.75,Intermediate,2,1
P00701,SK043,0.79,Beginner,1,0
P00702,SK044,0.8,Intermediate,2,1
P00702,SK052,0.92,Beginner,1,0
P00702,SK040,0.88,Intermediate,2,1
P00702,SK041,0.8,Intermediate,2,1
P00702,SK045,0.81,Intermediate,2,1
P00702,SK047,0.94,Intermediate,2,1
P00703,SK044,0.69,Intermediate,2,1
P00703,SK052,0.9,Beginner,1,0
P00703,SK040,0.73,Intermediate,2,1
P00703,SK041,0.83,Intermediate,2,1
P00703,SK045,0.85,Intermediate,2,1
P00703,SK039,0.75,Intermediate,2,1
P00704,SK044,0.93,Intermediate,2,1
P00704,SK052,0.87,Beginner,1,0
P00704,SK041,0.71,Intermediate,2,1
P00704,SK040,0.9,Intermediate,2,1
P00704,SK045,0.81,Intermediate,2,1
P00704,SK039,0.7,Intermediate,2,1
P00705,SK044,0.79,Intermediate,2,1
P00705,SK052,0.66,Beginner,1,0
P00705,SK040,0.68,Intermediate,2,1
P00705,SK041,0.77,Intermediate,2,1
P00705,SK045,0.71,Intermediate,2,1
P00705,SK039,0.89,Intermediate,2,1
P00706,SK044,0.68,Intermediate,2,1
P00706,SK052,0.67,Beginner,1,0
P00706,SK040,0.69,Intermediate,2,1
P00706,SK041,0.77,Intermediate,2,1
P00706,SK045,0.78,Intermediate,2,1
P00706,SK039,0.93,Intermediate,2,1
P00707,SK044,0.94,Intermediate,2,1
P00707,SK052,0.69,Beginner,1,0
P00707,SK040,0.86,Intermediate,2,1
P00707,SK046,0.62,Beginner,1,0
P00707,SK045,0.88,Intermediate,2,1
P00707,SK039,0.56,Intermediate,2,1
P00708,SK044,0.93,Intermediate,2,1
P00708,SK052,0.65,Beginner,1,0
P00708,SK040,0.66,Intermediate,2,1
P00708,SK046,0.91,Beginner,1,0
P00708,SK045,0.92,Intermediate,2,1
P00708,SK039,0.76,Intermediate,2,1
P00709,SK044,0.6,Intermediate,2,1
P00709,SK052,0.73,Beginner,1,0
P00709,SK045,0.71,Intermediate,2,1
P00709,SK046,0.79,Beginner,1,0
P00709,SK039,0.83,Intermediate,2,1
P00709,SK043,0.87,Beginner,1,0
P00710,SK044,0.91,Intermediate,2,1
P00710,SK052,0.86,Beginner,1,0
P00710,SK041,0.88,Intermediate,2,1
P00710,SK040,0.8,Intermediate,2,1
P00710,SK045,0.6,Intermediate,2,1
P00710,SK039,0.67,Intermediate,2,1
P00711,SK044,0.63,Intermediate,2,1
P00711,SK052,0.69,Beginner,1,0
P00711,SK041,0.59,Intermediate,2,1
P00711,SK040,0.73,Intermediate,2,1
P00711,SK045,0.63,Intermediate,2,1
P00711,SK039,0.59,Intermediate,2,1
P00712,SK044,0.81,Intermediate,2,1
P00712,SK052,0.55,Beginner,1,0
P00712,SK045,0.72,Intermediate,2,1
P00712,SK046,0.56,Beginner,1,0
P00712,SK039,0.76,Intermediate,2,1
P00712,SK043,0.9,Beginner,1,0
P00713,SK044,0.89,Intermediate,2,1
P00713,SK052,0.88,Beginner,1,0
P00713,SK040,0.68,Intermediate,2,1
P00713,SK046,0.59,Beginner,1,0
P00713,SK045,0.65,Intermediate,2,1
P00713,SK039,0.63,Intermediate,2,1
P00714,SK044,0.66,Intermediate,2,1
P00714,SK052,0.77,Beginner,1,0
P00714,SK040,0.75,Intermediate,2,1
P00714,SK041,0.65,Intermediate,2,1
P00714,SK045,0.81,Intermediate,2,1
P00714,SK039,0.64,Intermediate,2,1
P00715,SK044,0.7,Intermediate,2,1
P00715,SK052,0.8,Beginner,1,0
P00715,SK040,0.89,Intermediate,2,1
P00715,SK041,0.92,Intermediate,2,1
P00715,SK045,0.67,Intermediate,2,1
P00715,SK039,0.85,Intermediate,2,1
P00716,SK044,0.55,Intermediate,2,1
P00716,SK052,0.84,Beginner,1,0
P00716,SK040,0.78,Intermediate,2,1
P00716,SK041,0.74,Intermediate,2,1
P00716,SK045,0.55,Intermediate,2,1
P00716,SK039,0.69,Intermediate,2,1
P00717,SK044,0.59,Intermediate,2,1
P00717,SK052,0.81,Beginner,1,0
P00717,SK045,0.81,Intermediate,2,1
P00717,SK046,0.78,Beginner,1,0
P00717,SK039,0.91,Intermediate,2,1
P00717,SK043,0.7,Beginner,1,0
P00718,SK044,0.76,Intermediate,2,1
P00718,SK052,0.85,Beginner,1,0
P00718,SK040,0.72,Intermediate,2,1
P00718,SK046,0.83,Beginner,1,0
P00718,SK045,0.69,Intermediate,2,1
P00718,SK039,0.77,Intermediate,2,1
P00719,SK044,0.8,Intermediate,2,1
P00719,SK052,0.71,Beginner,1,0
P00719,SK041,0.92,Intermediate,2,1
P00719,SK040,0.94,Intermediate,2,1
P00719,SK045,0.67,Intermediate,2,1
P00719,SK039,0.76,Intermediate,2,1
P00720,SK044,0.57,Intermediate,2,1
P00720,SK052,0.6,Beginner,1,0
P00720,SK040,0.73,Intermediate,2,1
P00720,SK046,0.56,Beginner,1,0
P00720,SK045,0.84,Intermediate,2,1
P00720,SK039,0.75,Intermediate,2,1
P00721,SK044,0.82,Intermediate,2,1
P00721,SK052,0.88,Beginner,1,0
P00721,SK040,0.93,Intermediate,2,1
P00721,SK046,0.57,Beginner,1,0
P00721,SK045,0.71,Intermediate,2,1
P00721,SK039,0.59,Intermediate,2,1
P00722,SK044,0.87,Intermediate,2,1
P00722,SK052,0.62,Beginner,1,0
P00722,SK040,0.91,Intermediate,2,1
P00722,SK046,0.75,Beginner,1,0
P00722,SK045,0.89,Intermediate,2,1
P00722,SK039,0.64,Intermediate,2,1
P00723,SK044,0.84,Intermediate,2,1
P00723,SK052,0.88,Beginner,1,0
P00723,SK040,0.73,Intermediate,2,1
P00723,SK041,0.61,Intermediate,2,1
P00723,SK045,0.66,Intermediate,2,1
P00723,SK039,0.83,Intermediate,2,1
P00724,SK044,0.58,Intermediate,2,1
P00724,SK052,0.64,Beginner,1,0
P00724,SK045,0.78,Intermediate,2,1
P00724,SK046,0.77,Beginner,1,0
P00724,SK039,0.63,Intermediate,2,1
P00724,SK043,0.85,Beginner,1,0
P00725,SK044,0.83,Intermediate,2,1
P00725,SK052,0.9,Beginner,1,0
P00725,SK045,0.68,Intermediate,2,1
P00725,SK046,0.72,Beginner,1,0
P00725,SK039,0.6,Intermediate,2,1
P00725,SK043,0.68,Beginner,1,0
P00726,SK044,0.72,Intermediate,2,1
P00726,SK052,0.6,Beginner,1,0
P00726,SK040,0.94,Intermediate,2,1
P00726,SK041,0.65,Intermediate,2,1
P00726,SK045,0.56,Intermediate,2,1
P00726,SK039,0.58,Intermediate,2,1
P00727,SK044,0.79,Intermediate,2,1
P00727,SK052,0.78,Beginner,1,0
P00727,SK040,0.8,Intermediate,2,1
P00727,SK041,0.82,Intermediate,2,1
P00727,SK045,0.57,Intermediate,2,1
P00727,SK039,0.65,Intermediate,2,1
P00728,SK044,0.66,Intermediate,2,1
P00728,SK052,0.87,Beginner,1,0
P00728,SK040,0.65,Intermediate,2,1
P00728,SK046,0.88,Beginner,1,0
P00728,SK045,0.62,Intermediate,2,1
P00728,SK047,0.88,Intermediate,2,1
P00729,SK044,0.85,Intermediate,2,1
P00729,SK052,0.9,Beginner,1,0
P00729,SK041,0.86,Intermediate,2,1
P00729,SK040,0.6,Intermediate,2,1
P00729,SK045,0.64,Intermediate,2,1
P00729,SK039,0.88,Intermediate,2,1
P00730,SK044,0.57,Intermediate,2,1
P00730,SK052,0.87,Beginner,1,0
P00730,SK041,0.72,Intermediate,2,1
P00730,SK040,0.88,Intermediate,2,1
P00730,SK045,0.82,Intermediate,2,1
P00730,SK039,0.56,Intermediate,2,1
P00731,SK044,0.81,Intermediate,2,1
P00731,SK052,0.9,Beginner,1,0
P00731,SK040,0.72,Intermediate,2,1
P00731,SK041,0.57,Intermediate,2,1
P00731,SK045,0.63,Intermediate,2,1
P00731,SK047,0.61,Intermediate,2,1
P00732,SK044,0.69,Intermediate,2,1
P00732,SK052,0.69,Beginner,1,0
P00732,SK040,0.77,Intermediate,2,1
P00732,SK041,0.81,Intermediate,2,1
P00732,SK045,0.59,Intermediate,2,1
P00732,SK039,0.91,Intermediate,2,1
P00733,SK044,0.66,Intermediate,2,1
P00733,SK052,0.67,Beginner,1,0
P00733,SK040,0.62,Intermediate,2,1
P00733,SK046,0.82,Beginner,1,0
P00733,SK045,0.82,Intermediate,2,1
P00733,SK039,0.67,Intermediate,2,1
P00734,SK044,0.66,Intermediate,2,1
P00734,SK052,0.89,Beginner,1,0
P00734,SK040,0.69,Intermediate,2,1
P00734,SK041,0.84,Intermediate,2,1
P00734,SK045,0.57,Intermediate,2,1
P00734,SK039,0.57,Intermediate,2,1
P00735,SK044,0.77,Intermediate,2,1
P00735,SK052,0.57,Beginner,1,0
P00735,SK041,0.89,Intermediate,2,1
P00735,SK040,0.65,Intermediate,2,1
P00735,SK045,0.77,Intermediate,2,1
P00735,SK048,0.71,Beginner,1,0
P00736,SK044,0.77,Intermediate,2,1
P00736,SK052,0.8,Beginner,1,0
P00736,SK045,0.76,Intermediate,2,1
P00736,SK046,0.82,Beginner,1,0
P00736,SK039,0.67,Intermediate,2,1
P00736,SK043,0.64,Beginner,1,0
P00737,SK044,0.59,Intermediate,2,1
P00737,SK052,0.63,Beginner,1,0
P00737,SK041,0.68,Intermediate,2,1
P00737,SK040,0.6,Intermediate,2,1
P00737,SK045,0.81,Intermediate,2,1
P00737,SK039,0.55,Intermediate,2,1
P00738,SK044,0.77,Intermediate,2,1
P00738,SK052,0.59,Beginner,1,0
P00738,SK040,0.71,Intermediate,2,1
P00738,SK041,0.8,Intermediate,2,1
P00738,SK045,0.62,Intermediate,2,1
P00738,SK039,0.84,Intermediate,2,1
P00739,SK044,0.75,Intermediate,2,1
P00739,SK052,0.79,Beginner,1,0
P00739,SK040,0.76,Intermediate,2,1
P00739,SK041,0.75,Intermediate,2,1
P00739,SK045,0.66,Intermediate,2,1
P00739,SK039,0.6,Intermediate,2,1
P00740,SK044,0.65,Intermediate,2,1
P00740,SK052,0.66,Beginner,1,0
P00740,SK040,0.67,Intermediate,2,1
P00740,SK046,0.71,Beginner,1,0
P00740,SK045,0.66,Intermediate,2,1
P00740,SK039,0.84,Intermediate,2,1
P00741,SK044,0.72,Intermediate,2,1
P00741,SK052,0.85,Beginner,1,0
P00741,SK045,0.81,Intermediate,2,1
P00741,SK046,0.88,Beginner,1,0
P00741,SK039,0.85,Intermediate,2,1
P00741,SK043,0.72,Beginner,1,0
P00742,SK044,0.92,Intermediate,2,1
P00742,SK052,0.81,Beginner,1,0
P00742,SK040,0.68,Intermediate,2,1
P00742,SK041,0.81,Intermediate,2,1
P00742,SK045,0.71,Intermediate,2,1
P00742,SK047,0.92,Intermediate,2,1
P00743,SK044,0.82,Intermediate,2,1
P00743,SK052,0.94,Beginner,1,0
P00743,SK040,0.88,Intermediate,2,1
P00743,SK046,0.73,Beginner,1,0
P00743,SK045,0.86,Intermediate,2,1
P00743,SK039,0.74,Intermediate,2,1
P00744,SK044,0.89,Intermediate,2,1
P00744,SK052,0.87,Beginner,1,0
P00744,SK040,0.81,Intermediate,2,1
P00744,SK041,0.9,Intermediate,2,1
P00744,SK045,0.71,Intermediate,2,1
P00744,SK039,0.94,Intermediate,2,1
P00745,SK044,0.91,Intermediate,2,1
P00745,SK052,0.9,Beginner,1,0
P00745,SK045,0.67,Intermediate,2,1
P00745,SK046,0.72,Beginner,1,0
P00745,SK039,0.85,Intermediate,2,1
P00745,SK043,0.59,Beginner,1,0
P00746,SK044,0.9,Intermediate,2,1
P00746,SK052,0.76,Beginner,1,0
P00746,SK045,0.68,Intermediate,2,1
P00746,SK046,0.72,Beginner,1,0
P00746,SK047,0.63,Intermediate,2,1
P00746,SK054,0.9,Beginner,1,0
P00747,SK044,0.63,Intermediate,2,1
P00747,SK052,0.66,Beginner,1,0
P00747,SK040,0.7,Intermediate,2,1
P00747,SK041,0.9,Intermediate,2,1
P00747,SK045,0.79,Intermediate,2,1
P00747,SK039,0.69,Intermediate,2,1
P00748,SK044,0.56,Intermediate,2,1
P00748,SK052,0.57,Beginner,1,0
P00748,SK040,0.84,Intermediate,2,1
P00748,SK041,0.55,Intermediate,2,1
P00748,SK045,0.83,Intermediate,2,1
P00748,SK039,0.77,Intermediate,2,1
P00749,SK044,0.55,Intermediate,2,1
P00749,SK052,0.91,Beginner,1,0
P00749,SK041,0.62,Intermediate,2,1
P00749,SK040,0.8,Intermediate,2,1
P00749,SK045,0.89,Intermediate,2,1
P00749,SK039,0.79,Intermediate,2,1
P00750,SK044,0.64,Intermediate,2,1
P00750,SK052,0.89,Beginner,1,0
P00750,SK040,0.61,Intermediate,2,1
P00750,SK046,0.91,Beginner,1,0
P00750,SK045,0.79,Intermediate,2,1
P00750,SK039,0.75,Intermediate,2,1
P00751,SK044,0.9,Intermediate,2,1
P00751,SK052,0.85,Beginner,1,0
P00751,SK045,0.81,Intermediate,2,1
P00751,SK046,0.93,Beginner,1,0
P00751,SK039,0.73,Intermediate,2,1
P00751,SK043,0.76,Beginner,1,0
P00752,SK044,0.69,Intermediate,2,1
P00752,SK052,0.8,Beginner,1,0
P00752,SK045,0.89,Intermediate,2,1
P00752,SK046,0.58,Beginner,1,0
P00752,SK039,0.66,Intermediate,2,1
P00752,SK043,0.59,Beginner,1,0
P00753,SK044,0.72,Intermediate,2,1
P00753,SK052,0.87,Beginner,1,0
P00753,SK041,0.8,Intermediate,2,1
P00753,SK040,0.85,Intermediate,2,1
P00753,SK045,0.9,Intermediate,2,1
P00753,SK039,0.59,Intermediate,2,1
P00754,SK044,0.69,Intermediate,2,1
P00754,SK052,0.84,Beginner,1,0
P00754,SK041,0.75,Intermediate,2,1
P00754,SK040,0.82,Intermediate,2,1
P00754,SK045,0.81,Intermediate,2,1
P00754,SK039,0.8,Intermediate,2,1
P00755,SK044,0.55,Intermediate,2,1
P00755,SK052,0.56,Beginner,1,0
P00755,SK040,0.86,Intermediate,2,1
P00755,SK046,0.56,Beginner,1,0
P00755,SK045,0.64,Intermediate,2,1
P00755,SK039,0.61,Intermediate,2,1
P00756,SK044,0.73,Intermediate,2,1
P00756,SK052,0.68,Beginner,1,0
P00756,SK045,0.63,Intermediate,2,1
P00756,SK046,0.82,Beginner,1,0
P00756,SK039,0.76,Intermediate,2,1
P00756,SK043,0.58,Beginner,1,0
P00757,SK044,0.78,Intermediate,2,1
P00757,SK052,0.62,Beginner,1,0
P00757,SK040,0.76,Intermediate,2,1
P00757,SK041,0.61,Intermediate,2,1
P00757,SK045,0.84,Intermediate,2,1
P00757,SK039,0.68,Intermediate,2,1
P00758,SK044,0.89,Intermediate,2,1
P00758,SK052,0.81,Beginner,1,0
P00758,SK045,0.82,Intermediate,2,1
P00758,SK046,0.56,Beginner,1,0
P00758,SK039,0.63,Intermediate,2,1
P00758,SK043,0.72,Beginner,1,0
P00759,SK044,0.74,Intermediate,2,1
P00759,SK052,0.92,Beginner,1,0
P00759,SK041,0.55,Intermediate,2,1
P00759,SK040,0.57,Intermediate,2,1
P00759,SK045,0.84,Intermediate,2,1
P00759,SK039,0.63,Intermediate,2,1
P00760,SK044,0.9,Intermediate,2,1
P00760,SK052,0.61,Beginner,1,0
P00760,SK040,0.66,Intermediate,2,1
P00760,SK046,0.61,Beginner,1,0
P00760,SK045,0.59,Intermediate,2,1
P00760,SK039,0.57,Intermediate,2,1
P00761,SK044,0.64,Intermediate,2,1
P00761,SK052,0.94,Beginner,1,0
P00761,SK040,0.82,Intermediate,2,1
P00761,SK041,0.82,Intermediate,2,1
P00761,SK045,0.65,Intermediate,2,1
P00761,SK039,0.66,Intermediate,2,1
P00762,SK044,0.77,Intermediate,2,1
P00762,SK052,0.64,Beginner,1,0
P00762,SK040,0.75,Intermediate,2,1
P00762,SK046,0.79,Beginner,1,0
P00762,SK045,0.87,Intermediate,2,1
P00762,SK039,0.6,Intermediate,2,1
P00763,SK044,0.8,Intermediate,2,1
P00763,SK052,0.56,Beginner,1,0
P00763,SK040,0.68,Intermediate,2,1
P00763,SK046,0.84,Beginner,1,0
P00763,SK045,0.81,Intermediate,2,1
P00763,SK039,0.7,Intermediate,2,1
P00764,SK044,0.59,Intermediate,2,1
P00764,SK052,0.59,Beginner,1,0
P00764,SK045,0.79,Intermediate,2,1
P00764,SK046,0.68,Beginner,1,0
P00764,SK039,0.68,Intermediate,2,1
P00764,SK043,0.63,Beginner,1,0
P00765,SK044,0.67,Intermediate,2,1
P00765,SK052,0.67,Beginner,1,0
P00765,SK045,0.65,Intermediate,2,1
P00765,SK046,0.73,Beginner,1,0
P00765,SK039,0.65,Intermediate,2,1
P00765,SK043,0.72,Beginner,1,0
P00766,SK044,0.59,Intermediate,2,1
P00766,SK052,0.83,Beginner,1,0
P00766,SK041,0.62,Intermediate,2,1
P00766,SK040,0.83,Intermediate,2,1
P00766,SK045,0.74,Intermediate,2,1
P00766,SK039,0.79,Intermediate,2,1
P00767,SK044,0.58,Intermediate,2,1
P00767,SK052,0.61,Beginner,1,0
P00767,SK040,0.86,Intermediate,2,1
P00767,SK041,0.63,Intermediate,2,1
P00767,SK045,0.58,Intermediate,2,1
P00767,SK039,0.76,Intermediate,2,1
P00768,SK044,0.62,Intermediate,2,1
P00768,SK052,0.9,Beginner,1,0
P00768,SK041,0.76,Intermediate,2,1
P00768,SK040,0.72,Intermediate,2,1
P00768,SK045,0.57,Intermediate,2,1
P00768,SK039,0.91,Intermediate,2,1
P00769,SK044,0.59,Intermediate,2,1
P00769,SK052,0.9,Beginner,1,0
P00769,SK045,0.74,Intermediate,2,1
P00769,SK046,0.88,Beginner,1,0
P00769,SK047,0.73,Intermediate,2,1
P00769,SK054,0.62,Beginner,1,0
P00770,SK044,0.62,Intermediate,2,1
P00770,SK052,0.86,Beginner,1,0
P00770,SK045,0.71,Intermediate,2,1
P00770,SK046,0.89,Beginner,1,0
P00770,SK047,0.88,Intermediate,2,1
P00770,SK054,0.76,Beginner,1,0
P00771,SK044,0.91,Intermediate,2,1
P00771,SK052,0.65,Beginner,1,0
P00771,SK040,0.88,Intermediate,2,1
P00771,SK041,0.85,Intermediate,2,1
P00771,SK045,0.62,Intermediate,2,1
P00771,SK039,0.85,Intermediate,2,1
P00772,SK044,0.73,Intermediate,2,1
P00772,SK052,0.56,Beginner,1,0
P00772,SK041,0.74,Intermediate,2,1
P00772,SK040,0.79,Intermediate,2,1
P00772,SK045,0.78,Intermediate,2,1
P00772,SK039,0.87,Intermediate,2,1
P00773,SK044,0.79,Intermediate,2,1
P00773,SK052,0.83,Beginner,1,0
P00773,SK045,0.85,Intermediate,2,1
P00773,SK046,0.84,Beginner,1,0
P00773,SK039,0.72,Intermediate,2,1
P00773,SK043,0.76,Beginner,1,0
P00774,SK044,0.93,Intermediate,2,1
P00774,SK052,0.73,Beginner,1,0
P00774,SK040,0.7,Intermediate,2,1
P00774,SK046,0.79,Beginner,1,0
P00774,SK045,0.65,Intermediate,2,1
P00774,SK039,0.66,Intermediate,2,1
P00775,SK044,0.57,Intermediate,2,1
P00775,SK052,0.82,Beginner,1,0
P00775,SK040,0.66,Intermediate,2,1
P00775,SK046,0.61,Beginner,1,0
P00775,SK045,0.67,Intermediate,2,1
P00775,SK039,0.61,Intermediate,2,1
P00776,SK044,0.58,Intermediate,2,1
P00776,SK052,0.77,Beginner,1,0
P00776,SK040,0.63,Intermediate,2,1
P00776,SK041,0.86,Intermediate,2,1
P00776,SK045,0.58,Intermediate,2,1
P00776,SK039,0.9,Intermediate,2,1
P00777,SK044,0.59,Intermediate,2,1
P00777,SK052,0.77,Beginner,1,0
P00777,SK040,0.77,Intermediate,2,1
P00777,SK046,0.82,Beginner,1,0
P00777,SK045,0.73,Intermediate,2,1
P00777,SK039,0.73,Intermediate,2,1
P00778,SK044,0.88,Intermediate,2,1
P00778,SK052,0.77,Beginner,1,0
P00778,SK040,0.85,Intermediate,2,1
P00778,SK041,0.68,Intermediate,2,1
P00778,SK045,0.72,Intermediate,2,1
P00778,SK039,0.9,Intermediate,2,1
P00779,SK044,0.82,Intermediate,2,1
P00779,SK052,0.64,Beginner,1,0
P00779,SK040,0.56,Intermediate,2,1
P00779,SK041,0.69,Intermediate,2,1
P00779,SK045,0.93,Intermediate,2,1
P00779,SK039,0.58,Intermediate,2,1
P00780,SK044,0.84,Intermediate,2,1
P00780,SK052,0.62,Beginner,1,0
P00780,SK045,0.93,Intermediate,2,1
P00780,SK046,0.85,Beginner,1,0
P00780,SK039,0.91,Intermediate,2,1
P00780,SK043,0.76,Beginner,1,0
P00781,SK044,0.9,Intermediate,2,1
P00781,SK052,0.71,Beginner,1,0
P00781,SK040,0.94,Intermediate,2,1
P00781,SK041,0.8,Intermediate,2,1
P00781,SK045,0.57,Intermediate,2,1
P00781,SK039,0.62,Intermediate,2,1
P00782,SK044,0.59,Intermediate,2,1
P00782,SK052,0.61,Beginner,1,0
P00782,SK045,0.85,Intermediate,2,1
P00782,SK046,0.74,Beginner,1,0
P00782,SK039,0.9,Intermediate,2,1
P00782,SK043,0.65,Beginner,1,0
P00783,SK044,0.88,Intermediate,2,1
P00783,SK052,0.81,Beginner,1,0
P00783,SK040,0.78,Intermediate,2,1
P00783,SK046,0.55,Beginner,1,0
P00783,SK045,0.58,Intermediate,2,1
P00783,SK048,0.87,Beginner,1,0
P00784,SK044,0.59,Intermediate,2,1
P00784,SK052,0.73,Beginner,1,0
P00784,SK045,0.92,Intermediate,2,1
P00784,SK046,0.61,Beginner,1,0
P00784,SK047,0.72,Intermediate,2,1
P00784,SK054,0.7,Beginner,1,0
P00785,SK044,0.67,Intermediate,2,1
P00785,SK052,0.94,Beginner,1,0
P00785,SK041,0.58,Intermediate,2,1
P00785,SK040,0.65,Intermediate,2,1
P00785,SK045,0.63,Intermediate,2,1
P00785,SK039,0.9,Intermediate,2,1
P00786,SK044,0.84,Intermediate,2,1
P00786,SK052,0.63,Beginner,1,0
P00786,SK041,0.7,Intermediate,2,1
P00786,SK040,0.89,Intermediate,2,1
P00786,SK045,0.8,Intermediate,2,1
P00786,SK039,0.86,Intermediate,2,1
P00787,SK044,0.8,Intermediate,2,1
P00787,SK052,0.83,Beginner,1,0
P00787,SK045,0.6,Intermediate,2,1
P00787,SK046,0.87,Beginner,1,0
P00787,SK039,0.79,Intermediate,2,1
P00787,SK043,0.57,Beginner,1,0
P00788,SK044,0.87,Intermediate,2,1
P00788,SK052,0.67,Beginner,1,0
P00788,SK040,0.94,Intermediate,2,1
P00788,SK041,0.93,Intermediate,2,1
P00788,SK045,0.62,Intermediate,2,1
P00788,SK039,0.92,Intermediate,2,1
P00789,SK044,0.74,Intermediate,2,1
P00789,SK052,0.89,Beginner,1,0
P00789,SK041,0.78,Intermediate,2,1
P00789,SK040,0.66,Intermediate,2,1
P00789,SK045,0.93,Intermediate,2,1
P00789,SK039,0.6,Intermediate,2,1
P00790,SK044,0.57,Intermediate,2,1
P00790,SK052,0.71,Beginner,1,0
P00790,SK045,0.83,Intermediate,2,1
P00790,SK046,0.88,Beginner,1,0
P00790,SK039,0.61,Intermediate,2,1
P00790,SK043,0.94,Beginner,1,0
P00791,SK044,0.85,Intermediate,2,1
P00791,SK052,0.76,Beginner,1,0
P00791,SK040,0.62,Intermediate,2,1
P00791,SK046,0.74,Beginner,1,0
P00791,SK045,0.76,Intermediate,2,1
P00791,SK039,0.73,Intermediate,2,1
P00792,SK044,0.61,Intermediate,2,1
P00792,SK052,0.87,Beginner,1,0
P00792,SK045,0.69,Intermediate,2,1
P00792,SK046,0.66,Beginner,1,0
P00792,SK047,0.84,Intermediate,2,1
P00792,SK054,0.81,Beginner,1,0
P00793,SK044,0.59,Intermediate,2,1
P00793,SK052,0.72,Beginner,1,0
P00793,SK045,0.78,Intermediate,2,1
P00793,SK046,0.56,Beginner,1,0
P00793,SK039,0.83,Intermediate,2,1
P00793,SK043,0.7,Beginner,1,0
P00794,SK044,0.92,Intermediate,2,1
P00794,SK052,0.8,Beginner,1,0
P00794,SK040,0.62,Intermediate,2,1
P00794,SK041,0.6,Intermediate,2,1
P00794,SK045,0.93,Intermediate,2,1
P00794,SK039,0.85,Intermediate,2,1
P00795,SK044,0.76,Intermediate,2,1
P00795,SK052,0.78,Beginner,1,0
P00795,SK045,0.77,Intermediate,2,1
P00795,SK046,0.61,Beginner,1,0
P00795,SK039,0.82,Intermediate,2,1
P00795,SK043,0.6,Beginner,1,0
P00796,SK044,0.62,Intermediate,2,1
P00796,SK052,0.8,Beginner,1,0
P00796,SK040,0.58,Intermediate,2,1
P00796,SK046,0.72,Beginner,1,0
P00796,SK045,0.81,Intermediate,2,1
P00796,SK039,0.74,Intermediate,2,1
P00797,SK044,0.65,Intermediate,2,1
P00797,SK052,0.9,Beginner,1,0
P00797,SK041,0.91,Intermediate,2,1
P00797,SK040,0.67,Intermediate,2,1
P00797,SK045,0.73,Intermediate,2,1
P00797,SK039,0.6,Intermediate,2,1
P00798,SK044,0.6,Intermediate,2,1
P00798,SK052,0.86,Beginner,1,0
P00798,SK040,0.56,Intermediate,2,1
P00798,SK041,0.74,Intermediate,2,1
P00798,SK045,0.71,Intermediate,2,1
P00798,SK039,0.82,Intermediate,2,1
P00799,SK044,0.85,Intermediate,2,1
P00799,SK052,0.83,Beginner,1,0
P00799,SK040,0.89,Intermediate,2,1
P00799,SK046,0.65,Beginner,1,0
P00799,SK045,0.8,Intermediate,2,1
P00799,SK039,0.9,Intermediate,2,1
P00800,SK044,0.69,Intermediate,2,1
P00800,SK052,0.66,Beginner,1,0
P00800,SK040,0.89,Intermediate,2,1
P00800,SK041,0.85,Intermediate,2,1
P00800,SK045,0.78,Intermediate,2,1
P00800,SK039,0.58,Intermediate,2,1
P00801,SK044,0.82,Intermediate,2,1
P00801,SK052,0.69,Beginner,1,0
P00801,SK041,0.61,Intermediate,2,1
P00801,SK040,0.55,Intermediate,2,1
P00801,SK045,0.74,Intermediate,2,1
P00801,SK039,0.71,Intermediate,2,1
P00802,SK044,0.91,Intermediate,2,1
P00802,SK052,0.57,Beginner,1,0
P00802,SK045,0.88,Intermediate,2,1
P00802,SK046,0.88,Beginner,1,0
P00802,SK039,0.88,Intermediate,2,1
P00802,SK043,0.81,Beginner,1,0
P00803,SK044,0.91,Intermediate,2,1
P00803,SK052,0.7,Beginner,1,0
P00803,SK040,0.8,Intermediate,2,1
P00803,SK046,0.87,Beginner,1,0
P00803,SK045,0.62,Intermediate,2,1
P00803,SK039,0.58,Intermediate,2,1
P00804,SK044,0.78,Intermediate,2,1
P00804,SK052,0.75,Beginner,1,0
P00804,SK041,0.81,Intermediate,2,1
P00804,SK040,0.89,Intermediate,2,1
P00804,SK045,0.6,Intermediate,2,1
P00804,SK039,0.59,Intermediate,2,1
P00805,SK044,0.64,Intermediate,2,1
P00805,SK052,0.73,Beginner,1,0
P00805,SK041,0.76,Intermediate,2,1
P00805,SK040,0.78,Intermediate,2,1
P00805,SK045,0.63,Intermediate,2,1
P00805,SK039,0.94,Intermediate,2,1
P00806,SK044,0.55,Intermediate,2,1
P00806,SK052,0.6,Beginner,1,0
P00806,SK040,0.93,Intermediate,2,1
P00806,SK041,0.75,Intermediate,2,1
P00806,SK045,0.66,Intermediate,2,1
P00806,SK039,0.67,Intermediate,2,1
P00807,SK044,0.91,Intermediate,2,1
P00807,SK052,0.67,Beginner,1,0
P00807,SK045,0.79,Intermediate,2,1
P00807,SK046,0.85,Beginner,1,0
P00807,SK039,0.6,Intermediate,2,1
P00807,SK043,0.73,Beginner,1,0
P00808,SK044,0.65,Intermediate,2,1
P00808,SK052,0.77,Beginner,1,0
P00808,SK041,0.62,Intermediate,2,1
P00808,SK040,0.7,Intermediate,2,1
P00808,SK045,0.78,Intermediate,2,1
P00808,SK039,0.61,Intermediate,2,1
P00809,SK044,0.87,Intermediate,2,1
P00809,SK052,0.79,Beginner,1,0
P00809,SK040,0.64,Intermediate,2,1
P00809,SK041,0.6,Intermediate,2,1
P00809,SK045,0.92,Intermediate,2,1
P00809,SK048,0.93,Beginner,1,0
P00810,SK044,0.65,Intermediate,2,1
P00810,SK052,0.62,Beginner,1,0
P00810,SK041,0.76,Intermediate,2,1
P00810,SK040,0.58,Intermediate,2,1
P00810,SK045,0.71,Intermediate,2,1
P00810,SK039,0.64,Intermediate,2,1
P00811,SK044,0.86,Intermediate,2,1
P00811,SK052,0.77,Beginner,1,0
P00811,SK040,0.8,Intermediate,2,1
P00811,SK046,0.9,Beginner,1,0
P00811,SK045,0.61,Intermediate,2,1
P00811,SK039,0.9,Intermediate,2,1
P00812,SK044,0.94,Intermediate,2,1
P00812,SK052,0.83,Beginner,1,0
P00812,SK041,0.75,Intermediate,2,1
P00812,SK040,0.64,Intermediate,2,1
P00812,SK045,0.94,Intermediate,2,1
P00812,SK039,0.72,Intermediate,2,1
P00813,SK044,0.73,Intermediate,2,1
P00813,SK052,0.77,Beginner,1,0
P00813,SK040,0.94,Intermediate,2,1
P00813,SK046,0.68,Beginner,1,0
P00813,SK045,0.88,Intermediate,2,1
P00813,SK039,0.62,Intermediate,2,1
P00814,SK044,0.57,Intermediate,2,1
P00814,SK052,0.88,Beginner,1,0
P00814,SK045,0.64,Intermediate,2,1
P00814,SK046,0.68,Beginner,1,0
P00814,SK039,0.91,Intermediate,2,1
P00814,SK043,0.78,Beginner,1,0
P00815,SK044,0.9,Intermediate,2,1
P00815,SK052,0.57,Beginner,1,0
P00815,SK041,0.7,Intermediate,2,1
P00815,SK040,0.86,Intermediate,2,1
P00815,SK045,0.75,Intermediate,2,1
P00815,SK039,0.58,Intermediate,2,1
P00816,SK044,0.58,Intermediate,2,1
P00816,SK052,0.91,Beginner,1,0
P00816,SK045,0.89,Intermediate,2,1
P00816,SK046,0.79,Beginner,1,0
P00816,SK039,0.88,Intermediate,2,1
P00816,SK043,0.59,Beginner,1,0
P00817,SK044,0.81,Intermediate,2,1
P00817,SK052,0.83,Beginner,1,0
P00817,SK041,0.74,Intermediate,2,1
P00817,SK040,0.57,Intermediate,2,1
P00817,SK045,0.62,Intermediate,2,1
P00817,SK039,0.69,Intermediate,2,1
P00818,SK044,0.72,Intermediate,2,1
P00818,SK052,0.59,Beginner,1,0
P00818,SK045,0.61,Intermediate,2,1
P00818,SK046,0.78,Beginner,1,0
P00818,SK039,0.91,Intermediate,2,1
P00818,SK043,0.58,Beginner,1,0
P00819,SK044,0.55,Intermediate,2,1
P00819,SK052,0.79,Beginner,1,0
P00819,SK040,0.84,Intermediate,2,1
P00819,SK046,0.89,Beginner,1,0
P00819,SK045,0.79,Intermediate,2,1
P00819,SK039,0.6,Intermediate,2,1
P00820,SK044,0.67,Intermediate,2,1
P00820,SK052,0.85,Beginner,1,0
P00820,SK041,0.62,Intermediate,2,1
P00820,SK040,0.79,Intermediate,2,1
P00820,SK045,0.73,Intermediate,2,1
P00820,SK039,0.58,Intermediate,2,1
P00821,SK044,0.7,Intermediate,2,1
P00821,SK052,0.59,Beginner,1,0
P00821,SK040,0.82,Intermediate,2,1
P00821,SK041,0.89,Intermediate,2,1
P00821,SK045,0.75,Intermediate,2,1
P00821,SK039,0.61,Intermediate,2,1
P00822,SK044,0.56,Intermediate,2,1
P00822,SK052,0.56,Beginner,1,0
P00822,SK041,0.68,Intermediate,2,1
P00822,SK040,0.69,Intermediate,2,1
P00822,SK045,0.59,Intermediate,2,1
P00822,SK039,0.57,Intermediate,2,1
P00823,SK044,0.91,Intermediate,2,1
P00823,SK052,0.63,Beginner,1,0
P00823,SK045,0.6,Intermediate,2,1
P00823,SK046,0.68,Beginner,1,0
P00823,SK048,0.67,Beginner,1,0
P00823,SK049,0.64,Intermediate,2,1
P00824,SK044,0.86,Intermediate,2,1
P00824,SK052,0.63,Beginner,1,0
P00824,SK041,0.66,Intermediate,2,1
P00824,SK040,0.72,Intermediate,2,1
P00824,SK045,0.59,Intermediate,2,1
P00824,SK039,0.89,Intermediate,2,1
P00825,SK044,0.71,Intermediate,2,1
P00825,SK052,0.6,Beginner,1,0
P00825,SK040,0.64,Intermediate,2,1
P00825,SK046,0.75,Beginner,1,0
P00825,SK045,0.61,Intermediate,2,1
P00825,SK039,0.91,Intermediate,2,1
P00826,SK044,0.55,Intermediate,2,1
P00826,SK052,0.63,Beginner,1,0
P00826,SK040,0.83,Intermediate,2,1
P00826,SK041,0.94,Intermediate,2,1
P00826,SK045,0.94,Intermediate,2,1
P00826,SK039,0.67,Intermediate,2,1
P00827,SK044,0.79,Intermediate,2,1
P00827,SK052,0.94,Beginner,1,0
P00827,SK041,0.77,Intermediate,2,1
P00827,SK040,0.86,Intermediate,2,1
P00827,SK045,0.86,Intermediate,2,1
P00827,SK039,0.83,Intermediate,2,1
P00828,SK044,0.58,Intermediate,2,1
P00828,SK052,0.74,Beginner,1,0
P00828,SK040,0.78,Intermediate,2,1
P00828,SK041,0.85,Intermediate,2,1
P00828,SK045,0.85,Intermediate,2,1
P00828,SK039,0.9,Intermediate,2,1
P00829,SK044,0.59,Intermediate,2,1
P00829,SK052,0.6,Beginner,1,0
P00829,SK040,0.82,Intermediate,2,1
P00829,SK041,0.64,Intermediate,2,1
P00829,SK045,0.81,Intermediate,2,1
P00829,SK039,0.72,Intermediate,2,1
P00830,SK044,0.78,Intermediate,2,1
P00830,SK052,0.71,Beginner,1,0
P00830,SK041,0.94,Intermediate,2,1
P00830,SK040,0.91,Intermediate,2,1
P00830,SK045,0.88,Intermediate,2,1
P00830,SK039,0.89,Intermediate,2,1
P00831,SK044,0.68,Intermediate,2,1
P00831,SK052,0.87,Beginner,1,0
P00831,SK040,0.55,Intermediate,2,1
P00831,SK041,0.65,Intermediate,2,1
P00831,SK045,0.89,Intermediate,2,1
P00831,SK047,0.91,Intermediate,2,1
P00832,SK044,0.75,Intermediate,2,1
P00832,SK052,0.82,Beginner,1,0
P00832,SK041,0.7,Intermediate,2,1
P00832,SK040,0.67,Intermediate,2,1
P00832,SK045,0.59,Intermediate,2,1
P00832,SK039,0.79,Intermediate,2,1
P00833,SK044,0.82,Intermediate,2,1
P00833,SK052,0.89,Beginner,1,0
P00833,SK040,0.64,Intermediate,2,1
P00833,SK046,0.68,Beginner,1,0
P00833,SK045,0.56,Intermediate,2,1
P00833,SK039,0.73,Intermediate,2,1
P00834,SK044,0.55,Intermediate,2,1
P00834,SK052,0.81,Beginner,1,0
P00834,SK041,0.87,Intermediate,2,1
P00834,SK040,0.85,Intermediate,2,1
P00834,SK045,0.58,Intermediate,2,1
P00834,SK039,0.71,Intermediate,2,1
P00835,SK044,0.88,Intermediate,2,1
P00835,SK052,0.67,Beginner,1,0
P00835,SK041,0.72,Intermediate,2,1
P00835,SK040,0.8,Intermediate,2,1
P00835,SK045,0.81,Intermediate,2,1
P00835,SK039,0.91,Intermediate,2,1
P00836,SK044,0.77,Intermediate,2,1
P00836,SK052,0.83,Beginner,1,0
P00836,SK040,0.73,Intermediate,2,1
P00836,SK046,0.65,Beginner,1,0
P00836,SK045,0.68,Intermediate,2,1
P00836,SK039,0.57,Intermediate,2,1
P00837,SK044,0.55,Intermediate,2,1
P00837,SK052,0.72,Beginner,1,0
P00837,SK041,0.72,Intermediate,2,1
P00837,SK040,0.57,Intermediate,2,1
P00837,SK045,0.79,Intermediate,2,1
P00837,SK039,0.67,Intermediate,2,1
P00838,SK044,0.78,Intermediate,2,1
P00838,SK052,0.68,Beginner,1,0
P00838,SK041,0.7,Intermediate,2,1
P00838,SK040,0.91,Intermediate,2,1
P00838,SK045,0.78,Intermediate,2,1
P00838,SK039,0.86,Intermediate,2,1
P00839,SK044,0.89,Intermediate,2,1
P00839,SK052,0.55,Beginner,1,0
P00839,SK040,0.94,Intermediate,2,1
P00839,SK046,0.63,Beginner,1,0
P00839,SK045,0.9,Intermediate,2,1
P00839,SK039,0.79,Intermediate,2,1
P00840,SK044,0.57,Intermediate,2,1
P00840,SK052,0.55,Beginner,1,0
P00840,SK045,0.83,Intermediate,2,1
P00840,SK046,0.75,Beginner,1,0
P00840,SK039,0.7,Intermediate,2,1
P00840,SK043,0.62,Beginner,1,0
P00841,SK044,0.86,Intermediate,2,1
P00841,SK052,0.83,Beginner,1,0
P00841,SK040,0.93,Intermediate,2,1
P00841,SK046,0.92,Beginner,1,0
P00841,SK045,0.72,Intermediate,2,1
P00841,SK039,0.83,Intermediate,2,1
P00842,SK044,0.79,Intermediate,2,1
P00842,SK052,0.83,Beginner,1,0
P00842,SK045,0.58,Intermediate,2,1
P00842,SK046,0.94,Beginner,1,0
P00842,SK039,0.72,Intermediate,2,1
P00842,SK043,0.61,Beginner,1,0
P00843,SK044,0.56,Intermediate,2,1
P00843,SK052,0.72,Beginner,1,0
P00843,SK040,0.75,Intermediate,2,1
P00843,SK041,0.56,Intermediate,2,1
P00843,SK045,0.56,Intermediate,2,1
P00843,SK039,0.8,Intermediate,2,1
P00844,SK044,0.63,Intermediate,2,1
P00844,SK052,0.77,Beginner,1,0
P00844,SK041,0.62,Intermediate,2,1
P00844,SK040,0.59,Intermediate,2,1
P00844,SK045,0.91,Intermediate,2,1
P00844,SK039,0.57,Intermediate,2,1
P00845,SK044,0.7,Intermediate,2,1
P00845,SK052,0.75,Beginner,1,0
P00845,SK040,0.89,Intermediate,2,1
P00845,SK041,0.75,Intermediate,2,1
P00845,SK045,0.65,Intermediate,2,1
P00845,SK039,0.66,Intermediate,2,1
P00846,SK044,0.79,Intermediate,2,1
P00846,SK052,0.66,Beginner,1,0
P00846,SK040,0.65,Intermediate,2,1
P00846,SK041,0.73,Intermediate,2,1
P00846,SK045,0.71,Intermediate,2,1
P00846,SK039,0.8,Intermediate,2,1
P00847,SK044,0.64,Intermediate,2,1
P00847,SK052,0.82,Beginner,1,0
P00847,SK045,0.6,Intermediate,2,1
P00847,SK046,0.78,Beginner,1,0
P00847,SK039,0.55,Intermediate,2,1
P00847,SK043,0.64,Beginner,1,0
P00848,SK044,0.89,Intermediate,2,1
P00848,SK052,0.94,Beginner,1,0
P00848,SK040,0.61,Intermediate,2,1
P00848,SK046,0.81,Beginner,1,0
P00848,SK045,0.75,Intermediate,2,1
P00848,SK039,0.66,Intermediate,2,1
P00849,SK044,0.79,Intermediate,2,1
P00849,SK052,0.73,Beginner,1,0
P00849,SK040,0.71,Intermediate,2,1
P00849,SK046,0.87,Beginner,1,0
P00849,SK045,0.77,Intermediate,2,1
P00849,SK039,0.76,Intermediate,2,1
P00850,SK044,0.63,Intermediate,2,1
P00850,SK052,0.89,Beginner,1,0
P00850,SK045,0.83,Intermediate,2,1
P00850,SK046,0.64,Beginner,1,0
P00850,SK039,0.78,Intermediate,2,1
P00850,SK043,0.69,Beginner,1,0
P00851,SK044,0.59,Intermediate,2,1
P00851,SK052,0.55,Beginner,1,0
P00851,SK040,0.59,Intermediate,2,1
P00851,SK041,0.83,Intermediate,2,1
P00851,SK045,0.89,Intermediate,2,1
P00851,SK048,0.87,Beginner,1,0
P00852,SK044,0.9,Intermediate,2,1
P00852,SK052,0.75,Beginner,1,0
P00852,SK041,0.84,Intermediate,2,1
P00852,SK040,0.83,Intermediate,2,1
P00852,SK045,0.62,Intermediate,2,1
P00852,SK039,0.76,Intermediate,2,1
P00853,SK044,0.76,Intermediate,2,1
P00853,SK052,0.67,Beginner,1,0
P00853,SK045,0.87,Intermediate,2,1
P00853,SK046,0.71,Beginner,1,0
P00853,SK039,0.59,Intermediate,2,1
P00853,SK043,0.7,Beginner,1,0
P00854,SK044,0.67,Intermediate,2,1
P00854,SK052,0.7,Beginner,1,0
P00854,SK041,0.81,Intermediate,2,1
P00854,SK040,0.63,Intermediate,2,1
P00854,SK045,0.58,Intermediate,2,1
P00854,SK039,0.62,Intermediate,2,1
P00855,SK044,0.7,Intermediate,2,1
P00855,SK052,0.88,Beginner,1,0
P00855,SK040,0.73,Intermediate,2,1
P00855,SK046,0.88,Beginner,1,0
P00855,SK045,0.56,Intermediate,2,1
P00855,SK039,0.85,Intermediate,2,1
P00856,SK044,0.88,Intermediate,2,1
P00856,SK052,0.71,Beginner,1,0
P00856,SK040,0.56,Intermediate,2,1
P00856,SK046,0.67,Beginner,1,0
P00856,SK045,0.61,Intermediate,2,1
P00856,SK039,0.58,Intermediate,2,1
P00857,SK044,0.84,Intermediate,2,1
P00857,SK052,0.93,Beginner,1,0
P00857,SK040,0.93,Intermediate,2,1
P00857,SK041,0.81,Intermediate,2,1
P00857,SK045,0.7,Intermediate,2,1
P00857,SK039,0.85,Intermediate,2,1
P00858,SK044,0.66,Intermediate,2,1
P00858,SK052,0.94,Beginner,1,0
P00858,SK045,0.81,Intermediate,2,1
P00858,SK046,0.63,Beginner,1,0
P00858,SK039,0.74,Intermediate,2,1
P00858,SK043,0.72,Beginner,1,0
P00859,SK044,0.77,Intermediate,2,1
P00859,SK052,0.87,Beginner,1,0
P00859,SK045,0.91,Intermediate,2,1
P00859,SK046,0.55,Beginner,1,0
P00859,SK039,0.63,Intermediate,2,1
P00859,SK043,0.93,Beginner,1,0
P00860,SK044,0.84,Intermediate,2,1
P00860,SK052,0.55,Beginner,1,0
P00860,SK040,0.92,Intermediate,2,1
P00860,SK041,0.88,Intermediate,2,1
P00860,SK045,0.7,Intermediate,2,1
P00860,SK039,0.56,Intermediate,2,1
P00861,SK044,0.62,Intermediate,2,1
P00861,SK052,0.73,Beginner,1,0
P00861,SK040,0.62,Intermediate,2,1
P00861,SK041,0.94,Intermediate,2,1
P00861,SK045,0.84,Intermediate,2,1
P00861,SK039,0.59,Intermediate,2,1
P00862,SK044,0.85,Intermediate,2,1
P00862,SK052,0.59,Beginner,1,0
P00862,SK041,0.94,Intermediate,2,1
P00862,SK040,0.84,Intermediate,2,1
P00862,SK045,0.87,Intermediate,2,1
P00862,SK049,0.85,Intermediate,2,1
P00863,SK044,0.71,Intermediate,2,1
P00863,SK052,0.89,Beginner,1,0
P00863,SK040,0.62,Intermediate,2,1
P00863,SK046,0.83,Beginner,1,0
P00863,SK045,0.56,Intermediate,2,1
P00863,SK039,0.83,Intermediate,2,1
P00864,SK044,0.55,Intermediate,2,1
P00864,SK052,0.59,Beginner,1,0
P00864,SK040,0.87,Intermediate,2,1
P00864,SK041,0.7,Intermediate,2,1
P00864,SK045,0.67,Intermediate,2,1
P00864,SK039,0.9,Intermediate,2,1
P00865,SK044,0.8,Intermediate,2,1
P00865,SK052,0.72,Beginner,1,0
P00865,SK045,0.57,Intermediate,2,1
P00865,SK046,0.94,Beginner,1,0
P00865,SK039,0.83,Intermediate,2,1
P00865,SK043,0.76,Beginner,1,0
P00866,SK044,0.71,Intermediate,2,1
P00866,SK052,0.64,Beginner,1,0
P00866,SK041,0.77,Intermediate,2,1
P00866,SK040,0.87,Intermediate,2,1
P00866,SK045,0.91,Intermediate,2,1
P00866,SK039,0.72,Intermediate,2,1
P00867,SK044,0.62,Intermediate,2,1
P00867,SK052,0.57,Beginner,1,0
P00867,SK045,0.78,Intermediate,2,1
P00867,SK046,0.88,Beginner,1,0
P00867,SK039,0.86,Intermediate,2,1
P00867,SK043,0.68,Beginner,1,0
P00868,SK044,0.77,Intermediate,2,1
P00868,SK052,0.91,Beginner,1,0
P00868,SK045,0.94,Intermediate,2,1
P00868,SK046,0.87,Beginner,1,0
P00868,SK039,0.76,Intermediate,2,1
P00868,SK043,0.72,Beginner,1,0
P00869,SK044,0.73,Intermediate,2,1
P00869,SK052,0.72,Beginner,1,0
P00869,SK040,0.87,Intermediate,2,1
P00869,SK046,0.78,Beginner,1,0
P00869,SK045,0.89,Intermediate,2,1
P00869,SK039,0.68,Intermediate,2,1
P00870,SK044,0.57,Intermediate,2,1
P00870,SK052,0.93,Beginner,1,0
P00870,SK041,0.87,Intermediate,2,1
P00870,SK040,0.93,Intermediate,2,1
P00870,SK045,0.59,Intermediate,2,1
P00870,SK039,0.66,Intermediate,2,1
P00871,SK044,0.88,Intermediate,2,1
P00871,SK052,0.83,Beginner,1,0
P00871,SK045,0.92,Intermediate,2,1
P00871,SK046,0.56,Beginner,1,0
P00871,SK039,0.93,Intermediate,2,1
P00871,SK043,0.84,Beginner,1,0
P00872,SK044,0.65,Intermediate,2,1
P00872,SK052,0.62,Beginner,1,0
P00872,SK040,0.61,Intermediate,2,1
P00872,SK041,0.81,Intermediate,2,1
P00872,SK045,0.63,Intermediate,2,1
P00872,SK039,0.79,Intermediate,2,1
P00873,SK044,0.64,Intermediate,2,1
P00873,SK052,0.73,Beginner,1,0
P00873,SK040,0.65,Intermediate,2,1
P00873,SK041,0.73,Intermediate,2,1
P00873,SK045,0.63,Intermediate,2,1
P00874,SK044,0.62,Intermediate,2,1
P00874,SK052,0.64,Beginner,1,0
P00874,SK040,0.65,Intermediate,2,1
P00874,SK046,0.84,Beginner,1,0
P00874,SK045,0.67,Intermediate,2,1
P00874,SK039,0.91,Intermediate,2,1
P00875,SK044,0.71,Intermediate,2,1
P00875,SK052,0.55,Beginner,1,0
P00875,SK041,0.79,Intermediate,2,1
P00875,SK040,0.72,Intermediate,2,1
P00875,SK045,0.65,Intermediate,2,1
P00875,SK039,0.7,Intermediate,2,1
P00876,SK044,0.85,Intermediate,2,1
P00876,SK052,0.78,Beginner,1,0
P00876,SK040,0.66,Intermediate,2,1
P00876,SK041,0.7,Intermediate,2,1
P00876,SK045,0.87,Intermediate,2,1
P00876,SK039,0.6,Intermediate,2,1
P00877,SK044,0.56,Intermediate,2,1
P00877,SK052,0.72,Beginner,1,0
P00877,SK045,0.69,Intermediate,2,1
P00877,SK046,0.68,Beginner,1,0
P00877,SK039,0.75,Intermediate,2,1
P00877,SK043,0.58,Beginner,1,0
P00878,SK044,0.74,Intermediate,2,1
P00878,SK052,0.58,Beginner,1,0
P00878,SK040,0.63,Intermediate,2,1
P00878,SK041,0.71,Intermediate,2,1
P00878,SK045,0.67,Intermediate,2,1
P00878,SK039,0.69,Intermediate,2,1
P00879,SK044,0.77,Intermediate,2,1
P00879,SK052,0.6,Beginner,1,0
P00879,SK041,0.69,Intermediate,2,1
P00879,SK040,0.86,Intermediate,2,1
P00879,SK045,0.64,Intermediate,2,1
P00879,SK047,0.6,Intermediate,2,1
P00880,SK044,0.94,Intermediate,2,1
P00880,SK052,0.58,Beginner,1,0
P00880,SK040,0.94,Intermediate,2,1
P00880,SK046,0.73,Beginner,1,0
P00880,SK045,0.57,Intermediate,2,1
P00880,SK039,0.91,Intermediate,2,1
P00881,SK044,0.62,Intermediate,2,1
P00881,SK052,0.81,Beginner,1,0
P00881,SK040,0.81,Intermediate,2,1
P00881,SK041,0.78,Intermediate,2,1
P00881,SK045,0.89,Intermediate,2,1
P00881,SK039,0.55,Intermediate,2,1
P00882,SK044,0.68,Intermediate,2,1
P00882,SK052,0.89,Beginner,1,0
P00882,SK040,0.61,Intermediate,2,1
P00882,SK041,0.76,Intermediate,2,1
P00882,SK045,0.86,Intermediate,2,1
P00882,SK039,0.6,Intermediate,2,1
P00883,SK044,0.65,Intermediate,2,1
P00883,SK052,0.58,Beginner,1,0
P00883,SK040,0.68,Intermediate,2,1
P00883,SK046,0.85,Beginner,1,0
P00883,SK045,0.89,Intermediate,2,1
P00883,SK039,0.63,Intermediate,2,1
P00884,SK044,0.89,Intermediate,2,1
P00884,SK052,0.92,Beginner,1,0
P00884,SK045,0.86,Intermediate,2,1
P00884,SK046,0.75,Beginner,1,0
P00884,SK039,0.57,Intermediate,2,1
P00884,SK043,0.67,Beginner,1,0
P00885,SK044,0.66,Intermediate,2,1
P00885,SK052,0.72,Beginner,1,0
P00885,SK041,0.86,Intermediate,2,1
P00885,SK040,0.84,Intermediate,2,1
P00885,SK045,0.9,Intermediate,2,1
P00885,SK039,0.72,Intermediate,2,1
P00886,SK044,0.61,Intermediate,2,1
P00886,SK052,0.86,Beginner,1,0
P00886,SK040,0.75,Intermediate,2,1
P00886,SK041,0.8,Intermediate,2,1
P00886,SK045,0.8,Intermediate,2,1
P00886,SK039,0.62,Intermediate,2,1
P00887,SK044,0.73,Intermediate,2,1
P00887,SK052,0.84,Beginner,1,0
P00887,SK045,0.94,Intermediate,2,1
P00887,SK046,0.65,Beginner,1,0
P00887,SK039,0.8,Intermediate,2,1
P00887,SK043,0.91,Beginner,1,0
P00888,SK044,0.58,Intermediate,2,1
P00888,SK052,0.73,Beginner,1,0
P00888,SK045,0.73,Intermediate,2,1
P00888,SK046,0.7,Beginner,1,0
P00888,SK039,0.91,Intermediate,2,1
P00888,SK043,0.6,Beginner,1,0
P00889,SK044,0.6,Intermediate,2,1
P00889,SK052,0.64,Beginner,1,0
P00889,SK045,0.8,Intermediate,2,1
P00889,SK046,0.91,Beginner,1,0
P00889,SK039,0.6,Intermediate,2,1
P00889,SK043,0.78,Beginner,1,0
P00890,SK044,0.58,Intermediate,2,1
P00890,SK052,0.63,Beginner,1,0
P00890,SK045,0.82,Intermediate,2,1
P00890,SK046,0.84,Beginner,1,0
P00890,SK039,0.89,Intermediate,2,1
P00890,SK043,0.85,Beginner,1,0
P00891,SK044,0.74,Intermediate,2,1
P00891,SK052,0.7,Beginner,1,0
P00891,SK045,0.63,Intermediate,2,1
P00891,SK046,0.93,Beginner,1,0
P00891,SK039,0.85,Intermediate,2,1
P00891,SK043,0.92,Beginner,1,0
P00892,SK044,0.7,Intermediate,2,1
P00892,SK052,0.63,Beginner,1,0
P00892,SK040,0.65,Intermediate,2,1
P00892,SK041,0.61,Intermediate,2,1
P00892,SK045,0.73,Intermediate,2,1
P00892,SK039,0.76,Intermediate,2,1
P00893,SK044,0.94,Intermediate,2,1
P00893,SK052,0.85,Beginner,1,0
P00893,SK045,0.72,Intermediate,2,1
P00893,SK046,0.68,Beginner,1,0
P00893,SK039,0.7,Intermediate,2,1
P00893,SK043,0.71,Beginner,1,0
P00894,SK044,0.91,Intermediate,2,1
P00894,SK052,0.84,Beginner,1,0
P00894,SK040,0.65,Intermediate,2,1
P00894,SK041,0.56,Intermediate,2,1
P00894,SK045,0.82,Intermediate,2,1
P00894,SK039,0.91,Intermediate,2,1
P00895,SK044,0.78,Intermediate,2,1
P00895,SK052,0.77,Beginner,1,0
P00895,SK045,0.93,Intermediate,2,1
P00895,SK046,0.67,Beginner,1,0
P00895,SK039,0.77,Intermediate,2,1
P00895,SK043,0.67,Beginner,1,0
P00896,SK044,0.9,Intermediate,2,1
P00896,SK052,0.63,Beginner,1,0
P00896,SK045,0.72,Intermediate,2,1
P00896,SK046,0.8,Beginner,1,0
P00896,SK039,0.64,Intermediate,2,1
P00896,SK043,0.69,Beginner,1,0
P00897,SK044,0.8,Intermediate,2,1
P00897,SK052,0.94,Beginner,1,0
P00897,SK040,0.79,Intermediate,2,1
P00897,SK046,0.66,Beginner,1,0
P00897,SK045,0.56,Intermediate,2,1
P00897,SK039,0.74,Intermediate,2,1
P00898,SK044,0.7,Intermediate,2,1
P00898,SK052,0.7,Beginner,1,0
P00898,SK040,0.65,Intermediate,2,1
P00898,SK041,0.76,Intermediate,2,1
P00898,SK045,0.86,Intermediate,2,1
P00898,SK039,0.65,Intermediate,2,1
P00899,SK044,0.73,Intermediate,2,1
P00899,SK052,0.72,Beginner,1,0
P00899,SK045,0.76,Intermediate,2,1
P00899,SK046,0.56,Beginner,1,0
P00899,SK039,0.72,Intermediate,2,1
P00899,SK043,0.75,Beginner,1,0
P00900,SK044,0.68,Intermediate,2,1
P00900,SK052,0.7,Beginner,1,0
P00900,SK040,0.81,Intermediate,2,1
P00900,SK041,0.9,Intermediate,2,1
P00900,SK045,0.78,Intermediate,2,1
P00900,SK039,0.68,Intermediate,2,1
